`torch_dtype` is deprecated! Use `dtype` instead!
modname,:methods.complex_utils.complex_v3
Loading model ...
/data/xjh/model_weight/llama/llama2-7b
Loading checkpoint shards:   0%|          | 0/2 [00:00<?, ?it/s]Loading checkpoint shards: 100%|██████████| 2/2 [00:00<00:00, 23.95it/s]
Model loaded.
model LlamaForCausalLM(
  (model): LlamaModel(
    (embed_tokens): Embedding(32000, 4096)
    (layers): ModuleList(
      (0-31): 32 x LlamaDecoderLayer(
        (self_attn): LlamaAttention(
          (q_proj): Linear(in_features=4096, out_features=4096, bias=False)
          (k_proj): Linear(in_features=4096, out_features=4096, bias=False)
          (v_proj): Linear(in_features=4096, out_features=4096, bias=False)
          (o_proj): Linear(in_features=4096, out_features=4096, bias=False)
        )
        (mlp): LlamaMLP(
          (gate_proj): Linear(in_features=4096, out_features=11008, bias=False)
          (up_proj): Linear(in_features=4096, out_features=11008, bias=False)
          (down_proj): Linear(in_features=11008, out_features=4096, bias=False)
          (act_fn): SiLUActivation()
        )
        (input_layernorm): LlamaRMSNorm((4096,), eps=1e-05)
        (post_attention_layernorm): LlamaRMSNorm((4096,), eps=1e-05)
      )
    )
    (norm): LlamaRMSNorm((4096,), eps=1e-05)
    (rotary_emb): LlamaRotaryEmbedding()
  )
  (lm_head): Linear(in_features=4096, out_features=32000, bias=False)
)
xjh_edit,load from local file:/data/xjh/dataset/c4_part,get c4
Starting ...
model name----------- /data/xjh/model_weight/llama/llama2-7b
Llama model detected.
Ready.
0 self_attn.q_proj
Quantizing ...
使用blocksize: 128进行量化
angle bits: 3
SVD 量化时间: 0.0697 秒
cluster: 2
group_size: 128
cluster Quantizing weight with shape: torch.Size([1024, 128])
cluster: 2
group_size: 128
cluster Quantizing weight with shape: torch.Size([1024, 128])
SVD 奇异值量化时间: 3.1071 秒
angle bits: 3
SVD 量化时间: 0.0185 秒
cluster: 2
group_size: 128
cluster Quantizing weight with shape: torch.Size([1024, 128])
cluster: 2
group_size: 128
cluster Quantizing weight with shape: torch.Size([1024, 128])
SVD 奇异值量化时间: 4.5349 秒
angle bits: 3
SVD 量化时间: 0.0184 秒
cluster: 2
group_size: 128
cluster Quantizing weight with shape: torch.Size([1024, 128])
cluster: 2
group_size: 128
cluster Quantizing weight with shape: torch.Size([1024, 128])
SVD 奇异值量化时间: 3.0008 秒
angle bits: 3
SVD 量化时间: 0.0183 秒
cluster: 2
group_size: 128
cluster Quantizing weight with shape: torch.Size([1024, 128])
cluster: 2
group_size: 128
cluster Quantizing weight with shape: torch.Size([1024, 128])
SVD 奇异值量化时间: 3.1933 秒
angle bits: 3
SVD 量化时间: 0.0184 秒
cluster: 2
group_size: 128
cluster Quantizing weight with shape: torch.Size([1024, 128])
cluster: 2
group_size: 128
cluster Quantizing weight with shape: torch.Size([1024, 128])
SVD 奇异值量化时间: 3.2058 秒
angle bits: 3
SVD 量化时间: 0.0208 秒
cluster: 2
group_size: 128
cluster Quantizing weight with shape: torch.Size([1024, 128])
cluster: 2
group_size: 128
cluster Quantizing weight with shape: torch.Size([1024, 128])
SVD 奇异值量化时间: 3.0592 秒
angle bits: 3
SVD 量化时间: 0.0180 秒
cluster: 2
group_size: 128
cluster Quantizing weight with shape: torch.Size([1024, 128])
cluster: 2
group_size: 128
cluster Quantizing weight with shape: torch.Size([1024, 128])
SVD 奇异值量化时间: 2.7592 秒
angle bits: 3
SVD 量化时间: 0.0190 秒
cluster: 2
group_size: 128
cluster Quantizing weight with shape: torch.Size([1024, 128])
cluster: 2
group_size: 128
cluster Quantizing weight with shape: torch.Size([1024, 128])
SVD 奇异值量化时间: 2.6516 秒
angle bits: 3
SVD 量化时间: 0.0184 秒
cluster: 2
group_size: 128
cluster Quantizing weight with shape: torch.Size([1024, 128])
cluster: 2
group_size: 128
cluster Quantizing weight with shape: torch.Size([1024, 128])
SVD 奇异值量化时间: 2.6974 秒
angle bits: 3
SVD 量化时间: 0.0182 秒
cluster: 2
group_size: 128
cluster Quantizing weight with shape: torch.Size([1024, 128])
cluster: 2
group_size: 128
cluster Quantizing weight with shape: torch.Size([1024, 128])
SVD 奇异值量化时间: 3.0033 秒
angle bits: 3
SVD 量化时间: 0.0181 秒
cluster: 2
group_size: 128
cluster Quantizing weight with shape: torch.Size([1024, 128])
cluster: 2
group_size: 128
cluster Quantizing weight with shape: torch.Size([1024, 128])
SVD 奇异值量化时间: 3.0895 秒
angle bits: 3
SVD 量化时间: 0.0180 秒
cluster: 2
group_size: 128
cluster Quantizing weight with shape: torch.Size([1024, 128])
cluster: 2
group_size: 128
cluster Quantizing weight with shape: torch.Size([1024, 128])
SVD 奇异值量化时间: 3.0192 秒
angle bits: 3
SVD 量化时间: 0.0179 秒
cluster: 2
group_size: 128
cluster Quantizing weight with shape: torch.Size([1024, 128])
cluster: 2
group_size: 128
cluster Quantizing weight with shape: torch.Size([1024, 128])
SVD 奇异值量化时间: 3.0866 秒
angle bits: 3
SVD 量化时间: 0.0181 秒
cluster: 2
group_size: 128
cluster Quantizing weight with shape: torch.Size([1024, 128])
cluster: 2
group_size: 128
cluster Quantizing weight with shape: torch.Size([1024, 128])
SVD 奇异值量化时间: 4.4760 秒
angle bits: 3
SVD 量化时间: 0.0183 秒
cluster: 2
group_size: 128
cluster Quantizing weight with shape: torch.Size([1024, 128])
cluster: 2
group_size: 128
cluster Quantizing weight with shape: torch.Size([1024, 128])
SVD 奇异值量化时间: 3.0408 秒
angle bits: 3
SVD 量化时间: 0.0179 秒
cluster: 2
group_size: 128
cluster Quantizing weight with shape: torch.Size([1024, 128])
cluster: 2
group_size: 128
cluster Quantizing weight with shape: torch.Size([1024, 128])
SVD 奇异值量化时间: 3.1885 秒
angle bits: 3
SVD 量化时间: 0.0180 秒
cluster: 2
group_size: 128
cluster Quantizing weight with shape: torch.Size([1024, 128])
cluster: 2
group_size: 128
cluster Quantizing weight with shape: torch.Size([1024, 128])
SVD 奇异值量化时间: 3.1957 秒
angle bits: 3
SVD 量化时间: 0.0179 秒
cluster: 2
group_size: 128
cluster Quantizing weight with shape: torch.Size([1024, 128])
cluster: 2
group_size: 128
cluster Quantizing weight with shape: torch.Size([1024, 128])
SVD 奇异值量化时间: 3.0811 秒
angle bits: 3
SVD 量化时间: 0.0223 秒
cluster: 2
group_size: 128
cluster Quantizing weight with shape: torch.Size([1024, 128])
cluster: 2
group_size: 128
cluster Quantizing weight with shape: torch.Size([1024, 128])
SVD 奇异值量化时间: 2.7834 秒
angle bits: 3
SVD 量化时间: 0.0187 秒
cluster: 2
group_size: 128
cluster Quantizing weight with shape: torch.Size([1024, 128])
cluster: 2
group_size: 128
cluster Quantizing weight with shape: torch.Size([1024, 128])
SVD 奇异值量化时间: 2.7019 秒
angle bits: 3
SVD 量化时间: 0.0188 秒
cluster: 2
group_size: 128
cluster Quantizing weight with shape: torch.Size([1024, 128])
cluster: 2
group_size: 128
cluster Quantizing weight with shape: torch.Size([1024, 128])
SVD 奇异值量化时间: 2.7896 秒
angle bits: 3
SVD 量化时间: 0.0186 秒
cluster: 2
group_size: 128
cluster Quantizing weight with shape: torch.Size([1024, 128])
cluster: 2
group_size: 128
cluster Quantizing weight with shape: torch.Size([1024, 128])
SVD 奇异值量化时间: 3.0556 秒
angle bits: 3
SVD 量化时间: 0.0183 秒
cluster: 2
group_size: 128
cluster Quantizing weight with shape: torch.Size([1024, 128])
cluster: 2
group_size: 128
cluster Quantizing weight with shape: torch.Size([1024, 128])
SVD 奇异值量化时间: 3.0689 秒
angle bits: 3
SVD 量化时间: 0.0178 秒
cluster: 2
group_size: 128
cluster Quantizing weight with shape: torch.Size([1024, 128])
cluster: 2
group_size: 128
cluster Quantizing weight with shape: torch.Size([1024, 128])
SVD 奇异值量化时间: 3.0509 秒
angle bits: 3
SVD 量化时间: 0.0178 秒
cluster: 2
group_size: 128
cluster Quantizing weight with shape: torch.Size([1024, 128])
cluster: 2
group_size: 128
cluster Quantizing weight with shape: torch.Size([1024, 128])
SVD 奇异值量化时间: 3.0434 秒
angle bits: 3
SVD 量化时间: 0.0179 秒
cluster: 2
group_size: 128
cluster Quantizing weight with shape: torch.Size([1024, 128])
cluster: 2
group_size: 128
cluster Quantizing weight with shape: torch.Size([1024, 128])
SVD 奇异值量化时间: 4.4699 秒
angle bits: 3
SVD 量化时间: 0.0181 秒
cluster: 2
group_size: 128
cluster Quantizing weight with shape: torch.Size([1024, 128])
cluster: 2
group_size: 128
cluster Quantizing weight with shape: torch.Size([1024, 128])
SVD 奇异值量化时间: 3.0476 秒
angle bits: 3
SVD 量化时间: 0.0173 秒
cluster: 2
group_size: 128
cluster Quantizing weight with shape: torch.Size([1024, 128])
cluster: 2
group_size: 128
cluster Quantizing weight with shape: torch.Size([1024, 128])
SVD 奇异值量化时间: 3.1721 秒
angle bits: 3
SVD 量化时间: 0.0177 秒
cluster: 2
group_size: 128
cluster Quantizing weight with shape: torch.Size([1024, 128])
cluster: 2
group_size: 128
cluster Quantizing weight with shape: torch.Size([1024, 128])
SVD 奇异值量化时间: 3.2094 秒
angle bits: 3
SVD 量化时间: 0.0183 秒
cluster: 2
group_size: 128
cluster Quantizing weight with shape: torch.Size([1024, 128])
cluster: 2
group_size: 128
cluster Quantizing weight with shape: torch.Size([1024, 128])
SVD 奇异值量化时间: 3.0454 秒
angle bits: 3
SVD 量化时间: 0.0176 秒
cluster: 2
group_size: 128
cluster Quantizing weight with shape: torch.Size([1024, 128])
cluster: 2
group_size: 128
cluster Quantizing weight with shape: torch.Size([1024, 128])
SVD 奇异值量化时间: 2.8375 秒
angle bits: 3
SVD 量化时间: 0.0187 秒
cluster: 2
group_size: 128
cluster Quantizing weight with shape: torch.Size([1024, 128])
cluster: 2
group_size: 128
cluster Quantizing weight with shape: torch.Size([1024, 128])
SVD 奇异值量化时间: 2.6892 秒
0 self_attn.k_proj
Quantizing ...
使用blocksize: 128进行量化
angle bits: 3
SVD 量化时间: 0.0207 秒
cluster: 2
group_size: 128
cluster Quantizing weight with shape: torch.Size([1024, 128])
cluster: 2
group_size: 128
cluster Quantizing weight with shape: torch.Size([1024, 128])
SVD 奇异值量化时间: 2.7622 秒
angle bits: 3
SVD 量化时间: 0.0194 秒
cluster: 2
group_size: 128
cluster Quantizing weight with shape: torch.Size([1024, 128])
cluster: 2
group_size: 128
cluster Quantizing weight with shape: torch.Size([1024, 128])
SVD 奇异值量化时间: 2.9649 秒
angle bits: 3
SVD 量化时间: 0.0183 秒
cluster: 2
group_size: 128
cluster Quantizing weight with shape: torch.Size([1024, 128])
cluster: 2
group_size: 128
cluster Quantizing weight with shape: torch.Size([1024, 128])
SVD 奇异值量化时间: 3.0529 秒
angle bits: 3
SVD 量化时间: 0.0186 秒
cluster: 2
group_size: 128
cluster Quantizing weight with shape: torch.Size([1024, 128])
cluster: 2
group_size: 128
cluster Quantizing weight with shape: torch.Size([1024, 128])
SVD 奇异值量化时间: 3.0654 秒
angle bits: 3
SVD 量化时间: 0.0184 秒
cluster: 2
group_size: 128
cluster Quantizing weight with shape: torch.Size([1024, 128])
cluster: 2
group_size: 128
cluster Quantizing weight with shape: torch.Size([1024, 128])
SVD 奇异值量化时间: 3.0708 秒
angle bits: 3
SVD 量化时间: 0.0184 秒
cluster: 2
group_size: 128
cluster Quantizing weight with shape: torch.Size([1024, 128])
cluster: 2
group_size: 128
cluster Quantizing weight with shape: torch.Size([1024, 128])
SVD 奇异值量化时间: 4.5061 秒
angle bits: 3
SVD 量化时间: 0.0183 秒
cluster: 2
group_size: 128
cluster Quantizing weight with shape: torch.Size([1024, 128])
cluster: 2
group_size: 128
cluster Quantizing weight with shape: torch.Size([1024, 128])
SVD 奇异值量化时间: 3.0662 秒
angle bits: 3
SVD 量化时间: 0.0193 秒
cluster: 2
group_size: 128
cluster Quantizing weight with shape: torch.Size([1024, 128])
cluster: 2
group_size: 128
cluster Quantizing weight with shape: torch.Size([1024, 128])
SVD 奇异值量化时间: 3.2010 秒
angle bits: 3
SVD 量化时间: 0.0183 秒
cluster: 2
group_size: 128
cluster Quantizing weight with shape: torch.Size([1024, 128])
cluster: 2
group_size: 128
cluster Quantizing weight with shape: torch.Size([1024, 128])
SVD 奇异值量化时间: 3.1899 秒
angle bits: 3
SVD 量化时间: 0.0181 秒
cluster: 2
group_size: 128
cluster Quantizing weight with shape: torch.Size([1024, 128])
cluster: 2
group_size: 128
cluster Quantizing weight with shape: torch.Size([1024, 128])
SVD 奇异值量化时间: 3.0578 秒
angle bits: 3
SVD 量化时间: 0.0181 秒
cluster: 2
group_size: 128
cluster Quantizing weight with shape: torch.Size([1024, 128])
cluster: 2
group_size: 128
cluster Quantizing weight with shape: torch.Size([1024, 128])
SVD 奇异值量化时间: 2.8000 秒
angle bits: 3
SVD 量化时间: 0.0303 秒
cluster: 2
group_size: 128
cluster Quantizing weight with shape: torch.Size([1024, 128])
cluster: 2
group_size: 128
cluster Quantizing weight with shape: torch.Size([1024, 128])
SVD 奇异值量化时间: 2.7532 秒
angle bits: 3
SVD 量化时间: 0.0187 秒
cluster: 2
group_size: 128
cluster Quantizing weight with shape: torch.Size([1024, 128])
cluster: 2
group_size: 128
cluster Quantizing weight with shape: torch.Size([1024, 128])
SVD 奇异值量化时间: 2.7192 秒
angle bits: 3
SVD 量化时间: 0.0188 秒
cluster: 2
group_size: 128
cluster Quantizing weight with shape: torch.Size([1024, 128])
cluster: 2
group_size: 128
cluster Quantizing weight with shape: torch.Size([1024, 128])
SVD 奇异值量化时间: 3.0187 秒
angle bits: 3
SVD 量化时间: 0.0183 秒
cluster: 2
group_size: 128
cluster Quantizing weight with shape: torch.Size([1024, 128])
cluster: 2
group_size: 128
cluster Quantizing weight with shape: torch.Size([1024, 128])
SVD 奇异值量化时间: 3.0626 秒
angle bits: 3
SVD 量化时间: 0.0179 秒
cluster: 2
group_size: 128
cluster Quantizing weight with shape: torch.Size([1024, 128])
cluster: 2
group_size: 128
cluster Quantizing weight with shape: torch.Size([1024, 128])
SVD 奇异值量化时间: 3.0667 秒
angle bits: 3
SVD 量化时间: 0.0180 秒
cluster: 2
group_size: 128
cluster Quantizing weight with shape: torch.Size([1024, 128])
cluster: 2
group_size: 128
cluster Quantizing weight with shape: torch.Size([1024, 128])
SVD 奇异值量化时间: 3.0653 秒
angle bits: 3
SVD 量化时间: 0.0182 秒
cluster: 2
group_size: 128
cluster Quantizing weight with shape: torch.Size([1024, 128])
cluster: 2
group_size: 128
cluster Quantizing weight with shape: torch.Size([1024, 128])
SVD 奇异值量化时间: 4.4914 秒
angle bits: 3
SVD 量化时间: 0.0181 秒
cluster: 2
group_size: 128
cluster Quantizing weight with shape: torch.Size([1024, 128])
cluster: 2
group_size: 128
cluster Quantizing weight with shape: torch.Size([1024, 128])
SVD 奇异值量化时间: 3.0415 秒
angle bits: 3
SVD 量化时间: 0.0179 秒
cluster: 2
group_size: 128
cluster Quantizing weight with shape: torch.Size([1024, 128])
cluster: 2
group_size: 128
cluster Quantizing weight with shape: torch.Size([1024, 128])
SVD 奇异值量化时间: 3.1676 秒
angle bits: 3
SVD 量化时间: 0.0180 秒
cluster: 2
group_size: 128
cluster Quantizing weight with shape: torch.Size([1024, 128])
cluster: 2
group_size: 128
cluster Quantizing weight with shape: torch.Size([1024, 128])
SVD 奇异值量化时间: 3.2032 秒
angle bits: 3
SVD 量化时间: 0.0179 秒
cluster: 2
group_size: 128
cluster Quantizing weight with shape: torch.Size([1024, 128])
cluster: 2
group_size: 128
cluster Quantizing weight with shape: torch.Size([1024, 128])
SVD 奇异值量化时间: 3.0604 秒
angle bits: 3
SVD 量化时间: 0.0180 秒
cluster: 2
group_size: 128
cluster Quantizing weight with shape: torch.Size([1024, 128])
cluster: 2
group_size: 128
cluster Quantizing weight with shape: torch.Size([1024, 128])
SVD 奇异值量化时间: 2.8047 秒
angle bits: 3
SVD 量化时间: 0.0187 秒
cluster: 2
group_size: 128
cluster Quantizing weight with shape: torch.Size([1024, 128])
cluster: 2
group_size: 128
cluster Quantizing weight with shape: torch.Size([1024, 128])
SVD 奇异值量化时间: 2.6770 秒
angle bits: 3
SVD 量化时间: 0.0186 秒
cluster: 2
group_size: 128
cluster Quantizing weight with shape: torch.Size([1024, 128])
cluster: 2
group_size: 128
cluster Quantizing weight with shape: torch.Size([1024, 128])
SVD 奇异值量化时间: 2.7040 秒
angle bits: 3
SVD 量化时间: 0.0186 秒
cluster: 2
group_size: 128
cluster Quantizing weight with shape: torch.Size([1024, 128])
cluster: 2
group_size: 128
cluster Quantizing weight with shape: torch.Size([1024, 128])
SVD 奇异值量化时间: 2.9260 秒
angle bits: 3
SVD 量化时间: 0.0180 秒
cluster: 2
group_size: 128
cluster Quantizing weight with shape: torch.Size([1024, 128])
cluster: 2
group_size: 128
cluster Quantizing weight with shape: torch.Size([1024, 128])
SVD 奇异值量化时间: 3.0863 秒
angle bits: 3
SVD 量化时间: 0.0174 秒
cluster: 2
group_size: 128
cluster Quantizing weight with shape: torch.Size([1024, 128])
cluster: 2
group_size: 128
cluster Quantizing weight with shape: torch.Size([1024, 128])
SVD 奇异值量化时间: 3.0450 秒
angle bits: 3
SVD 量化时间: 0.0179 秒
cluster: 2
group_size: 128
cluster Quantizing weight with shape: torch.Size([1024, 128])
cluster: 2
group_size: 128
cluster Quantizing weight with shape: torch.Size([1024, 128])
SVD 奇异值量化时间: 3.0710 秒
angle bits: 3
SVD 量化时间: 0.0177 秒
cluster: 2
group_size: 128
cluster Quantizing weight with shape: torch.Size([1024, 128])
cluster: 2
group_size: 128
cluster Quantizing weight with shape: torch.Size([1024, 128])
SVD 奇异值量化时间: 3.1895 秒
angle bits: 3
SVD 量化时间: 0.0517 秒
cluster: 2
group_size: 128
cluster Quantizing weight with shape: torch.Size([1024, 128])
cluster: 2
group_size: 128
cluster Quantizing weight with shape: torch.Size([1024, 128])
SVD 奇异值量化时间: 4.4007 秒
angle bits: 3
SVD 量化时间: 0.0179 秒
cluster: 2
group_size: 128
cluster Quantizing weight with shape: torch.Size([1024, 128])
cluster: 2
group_size: 128
cluster Quantizing weight with shape: torch.Size([1024, 128])
SVD 奇异值量化时间: 3.1730 秒
0 self_attn.v_proj
Quantizing ...
使用blocksize: 128进行量化
angle bits: 3
SVD 量化时间: 0.0157 秒
cluster: 2
group_size: 128
cluster Quantizing weight with shape: torch.Size([1024, 128])
cluster: 2
group_size: 128
cluster Quantizing weight with shape: torch.Size([1024, 128])
SVD 奇异值量化时间: 3.1930 秒
angle bits: 3
SVD 量化时间: 0.0173 秒
cluster: 2
group_size: 128
cluster Quantizing weight with shape: torch.Size([1024, 128])
cluster: 2
group_size: 128
cluster Quantizing weight with shape: torch.Size([1024, 128])
SVD 奇异值量化时间: 3.1226 秒
angle bits: 3
SVD 量化时间: 0.0248 秒
cluster: 2
group_size: 128
cluster Quantizing weight with shape: torch.Size([1024, 128])
cluster: 2
group_size: 128
cluster Quantizing weight with shape: torch.Size([1024, 128])
SVD 奇异值量化时间: 2.9314 秒
angle bits: 3
SVD 量化时间: 0.0215 秒
cluster: 2
group_size: 128
cluster Quantizing weight with shape: torch.Size([1024, 128])
cluster: 2
group_size: 128
cluster Quantizing weight with shape: torch.Size([1024, 128])
SVD 奇异值量化时间: 2.7573 秒
angle bits: 3
SVD 量化时间: 0.0201 秒
cluster: 2
group_size: 128
cluster Quantizing weight with shape: torch.Size([1024, 128])
cluster: 2
group_size: 128
cluster Quantizing weight with shape: torch.Size([1024, 128])
SVD 奇异值量化时间: 2.7030 秒
angle bits: 3
SVD 量化时间: 0.0189 秒
cluster: 2
group_size: 128
cluster Quantizing weight with shape: torch.Size([1024, 128])
cluster: 2
group_size: 128
cluster Quantizing weight with shape: torch.Size([1024, 128])
SVD 奇异值量化时间: 2.8669 秒
angle bits: 3
SVD 量化时间: 0.0182 秒
cluster: 2
group_size: 128
cluster Quantizing weight with shape: torch.Size([1024, 128])
cluster: 2
group_size: 128
cluster Quantizing weight with shape: torch.Size([1024, 128])
SVD 奇异值量化时间: 3.0719 秒
angle bits: 3
SVD 量化时间: 0.0182 秒
cluster: 2
group_size: 128
cluster Quantizing weight with shape: torch.Size([1024, 128])
cluster: 2
group_size: 128
cluster Quantizing weight with shape: torch.Size([1024, 128])
SVD 奇异值量化时间: 3.1051 秒
angle bits: 3
SVD 量化时间: 0.0183 秒
cluster: 2
group_size: 128
cluster Quantizing weight with shape: torch.Size([1024, 128])
cluster: 2
group_size: 128
cluster Quantizing weight with shape: torch.Size([1024, 128])
SVD 奇异值量化时间: 3.0900 秒
angle bits: 3
SVD 量化时间: 0.0182 秒
cluster: 2
group_size: 128
cluster Quantizing weight with shape: torch.Size([1024, 128])
cluster: 2
group_size: 128
cluster Quantizing weight with shape: torch.Size([1024, 128])
SVD 奇异值量化时间: 3.2715 秒
angle bits: 3
SVD 量化时间: 0.0536 秒
cluster: 2
group_size: 128
cluster Quantizing weight with shape: torch.Size([1024, 128])
cluster: 2
group_size: 128
cluster Quantizing weight with shape: torch.Size([1024, 128])
SVD 奇异值量化时间: 4.3926 秒
angle bits: 3
SVD 量化时间: 0.0170 秒
cluster: 2
group_size: 128
cluster Quantizing weight with shape: torch.Size([1024, 128])
cluster: 2
group_size: 128
cluster Quantizing weight with shape: torch.Size([1024, 128])
SVD 奇异值量化时间: 3.1549 秒
angle bits: 3
SVD 量化时间: 0.0180 秒
cluster: 2
group_size: 128
cluster Quantizing weight with shape: torch.Size([1024, 128])
cluster: 2
group_size: 128
cluster Quantizing weight with shape: torch.Size([1024, 128])
SVD 奇异值量化时间: 3.2082 秒
angle bits: 3
SVD 量化时间: 0.0178 秒
cluster: 2
group_size: 128
cluster Quantizing weight with shape: torch.Size([1024, 128])
cluster: 2
group_size: 128
cluster Quantizing weight with shape: torch.Size([1024, 128])
SVD 奇异值量化时间: 3.0714 秒
angle bits: 3
SVD 量化时间: 0.0179 秒
cluster: 2
group_size: 128
cluster Quantizing weight with shape: torch.Size([1024, 128])
cluster: 2
group_size: 128
cluster Quantizing weight with shape: torch.Size([1024, 128])
SVD 奇异值量化时间: 2.7881 秒
angle bits: 3
SVD 量化时间: 0.0185 秒
cluster: 2
group_size: 128
cluster Quantizing weight with shape: torch.Size([1024, 128])
cluster: 2
group_size: 128
cluster Quantizing weight with shape: torch.Size([1024, 128])
SVD 奇异值量化时间: 2.6830 秒
angle bits: 3
SVD 量化时间: 0.0186 秒
cluster: 2
group_size: 128
cluster Quantizing weight with shape: torch.Size([1024, 128])
cluster: 2
group_size: 128
cluster Quantizing weight with shape: torch.Size([1024, 128])
SVD 奇异值量化时间: 2.6720 秒
angle bits: 3
SVD 量化时间: 0.0185 秒
cluster: 2
group_size: 128
cluster Quantizing weight with shape: torch.Size([1024, 128])
cluster: 2
group_size: 128
cluster Quantizing weight with shape: torch.Size([1024, 128])
SVD 奇异值量化时间: 2.9356 秒
angle bits: 3
SVD 量化时间: 0.0178 秒
cluster: 2
group_size: 128
cluster Quantizing weight with shape: torch.Size([1024, 128])
cluster: 2
group_size: 128
cluster Quantizing weight with shape: torch.Size([1024, 128])
SVD 奇异值量化时间: 3.2182 秒
angle bits: 3
SVD 量化时间: 0.0180 秒
cluster: 2
group_size: 128
cluster Quantizing weight with shape: torch.Size([1024, 128])
cluster: 2
group_size: 128
cluster Quantizing weight with shape: torch.Size([1024, 128])
SVD 奇异值量化时间: 3.0768 秒
angle bits: 3
SVD 量化时间: 0.0178 秒
cluster: 2
group_size: 128
cluster Quantizing weight with shape: torch.Size([1024, 128])
cluster: 2
group_size: 128
cluster Quantizing weight with shape: torch.Size([1024, 128])
SVD 奇异值量化时间: 3.0621 秒
angle bits: 3
SVD 量化时间: 0.0179 秒
cluster: 2
group_size: 128
cluster Quantizing weight with shape: torch.Size([1024, 128])
cluster: 2
group_size: 128
cluster Quantizing weight with shape: torch.Size([1024, 128])
SVD 奇异值量化时间: 4.5043 秒
angle bits: 3
SVD 量化时间: 0.0178 秒
cluster: 2
group_size: 128
cluster Quantizing weight with shape: torch.Size([1024, 128])
cluster: 2
group_size: 128
cluster Quantizing weight with shape: torch.Size([1024, 128])
SVD 奇异值量化时间: 3.0870 秒
angle bits: 3
SVD 量化时间: 0.0173 秒
cluster: 2
group_size: 128
cluster Quantizing weight with shape: torch.Size([1024, 128])
cluster: 2
group_size: 128
cluster Quantizing weight with shape: torch.Size([1024, 128])
SVD 奇异值量化时间: 3.1522 秒
angle bits: 3
SVD 量化时间: 0.0177 秒
cluster: 2
group_size: 128
cluster Quantizing weight with shape: torch.Size([1024, 128])
cluster: 2
group_size: 128
cluster Quantizing weight with shape: torch.Size([1024, 128])
SVD 奇异值量化时间: 3.1719 秒
angle bits: 3
SVD 量化时间: 0.0175 秒
cluster: 2
group_size: 128
cluster Quantizing weight with shape: torch.Size([1024, 128])
cluster: 2
group_size: 128
cluster Quantizing weight with shape: torch.Size([1024, 128])
SVD 奇异值量化时间: 3.0716 秒
angle bits: 3
SVD 量化时间: 0.0252 秒
cluster: 2
group_size: 128
cluster Quantizing weight with shape: torch.Size([1024, 128])
cluster: 2
group_size: 128
cluster Quantizing weight with shape: torch.Size([1024, 128])
SVD 奇异值量化时间: 2.8351 秒
angle bits: 3
SVD 量化时间: 0.0183 秒
cluster: 2
group_size: 128
cluster Quantizing weight with shape: torch.Size([1024, 128])
cluster: 2
group_size: 128
cluster Quantizing weight with shape: torch.Size([1024, 128])
SVD 奇异值量化时间: 2.6819 秒
angle bits: 3
SVD 量化时间: 0.0179 秒
cluster: 2
group_size: 128
cluster Quantizing weight with shape: torch.Size([1024, 128])
cluster: 2
group_size: 128
cluster Quantizing weight with shape: torch.Size([1024, 128])
SVD 奇异值量化时间: 2.6993 秒
angle bits: 3
SVD 量化时间: 0.0180 秒
cluster: 2
group_size: 128
cluster Quantizing weight with shape: torch.Size([1024, 128])
cluster: 2
group_size: 128
cluster Quantizing weight with shape: torch.Size([1024, 128])
SVD 奇异值量化时间: 2.8996 秒
angle bits: 3
SVD 量化时间: 0.0176 秒
cluster: 2
group_size: 128
cluster Quantizing weight with shape: torch.Size([1024, 128])
cluster: 2
group_size: 128
cluster Quantizing weight with shape: torch.Size([1024, 128])
SVD 奇异值量化时间: 3.0582 秒
angle bits: 3
SVD 量化时间: 0.0176 秒
cluster: 2
group_size: 128
cluster Quantizing weight with shape: torch.Size([1024, 128])
cluster: 2
group_size: 128
cluster Quantizing weight with shape: torch.Size([1024, 128])
SVD 奇异值量化时间: 3.0656 秒
0 self_attn.o_proj
Quantizing ...
使用blocksize: 128进行量化
angle bits: 3
SVD 量化时间: 0.0155 秒
cluster: 2
group_size: 128
cluster Quantizing weight with shape: torch.Size([1024, 128])
cluster: 2
group_size: 128
cluster Quantizing weight with shape: torch.Size([1024, 128])
SVD 奇异值量化时间: 3.0581 秒
angle bits: 3
SVD 量化时间: 0.0173 秒
cluster: 2
group_size: 128
cluster Quantizing weight with shape: torch.Size([1024, 128])
cluster: 2
group_size: 128
cluster Quantizing weight with shape: torch.Size([1024, 128])
SVD 奇异值量化时间: 3.0648 秒
angle bits: 3
SVD 量化时间: 0.0182 秒
cluster: 2
group_size: 128
cluster Quantizing weight with shape: torch.Size([1024, 128])
cluster: 2
group_size: 128
cluster Quantizing weight with shape: torch.Size([1024, 128])
SVD 奇异值量化时间: 4.4825 秒
angle bits: 3
SVD 量化时间: 0.0191 秒
cluster: 2
group_size: 128
cluster Quantizing weight with shape: torch.Size([1024, 128])
cluster: 2
group_size: 128
cluster Quantizing weight with shape: torch.Size([1024, 128])
SVD 奇异值量化时间: 3.1556 秒
angle bits: 3
SVD 量化时间: 0.0180 秒
cluster: 2
group_size: 128
cluster Quantizing weight with shape: torch.Size([1024, 128])
cluster: 2
group_size: 128
cluster Quantizing weight with shape: torch.Size([1024, 128])
SVD 奇异值量化时间: 3.2054 秒
angle bits: 3
SVD 量化时间: 0.0256 秒
cluster: 2
group_size: 128
cluster Quantizing weight with shape: torch.Size([1024, 128])
cluster: 2
group_size: 128
cluster Quantizing weight with shape: torch.Size([1024, 128])
SVD 奇异值量化时间: 3.1076 秒
angle bits: 3
SVD 量化时间: 0.0236 秒
cluster: 2
group_size: 128
cluster Quantizing weight with shape: torch.Size([1024, 128])
cluster: 2
group_size: 128
cluster Quantizing weight with shape: torch.Size([1024, 128])
SVD 奇异值量化时间: 2.8305 秒
angle bits: 3
SVD 量化时间: 0.0186 秒
cluster: 2
group_size: 128
cluster Quantizing weight with shape: torch.Size([1024, 128])
cluster: 2
group_size: 128
cluster Quantizing weight with shape: torch.Size([1024, 128])
SVD 奇异值量化时间: 2.6918 秒
angle bits: 3
SVD 量化时间: 0.0264 秒
cluster: 2
group_size: 128
cluster Quantizing weight with shape: torch.Size([1024, 128])
cluster: 2
group_size: 128
cluster Quantizing weight with shape: torch.Size([1024, 128])
SVD 奇异值量化时间: 2.6584 秒
angle bits: 3
SVD 量化时间: 0.0186 秒
cluster: 2
group_size: 128
cluster Quantizing weight with shape: torch.Size([1024, 128])
cluster: 2
group_size: 128
cluster Quantizing weight with shape: torch.Size([1024, 128])
SVD 奇异值量化时间: 2.8964 秒
angle bits: 3
SVD 量化时间: 0.0181 秒
cluster: 2
group_size: 128
cluster Quantizing weight with shape: torch.Size([1024, 128])
cluster: 2
group_size: 128
cluster Quantizing weight with shape: torch.Size([1024, 128])
SVD 奇异值量化时间: 3.0914 秒
angle bits: 3
SVD 量化时间: 0.0181 秒
cluster: 2
group_size: 128
cluster Quantizing weight with shape: torch.Size([1024, 128])
cluster: 2
group_size: 128
cluster Quantizing weight with shape: torch.Size([1024, 128])
SVD 奇异值量化时间: 3.0461 秒
angle bits: 3
SVD 量化时间: 0.0178 秒
cluster: 2
group_size: 128
cluster Quantizing weight with shape: torch.Size([1024, 128])
cluster: 2
group_size: 128
cluster Quantizing weight with shape: torch.Size([1024, 128])
SVD 奇异值量化时间: 3.0558 秒
angle bits: 3
SVD 量化时间: 0.0217 秒
cluster: 2
group_size: 128
cluster Quantizing weight with shape: torch.Size([1024, 128])
cluster: 2
group_size: 128
cluster Quantizing weight with shape: torch.Size([1024, 128])
SVD 奇异值量化时间: 3.0997 秒
angle bits: 3
SVD 量化时间: 0.0179 秒
cluster: 2
group_size: 128
cluster Quantizing weight with shape: torch.Size([1024, 128])
cluster: 2
group_size: 128
cluster Quantizing weight with shape: torch.Size([1024, 128])
SVD 奇异值量化时间: 4.4300 秒
angle bits: 3
SVD 量化时间: 0.0176 秒
cluster: 2
group_size: 128
cluster Quantizing weight with shape: torch.Size([1024, 128])
cluster: 2
group_size: 128
cluster Quantizing weight with shape: torch.Size([1024, 128])
SVD 奇异值量化时间: 3.1157 秒
angle bits: 3
SVD 量化时间: 0.0177 秒
cluster: 2
group_size: 128
cluster Quantizing weight with shape: torch.Size([1024, 128])
cluster: 2
group_size: 128
cluster Quantizing weight with shape: torch.Size([1024, 128])
SVD 奇异值量化时间: 3.1800 秒
angle bits: 3
SVD 量化时间: 0.0182 秒
cluster: 2
group_size: 128
cluster Quantizing weight with shape: torch.Size([1024, 128])
cluster: 2
group_size: 128
cluster Quantizing weight with shape: torch.Size([1024, 128])
SVD 奇异值量化时间: 3.1108 秒
angle bits: 3
SVD 量化时间: 0.0183 秒
cluster: 2
group_size: 128
cluster Quantizing weight with shape: torch.Size([1024, 128])
cluster: 2
group_size: 128
cluster Quantizing weight with shape: torch.Size([1024, 128])
SVD 奇异值量化时间: 2.8821 秒
angle bits: 3
SVD 量化时间: 0.0184 秒
cluster: 2
group_size: 128
cluster Quantizing weight with shape: torch.Size([1024, 128])
cluster: 2
group_size: 128
cluster Quantizing weight with shape: torch.Size([1024, 128])
SVD 奇异值量化时间: 2.7004 秒
angle bits: 3
SVD 量化时间: 0.0307 秒
cluster: 2
group_size: 128
cluster Quantizing weight with shape: torch.Size([1024, 128])
cluster: 2
group_size: 128
cluster Quantizing weight with shape: torch.Size([1024, 128])
SVD 奇异值量化时间: 2.6731 秒
angle bits: 3
SVD 量化时间: 0.0318 秒
cluster: 2
group_size: 128
cluster Quantizing weight with shape: torch.Size([1024, 128])
cluster: 2
group_size: 128
cluster Quantizing weight with shape: torch.Size([1024, 128])
SVD 奇异值量化时间: 2.8206 秒
angle bits: 3
SVD 量化时间: 0.0178 秒
cluster: 2
group_size: 128
cluster Quantizing weight with shape: torch.Size([1024, 128])
cluster: 2
group_size: 128
cluster Quantizing weight with shape: torch.Size([1024, 128])
SVD 奇异值量化时间: 3.0972 秒
angle bits: 3
SVD 量化时间: 0.0170 秒
cluster: 2
group_size: 128
cluster Quantizing weight with shape: torch.Size([1024, 128])
cluster: 2
group_size: 128
cluster Quantizing weight with shape: torch.Size([1024, 128])
SVD 奇异值量化时间: 3.0674 秒
angle bits: 3
SVD 量化时间: 0.0179 秒
cluster: 2
group_size: 128
cluster Quantizing weight with shape: torch.Size([1024, 128])
cluster: 2
group_size: 128
cluster Quantizing weight with shape: torch.Size([1024, 128])
SVD 奇异值量化时间: 3.0735 秒
angle bits: 3
SVD 量化时间: 0.0175 秒
cluster: 2
group_size: 128
cluster Quantizing weight with shape: torch.Size([1024, 128])
cluster: 2
group_size: 128
cluster Quantizing weight with shape: torch.Size([1024, 128])
SVD 奇异值量化时间: 3.0818 秒
angle bits: 3
SVD 量化时间: 0.0175 秒
cluster: 2
group_size: 128
cluster Quantizing weight with shape: torch.Size([1024, 128])
cluster: 2
group_size: 128
cluster Quantizing weight with shape: torch.Size([1024, 128])
SVD 奇异值量化时间: 4.5104 秒
angle bits: 3
SVD 量化时间: 0.0166 秒
cluster: 2
group_size: 128
cluster Quantizing weight with shape: torch.Size([1024, 128])
cluster: 2
group_size: 128
cluster Quantizing weight with shape: torch.Size([1024, 128])
SVD 奇异值量化时间: 3.1352 秒
angle bits: 3
SVD 量化时间: 0.0176 秒
cluster: 2
group_size: 128
cluster Quantizing weight with shape: torch.Size([1024, 128])
cluster: 2
group_size: 128
cluster Quantizing weight with shape: torch.Size([1024, 128])
SVD 奇异值量化时间: 3.1940 秒
angle bits: 3
SVD 量化时间: 0.0174 秒
cluster: 2
group_size: 128
cluster Quantizing weight with shape: torch.Size([1024, 128])
cluster: 2
group_size: 128
cluster Quantizing weight with shape: torch.Size([1024, 128])
SVD 奇异值量化时间: 3.1210 秒
angle bits: 3
SVD 量化时间: 0.0175 秒
cluster: 2
group_size: 128
cluster Quantizing weight with shape: torch.Size([1024, 128])
cluster: 2
group_size: 128
cluster Quantizing weight with shape: torch.Size([1024, 128])
SVD 奇异值量化时间: 2.9164 秒
angle bits: 3
SVD 量化时间: 0.0177 秒
cluster: 2
group_size: 128
cluster Quantizing weight with shape: torch.Size([1024, 128])
cluster: 2
group_size: 128
cluster Quantizing weight with shape: torch.Size([1024, 128])
SVD 奇异值量化时间: 2.7070 秒
0 mlp.gate_proj
Quantizing ...
使用blocksize: 128进行量化
angle bits: 3
SVD 量化时间: 0.0403 秒
cluster: 2
group_size: 128
cluster Quantizing weight with shape: torch.Size([2752, 128])
cluster: 2
group_size: 128
cluster Quantizing weight with shape: torch.Size([2752, 128])
SVD 奇异值量化时间: 7.6521 秒
angle bits: 3
SVD 量化时间: 0.0461 秒
cluster: 2
group_size: 128
cluster Quantizing weight with shape: torch.Size([2752, 128])
cluster: 2
group_size: 128
cluster Quantizing weight with shape: torch.Size([2752, 128])
SVD 奇异值量化时间: 8.2456 秒
angle bits: 3
SVD 量化时间: 0.0457 秒
cluster: 2
group_size: 128
cluster Quantizing weight with shape: torch.Size([2752, 128])
cluster: 2
group_size: 128
cluster Quantizing weight with shape: torch.Size([2752, 128])
SVD 奇异值量化时间: 9.7381 秒
angle bits: 3
SVD 量化时间: 0.0452 秒
cluster: 2
group_size: 128
cluster Quantizing weight with shape: torch.Size([2752, 128])
cluster: 2
group_size: 128
cluster Quantizing weight with shape: torch.Size([2752, 128])
SVD 奇异值量化时间: 8.4351 秒
angle bits: 3
SVD 量化时间: 0.0467 秒
cluster: 2
group_size: 128
cluster Quantizing weight with shape: torch.Size([2752, 128])
cluster: 2
group_size: 128
cluster Quantizing weight with shape: torch.Size([2752, 128])
SVD 奇异值量化时间: 7.3032 秒
angle bits: 3
SVD 量化时间: 0.0468 秒
cluster: 2
group_size: 128
cluster Quantizing weight with shape: torch.Size([2752, 128])
cluster: 2
group_size: 128
cluster Quantizing weight with shape: torch.Size([2752, 128])
SVD 奇异值量化时间: 8.1478 秒
angle bits: 3
SVD 量化时间: 0.0576 秒
cluster: 2
group_size: 128
cluster Quantizing weight with shape: torch.Size([2752, 128])
cluster: 2
group_size: 128
cluster Quantizing weight with shape: torch.Size([2752, 128])
SVD 奇异值量化时间: 9.7129 秒
angle bits: 3
SVD 量化时间: 0.0467 秒
cluster: 2
group_size: 128
cluster Quantizing weight with shape: torch.Size([2752, 128])
cluster: 2
group_size: 128
cluster Quantizing weight with shape: torch.Size([2752, 128])
SVD 奇异值量化时间: 8.5745 秒
angle bits: 3
SVD 量化时间: 0.0454 秒
cluster: 2
group_size: 128
cluster Quantizing weight with shape: torch.Size([2752, 128])
cluster: 2
group_size: 128
cluster Quantizing weight with shape: torch.Size([2752, 128])
SVD 奇异值量化时间: 7.6265 秒
angle bits: 3
SVD 量化时间: 0.0470 秒
cluster: 2
group_size: 128
cluster Quantizing weight with shape: torch.Size([2752, 128])
cluster: 2
group_size: 128
cluster Quantizing weight with shape: torch.Size([2752, 128])
SVD 奇异值量化时间: 7.7594 秒
angle bits: 3
SVD 量化时间: 0.0451 秒
cluster: 2
group_size: 128
cluster Quantizing weight with shape: torch.Size([2752, 128])
cluster: 2
group_size: 128
cluster Quantizing weight with shape: torch.Size([2752, 128])
SVD 奇异值量化时间: 8.2307 秒
angle bits: 3
SVD 量化时间: 0.0455 秒
cluster: 2
group_size: 128
cluster Quantizing weight with shape: torch.Size([2752, 128])
cluster: 2
group_size: 128
cluster Quantizing weight with shape: torch.Size([2752, 128])
SVD 奇异值量化时间: 9.6813 秒
angle bits: 3
SVD 量化时间: 0.0451 秒
cluster: 2
group_size: 128
cluster Quantizing weight with shape: torch.Size([2752, 128])
cluster: 2
group_size: 128
cluster Quantizing weight with shape: torch.Size([2752, 128])
SVD 奇异值量化时间: 8.3448 秒
angle bits: 3
SVD 量化时间: 0.0457 秒
cluster: 2
group_size: 128
cluster Quantizing weight with shape: torch.Size([2752, 128])
cluster: 2
group_size: 128
cluster Quantizing weight with shape: torch.Size([2752, 128])
SVD 奇异值量化时间: 7.3229 秒
angle bits: 3
SVD 量化时间: 0.0458 秒
cluster: 2
group_size: 128
cluster Quantizing weight with shape: torch.Size([2752, 128])
cluster: 2
group_size: 128
cluster Quantizing weight with shape: torch.Size([2752, 128])
SVD 奇异值量化时间: 8.1839 秒
angle bits: 3
SVD 量化时间: 0.0454 秒
cluster: 2
group_size: 128
cluster Quantizing weight with shape: torch.Size([2752, 128])
cluster: 2
group_size: 128
cluster Quantizing weight with shape: torch.Size([2752, 128])
SVD 奇异值量化时间: 9.4730 秒
angle bits: 3
SVD 量化时间: 0.0451 秒
cluster: 2
group_size: 128
cluster Quantizing weight with shape: torch.Size([2752, 128])
cluster: 2
group_size: 128
cluster Quantizing weight with shape: torch.Size([2752, 128])
SVD 奇异值量化时间: 8.4631 秒
angle bits: 3
SVD 量化时间: 0.0447 秒
cluster: 2
group_size: 128
cluster Quantizing weight with shape: torch.Size([2752, 128])
cluster: 2
group_size: 128
cluster Quantizing weight with shape: torch.Size([2752, 128])
SVD 奇异值量化时间: 7.7401 秒
angle bits: 3
SVD 量化时间: 0.0458 秒
cluster: 2
group_size: 128
cluster Quantizing weight with shape: torch.Size([2752, 128])
cluster: 2
group_size: 128
cluster Quantizing weight with shape: torch.Size([2752, 128])
SVD 奇异值量化时间: 7.8345 秒
angle bits: 3
SVD 量化时间: 0.0450 秒
cluster: 2
group_size: 128
cluster Quantizing weight with shape: torch.Size([2752, 128])
cluster: 2
group_size: 128
cluster Quantizing weight with shape: torch.Size([2752, 128])
SVD 奇异值量化时间: 8.3085 秒
angle bits: 3
SVD 量化时间: 0.0452 秒
cluster: 2
group_size: 128
cluster Quantizing weight with shape: torch.Size([2752, 128])
cluster: 2
group_size: 128
cluster Quantizing weight with shape: torch.Size([2752, 128])
SVD 奇异值量化时间: 4.1885 秒
angle bits: 3
SVD 量化时间: 0.0396 秒
cluster: 2
group_size: 128
cluster Quantizing weight with shape: torch.Size([2752, 128])
cluster: 2
group_size: 128
cluster Quantizing weight with shape: torch.Size([2752, 128])
SVD 奇异值量化时间: 2.6052 秒
angle bits: 3
SVD 量化时间: 0.0396 秒
cluster: 2
group_size: 128
cluster Quantizing weight with shape: torch.Size([2752, 128])
cluster: 2
group_size: 128
cluster Quantizing weight with shape: torch.Size([2752, 128])
SVD 奇异值量化时间: 2.4865 秒
angle bits: 3
SVD 量化时间: 0.0396 秒
cluster: 2
group_size: 128
cluster Quantizing weight with shape: torch.Size([2752, 128])
cluster: 2
group_size: 128
cluster Quantizing weight with shape: torch.Size([2752, 128])
SVD 奇异值量化时间: 3.2944 秒
angle bits: 3
SVD 量化时间: 0.1056 秒
cluster: 2
group_size: 128
cluster Quantizing weight with shape: torch.Size([2752, 128])
cluster: 2
group_size: 128
cluster Quantizing weight with shape: torch.Size([2752, 128])
SVD 奇异值量化时间: 8.2116 秒
angle bits: 3
SVD 量化时间: 0.0396 秒
cluster: 2
group_size: 128
cluster Quantizing weight with shape: torch.Size([2752, 128])
cluster: 2
group_size: 128
cluster Quantizing weight with shape: torch.Size([2752, 128])
SVD 奇异值量化时间: 3.5525 秒
angle bits: 3
SVD 量化时间: 0.0553 秒
cluster: 2
group_size: 128
cluster Quantizing weight with shape: torch.Size([2752, 128])
cluster: 2
group_size: 128
cluster Quantizing weight with shape: torch.Size([2752, 128])
SVD 奇异值量化时间: 3.5203 秒
angle bits: 3
SVD 量化时间: 0.0395 秒
cluster: 2
group_size: 128
cluster Quantizing weight with shape: torch.Size([2752, 128])
cluster: 2
group_size: 128
cluster Quantizing weight with shape: torch.Size([2752, 128])
SVD 奇异值量化时间: 2.4693 秒
angle bits: 3
SVD 量化时间: 0.0394 秒
cluster: 2
group_size: 128
cluster Quantizing weight with shape: torch.Size([2752, 128])
cluster: 2
group_size: 128
cluster Quantizing weight with shape: torch.Size([2752, 128])
SVD 奇异值量化时间: 2.6324 秒
angle bits: 3
SVD 量化时间: 0.0393 秒
cluster: 2
group_size: 128
cluster Quantizing weight with shape: torch.Size([2752, 128])
cluster: 2
group_size: 128
cluster Quantizing weight with shape: torch.Size([2752, 128])
SVD 奇异值量化时间: 14.1330 秒
angle bits: 3
SVD 量化时间: 0.0394 秒
cluster: 2
group_size: 128
cluster Quantizing weight with shape: torch.Size([2752, 128])
cluster: 2
group_size: 128
cluster Quantizing weight with shape: torch.Size([2752, 128])
SVD 奇异值量化时间: 2.5234 秒
angle bits: 3
SVD 量化时间: 0.0391 秒
cluster: 2
group_size: 128
cluster Quantizing weight with shape: torch.Size([2752, 128])
cluster: 2
group_size: 128
cluster Quantizing weight with shape: torch.Size([2752, 128])
SVD 奇异值量化时间: 2.5822 秒
0 mlp.up_proj
Quantizing ...
使用blocksize: 128进行量化
angle bits: 3
SVD 量化时间: 0.0343 秒
cluster: 2
group_size: 128
cluster Quantizing weight with shape: torch.Size([2752, 128])
cluster: 2
group_size: 128
cluster Quantizing weight with shape: torch.Size([2752, 128])
SVD 奇异值量化时间: 2.6246 秒
angle bits: 3
SVD 量化时间: 0.0405 秒
cluster: 2
group_size: 128
cluster Quantizing weight with shape: torch.Size([2752, 128])
cluster: 2
group_size: 128
cluster Quantizing weight with shape: torch.Size([2752, 128])
SVD 奇异值量化时间: 2.7181 秒
angle bits: 3
SVD 量化时间: 0.0974 秒
cluster: 2
group_size: 128
cluster Quantizing weight with shape: torch.Size([2752, 128])
cluster: 2
group_size: 128
cluster Quantizing weight with shape: torch.Size([2752, 128])
SVD 奇异值量化时间: 9.6270 秒
angle bits: 3
SVD 量化时间: 0.0452 秒
cluster: 2
group_size: 128
cluster Quantizing weight with shape: torch.Size([2752, 128])
cluster: 2
group_size: 128
cluster Quantizing weight with shape: torch.Size([2752, 128])
SVD 奇异值量化时间: 8.5007 秒
angle bits: 3
SVD 量化时间: 0.0458 秒
cluster: 2
group_size: 128
cluster Quantizing weight with shape: torch.Size([2752, 128])
cluster: 2
group_size: 128
cluster Quantizing weight with shape: torch.Size([2752, 128])
SVD 奇异值量化时间: 7.6951 秒
angle bits: 3
SVD 量化时间: 0.0463 秒
cluster: 2
group_size: 128
cluster Quantizing weight with shape: torch.Size([2752, 128])
cluster: 2
group_size: 128
cluster Quantizing weight with shape: torch.Size([2752, 128])
SVD 奇异值量化时间: 7.3342 秒
angle bits: 3
SVD 量化时间: 0.0470 秒
cluster: 2
group_size: 128
cluster Quantizing weight with shape: torch.Size([2752, 128])
cluster: 2
group_size: 128
cluster Quantizing weight with shape: torch.Size([2752, 128])
SVD 奇异值量化时间: 7.8649 秒
angle bits: 3
SVD 量化时间: 0.0475 秒
cluster: 2
group_size: 128
cluster Quantizing weight with shape: torch.Size([2752, 128])
cluster: 2
group_size: 128
cluster Quantizing weight with shape: torch.Size([2752, 128])
SVD 奇异值量化时间: 8.1247 秒
angle bits: 3
SVD 量化时间: 0.0458 秒
cluster: 2
group_size: 128
cluster Quantizing weight with shape: torch.Size([2752, 128])
cluster: 2
group_size: 128
cluster Quantizing weight with shape: torch.Size([2752, 128])
SVD 奇异值量化时间: 10.2065 秒
angle bits: 3
SVD 量化时间: 0.0538 秒
cluster: 2
group_size: 128
cluster Quantizing weight with shape: torch.Size([2752, 128])
cluster: 2
group_size: 128
cluster Quantizing weight with shape: torch.Size([2752, 128])
SVD 奇异值量化时间: 8.4346 秒
angle bits: 3
SVD 量化时间: 0.0456 秒
cluster: 2
group_size: 128
cluster Quantizing weight with shape: torch.Size([2752, 128])
cluster: 2
group_size: 128
cluster Quantizing weight with shape: torch.Size([2752, 128])
SVD 奇异值量化时间: 7.8095 秒
angle bits: 3
SVD 量化时间: 0.0467 秒
cluster: 2
group_size: 128
cluster Quantizing weight with shape: torch.Size([2752, 128])
cluster: 2
group_size: 128
cluster Quantizing weight with shape: torch.Size([2752, 128])
SVD 奇异值量化时间: 7.3128 秒
angle bits: 3
SVD 量化时间: 0.0466 秒
cluster: 2
group_size: 128
cluster Quantizing weight with shape: torch.Size([2752, 128])
cluster: 2
group_size: 128
cluster Quantizing weight with shape: torch.Size([2752, 128])
SVD 奇异值量化时间: 7.8408 秒
angle bits: 3
SVD 量化时间: 0.0454 秒
cluster: 2
group_size: 128
cluster Quantizing weight with shape: torch.Size([2752, 128])
cluster: 2
group_size: 128
cluster Quantizing weight with shape: torch.Size([2752, 128])
SVD 奇异值量化时间: 8.0789 秒
angle bits: 3
SVD 量化时间: 0.0455 秒
cluster: 2
group_size: 128
cluster Quantizing weight with shape: torch.Size([2752, 128])
cluster: 2
group_size: 128
cluster Quantizing weight with shape: torch.Size([2752, 128])
SVD 奇异值量化时间: 10.2052 秒
angle bits: 3
SVD 量化时间: 0.0448 秒
cluster: 2
group_size: 128
cluster Quantizing weight with shape: torch.Size([2752, 128])
cluster: 2
group_size: 128
cluster Quantizing weight with shape: torch.Size([2752, 128])
SVD 奇异值量化时间: 8.5960 秒
angle bits: 3
SVD 量化时间: 0.0452 秒
cluster: 2
group_size: 128
cluster Quantizing weight with shape: torch.Size([2752, 128])
cluster: 2
group_size: 128
cluster Quantizing weight with shape: torch.Size([2752, 128])
SVD 奇异值量化时间: 7.7903 秒
angle bits: 3
SVD 量化时间: 0.0508 秒
cluster: 2
group_size: 128
cluster Quantizing weight with shape: torch.Size([2752, 128])
cluster: 2
group_size: 128
cluster Quantizing weight with shape: torch.Size([2752, 128])
SVD 奇异值量化时间: 7.3289 秒
angle bits: 3
SVD 量化时间: 0.0460 秒
cluster: 2
group_size: 128
cluster Quantizing weight with shape: torch.Size([2752, 128])
cluster: 2
group_size: 128
cluster Quantizing weight with shape: torch.Size([2752, 128])
SVD 奇异值量化时间: 7.8758 秒
angle bits: 3
SVD 量化时间: 0.0455 秒
cluster: 2
group_size: 128
cluster Quantizing weight with shape: torch.Size([2752, 128])
cluster: 2
group_size: 128
cluster Quantizing weight with shape: torch.Size([2752, 128])
SVD 奇异值量化时间: 8.0961 秒
angle bits: 3
SVD 量化时间: 0.0451 秒
cluster: 2
group_size: 128
cluster Quantizing weight with shape: torch.Size([2752, 128])
cluster: 2
group_size: 128
cluster Quantizing weight with shape: torch.Size([2752, 128])
SVD 奇异值量化时间: 10.1825 秒
angle bits: 3
SVD 量化时间: 0.0457 秒
cluster: 2
group_size: 128
cluster Quantizing weight with shape: torch.Size([2752, 128])
cluster: 2
group_size: 128
cluster Quantizing weight with shape: torch.Size([2752, 128])
SVD 奇异值量化时间: 8.4920 秒
angle bits: 3
SVD 量化时间: 0.0446 秒
cluster: 2
group_size: 128
cluster Quantizing weight with shape: torch.Size([2752, 128])
cluster: 2
group_size: 128
cluster Quantizing weight with shape: torch.Size([2752, 128])
SVD 奇异值量化时间: 7.8890 秒
angle bits: 3
SVD 量化时间: 0.0463 秒
cluster: 2
group_size: 128
cluster Quantizing weight with shape: torch.Size([2752, 128])
cluster: 2
group_size: 128
cluster Quantizing weight with shape: torch.Size([2752, 128])
SVD 奇异值量化时间: 7.2399 秒
angle bits: 3
SVD 量化时间: 0.0466 秒
cluster: 2
group_size: 128
cluster Quantizing weight with shape: torch.Size([2752, 128])
cluster: 2
group_size: 128
cluster Quantizing weight with shape: torch.Size([2752, 128])
SVD 奇异值量化时间: 7.6803 秒
angle bits: 3
SVD 量化时间: 0.0484 秒
cluster: 2
group_size: 128
cluster Quantizing weight with shape: torch.Size([2752, 128])
cluster: 2
group_size: 128
cluster Quantizing weight with shape: torch.Size([2752, 128])
SVD 奇异值量化时间: 8.0995 秒
angle bits: 3
SVD 量化时间: 0.0452 秒
cluster: 2
group_size: 128
cluster Quantizing weight with shape: torch.Size([2752, 128])
cluster: 2
group_size: 128
cluster Quantizing weight with shape: torch.Size([2752, 128])
SVD 奇异值量化时间: 10.2637 秒
angle bits: 3
SVD 量化时间: 0.0449 秒
cluster: 2
group_size: 128
cluster Quantizing weight with shape: torch.Size([2752, 128])
cluster: 2
group_size: 128
cluster Quantizing weight with shape: torch.Size([2752, 128])
SVD 奇异值量化时间: 8.4869 秒
angle bits: 3
SVD 量化时间: 0.0449 秒
cluster: 2
group_size: 128
cluster Quantizing weight with shape: torch.Size([2752, 128])
cluster: 2
group_size: 128
cluster Quantizing weight with shape: torch.Size([2752, 128])
SVD 奇异值量化时间: 7.9525 秒
angle bits: 3
SVD 量化时间: 0.0459 秒
cluster: 2
group_size: 128
cluster Quantizing weight with shape: torch.Size([2752, 128])
cluster: 2
group_size: 128
cluster Quantizing weight with shape: torch.Size([2752, 128])
SVD 奇异值量化时间: 7.3514 秒
angle bits: 3
SVD 量化时间: 0.0453 秒
cluster: 2
group_size: 128
cluster Quantizing weight with shape: torch.Size([2752, 128])
cluster: 2
group_size: 128
cluster Quantizing weight with shape: torch.Size([2752, 128])
SVD 奇异值量化时间: 7.8556 秒
angle bits: 3
SVD 量化时间: 0.0451 秒
cluster: 2
group_size: 128
cluster Quantizing weight with shape: torch.Size([2752, 128])
cluster: 2
group_size: 128
cluster Quantizing weight with shape: torch.Size([2752, 128])
SVD 奇异值量化时间: 8.0629 秒
0 mlp.down_proj
Quantizing ...
使用blocksize: 128进行量化
angle bits: 3
SVD 量化时间: 0.0173 秒
cluster: 2
group_size: 128
cluster Quantizing weight with shape: torch.Size([1024, 128])
cluster: 2
group_size: 128
cluster Quantizing weight with shape: torch.Size([1024, 128])
SVD 奇异值量化时间: 5.1574 秒
angle bits: 3
SVD 量化时间: 0.0186 秒
cluster: 2
group_size: 128
cluster Quantizing weight with shape: torch.Size([1024, 128])
cluster: 2
group_size: 128
cluster Quantizing weight with shape: torch.Size([1024, 128])
SVD 奇异值量化时间: 2.9745 秒
angle bits: 3
SVD 量化时间: 0.0189 秒
cluster: 2
group_size: 128
cluster Quantizing weight with shape: torch.Size([1024, 128])
cluster: 2
group_size: 128
cluster Quantizing weight with shape: torch.Size([1024, 128])
SVD 奇异值量化时间: 3.0906 秒
angle bits: 3
SVD 量化时间: 0.0186 秒
cluster: 2
group_size: 128
cluster Quantizing weight with shape: torch.Size([1024, 128])
cluster: 2
group_size: 128
cluster Quantizing weight with shape: torch.Size([1024, 128])
SVD 奇异值量化时间: 3.1536 秒
angle bits: 3
SVD 量化时间: 0.0185 秒
cluster: 2
group_size: 128
cluster Quantizing weight with shape: torch.Size([1024, 128])
cluster: 2
group_size: 128
cluster Quantizing weight with shape: torch.Size([1024, 128])
SVD 奇异值量化时间: 3.1735 秒
angle bits: 3
SVD 量化时间: 0.0186 秒
cluster: 2
group_size: 128
cluster Quantizing weight with shape: torch.Size([1024, 128])
cluster: 2
group_size: 128
cluster Quantizing weight with shape: torch.Size([1024, 128])
SVD 奇异值量化时间: 3.1146 秒
angle bits: 3
SVD 量化时间: 0.0189 秒
cluster: 2
group_size: 128
cluster Quantizing weight with shape: torch.Size([1024, 128])
cluster: 2
group_size: 128
cluster Quantizing weight with shape: torch.Size([1024, 128])
SVD 奇异值量化时间: 3.0446 秒
angle bits: 3
SVD 量化时间: 0.0189 秒
cluster: 2
group_size: 128
cluster Quantizing weight with shape: torch.Size([1024, 128])
cluster: 2
group_size: 128
cluster Quantizing weight with shape: torch.Size([1024, 128])
SVD 奇异值量化时间: 2.9454 秒
angle bits: 3
SVD 量化时间: 0.0192 秒
cluster: 2
group_size: 128
cluster Quantizing weight with shape: torch.Size([1024, 128])
cluster: 2
group_size: 128
cluster Quantizing weight with shape: torch.Size([1024, 128])
SVD 奇异值量化时间: 2.7801 秒
angle bits: 3
SVD 量化时间: 0.0194 秒
cluster: 2
group_size: 128
cluster Quantizing weight with shape: torch.Size([1024, 128])
cluster: 2
group_size: 128
cluster Quantizing weight with shape: torch.Size([1024, 128])
SVD 奇异值量化时间: 2.7140 秒
angle bits: 3
SVD 量化时间: 0.0336 秒
cluster: 2
group_size: 128
cluster Quantizing weight with shape: torch.Size([1024, 128])
cluster: 2
group_size: 128
cluster Quantizing weight with shape: torch.Size([1024, 128])
SVD 奇异值量化时间: 2.6748 秒
angle bits: 3
SVD 量化时间: 0.0194 秒
cluster: 2
group_size: 128
cluster Quantizing weight with shape: torch.Size([1024, 128])
cluster: 2
group_size: 128
cluster Quantizing weight with shape: torch.Size([1024, 128])
SVD 奇异值量化时间: 2.6965 秒
angle bits: 3
SVD 量化时间: 0.0192 秒
cluster: 2
group_size: 128
cluster Quantizing weight with shape: torch.Size([1024, 128])
cluster: 2
group_size: 128
cluster Quantizing weight with shape: torch.Size([1024, 128])
SVD 奇异值量化时间: 3.0480 秒
angle bits: 3
SVD 量化时间: 0.0188 秒
cluster: 2
group_size: 128
cluster Quantizing weight with shape: torch.Size([1024, 128])
cluster: 2
group_size: 128
cluster Quantizing weight with shape: torch.Size([1024, 128])
SVD 奇异值量化时间: 2.9801 秒
angle bits: 3
SVD 量化时间: 0.0176 秒
cluster: 2
group_size: 128
cluster Quantizing weight with shape: torch.Size([1024, 128])
cluster: 2
group_size: 128
cluster Quantizing weight with shape: torch.Size([1024, 128])
SVD 奇异值量化时间: 3.0002 秒
angle bits: 3
SVD 量化时间: 0.0187 秒
cluster: 2
group_size: 128
cluster Quantizing weight with shape: torch.Size([1024, 128])
cluster: 2
group_size: 128
cluster Quantizing weight with shape: torch.Size([1024, 128])
SVD 奇异值量化时间: 3.0439 秒
angle bits: 3
SVD 量化时间: 0.0187 秒
cluster: 2
group_size: 128
cluster Quantizing weight with shape: torch.Size([1024, 128])
cluster: 2
group_size: 128
cluster Quantizing weight with shape: torch.Size([1024, 128])
SVD 奇异值量化时间: 3.4649 秒
angle bits: 3
SVD 量化时间: 0.0159 秒
cluster: 2
group_size: 128
cluster Quantizing weight with shape: torch.Size([1024, 128])
cluster: 2
group_size: 128
cluster Quantizing weight with shape: torch.Size([1024, 128])
SVD 奇异值量化时间: 4.9506 秒
angle bits: 3
SVD 量化时间: 0.0187 秒
cluster: 2
group_size: 128
cluster Quantizing weight with shape: torch.Size([1024, 128])
cluster: 2
group_size: 128
cluster Quantizing weight with shape: torch.Size([1024, 128])
SVD 奇异值量化时间: 3.0331 秒
angle bits: 3
SVD 量化时间: 0.0189 秒
cluster: 2
group_size: 128
cluster Quantizing weight with shape: torch.Size([1024, 128])
cluster: 2
group_size: 128
cluster Quantizing weight with shape: torch.Size([1024, 128])
SVD 奇异值量化时间: 3.1393 秒
angle bits: 3
SVD 量化时间: 0.0174 秒
cluster: 2
group_size: 128
cluster Quantizing weight with shape: torch.Size([1024, 128])
cluster: 2
group_size: 128
cluster Quantizing weight with shape: torch.Size([1024, 128])
SVD 奇异值量化时间: 3.1634 秒
angle bits: 3
SVD 量化时间: 0.0185 秒
cluster: 2
group_size: 128
cluster Quantizing weight with shape: torch.Size([1024, 128])
cluster: 2
group_size: 128
cluster Quantizing weight with shape: torch.Size([1024, 128])
SVD 奇异值量化时间: 3.1176 秒
angle bits: 3
SVD 量化时间: 0.0185 秒
cluster: 2
group_size: 128
cluster Quantizing weight with shape: torch.Size([1024, 128])
cluster: 2
group_size: 128
cluster Quantizing weight with shape: torch.Size([1024, 128])
SVD 奇异值量化时间: 3.0624 秒
angle bits: 3
SVD 量化时间: 0.0186 秒
cluster: 2
group_size: 128
cluster Quantizing weight with shape: torch.Size([1024, 128])
cluster: 2
group_size: 128
cluster Quantizing weight with shape: torch.Size([1024, 128])
SVD 奇异值量化时间: 2.9164 秒
angle bits: 3
SVD 量化时间: 0.0194 秒
cluster: 2
group_size: 128
cluster Quantizing weight with shape: torch.Size([1024, 128])
cluster: 2
group_size: 128
cluster Quantizing weight with shape: torch.Size([1024, 128])
SVD 奇异值量化时间: 2.7361 秒
angle bits: 3
SVD 量化时间: 0.0162 秒
cluster: 2
group_size: 128
cluster Quantizing weight with shape: torch.Size([1024, 128])
cluster: 2
group_size: 128
cluster Quantizing weight with shape: torch.Size([1024, 128])
SVD 奇异值量化时间: 2.7315 秒
angle bits: 3
SVD 量化时间: 0.0190 秒
cluster: 2
group_size: 128
cluster Quantizing weight with shape: torch.Size([1024, 128])
cluster: 2
group_size: 128
cluster Quantizing weight with shape: torch.Size([1024, 128])
SVD 奇异值量化时间: 2.7061 秒
angle bits: 3
SVD 量化时间: 0.0188 秒
cluster: 2
group_size: 128
cluster Quantizing weight with shape: torch.Size([1024, 128])
cluster: 2
group_size: 128
cluster Quantizing weight with shape: torch.Size([1024, 128])
SVD 奇异值量化时间: 2.7781 秒
angle bits: 3
SVD 量化时间: 0.0211 秒
cluster: 2
group_size: 128
cluster Quantizing weight with shape: torch.Size([1024, 128])
cluster: 2
group_size: 128
cluster Quantizing weight with shape: torch.Size([1024, 128])
SVD 奇异值量化时间: 2.9945 秒
angle bits: 3
SVD 量化时间: 0.0185 秒
cluster: 2
group_size: 128
cluster Quantizing weight with shape: torch.Size([1024, 128])
cluster: 2
group_size: 128
cluster Quantizing weight with shape: torch.Size([1024, 128])
SVD 奇异值量化时间: 3.0808 秒
angle bits: 3
SVD 量化时间: 0.0256 秒
cluster: 2
group_size: 128
cluster Quantizing weight with shape: torch.Size([1024, 128])
cluster: 2
group_size: 128
cluster Quantizing weight with shape: torch.Size([1024, 128])
SVD 奇异值量化时间: 3.0940 秒
angle bits: 3
SVD 量化时间: 0.0187 秒
cluster: 2
group_size: 128
cluster Quantizing weight with shape: torch.Size([1024, 128])
cluster: 2
group_size: 128
cluster Quantizing weight with shape: torch.Size([1024, 128])
SVD 奇异值量化时间: 3.0211 秒
angle bits: 3
SVD 量化时间: 0.0183 秒
cluster: 2
group_size: 128
cluster Quantizing weight with shape: torch.Size([1024, 128])
cluster: 2
group_size: 128
cluster Quantizing weight with shape: torch.Size([1024, 128])
SVD 奇异值量化时间: 2.9976 秒
angle bits: 3
SVD 量化时间: 0.0186 秒
cluster: 2
group_size: 128
cluster Quantizing weight with shape: torch.Size([1024, 128])
cluster: 2
group_size: 128
cluster Quantizing weight with shape: torch.Size([1024, 128])
SVD 奇异值量化时间: 5.1533 秒
angle bits: 3
SVD 量化时间: 0.0184 秒
cluster: 2
group_size: 128
cluster Quantizing weight with shape: torch.Size([1024, 128])
cluster: 2
group_size: 128
cluster Quantizing weight with shape: torch.Size([1024, 128])
SVD 奇异值量化时间: 3.0061 秒
angle bits: 3
SVD 量化时间: 0.0186 秒
cluster: 2
group_size: 128
cluster Quantizing weight with shape: torch.Size([1024, 128])
cluster: 2
group_size: 128
cluster Quantizing weight with shape: torch.Size([1024, 128])
SVD 奇异值量化时间: 3.1008 秒
angle bits: 3
SVD 量化时间: 0.0183 秒
cluster: 2
group_size: 128
cluster Quantizing weight with shape: torch.Size([1024, 128])
cluster: 2
group_size: 128
cluster Quantizing weight with shape: torch.Size([1024, 128])
SVD 奇异值量化时间: 3.1438 秒
angle bits: 3
SVD 量化时间: 0.0181 秒
cluster: 2
group_size: 128
cluster Quantizing weight with shape: torch.Size([1024, 128])
cluster: 2
group_size: 128
cluster Quantizing weight with shape: torch.Size([1024, 128])
SVD 奇异值量化时间: 3.1501 秒
angle bits: 3
SVD 量化时间: 0.0182 秒
cluster: 2
group_size: 128
cluster Quantizing weight with shape: torch.Size([1024, 128])
cluster: 2
group_size: 128
cluster Quantizing weight with shape: torch.Size([1024, 128])
SVD 奇异值量化时间: 3.0353 秒
angle bits: 3
SVD 量化时间: 0.0186 秒
cluster: 2
group_size: 128
cluster Quantizing weight with shape: torch.Size([1024, 128])
cluster: 2
group_size: 128
cluster Quantizing weight with shape: torch.Size([1024, 128])
SVD 奇异值量化时间: 2.9643 秒
angle bits: 3
SVD 量化时间: 0.0190 秒
cluster: 2
group_size: 128
cluster Quantizing weight with shape: torch.Size([1024, 128])
cluster: 2
group_size: 128
cluster Quantizing weight with shape: torch.Size([1024, 128])
SVD 奇异值量化时间: 2.7851 秒
angle bits: 3
SVD 量化时间: 0.0185 秒
cluster: 2
group_size: 128
cluster Quantizing weight with shape: torch.Size([1024, 128])
cluster: 2
group_size: 128
cluster Quantizing weight with shape: torch.Size([1024, 128])
SVD 奇异值量化时间: 2.7039 秒
angle bits: 3
SVD 量化时间: 0.0189 秒
cluster: 2
group_size: 128
cluster Quantizing weight with shape: torch.Size([1024, 128])
cluster: 2
group_size: 128
cluster Quantizing weight with shape: torch.Size([1024, 128])
SVD 奇异值量化时间: 2.7160 秒
angle bits: 3
SVD 量化时间: 0.0191 秒
cluster: 2
group_size: 128
cluster Quantizing weight with shape: torch.Size([1024, 128])
cluster: 2
group_size: 128
cluster Quantizing weight with shape: torch.Size([1024, 128])
SVD 奇异值量化时间: 2.7176 秒
angle bits: 3
SVD 量化时间: 0.0189 秒
cluster: 2
group_size: 128
cluster Quantizing weight with shape: torch.Size([1024, 128])
cluster: 2
group_size: 128
cluster Quantizing weight with shape: torch.Size([1024, 128])
SVD 奇异值量化时间: 2.9264 秒
angle bits: 3
SVD 量化时间: 0.0182 秒
cluster: 2
group_size: 128
cluster Quantizing weight with shape: torch.Size([1024, 128])
cluster: 2
group_size: 128
cluster Quantizing weight with shape: torch.Size([1024, 128])
SVD 奇异值量化时间: 2.9979 秒
angle bits: 3
SVD 量化时间: 0.0204 秒
cluster: 2
group_size: 128
cluster Quantizing weight with shape: torch.Size([1024, 128])
cluster: 2
group_size: 128
cluster Quantizing weight with shape: torch.Size([1024, 128])
SVD 奇异值量化时间: 3.0166 秒
angle bits: 3
SVD 量化时间: 0.0183 秒
cluster: 2
group_size: 128
cluster Quantizing weight with shape: torch.Size([1024, 128])
cluster: 2
group_size: 128
cluster Quantizing weight with shape: torch.Size([1024, 128])
SVD 奇异值量化时间: 3.0557 秒
angle bits: 3
SVD 量化时间: 0.0181 秒
cluster: 2
group_size: 128
cluster Quantizing weight with shape: torch.Size([1024, 128])
cluster: 2
group_size: 128
cluster Quantizing weight with shape: torch.Size([1024, 128])
SVD 奇异值量化时间: 3.0555 秒
angle bits: 3
SVD 量化时间: 0.0183 秒
cluster: 2
group_size: 128
cluster Quantizing weight with shape: torch.Size([1024, 128])
cluster: 2
group_size: 128
cluster Quantizing weight with shape: torch.Size([1024, 128])
SVD 奇异值量化时间: 5.1470 秒
angle bits: 3
SVD 量化时间: 0.0181 秒
cluster: 2
group_size: 128
cluster Quantizing weight with shape: torch.Size([1024, 128])
cluster: 2
group_size: 128
cluster Quantizing weight with shape: torch.Size([1024, 128])
SVD 奇异值量化时间: 3.0021 秒
angle bits: 3
SVD 量化时间: 0.0184 秒
cluster: 2
group_size: 128
cluster Quantizing weight with shape: torch.Size([1024, 128])
cluster: 2
group_size: 128
cluster Quantizing weight with shape: torch.Size([1024, 128])
SVD 奇异值量化时间: 3.1080 秒
angle bits: 3
SVD 量化时间: 0.0181 秒
cluster: 2
group_size: 128
cluster Quantizing weight with shape: torch.Size([1024, 128])
cluster: 2
group_size: 128
cluster Quantizing weight with shape: torch.Size([1024, 128])
SVD 奇异值量化时间: 3.1568 秒
angle bits: 3
SVD 量化时间: 0.0180 秒
cluster: 2
group_size: 128
cluster Quantizing weight with shape: torch.Size([1024, 128])
cluster: 2
group_size: 128
cluster Quantizing weight with shape: torch.Size([1024, 128])
SVD 奇异值量化时间: 3.1711 秒
angle bits: 3
SVD 量化时间: 0.0183 秒
cluster: 2
group_size: 128
cluster Quantizing weight with shape: torch.Size([1024, 128])
cluster: 2
group_size: 128
cluster Quantizing weight with shape: torch.Size([1024, 128])
SVD 奇异值量化时间: 3.0568 秒
angle bits: 3
SVD 量化时间: 0.0184 秒
cluster: 2
group_size: 128
cluster Quantizing weight with shape: torch.Size([1024, 128])
cluster: 2
group_size: 128
cluster Quantizing weight with shape: torch.Size([1024, 128])
SVD 奇异值量化时间: 3.0330 秒
angle bits: 3
SVD 量化时间: 0.0181 秒
cluster: 2
group_size: 128
cluster Quantizing weight with shape: torch.Size([1024, 128])
cluster: 2
group_size: 128
cluster Quantizing weight with shape: torch.Size([1024, 128])
SVD 奇异值量化时间: 2.7636 秒
angle bits: 3
SVD 量化时间: 0.0188 秒
cluster: 2
group_size: 128
cluster Quantizing weight with shape: torch.Size([1024, 128])
cluster: 2
group_size: 128
cluster Quantizing weight with shape: torch.Size([1024, 128])
SVD 奇异值量化时间: 2.7322 秒
angle bits: 3
SVD 量化时间: 0.0187 秒
cluster: 2
group_size: 128
cluster Quantizing weight with shape: torch.Size([1024, 128])
cluster: 2
group_size: 128
cluster Quantizing weight with shape: torch.Size([1024, 128])
SVD 奇异值量化时间: 2.7476 秒
angle bits: 3
SVD 量化时间: 0.0188 秒
cluster: 2
group_size: 128
cluster Quantizing weight with shape: torch.Size([1024, 128])
cluster: 2
group_size: 128
cluster Quantizing weight with shape: torch.Size([1024, 128])
SVD 奇异值量化时间: 2.7383 秒
angle bits: 3
SVD 量化时间: 0.0182 秒
cluster: 2
group_size: 128
cluster Quantizing weight with shape: torch.Size([1024, 128])
cluster: 2
group_size: 128
cluster Quantizing weight with shape: torch.Size([1024, 128])
SVD 奇异值量化时间: 2.8299 秒
angle bits: 3
SVD 量化时间: 0.0179 秒
cluster: 2
group_size: 128
cluster Quantizing weight with shape: torch.Size([1024, 128])
cluster: 2
group_size: 128
cluster Quantizing weight with shape: torch.Size([1024, 128])
SVD 奇异值量化时间: 3.0517 秒
angle bits: 3
SVD 量化时间: 0.0184 秒
cluster: 2
group_size: 128
cluster Quantizing weight with shape: torch.Size([1024, 128])
cluster: 2
group_size: 128
cluster Quantizing weight with shape: torch.Size([1024, 128])
SVD 奇异值量化时间: 2.9804 秒
angle bits: 3
SVD 量化时间: 0.0226 秒
cluster: 2
group_size: 128
cluster Quantizing weight with shape: torch.Size([1024, 128])
cluster: 2
group_size: 128
cluster Quantizing weight with shape: torch.Size([1024, 128])
SVD 奇异值量化时间: 3.0112 秒
angle bits: 3
SVD 量化时间: 0.0182 秒
cluster: 2
group_size: 128
cluster Quantizing weight with shape: torch.Size([1024, 128])
cluster: 2
group_size: 128
cluster Quantizing weight with shape: torch.Size([1024, 128])
SVD 奇异值量化时间: 3.0527 秒
angle bits: 3
SVD 量化时间: 0.0182 秒
cluster: 2
group_size: 128
cluster Quantizing weight with shape: torch.Size([1024, 128])
cluster: 2
group_size: 128
cluster Quantizing weight with shape: torch.Size([1024, 128])
SVD 奇异值量化时间: 5.1759 秒
angle bits: 3
SVD 量化时间: 0.0183 秒
cluster: 2
group_size: 128
cluster Quantizing weight with shape: torch.Size([1024, 128])
cluster: 2
group_size: 128
cluster Quantizing weight with shape: torch.Size([1024, 128])
SVD 奇异值量化时间: 3.0445 秒
angle bits: 3
SVD 量化时间: 0.0182 秒
cluster: 2
group_size: 128
cluster Quantizing weight with shape: torch.Size([1024, 128])
cluster: 2
group_size: 128
cluster Quantizing weight with shape: torch.Size([1024, 128])
SVD 奇异值量化时间: 3.1032 秒
angle bits: 3
SVD 量化时间: 0.0175 秒
cluster: 2
group_size: 128
cluster Quantizing weight with shape: torch.Size([1024, 128])
cluster: 2
group_size: 128
cluster Quantizing weight with shape: torch.Size([1024, 128])
SVD 奇异值量化时间: 3.1417 秒
angle bits: 3
SVD 量化时间: 0.0178 秒
cluster: 2
group_size: 128
cluster Quantizing weight with shape: torch.Size([1024, 128])
cluster: 2
group_size: 128
cluster Quantizing weight with shape: torch.Size([1024, 128])
SVD 奇异值量化时间: 3.1279 秒
angle bits: 3
SVD 量化时间: 0.0178 秒
cluster: 2
group_size: 128
cluster Quantizing weight with shape: torch.Size([1024, 128])
cluster: 2
group_size: 128
cluster Quantizing weight with shape: torch.Size([1024, 128])
SVD 奇异值量化时间: 3.0832 秒
angle bits: 3
SVD 量化时间: 0.0176 秒
cluster: 2
group_size: 128
cluster Quantizing weight with shape: torch.Size([1024, 128])
cluster: 2
group_size: 128
cluster Quantizing weight with shape: torch.Size([1024, 128])
SVD 奇异值量化时间: 2.9900 秒
angle bits: 3
SVD 量化时间: 0.0179 秒
cluster: 2
group_size: 128
cluster Quantizing weight with shape: torch.Size([1024, 128])
cluster: 2
group_size: 128
cluster Quantizing weight with shape: torch.Size([1024, 128])
SVD 奇异值量化时间: 2.7855 秒
angle bits: 3
SVD 量化时间: 0.0180 秒
cluster: 2
group_size: 128
cluster Quantizing weight with shape: torch.Size([1024, 128])
cluster: 2
group_size: 128
cluster Quantizing weight with shape: torch.Size([1024, 128])
SVD 奇异值量化时间: 2.8432 秒
angle bits: 3
SVD 量化时间: 0.0177 秒
cluster: 2
group_size: 128
cluster Quantizing weight with shape: torch.Size([1024, 128])
cluster: 2
group_size: 128
cluster Quantizing weight with shape: torch.Size([1024, 128])
SVD 奇异值量化时间: 2.7713 秒
angle bits: 3
SVD 量化时间: 0.0173 秒
cluster: 2
group_size: 128
cluster Quantizing weight with shape: torch.Size([1024, 128])
cluster: 2
group_size: 128
cluster Quantizing weight with shape: torch.Size([1024, 128])
SVD 奇异值量化时间: 2.6907 秒
angle bits: 3
SVD 量化时间: 0.0184 秒
cluster: 2
group_size: 128
cluster Quantizing weight with shape: torch.Size([1024, 128])
cluster: 2
group_size: 128
cluster Quantizing weight with shape: torch.Size([1024, 128])
SVD 奇异值量化时间: 2.7933 秒
angle bits: 3
SVD 量化时间: 0.0183 秒
cluster: 2
group_size: 128
cluster Quantizing weight with shape: torch.Size([1024, 128])
cluster: 2
group_size: 128
cluster Quantizing weight with shape: torch.Size([1024, 128])
SVD 奇异值量化时间: 3.0515 秒
angle bits: 3
SVD 量化时间: 0.0179 秒
cluster: 2
group_size: 128
cluster Quantizing weight with shape: torch.Size([1024, 128])
cluster: 2
group_size: 128
cluster Quantizing weight with shape: torch.Size([1024, 128])
SVD 奇异值量化时间: 3.0612 秒
angle bits: 3
SVD 量化时间: 0.0179 秒
cluster: 2
group_size: 128
cluster Quantizing weight with shape: torch.Size([1024, 128])
cluster: 2
group_size: 128
cluster Quantizing weight with shape: torch.Size([1024, 128])
SVD 奇异值量化时间: 3.1586 秒
angle bits: 3
SVD 量化时间: 0.0178 秒
cluster: 2
group_size: 128
cluster Quantizing weight with shape: torch.Size([1024, 128])
cluster: 2
group_size: 128
cluster Quantizing weight with shape: torch.Size([1024, 128])
SVD 奇异值量化时间: 2.9794 秒
angle bits: 3
SVD 量化时间: 0.0207 秒
cluster: 2
group_size: 128
cluster Quantizing weight with shape: torch.Size([1024, 128])
cluster: 2
group_size: 128
cluster Quantizing weight with shape: torch.Size([1024, 128])
SVD 奇异值量化时间: 5.1397 秒
angle bits: 3
SVD 量化时间: 0.0266 秒
cluster: 2
group_size: 128
cluster Quantizing weight with shape: torch.Size([1024, 128])
cluster: 2
group_size: 128
cluster Quantizing weight with shape: torch.Size([1024, 128])
SVD 奇异值量化时间: 3.0198 秒
angle bits: 3
SVD 量化时间: 0.0177 秒
cluster: 2
group_size: 128
cluster Quantizing weight with shape: torch.Size([1024, 128])
cluster: 2
group_size: 128
cluster Quantizing weight with shape: torch.Size([1024, 128])
SVD 奇异值量化时间: 3.1063 秒
angle bits: 3
SVD 量化时间: 0.0177 秒
cluster: 2
group_size: 128
cluster Quantizing weight with shape: torch.Size([1024, 128])
cluster: 2
group_size: 128
cluster Quantizing weight with shape: torch.Size([1024, 128])
SVD 奇异值量化时间: 3.1632 秒
angle bits: 3
SVD 量化时间: 0.0173 秒
cluster: 2
group_size: 128
cluster Quantizing weight with shape: torch.Size([1024, 128])
cluster: 2
group_size: 128
cluster Quantizing weight with shape: torch.Size([1024, 128])
SVD 奇异值量化时间: 3.1582 秒
1 self_attn.q_proj
Quantizing ...
使用blocksize: 128进行量化
angle bits: 3
SVD 量化时间: 0.0165 秒
cluster: 2
group_size: 128
cluster Quantizing weight with shape: torch.Size([1024, 128])
cluster: 2
group_size: 128
cluster Quantizing weight with shape: torch.Size([1024, 128])
SVD 奇异值量化时间: 3.0319 秒
angle bits: 3
SVD 量化时间: 0.0183 秒
cluster: 2
group_size: 128
cluster Quantizing weight with shape: torch.Size([1024, 128])
cluster: 2
group_size: 128
cluster Quantizing weight with shape: torch.Size([1024, 128])
SVD 奇异值量化时间: 3.0170 秒
angle bits: 3
SVD 量化时间: 0.0183 秒
cluster: 2
group_size: 128
cluster Quantizing weight with shape: torch.Size([1024, 128])
cluster: 2
group_size: 128
cluster Quantizing weight with shape: torch.Size([1024, 128])
SVD 奇异值量化时间: 2.6951 秒
angle bits: 3
SVD 量化时间: 0.0187 秒
cluster: 2
group_size: 128
cluster Quantizing weight with shape: torch.Size([1024, 128])
cluster: 2
group_size: 128
cluster Quantizing weight with shape: torch.Size([1024, 128])
SVD 奇异值量化时间: 2.6777 秒
angle bits: 3
SVD 量化时间: 0.0186 秒
cluster: 2
group_size: 128
cluster Quantizing weight with shape: torch.Size([1024, 128])
cluster: 2
group_size: 128
cluster Quantizing weight with shape: torch.Size([1024, 128])
SVD 奇异值量化时间: 2.6945 秒
angle bits: 3
SVD 量化时间: 0.0186 秒
cluster: 2
group_size: 128
cluster Quantizing weight with shape: torch.Size([1024, 128])
cluster: 2
group_size: 128
cluster Quantizing weight with shape: torch.Size([1024, 128])
SVD 奇异值量化时间: 2.7007 秒
angle bits: 3
SVD 量化时间: 0.0298 秒
cluster: 2
group_size: 128
cluster Quantizing weight with shape: torch.Size([1024, 128])
cluster: 2
group_size: 128
cluster Quantizing weight with shape: torch.Size([1024, 128])
SVD 奇异值量化时间: 2.8113 秒
angle bits: 3
SVD 量化时间: 0.0183 秒
cluster: 2
group_size: 128
cluster Quantizing weight with shape: torch.Size([1024, 128])
cluster: 2
group_size: 128
cluster Quantizing weight with shape: torch.Size([1024, 128])
SVD 奇异值量化时间: 2.9899 秒
angle bits: 3
SVD 量化时间: 0.0181 秒
cluster: 2
group_size: 128
cluster Quantizing weight with shape: torch.Size([1024, 128])
cluster: 2
group_size: 128
cluster Quantizing weight with shape: torch.Size([1024, 128])
SVD 奇异值量化时间: 3.0460 秒
angle bits: 3
SVD 量化时间: 0.0184 秒
cluster: 2
group_size: 128
cluster Quantizing weight with shape: torch.Size([1024, 128])
cluster: 2
group_size: 128
cluster Quantizing weight with shape: torch.Size([1024, 128])
SVD 奇异值量化时间: 3.0509 秒
angle bits: 3
SVD 量化时间: 0.0184 秒
cluster: 2
group_size: 128
cluster Quantizing weight with shape: torch.Size([1024, 128])
cluster: 2
group_size: 128
cluster Quantizing weight with shape: torch.Size([1024, 128])
SVD 奇异值量化时间: 2.9996 秒
angle bits: 3
SVD 量化时间: 0.0183 秒
cluster: 2
group_size: 128
cluster Quantizing weight with shape: torch.Size([1024, 128])
cluster: 2
group_size: 128
cluster Quantizing weight with shape: torch.Size([1024, 128])
SVD 奇异值量化时间: 5.1739 秒
angle bits: 3
SVD 量化时间: 0.0183 秒
cluster: 2
group_size: 128
cluster Quantizing weight with shape: torch.Size([1024, 128])
cluster: 2
group_size: 128
cluster Quantizing weight with shape: torch.Size([1024, 128])
SVD 奇异值量化时间: 3.0308 秒
angle bits: 3
SVD 量化时间: 0.0182 秒
cluster: 2
group_size: 128
cluster Quantizing weight with shape: torch.Size([1024, 128])
cluster: 2
group_size: 128
cluster Quantizing weight with shape: torch.Size([1024, 128])
SVD 奇异值量化时间: 3.0078 秒
angle bits: 3
SVD 量化时间: 0.0181 秒
cluster: 2
group_size: 128
cluster Quantizing weight with shape: torch.Size([1024, 128])
cluster: 2
group_size: 128
cluster Quantizing weight with shape: torch.Size([1024, 128])
SVD 奇异值量化时间: 3.1149 秒
angle bits: 3
SVD 量化时间: 0.0179 秒
cluster: 2
group_size: 128
cluster Quantizing weight with shape: torch.Size([1024, 128])
cluster: 2
group_size: 128
cluster Quantizing weight with shape: torch.Size([1024, 128])
SVD 奇异值量化时间: 3.1511 秒
angle bits: 3
SVD 量化时间: 0.0178 秒
cluster: 2
group_size: 128
cluster Quantizing weight with shape: torch.Size([1024, 128])
cluster: 2
group_size: 128
cluster Quantizing weight with shape: torch.Size([1024, 128])
SVD 奇异值量化时间: 3.0497 秒
angle bits: 3
SVD 量化时间: 0.0179 秒
cluster: 2
group_size: 128
cluster Quantizing weight with shape: torch.Size([1024, 128])
cluster: 2
group_size: 128
cluster Quantizing weight with shape: torch.Size([1024, 128])
SVD 奇异值量化时间: 3.0084 秒
angle bits: 3
SVD 量化时间: 0.0182 秒
cluster: 2
group_size: 128
cluster Quantizing weight with shape: torch.Size([1024, 128])
cluster: 2
group_size: 128
cluster Quantizing weight with shape: torch.Size([1024, 128])
SVD 奇异值量化时间: 2.8368 秒
angle bits: 3
SVD 量化时间: 0.0187 秒
cluster: 2
group_size: 128
cluster Quantizing weight with shape: torch.Size([1024, 128])
cluster: 2
group_size: 128
cluster Quantizing weight with shape: torch.Size([1024, 128])
SVD 奇异值量化时间: 2.6847 秒
angle bits: 3
SVD 量化时间: 0.0187 秒
cluster: 2
group_size: 128
cluster Quantizing weight with shape: torch.Size([1024, 128])
cluster: 2
group_size: 128
cluster Quantizing weight with shape: torch.Size([1024, 128])
SVD 奇异值量化时间: 2.6758 秒
angle bits: 3
SVD 量化时间: 0.0184 秒
cluster: 2
group_size: 128
cluster Quantizing weight with shape: torch.Size([1024, 128])
cluster: 2
group_size: 128
cluster Quantizing weight with shape: torch.Size([1024, 128])
SVD 奇异值量化时间: 2.7731 秒
angle bits: 3
SVD 量化时间: 0.0185 秒
cluster: 2
group_size: 128
cluster Quantizing weight with shape: torch.Size([1024, 128])
cluster: 2
group_size: 128
cluster Quantizing weight with shape: torch.Size([1024, 128])
SVD 奇异值量化时间: 2.6906 秒
angle bits: 3
SVD 量化时间: 0.0325 秒
cluster: 2
group_size: 128
cluster Quantizing weight with shape: torch.Size([1024, 128])
cluster: 2
group_size: 128
cluster Quantizing weight with shape: torch.Size([1024, 128])
SVD 奇异值量化时间: 3.0047 秒
angle bits: 3
SVD 量化时间: 0.0176 秒
cluster: 2
group_size: 128
cluster Quantizing weight with shape: torch.Size([1024, 128])
cluster: 2
group_size: 128
cluster Quantizing weight with shape: torch.Size([1024, 128])
SVD 奇异值量化时间: 3.0128 秒
angle bits: 3
SVD 量化时间: 0.0178 秒
cluster: 2
group_size: 128
cluster Quantizing weight with shape: torch.Size([1024, 128])
cluster: 2
group_size: 128
cluster Quantizing weight with shape: torch.Size([1024, 128])
SVD 奇异值量化时间: 2.9716 秒
angle bits: 3
SVD 量化时间: 0.0180 秒
cluster: 2
group_size: 128
cluster Quantizing weight with shape: torch.Size([1024, 128])
cluster: 2
group_size: 128
cluster Quantizing weight with shape: torch.Size([1024, 128])
SVD 奇异值量化时间: 3.0477 秒
angle bits: 3
SVD 量化时间: 0.0177 秒
cluster: 2
group_size: 128
cluster Quantizing weight with shape: torch.Size([1024, 128])
cluster: 2
group_size: 128
cluster Quantizing weight with shape: torch.Size([1024, 128])
SVD 奇异值量化时间: 3.4443 秒
angle bits: 3
SVD 量化时间: 0.0151 秒
cluster: 2
group_size: 128
cluster Quantizing weight with shape: torch.Size([1024, 128])
cluster: 2
group_size: 128
cluster Quantizing weight with shape: torch.Size([1024, 128])
SVD 奇异值量化时间: 4.9480 秒
angle bits: 3
SVD 量化时间: 0.0180 秒
cluster: 2
group_size: 128
cluster Quantizing weight with shape: torch.Size([1024, 128])
cluster: 2
group_size: 128
cluster Quantizing weight with shape: torch.Size([1024, 128])
SVD 奇异值量化时间: 3.0167 秒
angle bits: 3
SVD 量化时间: 0.0177 秒
cluster: 2
group_size: 128
cluster Quantizing weight with shape: torch.Size([1024, 128])
cluster: 2
group_size: 128
cluster Quantizing weight with shape: torch.Size([1024, 128])
SVD 奇异值量化时间: 3.1330 秒
angle bits: 3
SVD 量化时间: 0.0175 秒
cluster: 2
group_size: 128
cluster Quantizing weight with shape: torch.Size([1024, 128])
cluster: 2
group_size: 128
cluster Quantizing weight with shape: torch.Size([1024, 128])
SVD 奇异值量化时间: 3.1373 秒
1 self_attn.k_proj
Quantizing ...
使用blocksize: 128进行量化
angle bits: 3
SVD 量化时间: 0.0160 秒
cluster: 2
group_size: 128
cluster Quantizing weight with shape: torch.Size([1024, 128])
cluster: 2
group_size: 128
cluster Quantizing weight with shape: torch.Size([1024, 128])
SVD 奇异值量化时间: 3.1335 秒
angle bits: 3
SVD 量化时间: 0.0180 秒
cluster: 2
group_size: 128
cluster Quantizing weight with shape: torch.Size([1024, 128])
cluster: 2
group_size: 128
cluster Quantizing weight with shape: torch.Size([1024, 128])
SVD 奇异值量化时间: 3.0151 秒
angle bits: 3
SVD 量化时间: 0.0184 秒
cluster: 2
group_size: 128
cluster Quantizing weight with shape: torch.Size([1024, 128])
cluster: 2
group_size: 128
cluster Quantizing weight with shape: torch.Size([1024, 128])
SVD 奇异值量化时间: 2.9589 秒
angle bits: 3
SVD 量化时间: 0.0187 秒
cluster: 2
group_size: 128
cluster Quantizing weight with shape: torch.Size([1024, 128])
cluster: 2
group_size: 128
cluster Quantizing weight with shape: torch.Size([1024, 128])
SVD 奇异值量化时间: 2.7022 秒
angle bits: 3
SVD 量化时间: 0.0292 秒
cluster: 2
group_size: 128
cluster Quantizing weight with shape: torch.Size([1024, 128])
cluster: 2
group_size: 128
cluster Quantizing weight with shape: torch.Size([1024, 128])
SVD 奇异值量化时间: 2.7234 秒
angle bits: 3
SVD 量化时间: 0.0183 秒
cluster: 2
group_size: 128
cluster Quantizing weight with shape: torch.Size([1024, 128])
cluster: 2
group_size: 128
cluster Quantizing weight with shape: torch.Size([1024, 128])
SVD 奇异值量化时间: 2.7228 秒
angle bits: 3
SVD 量化时间: 0.0188 秒
cluster: 2
group_size: 128
cluster Quantizing weight with shape: torch.Size([1024, 128])
cluster: 2
group_size: 128
cluster Quantizing weight with shape: torch.Size([1024, 128])
SVD 奇异值量化时间: 2.7221 秒
angle bits: 3
SVD 量化时间: 0.0189 秒
cluster: 2
group_size: 128
cluster Quantizing weight with shape: torch.Size([1024, 128])
cluster: 2
group_size: 128
cluster Quantizing weight with shape: torch.Size([1024, 128])
SVD 奇异值量化时间: 2.9401 秒
angle bits: 3
SVD 量化时间: 0.0184 秒
cluster: 2
group_size: 128
cluster Quantizing weight with shape: torch.Size([1024, 128])
cluster: 2
group_size: 128
cluster Quantizing weight with shape: torch.Size([1024, 128])
SVD 奇异值量化时间: 2.9870 秒
angle bits: 3
SVD 量化时间: 0.0180 秒
cluster: 2
group_size: 128
cluster Quantizing weight with shape: torch.Size([1024, 128])
cluster: 2
group_size: 128
cluster Quantizing weight with shape: torch.Size([1024, 128])
SVD 奇异值量化时间: 3.0151 秒
angle bits: 3
SVD 量化时间: 0.0183 秒
cluster: 2
group_size: 128
cluster Quantizing weight with shape: torch.Size([1024, 128])
cluster: 2
group_size: 128
cluster Quantizing weight with shape: torch.Size([1024, 128])
SVD 奇异值量化时间: 3.0433 秒
angle bits: 3
SVD 量化时间: 0.0184 秒
cluster: 2
group_size: 128
cluster Quantizing weight with shape: torch.Size([1024, 128])
cluster: 2
group_size: 128
cluster Quantizing weight with shape: torch.Size([1024, 128])
SVD 奇异值量化时间: 3.0052 秒
angle bits: 3
SVD 量化时间: 0.0183 秒
cluster: 2
group_size: 128
cluster Quantizing weight with shape: torch.Size([1024, 128])
cluster: 2
group_size: 128
cluster Quantizing weight with shape: torch.Size([1024, 128])
SVD 奇异值量化时间: 5.1491 秒
angle bits: 3
SVD 量化时间: 0.0183 秒
cluster: 2
group_size: 128
cluster Quantizing weight with shape: torch.Size([1024, 128])
cluster: 2
group_size: 128
cluster Quantizing weight with shape: torch.Size([1024, 128])
SVD 奇异值量化时间: 2.9710 秒
angle bits: 3
SVD 量化时间: 0.0181 秒
cluster: 2
group_size: 128
cluster Quantizing weight with shape: torch.Size([1024, 128])
cluster: 2
group_size: 128
cluster Quantizing weight with shape: torch.Size([1024, 128])
SVD 奇异值量化时间: 3.0946 秒
angle bits: 3
SVD 量化时间: 0.0178 秒
cluster: 2
group_size: 128
cluster Quantizing weight with shape: torch.Size([1024, 128])
cluster: 2
group_size: 128
cluster Quantizing weight with shape: torch.Size([1024, 128])
SVD 奇异值量化时间: 3.1335 秒
angle bits: 3
SVD 量化时间: 0.0180 秒
cluster: 2
group_size: 128
cluster Quantizing weight with shape: torch.Size([1024, 128])
cluster: 2
group_size: 128
cluster Quantizing weight with shape: torch.Size([1024, 128])
SVD 奇异值量化时间: 3.0819 秒
angle bits: 3
SVD 量化时间: 0.0181 秒
cluster: 2
group_size: 128
cluster Quantizing weight with shape: torch.Size([1024, 128])
cluster: 2
group_size: 128
cluster Quantizing weight with shape: torch.Size([1024, 128])
SVD 奇异值量化时间: 3.0272 秒
angle bits: 3
SVD 量化时间: 0.0182 秒
cluster: 2
group_size: 128
cluster Quantizing weight with shape: torch.Size([1024, 128])
cluster: 2
group_size: 128
cluster Quantizing weight with shape: torch.Size([1024, 128])
SVD 奇异值量化时间: 2.9674 秒
angle bits: 3
SVD 量化时间: 0.0170 秒
cluster: 2
group_size: 128
cluster Quantizing weight with shape: torch.Size([1024, 128])
cluster: 2
group_size: 128
cluster Quantizing weight with shape: torch.Size([1024, 128])
SVD 奇异值量化时间: 2.7673 秒
angle bits: 3
SVD 量化时间: 0.0185 秒
cluster: 2
group_size: 128
cluster Quantizing weight with shape: torch.Size([1024, 128])
cluster: 2
group_size: 128
cluster Quantizing weight with shape: torch.Size([1024, 128])
SVD 奇异值量化时间: 2.7189 秒
angle bits: 3
SVD 量化时间: 0.0182 秒
cluster: 2
group_size: 128
cluster Quantizing weight with shape: torch.Size([1024, 128])
cluster: 2
group_size: 128
cluster Quantizing weight with shape: torch.Size([1024, 128])
SVD 奇异值量化时间: 2.8134 秒
angle bits: 3
SVD 量化时间: 0.0188 秒
cluster: 2
group_size: 128
cluster Quantizing weight with shape: torch.Size([1024, 128])
cluster: 2
group_size: 128
cluster Quantizing weight with shape: torch.Size([1024, 128])
SVD 奇异值量化时间: 2.7832 秒
angle bits: 3
SVD 量化时间: 0.0188 秒
cluster: 2
group_size: 128
cluster Quantizing weight with shape: torch.Size([1024, 128])
cluster: 2
group_size: 128
cluster Quantizing weight with shape: torch.Size([1024, 128])
SVD 奇异值量化时间: 2.8353 秒
angle bits: 3
SVD 量化时间: 0.0180 秒
cluster: 2
group_size: 128
cluster Quantizing weight with shape: torch.Size([1024, 128])
cluster: 2
group_size: 128
cluster Quantizing weight with shape: torch.Size([1024, 128])
SVD 奇异值量化时间: 2.9798 秒
angle bits: 3
SVD 量化时间: 0.0270 秒
cluster: 2
group_size: 128
cluster Quantizing weight with shape: torch.Size([1024, 128])
cluster: 2
group_size: 128
cluster Quantizing weight with shape: torch.Size([1024, 128])
SVD 奇异值量化时间: 3.0120 秒
angle bits: 3
SVD 量化时间: 0.0179 秒
cluster: 2
group_size: 128
cluster Quantizing weight with shape: torch.Size([1024, 128])
cluster: 2
group_size: 128
cluster Quantizing weight with shape: torch.Size([1024, 128])
SVD 奇异值量化时间: 3.0625 秒
angle bits: 3
SVD 量化时间: 0.0178 秒
cluster: 2
group_size: 128
cluster Quantizing weight with shape: torch.Size([1024, 128])
cluster: 2
group_size: 128
cluster Quantizing weight with shape: torch.Size([1024, 128])
SVD 奇异值量化时间: 3.1709 秒
angle bits: 3
SVD 量化时间: 0.0180 秒
cluster: 2
group_size: 128
cluster Quantizing weight with shape: torch.Size([1024, 128])
cluster: 2
group_size: 128
cluster Quantizing weight with shape: torch.Size([1024, 128])
SVD 奇异值量化时间: 5.1236 秒
angle bits: 3
SVD 量化时间: 0.0186 秒
cluster: 2
group_size: 128
cluster Quantizing weight with shape: torch.Size([1024, 128])
cluster: 2
group_size: 128
cluster Quantizing weight with shape: torch.Size([1024, 128])
SVD 奇异值量化时间: 2.9680 秒
angle bits: 3
SVD 量化时间: 0.0178 秒
cluster: 2
group_size: 128
cluster Quantizing weight with shape: torch.Size([1024, 128])
cluster: 2
group_size: 128
cluster Quantizing weight with shape: torch.Size([1024, 128])
SVD 奇异值量化时间: 3.0695 秒
angle bits: 3
SVD 量化时间: 0.0178 秒
cluster: 2
group_size: 128
cluster Quantizing weight with shape: torch.Size([1024, 128])
cluster: 2
group_size: 128
cluster Quantizing weight with shape: torch.Size([1024, 128])
SVD 奇异值量化时间: 3.1355 秒
1 self_attn.v_proj
Quantizing ...
使用blocksize: 128进行量化
angle bits: 3
SVD 量化时间: 0.0155 秒
cluster: 2
group_size: 128
cluster Quantizing weight with shape: torch.Size([1024, 128])
cluster: 2
group_size: 128
cluster Quantizing weight with shape: torch.Size([1024, 128])
SVD 奇异值量化时间: 3.1464 秒
angle bits: 3
SVD 量化时间: 0.0183 秒
cluster: 2
group_size: 128
cluster Quantizing weight with shape: torch.Size([1024, 128])
cluster: 2
group_size: 128
cluster Quantizing weight with shape: torch.Size([1024, 128])
SVD 奇异值量化时间: 3.0767 秒
angle bits: 3
SVD 量化时间: 0.0182 秒
cluster: 2
group_size: 128
cluster Quantizing weight with shape: torch.Size([1024, 128])
cluster: 2
group_size: 128
cluster Quantizing weight with shape: torch.Size([1024, 128])
SVD 奇异值量化时间: 2.9833 秒
angle bits: 3
SVD 量化时间: 0.0181 秒
cluster: 2
group_size: 128
cluster Quantizing weight with shape: torch.Size([1024, 128])
cluster: 2
group_size: 128
cluster Quantizing weight with shape: torch.Size([1024, 128])
SVD 奇异值量化时间: 2.8040 秒
angle bits: 3
SVD 量化时间: 0.0189 秒
cluster: 2
group_size: 128
cluster Quantizing weight with shape: torch.Size([1024, 128])
cluster: 2
group_size: 128
cluster Quantizing weight with shape: torch.Size([1024, 128])
SVD 奇异值量化时间: 2.6886 秒
angle bits: 3
SVD 量化时间: 0.0189 秒
cluster: 2
group_size: 128
cluster Quantizing weight with shape: torch.Size([1024, 128])
cluster: 2
group_size: 128
cluster Quantizing weight with shape: torch.Size([1024, 128])
SVD 奇异值量化时间: 2.6965 秒
angle bits: 3
SVD 量化时间: 0.0187 秒
cluster: 2
group_size: 128
cluster Quantizing weight with shape: torch.Size([1024, 128])
cluster: 2
group_size: 128
cluster Quantizing weight with shape: torch.Size([1024, 128])
SVD 奇异值量化时间: 2.7274 秒
angle bits: 3
SVD 量化时间: 0.0153 秒
cluster: 2
group_size: 128
cluster Quantizing weight with shape: torch.Size([1024, 128])
cluster: 2
group_size: 128
cluster Quantizing weight with shape: torch.Size([1024, 128])
SVD 奇异值量化时间: 2.7250 秒
angle bits: 3
SVD 量化时间: 0.0187 秒
cluster: 2
group_size: 128
cluster Quantizing weight with shape: torch.Size([1024, 128])
cluster: 2
group_size: 128
cluster Quantizing weight with shape: torch.Size([1024, 128])
SVD 奇异值量化时间: 3.0377 秒
angle bits: 3
SVD 量化时间: 0.0180 秒
cluster: 2
group_size: 128
cluster Quantizing weight with shape: torch.Size([1024, 128])
cluster: 2
group_size: 128
cluster Quantizing weight with shape: torch.Size([1024, 128])
SVD 奇异值量化时间: 2.9986 秒
angle bits: 3
SVD 量化时间: 0.0183 秒
cluster: 2
group_size: 128
cluster Quantizing weight with shape: torch.Size([1024, 128])
cluster: 2
group_size: 128
cluster Quantizing weight with shape: torch.Size([1024, 128])
SVD 奇异值量化时间: 3.0396 秒
angle bits: 3
SVD 量化时间: 0.0183 秒
cluster: 2
group_size: 128
cluster Quantizing weight with shape: torch.Size([1024, 128])
cluster: 2
group_size: 128
cluster Quantizing weight with shape: torch.Size([1024, 128])
SVD 奇异值量化时间: 3.0520 秒
angle bits: 3
SVD 量化时间: 0.0184 秒
cluster: 2
group_size: 128
cluster Quantizing weight with shape: torch.Size([1024, 128])
cluster: 2
group_size: 128
cluster Quantizing weight with shape: torch.Size([1024, 128])
SVD 奇异值量化时间: 3.5559 秒
angle bits: 3
SVD 量化时间: 0.0522 秒
cluster: 2
group_size: 128
cluster Quantizing weight with shape: torch.Size([1024, 128])
cluster: 2
group_size: 128
cluster Quantizing weight with shape: torch.Size([1024, 128])
SVD 奇异值量化时间: 4.5392 秒
angle bits: 3
SVD 量化时间: 0.0180 秒
cluster: 2
group_size: 128
cluster Quantizing weight with shape: torch.Size([1024, 128])
cluster: 2
group_size: 128
cluster Quantizing weight with shape: torch.Size([1024, 128])
SVD 奇异值量化时间: 3.0009 秒
angle bits: 3
SVD 量化时间: 0.0180 秒
cluster: 2
group_size: 128
cluster Quantizing weight with shape: torch.Size([1024, 128])
cluster: 2
group_size: 128
cluster Quantizing weight with shape: torch.Size([1024, 128])
SVD 奇异值量化时间: 3.1582 秒
angle bits: 3
SVD 量化时间: 0.0181 秒
cluster: 2
group_size: 128
cluster Quantizing weight with shape: torch.Size([1024, 128])
cluster: 2
group_size: 128
cluster Quantizing weight with shape: torch.Size([1024, 128])
SVD 奇异值量化时间: 3.1262 秒
angle bits: 3
SVD 量化时间: 0.0178 秒
cluster: 2
group_size: 128
cluster Quantizing weight with shape: torch.Size([1024, 128])
cluster: 2
group_size: 128
cluster Quantizing weight with shape: torch.Size([1024, 128])
SVD 奇异值量化时间: 3.1443 秒
angle bits: 3
SVD 量化时间: 0.0179 秒
cluster: 2
group_size: 128
cluster Quantizing weight with shape: torch.Size([1024, 128])
cluster: 2
group_size: 128
cluster Quantizing weight with shape: torch.Size([1024, 128])
SVD 奇异值量化时间: 2.9793 秒
angle bits: 3
SVD 量化时间: 0.0181 秒
cluster: 2
group_size: 128
cluster Quantizing weight with shape: torch.Size([1024, 128])
cluster: 2
group_size: 128
cluster Quantizing weight with shape: torch.Size([1024, 128])
SVD 奇异值量化时间: 2.9388 秒
angle bits: 3
SVD 量化时间: 0.0187 秒
cluster: 2
group_size: 128
cluster Quantizing weight with shape: torch.Size([1024, 128])
cluster: 2
group_size: 128
cluster Quantizing weight with shape: torch.Size([1024, 128])
SVD 奇异值量化时间: 2.7488 秒
angle bits: 3
SVD 量化时间: 0.0182 秒
cluster: 2
group_size: 128
cluster Quantizing weight with shape: torch.Size([1024, 128])
cluster: 2
group_size: 128
cluster Quantizing weight with shape: torch.Size([1024, 128])
SVD 奇异值量化时间: 2.7106 秒
angle bits: 3
SVD 量化时间: 0.0239 秒
cluster: 2
group_size: 128
cluster Quantizing weight with shape: torch.Size([1024, 128])
cluster: 2
group_size: 128
cluster Quantizing weight with shape: torch.Size([1024, 128])
SVD 奇异值量化时间: 2.6940 秒
angle bits: 3
SVD 量化时间: 0.0183 秒
cluster: 2
group_size: 128
cluster Quantizing weight with shape: torch.Size([1024, 128])
cluster: 2
group_size: 128
cluster Quantizing weight with shape: torch.Size([1024, 128])
SVD 奇异值量化时间: 2.6703 秒
angle bits: 3
SVD 量化时间: 0.0188 秒
cluster: 2
group_size: 128
cluster Quantizing weight with shape: torch.Size([1024, 128])
cluster: 2
group_size: 128
cluster Quantizing weight with shape: torch.Size([1024, 128])
SVD 奇异值量化时间: 2.9634 秒
angle bits: 3
SVD 量化时间: 0.0179 秒
cluster: 2
group_size: 128
cluster Quantizing weight with shape: torch.Size([1024, 128])
cluster: 2
group_size: 128
cluster Quantizing weight with shape: torch.Size([1024, 128])
SVD 奇异值量化时间: 2.9755 秒
angle bits: 3
SVD 量化时间: 0.0176 秒
cluster: 2
group_size: 128
cluster Quantizing weight with shape: torch.Size([1024, 128])
cluster: 2
group_size: 128
cluster Quantizing weight with shape: torch.Size([1024, 128])
SVD 奇异值量化时间: 3.0419 秒
angle bits: 3
SVD 量化时间: 0.0173 秒
cluster: 2
group_size: 128
cluster Quantizing weight with shape: torch.Size([1024, 128])
cluster: 2
group_size: 128
cluster Quantizing weight with shape: torch.Size([1024, 128])
SVD 奇异值量化时间: 3.0504 秒
angle bits: 3
SVD 量化时间: 0.0170 秒
cluster: 2
group_size: 128
cluster Quantizing weight with shape: torch.Size([1024, 128])
cluster: 2
group_size: 128
cluster Quantizing weight with shape: torch.Size([1024, 128])
SVD 奇异值量化时间: 3.0237 秒
angle bits: 3
SVD 量化时间: 0.0176 秒
cluster: 2
group_size: 128
cluster Quantizing weight with shape: torch.Size([1024, 128])
cluster: 2
group_size: 128
cluster Quantizing weight with shape: torch.Size([1024, 128])
SVD 奇异值量化时间: 5.1678 秒
angle bits: 3
SVD 量化时间: 0.0179 秒
cluster: 2
group_size: 128
cluster Quantizing weight with shape: torch.Size([1024, 128])
cluster: 2
group_size: 128
cluster Quantizing weight with shape: torch.Size([1024, 128])
SVD 奇异值量化时间: 2.9758 秒
angle bits: 3
SVD 量化时间: 0.0174 秒
cluster: 2
group_size: 128
cluster Quantizing weight with shape: torch.Size([1024, 128])
cluster: 2
group_size: 128
cluster Quantizing weight with shape: torch.Size([1024, 128])
SVD 奇异值量化时间: 3.0930 秒
1 self_attn.o_proj
Quantizing ...
使用blocksize: 128进行量化
angle bits: 3
SVD 量化时间: 0.0155 秒
cluster: 2
group_size: 128
cluster Quantizing weight with shape: torch.Size([1024, 128])
cluster: 2
group_size: 128
cluster Quantizing weight with shape: torch.Size([1024, 128])
SVD 奇异值量化时间: 3.1045 秒
angle bits: 3
SVD 量化时间: 0.0180 秒
cluster: 2
group_size: 128
cluster Quantizing weight with shape: torch.Size([1024, 128])
cluster: 2
group_size: 128
cluster Quantizing weight with shape: torch.Size([1024, 128])
SVD 奇异值量化时间: 3.1443 秒
angle bits: 3
SVD 量化时间: 0.0180 秒
cluster: 2
group_size: 128
cluster Quantizing weight with shape: torch.Size([1024, 128])
cluster: 2
group_size: 128
cluster Quantizing weight with shape: torch.Size([1024, 128])
SVD 奇异值量化时间: 3.0473 秒
angle bits: 3
SVD 量化时间: 0.0184 秒
cluster: 2
group_size: 128
cluster Quantizing weight with shape: torch.Size([1024, 128])
cluster: 2
group_size: 128
cluster Quantizing weight with shape: torch.Size([1024, 128])
SVD 奇异值量化时间: 2.9992 秒
angle bits: 3
SVD 量化时间: 0.0182 秒
cluster: 2
group_size: 128
cluster Quantizing weight with shape: torch.Size([1024, 128])
cluster: 2
group_size: 128
cluster Quantizing weight with shape: torch.Size([1024, 128])
SVD 奇异值量化时间: 2.7573 秒
angle bits: 3
SVD 量化时间: 0.0188 秒
cluster: 2
group_size: 128
cluster Quantizing weight with shape: torch.Size([1024, 128])
cluster: 2
group_size: 128
cluster Quantizing weight with shape: torch.Size([1024, 128])
SVD 奇异值量化时间: 2.6911 秒
angle bits: 3
SVD 量化时间: 0.0187 秒
cluster: 2
group_size: 128
cluster Quantizing weight with shape: torch.Size([1024, 128])
cluster: 2
group_size: 128
cluster Quantizing weight with shape: torch.Size([1024, 128])
SVD 奇异值量化时间: 2.6871 秒
angle bits: 3
SVD 量化时间: 0.0187 秒
cluster: 2
group_size: 128
cluster Quantizing weight with shape: torch.Size([1024, 128])
cluster: 2
group_size: 128
cluster Quantizing weight with shape: torch.Size([1024, 128])
SVD 奇异值量化时间: 2.7415 秒
angle bits: 3
SVD 量化时间: 0.0188 秒
cluster: 2
group_size: 128
cluster Quantizing weight with shape: torch.Size([1024, 128])
cluster: 2
group_size: 128
cluster Quantizing weight with shape: torch.Size([1024, 128])
SVD 奇异值量化时间: 2.8648 秒
angle bits: 3
SVD 量化时间: 0.0184 秒
cluster: 2
group_size: 128
cluster Quantizing weight with shape: torch.Size([1024, 128])
cluster: 2
group_size: 128
cluster Quantizing weight with shape: torch.Size([1024, 128])
SVD 奇异值量化时间: 3.0110 秒
angle bits: 3
SVD 量化时间: 0.0183 秒
cluster: 2
group_size: 128
cluster Quantizing weight with shape: torch.Size([1024, 128])
cluster: 2
group_size: 128
cluster Quantizing weight with shape: torch.Size([1024, 128])
SVD 奇异值量化时间: 3.0062 秒
angle bits: 3
SVD 量化时间: 0.0178 秒
cluster: 2
group_size: 128
cluster Quantizing weight with shape: torch.Size([1024, 128])
cluster: 2
group_size: 128
cluster Quantizing weight with shape: torch.Size([1024, 128])
SVD 奇异值量化时间: 3.0063 秒
angle bits: 3
SVD 量化时间: 0.0182 秒
cluster: 2
group_size: 128
cluster Quantizing weight with shape: torch.Size([1024, 128])
cluster: 2
group_size: 128
cluster Quantizing weight with shape: torch.Size([1024, 128])
SVD 奇异值量化时间: 3.0395 秒
angle bits: 3
SVD 量化时间: 0.0183 秒
cluster: 2
group_size: 128
cluster Quantizing weight with shape: torch.Size([1024, 128])
cluster: 2
group_size: 128
cluster Quantizing weight with shape: torch.Size([1024, 128])
SVD 奇异值量化时间: 5.1100 秒
angle bits: 3
SVD 量化时间: 0.0180 秒
cluster: 2
group_size: 128
cluster Quantizing weight with shape: torch.Size([1024, 128])
cluster: 2
group_size: 128
cluster Quantizing weight with shape: torch.Size([1024, 128])
SVD 奇异值量化时间: 2.9697 秒
angle bits: 3
SVD 量化时间: 0.0234 秒
cluster: 2
group_size: 128
cluster Quantizing weight with shape: torch.Size([1024, 128])
cluster: 2
group_size: 128
cluster Quantizing weight with shape: torch.Size([1024, 128])
SVD 奇异值量化时间: 3.0811 秒
angle bits: 3
SVD 量化时间: 0.0178 秒
cluster: 2
group_size: 128
cluster Quantizing weight with shape: torch.Size([1024, 128])
cluster: 2
group_size: 128
cluster Quantizing weight with shape: torch.Size([1024, 128])
SVD 奇异值量化时间: 3.1288 秒
angle bits: 3
SVD 量化时间: 0.0247 秒
cluster: 2
group_size: 128
cluster Quantizing weight with shape: torch.Size([1024, 128])
cluster: 2
group_size: 128
cluster Quantizing weight with shape: torch.Size([1024, 128])
SVD 奇异值量化时间: 3.1290 秒
angle bits: 3
SVD 量化时间: 0.0178 秒
cluster: 2
group_size: 128
cluster Quantizing weight with shape: torch.Size([1024, 128])
cluster: 2
group_size: 128
cluster Quantizing weight with shape: torch.Size([1024, 128])
SVD 奇异值量化时间: 3.0916 秒
angle bits: 3
SVD 量化时间: 0.0182 秒
cluster: 2
group_size: 128
cluster Quantizing weight with shape: torch.Size([1024, 128])
cluster: 2
group_size: 128
cluster Quantizing weight with shape: torch.Size([1024, 128])
SVD 奇异值量化时间: 3.0452 秒
angle bits: 3
SVD 量化时间: 0.0177 秒
cluster: 2
group_size: 128
cluster Quantizing weight with shape: torch.Size([1024, 128])
cluster: 2
group_size: 128
cluster Quantizing weight with shape: torch.Size([1024, 128])
SVD 奇异值量化时间: 2.7901 秒
angle bits: 3
SVD 量化时间: 0.0185 秒
cluster: 2
group_size: 128
cluster Quantizing weight with shape: torch.Size([1024, 128])
cluster: 2
group_size: 128
cluster Quantizing weight with shape: torch.Size([1024, 128])
SVD 奇异值量化时间: 2.6866 秒
angle bits: 3
SVD 量化时间: 0.0185 秒
cluster: 2
group_size: 128
cluster Quantizing weight with shape: torch.Size([1024, 128])
cluster: 2
group_size: 128
cluster Quantizing weight with shape: torch.Size([1024, 128])
SVD 奇异值量化时间: 2.7251 秒
angle bits: 3
SVD 量化时间: 0.0173 秒
cluster: 2
group_size: 128
cluster Quantizing weight with shape: torch.Size([1024, 128])
cluster: 2
group_size: 128
cluster Quantizing weight with shape: torch.Size([1024, 128])
SVD 奇异值量化时间: 2.7182 秒
angle bits: 3
SVD 量化时间: 0.0173 秒
cluster: 2
group_size: 128
cluster Quantizing weight with shape: torch.Size([1024, 128])
cluster: 2
group_size: 128
cluster Quantizing weight with shape: torch.Size([1024, 128])
SVD 奇异值量化时间: 2.7520 秒
angle bits: 3
SVD 量化时间: 0.0174 秒
cluster: 2
group_size: 128
cluster Quantizing weight with shape: torch.Size([1024, 128])
cluster: 2
group_size: 128
cluster Quantizing weight with shape: torch.Size([1024, 128])
SVD 奇异值量化时间: 3.0355 秒
angle bits: 3
SVD 量化时间: 0.0174 秒
cluster: 2
group_size: 128
cluster Quantizing weight with shape: torch.Size([1024, 128])
cluster: 2
group_size: 128
cluster Quantizing weight with shape: torch.Size([1024, 128])
SVD 奇异值量化时间: 3.0163 秒
angle bits: 3
SVD 量化时间: 0.0176 秒
cluster: 2
group_size: 128
cluster Quantizing weight with shape: torch.Size([1024, 128])
cluster: 2
group_size: 128
cluster Quantizing weight with shape: torch.Size([1024, 128])
SVD 奇异值量化时间: 3.0123 秒
angle bits: 3
SVD 量化时间: 0.0166 秒
cluster: 2
group_size: 128
cluster Quantizing weight with shape: torch.Size([1024, 128])
cluster: 2
group_size: 128
cluster Quantizing weight with shape: torch.Size([1024, 128])
SVD 奇异值量化时间: 3.0392 秒
angle bits: 3
SVD 量化时间: 0.0177 秒
cluster: 2
group_size: 128
cluster Quantizing weight with shape: torch.Size([1024, 128])
cluster: 2
group_size: 128
cluster Quantizing weight with shape: torch.Size([1024, 128])
SVD 奇异值量化时间: 3.1710 秒
angle bits: 3
SVD 量化时间: 0.0535 秒
cluster: 2
group_size: 128
cluster Quantizing weight with shape: torch.Size([1024, 128])
cluster: 2
group_size: 128
cluster Quantizing weight with shape: torch.Size([1024, 128])
SVD 奇异值量化时间: 4.9046 秒
angle bits: 3
SVD 量化时间: 0.0258 秒
cluster: 2
group_size: 128
cluster Quantizing weight with shape: torch.Size([1024, 128])
cluster: 2
group_size: 128
cluster Quantizing weight with shape: torch.Size([1024, 128])
SVD 奇异值量化时间: 2.9956 秒
1 mlp.gate_proj
Quantizing ...
使用blocksize: 128进行量化
angle bits: 3
SVD 量化时间: 0.0384 秒
cluster: 2
group_size: 128
cluster Quantizing weight with shape: torch.Size([2752, 128])
cluster: 2
group_size: 128
cluster Quantizing weight with shape: torch.Size([2752, 128])
SVD 奇异值量化时间: 8.4499 秒
angle bits: 3
SVD 量化时间: 0.0452 秒
cluster: 2
group_size: 128
cluster Quantizing weight with shape: torch.Size([2752, 128])
cluster: 2
group_size: 128
cluster Quantizing weight with shape: torch.Size([2752, 128])
SVD 奇异值量化时间: 7.8607 秒
angle bits: 3
SVD 量化时间: 0.0459 秒
cluster: 2
group_size: 128
cluster Quantizing weight with shape: torch.Size([2752, 128])
cluster: 2
group_size: 128
cluster Quantizing weight with shape: torch.Size([2752, 128])
SVD 奇异值量化时间: 7.3406 秒
angle bits: 3
SVD 量化时间: 0.0472 秒
cluster: 2
group_size: 128
cluster Quantizing weight with shape: torch.Size([2752, 128])
cluster: 2
group_size: 128
cluster Quantizing weight with shape: torch.Size([2752, 128])
SVD 奇异值量化时间: 7.6958 秒
angle bits: 3
SVD 量化时间: 0.0454 秒
cluster: 2
group_size: 128
cluster Quantizing weight with shape: torch.Size([2752, 128])
cluster: 2
group_size: 128
cluster Quantizing weight with shape: torch.Size([2752, 128])
SVD 奇异值量化时间: 8.0992 秒
angle bits: 3
SVD 量化时间: 0.0454 秒
cluster: 2
group_size: 128
cluster Quantizing weight with shape: torch.Size([2752, 128])
cluster: 2
group_size: 128
cluster Quantizing weight with shape: torch.Size([2752, 128])
SVD 奇异值量化时间: 10.3144 秒
angle bits: 3
SVD 量化时间: 0.0453 秒
cluster: 2
group_size: 128
cluster Quantizing weight with shape: torch.Size([2752, 128])
cluster: 2
group_size: 128
cluster Quantizing weight with shape: torch.Size([2752, 128])
SVD 奇异值量化时间: 8.4684 秒
angle bits: 3
SVD 量化时间: 0.0450 秒
cluster: 2
group_size: 128
cluster Quantizing weight with shape: torch.Size([2752, 128])
cluster: 2
group_size: 128
cluster Quantizing weight with shape: torch.Size([2752, 128])
SVD 奇异值量化时间: 7.9309 秒
angle bits: 3
SVD 量化时间: 0.0467 秒
cluster: 2
group_size: 128
cluster Quantizing weight with shape: torch.Size([2752, 128])
cluster: 2
group_size: 128
cluster Quantizing weight with shape: torch.Size([2752, 128])
SVD 奇异值量化时间: 7.2291 秒
angle bits: 3
SVD 量化时间: 0.0466 秒
cluster: 2
group_size: 128
cluster Quantizing weight with shape: torch.Size([2752, 128])
cluster: 2
group_size: 128
cluster Quantizing weight with shape: torch.Size([2752, 128])
SVD 奇异值量化时间: 7.8090 秒
angle bits: 3
SVD 量化时间: 0.0457 秒
cluster: 2
group_size: 128
cluster Quantizing weight with shape: torch.Size([2752, 128])
cluster: 2
group_size: 128
cluster Quantizing weight with shape: torch.Size([2752, 128])
SVD 奇异值量化时间: 8.1033 秒
angle bits: 3
SVD 量化时间: 0.0454 秒
cluster: 2
group_size: 128
cluster Quantizing weight with shape: torch.Size([2752, 128])
cluster: 2
group_size: 128
cluster Quantizing weight with shape: torch.Size([2752, 128])
SVD 奇异值量化时间: 9.9556 秒
angle bits: 3
SVD 量化时间: 0.0444 秒
cluster: 2
group_size: 128
cluster Quantizing weight with shape: torch.Size([2752, 128])
cluster: 2
group_size: 128
cluster Quantizing weight with shape: torch.Size([2752, 128])
SVD 奇异值量化时间: 8.4249 秒
angle bits: 3
SVD 量化时间: 0.0451 秒
cluster: 2
group_size: 128
cluster Quantizing weight with shape: torch.Size([2752, 128])
cluster: 2
group_size: 128
cluster Quantizing weight with shape: torch.Size([2752, 128])
SVD 奇异值量化时间: 8.1642 秒
angle bits: 3
SVD 量化时间: 0.0457 秒
cluster: 2
group_size: 128
cluster Quantizing weight with shape: torch.Size([2752, 128])
cluster: 2
group_size: 128
cluster Quantizing weight with shape: torch.Size([2752, 128])
SVD 奇异值量化时间: 7.5649 秒
angle bits: 3
SVD 量化时间: 0.0463 秒
cluster: 2
group_size: 128
cluster Quantizing weight with shape: torch.Size([2752, 128])
cluster: 2
group_size: 128
cluster Quantizing weight with shape: torch.Size([2752, 128])
SVD 奇异值量化时间: 7.7801 秒
angle bits: 3
SVD 量化时间: 0.0454 秒
cluster: 2
group_size: 128
cluster Quantizing weight with shape: torch.Size([2752, 128])
cluster: 2
group_size: 128
cluster Quantizing weight with shape: torch.Size([2752, 128])
SVD 奇异值量化时间: 8.0896 秒
angle bits: 3
SVD 量化时间: 0.0452 秒
cluster: 2
group_size: 128
cluster Quantizing weight with shape: torch.Size([2752, 128])
cluster: 2
group_size: 128
cluster Quantizing weight with shape: torch.Size([2752, 128])
SVD 奇异值量化时间: 10.2213 秒
angle bits: 3
SVD 量化时间: 0.0485 秒
cluster: 2
group_size: 128
cluster Quantizing weight with shape: torch.Size([2752, 128])
cluster: 2
group_size: 128
cluster Quantizing weight with shape: torch.Size([2752, 128])
SVD 奇异值量化时间: 8.4126 秒
angle bits: 3
SVD 量化时间: 0.0449 秒
cluster: 2
group_size: 128
cluster Quantizing weight with shape: torch.Size([2752, 128])
cluster: 2
group_size: 128
cluster Quantizing weight with shape: torch.Size([2752, 128])
SVD 奇异值量化时间: 8.0472 秒
angle bits: 3
SVD 量化时间: 0.0505 秒
cluster: 2
group_size: 128
cluster Quantizing weight with shape: torch.Size([2752, 128])
cluster: 2
group_size: 128
cluster Quantizing weight with shape: torch.Size([2752, 128])
SVD 奇异值量化时间: 7.3193 秒
angle bits: 3
SVD 量化时间: 0.0464 秒
cluster: 2
group_size: 128
cluster Quantizing weight with shape: torch.Size([2752, 128])
cluster: 2
group_size: 128
cluster Quantizing weight with shape: torch.Size([2752, 128])
SVD 奇异值量化时间: 7.6492 秒
angle bits: 3
SVD 量化时间: 0.0485 秒
cluster: 2
group_size: 128
cluster Quantizing weight with shape: torch.Size([2752, 128])
cluster: 2
group_size: 128
cluster Quantizing weight with shape: torch.Size([2752, 128])
SVD 奇异值量化时间: 8.1542 秒
angle bits: 3
SVD 量化时间: 0.0501 秒
cluster: 2
group_size: 128
cluster Quantizing weight with shape: torch.Size([2752, 128])
cluster: 2
group_size: 128
cluster Quantizing weight with shape: torch.Size([2752, 128])
SVD 奇异值量化时间: 10.2142 秒
angle bits: 3
SVD 量化时间: 0.0442 秒
cluster: 2
group_size: 128
cluster Quantizing weight with shape: torch.Size([2752, 128])
cluster: 2
group_size: 128
cluster Quantizing weight with shape: torch.Size([2752, 128])
SVD 奇异值量化时间: 8.4151 秒
angle bits: 3
SVD 量化时间: 0.0528 秒
cluster: 2
group_size: 128
cluster Quantizing weight with shape: torch.Size([2752, 128])
cluster: 2
group_size: 128
cluster Quantizing weight with shape: torch.Size([2752, 128])
SVD 奇异值量化时间: 8.2010 秒
angle bits: 3
SVD 量化时间: 0.0462 秒
cluster: 2
group_size: 128
cluster Quantizing weight with shape: torch.Size([2752, 128])
cluster: 2
group_size: 128
cluster Quantizing weight with shape: torch.Size([2752, 128])
SVD 奇异值量化时间: 7.4011 秒
angle bits: 3
SVD 量化时间: 0.0462 秒
cluster: 2
group_size: 128
cluster Quantizing weight with shape: torch.Size([2752, 128])
cluster: 2
group_size: 128
cluster Quantizing weight with shape: torch.Size([2752, 128])
SVD 奇异值量化时间: 7.6116 秒
angle bits: 3
SVD 量化时间: 0.0515 秒
cluster: 2
group_size: 128
cluster Quantizing weight with shape: torch.Size([2752, 128])
cluster: 2
group_size: 128
cluster Quantizing weight with shape: torch.Size([2752, 128])
SVD 奇异值量化时间: 8.1175 秒
angle bits: 3
SVD 量化时间: 0.0474 秒
cluster: 2
group_size: 128
cluster Quantizing weight with shape: torch.Size([2752, 128])
cluster: 2
group_size: 128
cluster Quantizing weight with shape: torch.Size([2752, 128])
SVD 奇异值量化时间: 10.2148 秒
angle bits: 3
SVD 量化时间: 0.0450 秒
cluster: 2
group_size: 128
cluster Quantizing weight with shape: torch.Size([2752, 128])
cluster: 2
group_size: 128
cluster Quantizing weight with shape: torch.Size([2752, 128])
SVD 奇异值量化时间: 8.3761 秒
angle bits: 3
SVD 量化时间: 0.0449 秒
cluster: 2
group_size: 128
cluster Quantizing weight with shape: torch.Size([2752, 128])
cluster: 2
group_size: 128
cluster Quantizing weight with shape: torch.Size([2752, 128])
SVD 奇异值量化时间: 8.1815 秒
1 mlp.up_proj
Quantizing ...
使用blocksize: 128进行量化
angle bits: 3
SVD 量化时间: 0.0403 秒
cluster: 2
group_size: 128
cluster Quantizing weight with shape: torch.Size([2752, 128])
cluster: 2
group_size: 128
cluster Quantizing weight with shape: torch.Size([2752, 128])
SVD 奇异值量化时间: 7.3800 秒
angle bits: 3
SVD 量化时间: 0.0471 秒
cluster: 2
group_size: 128
cluster Quantizing weight with shape: torch.Size([2752, 128])
cluster: 2
group_size: 128
cluster Quantizing weight with shape: torch.Size([2752, 128])
SVD 奇异值量化时间: 7.5503 秒
angle bits: 3
SVD 量化时间: 0.0454 秒
cluster: 2
group_size: 128
cluster Quantizing weight with shape: torch.Size([2752, 128])
cluster: 2
group_size: 128
cluster Quantizing weight with shape: torch.Size([2752, 128])
SVD 奇异值量化时间: 8.1129 秒
angle bits: 3
SVD 量化时间: 0.0461 秒
cluster: 2
group_size: 128
cluster Quantizing weight with shape: torch.Size([2752, 128])
cluster: 2
group_size: 128
cluster Quantizing weight with shape: torch.Size([2752, 128])
SVD 奇异值量化时间: 10.2319 秒
angle bits: 3
SVD 量化时间: 0.0459 秒
cluster: 2
group_size: 128
cluster Quantizing weight with shape: torch.Size([2752, 128])
cluster: 2
group_size: 128
cluster Quantizing weight with shape: torch.Size([2752, 128])
SVD 奇异值量化时间: 8.3474 秒
angle bits: 3
SVD 量化时间: 0.0452 秒
cluster: 2
group_size: 128
cluster Quantizing weight with shape: torch.Size([2752, 128])
cluster: 2
group_size: 128
cluster Quantizing weight with shape: torch.Size([2752, 128])
SVD 奇异值量化时间: 8.2658 秒
angle bits: 3
SVD 量化时间: 0.0528 秒
cluster: 2
group_size: 128
cluster Quantizing weight with shape: torch.Size([2752, 128])
cluster: 2
group_size: 128
cluster Quantizing weight with shape: torch.Size([2752, 128])
SVD 奇异值量化时间: 7.4550 秒
angle bits: 3
SVD 量化时间: 0.0450 秒
cluster: 2
group_size: 128
cluster Quantizing weight with shape: torch.Size([2752, 128])
cluster: 2
group_size: 128
cluster Quantizing weight with shape: torch.Size([2752, 128])
SVD 奇异值量化时间: 7.7495 秒
angle bits: 3
SVD 量化时间: 0.0451 秒
cluster: 2
group_size: 128
cluster Quantizing weight with shape: torch.Size([2752, 128])
cluster: 2
group_size: 128
cluster Quantizing weight with shape: torch.Size([2752, 128])
SVD 奇异值量化时间: 8.0865 秒
angle bits: 3
SVD 量化时间: 0.0454 秒
cluster: 2
group_size: 128
cluster Quantizing weight with shape: torch.Size([2752, 128])
cluster: 2
group_size: 128
cluster Quantizing weight with shape: torch.Size([2752, 128])
SVD 奇异值量化时间: 10.3008 秒
angle bits: 3
SVD 量化时间: 0.0457 秒
cluster: 2
group_size: 128
cluster Quantizing weight with shape: torch.Size([2752, 128])
cluster: 2
group_size: 128
cluster Quantizing weight with shape: torch.Size([2752, 128])
SVD 奇异值量化时间: 8.3302 秒
angle bits: 3
SVD 量化时间: 0.0452 秒
cluster: 2
group_size: 128
cluster Quantizing weight with shape: torch.Size([2752, 128])
cluster: 2
group_size: 128
cluster Quantizing weight with shape: torch.Size([2752, 128])
SVD 奇异值量化时间: 8.1319 秒
angle bits: 3
SVD 量化时间: 0.0448 秒
cluster: 2
group_size: 128
cluster Quantizing weight with shape: torch.Size([2752, 128])
cluster: 2
group_size: 128
cluster Quantizing weight with shape: torch.Size([2752, 128])
SVD 奇异值量化时间: 7.3899 秒
angle bits: 3
SVD 量化时间: 0.0467 秒
cluster: 2
group_size: 128
cluster Quantizing weight with shape: torch.Size([2752, 128])
cluster: 2
group_size: 128
cluster Quantizing weight with shape: torch.Size([2752, 128])
SVD 奇异值量化时间: 7.5697 秒
angle bits: 3
SVD 量化时间: 0.0453 秒
cluster: 2
group_size: 128
cluster Quantizing weight with shape: torch.Size([2752, 128])
cluster: 2
group_size: 128
cluster Quantizing weight with shape: torch.Size([2752, 128])
SVD 奇异值量化时间: 8.0765 秒
angle bits: 3
SVD 量化时间: 0.0455 秒
cluster: 2
group_size: 128
cluster Quantizing weight with shape: torch.Size([2752, 128])
cluster: 2
group_size: 128
cluster Quantizing weight with shape: torch.Size([2752, 128])
SVD 奇异值量化时间: 10.3142 秒
angle bits: 3
SVD 量化时间: 0.0457 秒
cluster: 2
group_size: 128
cluster Quantizing weight with shape: torch.Size([2752, 128])
cluster: 2
group_size: 128
cluster Quantizing weight with shape: torch.Size([2752, 128])
SVD 奇异值量化时间: 8.3247 秒
angle bits: 3
SVD 量化时间: 0.0520 秒
cluster: 2
group_size: 128
cluster Quantizing weight with shape: torch.Size([2752, 128])
cluster: 2
group_size: 128
cluster Quantizing weight with shape: torch.Size([2752, 128])
SVD 奇异值量化时间: 8.2738 秒
angle bits: 3
SVD 量化时间: 0.0451 秒
cluster: 2
group_size: 128
cluster Quantizing weight with shape: torch.Size([2752, 128])
cluster: 2
group_size: 128
cluster Quantizing weight with shape: torch.Size([2752, 128])
SVD 奇异值量化时间: 7.4527 秒
angle bits: 3
SVD 量化时间: 0.0463 秒
cluster: 2
group_size: 128
cluster Quantizing weight with shape: torch.Size([2752, 128])
cluster: 2
group_size: 128
cluster Quantizing weight with shape: torch.Size([2752, 128])
SVD 奇异值量化时间: 7.4927 秒
angle bits: 3
SVD 量化时间: 0.0455 秒
cluster: 2
group_size: 128
cluster Quantizing weight with shape: torch.Size([2752, 128])
cluster: 2
group_size: 128
cluster Quantizing weight with shape: torch.Size([2752, 128])
SVD 奇异值量化时间: 8.1142 秒
angle bits: 3
SVD 量化时间: 0.0454 秒
cluster: 2
group_size: 128
cluster Quantizing weight with shape: torch.Size([2752, 128])
cluster: 2
group_size: 128
cluster Quantizing weight with shape: torch.Size([2752, 128])
SVD 奇异值量化时间: 10.1329 秒
angle bits: 3
SVD 量化时间: 0.0485 秒
cluster: 2
group_size: 128
cluster Quantizing weight with shape: torch.Size([2752, 128])
cluster: 2
group_size: 128
cluster Quantizing weight with shape: torch.Size([2752, 128])
SVD 奇异值量化时间: 8.3057 秒
angle bits: 3
SVD 量化时间: 0.0485 秒
cluster: 2
group_size: 128
cluster Quantizing weight with shape: torch.Size([2752, 128])
cluster: 2
group_size: 128
cluster Quantizing weight with shape: torch.Size([2752, 128])
SVD 奇异值量化时间: 8.1921 秒
angle bits: 3
SVD 量化时间: 0.0455 秒
cluster: 2
group_size: 128
cluster Quantizing weight with shape: torch.Size([2752, 128])
cluster: 2
group_size: 128
cluster Quantizing weight with shape: torch.Size([2752, 128])
SVD 奇异值量化时间: 7.3699 秒
angle bits: 3
SVD 量化时间: 0.0481 秒
cluster: 2
group_size: 128
cluster Quantizing weight with shape: torch.Size([2752, 128])
cluster: 2
group_size: 128
cluster Quantizing weight with shape: torch.Size([2752, 128])
SVD 奇异值量化时间: 7.3511 秒
angle bits: 3
SVD 量化时间: 0.0452 秒
cluster: 2
group_size: 128
cluster Quantizing weight with shape: torch.Size([2752, 128])
cluster: 2
group_size: 128
cluster Quantizing weight with shape: torch.Size([2752, 128])
SVD 奇异值量化时间: 8.0834 秒
angle bits: 3
SVD 量化时间: 0.0446 秒
cluster: 2
group_size: 128
cluster Quantizing weight with shape: torch.Size([2752, 128])
cluster: 2
group_size: 128
cluster Quantizing weight with shape: torch.Size([2752, 128])
SVD 奇异值量化时间: 6.6873 秒
angle bits: 3
SVD 量化时间: 0.0393 秒
cluster: 2
group_size: 128
cluster Quantizing weight with shape: torch.Size([2752, 128])
cluster: 2
group_size: 128
cluster Quantizing weight with shape: torch.Size([2752, 128])
SVD 奇异值量化时间: 2.4993 秒
angle bits: 3
SVD 量化时间: 0.0393 秒
cluster: 2
group_size: 128
cluster Quantizing weight with shape: torch.Size([2752, 128])
cluster: 2
group_size: 128
cluster Quantizing weight with shape: torch.Size([2752, 128])
SVD 奇异值量化时间: 2.5156 秒
angle bits: 3
SVD 量化时间: 0.0392 秒
cluster: 2
group_size: 128
cluster Quantizing weight with shape: torch.Size([2752, 128])
cluster: 2
group_size: 128
cluster Quantizing weight with shape: torch.Size([2752, 128])
SVD 奇异值量化时间: 2.4838 秒
angle bits: 3
SVD 量化时间: 0.0394 秒
cluster: 2
group_size: 128
cluster Quantizing weight with shape: torch.Size([2752, 128])
cluster: 2
group_size: 128
cluster Quantizing weight with shape: torch.Size([2752, 128])
SVD 奇异值量化时间: 2.4979 秒
1 mlp.down_proj
Quantizing ...
使用blocksize: 128进行量化
angle bits: 3
SVD 量化时间: 0.0140 秒
cluster: 2
group_size: 128
cluster Quantizing weight with shape: torch.Size([1024, 128])
cluster: 2
group_size: 128
cluster Quantizing weight with shape: torch.Size([1024, 128])
SVD 奇异值量化时间: 0.9359 秒
angle bits: 3
SVD 量化时间: 0.0177 秒
cluster: 2
group_size: 128
cluster Quantizing weight with shape: torch.Size([1024, 128])
cluster: 2
group_size: 128
cluster Quantizing weight with shape: torch.Size([1024, 128])
SVD 奇异值量化时间: 3.7711 秒
angle bits: 3
SVD 量化时间: 0.0542 秒
cluster: 2
group_size: 128
cluster Quantizing weight with shape: torch.Size([1024, 128])
cluster: 2
group_size: 128
cluster Quantizing weight with shape: torch.Size([1024, 128])
SVD 奇异值量化时间: 6.2616 秒
angle bits: 3
SVD 量化时间: 0.0455 秒
cluster: 2
group_size: 128
cluster Quantizing weight with shape: torch.Size([1024, 128])
cluster: 2
group_size: 128
cluster Quantizing weight with shape: torch.Size([1024, 128])
SVD 奇异值量化时间: 6.3135 秒
angle bits: 3
SVD 量化时间: 0.0301 秒
cluster: 2
group_size: 128
cluster Quantizing weight with shape: torch.Size([1024, 128])
cluster: 2
group_size: 128
cluster Quantizing weight with shape: torch.Size([1024, 128])
SVD 奇异值量化时间: 4.2034 秒
angle bits: 3
SVD 量化时间: 0.0158 秒
cluster: 2
group_size: 128
cluster Quantizing weight with shape: torch.Size([1024, 128])
cluster: 2
group_size: 128
cluster Quantizing weight with shape: torch.Size([1024, 128])
SVD 奇异值量化时间: 0.9263 秒
angle bits: 3
SVD 量化时间: 0.0159 秒
cluster: 2
group_size: 128
cluster Quantizing weight with shape: torch.Size([1024, 128])
cluster: 2
group_size: 128
cluster Quantizing weight with shape: torch.Size([1024, 128])
SVD 奇异值量化时间: 0.9323 秒
angle bits: 3
SVD 量化时间: 0.0159 秒
cluster: 2
group_size: 128
cluster Quantizing weight with shape: torch.Size([1024, 128])
cluster: 2
group_size: 128
cluster Quantizing weight with shape: torch.Size([1024, 128])
SVD 奇异值量化时间: 0.9983 秒
angle bits: 3
SVD 量化时间: 0.0159 秒
cluster: 2
group_size: 128
cluster Quantizing weight with shape: torch.Size([1024, 128])
cluster: 2
group_size: 128
cluster Quantizing weight with shape: torch.Size([1024, 128])
SVD 奇异值量化时间: 2.5486 秒
angle bits: 3
SVD 量化时间: 0.0360 秒
cluster: 2
group_size: 128
cluster Quantizing weight with shape: torch.Size([1024, 128])
cluster: 2
group_size: 128
cluster Quantizing weight with shape: torch.Size([1024, 128])
SVD 奇异值量化时间: 2.7112 秒
angle bits: 3
SVD 量化时间: 0.0431 秒
cluster: 2
group_size: 128
cluster Quantizing weight with shape: torch.Size([1024, 128])
cluster: 2
group_size: 128
cluster Quantizing weight with shape: torch.Size([1024, 128])
SVD 奇异值量化时间: 2.5316 秒
angle bits: 3
SVD 量化时间: 0.0525 秒
cluster: 2
group_size: 128
cluster Quantizing weight with shape: torch.Size([1024, 128])
cluster: 2
group_size: 128
cluster Quantizing weight with shape: torch.Size([1024, 128])
SVD 奇异值量化时间: 1.4558 秒
angle bits: 3
SVD 量化时间: 0.0158 秒
cluster: 2
group_size: 128
cluster Quantizing weight with shape: torch.Size([1024, 128])
cluster: 2
group_size: 128
cluster Quantizing weight with shape: torch.Size([1024, 128])
SVD 奇异值量化时间: 0.9666 秒
angle bits: 3
SVD 量化时间: 0.0158 秒
cluster: 2
group_size: 128
cluster Quantizing weight with shape: torch.Size([1024, 128])
cluster: 2
group_size: 128
cluster Quantizing weight with shape: torch.Size([1024, 128])
SVD 奇异值量化时间: 0.9559 秒
angle bits: 3
SVD 量化时间: 0.0157 秒
cluster: 2
group_size: 128
cluster Quantizing weight with shape: torch.Size([1024, 128])
cluster: 2
group_size: 128
cluster Quantizing weight with shape: torch.Size([1024, 128])
SVD 奇异值量化时间: 0.9577 秒
angle bits: 3
SVD 量化时间: 0.0157 秒
cluster: 2
group_size: 128
cluster Quantizing weight with shape: torch.Size([1024, 128])
cluster: 2
group_size: 128
cluster Quantizing weight with shape: torch.Size([1024, 128])
SVD 奇异值量化时间: 0.9586 秒
angle bits: 3
SVD 量化时间: 0.0158 秒
cluster: 2
group_size: 128
cluster Quantizing weight with shape: torch.Size([1024, 128])
cluster: 2
group_size: 128
cluster Quantizing weight with shape: torch.Size([1024, 128])
SVD 奇异值量化时间: 0.9643 秒
angle bits: 3
SVD 量化时间: 0.0157 秒
cluster: 2
group_size: 128
cluster Quantizing weight with shape: torch.Size([1024, 128])
cluster: 2
group_size: 128
cluster Quantizing weight with shape: torch.Size([1024, 128])
SVD 奇异值量化时间: 1.0394 秒
angle bits: 3
SVD 量化时间: 0.0175 秒
cluster: 2
group_size: 128
cluster Quantizing weight with shape: torch.Size([1024, 128])
cluster: 2
group_size: 128
cluster Quantizing weight with shape: torch.Size([1024, 128])
SVD 奇异值量化时间: 4.3575 秒
angle bits: 3
SVD 量化时间: 0.0530 秒
cluster: 2
group_size: 128
cluster Quantizing weight with shape: torch.Size([1024, 128])
cluster: 2
group_size: 128
cluster Quantizing weight with shape: torch.Size([1024, 128])
SVD 奇异值量化时间: 9.6662 秒
angle bits: 3
SVD 量化时间: 0.0533 秒
cluster: 2
group_size: 128
cluster Quantizing weight with shape: torch.Size([1024, 128])
cluster: 2
group_size: 128
cluster Quantizing weight with shape: torch.Size([1024, 128])
SVD 奇异值量化时间: 9.7670 秒
angle bits: 3
SVD 量化时间: 0.0546 秒
cluster: 2
group_size: 128
cluster Quantizing weight with shape: torch.Size([1024, 128])
cluster: 2
group_size: 128
cluster Quantizing weight with shape: torch.Size([1024, 128])
SVD 奇异值量化时间: 10.0286 秒
angle bits: 3
SVD 量化时间: 0.0158 秒
cluster: 2
group_size: 128
cluster Quantizing weight with shape: torch.Size([1024, 128])
cluster: 2
group_size: 128
cluster Quantizing weight with shape: torch.Size([1024, 128])
SVD 奇异值量化时间: 0.9738 秒
angle bits: 3
SVD 量化时间: 0.0157 秒
cluster: 2
group_size: 128
cluster Quantizing weight with shape: torch.Size([1024, 128])
cluster: 2
group_size: 128
cluster Quantizing weight with shape: torch.Size([1024, 128])
SVD 奇异值量化时间: 0.9921 秒
angle bits: 3
SVD 量化时间: 0.0156 秒
cluster: 2
group_size: 128
cluster Quantizing weight with shape: torch.Size([1024, 128])
cluster: 2
group_size: 128
cluster Quantizing weight with shape: torch.Size([1024, 128])
SVD 奇异值量化时间: 0.9722 秒
angle bits: 3
SVD 量化时间: 0.0157 秒
cluster: 2
group_size: 128
cluster Quantizing weight with shape: torch.Size([1024, 128])
cluster: 2
group_size: 128
cluster Quantizing weight with shape: torch.Size([1024, 128])
SVD 奇异值量化时间: 0.9935 秒
angle bits: 3
SVD 量化时间: 0.0156 秒
cluster: 2
group_size: 128
cluster Quantizing weight with shape: torch.Size([1024, 128])
cluster: 2
group_size: 128
cluster Quantizing weight with shape: torch.Size([1024, 128])
SVD 奇异值量化时间: 0.9599 秒
angle bits: 3
SVD 量化时间: 0.0155 秒
cluster: 2
group_size: 128
cluster Quantizing weight with shape: torch.Size([1024, 128])
cluster: 2
group_size: 128
cluster Quantizing weight with shape: torch.Size([1024, 128])
SVD 奇异值量化时间: 0.9622 秒
angle bits: 3
SVD 量化时间: 0.0156 秒
cluster: 2
group_size: 128
cluster Quantizing weight with shape: torch.Size([1024, 128])
cluster: 2
group_size: 128
cluster Quantizing weight with shape: torch.Size([1024, 128])
SVD 奇异值量化时间: 0.9675 秒
angle bits: 3
SVD 量化时间: 0.0156 秒
cluster: 2
group_size: 128
cluster Quantizing weight with shape: torch.Size([1024, 128])
cluster: 2
group_size: 128
cluster Quantizing weight with shape: torch.Size([1024, 128])
SVD 奇异值量化时间: 0.9721 秒
angle bits: 3
SVD 量化时间: 0.0156 秒
cluster: 2
group_size: 128
cluster Quantizing weight with shape: torch.Size([1024, 128])
cluster: 2
group_size: 128
cluster Quantizing weight with shape: torch.Size([1024, 128])
SVD 奇异值量化时间: 0.9577 秒
angle bits: 3
SVD 量化时间: 0.0155 秒
cluster: 2
group_size: 128
cluster Quantizing weight with shape: torch.Size([1024, 128])
cluster: 2
group_size: 128
cluster Quantizing weight with shape: torch.Size([1024, 128])
SVD 奇异值量化时间: 0.9710 秒
angle bits: 3
SVD 量化时间: 0.0171 秒
cluster: 2
group_size: 128
cluster Quantizing weight with shape: torch.Size([1024, 128])
cluster: 2
group_size: 128
cluster Quantizing weight with shape: torch.Size([1024, 128])
SVD 奇异值量化时间: 1.1010 秒
angle bits: 3
SVD 量化时间: 0.0165 秒
cluster: 2
group_size: 128
cluster Quantizing weight with shape: torch.Size([1024, 128])
cluster: 2
group_size: 128
cluster Quantizing weight with shape: torch.Size([1024, 128])
SVD 奇异值量化时间: 7.0923 秒
angle bits: 3
SVD 量化时间: 0.0184 秒
cluster: 2
group_size: 128
cluster Quantizing weight with shape: torch.Size([1024, 128])
cluster: 2
group_size: 128
cluster Quantizing weight with shape: torch.Size([1024, 128])
SVD 奇异值量化时间: 3.0088 秒
angle bits: 3
SVD 量化时间: 0.0210 秒
cluster: 2
group_size: 128
cluster Quantizing weight with shape: torch.Size([1024, 128])
cluster: 2
group_size: 128
cluster Quantizing weight with shape: torch.Size([1024, 128])
SVD 奇异值量化时间: 2.8126 秒
angle bits: 3
SVD 量化时间: 0.0184 秒
cluster: 2
group_size: 128
cluster Quantizing weight with shape: torch.Size([1024, 128])
cluster: 2
group_size: 128
cluster Quantizing weight with shape: torch.Size([1024, 128])
SVD 奇异值量化时间: 3.1442 秒
angle bits: 3
SVD 量化时间: 0.0183 秒
cluster: 2
group_size: 128
cluster Quantizing weight with shape: torch.Size([1024, 128])
cluster: 2
group_size: 128
cluster Quantizing weight with shape: torch.Size([1024, 128])
SVD 奇异值量化时间: 3.1664 秒
angle bits: 3
SVD 量化时间: 0.0184 秒
cluster: 2
group_size: 128
cluster Quantizing weight with shape: torch.Size([1024, 128])
cluster: 2
group_size: 128
cluster Quantizing weight with shape: torch.Size([1024, 128])
SVD 奇异值量化时间: 3.1593 秒
angle bits: 3
SVD 量化时间: 0.0265 秒
cluster: 2
group_size: 128
cluster Quantizing weight with shape: torch.Size([1024, 128])
cluster: 2
group_size: 128
cluster Quantizing weight with shape: torch.Size([1024, 128])
SVD 奇异值量化时间: 3.1789 秒
angle bits: 3
SVD 量化时间: 0.0184 秒
cluster: 2
group_size: 128
cluster Quantizing weight with shape: torch.Size([1024, 128])
cluster: 2
group_size: 128
cluster Quantizing weight with shape: torch.Size([1024, 128])
SVD 奇异值量化时间: 2.9715 秒
angle bits: 3
SVD 量化时间: 0.0186 秒
cluster: 2
group_size: 128
cluster Quantizing weight with shape: torch.Size([1024, 128])
cluster: 2
group_size: 128
cluster Quantizing weight with shape: torch.Size([1024, 128])
SVD 奇异值量化时间: 2.9543 秒
angle bits: 3
SVD 量化时间: 0.0184 秒
cluster: 2
group_size: 128
cluster Quantizing weight with shape: torch.Size([1024, 128])
cluster: 2
group_size: 128
cluster Quantizing weight with shape: torch.Size([1024, 128])
SVD 奇异值量化时间: 2.8374 秒
angle bits: 3
SVD 量化时间: 0.0196 秒
cluster: 2
group_size: 128
cluster Quantizing weight with shape: torch.Size([1024, 128])
cluster: 2
group_size: 128
cluster Quantizing weight with shape: torch.Size([1024, 128])
SVD 奇异值量化时间: 2.6384 秒
angle bits: 3
SVD 量化时间: 0.0183 秒
cluster: 2
group_size: 128
cluster Quantizing weight with shape: torch.Size([1024, 128])
cluster: 2
group_size: 128
cluster Quantizing weight with shape: torch.Size([1024, 128])
SVD 奇异值量化时间: 2.6088 秒
angle bits: 3
SVD 量化时间: 0.0196 秒
cluster: 2
group_size: 128
cluster Quantizing weight with shape: torch.Size([1024, 128])
cluster: 2
group_size: 128
cluster Quantizing weight with shape: torch.Size([1024, 128])
SVD 奇异值量化时间: 2.6920 秒
angle bits: 3
SVD 量化时间: 0.0195 秒
cluster: 2
group_size: 128
cluster Quantizing weight with shape: torch.Size([1024, 128])
cluster: 2
group_size: 128
cluster Quantizing weight with shape: torch.Size([1024, 128])
SVD 奇异值量化时间: 2.7246 秒
angle bits: 3
SVD 量化时间: 0.0194 秒
cluster: 2
group_size: 128
cluster Quantizing weight with shape: torch.Size([1024, 128])
cluster: 2
group_size: 128
cluster Quantizing weight with shape: torch.Size([1024, 128])
SVD 奇异值量化时间: 2.7111 秒
angle bits: 3
SVD 量化时间: 0.0195 秒
cluster: 2
group_size: 128
cluster Quantizing weight with shape: torch.Size([1024, 128])
cluster: 2
group_size: 128
cluster Quantizing weight with shape: torch.Size([1024, 128])
SVD 奇异值量化时间: 2.7041 秒
angle bits: 3
SVD 量化时间: 0.0196 秒
cluster: 2
group_size: 128
cluster Quantizing weight with shape: torch.Size([1024, 128])
cluster: 2
group_size: 128
cluster Quantizing weight with shape: torch.Size([1024, 128])
SVD 奇异值量化时间: 2.7075 秒
angle bits: 3
SVD 量化时间: 0.0193 秒
cluster: 2
group_size: 128
cluster Quantizing weight with shape: torch.Size([1024, 128])
cluster: 2
group_size: 128
cluster Quantizing weight with shape: torch.Size([1024, 128])
SVD 奇异值量化时间: 3.0287 秒
angle bits: 3
SVD 量化时间: 0.0186 秒
cluster: 2
group_size: 128
cluster Quantizing weight with shape: torch.Size([1024, 128])
cluster: 2
group_size: 128
cluster Quantizing weight with shape: torch.Size([1024, 128])
SVD 奇异值量化时间: 2.9177 秒
angle bits: 3
SVD 量化时间: 0.0218 秒
cluster: 2
group_size: 128
cluster Quantizing weight with shape: torch.Size([1024, 128])
cluster: 2
group_size: 128
cluster Quantizing weight with shape: torch.Size([1024, 128])
SVD 奇异值量化时间: 2.9150 秒
angle bits: 3
SVD 量化时间: 0.0175 秒
cluster: 2
group_size: 128
cluster Quantizing weight with shape: torch.Size([1024, 128])
cluster: 2
group_size: 128
cluster Quantizing weight with shape: torch.Size([1024, 128])
SVD 奇异值量化时间: 2.9184 秒
angle bits: 3
SVD 量化时间: 0.0189 秒
cluster: 2
group_size: 128
cluster Quantizing weight with shape: torch.Size([1024, 128])
cluster: 2
group_size: 128
cluster Quantizing weight with shape: torch.Size([1024, 128])
SVD 奇异值量化时间: 2.9533 秒
angle bits: 3
SVD 量化时间: 0.0179 秒
cluster: 2
group_size: 128
cluster Quantizing weight with shape: torch.Size([1024, 128])
cluster: 2
group_size: 128
cluster Quantizing weight with shape: torch.Size([1024, 128])
SVD 奇异值量化时间: 2.9846 秒
angle bits: 3
SVD 量化时间: 0.0179 秒
cluster: 2
group_size: 128
cluster Quantizing weight with shape: torch.Size([1024, 128])
cluster: 2
group_size: 128
cluster Quantizing weight with shape: torch.Size([1024, 128])
SVD 奇异值量化时间: 2.9259 秒
angle bits: 3
SVD 量化时间: 0.0275 秒
cluster: 2
group_size: 128
cluster Quantizing weight with shape: torch.Size([1024, 128])
cluster: 2
group_size: 128
cluster Quantizing weight with shape: torch.Size([1024, 128])
SVD 奇异值量化时间: 2.9423 秒
angle bits: 3
SVD 量化时间: 0.0185 秒
cluster: 2
group_size: 128
cluster Quantizing weight with shape: torch.Size([1024, 128])
cluster: 2
group_size: 128
cluster Quantizing weight with shape: torch.Size([1024, 128])
SVD 奇异值量化时间: 2.9858 秒
angle bits: 3
SVD 量化时间: 0.0184 秒
cluster: 2
group_size: 128
cluster Quantizing weight with shape: torch.Size([1024, 128])
cluster: 2
group_size: 128
cluster Quantizing weight with shape: torch.Size([1024, 128])
SVD 奇异值量化时间: 8.0263 秒
angle bits: 3
SVD 量化时间: 0.0203 秒
cluster: 2
group_size: 128
cluster Quantizing weight with shape: torch.Size([1024, 128])
cluster: 2
group_size: 128
cluster Quantizing weight with shape: torch.Size([1024, 128])
SVD 奇异值量化时间: 2.9048 秒
angle bits: 3
SVD 量化时间: 0.0183 秒
cluster: 2
group_size: 128
cluster Quantizing weight with shape: torch.Size([1024, 128])
cluster: 2
group_size: 128
cluster Quantizing weight with shape: torch.Size([1024, 128])
SVD 奇异值量化时间: 2.9239 秒
angle bits: 3
SVD 量化时间: 0.0185 秒
cluster: 2
group_size: 128
cluster Quantizing weight with shape: torch.Size([1024, 128])
cluster: 2
group_size: 128
cluster Quantizing weight with shape: torch.Size([1024, 128])
SVD 奇异值量化时间: 3.0585 秒
angle bits: 3
SVD 量化时间: 0.0181 秒
cluster: 2
group_size: 128
cluster Quantizing weight with shape: torch.Size([1024, 128])
cluster: 2
group_size: 128
cluster Quantizing weight with shape: torch.Size([1024, 128])
SVD 奇异值量化时间: 3.1576 秒
angle bits: 3
SVD 量化时间: 0.0182 秒
cluster: 2
group_size: 128
cluster Quantizing weight with shape: torch.Size([1024, 128])
cluster: 2
group_size: 128
cluster Quantizing weight with shape: torch.Size([1024, 128])
SVD 奇异值量化时间: 3.1347 秒
angle bits: 3
SVD 量化时间: 0.0210 秒
cluster: 2
group_size: 128
cluster Quantizing weight with shape: torch.Size([1024, 128])
cluster: 2
group_size: 128
cluster Quantizing weight with shape: torch.Size([1024, 128])
SVD 奇异值量化时间: 3.1702 秒
angle bits: 3
SVD 量化时间: 0.0181 秒
cluster: 2
group_size: 128
cluster Quantizing weight with shape: torch.Size([1024, 128])
cluster: 2
group_size: 128
cluster Quantizing weight with shape: torch.Size([1024, 128])
SVD 奇异值量化时间: 3.0353 秒
angle bits: 3
SVD 量化时间: 0.0172 秒
cluster: 2
group_size: 128
cluster Quantizing weight with shape: torch.Size([1024, 128])
cluster: 2
group_size: 128
cluster Quantizing weight with shape: torch.Size([1024, 128])
SVD 奇异值量化时间: 2.8908 秒
angle bits: 3
SVD 量化时间: 0.0179 秒
cluster: 2
group_size: 128
cluster Quantizing weight with shape: torch.Size([1024, 128])
cluster: 2
group_size: 128
cluster Quantizing weight with shape: torch.Size([1024, 128])
SVD 奇异值量化时间: 2.8636 秒
angle bits: 3
SVD 量化时间: 0.0193 秒
cluster: 2
group_size: 128
cluster Quantizing weight with shape: torch.Size([1024, 128])
cluster: 2
group_size: 128
cluster Quantizing weight with shape: torch.Size([1024, 128])
SVD 奇异值量化时间: 2.5680 秒
angle bits: 3
SVD 量化时间: 0.0194 秒
cluster: 2
group_size: 128
cluster Quantizing weight with shape: torch.Size([1024, 128])
cluster: 2
group_size: 128
cluster Quantizing weight with shape: torch.Size([1024, 128])
SVD 奇异值量化时间: 2.7131 秒
angle bits: 3
SVD 量化时间: 0.0190 秒
cluster: 2
group_size: 128
cluster Quantizing weight with shape: torch.Size([1024, 128])
cluster: 2
group_size: 128
cluster Quantizing weight with shape: torch.Size([1024, 128])
SVD 奇异值量化时间: 2.7218 秒
angle bits: 3
SVD 量化时间: 0.0190 秒
cluster: 2
group_size: 128
cluster Quantizing weight with shape: torch.Size([1024, 128])
cluster: 2
group_size: 128
cluster Quantizing weight with shape: torch.Size([1024, 128])
SVD 奇异值量化时间: 2.7056 秒
angle bits: 3
SVD 量化时间: 0.0191 秒
cluster: 2
group_size: 128
cluster Quantizing weight with shape: torch.Size([1024, 128])
cluster: 2
group_size: 128
cluster Quantizing weight with shape: torch.Size([1024, 128])
SVD 奇异值量化时间: 2.7370 秒
angle bits: 3
SVD 量化时间: 0.0192 秒
cluster: 2
group_size: 128
cluster Quantizing weight with shape: torch.Size([1024, 128])
cluster: 2
group_size: 128
cluster Quantizing weight with shape: torch.Size([1024, 128])
SVD 奇异值量化时间: 2.7113 秒
angle bits: 3
SVD 量化时间: 0.0193 秒
cluster: 2
group_size: 128
cluster Quantizing weight with shape: torch.Size([1024, 128])
cluster: 2
group_size: 128
cluster Quantizing weight with shape: torch.Size([1024, 128])
SVD 奇异值量化时间: 2.7134 秒
angle bits: 3
SVD 量化时间: 0.0191 秒
cluster: 2
group_size: 128
cluster Quantizing weight with shape: torch.Size([1024, 128])
cluster: 2
group_size: 128
cluster Quantizing weight with shape: torch.Size([1024, 128])
SVD 奇异值量化时间: 2.7062 秒
angle bits: 3
SVD 量化时间: 0.0192 秒
cluster: 2
group_size: 128
cluster Quantizing weight with shape: torch.Size([1024, 128])
cluster: 2
group_size: 128
cluster Quantizing weight with shape: torch.Size([1024, 128])
SVD 奇异值量化时间: 3.2321 秒
angle bits: 3
SVD 量化时间: 0.0180 秒
cluster: 2
group_size: 128
cluster Quantizing weight with shape: torch.Size([1024, 128])
cluster: 2
group_size: 128
cluster Quantizing weight with shape: torch.Size([1024, 128])
SVD 奇异值量化时间: 2.9507 秒
angle bits: 3
SVD 量化时间: 0.0179 秒
cluster: 2
group_size: 128
cluster Quantizing weight with shape: torch.Size([1024, 128])
cluster: 2
group_size: 128
cluster Quantizing weight with shape: torch.Size([1024, 128])
SVD 奇异值量化时间: 2.9843 秒
angle bits: 3
SVD 量化时间: 0.0176 秒
cluster: 2
group_size: 128
cluster Quantizing weight with shape: torch.Size([1024, 128])
cluster: 2
group_size: 128
cluster Quantizing weight with shape: torch.Size([1024, 128])
SVD 奇异值量化时间: 3.0102 秒
angle bits: 3
SVD 量化时间: 0.0166 秒
cluster: 2
group_size: 128
cluster Quantizing weight with shape: torch.Size([1024, 128])
cluster: 2
group_size: 128
cluster Quantizing weight with shape: torch.Size([1024, 128])
SVD 奇异值量化时间: 2.9858 秒
angle bits: 3
SVD 量化时间: 0.0168 秒
cluster: 2
group_size: 128
cluster Quantizing weight with shape: torch.Size([1024, 128])
cluster: 2
group_size: 128
cluster Quantizing weight with shape: torch.Size([1024, 128])
SVD 奇异值量化时间: 2.9791 秒
angle bits: 3
SVD 量化时间: 0.0180 秒
cluster: 2
group_size: 128
cluster Quantizing weight with shape: torch.Size([1024, 128])
cluster: 2
group_size: 128
cluster Quantizing weight with shape: torch.Size([1024, 128])
SVD 奇异值量化时间: 2.9600 秒
angle bits: 3
SVD 量化时间: 0.0175 秒
cluster: 2
group_size: 128
cluster Quantizing weight with shape: torch.Size([1024, 128])
cluster: 2
group_size: 128
cluster Quantizing weight with shape: torch.Size([1024, 128])
SVD 奇异值量化时间: 2.9367 秒
angle bits: 3
SVD 量化时间: 0.0179 秒
cluster: 2
group_size: 128
cluster Quantizing weight with shape: torch.Size([1024, 128])
cluster: 2
group_size: 128
cluster Quantizing weight with shape: torch.Size([1024, 128])
SVD 奇异值量化时间: 3.6565 秒
2 self_attn.q_proj
Quantizing ...
使用blocksize: 128进行量化
angle bits: 3
SVD 量化时间: 0.0165 秒
cluster: 2
group_size: 128
cluster Quantizing weight with shape: torch.Size([1024, 128])
cluster: 2
group_size: 128
cluster Quantizing weight with shape: torch.Size([1024, 128])
SVD 奇异值量化时间: 2.9053 秒
angle bits: 3
SVD 量化时间: 0.0184 秒
cluster: 2
group_size: 128
cluster Quantizing weight with shape: torch.Size([1024, 128])
cluster: 2
group_size: 128
cluster Quantizing weight with shape: torch.Size([1024, 128])
SVD 奇异值量化时间: 2.9271 秒
angle bits: 3
SVD 量化时间: 0.0168 秒
cluster: 2
group_size: 128
cluster Quantizing weight with shape: torch.Size([1024, 128])
cluster: 2
group_size: 128
cluster Quantizing weight with shape: torch.Size([1024, 128])
SVD 奇异值量化时间: 3.0497 秒
angle bits: 3
SVD 量化时间: 0.0180 秒
cluster: 2
group_size: 128
cluster Quantizing weight with shape: torch.Size([1024, 128])
cluster: 2
group_size: 128
cluster Quantizing weight with shape: torch.Size([1024, 128])
SVD 奇异值量化时间: 3.1070 秒
angle bits: 3
SVD 量化时间: 0.0181 秒
cluster: 2
group_size: 128
cluster Quantizing weight with shape: torch.Size([1024, 128])
cluster: 2
group_size: 128
cluster Quantizing weight with shape: torch.Size([1024, 128])
SVD 奇异值量化时间: 3.1523 秒
angle bits: 3
SVD 量化时间: 0.0180 秒
cluster: 2
group_size: 128
cluster Quantizing weight with shape: torch.Size([1024, 128])
cluster: 2
group_size: 128
cluster Quantizing weight with shape: torch.Size([1024, 128])
SVD 奇异值量化时间: 3.1453 秒
angle bits: 3
SVD 量化时间: 0.0181 秒
cluster: 2
group_size: 128
cluster Quantizing weight with shape: torch.Size([1024, 128])
cluster: 2
group_size: 128
cluster Quantizing weight with shape: torch.Size([1024, 128])
SVD 奇异值量化时间: 3.0498 秒
angle bits: 3
SVD 量化时间: 0.0184 秒
cluster: 2
group_size: 128
cluster Quantizing weight with shape: torch.Size([1024, 128])
cluster: 2
group_size: 128
cluster Quantizing weight with shape: torch.Size([1024, 128])
SVD 奇异值量化时间: 2.9103 秒
angle bits: 3
SVD 量化时间: 0.0185 秒
cluster: 2
group_size: 128
cluster Quantizing weight with shape: torch.Size([1024, 128])
cluster: 2
group_size: 128
cluster Quantizing weight with shape: torch.Size([1024, 128])
SVD 奇异值量化时间: 3.0583 秒
angle bits: 3
SVD 量化时间: 0.0180 秒
cluster: 2
group_size: 128
cluster Quantizing weight with shape: torch.Size([1024, 128])
cluster: 2
group_size: 128
cluster Quantizing weight with shape: torch.Size([1024, 128])
SVD 奇异值量化时间: 2.5928 秒
angle bits: 3
SVD 量化时间: 0.0355 秒
cluster: 2
group_size: 128
cluster Quantizing weight with shape: torch.Size([1024, 128])
cluster: 2
group_size: 128
cluster Quantizing weight with shape: torch.Size([1024, 128])
SVD 奇异值量化时间: 2.6645 秒
angle bits: 3
SVD 量化时间: 0.0193 秒
cluster: 2
group_size: 128
cluster Quantizing weight with shape: torch.Size([1024, 128])
cluster: 2
group_size: 128
cluster Quantizing weight with shape: torch.Size([1024, 128])
SVD 奇异值量化时间: 2.7140 秒
angle bits: 3
SVD 量化时间: 0.0194 秒
cluster: 2
group_size: 128
cluster Quantizing weight with shape: torch.Size([1024, 128])
cluster: 2
group_size: 128
cluster Quantizing weight with shape: torch.Size([1024, 128])
SVD 奇异值量化时间: 2.7070 秒
angle bits: 3
SVD 量化时间: 0.0194 秒
cluster: 2
group_size: 128
cluster Quantizing weight with shape: torch.Size([1024, 128])
cluster: 2
group_size: 128
cluster Quantizing weight with shape: torch.Size([1024, 128])
SVD 奇异值量化时间: 2.7139 秒
angle bits: 3
SVD 量化时间: 0.0153 秒
cluster: 2
group_size: 128
cluster Quantizing weight with shape: torch.Size([1024, 128])
cluster: 2
group_size: 128
cluster Quantizing weight with shape: torch.Size([1024, 128])
SVD 奇异值量化时间: 2.7199 秒
angle bits: 3
SVD 量化时间: 0.0170 秒
cluster: 2
group_size: 128
cluster Quantizing weight with shape: torch.Size([1024, 128])
cluster: 2
group_size: 128
cluster Quantizing weight with shape: torch.Size([1024, 128])
SVD 奇异值量化时间: 2.8125 秒
angle bits: 3
SVD 量化时间: 0.0197 秒
cluster: 2
group_size: 128
cluster Quantizing weight with shape: torch.Size([1024, 128])
cluster: 2
group_size: 128
cluster Quantizing weight with shape: torch.Size([1024, 128])
SVD 奇异值量化时间: 2.7609 秒
angle bits: 3
SVD 量化时间: 0.0195 秒
cluster: 2
group_size: 128
cluster Quantizing weight with shape: torch.Size([1024, 128])
cluster: 2
group_size: 128
cluster Quantizing weight with shape: torch.Size([1024, 128])
SVD 奇异值量化时间: 3.1834 秒
angle bits: 3
SVD 量化时间: 0.0165 秒
cluster: 2
group_size: 128
cluster Quantizing weight with shape: torch.Size([1024, 128])
cluster: 2
group_size: 128
cluster Quantizing weight with shape: torch.Size([1024, 128])
SVD 奇异值量化时间: 3.0012 秒
angle bits: 3
SVD 量化时间: 0.0183 秒
cluster: 2
group_size: 128
cluster Quantizing weight with shape: torch.Size([1024, 128])
cluster: 2
group_size: 128
cluster Quantizing weight with shape: torch.Size([1024, 128])
SVD 奇异值量化时间: 2.9709 秒
angle bits: 3
SVD 量化时间: 0.0185 秒
cluster: 2
group_size: 128
cluster Quantizing weight with shape: torch.Size([1024, 128])
cluster: 2
group_size: 128
cluster Quantizing weight with shape: torch.Size([1024, 128])
SVD 奇异值量化时间: 2.9394 秒
angle bits: 3
SVD 量化时间: 0.0185 秒
cluster: 2
group_size: 128
cluster Quantizing weight with shape: torch.Size([1024, 128])
cluster: 2
group_size: 128
cluster Quantizing weight with shape: torch.Size([1024, 128])
SVD 奇异值量化时间: 2.9624 秒
angle bits: 3
SVD 量化时间: 0.0179 秒
cluster: 2
group_size: 128
cluster Quantizing weight with shape: torch.Size([1024, 128])
cluster: 2
group_size: 128
cluster Quantizing weight with shape: torch.Size([1024, 128])
SVD 奇异值量化时间: 2.9693 秒
angle bits: 3
SVD 量化时间: 0.0178 秒
cluster: 2
group_size: 128
cluster Quantizing weight with shape: torch.Size([1024, 128])
cluster: 2
group_size: 128
cluster Quantizing weight with shape: torch.Size([1024, 128])
SVD 奇异值量化时间: 2.9487 秒
angle bits: 3
SVD 量化时间: 0.0181 秒
cluster: 2
group_size: 128
cluster Quantizing weight with shape: torch.Size([1024, 128])
cluster: 2
group_size: 128
cluster Quantizing weight with shape: torch.Size([1024, 128])
SVD 奇异值量化时间: 2.9776 秒
angle bits: 3
SVD 量化时间: 0.0178 秒
cluster: 2
group_size: 128
cluster Quantizing weight with shape: torch.Size([1024, 128])
cluster: 2
group_size: 128
cluster Quantizing weight with shape: torch.Size([1024, 128])
SVD 奇异值量化时间: 3.6567 秒
angle bits: 3
SVD 量化时间: 0.0152 秒
cluster: 2
group_size: 128
cluster Quantizing weight with shape: torch.Size([1024, 128])
cluster: 2
group_size: 128
cluster Quantizing weight with shape: torch.Size([1024, 128])
SVD 奇异值量化时间: 7.3024 秒
angle bits: 3
SVD 量化时间: 0.0177 秒
cluster: 2
group_size: 128
cluster Quantizing weight with shape: torch.Size([1024, 128])
cluster: 2
group_size: 128
cluster Quantizing weight with shape: torch.Size([1024, 128])
SVD 奇异值量化时间: 2.9436 秒
angle bits: 3
SVD 量化时间: 0.0179 秒
cluster: 2
group_size: 128
cluster Quantizing weight with shape: torch.Size([1024, 128])
cluster: 2
group_size: 128
cluster Quantizing weight with shape: torch.Size([1024, 128])
SVD 奇异值量化时间: 2.9866 秒
angle bits: 3
SVD 量化时间: 0.0177 秒
cluster: 2
group_size: 128
cluster Quantizing weight with shape: torch.Size([1024, 128])
cluster: 2
group_size: 128
cluster Quantizing weight with shape: torch.Size([1024, 128])
SVD 奇异值量化时间: 3.1297 秒
angle bits: 3
SVD 量化时间: 0.0175 秒
cluster: 2
group_size: 128
cluster Quantizing weight with shape: torch.Size([1024, 128])
cluster: 2
group_size: 128
cluster Quantizing weight with shape: torch.Size([1024, 128])
SVD 奇异值量化时间: 3.1419 秒
angle bits: 3
SVD 量化时间: 0.0178 秒
cluster: 2
group_size: 128
cluster Quantizing weight with shape: torch.Size([1024, 128])
cluster: 2
group_size: 128
cluster Quantizing weight with shape: torch.Size([1024, 128])
SVD 奇异值量化时间: 3.1531 秒
2 self_attn.k_proj
Quantizing ...
使用blocksize: 128进行量化
angle bits: 3
SVD 量化时间: 0.0158 秒
cluster: 2
group_size: 128
cluster Quantizing weight with shape: torch.Size([1024, 128])
cluster: 2
group_size: 128
cluster Quantizing weight with shape: torch.Size([1024, 128])
SVD 奇异值量化时间: 3.1054 秒
angle bits: 3
SVD 量化时间: 0.0184 秒
cluster: 2
group_size: 128
cluster Quantizing weight with shape: torch.Size([1024, 128])
cluster: 2
group_size: 128
cluster Quantizing weight with shape: torch.Size([1024, 128])
SVD 奇异值量化时间: 2.9021 秒
angle bits: 3
SVD 量化时间: 0.0187 秒
cluster: 2
group_size: 128
cluster Quantizing weight with shape: torch.Size([1024, 128])
cluster: 2
group_size: 128
cluster Quantizing weight with shape: torch.Size([1024, 128])
SVD 奇异值量化时间: 2.9273 秒
angle bits: 3
SVD 量化时间: 0.0183 秒
cluster: 2
group_size: 128
cluster Quantizing weight with shape: torch.Size([1024, 128])
cluster: 2
group_size: 128
cluster Quantizing weight with shape: torch.Size([1024, 128])
SVD 奇异值量化时间: 2.7254 秒
angle bits: 3
SVD 量化时间: 0.0195 秒
cluster: 2
group_size: 128
cluster Quantizing weight with shape: torch.Size([1024, 128])
cluster: 2
group_size: 128
cluster Quantizing weight with shape: torch.Size([1024, 128])
SVD 奇异值量化时间: 2.7396 秒
angle bits: 3
SVD 量化时间: 0.0198 秒
cluster: 2
group_size: 128
cluster Quantizing weight with shape: torch.Size([1024, 128])
cluster: 2
group_size: 128
cluster Quantizing weight with shape: torch.Size([1024, 128])
SVD 奇异值量化时间: 2.7818 秒
angle bits: 3
SVD 量化时间: 0.0196 秒
cluster: 2
group_size: 128
cluster Quantizing weight with shape: torch.Size([1024, 128])
cluster: 2
group_size: 128
cluster Quantizing weight with shape: torch.Size([1024, 128])
SVD 奇异值量化时间: 2.7687 秒
angle bits: 3
SVD 量化时间: 0.0197 秒
cluster: 2
group_size: 128
cluster Quantizing weight with shape: torch.Size([1024, 128])
cluster: 2
group_size: 128
cluster Quantizing weight with shape: torch.Size([1024, 128])
SVD 奇异值量化时间: 2.7320 秒
angle bits: 3
SVD 量化时间: 0.0195 秒
cluster: 2
group_size: 128
cluster Quantizing weight with shape: torch.Size([1024, 128])
cluster: 2
group_size: 128
cluster Quantizing weight with shape: torch.Size([1024, 128])
SVD 奇异值量化时间: 2.7195 秒
angle bits: 3
SVD 量化时间: 0.0194 秒
cluster: 2
group_size: 128
cluster Quantizing weight with shape: torch.Size([1024, 128])
cluster: 2
group_size: 128
cluster Quantizing weight with shape: torch.Size([1024, 128])
SVD 奇异值量化时间: 2.7061 秒
angle bits: 3
SVD 量化时间: 0.0194 秒
cluster: 2
group_size: 128
cluster Quantizing weight with shape: torch.Size([1024, 128])
cluster: 2
group_size: 128
cluster Quantizing weight with shape: torch.Size([1024, 128])
SVD 奇异值量化时间: 2.7020 秒
angle bits: 3
SVD 量化时间: 0.0193 秒
cluster: 2
group_size: 128
cluster Quantizing weight with shape: torch.Size([1024, 128])
cluster: 2
group_size: 128
cluster Quantizing weight with shape: torch.Size([1024, 128])
SVD 奇异值量化时间: 3.0892 秒
angle bits: 3
SVD 量化时间: 0.0184 秒
cluster: 2
group_size: 128
cluster Quantizing weight with shape: torch.Size([1024, 128])
cluster: 2
group_size: 128
cluster Quantizing weight with shape: torch.Size([1024, 128])
SVD 奇异值量化时间: 2.9411 秒
angle bits: 3
SVD 量化时间: 0.0183 秒
cluster: 2
group_size: 128
cluster Quantizing weight with shape: torch.Size([1024, 128])
cluster: 2
group_size: 128
cluster Quantizing weight with shape: torch.Size([1024, 128])
SVD 奇异值量化时间: 2.9694 秒
angle bits: 3
SVD 量化时间: 0.0182 秒
cluster: 2
group_size: 128
cluster Quantizing weight with shape: torch.Size([1024, 128])
cluster: 2
group_size: 128
cluster Quantizing weight with shape: torch.Size([1024, 128])
SVD 奇异值量化时间: 2.9149 秒
angle bits: 3
SVD 量化时间: 0.0182 秒
cluster: 2
group_size: 128
cluster Quantizing weight with shape: torch.Size([1024, 128])
cluster: 2
group_size: 128
cluster Quantizing weight with shape: torch.Size([1024, 128])
SVD 奇异值量化时间: 2.9728 秒
angle bits: 3
SVD 量化时间: 0.0185 秒
cluster: 2
group_size: 128
cluster Quantizing weight with shape: torch.Size([1024, 128])
cluster: 2
group_size: 128
cluster Quantizing weight with shape: torch.Size([1024, 128])
SVD 奇异值量化时间: 2.9871 秒
angle bits: 3
SVD 量化时间: 0.0183 秒
cluster: 2
group_size: 128
cluster Quantizing weight with shape: torch.Size([1024, 128])
cluster: 2
group_size: 128
cluster Quantizing weight with shape: torch.Size([1024, 128])
SVD 奇异值量化时间: 2.9723 秒
angle bits: 3
SVD 量化时间: 0.0182 秒
cluster: 2
group_size: 128
cluster Quantizing weight with shape: torch.Size([1024, 128])
cluster: 2
group_size: 128
cluster Quantizing weight with shape: torch.Size([1024, 128])
SVD 奇异值量化时间: 2.9791 秒
angle bits: 3
SVD 量化时间: 0.0181 秒
cluster: 2
group_size: 128
cluster Quantizing weight with shape: torch.Size([1024, 128])
cluster: 2
group_size: 128
cluster Quantizing weight with shape: torch.Size([1024, 128])
SVD 奇异值量化时间: 2.9244 秒
angle bits: 3
SVD 量化时间: 0.0182 秒
cluster: 2
group_size: 128
cluster Quantizing weight with shape: torch.Size([1024, 128])
cluster: 2
group_size: 128
cluster Quantizing weight with shape: torch.Size([1024, 128])
SVD 奇异值量化时间: 7.7238 秒
angle bits: 3
SVD 量化时间: 0.0181 秒
cluster: 2
group_size: 128
cluster Quantizing weight with shape: torch.Size([1024, 128])
cluster: 2
group_size: 128
cluster Quantizing weight with shape: torch.Size([1024, 128])
SVD 奇异值量化时间: 2.9608 秒
angle bits: 3
SVD 量化时间: 0.0184 秒
cluster: 2
group_size: 128
cluster Quantizing weight with shape: torch.Size([1024, 128])
cluster: 2
group_size: 128
cluster Quantizing weight with shape: torch.Size([1024, 128])
SVD 奇异值量化时间: 2.9500 秒
angle bits: 3
SVD 量化时间: 0.0181 秒
cluster: 2
group_size: 128
cluster Quantizing weight with shape: torch.Size([1024, 128])
cluster: 2
group_size: 128
cluster Quantizing weight with shape: torch.Size([1024, 128])
SVD 奇异值量化时间: 3.1375 秒
angle bits: 3
SVD 量化时间: 0.0177 秒
cluster: 2
group_size: 128
cluster Quantizing weight with shape: torch.Size([1024, 128])
cluster: 2
group_size: 128
cluster Quantizing weight with shape: torch.Size([1024, 128])
SVD 奇异值量化时间: 3.1097 秒
angle bits: 3
SVD 量化时间: 0.0198 秒
cluster: 2
group_size: 128
cluster Quantizing weight with shape: torch.Size([1024, 128])
cluster: 2
group_size: 128
cluster Quantizing weight with shape: torch.Size([1024, 128])
SVD 奇异值量化时间: 3.1538 秒
angle bits: 3
SVD 量化时间: 0.0178 秒
cluster: 2
group_size: 128
cluster Quantizing weight with shape: torch.Size([1024, 128])
cluster: 2
group_size: 128
cluster Quantizing weight with shape: torch.Size([1024, 128])
SVD 奇异值量化时间: 3.1143 秒
angle bits: 3
SVD 量化时间: 0.0177 秒
cluster: 2
group_size: 128
cluster Quantizing weight with shape: torch.Size([1024, 128])
cluster: 2
group_size: 128
cluster Quantizing weight with shape: torch.Size([1024, 128])
SVD 奇异值量化时间: 2.9709 秒
angle bits: 3
SVD 量化时间: 0.0284 秒
cluster: 2
group_size: 128
cluster Quantizing weight with shape: torch.Size([1024, 128])
cluster: 2
group_size: 128
cluster Quantizing weight with shape: torch.Size([1024, 128])
SVD 奇异值量化时间: 2.9777 秒
angle bits: 3
SVD 量化时间: 0.0181 秒
cluster: 2
group_size: 128
cluster Quantizing weight with shape: torch.Size([1024, 128])
cluster: 2
group_size: 128
cluster Quantizing weight with shape: torch.Size([1024, 128])
SVD 奇异值量化时间: 2.8857 秒
angle bits: 3
SVD 量化时间: 0.0188 秒
cluster: 2
group_size: 128
cluster Quantizing weight with shape: torch.Size([1024, 128])
cluster: 2
group_size: 128
cluster Quantizing weight with shape: torch.Size([1024, 128])
SVD 奇异值量化时间: 2.5575 秒
angle bits: 3
SVD 量化时间: 0.0192 秒
cluster: 2
group_size: 128
cluster Quantizing weight with shape: torch.Size([1024, 128])
cluster: 2
group_size: 128
cluster Quantizing weight with shape: torch.Size([1024, 128])
SVD 奇异值量化时间: 2.6973 秒
2 self_attn.v_proj
Quantizing ...
使用blocksize: 128进行量化
angle bits: 3
SVD 量化时间: 0.0171 秒
cluster: 2
group_size: 128
cluster Quantizing weight with shape: torch.Size([1024, 128])
cluster: 2
group_size: 128
cluster Quantizing weight with shape: torch.Size([1024, 128])
SVD 奇异值量化时间: 2.6955 秒
angle bits: 3
SVD 量化时间: 0.0193 秒
cluster: 2
group_size: 128
cluster Quantizing weight with shape: torch.Size([1024, 128])
cluster: 2
group_size: 128
cluster Quantizing weight with shape: torch.Size([1024, 128])
SVD 奇异值量化时间: 2.7226 秒
angle bits: 3
SVD 量化时间: 0.0194 秒
cluster: 2
group_size: 128
cluster Quantizing weight with shape: torch.Size([1024, 128])
cluster: 2
group_size: 128
cluster Quantizing weight with shape: torch.Size([1024, 128])
SVD 奇异值量化时间: 2.7193 秒
angle bits: 3
SVD 量化时间: 0.0195 秒
cluster: 2
group_size: 128
cluster Quantizing weight with shape: torch.Size([1024, 128])
cluster: 2
group_size: 128
cluster Quantizing weight with shape: torch.Size([1024, 128])
SVD 奇异值量化时间: 2.7197 秒
angle bits: 3
SVD 量化时间: 0.0195 秒
cluster: 2
group_size: 128
cluster Quantizing weight with shape: torch.Size([1024, 128])
cluster: 2
group_size: 128
cluster Quantizing weight with shape: torch.Size([1024, 128])
SVD 奇异值量化时间: 2.7020 秒
angle bits: 3
SVD 量化时间: 0.0194 秒
cluster: 2
group_size: 128
cluster Quantizing weight with shape: torch.Size([1024, 128])
cluster: 2
group_size: 128
cluster Quantizing weight with shape: torch.Size([1024, 128])
SVD 奇异值量化时间: 2.9455 秒
angle bits: 3
SVD 量化时间: 0.0182 秒
cluster: 2
group_size: 128
cluster Quantizing weight with shape: torch.Size([1024, 128])
cluster: 2
group_size: 128
cluster Quantizing weight with shape: torch.Size([1024, 128])
SVD 奇异值量化时间: 3.0642 秒
angle bits: 3
SVD 量化时间: 0.0182 秒
cluster: 2
group_size: 128
cluster Quantizing weight with shape: torch.Size([1024, 128])
cluster: 2
group_size: 128
cluster Quantizing weight with shape: torch.Size([1024, 128])
SVD 奇异值量化时间: 2.9414 秒
angle bits: 3
SVD 量化时间: 0.0183 秒
cluster: 2
group_size: 128
cluster Quantizing weight with shape: torch.Size([1024, 128])
cluster: 2
group_size: 128
cluster Quantizing weight with shape: torch.Size([1024, 128])
SVD 奇异值量化时间: 2.9427 秒
angle bits: 3
SVD 量化时间: 0.0172 秒
cluster: 2
group_size: 128
cluster Quantizing weight with shape: torch.Size([1024, 128])
cluster: 2
group_size: 128
cluster Quantizing weight with shape: torch.Size([1024, 128])
SVD 奇异值量化时间: 2.9594 秒
angle bits: 3
SVD 量化时间: 0.0181 秒
cluster: 2
group_size: 128
cluster Quantizing weight with shape: torch.Size([1024, 128])
cluster: 2
group_size: 128
cluster Quantizing weight with shape: torch.Size([1024, 128])
SVD 奇异值量化时间: 2.9383 秒
angle bits: 3
SVD 量化时间: 0.0183 秒
cluster: 2
group_size: 128
cluster Quantizing weight with shape: torch.Size([1024, 128])
cluster: 2
group_size: 128
cluster Quantizing weight with shape: torch.Size([1024, 128])
SVD 奇异值量化时间: 2.9622 秒
angle bits: 3
SVD 量化时间: 0.0180 秒
cluster: 2
group_size: 128
cluster Quantizing weight with shape: torch.Size([1024, 128])
cluster: 2
group_size: 128
cluster Quantizing weight with shape: torch.Size([1024, 128])
SVD 奇异值量化时间: 2.9824 秒
angle bits: 3
SVD 量化时间: 0.0184 秒
cluster: 2
group_size: 128
cluster Quantizing weight with shape: torch.Size([1024, 128])
cluster: 2
group_size: 128
cluster Quantizing weight with shape: torch.Size([1024, 128])
SVD 奇异值量化时间: 2.9727 秒
angle bits: 3
SVD 量化时间: 0.0181 秒
cluster: 2
group_size: 128
cluster Quantizing weight with shape: torch.Size([1024, 128])
cluster: 2
group_size: 128
cluster Quantizing weight with shape: torch.Size([1024, 128])
SVD 奇异值量化时间: 7.7887 秒
angle bits: 3
SVD 量化时间: 0.0182 秒
cluster: 2
group_size: 128
cluster Quantizing weight with shape: torch.Size([1024, 128])
cluster: 2
group_size: 128
cluster Quantizing weight with shape: torch.Size([1024, 128])
SVD 奇异值量化时间: 2.9369 秒
angle bits: 3
SVD 量化时间: 0.0181 秒
cluster: 2
group_size: 128
cluster Quantizing weight with shape: torch.Size([1024, 128])
cluster: 2
group_size: 128
cluster Quantizing weight with shape: torch.Size([1024, 128])
SVD 奇异值量化时间: 2.9282 秒
angle bits: 3
SVD 量化时间: 0.0184 秒
cluster: 2
group_size: 128
cluster Quantizing weight with shape: torch.Size([1024, 128])
cluster: 2
group_size: 128
cluster Quantizing weight with shape: torch.Size([1024, 128])
SVD 奇异值量化时间: 3.0538 秒
angle bits: 3
SVD 量化时间: 0.0182 秒
cluster: 2
group_size: 128
cluster Quantizing weight with shape: torch.Size([1024, 128])
cluster: 2
group_size: 128
cluster Quantizing weight with shape: torch.Size([1024, 128])
SVD 奇异值量化时间: 3.1405 秒
angle bits: 3
SVD 量化时间: 0.0178 秒
cluster: 2
group_size: 128
cluster Quantizing weight with shape: torch.Size([1024, 128])
cluster: 2
group_size: 128
cluster Quantizing weight with shape: torch.Size([1024, 128])
SVD 奇异值量化时间: 3.1458 秒
angle bits: 3
SVD 量化时间: 0.0178 秒
cluster: 2
group_size: 128
cluster Quantizing weight with shape: torch.Size([1024, 128])
cluster: 2
group_size: 128
cluster Quantizing weight with shape: torch.Size([1024, 128])
SVD 奇异值量化时间: 3.1706 秒
angle bits: 3
SVD 量化时间: 0.0178 秒
cluster: 2
group_size: 128
cluster Quantizing weight with shape: torch.Size([1024, 128])
cluster: 2
group_size: 128
cluster Quantizing weight with shape: torch.Size([1024, 128])
SVD 奇异值量化时间: 3.0943 秒
angle bits: 3
SVD 量化时间: 0.0179 秒
cluster: 2
group_size: 128
cluster Quantizing weight with shape: torch.Size([1024, 128])
cluster: 2
group_size: 128
cluster Quantizing weight with shape: torch.Size([1024, 128])
SVD 奇异值量化时间: 2.9534 秒
angle bits: 3
SVD 量化时间: 0.0178 秒
cluster: 2
group_size: 128
cluster Quantizing weight with shape: torch.Size([1024, 128])
cluster: 2
group_size: 128
cluster Quantizing weight with shape: torch.Size([1024, 128])
SVD 奇异值量化时间: 2.9533 秒
angle bits: 3
SVD 量化时间: 0.0180 秒
cluster: 2
group_size: 128
cluster Quantizing weight with shape: torch.Size([1024, 128])
cluster: 2
group_size: 128
cluster Quantizing weight with shape: torch.Size([1024, 128])
SVD 奇异值量化时间: 2.6196 秒
angle bits: 3
SVD 量化时间: 0.0190 秒
cluster: 2
group_size: 128
cluster Quantizing weight with shape: torch.Size([1024, 128])
cluster: 2
group_size: 128
cluster Quantizing weight with shape: torch.Size([1024, 128])
SVD 奇异值量化时间: 2.7032 秒
angle bits: 3
SVD 量化时间: 0.0188 秒
cluster: 2
group_size: 128
cluster Quantizing weight with shape: torch.Size([1024, 128])
cluster: 2
group_size: 128
cluster Quantizing weight with shape: torch.Size([1024, 128])
SVD 奇异值量化时间: 2.7080 秒
angle bits: 3
SVD 量化时间: 0.0188 秒
cluster: 2
group_size: 128
cluster Quantizing weight with shape: torch.Size([1024, 128])
cluster: 2
group_size: 128
cluster Quantizing weight with shape: torch.Size([1024, 128])
SVD 奇异值量化时间: 2.6985 秒
angle bits: 3
SVD 量化时间: 0.0189 秒
cluster: 2
group_size: 128
cluster Quantizing weight with shape: torch.Size([1024, 128])
cluster: 2
group_size: 128
cluster Quantizing weight with shape: torch.Size([1024, 128])
SVD 奇异值量化时间: 2.7349 秒
angle bits: 3
SVD 量化时间: 0.0189 秒
cluster: 2
group_size: 128
cluster Quantizing weight with shape: torch.Size([1024, 128])
cluster: 2
group_size: 128
cluster Quantizing weight with shape: torch.Size([1024, 128])
SVD 奇异值量化时间: 2.7169 秒
angle bits: 3
SVD 量化时间: 0.0190 秒
cluster: 2
group_size: 128
cluster Quantizing weight with shape: torch.Size([1024, 128])
cluster: 2
group_size: 128
cluster Quantizing weight with shape: torch.Size([1024, 128])
SVD 奇异值量化时间: 2.7152 秒
angle bits: 3
SVD 量化时间: 0.0187 秒
cluster: 2
group_size: 128
cluster Quantizing weight with shape: torch.Size([1024, 128])
cluster: 2
group_size: 128
cluster Quantizing weight with shape: torch.Size([1024, 128])
SVD 奇异值量化时间: 2.7137 秒
2 self_attn.o_proj
Quantizing ...
使用blocksize: 128进行量化
angle bits: 3
SVD 量化时间: 0.0168 秒
cluster: 2
group_size: 128
cluster Quantizing weight with shape: torch.Size([1024, 128])
cluster: 2
group_size: 128
cluster Quantizing weight with shape: torch.Size([1024, 128])
SVD 奇异值量化时间: 3.1462 秒
angle bits: 3
SVD 量化时间: 0.0184 秒
cluster: 2
group_size: 128
cluster Quantizing weight with shape: torch.Size([1024, 128])
cluster: 2
group_size: 128
cluster Quantizing weight with shape: torch.Size([1024, 128])
SVD 奇异值量化时间: 2.9600 秒
angle bits: 3
SVD 量化时间: 0.0180 秒
cluster: 2
group_size: 128
cluster Quantizing weight with shape: torch.Size([1024, 128])
cluster: 2
group_size: 128
cluster Quantizing weight with shape: torch.Size([1024, 128])
SVD 奇异值量化时间: 3.0030 秒
angle bits: 3
SVD 量化时间: 0.0183 秒
cluster: 2
group_size: 128
cluster Quantizing weight with shape: torch.Size([1024, 128])
cluster: 2
group_size: 128
cluster Quantizing weight with shape: torch.Size([1024, 128])
SVD 奇异值量化时间: 2.9792 秒
angle bits: 3
SVD 量化时间: 0.0185 秒
cluster: 2
group_size: 128
cluster Quantizing weight with shape: torch.Size([1024, 128])
cluster: 2
group_size: 128
cluster Quantizing weight with shape: torch.Size([1024, 128])
SVD 奇异值量化时间: 2.9741 秒
angle bits: 3
SVD 量化时间: 0.0186 秒
cluster: 2
group_size: 128
cluster Quantizing weight with shape: torch.Size([1024, 128])
cluster: 2
group_size: 128
cluster Quantizing weight with shape: torch.Size([1024, 128])
SVD 奇异值量化时间: 2.9747 秒
angle bits: 3
SVD 量化时间: 0.0184 秒
cluster: 2
group_size: 128
cluster Quantizing weight with shape: torch.Size([1024, 128])
cluster: 2
group_size: 128
cluster Quantizing weight with shape: torch.Size([1024, 128])
SVD 奇异值量化时间: 2.9578 秒
angle bits: 3
SVD 量化时间: 0.0183 秒
cluster: 2
group_size: 128
cluster Quantizing weight with shape: torch.Size([1024, 128])
cluster: 2
group_size: 128
cluster Quantizing weight with shape: torch.Size([1024, 128])
SVD 奇异值量化时间: 2.9638 秒
angle bits: 3
SVD 量化时间: 0.0184 秒
cluster: 2
group_size: 128
cluster Quantizing weight with shape: torch.Size([1024, 128])
cluster: 2
group_size: 128
cluster Quantizing weight with shape: torch.Size([1024, 128])
SVD 奇异值量化时间: 3.7545 秒
angle bits: 3
SVD 量化时间: 0.0154 秒
cluster: 2
group_size: 128
cluster Quantizing weight with shape: torch.Size([1024, 128])
cluster: 2
group_size: 128
cluster Quantizing weight with shape: torch.Size([1024, 128])
SVD 奇异值量化时间: 7.2319 秒
angle bits: 3
SVD 量化时间: 0.0182 秒
cluster: 2
group_size: 128
cluster Quantizing weight with shape: torch.Size([1024, 128])
cluster: 2
group_size: 128
cluster Quantizing weight with shape: torch.Size([1024, 128])
SVD 奇异值量化时间: 2.9498 秒
angle bits: 3
SVD 量化时间: 0.0183 秒
cluster: 2
group_size: 128
cluster Quantizing weight with shape: torch.Size([1024, 128])
cluster: 2
group_size: 128
cluster Quantizing weight with shape: torch.Size([1024, 128])
SVD 奇异值量化时间: 2.9484 秒
angle bits: 3
SVD 量化时间: 0.0181 秒
cluster: 2
group_size: 128
cluster Quantizing weight with shape: torch.Size([1024, 128])
cluster: 2
group_size: 128
cluster Quantizing weight with shape: torch.Size([1024, 128])
SVD 奇异值量化时间: 3.1505 秒
angle bits: 3
SVD 量化时间: 0.0181 秒
cluster: 2
group_size: 128
cluster Quantizing weight with shape: torch.Size([1024, 128])
cluster: 2
group_size: 128
cluster Quantizing weight with shape: torch.Size([1024, 128])
SVD 奇异值量化时间: 3.1439 秒
angle bits: 3
SVD 量化时间: 0.0178 秒
cluster: 2
group_size: 128
cluster Quantizing weight with shape: torch.Size([1024, 128])
cluster: 2
group_size: 128
cluster Quantizing weight with shape: torch.Size([1024, 128])
SVD 奇异值量化时间: 3.1394 秒
angle bits: 3
SVD 量化时间: 0.0178 秒
cluster: 2
group_size: 128
cluster Quantizing weight with shape: torch.Size([1024, 128])
cluster: 2
group_size: 128
cluster Quantizing weight with shape: torch.Size([1024, 128])
SVD 奇异值量化时间: 3.1493 秒
angle bits: 3
SVD 量化时间: 0.0173 秒
cluster: 2
group_size: 128
cluster Quantizing weight with shape: torch.Size([1024, 128])
cluster: 2
group_size: 128
cluster Quantizing weight with shape: torch.Size([1024, 128])
SVD 奇异值量化时间: 2.9716 秒
angle bits: 3
SVD 量化时间: 0.0179 秒
cluster: 2
group_size: 128
cluster Quantizing weight with shape: torch.Size([1024, 128])
cluster: 2
group_size: 128
cluster Quantizing weight with shape: torch.Size([1024, 128])
SVD 奇异值量化时间: 2.9636 秒
angle bits: 3
SVD 量化时间: 0.0178 秒
cluster: 2
group_size: 128
cluster Quantizing weight with shape: torch.Size([1024, 128])
cluster: 2
group_size: 128
cluster Quantizing weight with shape: torch.Size([1024, 128])
SVD 奇异值量化时间: 2.7412 秒
angle bits: 3
SVD 量化时间: 0.0185 秒
cluster: 2
group_size: 128
cluster Quantizing weight with shape: torch.Size([1024, 128])
cluster: 2
group_size: 128
cluster Quantizing weight with shape: torch.Size([1024, 128])
SVD 奇异值量化时间: 2.5815 秒
angle bits: 3
SVD 量化时间: 0.0192 秒
cluster: 2
group_size: 128
cluster Quantizing weight with shape: torch.Size([1024, 128])
cluster: 2
group_size: 128
cluster Quantizing weight with shape: torch.Size([1024, 128])
SVD 奇异值量化时间: 2.6973 秒
angle bits: 3
SVD 量化时间: 0.0192 秒
cluster: 2
group_size: 128
cluster Quantizing weight with shape: torch.Size([1024, 128])
cluster: 2
group_size: 128
cluster Quantizing weight with shape: torch.Size([1024, 128])
SVD 奇异值量化时间: 2.7080 秒
angle bits: 3
SVD 量化时间: 0.0192 秒
cluster: 2
group_size: 128
cluster Quantizing weight with shape: torch.Size([1024, 128])
cluster: 2
group_size: 128
cluster Quantizing weight with shape: torch.Size([1024, 128])
SVD 奇异值量化时间: 2.7244 秒
angle bits: 3
SVD 量化时间: 0.0193 秒
cluster: 2
group_size: 128
cluster Quantizing weight with shape: torch.Size([1024, 128])
cluster: 2
group_size: 128
cluster Quantizing weight with shape: torch.Size([1024, 128])
SVD 奇异值量化时间: 2.7040 秒
angle bits: 3
SVD 量化时间: 0.0191 秒
cluster: 2
group_size: 128
cluster Quantizing weight with shape: torch.Size([1024, 128])
cluster: 2
group_size: 128
cluster Quantizing weight with shape: torch.Size([1024, 128])
SVD 奇异值量化时间: 2.7053 秒
angle bits: 3
SVD 量化时间: 0.0191 秒
cluster: 2
group_size: 128
cluster Quantizing weight with shape: torch.Size([1024, 128])
cluster: 2
group_size: 128
cluster Quantizing weight with shape: torch.Size([1024, 128])
SVD 奇异值量化时间: 2.7265 秒
angle bits: 3
SVD 量化时间: 0.0175 秒
cluster: 2
group_size: 128
cluster Quantizing weight with shape: torch.Size([1024, 128])
cluster: 2
group_size: 128
cluster Quantizing weight with shape: torch.Size([1024, 128])
SVD 奇异值量化时间: 3.0743 秒
angle bits: 3
SVD 量化时间: 0.0179 秒
cluster: 2
group_size: 128
cluster Quantizing weight with shape: torch.Size([1024, 128])
cluster: 2
group_size: 128
cluster Quantizing weight with shape: torch.Size([1024, 128])
SVD 奇异值量化时间: 2.9532 秒
angle bits: 3
SVD 量化时间: 0.0177 秒
cluster: 2
group_size: 128
cluster Quantizing weight with shape: torch.Size([1024, 128])
cluster: 2
group_size: 128
cluster Quantizing weight with shape: torch.Size([1024, 128])
SVD 奇异值量化时间: 2.9309 秒
angle bits: 3
SVD 量化时间: 0.0175 秒
cluster: 2
group_size: 128
cluster Quantizing weight with shape: torch.Size([1024, 128])
cluster: 2
group_size: 128
cluster Quantizing weight with shape: torch.Size([1024, 128])
SVD 奇异值量化时间: 2.9268 秒
angle bits: 3
SVD 量化时间: 0.0179 秒
cluster: 2
group_size: 128
cluster Quantizing weight with shape: torch.Size([1024, 128])
cluster: 2
group_size: 128
cluster Quantizing weight with shape: torch.Size([1024, 128])
SVD 奇异值量化时间: 2.9487 秒
angle bits: 3
SVD 量化时间: 0.0181 秒
cluster: 2
group_size: 128
cluster Quantizing weight with shape: torch.Size([1024, 128])
cluster: 2
group_size: 128
cluster Quantizing weight with shape: torch.Size([1024, 128])
SVD 奇异值量化时间: 2.9988 秒
2 mlp.gate_proj
Quantizing ...
使用blocksize: 128进行量化
angle bits: 3
SVD 量化时间: 0.0401 秒
cluster: 2
group_size: 128
cluster Quantizing weight with shape: torch.Size([2752, 128])
cluster: 2
group_size: 128
cluster Quantizing weight with shape: torch.Size([2752, 128])
SVD 奇异值量化时间: 7.9880 秒
angle bits: 3
SVD 量化时间: 0.0456 秒
cluster: 2
group_size: 128
cluster Quantizing weight with shape: torch.Size([2752, 128])
cluster: 2
group_size: 128
cluster Quantizing weight with shape: torch.Size([2752, 128])
SVD 奇异值量化时间: 12.6853 秒
angle bits: 3
SVD 量化时间: 0.0459 秒
cluster: 2
group_size: 128
cluster Quantizing weight with shape: torch.Size([2752, 128])
cluster: 2
group_size: 128
cluster Quantizing weight with shape: torch.Size([2752, 128])
SVD 奇异值量化时间: 8.2463 秒
angle bits: 3
SVD 量化时间: 0.0454 秒
cluster: 2
group_size: 128
cluster Quantizing weight with shape: torch.Size([2752, 128])
cluster: 2
group_size: 128
cluster Quantizing weight with shape: torch.Size([2752, 128])
SVD 奇异值量化时间: 8.3506 秒
angle bits: 3
SVD 量化时间: 0.0454 秒
cluster: 2
group_size: 128
cluster Quantizing weight with shape: torch.Size([2752, 128])
cluster: 2
group_size: 128
cluster Quantizing weight with shape: torch.Size([2752, 128])
SVD 奇异值量化时间: 7.6160 秒
angle bits: 3
SVD 量化时间: 0.0534 秒
cluster: 2
group_size: 128
cluster Quantizing weight with shape: torch.Size([2752, 128])
cluster: 2
group_size: 128
cluster Quantizing weight with shape: torch.Size([2752, 128])
SVD 奇异值量化时间: 7.1077 秒
angle bits: 3
SVD 量化时间: 0.0599 秒
cluster: 2
group_size: 128
cluster Quantizing weight with shape: torch.Size([2752, 128])
cluster: 2
group_size: 128
cluster Quantizing weight with shape: torch.Size([2752, 128])
SVD 奇异值量化时间: 7.0077 秒
angle bits: 3
SVD 量化时间: 0.0484 秒
cluster: 2
group_size: 128
cluster Quantizing weight with shape: torch.Size([2752, 128])
cluster: 2
group_size: 128
cluster Quantizing weight with shape: torch.Size([2752, 128])
SVD 奇异值量化时间: 7.4529 秒
angle bits: 3
SVD 量化时间: 0.0458 秒
cluster: 2
group_size: 128
cluster Quantizing weight with shape: torch.Size([2752, 128])
cluster: 2
group_size: 128
cluster Quantizing weight with shape: torch.Size([2752, 128])
SVD 奇异值量化时间: 7.9350 秒
angle bits: 3
SVD 量化时间: 0.0454 秒
cluster: 2
group_size: 128
cluster Quantizing weight with shape: torch.Size([2752, 128])
cluster: 2
group_size: 128
cluster Quantizing weight with shape: torch.Size([2752, 128])
SVD 奇异值量化时间: 7.9725 秒
angle bits: 3
SVD 量化时间: 0.0456 秒
cluster: 2
group_size: 128
cluster Quantizing weight with shape: torch.Size([2752, 128])
cluster: 2
group_size: 128
cluster Quantizing weight with shape: torch.Size([2752, 128])
SVD 奇异值量化时间: 8.0635 秒
angle bits: 3
SVD 量化时间: 0.0445 秒
cluster: 2
group_size: 128
cluster Quantizing weight with shape: torch.Size([2752, 128])
cluster: 2
group_size: 128
cluster Quantizing weight with shape: torch.Size([2752, 128])
SVD 奇异值量化时间: 12.3766 秒
angle bits: 3
SVD 量化时间: 0.0491 秒
cluster: 2
group_size: 128
cluster Quantizing weight with shape: torch.Size([2752, 128])
cluster: 2
group_size: 128
cluster Quantizing weight with shape: torch.Size([2752, 128])
SVD 奇异值量化时间: 8.2290 秒
angle bits: 3
SVD 量化时间: 0.0452 秒
cluster: 2
group_size: 128
cluster Quantizing weight with shape: torch.Size([2752, 128])
cluster: 2
group_size: 128
cluster Quantizing weight with shape: torch.Size([2752, 128])
SVD 奇异值量化时间: 8.3508 秒
angle bits: 3
SVD 量化时间: 0.0568 秒
cluster: 2
group_size: 128
cluster Quantizing weight with shape: torch.Size([2752, 128])
cluster: 2
group_size: 128
cluster Quantizing weight with shape: torch.Size([2752, 128])
SVD 奇异值量化时间: 7.6374 秒
angle bits: 3
SVD 量化时间: 0.0494 秒
cluster: 2
group_size: 128
cluster Quantizing weight with shape: torch.Size([2752, 128])
cluster: 2
group_size: 128
cluster Quantizing weight with shape: torch.Size([2752, 128])
SVD 奇异值量化时间: 7.1651 秒
angle bits: 3
SVD 量化时间: 0.0514 秒
cluster: 2
group_size: 128
cluster Quantizing weight with shape: torch.Size([2752, 128])
cluster: 2
group_size: 128
cluster Quantizing weight with shape: torch.Size([2752, 128])
SVD 奇异值量化时间: 7.2927 秒
angle bits: 3
SVD 量化时间: 0.0465 秒
cluster: 2
group_size: 128
cluster Quantizing weight with shape: torch.Size([2752, 128])
cluster: 2
group_size: 128
cluster Quantizing weight with shape: torch.Size([2752, 128])
SVD 奇异值量化时间: 7.5716 秒
angle bits: 3
SVD 量化时间: 0.0455 秒
cluster: 2
group_size: 128
cluster Quantizing weight with shape: torch.Size([2752, 128])
cluster: 2
group_size: 128
cluster Quantizing weight with shape: torch.Size([2752, 128])
SVD 奇异值量化时间: 7.9467 秒
angle bits: 3
SVD 量化时间: 0.0451 秒
cluster: 2
group_size: 128
cluster Quantizing weight with shape: torch.Size([2752, 128])
cluster: 2
group_size: 128
cluster Quantizing weight with shape: torch.Size([2752, 128])
SVD 奇异值量化时间: 7.9912 秒
angle bits: 3
SVD 量化时间: 0.0452 秒
cluster: 2
group_size: 128
cluster Quantizing weight with shape: torch.Size([2752, 128])
cluster: 2
group_size: 128
cluster Quantizing weight with shape: torch.Size([2752, 128])
SVD 奇异值量化时间: 7.9265 秒
angle bits: 3
SVD 量化时间: 0.0456 秒
cluster: 2
group_size: 128
cluster Quantizing weight with shape: torch.Size([2752, 128])
cluster: 2
group_size: 128
cluster Quantizing weight with shape: torch.Size([2752, 128])
SVD 奇异值量化时间: 12.3384 秒
angle bits: 3
SVD 量化时间: 0.0455 秒
cluster: 2
group_size: 128
cluster Quantizing weight with shape: torch.Size([2752, 128])
cluster: 2
group_size: 128
cluster Quantizing weight with shape: torch.Size([2752, 128])
SVD 奇异值量化时间: 8.3347 秒
angle bits: 3
SVD 量化时间: 0.0450 秒
cluster: 2
group_size: 128
cluster Quantizing weight with shape: torch.Size([2752, 128])
cluster: 2
group_size: 128
cluster Quantizing weight with shape: torch.Size([2752, 128])
SVD 奇异值量化时间: 8.2966 秒
angle bits: 3
SVD 量化时间: 0.0441 秒
cluster: 2
group_size: 128
cluster Quantizing weight with shape: torch.Size([2752, 128])
cluster: 2
group_size: 128
cluster Quantizing weight with shape: torch.Size([2752, 128])
SVD 奇异值量化时间: 7.7818 秒
angle bits: 3
SVD 量化时间: 0.0514 秒
cluster: 2
group_size: 128
cluster Quantizing weight with shape: torch.Size([2752, 128])
cluster: 2
group_size: 128
cluster Quantizing weight with shape: torch.Size([2752, 128])
SVD 奇异值量化时间: 7.2403 秒
angle bits: 3
SVD 量化时间: 0.0475 秒
cluster: 2
group_size: 128
cluster Quantizing weight with shape: torch.Size([2752, 128])
cluster: 2
group_size: 128
cluster Quantizing weight with shape: torch.Size([2752, 128])
SVD 奇异值量化时间: 7.0710 秒
angle bits: 3
SVD 量化时间: 0.0463 秒
cluster: 2
group_size: 128
cluster Quantizing weight with shape: torch.Size([2752, 128])
cluster: 2
group_size: 128
cluster Quantizing weight with shape: torch.Size([2752, 128])
SVD 奇异值量化时间: 7.6679 秒
angle bits: 3
SVD 量化时间: 0.0439 秒
cluster: 2
group_size: 128
cluster Quantizing weight with shape: torch.Size([2752, 128])
cluster: 2
group_size: 128
cluster Quantizing weight with shape: torch.Size([2752, 128])
SVD 奇异值量化时间: 7.8819 秒
angle bits: 3
SVD 量化时间: 0.0482 秒
cluster: 2
group_size: 128
cluster Quantizing weight with shape: torch.Size([2752, 128])
cluster: 2
group_size: 128
cluster Quantizing weight with shape: torch.Size([2752, 128])
SVD 奇异值量化时间: 7.8544 秒
angle bits: 3
SVD 量化时间: 0.0447 秒
cluster: 2
group_size: 128
cluster Quantizing weight with shape: torch.Size([2752, 128])
cluster: 2
group_size: 128
cluster Quantizing weight with shape: torch.Size([2752, 128])
SVD 奇异值量化时间: 7.8930 秒
angle bits: 3
SVD 量化时间: 0.1037 秒
cluster: 2
group_size: 128
cluster Quantizing weight with shape: torch.Size([2752, 128])
cluster: 2
group_size: 128
cluster Quantizing weight with shape: torch.Size([2752, 128])
SVD 奇异值量化时间: 12.2435 秒
2 mlp.up_proj
Quantizing ...
使用blocksize: 128进行量化
angle bits: 3
SVD 量化时间: 0.0393 秒
cluster: 2
group_size: 128
cluster Quantizing weight with shape: torch.Size([2752, 128])
cluster: 2
group_size: 128
cluster Quantizing weight with shape: torch.Size([2752, 128])
SVD 奇异值量化时间: 8.3611 秒
angle bits: 3
SVD 量化时间: 0.0455 秒
cluster: 2
group_size: 128
cluster Quantizing weight with shape: torch.Size([2752, 128])
cluster: 2
group_size: 128
cluster Quantizing weight with shape: torch.Size([2752, 128])
SVD 奇异值量化时间: 8.2313 秒
angle bits: 3
SVD 量化时间: 0.0460 秒
cluster: 2
group_size: 128
cluster Quantizing weight with shape: torch.Size([2752, 128])
cluster: 2
group_size: 128
cluster Quantizing weight with shape: torch.Size([2752, 128])
SVD 奇异值量化时间: 7.5750 秒
angle bits: 3
SVD 量化时间: 0.0485 秒
cluster: 2
group_size: 128
cluster Quantizing weight with shape: torch.Size([2752, 128])
cluster: 2
group_size: 128
cluster Quantizing weight with shape: torch.Size([2752, 128])
SVD 奇异值量化时间: 7.0920 秒
angle bits: 3
SVD 量化时间: 0.0485 秒
cluster: 2
group_size: 128
cluster Quantizing weight with shape: torch.Size([2752, 128])
cluster: 2
group_size: 128
cluster Quantizing weight with shape: torch.Size([2752, 128])
SVD 奇异值量化时间: 6.9253 秒
angle bits: 3
SVD 量化时间: 0.0483 秒
cluster: 2
group_size: 128
cluster Quantizing weight with shape: torch.Size([2752, 128])
cluster: 2
group_size: 128
cluster Quantizing weight with shape: torch.Size([2752, 128])
SVD 奇异值量化时间: 7.5878 秒
angle bits: 3
SVD 量化时间: 0.0458 秒
cluster: 2
group_size: 128
cluster Quantizing weight with shape: torch.Size([2752, 128])
cluster: 2
group_size: 128
cluster Quantizing weight with shape: torch.Size([2752, 128])
SVD 奇异值量化时间: 7.9537 秒
angle bits: 3
SVD 量化时间: 0.0460 秒
cluster: 2
group_size: 128
cluster Quantizing weight with shape: torch.Size([2752, 128])
cluster: 2
group_size: 128
cluster Quantizing weight with shape: torch.Size([2752, 128])
SVD 奇异值量化时间: 8.0072 秒
angle bits: 3
SVD 量化时间: 0.0452 秒
cluster: 2
group_size: 128
cluster Quantizing weight with shape: torch.Size([2752, 128])
cluster: 2
group_size: 128
cluster Quantizing weight with shape: torch.Size([2752, 128])
SVD 奇异值量化时间: 7.9934 秒
angle bits: 3
SVD 量化时间: 0.1048 秒
cluster: 2
group_size: 128
cluster Quantizing weight with shape: torch.Size([2752, 128])
cluster: 2
group_size: 128
cluster Quantizing weight with shape: torch.Size([2752, 128])
SVD 奇异值量化时间: 12.5824 秒
angle bits: 3
SVD 量化时间: 0.0455 秒
cluster: 2
group_size: 128
cluster Quantizing weight with shape: torch.Size([2752, 128])
cluster: 2
group_size: 128
cluster Quantizing weight with shape: torch.Size([2752, 128])
SVD 奇异值量化时间: 8.3609 秒
angle bits: 3
SVD 量化时间: 0.0450 秒
cluster: 2
group_size: 128
cluster Quantizing weight with shape: torch.Size([2752, 128])
cluster: 2
group_size: 128
cluster Quantizing weight with shape: torch.Size([2752, 128])
SVD 奇异值量化时间: 8.2632 秒
angle bits: 3
SVD 量化时间: 0.0457 秒
cluster: 2
group_size: 128
cluster Quantizing weight with shape: torch.Size([2752, 128])
cluster: 2
group_size: 128
cluster Quantizing weight with shape: torch.Size([2752, 128])
SVD 奇异值量化时间: 7.5863 秒
angle bits: 3
SVD 量化时间: 0.0483 秒
cluster: 2
group_size: 128
cluster Quantizing weight with shape: torch.Size([2752, 128])
cluster: 2
group_size: 128
cluster Quantizing weight with shape: torch.Size([2752, 128])
SVD 奇异值量化时间: 7.0950 秒
angle bits: 3
SVD 量化时间: 0.0480 秒
cluster: 2
group_size: 128
cluster Quantizing weight with shape: torch.Size([2752, 128])
cluster: 2
group_size: 128
cluster Quantizing weight with shape: torch.Size([2752, 128])
SVD 奇异值量化时间: 7.0929 秒
angle bits: 3
SVD 量化时间: 0.0470 秒
cluster: 2
group_size: 128
cluster Quantizing weight with shape: torch.Size([2752, 128])
cluster: 2
group_size: 128
cluster Quantizing weight with shape: torch.Size([2752, 128])
SVD 奇异值量化时间: 7.6755 秒
angle bits: 3
SVD 量化时间: 0.0455 秒
cluster: 2
group_size: 128
cluster Quantizing weight with shape: torch.Size([2752, 128])
cluster: 2
group_size: 128
cluster Quantizing weight with shape: torch.Size([2752, 128])
SVD 奇异值量化时间: 7.9184 秒
angle bits: 3
SVD 量化时间: 0.0451 秒
cluster: 2
group_size: 128
cluster Quantizing weight with shape: torch.Size([2752, 128])
cluster: 2
group_size: 128
cluster Quantizing weight with shape: torch.Size([2752, 128])
SVD 奇异值量化时间: 7.9678 秒
angle bits: 3
SVD 量化时间: 0.0445 秒
cluster: 2
group_size: 128
cluster Quantizing weight with shape: torch.Size([2752, 128])
cluster: 2
group_size: 128
cluster Quantizing weight with shape: torch.Size([2752, 128])
SVD 奇异值量化时间: 8.6291 秒
angle bits: 3
SVD 量化时间: 0.0858 秒
cluster: 2
group_size: 128
cluster Quantizing weight with shape: torch.Size([2752, 128])
cluster: 2
group_size: 128
cluster Quantizing weight with shape: torch.Size([2752, 128])
SVD 奇异值量化时间: 12.4225 秒
angle bits: 3
SVD 量化时间: 0.0453 秒
cluster: 2
group_size: 128
cluster Quantizing weight with shape: torch.Size([2752, 128])
cluster: 2
group_size: 128
cluster Quantizing weight with shape: torch.Size([2752, 128])
SVD 奇异值量化时间: 8.4930 秒
angle bits: 3
SVD 量化时间: 0.0449 秒
cluster: 2
group_size: 128
cluster Quantizing weight with shape: torch.Size([2752, 128])
cluster: 2
group_size: 128
cluster Quantizing weight with shape: torch.Size([2752, 128])
SVD 奇异值量化时间: 8.1118 秒
angle bits: 3
SVD 量化时间: 0.0450 秒
cluster: 2
group_size: 128
cluster Quantizing weight with shape: torch.Size([2752, 128])
cluster: 2
group_size: 128
cluster Quantizing weight with shape: torch.Size([2752, 128])
SVD 奇异值量化时间: 7.4745 秒
angle bits: 3
SVD 量化时间: 0.0461 秒
cluster: 2
group_size: 128
cluster Quantizing weight with shape: torch.Size([2752, 128])
cluster: 2
group_size: 128
cluster Quantizing weight with shape: torch.Size([2752, 128])
SVD 奇异值量化时间: 7.0995 秒
angle bits: 3
SVD 量化时间: 0.0474 秒
cluster: 2
group_size: 128
cluster Quantizing weight with shape: torch.Size([2752, 128])
cluster: 2
group_size: 128
cluster Quantizing weight with shape: torch.Size([2752, 128])
SVD 奇异值量化时间: 7.1486 秒
angle bits: 3
SVD 量化时间: 0.0473 秒
cluster: 2
group_size: 128
cluster Quantizing weight with shape: torch.Size([2752, 128])
cluster: 2
group_size: 128
cluster Quantizing weight with shape: torch.Size([2752, 128])
SVD 奇异值量化时间: 7.8761 秒
angle bits: 3
SVD 量化时间: 0.0449 秒
cluster: 2
group_size: 128
cluster Quantizing weight with shape: torch.Size([2752, 128])
cluster: 2
group_size: 128
cluster Quantizing weight with shape: torch.Size([2752, 128])
SVD 奇异值量化时间: 8.0944 秒
angle bits: 3
SVD 量化时间: 0.0452 秒
cluster: 2
group_size: 128
cluster Quantizing weight with shape: torch.Size([2752, 128])
cluster: 2
group_size: 128
cluster Quantizing weight with shape: torch.Size([2752, 128])
SVD 奇异值量化时间: 7.9391 秒
angle bits: 3
SVD 量化时间: 0.0452 秒
cluster: 2
group_size: 128
cluster Quantizing weight with shape: torch.Size([2752, 128])
cluster: 2
group_size: 128
cluster Quantizing weight with shape: torch.Size([2752, 128])
SVD 奇异值量化时间: 12.3850 秒
angle bits: 3
SVD 量化时间: 0.0454 秒
cluster: 2
group_size: 128
cluster Quantizing weight with shape: torch.Size([2752, 128])
cluster: 2
group_size: 128
cluster Quantizing weight with shape: torch.Size([2752, 128])
SVD 奇异值量化时间: 7.9261 秒
angle bits: 3
SVD 量化时间: 0.0448 秒
cluster: 2
group_size: 128
cluster Quantizing weight with shape: torch.Size([2752, 128])
cluster: 2
group_size: 128
cluster Quantizing weight with shape: torch.Size([2752, 128])
SVD 奇异值量化时间: 8.5069 秒
angle bits: 3
SVD 量化时间: 0.0448 秒
cluster: 2
group_size: 128
cluster Quantizing weight with shape: torch.Size([2752, 128])
cluster: 2
group_size: 128
cluster Quantizing weight with shape: torch.Size([2752, 128])
SVD 奇异值量化时间: 8.1016 秒
2 mlp.down_proj
Quantizing ...
使用blocksize: 128进行量化
angle bits: 3
SVD 量化时间: 0.0168 秒
cluster: 2
group_size: 128
cluster Quantizing weight with shape: torch.Size([1024, 128])
cluster: 2
group_size: 128
cluster Quantizing weight with shape: torch.Size([1024, 128])
SVD 奇异值量化时间: 2.9825 秒
angle bits: 3
SVD 量化时间: 0.0200 秒
cluster: 2
group_size: 128
cluster Quantizing weight with shape: torch.Size([1024, 128])
cluster: 2
group_size: 128
cluster Quantizing weight with shape: torch.Size([1024, 128])
SVD 奇异值量化时间: 2.9812 秒
angle bits: 3
SVD 量化时间: 0.0201 秒
cluster: 2
group_size: 128
cluster Quantizing weight with shape: torch.Size([1024, 128])
cluster: 2
group_size: 128
cluster Quantizing weight with shape: torch.Size([1024, 128])
SVD 奇异值量化时间: 2.7187 秒
angle bits: 3
SVD 量化时间: 0.0200 秒
cluster: 2
group_size: 128
cluster Quantizing weight with shape: torch.Size([1024, 128])
cluster: 2
group_size: 128
cluster Quantizing weight with shape: torch.Size([1024, 128])
SVD 奇异值量化时间: 2.6974 秒
angle bits: 3
SVD 量化时间: 0.0200 秒
cluster: 2
group_size: 128
cluster Quantizing weight with shape: torch.Size([1024, 128])
cluster: 2
group_size: 128
cluster Quantizing weight with shape: torch.Size([1024, 128])
SVD 奇异值量化时间: 2.7269 秒
angle bits: 3
SVD 量化时间: 0.0201 秒
cluster: 2
group_size: 128
cluster Quantizing weight with shape: torch.Size([1024, 128])
cluster: 2
group_size: 128
cluster Quantizing weight with shape: torch.Size([1024, 128])
SVD 奇异值量化时间: 2.7102 秒
angle bits: 3
SVD 量化时间: 0.0199 秒
cluster: 2
group_size: 128
cluster Quantizing weight with shape: torch.Size([1024, 128])
cluster: 2
group_size: 128
cluster Quantizing weight with shape: torch.Size([1024, 128])
SVD 奇异值量化时间: 2.7532 秒
angle bits: 3
SVD 量化时间: 0.0200 秒
cluster: 2
group_size: 128
cluster Quantizing weight with shape: torch.Size([1024, 128])
cluster: 2
group_size: 128
cluster Quantizing weight with shape: torch.Size([1024, 128])
SVD 奇异值量化时间: 2.7682 秒
angle bits: 3
SVD 量化时间: 0.0199 秒
cluster: 2
group_size: 128
cluster Quantizing weight with shape: torch.Size([1024, 128])
cluster: 2
group_size: 128
cluster Quantizing weight with shape: torch.Size([1024, 128])
SVD 奇异值量化时间: 3.0715 秒
angle bits: 3
SVD 量化时间: 0.0188 秒
cluster: 2
group_size: 128
cluster Quantizing weight with shape: torch.Size([1024, 128])
cluster: 2
group_size: 128
cluster Quantizing weight with shape: torch.Size([1024, 128])
SVD 奇异值量化时间: 2.9881 秒
angle bits: 3
SVD 量化时间: 0.0190 秒
cluster: 2
group_size: 128
cluster Quantizing weight with shape: torch.Size([1024, 128])
cluster: 2
group_size: 128
cluster Quantizing weight with shape: torch.Size([1024, 128])
SVD 奇异值量化时间: 2.9937 秒
angle bits: 3
SVD 量化时间: 0.0188 秒
cluster: 2
group_size: 128
cluster Quantizing weight with shape: torch.Size([1024, 128])
cluster: 2
group_size: 128
cluster Quantizing weight with shape: torch.Size([1024, 128])
SVD 奇异值量化时间: 2.9779 秒
angle bits: 3
SVD 量化时间: 0.0186 秒
cluster: 2
group_size: 128
cluster Quantizing weight with shape: torch.Size([1024, 128])
cluster: 2
group_size: 128
cluster Quantizing weight with shape: torch.Size([1024, 128])
SVD 奇异值量化时间: 2.9799 秒
angle bits: 3
SVD 量化时间: 0.0188 秒
cluster: 2
group_size: 128
cluster Quantizing weight with shape: torch.Size([1024, 128])
cluster: 2
group_size: 128
cluster Quantizing weight with shape: torch.Size([1024, 128])
SVD 奇异值量化时间: 2.9594 秒
angle bits: 3
SVD 量化时间: 0.0189 秒
cluster: 2
group_size: 128
cluster Quantizing weight with shape: torch.Size([1024, 128])
cluster: 2
group_size: 128
cluster Quantizing weight with shape: torch.Size([1024, 128])
SVD 奇异值量化时间: 2.9300 秒
angle bits: 3
SVD 量化时间: 0.0187 秒
cluster: 2
group_size: 128
cluster Quantizing weight with shape: torch.Size([1024, 128])
cluster: 2
group_size: 128
cluster Quantizing weight with shape: torch.Size([1024, 128])
SVD 奇异值量化时间: 2.9267 秒
angle bits: 3
SVD 量化时间: 0.0175 秒
cluster: 2
group_size: 128
cluster Quantizing weight with shape: torch.Size([1024, 128])
cluster: 2
group_size: 128
cluster Quantizing weight with shape: torch.Size([1024, 128])
SVD 奇异值量化时间: 2.9192 秒
angle bits: 3
SVD 量化时间: 0.0188 秒
cluster: 2
group_size: 128
cluster Quantizing weight with shape: torch.Size([1024, 128])
cluster: 2
group_size: 128
cluster Quantizing weight with shape: torch.Size([1024, 128])
SVD 奇异值量化时间: 7.7171 秒
angle bits: 3
SVD 量化时间: 0.0254 秒
cluster: 2
group_size: 128
cluster Quantizing weight with shape: torch.Size([1024, 128])
cluster: 2
group_size: 128
cluster Quantizing weight with shape: torch.Size([1024, 128])
SVD 奇异值量化时间: 2.9680 秒
angle bits: 3
SVD 量化时间: 0.0187 秒
cluster: 2
group_size: 128
cluster Quantizing weight with shape: torch.Size([1024, 128])
cluster: 2
group_size: 128
cluster Quantizing weight with shape: torch.Size([1024, 128])
SVD 奇异值量化时间: 2.9309 秒
angle bits: 3
SVD 量化时间: 0.0187 秒
cluster: 2
group_size: 128
cluster Quantizing weight with shape: torch.Size([1024, 128])
cluster: 2
group_size: 128
cluster Quantizing weight with shape: torch.Size([1024, 128])
SVD 奇异值量化时间: 3.0440 秒
angle bits: 3
SVD 量化时间: 0.0186 秒
cluster: 2
group_size: 128
cluster Quantizing weight with shape: torch.Size([1024, 128])
cluster: 2
group_size: 128
cluster Quantizing weight with shape: torch.Size([1024, 128])
SVD 奇异值量化时间: 3.1468 秒
angle bits: 3
SVD 量化时间: 0.0184 秒
cluster: 2
group_size: 128
cluster Quantizing weight with shape: torch.Size([1024, 128])
cluster: 2
group_size: 128
cluster Quantizing weight with shape: torch.Size([1024, 128])
SVD 奇异值量化时间: 3.1609 秒
angle bits: 3
SVD 量化时间: 0.0184 秒
cluster: 2
group_size: 128
cluster Quantizing weight with shape: torch.Size([1024, 128])
cluster: 2
group_size: 128
cluster Quantizing weight with shape: torch.Size([1024, 128])
SVD 奇异值量化时间: 3.1502 秒
angle bits: 3
SVD 量化时间: 0.0183 秒
cluster: 2
group_size: 128
cluster Quantizing weight with shape: torch.Size([1024, 128])
cluster: 2
group_size: 128
cluster Quantizing weight with shape: torch.Size([1024, 128])
SVD 奇异值量化时间: 3.0631 秒
angle bits: 3
SVD 量化时间: 0.0186 秒
cluster: 2
group_size: 128
cluster Quantizing weight with shape: torch.Size([1024, 128])
cluster: 2
group_size: 128
cluster Quantizing weight with shape: torch.Size([1024, 128])
SVD 奇异值量化时间: 2.9566 秒
angle bits: 3
SVD 量化时间: 0.0186 秒
cluster: 2
group_size: 128
cluster Quantizing weight with shape: torch.Size([1024, 128])
cluster: 2
group_size: 128
cluster Quantizing weight with shape: torch.Size([1024, 128])
SVD 奇异值量化时间: 2.9398 秒
angle bits: 3
SVD 量化时间: 0.0185 秒
cluster: 2
group_size: 128
cluster Quantizing weight with shape: torch.Size([1024, 128])
cluster: 2
group_size: 128
cluster Quantizing weight with shape: torch.Size([1024, 128])
SVD 奇异值量化时间: 2.7266 秒
angle bits: 3
SVD 量化时间: 0.0197 秒
cluster: 2
group_size: 128
cluster Quantizing weight with shape: torch.Size([1024, 128])
cluster: 2
group_size: 128
cluster Quantizing weight with shape: torch.Size([1024, 128])
SVD 奇异值量化时间: 2.7883 秒
angle bits: 3
SVD 量化时间: 0.0197 秒
cluster: 2
group_size: 128
cluster Quantizing weight with shape: torch.Size([1024, 128])
cluster: 2
group_size: 128
cluster Quantizing weight with shape: torch.Size([1024, 128])
SVD 奇异值量化时间: 2.7717 秒
angle bits: 3
SVD 量化时间: 0.0200 秒
cluster: 2
group_size: 128
cluster Quantizing weight with shape: torch.Size([1024, 128])
cluster: 2
group_size: 128
cluster Quantizing weight with shape: torch.Size([1024, 128])
SVD 奇异值量化时间: 2.7374 秒
angle bits: 3
SVD 量化时间: 0.0196 秒
cluster: 2
group_size: 128
cluster Quantizing weight with shape: torch.Size([1024, 128])
cluster: 2
group_size: 128
cluster Quantizing weight with shape: torch.Size([1024, 128])
SVD 奇异值量化时间: 2.7395 秒
angle bits: 3
SVD 量化时间: 0.0196 秒
cluster: 2
group_size: 128
cluster Quantizing weight with shape: torch.Size([1024, 128])
cluster: 2
group_size: 128
cluster Quantizing weight with shape: torch.Size([1024, 128])
SVD 奇异值量化时间: 2.7157 秒
angle bits: 3
SVD 量化时间: 0.0197 秒
cluster: 2
group_size: 128
cluster Quantizing weight with shape: torch.Size([1024, 128])
cluster: 2
group_size: 128
cluster Quantizing weight with shape: torch.Size([1024, 128])
SVD 奇异值量化时间: 2.7086 秒
angle bits: 3
SVD 量化时间: 0.0197 秒
cluster: 2
group_size: 128
cluster Quantizing weight with shape: torch.Size([1024, 128])
cluster: 2
group_size: 128
cluster Quantizing weight with shape: torch.Size([1024, 128])
SVD 奇异值量化时间: 2.6982 秒
angle bits: 3
SVD 量化时间: 0.0197 秒
cluster: 2
group_size: 128
cluster Quantizing weight with shape: torch.Size([1024, 128])
cluster: 2
group_size: 128
cluster Quantizing weight with shape: torch.Size([1024, 128])
SVD 奇异值量化时间: 3.2212 秒
angle bits: 3
SVD 量化时间: 0.0186 秒
cluster: 2
group_size: 128
cluster Quantizing weight with shape: torch.Size([1024, 128])
cluster: 2
group_size: 128
cluster Quantizing weight with shape: torch.Size([1024, 128])
SVD 奇异值量化时间: 2.9420 秒
angle bits: 3
SVD 量化时间: 0.0187 秒
cluster: 2
group_size: 128
cluster Quantizing weight with shape: torch.Size([1024, 128])
cluster: 2
group_size: 128
cluster Quantizing weight with shape: torch.Size([1024, 128])
SVD 奇异值量化时间: 2.9759 秒
angle bits: 3
SVD 量化时间: 0.0183 秒
cluster: 2
group_size: 128
cluster Quantizing weight with shape: torch.Size([1024, 128])
cluster: 2
group_size: 128
cluster Quantizing weight with shape: torch.Size([1024, 128])
SVD 奇异值量化时间: 2.9908 秒
angle bits: 3
SVD 量化时间: 0.0182 秒
cluster: 2
group_size: 128
cluster Quantizing weight with shape: torch.Size([1024, 128])
cluster: 2
group_size: 128
cluster Quantizing weight with shape: torch.Size([1024, 128])
SVD 奇异值量化时间: 2.9457 秒
angle bits: 3
SVD 量化时间: 0.0278 秒
cluster: 2
group_size: 128
cluster Quantizing weight with shape: torch.Size([1024, 128])
cluster: 2
group_size: 128
cluster Quantizing weight with shape: torch.Size([1024, 128])
SVD 奇异值量化时间: 2.9364 秒
angle bits: 3
SVD 量化时间: 0.0185 秒
cluster: 2
group_size: 128
cluster Quantizing weight with shape: torch.Size([1024, 128])
cluster: 2
group_size: 128
cluster Quantizing weight with shape: torch.Size([1024, 128])
SVD 奇异值量化时间: 2.9690 秒
angle bits: 3
SVD 量化时间: 0.0184 秒
cluster: 2
group_size: 128
cluster Quantizing weight with shape: torch.Size([1024, 128])
cluster: 2
group_size: 128
cluster Quantizing weight with shape: torch.Size([1024, 128])
SVD 奇异值量化时间: 2.9677 秒
angle bits: 3
SVD 量化时间: 0.0185 秒
cluster: 2
group_size: 128
cluster Quantizing weight with shape: torch.Size([1024, 128])
cluster: 2
group_size: 128
cluster Quantizing weight with shape: torch.Size([1024, 128])
SVD 奇异值量化时间: 3.3194 秒
angle bits: 3
SVD 量化时间: 0.0156 秒
cluster: 2
group_size: 128
cluster Quantizing weight with shape: torch.Size([1024, 128])
cluster: 2
group_size: 128
cluster Quantizing weight with shape: torch.Size([1024, 128])
SVD 奇异值量化时间: 7.4482 秒
angle bits: 3
SVD 量化时间: 0.0185 秒
cluster: 2
group_size: 128
cluster Quantizing weight with shape: torch.Size([1024, 128])
cluster: 2
group_size: 128
cluster Quantizing weight with shape: torch.Size([1024, 128])
SVD 奇异值量化时间: 2.9561 秒
angle bits: 3
SVD 量化时间: 0.0184 秒
cluster: 2
group_size: 128
cluster Quantizing weight with shape: torch.Size([1024, 128])
cluster: 2
group_size: 128
cluster Quantizing weight with shape: torch.Size([1024, 128])
SVD 奇异值量化时间: 3.0092 秒
angle bits: 3
SVD 量化时间: 0.0181 秒
cluster: 2
group_size: 128
cluster Quantizing weight with shape: torch.Size([1024, 128])
cluster: 2
group_size: 128
cluster Quantizing weight with shape: torch.Size([1024, 128])
SVD 奇异值量化时间: 3.1343 秒
angle bits: 3
SVD 量化时间: 0.0180 秒
cluster: 2
group_size: 128
cluster Quantizing weight with shape: torch.Size([1024, 128])
cluster: 2
group_size: 128
cluster Quantizing weight with shape: torch.Size([1024, 128])
SVD 奇异值量化时间: 3.1453 秒
angle bits: 3
SVD 量化时间: 0.0182 秒
cluster: 2
group_size: 128
cluster Quantizing weight with shape: torch.Size([1024, 128])
cluster: 2
group_size: 128
cluster Quantizing weight with shape: torch.Size([1024, 128])
SVD 奇异值量化时间: 3.1516 秒
angle bits: 3
SVD 量化时间: 0.0181 秒
cluster: 2
group_size: 128
cluster Quantizing weight with shape: torch.Size([1024, 128])
cluster: 2
group_size: 128
cluster Quantizing weight with shape: torch.Size([1024, 128])
SVD 奇异值量化时间: 3.1300 秒
angle bits: 3
SVD 量化时间: 0.0186 秒
cluster: 2
group_size: 128
cluster Quantizing weight with shape: torch.Size([1024, 128])
cluster: 2
group_size: 128
cluster Quantizing weight with shape: torch.Size([1024, 128])
SVD 奇异值量化时间: 2.9496 秒
angle bits: 3
SVD 量化时间: 0.0182 秒
cluster: 2
group_size: 128
cluster Quantizing weight with shape: torch.Size([1024, 128])
cluster: 2
group_size: 128
cluster Quantizing weight with shape: torch.Size([1024, 128])
SVD 奇异值量化时间: 2.9744 秒
angle bits: 3
SVD 量化时间: 0.0183 秒
cluster: 2
group_size: 128
cluster Quantizing weight with shape: torch.Size([1024, 128])
cluster: 2
group_size: 128
cluster Quantizing weight with shape: torch.Size([1024, 128])
SVD 奇异值量化时间: 2.7445 秒
angle bits: 3
SVD 量化时间: 0.0184 秒
cluster: 2
group_size: 128
cluster Quantizing weight with shape: torch.Size([1024, 128])
cluster: 2
group_size: 128
cluster Quantizing weight with shape: torch.Size([1024, 128])
SVD 奇异值量化时间: 2.6071 秒
angle bits: 3
SVD 量化时间: 0.0193 秒
cluster: 2
group_size: 128
cluster Quantizing weight with shape: torch.Size([1024, 128])
cluster: 2
group_size: 128
cluster Quantizing weight with shape: torch.Size([1024, 128])
SVD 奇异值量化时间: 2.6879 秒
angle bits: 3
SVD 量化时间: 0.0193 秒
cluster: 2
group_size: 128
cluster Quantizing weight with shape: torch.Size([1024, 128])
cluster: 2
group_size: 128
cluster Quantizing weight with shape: torch.Size([1024, 128])
SVD 奇异值量化时间: 2.7029 秒
angle bits: 3
SVD 量化时间: 0.0195 秒
cluster: 2
group_size: 128
cluster Quantizing weight with shape: torch.Size([1024, 128])
cluster: 2
group_size: 128
cluster Quantizing weight with shape: torch.Size([1024, 128])
SVD 奇异值量化时间: 2.7230 秒
angle bits: 3
SVD 量化时间: 0.0194 秒
cluster: 2
group_size: 128
cluster Quantizing weight with shape: torch.Size([1024, 128])
cluster: 2
group_size: 128
cluster Quantizing weight with shape: torch.Size([1024, 128])
SVD 奇异值量化时间: 2.7060 秒
angle bits: 3
SVD 量化时间: 0.0194 秒
cluster: 2
group_size: 128
cluster Quantizing weight with shape: torch.Size([1024, 128])
cluster: 2
group_size: 128
cluster Quantizing weight with shape: torch.Size([1024, 128])
SVD 奇异值量化时间: 2.7140 秒
angle bits: 3
SVD 量化时间: 0.0194 秒
cluster: 2
group_size: 128
cluster Quantizing weight with shape: torch.Size([1024, 128])
cluster: 2
group_size: 128
cluster Quantizing weight with shape: torch.Size([1024, 128])
SVD 奇异值量化时间: 2.7094 秒
angle bits: 3
SVD 量化时间: 0.0193 秒
cluster: 2
group_size: 128
cluster Quantizing weight with shape: torch.Size([1024, 128])
cluster: 2
group_size: 128
cluster Quantizing weight with shape: torch.Size([1024, 128])
SVD 奇异值量化时间: 3.0967 秒
angle bits: 3
SVD 量化时间: 0.0185 秒
cluster: 2
group_size: 128
cluster Quantizing weight with shape: torch.Size([1024, 128])
cluster: 2
group_size: 128
cluster Quantizing weight with shape: torch.Size([1024, 128])
SVD 奇异值量化时间: 2.9414 秒
angle bits: 3
SVD 量化时间: 0.0183 秒
cluster: 2
group_size: 128
cluster Quantizing weight with shape: torch.Size([1024, 128])
cluster: 2
group_size: 128
cluster Quantizing weight with shape: torch.Size([1024, 128])
SVD 奇异值量化时间: 2.9561 秒
angle bits: 3
SVD 量化时间: 0.0217 秒
cluster: 2
group_size: 128
cluster Quantizing weight with shape: torch.Size([1024, 128])
cluster: 2
group_size: 128
cluster Quantizing weight with shape: torch.Size([1024, 128])
SVD 奇异值量化时间: 2.9771 秒
angle bits: 3
SVD 量化时间: 0.0185 秒
cluster: 2
group_size: 128
cluster Quantizing weight with shape: torch.Size([1024, 128])
cluster: 2
group_size: 128
cluster Quantizing weight with shape: torch.Size([1024, 128])
SVD 奇异值量化时间: 2.9831 秒
angle bits: 3
SVD 量化时间: 0.0182 秒
cluster: 2
group_size: 128
cluster Quantizing weight with shape: torch.Size([1024, 128])
cluster: 2
group_size: 128
cluster Quantizing weight with shape: torch.Size([1024, 128])
SVD 奇异值量化时间: 2.9687 秒
angle bits: 3
SVD 量化时间: 0.0182 秒
cluster: 2
group_size: 128
cluster Quantizing weight with shape: torch.Size([1024, 128])
cluster: 2
group_size: 128
cluster Quantizing weight with shape: torch.Size([1024, 128])
SVD 奇异值量化时间: 2.9703 秒
angle bits: 3
SVD 量化时间: 0.0191 秒
cluster: 2
group_size: 128
cluster Quantizing weight with shape: torch.Size([1024, 128])
cluster: 2
group_size: 128
cluster Quantizing weight with shape: torch.Size([1024, 128])
SVD 奇异值量化时间: 2.9707 秒
angle bits: 3
SVD 量化时间: 0.0181 秒
cluster: 2
group_size: 128
cluster Quantizing weight with shape: torch.Size([1024, 128])
cluster: 2
group_size: 128
cluster Quantizing weight with shape: torch.Size([1024, 128])
SVD 奇异值量化时间: 2.9676 秒
angle bits: 3
SVD 量化时间: 0.0180 秒
cluster: 2
group_size: 128
cluster Quantizing weight with shape: torch.Size([1024, 128])
cluster: 2
group_size: 128
cluster Quantizing weight with shape: torch.Size([1024, 128])
SVD 奇异值量化时间: 7.4584 秒
angle bits: 3
SVD 量化时间: 0.0181 秒
cluster: 2
group_size: 128
cluster Quantizing weight with shape: torch.Size([1024, 128])
cluster: 2
group_size: 128
cluster Quantizing weight with shape: torch.Size([1024, 128])
SVD 奇异值量化时间: 2.9429 秒
angle bits: 3
SVD 量化时间: 0.0181 秒
cluster: 2
group_size: 128
cluster Quantizing weight with shape: torch.Size([1024, 128])
cluster: 2
group_size: 128
cluster Quantizing weight with shape: torch.Size([1024, 128])
SVD 奇异值量化时间: 2.9707 秒
angle bits: 3
SVD 量化时间: 0.0165 秒
cluster: 2
group_size: 128
cluster Quantizing weight with shape: torch.Size([1024, 128])
cluster: 2
group_size: 128
cluster Quantizing weight with shape: torch.Size([1024, 128])
SVD 奇异值量化时间: 3.1277 秒
angle bits: 3
SVD 量化时间: 0.0174 秒
cluster: 2
group_size: 128
cluster Quantizing weight with shape: torch.Size([1024, 128])
cluster: 2
group_size: 128
cluster Quantizing weight with shape: torch.Size([1024, 128])
SVD 奇异值量化时间: 3.1222 秒
angle bits: 3
SVD 量化时间: 0.0178 秒
cluster: 2
group_size: 128
cluster Quantizing weight with shape: torch.Size([1024, 128])
cluster: 2
group_size: 128
cluster Quantizing weight with shape: torch.Size([1024, 128])
SVD 奇异值量化时间: 3.1178 秒
angle bits: 3
SVD 量化时间: 0.0176 秒
cluster: 2
group_size: 128
cluster Quantizing weight with shape: torch.Size([1024, 128])
cluster: 2
group_size: 128
cluster Quantizing weight with shape: torch.Size([1024, 128])
SVD 奇异值量化时间: 3.1328 秒
angle bits: 3
SVD 量化时间: 0.0177 秒
cluster: 2
group_size: 128
cluster Quantizing weight with shape: torch.Size([1024, 128])
cluster: 2
group_size: 128
cluster Quantizing weight with shape: torch.Size([1024, 128])
SVD 奇异值量化时间: 3.0039 秒
angle bits: 3
SVD 量化时间: 0.0179 秒
cluster: 2
group_size: 128
cluster Quantizing weight with shape: torch.Size([1024, 128])
cluster: 2
group_size: 128
cluster Quantizing weight with shape: torch.Size([1024, 128])
SVD 奇异值量化时间: 2.9538 秒
angle bits: 3
SVD 量化时间: 0.0178 秒
cluster: 2
group_size: 128
cluster Quantizing weight with shape: torch.Size([1024, 128])
cluster: 2
group_size: 128
cluster Quantizing weight with shape: torch.Size([1024, 128])
SVD 奇异值量化时间: 2.8589 秒
angle bits: 3
SVD 量化时间: 0.0191 秒
cluster: 2
group_size: 128
cluster Quantizing weight with shape: torch.Size([1024, 128])
cluster: 2
group_size: 128
cluster Quantizing weight with shape: torch.Size([1024, 128])
SVD 奇异值量化时间: 2.7065 秒
angle bits: 3
SVD 量化时间: 0.0190 秒
cluster: 2
group_size: 128
cluster Quantizing weight with shape: torch.Size([1024, 128])
cluster: 2
group_size: 128
cluster Quantizing weight with shape: torch.Size([1024, 128])
SVD 奇异值量化时间: 2.7147 秒
angle bits: 3
SVD 量化时间: 0.0192 秒
cluster: 2
group_size: 128
cluster Quantizing weight with shape: torch.Size([1024, 128])
cluster: 2
group_size: 128
cluster Quantizing weight with shape: torch.Size([1024, 128])
SVD 奇异值量化时间: 2.7064 秒
angle bits: 3
SVD 量化时间: 0.0191 秒
cluster: 2
group_size: 128
cluster Quantizing weight with shape: torch.Size([1024, 128])
cluster: 2
group_size: 128
cluster Quantizing weight with shape: torch.Size([1024, 128])
SVD 奇异值量化时间: 2.7225 秒
angle bits: 3
SVD 量化时间: 0.0191 秒
cluster: 2
group_size: 128
cluster Quantizing weight with shape: torch.Size([1024, 128])
cluster: 2
group_size: 128
cluster Quantizing weight with shape: torch.Size([1024, 128])
SVD 奇异值量化时间: 2.7112 秒
angle bits: 3
SVD 量化时间: 0.0191 秒
cluster: 2
group_size: 128
cluster Quantizing weight with shape: torch.Size([1024, 128])
cluster: 2
group_size: 128
cluster Quantizing weight with shape: torch.Size([1024, 128])
SVD 奇异值量化时间: 2.7171 秒
3 self_attn.q_proj
Quantizing ...
使用blocksize: 128进行量化
angle bits: 3
SVD 量化时间: 0.0170 秒
cluster: 2
group_size: 128
cluster Quantizing weight with shape: torch.Size([1024, 128])
cluster: 2
group_size: 128
cluster Quantizing weight with shape: torch.Size([1024, 128])
SVD 奇异值量化时间: 2.6059 秒
angle bits: 3
SVD 量化时间: 0.0194 秒
cluster: 2
group_size: 128
cluster Quantizing weight with shape: torch.Size([1024, 128])
cluster: 2
group_size: 128
cluster Quantizing weight with shape: torch.Size([1024, 128])
SVD 奇异值量化时间: 3.1217 秒
angle bits: 3
SVD 量化时间: 0.0184 秒
cluster: 2
group_size: 128
cluster Quantizing weight with shape: torch.Size([1024, 128])
cluster: 2
group_size: 128
cluster Quantizing weight with shape: torch.Size([1024, 128])
SVD 奇异值量化时间: 2.9776 秒
angle bits: 3
SVD 量化时间: 0.0181 秒
cluster: 2
group_size: 128
cluster Quantizing weight with shape: torch.Size([1024, 128])
cluster: 2
group_size: 128
cluster Quantizing weight with shape: torch.Size([1024, 128])
SVD 奇异值量化时间: 2.9519 秒
angle bits: 3
SVD 量化时间: 0.0183 秒
cluster: 2
group_size: 128
cluster Quantizing weight with shape: torch.Size([1024, 128])
cluster: 2
group_size: 128
cluster Quantizing weight with shape: torch.Size([1024, 128])
SVD 奇异值量化时间: 2.9447 秒
angle bits: 3
SVD 量化时间: 0.0184 秒
cluster: 2
group_size: 128
cluster Quantizing weight with shape: torch.Size([1024, 128])
cluster: 2
group_size: 128
cluster Quantizing weight with shape: torch.Size([1024, 128])
SVD 奇异值量化时间: 2.9753 秒
angle bits: 3
SVD 量化时间: 0.0185 秒
cluster: 2
group_size: 128
cluster Quantizing weight with shape: torch.Size([1024, 128])
cluster: 2
group_size: 128
cluster Quantizing weight with shape: torch.Size([1024, 128])
SVD 奇异值量化时间: 2.9709 秒
angle bits: 3
SVD 量化时间: 0.0183 秒
cluster: 2
group_size: 128
cluster Quantizing weight with shape: torch.Size([1024, 128])
cluster: 2
group_size: 128
cluster Quantizing weight with shape: torch.Size([1024, 128])
SVD 奇异值量化时间: 2.9762 秒
angle bits: 3
SVD 量化时间: 0.0184 秒
cluster: 2
group_size: 128
cluster Quantizing weight with shape: torch.Size([1024, 128])
cluster: 2
group_size: 128
cluster Quantizing weight with shape: torch.Size([1024, 128])
SVD 奇异值量化时间: 3.0586 秒
angle bits: 3
SVD 量化时间: 0.0185 秒
cluster: 2
group_size: 128
cluster Quantizing weight with shape: torch.Size([1024, 128])
cluster: 2
group_size: 128
cluster Quantizing weight with shape: torch.Size([1024, 128])
SVD 奇异值量化时间: 2.9761 秒
angle bits: 3
SVD 量化时间: 0.0184 秒
cluster: 2
group_size: 128
cluster Quantizing weight with shape: torch.Size([1024, 128])
cluster: 2
group_size: 128
cluster Quantizing weight with shape: torch.Size([1024, 128])
SVD 奇异值量化时间: 7.6022 秒
angle bits: 3
SVD 量化时间: 0.0184 秒
cluster: 2
group_size: 128
cluster Quantizing weight with shape: torch.Size([1024, 128])
cluster: 2
group_size: 128
cluster Quantizing weight with shape: torch.Size([1024, 128])
SVD 奇异值量化时间: 2.9231 秒
angle bits: 3
SVD 量化时间: 0.0175 秒
cluster: 2
group_size: 128
cluster Quantizing weight with shape: torch.Size([1024, 128])
cluster: 2
group_size: 128
cluster Quantizing weight with shape: torch.Size([1024, 128])
SVD 奇异值量化时间: 2.9628 秒
angle bits: 3
SVD 量化时间: 0.0182 秒
cluster: 2
group_size: 128
cluster Quantizing weight with shape: torch.Size([1024, 128])
cluster: 2
group_size: 128
cluster Quantizing weight with shape: torch.Size([1024, 128])
SVD 奇异值量化时间: 3.1103 秒
angle bits: 3
SVD 量化时间: 0.0180 秒
cluster: 2
group_size: 128
cluster Quantizing weight with shape: torch.Size([1024, 128])
cluster: 2
group_size: 128
cluster Quantizing weight with shape: torch.Size([1024, 128])
SVD 奇异值量化时间: 3.1709 秒
angle bits: 3
SVD 量化时间: 0.0179 秒
cluster: 2
group_size: 128
cluster Quantizing weight with shape: torch.Size([1024, 128])
cluster: 2
group_size: 128
cluster Quantizing weight with shape: torch.Size([1024, 128])
SVD 奇异值量化时间: 3.1281 秒
angle bits: 3
SVD 量化时间: 0.0247 秒
cluster: 2
group_size: 128
cluster Quantizing weight with shape: torch.Size([1024, 128])
cluster: 2
group_size: 128
cluster Quantizing weight with shape: torch.Size([1024, 128])
SVD 奇异值量化时间: 3.1519 秒
angle bits: 3
SVD 量化时间: 0.0180 秒
cluster: 2
group_size: 128
cluster Quantizing weight with shape: torch.Size([1024, 128])
cluster: 2
group_size: 128
cluster Quantizing weight with shape: torch.Size([1024, 128])
SVD 奇异值量化时间: 2.9778 秒
angle bits: 3
SVD 量化时间: 0.0183 秒
cluster: 2
group_size: 128
cluster Quantizing weight with shape: torch.Size([1024, 128])
cluster: 2
group_size: 128
cluster Quantizing weight with shape: torch.Size([1024, 128])
SVD 奇异值量化时间: 2.9517 秒
angle bits: 3
SVD 量化时间: 0.0183 秒
cluster: 2
group_size: 128
cluster Quantizing weight with shape: torch.Size([1024, 128])
cluster: 2
group_size: 128
cluster Quantizing weight with shape: torch.Size([1024, 128])
SVD 奇异值量化时间: 2.8298 秒
angle bits: 3
SVD 量化时间: 0.0184 秒
cluster: 2
group_size: 128
cluster Quantizing weight with shape: torch.Size([1024, 128])
cluster: 2
group_size: 128
cluster Quantizing weight with shape: torch.Size([1024, 128])
SVD 奇异值量化时间: 2.6009 秒
angle bits: 3
SVD 量化时间: 0.0194 秒
cluster: 2
group_size: 128
cluster Quantizing weight with shape: torch.Size([1024, 128])
cluster: 2
group_size: 128
cluster Quantizing weight with shape: torch.Size([1024, 128])
SVD 奇异值量化时间: 2.7087 秒
angle bits: 3
SVD 量化时间: 0.0192 秒
cluster: 2
group_size: 128
cluster Quantizing weight with shape: torch.Size([1024, 128])
cluster: 2
group_size: 128
cluster Quantizing weight with shape: torch.Size([1024, 128])
SVD 奇异值量化时间: 2.6974 秒
angle bits: 3
SVD 量化时间: 0.0192 秒
cluster: 2
group_size: 128
cluster Quantizing weight with shape: torch.Size([1024, 128])
cluster: 2
group_size: 128
cluster Quantizing weight with shape: torch.Size([1024, 128])
SVD 奇异值量化时间: 2.7180 秒
angle bits: 3
SVD 量化时间: 0.0191 秒
cluster: 2
group_size: 128
cluster Quantizing weight with shape: torch.Size([1024, 128])
cluster: 2
group_size: 128
cluster Quantizing weight with shape: torch.Size([1024, 128])
SVD 奇异值量化时间: 2.7188 秒
angle bits: 3
SVD 量化时间: 0.0192 秒
cluster: 2
group_size: 128
cluster Quantizing weight with shape: torch.Size([1024, 128])
cluster: 2
group_size: 128
cluster Quantizing weight with shape: torch.Size([1024, 128])
SVD 奇异值量化时间: 2.7114 秒
angle bits: 3
SVD 量化时间: 0.0190 秒
cluster: 2
group_size: 128
cluster Quantizing weight with shape: torch.Size([1024, 128])
cluster: 2
group_size: 128
cluster Quantizing weight with shape: torch.Size([1024, 128])
SVD 奇异值量化时间: 2.7132 秒
angle bits: 3
SVD 量化时间: 0.0189 秒
cluster: 2
group_size: 128
cluster Quantizing weight with shape: torch.Size([1024, 128])
cluster: 2
group_size: 128
cluster Quantizing weight with shape: torch.Size([1024, 128])
SVD 奇异值量化时间: 3.0008 秒
angle bits: 3
SVD 量化时间: 0.0178 秒
cluster: 2
group_size: 128
cluster Quantizing weight with shape: torch.Size([1024, 128])
cluster: 2
group_size: 128
cluster Quantizing weight with shape: torch.Size([1024, 128])
SVD 奇异值量化时间: 2.9535 秒
angle bits: 3
SVD 量化时间: 0.0180 秒
cluster: 2
group_size: 128
cluster Quantizing weight with shape: torch.Size([1024, 128])
cluster: 2
group_size: 128
cluster Quantizing weight with shape: torch.Size([1024, 128])
SVD 奇异值量化时间: 2.9009 秒
angle bits: 3
SVD 量化时间: 0.0169 秒
cluster: 2
group_size: 128
cluster Quantizing weight with shape: torch.Size([1024, 128])
cluster: 2
group_size: 128
cluster Quantizing weight with shape: torch.Size([1024, 128])
SVD 奇异值量化时间: 2.9814 秒
angle bits: 3
SVD 量化时间: 0.0256 秒
cluster: 2
group_size: 128
cluster Quantizing weight with shape: torch.Size([1024, 128])
cluster: 2
group_size: 128
cluster Quantizing weight with shape: torch.Size([1024, 128])
SVD 奇异值量化时间: 3.0300 秒
3 self_attn.k_proj
Quantizing ...
使用blocksize: 128进行量化
angle bits: 3
SVD 量化时间: 0.0162 秒
cluster: 2
group_size: 128
cluster Quantizing weight with shape: torch.Size([1024, 128])
cluster: 2
group_size: 128
cluster Quantizing weight with shape: torch.Size([1024, 128])
SVD 奇异值量化时间: 3.0015 秒
angle bits: 3
SVD 量化时间: 0.0277 秒
cluster: 2
group_size: 128
cluster Quantizing weight with shape: torch.Size([1024, 128])
cluster: 2
group_size: 128
cluster Quantizing weight with shape: torch.Size([1024, 128])
SVD 奇异值量化时间: 2.9849 秒
angle bits: 3
SVD 量化时间: 0.0184 秒
cluster: 2
group_size: 128
cluster Quantizing weight with shape: torch.Size([1024, 128])
cluster: 2
group_size: 128
cluster Quantizing weight with shape: torch.Size([1024, 128])
SVD 奇异值量化时间: 2.9892 秒
angle bits: 3
SVD 量化时间: 0.0181 秒
cluster: 2
group_size: 128
cluster Quantizing weight with shape: torch.Size([1024, 128])
cluster: 2
group_size: 128
cluster Quantizing weight with shape: torch.Size([1024, 128])
SVD 奇异值量化时间: 2.9822 秒
angle bits: 3
SVD 量化时间: 0.0184 秒
cluster: 2
group_size: 128
cluster Quantizing weight with shape: torch.Size([1024, 128])
cluster: 2
group_size: 128
cluster Quantizing weight with shape: torch.Size([1024, 128])
SVD 奇异值量化时间: 3.5539 秒
angle bits: 3
SVD 量化时间: 0.0550 秒
cluster: 2
group_size: 128
cluster Quantizing weight with shape: torch.Size([1024, 128])
cluster: 2
group_size: 128
cluster Quantizing weight with shape: torch.Size([1024, 128])
SVD 奇异值量化时间: 6.8890 秒
angle bits: 3
SVD 量化时间: 0.0186 秒
cluster: 2
group_size: 128
cluster Quantizing weight with shape: torch.Size([1024, 128])
cluster: 2
group_size: 128
cluster Quantizing weight with shape: torch.Size([1024, 128])
SVD 奇异值量化时间: 2.9397 秒
angle bits: 3
SVD 量化时间: 0.0183 秒
cluster: 2
group_size: 128
cluster Quantizing weight with shape: torch.Size([1024, 128])
cluster: 2
group_size: 128
cluster Quantizing weight with shape: torch.Size([1024, 128])
SVD 奇异值量化时间: 3.0018 秒
angle bits: 3
SVD 量化时间: 0.0181 秒
cluster: 2
group_size: 128
cluster Quantizing weight with shape: torch.Size([1024, 128])
cluster: 2
group_size: 128
cluster Quantizing weight with shape: torch.Size([1024, 128])
SVD 奇异值量化时间: 3.1507 秒
angle bits: 3
SVD 量化时间: 0.0181 秒
cluster: 2
group_size: 128
cluster Quantizing weight with shape: torch.Size([1024, 128])
cluster: 2
group_size: 128
cluster Quantizing weight with shape: torch.Size([1024, 128])
SVD 奇异值量化时间: 3.1474 秒
angle bits: 3
SVD 量化时间: 0.0179 秒
cluster: 2
group_size: 128
cluster Quantizing weight with shape: torch.Size([1024, 128])
cluster: 2
group_size: 128
cluster Quantizing weight with shape: torch.Size([1024, 128])
SVD 奇异值量化时间: 3.1443 秒
angle bits: 3
SVD 量化时间: 0.0178 秒
cluster: 2
group_size: 128
cluster Quantizing weight with shape: torch.Size([1024, 128])
cluster: 2
group_size: 128
cluster Quantizing weight with shape: torch.Size([1024, 128])
SVD 奇异值量化时间: 3.1205 秒
angle bits: 3
SVD 量化时间: 0.0184 秒
cluster: 2
group_size: 128
cluster Quantizing weight with shape: torch.Size([1024, 128])
cluster: 2
group_size: 128
cluster Quantizing weight with shape: torch.Size([1024, 128])
SVD 奇异值量化时间: 2.9484 秒
angle bits: 3
SVD 量化时间: 0.0183 秒
cluster: 2
group_size: 128
cluster Quantizing weight with shape: torch.Size([1024, 128])
cluster: 2
group_size: 128
cluster Quantizing weight with shape: torch.Size([1024, 128])
SVD 奇异值量化时间: 2.9385 秒
angle bits: 3
SVD 量化时间: 0.0181 秒
cluster: 2
group_size: 128
cluster Quantizing weight with shape: torch.Size([1024, 128])
cluster: 2
group_size: 128
cluster Quantizing weight with shape: torch.Size([1024, 128])
SVD 奇异值量化时间: 2.7919 秒
angle bits: 3
SVD 量化时间: 0.0192 秒
cluster: 2
group_size: 128
cluster Quantizing weight with shape: torch.Size([1024, 128])
cluster: 2
group_size: 128
cluster Quantizing weight with shape: torch.Size([1024, 128])
SVD 奇异值量化时间: 2.6997 秒
angle bits: 3
SVD 量化时间: 0.0190 秒
cluster: 2
group_size: 128
cluster Quantizing weight with shape: torch.Size([1024, 128])
cluster: 2
group_size: 128
cluster Quantizing weight with shape: torch.Size([1024, 128])
SVD 奇异值量化时间: 2.7029 秒
angle bits: 3
SVD 量化时间: 0.0193 秒
cluster: 2
group_size: 128
cluster Quantizing weight with shape: torch.Size([1024, 128])
cluster: 2
group_size: 128
cluster Quantizing weight with shape: torch.Size([1024, 128])
SVD 奇异值量化时间: 2.7017 秒
angle bits: 3
SVD 量化时间: 0.0191 秒
cluster: 2
group_size: 128
cluster Quantizing weight with shape: torch.Size([1024, 128])
cluster: 2
group_size: 128
cluster Quantizing weight with shape: torch.Size([1024, 128])
SVD 奇异值量化时间: 2.7212 秒
angle bits: 3
SVD 量化时间: 0.0192 秒
cluster: 2
group_size: 128
cluster Quantizing weight with shape: torch.Size([1024, 128])
cluster: 2
group_size: 128
cluster Quantizing weight with shape: torch.Size([1024, 128])
SVD 奇异值量化时间: 2.7085 秒
angle bits: 3
SVD 量化时间: 0.0193 秒
cluster: 2
group_size: 128
cluster Quantizing weight with shape: torch.Size([1024, 128])
cluster: 2
group_size: 128
cluster Quantizing weight with shape: torch.Size([1024, 128])
SVD 奇异值量化时间: 2.7164 秒
angle bits: 3
SVD 量化时间: 0.0195 秒
cluster: 2
group_size: 128
cluster Quantizing weight with shape: torch.Size([1024, 128])
cluster: 2
group_size: 128
cluster Quantizing weight with shape: torch.Size([1024, 128])
SVD 奇异值量化时间: 2.7892 秒
angle bits: 3
SVD 量化时间: 0.0192 秒
cluster: 2
group_size: 128
cluster Quantizing weight with shape: torch.Size([1024, 128])
cluster: 2
group_size: 128
cluster Quantizing weight with shape: torch.Size([1024, 128])
SVD 奇异值量化时间: 3.2344 秒
angle bits: 3
SVD 量化时间: 0.0177 秒
cluster: 2
group_size: 128
cluster Quantizing weight with shape: torch.Size([1024, 128])
cluster: 2
group_size: 128
cluster Quantizing weight with shape: torch.Size([1024, 128])
SVD 奇异值量化时间: 2.9806 秒
angle bits: 3
SVD 量化时间: 0.0179 秒
cluster: 2
group_size: 128
cluster Quantizing weight with shape: torch.Size([1024, 128])
cluster: 2
group_size: 128
cluster Quantizing weight with shape: torch.Size([1024, 128])
SVD 奇异值量化时间: 2.9446 秒
angle bits: 3
SVD 量化时间: 0.0176 秒
cluster: 2
group_size: 128
cluster Quantizing weight with shape: torch.Size([1024, 128])
cluster: 2
group_size: 128
cluster Quantizing weight with shape: torch.Size([1024, 128])
SVD 奇异值量化时间: 2.9966 秒
angle bits: 3
SVD 量化时间: 0.0178 秒
cluster: 2
group_size: 128
cluster Quantizing weight with shape: torch.Size([1024, 128])
cluster: 2
group_size: 128
cluster Quantizing weight with shape: torch.Size([1024, 128])
SVD 奇异值量化时间: 2.9704 秒
angle bits: 3
SVD 量化时间: 0.0189 秒
cluster: 2
group_size: 128
cluster Quantizing weight with shape: torch.Size([1024, 128])
cluster: 2
group_size: 128
cluster Quantizing weight with shape: torch.Size([1024, 128])
SVD 奇异值量化时间: 2.9919 秒
angle bits: 3
SVD 量化时间: 0.0176 秒
cluster: 2
group_size: 128
cluster Quantizing weight with shape: torch.Size([1024, 128])
cluster: 2
group_size: 128
cluster Quantizing weight with shape: torch.Size([1024, 128])
SVD 奇异值量化时间: 2.9450 秒
angle bits: 3
SVD 量化时间: 0.0176 秒
cluster: 2
group_size: 128
cluster Quantizing weight with shape: torch.Size([1024, 128])
cluster: 2
group_size: 128
cluster Quantizing weight with shape: torch.Size([1024, 128])
SVD 奇异值量化时间: 2.9726 秒
angle bits: 3
SVD 量化时间: 0.0174 秒
cluster: 2
group_size: 128
cluster Quantizing weight with shape: torch.Size([1024, 128])
cluster: 2
group_size: 128
cluster Quantizing weight with shape: torch.Size([1024, 128])
SVD 奇异值量化时间: 3.5892 秒
angle bits: 3
SVD 量化时间: 0.0150 秒
cluster: 2
group_size: 128
cluster Quantizing weight with shape: torch.Size([1024, 128])
cluster: 2
group_size: 128
cluster Quantizing weight with shape: torch.Size([1024, 128])
SVD 奇异值量化时间: 7.3388 秒
3 self_attn.v_proj
Quantizing ...
使用blocksize: 128进行量化
angle bits: 3
SVD 量化时间: 0.0157 秒
cluster: 2
group_size: 128
cluster Quantizing weight with shape: torch.Size([1024, 128])
cluster: 2
group_size: 128
cluster Quantizing weight with shape: torch.Size([1024, 128])
SVD 奇异值量化时间: 2.8963 秒
angle bits: 3
SVD 量化时间: 0.0183 秒
cluster: 2
group_size: 128
cluster Quantizing weight with shape: torch.Size([1024, 128])
cluster: 2
group_size: 128
cluster Quantizing weight with shape: torch.Size([1024, 128])
SVD 奇异值量化时间: 2.9911 秒
angle bits: 3
SVD 量化时间: 0.0216 秒
cluster: 2
group_size: 128
cluster Quantizing weight with shape: torch.Size([1024, 128])
cluster: 2
group_size: 128
cluster Quantizing weight with shape: torch.Size([1024, 128])
SVD 奇异值量化时间: 3.1563 秒
angle bits: 3
SVD 量化时间: 0.0183 秒
cluster: 2
group_size: 128
cluster Quantizing weight with shape: torch.Size([1024, 128])
cluster: 2
group_size: 128
cluster Quantizing weight with shape: torch.Size([1024, 128])
SVD 奇异值量化时间: 3.1707 秒
angle bits: 3
SVD 量化时间: 0.0179 秒
cluster: 2
group_size: 128
cluster Quantizing weight with shape: torch.Size([1024, 128])
cluster: 2
group_size: 128
cluster Quantizing weight with shape: torch.Size([1024, 128])
SVD 奇异值量化时间: 3.1001 秒
angle bits: 3
SVD 量化时间: 0.0180 秒
cluster: 2
group_size: 128
cluster Quantizing weight with shape: torch.Size([1024, 128])
cluster: 2
group_size: 128
cluster Quantizing weight with shape: torch.Size([1024, 128])
SVD 奇异值量化时间: 3.0939 秒
angle bits: 3
SVD 量化时间: 0.0219 秒
cluster: 2
group_size: 128
cluster Quantizing weight with shape: torch.Size([1024, 128])
cluster: 2
group_size: 128
cluster Quantizing weight with shape: torch.Size([1024, 128])
SVD 奇异值量化时间: 3.0351 秒
angle bits: 3
SVD 量化时间: 0.0184 秒
cluster: 2
group_size: 128
cluster Quantizing weight with shape: torch.Size([1024, 128])
cluster: 2
group_size: 128
cluster Quantizing weight with shape: torch.Size([1024, 128])
SVD 奇异值量化时间: 2.9340 秒
angle bits: 3
SVD 量化时间: 0.0184 秒
cluster: 2
group_size: 128
cluster Quantizing weight with shape: torch.Size([1024, 128])
cluster: 2
group_size: 128
cluster Quantizing weight with shape: torch.Size([1024, 128])
SVD 奇异值量化时间: 2.7082 秒
angle bits: 3
SVD 量化时间: 0.0192 秒
cluster: 2
group_size: 128
cluster Quantizing weight with shape: torch.Size([1024, 128])
cluster: 2
group_size: 128
cluster Quantizing weight with shape: torch.Size([1024, 128])
SVD 奇异值量化时间: 2.7007 秒
angle bits: 3
SVD 量化时间: 0.0193 秒
cluster: 2
group_size: 128
cluster Quantizing weight with shape: torch.Size([1024, 128])
cluster: 2
group_size: 128
cluster Quantizing weight with shape: torch.Size([1024, 128])
SVD 奇异值量化时间: 2.7320 秒
angle bits: 3
SVD 量化时间: 0.0192 秒
cluster: 2
group_size: 128
cluster Quantizing weight with shape: torch.Size([1024, 128])
cluster: 2
group_size: 128
cluster Quantizing weight with shape: torch.Size([1024, 128])
SVD 奇异值量化时间: 2.7803 秒
angle bits: 3
SVD 量化时间: 0.0194 秒
cluster: 2
group_size: 128
cluster Quantizing weight with shape: torch.Size([1024, 128])
cluster: 2
group_size: 128
cluster Quantizing weight with shape: torch.Size([1024, 128])
SVD 奇异值量化时间: 2.7742 秒
angle bits: 3
SVD 量化时间: 0.0193 秒
cluster: 2
group_size: 128
cluster Quantizing weight with shape: torch.Size([1024, 128])
cluster: 2
group_size: 128
cluster Quantizing weight with shape: torch.Size([1024, 128])
SVD 奇异值量化时间: 2.7159 秒
angle bits: 3
SVD 量化时间: 0.0192 秒
cluster: 2
group_size: 128
cluster Quantizing weight with shape: torch.Size([1024, 128])
cluster: 2
group_size: 128
cluster Quantizing weight with shape: torch.Size([1024, 128])
SVD 奇异值量化时间: 2.7066 秒
angle bits: 3
SVD 量化时间: 0.0193 秒
cluster: 2
group_size: 128
cluster Quantizing weight with shape: torch.Size([1024, 128])
cluster: 2
group_size: 128
cluster Quantizing weight with shape: torch.Size([1024, 128])
SVD 奇异值量化时间: 2.7009 秒
angle bits: 3
SVD 量化时间: 0.0191 秒
cluster: 2
group_size: 128
cluster Quantizing weight with shape: torch.Size([1024, 128])
cluster: 2
group_size: 128
cluster Quantizing weight with shape: torch.Size([1024, 128])
SVD 奇异值量化时间: 3.1653 秒
angle bits: 3
SVD 量化时间: 0.0183 秒
cluster: 2
group_size: 128
cluster Quantizing weight with shape: torch.Size([1024, 128])
cluster: 2
group_size: 128
cluster Quantizing weight with shape: torch.Size([1024, 128])
SVD 奇异值量化时间: 2.9840 秒
angle bits: 3
SVD 量化时间: 0.0180 秒
cluster: 2
group_size: 128
cluster Quantizing weight with shape: torch.Size([1024, 128])
cluster: 2
group_size: 128
cluster Quantizing weight with shape: torch.Size([1024, 128])
SVD 奇异值量化时间: 2.9830 秒
angle bits: 3
SVD 量化时间: 0.0177 秒
cluster: 2
group_size: 128
cluster Quantizing weight with shape: torch.Size([1024, 128])
cluster: 2
group_size: 128
cluster Quantizing weight with shape: torch.Size([1024, 128])
SVD 奇异值量化时间: 3.0062 秒
angle bits: 3
SVD 量化时间: 0.0182 秒
cluster: 2
group_size: 128
cluster Quantizing weight with shape: torch.Size([1024, 128])
cluster: 2
group_size: 128
cluster Quantizing weight with shape: torch.Size([1024, 128])
SVD 奇异值量化时间: 2.9718 秒
angle bits: 3
SVD 量化时间: 0.0178 秒
cluster: 2
group_size: 128
cluster Quantizing weight with shape: torch.Size([1024, 128])
cluster: 2
group_size: 128
cluster Quantizing weight with shape: torch.Size([1024, 128])
SVD 奇异值量化时间: 2.9499 秒
angle bits: 3
SVD 量化时间: 0.0175 秒
cluster: 2
group_size: 128
cluster Quantizing weight with shape: torch.Size([1024, 128])
cluster: 2
group_size: 128
cluster Quantizing weight with shape: torch.Size([1024, 128])
SVD 奇异值量化时间: 3.0031 秒
angle bits: 3
SVD 量化时间: 0.0177 秒
cluster: 2
group_size: 128
cluster Quantizing weight with shape: torch.Size([1024, 128])
cluster: 2
group_size: 128
cluster Quantizing weight with shape: torch.Size([1024, 128])
SVD 奇异值量化时间: 2.9775 秒
angle bits: 3
SVD 量化时间: 0.0176 秒
cluster: 2
group_size: 128
cluster Quantizing weight with shape: torch.Size([1024, 128])
cluster: 2
group_size: 128
cluster Quantizing weight with shape: torch.Size([1024, 128])
SVD 奇异值量化时间: 3.7538 秒
angle bits: 3
SVD 量化时间: 0.0151 秒
cluster: 2
group_size: 128
cluster Quantizing weight with shape: torch.Size([1024, 128])
cluster: 2
group_size: 128
cluster Quantizing weight with shape: torch.Size([1024, 128])
SVD 奇异值量化时间: 6.9938 秒
angle bits: 3
SVD 量化时间: 0.0177 秒
cluster: 2
group_size: 128
cluster Quantizing weight with shape: torch.Size([1024, 128])
cluster: 2
group_size: 128
cluster Quantizing weight with shape: torch.Size([1024, 128])
SVD 奇异值量化时间: 2.9243 秒
angle bits: 3
SVD 量化时间: 0.0177 秒
cluster: 2
group_size: 128
cluster Quantizing weight with shape: torch.Size([1024, 128])
cluster: 2
group_size: 128
cluster Quantizing weight with shape: torch.Size([1024, 128])
SVD 奇异值量化时间: 2.9510 秒
angle bits: 3
SVD 量化时间: 0.0174 秒
cluster: 2
group_size: 128
cluster Quantizing weight with shape: torch.Size([1024, 128])
cluster: 2
group_size: 128
cluster Quantizing weight with shape: torch.Size([1024, 128])
SVD 奇异值量化时间: 3.1466 秒
angle bits: 3
SVD 量化时间: 0.0174 秒
cluster: 2
group_size: 128
cluster Quantizing weight with shape: torch.Size([1024, 128])
cluster: 2
group_size: 128
cluster Quantizing weight with shape: torch.Size([1024, 128])
SVD 奇异值量化时间: 3.1423 秒
angle bits: 3
SVD 量化时间: 0.0175 秒
cluster: 2
group_size: 128
cluster Quantizing weight with shape: torch.Size([1024, 128])
cluster: 2
group_size: 128
cluster Quantizing weight with shape: torch.Size([1024, 128])
SVD 奇异值量化时间: 3.1429 秒
angle bits: 3
SVD 量化时间: 0.0175 秒
cluster: 2
group_size: 128
cluster Quantizing weight with shape: torch.Size([1024, 128])
cluster: 2
group_size: 128
cluster Quantizing weight with shape: torch.Size([1024, 128])
SVD 奇异值量化时间: 3.1589 秒
3 self_attn.o_proj
Quantizing ...
使用blocksize: 128进行量化
angle bits: 3
SVD 量化时间: 0.0155 秒
cluster: 2
group_size: 128
cluster Quantizing weight with shape: torch.Size([1024, 128])
cluster: 2
group_size: 128
cluster Quantizing weight with shape: torch.Size([1024, 128])
SVD 奇异值量化时间: 3.0031 秒
angle bits: 3
SVD 量化时间: 0.0174 秒
cluster: 2
group_size: 128
cluster Quantizing weight with shape: torch.Size([1024, 128])
cluster: 2
group_size: 128
cluster Quantizing weight with shape: torch.Size([1024, 128])
SVD 奇异值量化时间: 2.9777 秒
angle bits: 3
SVD 量化时间: 0.0179 秒
cluster: 2
group_size: 128
cluster Quantizing weight with shape: torch.Size([1024, 128])
cluster: 2
group_size: 128
cluster Quantizing weight with shape: torch.Size([1024, 128])
SVD 奇异值量化时间: 2.8016 秒
angle bits: 3
SVD 量化时间: 0.0351 秒
cluster: 2
group_size: 128
cluster Quantizing weight with shape: torch.Size([1024, 128])
cluster: 2
group_size: 128
cluster Quantizing weight with shape: torch.Size([1024, 128])
SVD 奇异值量化时间: 2.6774 秒
angle bits: 3
SVD 量化时间: 0.0197 秒
cluster: 2
group_size: 128
cluster Quantizing weight with shape: torch.Size([1024, 128])
cluster: 2
group_size: 128
cluster Quantizing weight with shape: torch.Size([1024, 128])
SVD 奇异值量化时间: 2.7039 秒
angle bits: 3
SVD 量化时间: 0.0193 秒
cluster: 2
group_size: 128
cluster Quantizing weight with shape: torch.Size([1024, 128])
cluster: 2
group_size: 128
cluster Quantizing weight with shape: torch.Size([1024, 128])
SVD 奇异值量化时间: 2.7084 秒
angle bits: 3
SVD 量化时间: 0.0193 秒
cluster: 2
group_size: 128
cluster Quantizing weight with shape: torch.Size([1024, 128])
cluster: 2
group_size: 128
cluster Quantizing weight with shape: torch.Size([1024, 128])
SVD 奇异值量化时间: 2.7199 秒
angle bits: 3
SVD 量化时间: 0.0194 秒
cluster: 2
group_size: 128
cluster Quantizing weight with shape: torch.Size([1024, 128])
cluster: 2
group_size: 128
cluster Quantizing weight with shape: torch.Size([1024, 128])
SVD 奇异值量化时间: 2.7112 秒
angle bits: 3
SVD 量化时间: 0.0193 秒
cluster: 2
group_size: 128
cluster Quantizing weight with shape: torch.Size([1024, 128])
cluster: 2
group_size: 128
cluster Quantizing weight with shape: torch.Size([1024, 128])
SVD 奇异值量化时间: 2.7014 秒
angle bits: 3
SVD 量化时间: 0.0194 秒
cluster: 2
group_size: 128
cluster Quantizing weight with shape: torch.Size([1024, 128])
cluster: 2
group_size: 128
cluster Quantizing weight with shape: torch.Size([1024, 128])
SVD 奇异值量化时间: 2.7050 秒
angle bits: 3
SVD 量化时间: 0.0193 秒
cluster: 2
group_size: 128
cluster Quantizing weight with shape: torch.Size([1024, 128])
cluster: 2
group_size: 128
cluster Quantizing weight with shape: torch.Size([1024, 128])
SVD 奇异值量化时间: 3.0715 秒
angle bits: 3
SVD 量化时间: 0.0182 秒
cluster: 2
group_size: 128
cluster Quantizing weight with shape: torch.Size([1024, 128])
cluster: 2
group_size: 128
cluster Quantizing weight with shape: torch.Size([1024, 128])
SVD 奇异值量化时间: 2.9787 秒
angle bits: 3
SVD 量化时间: 0.0182 秒
cluster: 2
group_size: 128
cluster Quantizing weight with shape: torch.Size([1024, 128])
cluster: 2
group_size: 128
cluster Quantizing weight with shape: torch.Size([1024, 128])
SVD 奇异值量化时间: 2.9754 秒
angle bits: 3
SVD 量化时间: 0.0181 秒
cluster: 2
group_size: 128
cluster Quantizing weight with shape: torch.Size([1024, 128])
cluster: 2
group_size: 128
cluster Quantizing weight with shape: torch.Size([1024, 128])
SVD 奇异值量化时间: 2.9718 秒
angle bits: 3
SVD 量化时间: 0.0181 秒
cluster: 2
group_size: 128
cluster Quantizing weight with shape: torch.Size([1024, 128])
cluster: 2
group_size: 128
cluster Quantizing weight with shape: torch.Size([1024, 128])
SVD 奇异值量化时间: 2.9615 秒
angle bits: 3
SVD 量化时间: 0.0181 秒
cluster: 2
group_size: 128
cluster Quantizing weight with shape: torch.Size([1024, 128])
cluster: 2
group_size: 128
cluster Quantizing weight with shape: torch.Size([1024, 128])
SVD 奇异值量化时间: 2.9459 秒
angle bits: 3
SVD 量化时间: 0.0182 秒
cluster: 2
group_size: 128
cluster Quantizing weight with shape: torch.Size([1024, 128])
cluster: 2
group_size: 128
cluster Quantizing weight with shape: torch.Size([1024, 128])
SVD 奇异值量化时间: 2.9503 秒
angle bits: 3
SVD 量化时间: 0.0181 秒
cluster: 2
group_size: 128
cluster Quantizing weight with shape: torch.Size([1024, 128])
cluster: 2
group_size: 128
cluster Quantizing weight with shape: torch.Size([1024, 128])
SVD 奇异值量化时间: 2.9589 秒
angle bits: 3
SVD 量化时间: 0.0181 秒
cluster: 2
group_size: 128
cluster Quantizing weight with shape: torch.Size([1024, 128])
cluster: 2
group_size: 128
cluster Quantizing weight with shape: torch.Size([1024, 128])
SVD 奇异值量化时间: 2.9620 秒
angle bits: 3
SVD 量化时间: 0.0179 秒
cluster: 2
group_size: 128
cluster Quantizing weight with shape: torch.Size([1024, 128])
cluster: 2
group_size: 128
cluster Quantizing weight with shape: torch.Size([1024, 128])
SVD 奇异值量化时间: 7.8091 秒
angle bits: 3
SVD 量化时间: 0.0179 秒
cluster: 2
group_size: 128
cluster Quantizing weight with shape: torch.Size([1024, 128])
cluster: 2
group_size: 128
cluster Quantizing weight with shape: torch.Size([1024, 128])
SVD 奇异值量化时间: 2.9420 秒
angle bits: 3
SVD 量化时间: 0.0179 秒
cluster: 2
group_size: 128
cluster Quantizing weight with shape: torch.Size([1024, 128])
cluster: 2
group_size: 128
cluster Quantizing weight with shape: torch.Size([1024, 128])
SVD 奇异值量化时间: 2.9509 秒
angle bits: 3
SVD 量化时间: 0.0179 秒
cluster: 2
group_size: 128
cluster Quantizing weight with shape: torch.Size([1024, 128])
cluster: 2
group_size: 128
cluster Quantizing weight with shape: torch.Size([1024, 128])
SVD 奇异值量化时间: 3.1084 秒
angle bits: 3
SVD 量化时间: 0.0177 秒
cluster: 2
group_size: 128
cluster Quantizing weight with shape: torch.Size([1024, 128])
cluster: 2
group_size: 128
cluster Quantizing weight with shape: torch.Size([1024, 128])
SVD 奇异值量化时间: 3.1478 秒
angle bits: 3
SVD 量化时间: 0.0179 秒
cluster: 2
group_size: 128
cluster Quantizing weight with shape: torch.Size([1024, 128])
cluster: 2
group_size: 128
cluster Quantizing weight with shape: torch.Size([1024, 128])
SVD 奇异值量化时间: 3.1189 秒
angle bits: 3
SVD 量化时间: 0.0176 秒
cluster: 2
group_size: 128
cluster Quantizing weight with shape: torch.Size([1024, 128])
cluster: 2
group_size: 128
cluster Quantizing weight with shape: torch.Size([1024, 128])
SVD 奇异值量化时间: 3.2571 秒
angle bits: 3
SVD 量化时间: 0.0177 秒
cluster: 2
group_size: 128
cluster Quantizing weight with shape: torch.Size([1024, 128])
cluster: 2
group_size: 128
cluster Quantizing weight with shape: torch.Size([1024, 128])
SVD 奇异值量化时间: 3.0202 秒
angle bits: 3
SVD 量化时间: 0.0179 秒
cluster: 2
group_size: 128
cluster Quantizing weight with shape: torch.Size([1024, 128])
cluster: 2
group_size: 128
cluster Quantizing weight with shape: torch.Size([1024, 128])
SVD 奇异值量化时间: 2.9308 秒
angle bits: 3
SVD 量化时间: 0.0176 秒
cluster: 2
group_size: 128
cluster Quantizing weight with shape: torch.Size([1024, 128])
cluster: 2
group_size: 128
cluster Quantizing weight with shape: torch.Size([1024, 128])
SVD 奇异值量化时间: 2.8335 秒
angle bits: 3
SVD 量化时间: 0.0301 秒
cluster: 2
group_size: 128
cluster Quantizing weight with shape: torch.Size([1024, 128])
cluster: 2
group_size: 128
cluster Quantizing weight with shape: torch.Size([1024, 128])
SVD 奇异值量化时间: 2.6464 秒
angle bits: 3
SVD 量化时间: 0.0190 秒
cluster: 2
group_size: 128
cluster Quantizing weight with shape: torch.Size([1024, 128])
cluster: 2
group_size: 128
cluster Quantizing weight with shape: torch.Size([1024, 128])
SVD 奇异值量化时间: 2.7050 秒
angle bits: 3
SVD 量化时间: 0.0190 秒
cluster: 2
group_size: 128
cluster Quantizing weight with shape: torch.Size([1024, 128])
cluster: 2
group_size: 128
cluster Quantizing weight with shape: torch.Size([1024, 128])
SVD 奇异值量化时间: 2.7056 秒
3 mlp.gate_proj
Quantizing ...
使用blocksize: 128进行量化
angle bits: 3
SVD 量化时间: 0.0414 秒
cluster: 2
group_size: 128
cluster Quantizing weight with shape: torch.Size([2752, 128])
cluster: 2
group_size: 128
cluster Quantizing weight with shape: torch.Size([2752, 128])
SVD 奇异值量化时间: 7.0651 秒
angle bits: 3
SVD 量化时间: 0.0481 秒
cluster: 2
group_size: 128
cluster Quantizing weight with shape: torch.Size([2752, 128])
cluster: 2
group_size: 128
cluster Quantizing weight with shape: torch.Size([2752, 128])
SVD 奇异值量化时间: 7.3384 秒
angle bits: 3
SVD 量化时间: 0.0461 秒
cluster: 2
group_size: 128
cluster Quantizing weight with shape: torch.Size([2752, 128])
cluster: 2
group_size: 128
cluster Quantizing weight with shape: torch.Size([2752, 128])
SVD 奇异值量化时间: 8.0238 秒
angle bits: 3
SVD 量化时间: 0.0460 秒
cluster: 2
group_size: 128
cluster Quantizing weight with shape: torch.Size([2752, 128])
cluster: 2
group_size: 128
cluster Quantizing weight with shape: torch.Size([2752, 128])
SVD 奇异值量化时间: 8.0071 秒
angle bits: 3
SVD 量化时间: 0.0457 秒
cluster: 2
group_size: 128
cluster Quantizing weight with shape: torch.Size([2752, 128])
cluster: 2
group_size: 128
cluster Quantizing weight with shape: torch.Size([2752, 128])
SVD 奇异值量化时间: 7.9997 秒
angle bits: 3
SVD 量化时间: 0.0456 秒
cluster: 2
group_size: 128
cluster Quantizing weight with shape: torch.Size([2752, 128])
cluster: 2
group_size: 128
cluster Quantizing weight with shape: torch.Size([2752, 128])
SVD 奇异值量化时间: 12.8466 秒
angle bits: 3
SVD 量化时间: 0.0456 秒
cluster: 2
group_size: 128
cluster Quantizing weight with shape: torch.Size([2752, 128])
cluster: 2
group_size: 128
cluster Quantizing weight with shape: torch.Size([2752, 128])
SVD 奇异值量化时间: 8.3349 秒
angle bits: 3
SVD 量化时间: 0.0454 秒
cluster: 2
group_size: 128
cluster Quantizing weight with shape: torch.Size([2752, 128])
cluster: 2
group_size: 128
cluster Quantizing weight with shape: torch.Size([2752, 128])
SVD 奇异值量化时间: 8.2909 秒
angle bits: 3
SVD 量化时间: 0.0584 秒
cluster: 2
group_size: 128
cluster Quantizing weight with shape: torch.Size([2752, 128])
cluster: 2
group_size: 128
cluster Quantizing weight with shape: torch.Size([2752, 128])
SVD 奇异值量化时间: 7.6137 秒
angle bits: 3
SVD 量化时间: 0.0560 秒
cluster: 2
group_size: 128
cluster Quantizing weight with shape: torch.Size([2752, 128])
cluster: 2
group_size: 128
cluster Quantizing weight with shape: torch.Size([2752, 128])
SVD 奇异值量化时间: 7.1311 秒
angle bits: 3
SVD 量化时间: 0.0474 秒
cluster: 2
group_size: 128
cluster Quantizing weight with shape: torch.Size([2752, 128])
cluster: 2
group_size: 128
cluster Quantizing weight with shape: torch.Size([2752, 128])
SVD 奇异值量化时间: 7.1463 秒
angle bits: 3
SVD 量化时间: 0.0466 秒
cluster: 2
group_size: 128
cluster Quantizing weight with shape: torch.Size([2752, 128])
cluster: 2
group_size: 128
cluster Quantizing weight with shape: torch.Size([2752, 128])
SVD 奇异值量化时间: 7.6119 秒
angle bits: 3
SVD 量化时间: 0.0456 秒
cluster: 2
group_size: 128
cluster Quantizing weight with shape: torch.Size([2752, 128])
cluster: 2
group_size: 128
cluster Quantizing weight with shape: torch.Size([2752, 128])
SVD 奇异值量化时间: 7.9686 秒
angle bits: 3
SVD 量化时间: 0.0450 秒
cluster: 2
group_size: 128
cluster Quantizing weight with shape: torch.Size([2752, 128])
cluster: 2
group_size: 128
cluster Quantizing weight with shape: torch.Size([2752, 128])
SVD 奇异值量化时间: 7.9901 秒
angle bits: 3
SVD 量化时间: 0.0456 秒
cluster: 2
group_size: 128
cluster Quantizing weight with shape: torch.Size([2752, 128])
cluster: 2
group_size: 128
cluster Quantizing weight with shape: torch.Size([2752, 128])
SVD 奇异值量化时间: 8.8819 秒
angle bits: 3
SVD 量化时间: 0.0398 秒
cluster: 2
group_size: 128
cluster Quantizing weight with shape: torch.Size([2752, 128])
cluster: 2
group_size: 128
cluster Quantizing weight with shape: torch.Size([2752, 128])
SVD 奇异值量化时间: 12.3963 秒
angle bits: 3
SVD 量化时间: 0.0508 秒
cluster: 2
group_size: 128
cluster Quantizing weight with shape: torch.Size([2752, 128])
cluster: 2
group_size: 128
cluster Quantizing weight with shape: torch.Size([2752, 128])
SVD 奇异值量化时间: 8.4673 秒
angle bits: 3
SVD 量化时间: 0.0450 秒
cluster: 2
group_size: 128
cluster Quantizing weight with shape: torch.Size([2752, 128])
cluster: 2
group_size: 128
cluster Quantizing weight with shape: torch.Size([2752, 128])
SVD 奇异值量化时间: 8.1380 秒
angle bits: 3
SVD 量化时间: 0.0456 秒
cluster: 2
group_size: 128
cluster Quantizing weight with shape: torch.Size([2752, 128])
cluster: 2
group_size: 128
cluster Quantizing weight with shape: torch.Size([2752, 128])
SVD 奇异值量化时间: 7.4054 秒
angle bits: 3
SVD 量化时间: 0.0476 秒
cluster: 2
group_size: 128
cluster Quantizing weight with shape: torch.Size([2752, 128])
cluster: 2
group_size: 128
cluster Quantizing weight with shape: torch.Size([2752, 128])
SVD 奇异值量化时间: 7.0238 秒
angle bits: 3
SVD 量化时间: 0.0468 秒
cluster: 2
group_size: 128
cluster Quantizing weight with shape: torch.Size([2752, 128])
cluster: 2
group_size: 128
cluster Quantizing weight with shape: torch.Size([2752, 128])
SVD 奇异值量化时间: 7.0323 秒
angle bits: 3
SVD 量化时间: 0.0476 秒
cluster: 2
group_size: 128
cluster Quantizing weight with shape: torch.Size([2752, 128])
cluster: 2
group_size: 128
cluster Quantizing weight with shape: torch.Size([2752, 128])
SVD 奇异值量化时间: 7.7366 秒
angle bits: 3
SVD 量化时间: 0.0589 秒
cluster: 2
group_size: 128
cluster Quantizing weight with shape: torch.Size([2752, 128])
cluster: 2
group_size: 128
cluster Quantizing weight with shape: torch.Size([2752, 128])
SVD 奇异值量化时间: 8.1447 秒
angle bits: 3
SVD 量化时间: 0.0455 秒
cluster: 2
group_size: 128
cluster Quantizing weight with shape: torch.Size([2752, 128])
cluster: 2
group_size: 128
cluster Quantizing weight with shape: torch.Size([2752, 128])
SVD 奇异值量化时间: 7.9628 秒
angle bits: 3
SVD 量化时间: 0.0455 秒
cluster: 2
group_size: 128
cluster Quantizing weight with shape: torch.Size([2752, 128])
cluster: 2
group_size: 128
cluster Quantizing weight with shape: torch.Size([2752, 128])
SVD 奇异值量化时间: 12.7562 秒
angle bits: 3
SVD 量化时间: 0.0447 秒
cluster: 2
group_size: 128
cluster Quantizing weight with shape: torch.Size([2752, 128])
cluster: 2
group_size: 128
cluster Quantizing weight with shape: torch.Size([2752, 128])
SVD 奇异值量化时间: 8.1592 秒
angle bits: 3
SVD 量化时间: 0.0449 秒
cluster: 2
group_size: 128
cluster Quantizing weight with shape: torch.Size([2752, 128])
cluster: 2
group_size: 128
cluster Quantizing weight with shape: torch.Size([2752, 128])
SVD 奇异值量化时间: 8.4630 秒
angle bits: 3
SVD 量化时间: 0.0533 秒
cluster: 2
group_size: 128
cluster Quantizing weight with shape: torch.Size([2752, 128])
cluster: 2
group_size: 128
cluster Quantizing weight with shape: torch.Size([2752, 128])
SVD 奇异值量化时间: 8.0742 秒
angle bits: 3
SVD 量化时间: 0.0451 秒
cluster: 2
group_size: 128
cluster Quantizing weight with shape: torch.Size([2752, 128])
cluster: 2
group_size: 128
cluster Quantizing weight with shape: torch.Size([2752, 128])
SVD 奇异值量化时间: 7.2431 秒
angle bits: 3
SVD 量化时间: 0.0456 秒
cluster: 2
group_size: 128
cluster Quantizing weight with shape: torch.Size([2752, 128])
cluster: 2
group_size: 128
cluster Quantizing weight with shape: torch.Size([2752, 128])
SVD 奇异值量化时间: 7.1294 秒
angle bits: 3
SVD 量化时间: 0.0464 秒
cluster: 2
group_size: 128
cluster Quantizing weight with shape: torch.Size([2752, 128])
cluster: 2
group_size: 128
cluster Quantizing weight with shape: torch.Size([2752, 128])
SVD 奇异值量化时间: 7.2499 秒
angle bits: 3
SVD 量化时间: 0.0466 秒
cluster: 2
group_size: 128
cluster Quantizing weight with shape: torch.Size([2752, 128])
cluster: 2
group_size: 128
cluster Quantizing weight with shape: torch.Size([2752, 128])
SVD 奇异值量化时间: 7.8638 秒
3 mlp.up_proj
Quantizing ...
使用blocksize: 128进行量化
angle bits: 3
SVD 量化时间: 0.0392 秒
cluster: 2
group_size: 128
cluster Quantizing weight with shape: torch.Size([2752, 128])
cluster: 2
group_size: 128
cluster Quantizing weight with shape: torch.Size([2752, 128])
SVD 奇异值量化时间: 7.8937 秒
angle bits: 3
SVD 量化时间: 0.0461 秒
cluster: 2
group_size: 128
cluster Quantizing weight with shape: torch.Size([2752, 128])
cluster: 2
group_size: 128
cluster Quantizing weight with shape: torch.Size([2752, 128])
SVD 奇异值量化时间: 7.9717 秒
angle bits: 3
SVD 量化时间: 0.0455 秒
cluster: 2
group_size: 128
cluster Quantizing weight with shape: torch.Size([2752, 128])
cluster: 2
group_size: 128
cluster Quantizing weight with shape: torch.Size([2752, 128])
SVD 奇异值量化时间: 12.7242 秒
angle bits: 3
SVD 量化时间: 0.0449 秒
cluster: 2
group_size: 128
cluster Quantizing weight with shape: torch.Size([2752, 128])
cluster: 2
group_size: 128
cluster Quantizing weight with shape: torch.Size([2752, 128])
SVD 奇异值量化时间: 7.9417 秒
angle bits: 3
SVD 量化时间: 0.0454 秒
cluster: 2
group_size: 128
cluster Quantizing weight with shape: torch.Size([2752, 128])
cluster: 2
group_size: 128
cluster Quantizing weight with shape: torch.Size([2752, 128])
SVD 奇异值量化时间: 8.4793 秒
angle bits: 3
SVD 量化时间: 0.0455 秒
cluster: 2
group_size: 128
cluster Quantizing weight with shape: torch.Size([2752, 128])
cluster: 2
group_size: 128
cluster Quantizing weight with shape: torch.Size([2752, 128])
SVD 奇异值量化时间: 8.0878 秒
angle bits: 3
SVD 量化时间: 0.0489 秒
cluster: 2
group_size: 128
cluster Quantizing weight with shape: torch.Size([2752, 128])
cluster: 2
group_size: 128
cluster Quantizing weight with shape: torch.Size([2752, 128])
SVD 奇异值量化时间: 7.3859 秒
angle bits: 3
SVD 量化时间: 0.0517 秒
cluster: 2
group_size: 128
cluster Quantizing weight with shape: torch.Size([2752, 128])
cluster: 2
group_size: 128
cluster Quantizing weight with shape: torch.Size([2752, 128])
SVD 奇异值量化时间: 7.2402 秒
angle bits: 3
SVD 量化时间: 0.0521 秒
cluster: 2
group_size: 128
cluster Quantizing weight with shape: torch.Size([2752, 128])
cluster: 2
group_size: 128
cluster Quantizing weight with shape: torch.Size([2752, 128])
SVD 奇异值量化时间: 7.1322 秒
angle bits: 3
SVD 量化时间: 0.0539 秒
cluster: 2
group_size: 128
cluster Quantizing weight with shape: torch.Size([2752, 128])
cluster: 2
group_size: 128
cluster Quantizing weight with shape: torch.Size([2752, 128])
SVD 奇异值量化时间: 7.9933 秒
angle bits: 3
SVD 量化时间: 0.0455 秒
cluster: 2
group_size: 128
cluster Quantizing weight with shape: torch.Size([2752, 128])
cluster: 2
group_size: 128
cluster Quantizing weight with shape: torch.Size([2752, 128])
SVD 奇异值量化时间: 7.9723 秒
angle bits: 3
SVD 量化时间: 0.0532 秒
cluster: 2
group_size: 128
cluster Quantizing weight with shape: torch.Size([2752, 128])
cluster: 2
group_size: 128
cluster Quantizing weight with shape: torch.Size([2752, 128])
SVD 奇异值量化时间: 8.0195 秒
angle bits: 3
SVD 量化时间: 0.0455 秒
cluster: 2
group_size: 128
cluster Quantizing weight with shape: torch.Size([2752, 128])
cluster: 2
group_size: 128
cluster Quantizing weight with shape: torch.Size([2752, 128])
SVD 奇异值量化时间: 13.2149 秒
angle bits: 3
SVD 量化时间: 0.0603 秒
cluster: 2
group_size: 128
cluster Quantizing weight with shape: torch.Size([2752, 128])
cluster: 2
group_size: 128
cluster Quantizing weight with shape: torch.Size([2752, 128])
SVD 奇异值量化时间: 8.1544 秒
angle bits: 3
SVD 量化时间: 0.0488 秒
cluster: 2
group_size: 128
cluster Quantizing weight with shape: torch.Size([2752, 128])
cluster: 2
group_size: 128
cluster Quantizing weight with shape: torch.Size([2752, 128])
SVD 奇异值量化时间: 8.3808 秒
angle bits: 3
SVD 量化时间: 0.0450 秒
cluster: 2
group_size: 128
cluster Quantizing weight with shape: torch.Size([2752, 128])
cluster: 2
group_size: 128
cluster Quantizing weight with shape: torch.Size([2752, 128])
SVD 奇异值量化时间: 7.9567 秒
angle bits: 3
SVD 量化时间: 0.0459 秒
cluster: 2
group_size: 128
cluster Quantizing weight with shape: torch.Size([2752, 128])
cluster: 2
group_size: 128
cluster Quantizing weight with shape: torch.Size([2752, 128])
SVD 奇异值量化时间: 7.0667 秒
angle bits: 3
SVD 量化时间: 0.0483 秒
cluster: 2
group_size: 128
cluster Quantizing weight with shape: torch.Size([2752, 128])
cluster: 2
group_size: 128
cluster Quantizing weight with shape: torch.Size([2752, 128])
SVD 奇异值量化时间: 7.0565 秒
angle bits: 3
SVD 量化时间: 0.0468 秒
cluster: 2
group_size: 128
cluster Quantizing weight with shape: torch.Size([2752, 128])
cluster: 2
group_size: 128
cluster Quantizing weight with shape: torch.Size([2752, 128])
SVD 奇异值量化时间: 7.1707 秒
angle bits: 3
SVD 量化时间: 0.0478 秒
cluster: 2
group_size: 128
cluster Quantizing weight with shape: torch.Size([2752, 128])
cluster: 2
group_size: 128
cluster Quantizing weight with shape: torch.Size([2752, 128])
SVD 奇异值量化时间: 8.0363 秒
angle bits: 3
SVD 量化时间: 0.0456 秒
cluster: 2
group_size: 128
cluster Quantizing weight with shape: torch.Size([2752, 128])
cluster: 2
group_size: 128
cluster Quantizing weight with shape: torch.Size([2752, 128])
SVD 奇异值量化时间: 7.9761 秒
angle bits: 3
SVD 量化时间: 0.0441 秒
cluster: 2
group_size: 128
cluster Quantizing weight with shape: torch.Size([2752, 128])
cluster: 2
group_size: 128
cluster Quantizing weight with shape: torch.Size([2752, 128])
SVD 奇异值量化时间: 7.9851 秒
angle bits: 3
SVD 量化时间: 0.0453 秒
cluster: 2
group_size: 128
cluster Quantizing weight with shape: torch.Size([2752, 128])
cluster: 2
group_size: 128
cluster Quantizing weight with shape: torch.Size([2752, 128])
SVD 奇异值量化时间: 12.7110 秒
angle bits: 3
SVD 量化时间: 0.0455 秒
cluster: 2
group_size: 128
cluster Quantizing weight with shape: torch.Size([2752, 128])
cluster: 2
group_size: 128
cluster Quantizing weight with shape: torch.Size([2752, 128])
SVD 奇异值量化时间: 8.2468 秒
angle bits: 3
SVD 量化时间: 0.0449 秒
cluster: 2
group_size: 128
cluster Quantizing weight with shape: torch.Size([2752, 128])
cluster: 2
group_size: 128
cluster Quantizing weight with shape: torch.Size([2752, 128])
SVD 奇异值量化时间: 8.4482 秒
angle bits: 3
SVD 量化时间: 0.0455 秒
cluster: 2
group_size: 128
cluster Quantizing weight with shape: torch.Size([2752, 128])
cluster: 2
group_size: 128
cluster Quantizing weight with shape: torch.Size([2752, 128])
SVD 奇异值量化时间: 7.8833 秒
angle bits: 3
SVD 量化时间: 0.0543 秒
cluster: 2
group_size: 128
cluster Quantizing weight with shape: torch.Size([2752, 128])
cluster: 2
group_size: 128
cluster Quantizing weight with shape: torch.Size([2752, 128])
SVD 奇异值量化时间: 6.5615 秒
angle bits: 3
SVD 量化时间: 0.0396 秒
cluster: 2
group_size: 128
cluster Quantizing weight with shape: torch.Size([2752, 128])
cluster: 2
group_size: 128
cluster Quantizing weight with shape: torch.Size([2752, 128])
SVD 奇异值量化时间: 2.7970 秒
angle bits: 3
SVD 量化时间: 0.0398 秒
cluster: 2
group_size: 128
cluster Quantizing weight with shape: torch.Size([2752, 128])
cluster: 2
group_size: 128
cluster Quantizing weight with shape: torch.Size([2752, 128])
SVD 奇异值量化时间: 2.6415 秒
angle bits: 3
SVD 量化时间: 0.0394 秒
cluster: 2
group_size: 128
cluster Quantizing weight with shape: torch.Size([2752, 128])
cluster: 2
group_size: 128
cluster Quantizing weight with shape: torch.Size([2752, 128])
SVD 奇异值量化时间: 2.4796 秒
angle bits: 3
SVD 量化时间: 0.0393 秒
cluster: 2
group_size: 128
cluster Quantizing weight with shape: torch.Size([2752, 128])
cluster: 2
group_size: 128
cluster Quantizing weight with shape: torch.Size([2752, 128])
SVD 奇异值量化时间: 2.4759 秒
angle bits: 3
SVD 量化时间: 0.0393 秒
cluster: 2
group_size: 128
cluster Quantizing weight with shape: torch.Size([2752, 128])
cluster: 2
group_size: 128
cluster Quantizing weight with shape: torch.Size([2752, 128])
SVD 奇异值量化时间: 2.4915 秒
3 mlp.down_proj
Quantizing ...
使用blocksize: 128进行量化
angle bits: 3
SVD 量化时间: 0.0155 秒
cluster: 2
group_size: 128
cluster Quantizing weight with shape: torch.Size([1024, 128])
cluster: 2
group_size: 128
cluster Quantizing weight with shape: torch.Size([1024, 128])
SVD 奇异值量化时间: 0.9304 秒
angle bits: 3
SVD 量化时间: 0.0158 秒
cluster: 2
group_size: 128
cluster Quantizing weight with shape: torch.Size([1024, 128])
cluster: 2
group_size: 128
cluster Quantizing weight with shape: torch.Size([1024, 128])
SVD 奇异值量化时间: 1.0421 秒
angle bits: 3
SVD 量化时间: 0.0158 秒
cluster: 2
group_size: 128
cluster Quantizing weight with shape: torch.Size([1024, 128])
cluster: 2
group_size: 128
cluster Quantizing weight with shape: torch.Size([1024, 128])
SVD 奇异值量化时间: 0.9270 秒
angle bits: 3
SVD 量化时间: 0.0157 秒
cluster: 2
group_size: 128
cluster Quantizing weight with shape: torch.Size([1024, 128])
cluster: 2
group_size: 128
cluster Quantizing weight with shape: torch.Size([1024, 128])
SVD 奇异值量化时间: 0.9257 秒
angle bits: 3
SVD 量化时间: 0.0159 秒
cluster: 2
group_size: 128
cluster Quantizing weight with shape: torch.Size([1024, 128])
cluster: 2
group_size: 128
cluster Quantizing weight with shape: torch.Size([1024, 128])
SVD 奇异值量化时间: 0.9310 秒
angle bits: 3
SVD 量化时间: 0.0158 秒
cluster: 2
group_size: 128
cluster Quantizing weight with shape: torch.Size([1024, 128])
cluster: 2
group_size: 128
cluster Quantizing weight with shape: torch.Size([1024, 128])
SVD 奇异值量化时间: 0.9361 秒
angle bits: 3
SVD 量化时间: 0.0157 秒
cluster: 2
group_size: 128
cluster Quantizing weight with shape: torch.Size([1024, 128])
cluster: 2
group_size: 128
cluster Quantizing weight with shape: torch.Size([1024, 128])
SVD 奇异值量化时间: 0.9235 秒
angle bits: 3
SVD 量化时间: 0.0158 秒
cluster: 2
group_size: 128
cluster Quantizing weight with shape: torch.Size([1024, 128])
cluster: 2
group_size: 128
cluster Quantizing weight with shape: torch.Size([1024, 128])
SVD 奇异值量化时间: 0.9275 秒
angle bits: 3
SVD 量化时间: 0.0158 秒
cluster: 2
group_size: 128
cluster Quantizing weight with shape: torch.Size([1024, 128])
cluster: 2
group_size: 128
cluster Quantizing weight with shape: torch.Size([1024, 128])
SVD 奇异值量化时间: 0.9338 秒
angle bits: 3
SVD 量化时间: 0.0159 秒
cluster: 2
group_size: 128
cluster Quantizing weight with shape: torch.Size([1024, 128])
cluster: 2
group_size: 128
cluster Quantizing weight with shape: torch.Size([1024, 128])
SVD 奇异值量化时间: 0.9318 秒
angle bits: 3
SVD 量化时间: 0.0158 秒
cluster: 2
group_size: 128
cluster Quantizing weight with shape: torch.Size([1024, 128])
cluster: 2
group_size: 128
cluster Quantizing weight with shape: torch.Size([1024, 128])
SVD 奇异值量化时间: 0.9346 秒
angle bits: 3
SVD 量化时间: 0.0158 秒
cluster: 2
group_size: 128
cluster Quantizing weight with shape: torch.Size([1024, 128])
cluster: 2
group_size: 128
cluster Quantizing weight with shape: torch.Size([1024, 128])
SVD 奇异值量化时间: 0.9208 秒
angle bits: 3
SVD 量化时间: 0.0157 秒
cluster: 2
group_size: 128
cluster Quantizing weight with shape: torch.Size([1024, 128])
cluster: 2
group_size: 128
cluster Quantizing weight with shape: torch.Size([1024, 128])
SVD 奇异值量化时间: 0.9225 秒
angle bits: 3
SVD 量化时间: 0.0159 秒
cluster: 2
group_size: 128
cluster Quantizing weight with shape: torch.Size([1024, 128])
cluster: 2
group_size: 128
cluster Quantizing weight with shape: torch.Size([1024, 128])
SVD 奇异值量化时间: 0.9260 秒
angle bits: 3
SVD 量化时间: 0.0156 秒
cluster: 2
group_size: 128
cluster Quantizing weight with shape: torch.Size([1024, 128])
cluster: 2
group_size: 128
cluster Quantizing weight with shape: torch.Size([1024, 128])
SVD 奇异值量化时间: 0.9392 秒
angle bits: 3
SVD 量化时间: 0.0158 秒
cluster: 2
group_size: 128
cluster Quantizing weight with shape: torch.Size([1024, 128])
cluster: 2
group_size: 128
cluster Quantizing weight with shape: torch.Size([1024, 128])
SVD 奇异值量化时间: 0.9305 秒
angle bits: 3
SVD 量化时间: 0.0157 秒
cluster: 2
group_size: 128
cluster Quantizing weight with shape: torch.Size([1024, 128])
cluster: 2
group_size: 128
cluster Quantizing weight with shape: torch.Size([1024, 128])
SVD 奇异值量化时间: 0.9258 秒
angle bits: 3
SVD 量化时间: 0.0157 秒
cluster: 2
group_size: 128
cluster Quantizing weight with shape: torch.Size([1024, 128])
cluster: 2
group_size: 128
cluster Quantizing weight with shape: torch.Size([1024, 128])
SVD 奇异值量化时间: 0.9284 秒
angle bits: 3
SVD 量化时间: 0.0157 秒
cluster: 2
group_size: 128
cluster Quantizing weight with shape: torch.Size([1024, 128])
cluster: 2
group_size: 128
cluster Quantizing weight with shape: torch.Size([1024, 128])
SVD 奇异值量化时间: 0.9300 秒
angle bits: 3
SVD 量化时间: 0.0156 秒
cluster: 2
group_size: 128
cluster Quantizing weight with shape: torch.Size([1024, 128])
cluster: 2
group_size: 128
cluster Quantizing weight with shape: torch.Size([1024, 128])
SVD 奇异值量化时间: 0.9253 秒
angle bits: 3
SVD 量化时间: 0.0156 秒
cluster: 2
group_size: 128
cluster Quantizing weight with shape: torch.Size([1024, 128])
cluster: 2
group_size: 128
cluster Quantizing weight with shape: torch.Size([1024, 128])
SVD 奇异值量化时间: 0.9278 秒
angle bits: 3
SVD 量化时间: 0.0157 秒
cluster: 2
group_size: 128
cluster Quantizing weight with shape: torch.Size([1024, 128])
cluster: 2
group_size: 128
cluster Quantizing weight with shape: torch.Size([1024, 128])
SVD 奇异值量化时间: 0.9267 秒
angle bits: 3
SVD 量化时间: 0.0156 秒
cluster: 2
group_size: 128
cluster Quantizing weight with shape: torch.Size([1024, 128])
cluster: 2
group_size: 128
cluster Quantizing weight with shape: torch.Size([1024, 128])
SVD 奇异值量化时间: 0.9194 秒
angle bits: 3
SVD 量化时间: 0.0157 秒
cluster: 2
group_size: 128
cluster Quantizing weight with shape: torch.Size([1024, 128])
cluster: 2
group_size: 128
cluster Quantizing weight with shape: torch.Size([1024, 128])
SVD 奇异值量化时间: 0.9243 秒
angle bits: 3
SVD 量化时间: 0.0156 秒
cluster: 2
group_size: 128
cluster Quantizing weight with shape: torch.Size([1024, 128])
cluster: 2
group_size: 128
cluster Quantizing weight with shape: torch.Size([1024, 128])
SVD 奇异值量化时间: 0.9219 秒
angle bits: 3
SVD 量化时间: 0.0156 秒
cluster: 2
group_size: 128
cluster Quantizing weight with shape: torch.Size([1024, 128])
cluster: 2
group_size: 128
cluster Quantizing weight with shape: torch.Size([1024, 128])
SVD 奇异值量化时间: 0.9320 秒
angle bits: 3
SVD 量化时间: 0.0156 秒
cluster: 2
group_size: 128
cluster Quantizing weight with shape: torch.Size([1024, 128])
cluster: 2
group_size: 128
cluster Quantizing weight with shape: torch.Size([1024, 128])
SVD 奇异值量化时间: 0.9357 秒
angle bits: 3
SVD 量化时间: 0.0156 秒
cluster: 2
group_size: 128
cluster Quantizing weight with shape: torch.Size([1024, 128])
cluster: 2
group_size: 128
cluster Quantizing weight with shape: torch.Size([1024, 128])
SVD 奇异值量化时间: 0.9231 秒
angle bits: 3
SVD 量化时间: 0.0156 秒
cluster: 2
group_size: 128
cluster Quantizing weight with shape: torch.Size([1024, 128])
cluster: 2
group_size: 128
cluster Quantizing weight with shape: torch.Size([1024, 128])
SVD 奇异值量化时间: 0.9789 秒
angle bits: 3
SVD 量化时间: 0.0157 秒
cluster: 2
group_size: 128
cluster Quantizing weight with shape: torch.Size([1024, 128])
cluster: 2
group_size: 128
cluster Quantizing weight with shape: torch.Size([1024, 128])
SVD 奇异值量化时间: 0.9659 秒
angle bits: 3
SVD 量化时间: 0.0155 秒
cluster: 2
group_size: 128
cluster Quantizing weight with shape: torch.Size([1024, 128])
cluster: 2
group_size: 128
cluster Quantizing weight with shape: torch.Size([1024, 128])
SVD 奇异值量化时间: 0.9970 秒
angle bits: 3
SVD 量化时间: 0.0156 秒
cluster: 2
group_size: 128
cluster Quantizing weight with shape: torch.Size([1024, 128])
cluster: 2
group_size: 128
cluster Quantizing weight with shape: torch.Size([1024, 128])
SVD 奇异值量化时间: 1.0027 秒
angle bits: 3
SVD 量化时间: 0.0154 秒
cluster: 2
group_size: 128
cluster Quantizing weight with shape: torch.Size([1024, 128])
cluster: 2
group_size: 128
cluster Quantizing weight with shape: torch.Size([1024, 128])
SVD 奇异值量化时间: 0.9968 秒
angle bits: 3
SVD 量化时间: 0.0155 秒
cluster: 2
group_size: 128
cluster Quantizing weight with shape: torch.Size([1024, 128])
cluster: 2
group_size: 128
cluster Quantizing weight with shape: torch.Size([1024, 128])
SVD 奇异值量化时间: 0.9917 秒
angle bits: 3
SVD 量化时间: 0.0156 秒
cluster: 2
group_size: 128
cluster Quantizing weight with shape: torch.Size([1024, 128])
cluster: 2
group_size: 128
cluster Quantizing weight with shape: torch.Size([1024, 128])
SVD 奇异值量化时间: 0.9900 秒
angle bits: 3
SVD 量化时间: 0.0155 秒
cluster: 2
group_size: 128
cluster Quantizing weight with shape: torch.Size([1024, 128])
cluster: 2
group_size: 128
cluster Quantizing weight with shape: torch.Size([1024, 128])
SVD 奇异值量化时间: 0.9769 秒
angle bits: 3
SVD 量化时间: 0.0155 秒
cluster: 2
group_size: 128
cluster Quantizing weight with shape: torch.Size([1024, 128])
cluster: 2
group_size: 128
cluster Quantizing weight with shape: torch.Size([1024, 128])
SVD 奇异值量化时间: 0.9554 秒
angle bits: 3
SVD 量化时间: 0.0155 秒
cluster: 2
group_size: 128
cluster Quantizing weight with shape: torch.Size([1024, 128])
cluster: 2
group_size: 128
cluster Quantizing weight with shape: torch.Size([1024, 128])
SVD 奇异值量化时间: 0.9685 秒
angle bits: 3
SVD 量化时间: 0.0155 秒
cluster: 2
group_size: 128
cluster Quantizing weight with shape: torch.Size([1024, 128])
cluster: 2
group_size: 128
cluster Quantizing weight with shape: torch.Size([1024, 128])
SVD 奇异值量化时间: 0.9375 秒
angle bits: 3
SVD 量化时间: 0.0155 秒
cluster: 2
group_size: 128
cluster Quantizing weight with shape: torch.Size([1024, 128])
cluster: 2
group_size: 128
cluster Quantizing weight with shape: torch.Size([1024, 128])
SVD 奇异值量化时间: 0.9181 秒
angle bits: 3
SVD 量化时间: 0.0155 秒
cluster: 2
group_size: 128
cluster Quantizing weight with shape: torch.Size([1024, 128])
cluster: 2
group_size: 128
cluster Quantizing weight with shape: torch.Size([1024, 128])
SVD 奇异值量化时间: 0.9339 秒
angle bits: 3
SVD 量化时间: 0.0154 秒
cluster: 2
group_size: 128
cluster Quantizing weight with shape: torch.Size([1024, 128])
cluster: 2
group_size: 128
cluster Quantizing weight with shape: torch.Size([1024, 128])
SVD 奇异值量化时间: 0.9327 秒
angle bits: 3
SVD 量化时间: 0.0154 秒
cluster: 2
group_size: 128
cluster Quantizing weight with shape: torch.Size([1024, 128])
cluster: 2
group_size: 128
cluster Quantizing weight with shape: torch.Size([1024, 128])
SVD 奇异值量化时间: 0.9157 秒
angle bits: 3
SVD 量化时间: 0.0154 秒
cluster: 2
group_size: 128
cluster Quantizing weight with shape: torch.Size([1024, 128])
cluster: 2
group_size: 128
cluster Quantizing weight with shape: torch.Size([1024, 128])
SVD 奇异值量化时间: 0.9282 秒
angle bits: 3
SVD 量化时间: 0.0154 秒
cluster: 2
group_size: 128
cluster Quantizing weight with shape: torch.Size([1024, 128])
cluster: 2
group_size: 128
cluster Quantizing weight with shape: torch.Size([1024, 128])
SVD 奇异值量化时间: 0.9178 秒
angle bits: 3
SVD 量化时间: 0.0154 秒
cluster: 2
group_size: 128
cluster Quantizing weight with shape: torch.Size([1024, 128])
cluster: 2
group_size: 128
cluster Quantizing weight with shape: torch.Size([1024, 128])
SVD 奇异值量化时间: 0.9252 秒
angle bits: 3
SVD 量化时间: 0.0154 秒
cluster: 2
group_size: 128
cluster Quantizing weight with shape: torch.Size([1024, 128])
cluster: 2
group_size: 128
cluster Quantizing weight with shape: torch.Size([1024, 128])
SVD 奇异值量化时间: 0.9259 秒
angle bits: 3
SVD 量化时间: 0.0154 秒
cluster: 2
group_size: 128
cluster Quantizing weight with shape: torch.Size([1024, 128])
cluster: 2
group_size: 128
cluster Quantizing weight with shape: torch.Size([1024, 128])
SVD 奇异值量化时间: 0.9281 秒
angle bits: 3
SVD 量化时间: 0.0153 秒
cluster: 2
group_size: 128
cluster Quantizing weight with shape: torch.Size([1024, 128])
cluster: 2
group_size: 128
cluster Quantizing weight with shape: torch.Size([1024, 128])
SVD 奇异值量化时间: 0.9214 秒
angle bits: 3
SVD 量化时间: 0.0154 秒
cluster: 2
group_size: 128
cluster Quantizing weight with shape: torch.Size([1024, 128])
cluster: 2
group_size: 128
cluster Quantizing weight with shape: torch.Size([1024, 128])
SVD 奇异值量化时间: 0.9285 秒
angle bits: 3
SVD 量化时间: 0.0153 秒
cluster: 2
group_size: 128
cluster Quantizing weight with shape: torch.Size([1024, 128])
cluster: 2
group_size: 128
cluster Quantizing weight with shape: torch.Size([1024, 128])
SVD 奇异值量化时间: 0.9213 秒
angle bits: 3
SVD 量化时间: 0.0153 秒
cluster: 2
group_size: 128
cluster Quantizing weight with shape: torch.Size([1024, 128])
cluster: 2
group_size: 128
cluster Quantizing weight with shape: torch.Size([1024, 128])
SVD 奇异值量化时间: 0.9263 秒
angle bits: 3
SVD 量化时间: 0.0153 秒
cluster: 2
group_size: 128
cluster Quantizing weight with shape: torch.Size([1024, 128])
cluster: 2
group_size: 128
cluster Quantizing weight with shape: torch.Size([1024, 128])
SVD 奇异值量化时间: 0.9347 秒
angle bits: 3
SVD 量化时间: 0.0154 秒
cluster: 2
group_size: 128
cluster Quantizing weight with shape: torch.Size([1024, 128])
cluster: 2
group_size: 128
cluster Quantizing weight with shape: torch.Size([1024, 128])
SVD 奇异值量化时间: 0.9861 秒
angle bits: 3
SVD 量化时间: 0.0154 秒
cluster: 2
group_size: 128
cluster Quantizing weight with shape: torch.Size([1024, 128])
cluster: 2
group_size: 128
cluster Quantizing weight with shape: torch.Size([1024, 128])
SVD 奇异值量化时间: 0.9401 秒
angle bits: 3
SVD 量化时间: 0.0152 秒
cluster: 2
group_size: 128
cluster Quantizing weight with shape: torch.Size([1024, 128])
cluster: 2
group_size: 128
cluster Quantizing weight with shape: torch.Size([1024, 128])
SVD 奇异值量化时间: 0.9667 秒
angle bits: 3
SVD 量化时间: 0.0154 秒
cluster: 2
group_size: 128
cluster Quantizing weight with shape: torch.Size([1024, 128])
cluster: 2
group_size: 128
cluster Quantizing weight with shape: torch.Size([1024, 128])
SVD 奇异值量化时间: 0.9451 秒
angle bits: 3
SVD 量化时间: 0.0153 秒
cluster: 2
group_size: 128
cluster Quantizing weight with shape: torch.Size([1024, 128])
cluster: 2
group_size: 128
cluster Quantizing weight with shape: torch.Size([1024, 128])
SVD 奇异值量化时间: 0.9386 秒
angle bits: 3
SVD 量化时间: 0.0153 秒
cluster: 2
group_size: 128
cluster Quantizing weight with shape: torch.Size([1024, 128])
cluster: 2
group_size: 128
cluster Quantizing weight with shape: torch.Size([1024, 128])
SVD 奇异值量化时间: 0.9369 秒
angle bits: 3
SVD 量化时间: 0.0152 秒
cluster: 2
group_size: 128
cluster Quantizing weight with shape: torch.Size([1024, 128])
cluster: 2
group_size: 128
cluster Quantizing weight with shape: torch.Size([1024, 128])
SVD 奇异值量化时间: 0.9314 秒
angle bits: 3
SVD 量化时间: 0.0152 秒
cluster: 2
group_size: 128
cluster Quantizing weight with shape: torch.Size([1024, 128])
cluster: 2
group_size: 128
cluster Quantizing weight with shape: torch.Size([1024, 128])
SVD 奇异值量化时间: 0.9295 秒
angle bits: 3
SVD 量化时间: 0.0153 秒
cluster: 2
group_size: 128
cluster Quantizing weight with shape: torch.Size([1024, 128])
cluster: 2
group_size: 128
cluster Quantizing weight with shape: torch.Size([1024, 128])
SVD 奇异值量化时间: 0.9302 秒
angle bits: 3
SVD 量化时间: 0.0152 秒
cluster: 2
group_size: 128
cluster Quantizing weight with shape: torch.Size([1024, 128])
cluster: 2
group_size: 128
cluster Quantizing weight with shape: torch.Size([1024, 128])
SVD 奇异值量化时间: 0.9348 秒
angle bits: 3
SVD 量化时间: 0.0152 秒
cluster: 2
group_size: 128
cluster Quantizing weight with shape: torch.Size([1024, 128])
cluster: 2
group_size: 128
cluster Quantizing weight with shape: torch.Size([1024, 128])
SVD 奇异值量化时间: 0.9459 秒
angle bits: 3
SVD 量化时间: 0.0152 秒
cluster: 2
group_size: 128
cluster Quantizing weight with shape: torch.Size([1024, 128])
cluster: 2
group_size: 128
cluster Quantizing weight with shape: torch.Size([1024, 128])
SVD 奇异值量化时间: 0.9290 秒
angle bits: 3
SVD 量化时间: 0.0152 秒
cluster: 2
group_size: 128
cluster Quantizing weight with shape: torch.Size([1024, 128])
cluster: 2
group_size: 128
cluster Quantizing weight with shape: torch.Size([1024, 128])
SVD 奇异值量化时间: 0.9305 秒
angle bits: 3
SVD 量化时间: 0.0151 秒
cluster: 2
group_size: 128
cluster Quantizing weight with shape: torch.Size([1024, 128])
cluster: 2
group_size: 128
cluster Quantizing weight with shape: torch.Size([1024, 128])
SVD 奇异值量化时间: 0.9316 秒
angle bits: 3
SVD 量化时间: 0.0152 秒
cluster: 2
group_size: 128
cluster Quantizing weight with shape: torch.Size([1024, 128])
cluster: 2
group_size: 128
cluster Quantizing weight with shape: torch.Size([1024, 128])
SVD 奇异值量化时间: 0.9324 秒
angle bits: 3
SVD 量化时间: 0.0152 秒
cluster: 2
group_size: 128
cluster Quantizing weight with shape: torch.Size([1024, 128])
cluster: 2
group_size: 128
cluster Quantizing weight with shape: torch.Size([1024, 128])
SVD 奇异值量化时间: 0.9391 秒
angle bits: 3
SVD 量化时间: 0.0151 秒
cluster: 2
group_size: 128
cluster Quantizing weight with shape: torch.Size([1024, 128])
cluster: 2
group_size: 128
cluster Quantizing weight with shape: torch.Size([1024, 128])
SVD 奇异值量化时间: 0.9482 秒
angle bits: 3
SVD 量化时间: 0.0152 秒
cluster: 2
group_size: 128
cluster Quantizing weight with shape: torch.Size([1024, 128])
cluster: 2
group_size: 128
cluster Quantizing weight with shape: torch.Size([1024, 128])
SVD 奇异值量化时间: 0.9314 秒
angle bits: 3
SVD 量化时间: 0.0151 秒
cluster: 2
group_size: 128
cluster Quantizing weight with shape: torch.Size([1024, 128])
cluster: 2
group_size: 128
cluster Quantizing weight with shape: torch.Size([1024, 128])
SVD 奇异值量化时间: 0.9379 秒
angle bits: 3
SVD 量化时间: 0.0151 秒
cluster: 2
group_size: 128
cluster Quantizing weight with shape: torch.Size([1024, 128])
cluster: 2
group_size: 128
cluster Quantizing weight with shape: torch.Size([1024, 128])
SVD 奇异值量化时间: 0.9374 秒
angle bits: 3
SVD 量化时间: 0.0152 秒
cluster: 2
group_size: 128
cluster Quantizing weight with shape: torch.Size([1024, 128])
cluster: 2
group_size: 128
cluster Quantizing weight with shape: torch.Size([1024, 128])
SVD 奇异值量化时间: 0.9397 秒
angle bits: 3
SVD 量化时间: 0.0151 秒
cluster: 2
group_size: 128
cluster Quantizing weight with shape: torch.Size([1024, 128])
cluster: 2
group_size: 128
cluster Quantizing weight with shape: torch.Size([1024, 128])
SVD 奇异值量化时间: 0.9396 秒
angle bits: 3
SVD 量化时间: 0.0151 秒
cluster: 2
group_size: 128
cluster Quantizing weight with shape: torch.Size([1024, 128])
cluster: 2
group_size: 128
cluster Quantizing weight with shape: torch.Size([1024, 128])
SVD 奇异值量化时间: 0.9997 秒
angle bits: 3
SVD 量化时间: 0.0151 秒
cluster: 2
group_size: 128
cluster Quantizing weight with shape: torch.Size([1024, 128])
cluster: 2
group_size: 128
cluster Quantizing weight with shape: torch.Size([1024, 128])
SVD 奇异值量化时间: 0.9406 秒
angle bits: 3
SVD 量化时间: 0.0149 秒
cluster: 2
group_size: 128
cluster Quantizing weight with shape: torch.Size([1024, 128])
cluster: 2
group_size: 128
cluster Quantizing weight with shape: torch.Size([1024, 128])
SVD 奇异值量化时间: 0.9373 秒
angle bits: 3
SVD 量化时间: 0.0150 秒
cluster: 2
group_size: 128
cluster Quantizing weight with shape: torch.Size([1024, 128])
cluster: 2
group_size: 128
cluster Quantizing weight with shape: torch.Size([1024, 128])
SVD 奇异值量化时间: 0.9761 秒
angle bits: 3
SVD 量化时间: 0.0149 秒
cluster: 2
group_size: 128
cluster Quantizing weight with shape: torch.Size([1024, 128])
cluster: 2
group_size: 128
cluster Quantizing weight with shape: torch.Size([1024, 128])
SVD 奇异值量化时间: 0.9528 秒
angle bits: 3
SVD 量化时间: 0.0149 秒
cluster: 2
group_size: 128
cluster Quantizing weight with shape: torch.Size([1024, 128])
cluster: 2
group_size: 128
cluster Quantizing weight with shape: torch.Size([1024, 128])
SVD 奇异值量化时间: 0.9558 秒
angle bits: 3
SVD 量化时间: 0.0149 秒
cluster: 2
group_size: 128
cluster Quantizing weight with shape: torch.Size([1024, 128])
cluster: 2
group_size: 128
cluster Quantizing weight with shape: torch.Size([1024, 128])
SVD 奇异值量化时间: 0.9451 秒
angle bits: 3
SVD 量化时间: 0.0150 秒
cluster: 2
group_size: 128
cluster Quantizing weight with shape: torch.Size([1024, 128])
cluster: 2
group_size: 128
cluster Quantizing weight with shape: torch.Size([1024, 128])
SVD 奇异值量化时间: 0.9468 秒
angle bits: 3
SVD 量化时间: 0.0151 秒
cluster: 2
group_size: 128
cluster Quantizing weight with shape: torch.Size([1024, 128])
cluster: 2
group_size: 128
cluster Quantizing weight with shape: torch.Size([1024, 128])
SVD 奇异值量化时间: 0.9381 秒
angle bits: 3
SVD 量化时间: 0.0150 秒
cluster: 2
group_size: 128
cluster Quantizing weight with shape: torch.Size([1024, 128])
cluster: 2
group_size: 128
cluster Quantizing weight with shape: torch.Size([1024, 128])
SVD 奇异值量化时间: 0.9283 秒
angle bits: 3
SVD 量化时间: 0.0150 秒
cluster: 2
group_size: 128
cluster Quantizing weight with shape: torch.Size([1024, 128])
cluster: 2
group_size: 128
cluster Quantizing weight with shape: torch.Size([1024, 128])
SVD 奇异值量化时间: 0.9396 秒
4 self_attn.q_proj
Quantizing ...
使用blocksize: 128进行量化
angle bits: 3
SVD 量化时间: 0.0147 秒
cluster: 2
group_size: 128
cluster Quantizing weight with shape: torch.Size([1024, 128])
cluster: 2
group_size: 128
cluster Quantizing weight with shape: torch.Size([1024, 128])
SVD 奇异值量化时间: 0.9326 秒
angle bits: 3
SVD 量化时间: 0.0153 秒
cluster: 2
group_size: 128
cluster Quantizing weight with shape: torch.Size([1024, 128])
cluster: 2
group_size: 128
cluster Quantizing weight with shape: torch.Size([1024, 128])
SVD 奇异值量化时间: 0.9330 秒
angle bits: 3
SVD 量化时间: 0.0153 秒
cluster: 2
group_size: 128
cluster Quantizing weight with shape: torch.Size([1024, 128])
cluster: 2
group_size: 128
cluster Quantizing weight with shape: torch.Size([1024, 128])
SVD 奇异值量化时间: 0.9711 秒
angle bits: 3
SVD 量化时间: 0.0153 秒
cluster: 2
group_size: 128
cluster Quantizing weight with shape: torch.Size([1024, 128])
cluster: 2
group_size: 128
cluster Quantizing weight with shape: torch.Size([1024, 128])
SVD 奇异值量化时间: 0.9699 秒
angle bits: 3
SVD 量化时间: 0.0153 秒
cluster: 2
group_size: 128
cluster Quantizing weight with shape: torch.Size([1024, 128])
cluster: 2
group_size: 128
cluster Quantizing weight with shape: torch.Size([1024, 128])
SVD 奇异值量化时间: 0.9554 秒
angle bits: 3
SVD 量化时间: 0.0153 秒
cluster: 2
group_size: 128
cluster Quantizing weight with shape: torch.Size([1024, 128])
cluster: 2
group_size: 128
cluster Quantizing weight with shape: torch.Size([1024, 128])
SVD 奇异值量化时间: 0.9149 秒
angle bits: 3
SVD 量化时间: 0.0154 秒
cluster: 2
group_size: 128
cluster Quantizing weight with shape: torch.Size([1024, 128])
cluster: 2
group_size: 128
cluster Quantizing weight with shape: torch.Size([1024, 128])
SVD 奇异值量化时间: 0.9213 秒
angle bits: 3
SVD 量化时间: 0.0153 秒
cluster: 2
group_size: 128
cluster Quantizing weight with shape: torch.Size([1024, 128])
cluster: 2
group_size: 128
cluster Quantizing weight with shape: torch.Size([1024, 128])
SVD 奇异值量化时间: 0.9244 秒
angle bits: 3
SVD 量化时间: 0.0152 秒
cluster: 2
group_size: 128
cluster Quantizing weight with shape: torch.Size([1024, 128])
cluster: 2
group_size: 128
cluster Quantizing weight with shape: torch.Size([1024, 128])
SVD 奇异值量化时间: 1.0490 秒
angle bits: 3
SVD 量化时间: 0.0153 秒
cluster: 2
group_size: 128
cluster Quantizing weight with shape: torch.Size([1024, 128])
cluster: 2
group_size: 128
cluster Quantizing weight with shape: torch.Size([1024, 128])
SVD 奇异值量化时间: 0.9502 秒
angle bits: 3
SVD 量化时间: 0.0153 秒
cluster: 2
group_size: 128
cluster Quantizing weight with shape: torch.Size([1024, 128])
cluster: 2
group_size: 128
cluster Quantizing weight with shape: torch.Size([1024, 128])
SVD 奇异值量化时间: 1.0444 秒
angle bits: 3
SVD 量化时间: 0.0153 秒
cluster: 2
group_size: 128
cluster Quantizing weight with shape: torch.Size([1024, 128])
cluster: 2
group_size: 128
cluster Quantizing weight with shape: torch.Size([1024, 128])
SVD 奇异值量化时间: 1.0155 秒
angle bits: 3
SVD 量化时间: 0.0152 秒
cluster: 2
group_size: 128
cluster Quantizing weight with shape: torch.Size([1024, 128])
cluster: 2
group_size: 128
cluster Quantizing weight with shape: torch.Size([1024, 128])
SVD 奇异值量化时间: 1.0123 秒
angle bits: 3
SVD 量化时间: 0.0153 秒
cluster: 2
group_size: 128
cluster Quantizing weight with shape: torch.Size([1024, 128])
cluster: 2
group_size: 128
cluster Quantizing weight with shape: torch.Size([1024, 128])
SVD 奇异值量化时间: 1.0286 秒
angle bits: 3
SVD 量化时间: 0.0154 秒
cluster: 2
group_size: 128
cluster Quantizing weight with shape: torch.Size([1024, 128])
cluster: 2
group_size: 128
cluster Quantizing weight with shape: torch.Size([1024, 128])
SVD 奇异值量化时间: 1.0353 秒
angle bits: 3
SVD 量化时间: 0.0154 秒
cluster: 2
group_size: 128
cluster Quantizing weight with shape: torch.Size([1024, 128])
cluster: 2
group_size: 128
cluster Quantizing weight with shape: torch.Size([1024, 128])
SVD 奇异值量化时间: 1.0004 秒
angle bits: 3
SVD 量化时间: 0.0152 秒
cluster: 2
group_size: 128
cluster Quantizing weight with shape: torch.Size([1024, 128])
cluster: 2
group_size: 128
cluster Quantizing weight with shape: torch.Size([1024, 128])
SVD 奇异值量化时间: 0.9782 秒
angle bits: 3
SVD 量化时间: 0.0152 秒
cluster: 2
group_size: 128
cluster Quantizing weight with shape: torch.Size([1024, 128])
cluster: 2
group_size: 128
cluster Quantizing weight with shape: torch.Size([1024, 128])
SVD 奇异值量化时间: 0.9293 秒
angle bits: 3
SVD 量化时间: 0.0151 秒
cluster: 2
group_size: 128
cluster Quantizing weight with shape: torch.Size([1024, 128])
cluster: 2
group_size: 128
cluster Quantizing weight with shape: torch.Size([1024, 128])
SVD 奇异值量化时间: 0.9233 秒
angle bits: 3
SVD 量化时间: 0.0152 秒
cluster: 2
group_size: 128
cluster Quantizing weight with shape: torch.Size([1024, 128])
cluster: 2
group_size: 128
cluster Quantizing weight with shape: torch.Size([1024, 128])
SVD 奇异值量化时间: 0.9660 秒
angle bits: 3
SVD 量化时间: 0.0151 秒
cluster: 2
group_size: 128
cluster Quantizing weight with shape: torch.Size([1024, 128])
cluster: 2
group_size: 128
cluster Quantizing weight with shape: torch.Size([1024, 128])
SVD 奇异值量化时间: 0.9300 秒
angle bits: 3
SVD 量化时间: 0.0151 秒
cluster: 2
group_size: 128
cluster Quantizing weight with shape: torch.Size([1024, 128])
cluster: 2
group_size: 128
cluster Quantizing weight with shape: torch.Size([1024, 128])
SVD 奇异值量化时间: 0.9266 秒
angle bits: 3
SVD 量化时间: 0.0151 秒
cluster: 2
group_size: 128
cluster Quantizing weight with shape: torch.Size([1024, 128])
cluster: 2
group_size: 128
cluster Quantizing weight with shape: torch.Size([1024, 128])
SVD 奇异值量化时间: 0.9289 秒
angle bits: 3
SVD 量化时间: 0.0151 秒
cluster: 2
group_size: 128
cluster Quantizing weight with shape: torch.Size([1024, 128])
cluster: 2
group_size: 128
cluster Quantizing weight with shape: torch.Size([1024, 128])
SVD 奇异值量化时间: 0.9326 秒
angle bits: 3
SVD 量化时间: 0.0151 秒
cluster: 2
group_size: 128
cluster Quantizing weight with shape: torch.Size([1024, 128])
cluster: 2
group_size: 128
cluster Quantizing weight with shape: torch.Size([1024, 128])
SVD 奇异值量化时间: 0.9380 秒
angle bits: 3
SVD 量化时间: 0.0151 秒
cluster: 2
group_size: 128
cluster Quantizing weight with shape: torch.Size([1024, 128])
cluster: 2
group_size: 128
cluster Quantizing weight with shape: torch.Size([1024, 128])
SVD 奇异值量化时间: 0.9269 秒
angle bits: 3
SVD 量化时间: 0.0150 秒
cluster: 2
group_size: 128
cluster Quantizing weight with shape: torch.Size([1024, 128])
cluster: 2
group_size: 128
cluster Quantizing weight with shape: torch.Size([1024, 128])
SVD 奇异值量化时间: 0.9228 秒
angle bits: 3
SVD 量化时间: 0.0151 秒
cluster: 2
group_size: 128
cluster Quantizing weight with shape: torch.Size([1024, 128])
cluster: 2
group_size: 128
cluster Quantizing weight with shape: torch.Size([1024, 128])
SVD 奇异值量化时间: 0.9287 秒
angle bits: 3
SVD 量化时间: 0.0150 秒
cluster: 2
group_size: 128
cluster Quantizing weight with shape: torch.Size([1024, 128])
cluster: 2
group_size: 128
cluster Quantizing weight with shape: torch.Size([1024, 128])
SVD 奇异值量化时间: 0.9295 秒
angle bits: 3
SVD 量化时间: 0.0151 秒
cluster: 2
group_size: 128
cluster Quantizing weight with shape: torch.Size([1024, 128])
cluster: 2
group_size: 128
cluster Quantizing weight with shape: torch.Size([1024, 128])
SVD 奇异值量化时间: 0.9281 秒
angle bits: 3
SVD 量化时间: 0.0150 秒
cluster: 2
group_size: 128
cluster Quantizing weight with shape: torch.Size([1024, 128])
cluster: 2
group_size: 128
cluster Quantizing weight with shape: torch.Size([1024, 128])
SVD 奇异值量化时间: 0.9284 秒
angle bits: 3
SVD 量化时间: 0.0150 秒
cluster: 2
group_size: 128
cluster Quantizing weight with shape: torch.Size([1024, 128])
cluster: 2
group_size: 128
cluster Quantizing weight with shape: torch.Size([1024, 128])
SVD 奇异值量化时间: 0.9266 秒
4 self_attn.k_proj
Quantizing ...
使用blocksize: 128进行量化
angle bits: 3
SVD 量化时间: 0.0134 秒
cluster: 2
group_size: 128
cluster Quantizing weight with shape: torch.Size([1024, 128])
cluster: 2
group_size: 128
cluster Quantizing weight with shape: torch.Size([1024, 128])
SVD 奇异值量化时间: 0.9251 秒
angle bits: 3
SVD 量化时间: 0.0154 秒
cluster: 2
group_size: 128
cluster Quantizing weight with shape: torch.Size([1024, 128])
cluster: 2
group_size: 128
cluster Quantizing weight with shape: torch.Size([1024, 128])
SVD 奇异值量化时间: 0.9320 秒
angle bits: 3
SVD 量化时间: 0.0154 秒
cluster: 2
group_size: 128
cluster Quantizing weight with shape: torch.Size([1024, 128])
cluster: 2
group_size: 128
cluster Quantizing weight with shape: torch.Size([1024, 128])
SVD 奇异值量化时间: 0.9381 秒
angle bits: 3
SVD 量化时间: 0.0153 秒
cluster: 2
group_size: 128
cluster Quantizing weight with shape: torch.Size([1024, 128])
cluster: 2
group_size: 128
cluster Quantizing weight with shape: torch.Size([1024, 128])
SVD 奇异值量化时间: 0.9339 秒
angle bits: 3
SVD 量化时间: 0.0153 秒
cluster: 2
group_size: 128
cluster Quantizing weight with shape: torch.Size([1024, 128])
cluster: 2
group_size: 128
cluster Quantizing weight with shape: torch.Size([1024, 128])
SVD 奇异值量化时间: 0.9150 秒
angle bits: 3
SVD 量化时间: 0.0153 秒
cluster: 2
group_size: 128
cluster Quantizing weight with shape: torch.Size([1024, 128])
cluster: 2
group_size: 128
cluster Quantizing weight with shape: torch.Size([1024, 128])
SVD 奇异值量化时间: 0.9121 秒
angle bits: 3
SVD 量化时间: 0.0154 秒
cluster: 2
group_size: 128
cluster Quantizing weight with shape: torch.Size([1024, 128])
cluster: 2
group_size: 128
cluster Quantizing weight with shape: torch.Size([1024, 128])
SVD 奇异值量化时间: 0.9262 秒
angle bits: 3
SVD 量化时间: 0.0153 秒
cluster: 2
group_size: 128
cluster Quantizing weight with shape: torch.Size([1024, 128])
cluster: 2
group_size: 128
cluster Quantizing weight with shape: torch.Size([1024, 128])
SVD 奇异值量化时间: 0.9283 秒
angle bits: 3
SVD 量化时间: 0.0153 秒
cluster: 2
group_size: 128
cluster Quantizing weight with shape: torch.Size([1024, 128])
cluster: 2
group_size: 128
cluster Quantizing weight with shape: torch.Size([1024, 128])
SVD 奇异值量化时间: 0.9376 秒
angle bits: 3
SVD 量化时间: 0.0153 秒
cluster: 2
group_size: 128
cluster Quantizing weight with shape: torch.Size([1024, 128])
cluster: 2
group_size: 128
cluster Quantizing weight with shape: torch.Size([1024, 128])
SVD 奇异值量化时间: 0.9270 秒
angle bits: 3
SVD 量化时间: 0.0153 秒
cluster: 2
group_size: 128
cluster Quantizing weight with shape: torch.Size([1024, 128])
cluster: 2
group_size: 128
cluster Quantizing weight with shape: torch.Size([1024, 128])
SVD 奇异值量化时间: 0.9417 秒
angle bits: 3
SVD 量化时间: 0.0152 秒
cluster: 2
group_size: 128
cluster Quantizing weight with shape: torch.Size([1024, 128])
cluster: 2
group_size: 128
cluster Quantizing weight with shape: torch.Size([1024, 128])
SVD 奇异值量化时间: 0.9405 秒
angle bits: 3
SVD 量化时间: 0.0152 秒
cluster: 2
group_size: 128
cluster Quantizing weight with shape: torch.Size([1024, 128])
cluster: 2
group_size: 128
cluster Quantizing weight with shape: torch.Size([1024, 128])
SVD 奇异值量化时间: 0.9491 秒
angle bits: 3
SVD 量化时间: 0.0152 秒
cluster: 2
group_size: 128
cluster Quantizing weight with shape: torch.Size([1024, 128])
cluster: 2
group_size: 128
cluster Quantizing weight with shape: torch.Size([1024, 128])
SVD 奇异值量化时间: 0.9233 秒
angle bits: 3
SVD 量化时间: 0.0152 秒
cluster: 2
group_size: 128
cluster Quantizing weight with shape: torch.Size([1024, 128])
cluster: 2
group_size: 128
cluster Quantizing weight with shape: torch.Size([1024, 128])
SVD 奇异值量化时间: 0.9278 秒
angle bits: 3
SVD 量化时间: 0.0152 秒
cluster: 2
group_size: 128
cluster Quantizing weight with shape: torch.Size([1024, 128])
cluster: 2
group_size: 128
cluster Quantizing weight with shape: torch.Size([1024, 128])
SVD 奇异值量化时间: 0.9272 秒
angle bits: 3
SVD 量化时间: 0.0152 秒
cluster: 2
group_size: 128
cluster Quantizing weight with shape: torch.Size([1024, 128])
cluster: 2
group_size: 128
cluster Quantizing weight with shape: torch.Size([1024, 128])
SVD 奇异值量化时间: 0.9362 秒
angle bits: 3
SVD 量化时间: 0.0152 秒
cluster: 2
group_size: 128
cluster Quantizing weight with shape: torch.Size([1024, 128])
cluster: 2
group_size: 128
cluster Quantizing weight with shape: torch.Size([1024, 128])
SVD 奇异值量化时间: 0.9286 秒
angle bits: 3
SVD 量化时间: 0.0152 秒
cluster: 2
group_size: 128
cluster Quantizing weight with shape: torch.Size([1024, 128])
cluster: 2
group_size: 128
cluster Quantizing weight with shape: torch.Size([1024, 128])
SVD 奇异值量化时间: 0.9280 秒
angle bits: 3
SVD 量化时间: 0.0152 秒
cluster: 2
group_size: 128
cluster Quantizing weight with shape: torch.Size([1024, 128])
cluster: 2
group_size: 128
cluster Quantizing weight with shape: torch.Size([1024, 128])
SVD 奇异值量化时间: 0.9412 秒
angle bits: 3
SVD 量化时间: 0.0152 秒
cluster: 2
group_size: 128
cluster Quantizing weight with shape: torch.Size([1024, 128])
cluster: 2
group_size: 128
cluster Quantizing weight with shape: torch.Size([1024, 128])
SVD 奇异值量化时间: 0.9248 秒
angle bits: 3
SVD 量化时间: 0.0151 秒
cluster: 2
group_size: 128
cluster Quantizing weight with shape: torch.Size([1024, 128])
cluster: 2
group_size: 128
cluster Quantizing weight with shape: torch.Size([1024, 128])
SVD 奇异值量化时间: 0.9262 秒
angle bits: 3
SVD 量化时间: 0.0151 秒
cluster: 2
group_size: 128
cluster Quantizing weight with shape: torch.Size([1024, 128])
cluster: 2
group_size: 128
cluster Quantizing weight with shape: torch.Size([1024, 128])
SVD 奇异值量化时间: 0.9306 秒
angle bits: 3
SVD 量化时间: 0.0151 秒
cluster: 2
group_size: 128
cluster Quantizing weight with shape: torch.Size([1024, 128])
cluster: 2
group_size: 128
cluster Quantizing weight with shape: torch.Size([1024, 128])
SVD 奇异值量化时间: 0.9256 秒
angle bits: 3
SVD 量化时间: 0.0151 秒
cluster: 2
group_size: 128
cluster Quantizing weight with shape: torch.Size([1024, 128])
cluster: 2
group_size: 128
cluster Quantizing weight with shape: torch.Size([1024, 128])
SVD 奇异值量化时间: 0.9225 秒
angle bits: 3
SVD 量化时间: 0.0151 秒
cluster: 2
group_size: 128
cluster Quantizing weight with shape: torch.Size([1024, 128])
cluster: 2
group_size: 128
cluster Quantizing weight with shape: torch.Size([1024, 128])
SVD 奇异值量化时间: 0.9320 秒
angle bits: 3
SVD 量化时间: 0.0151 秒
cluster: 2
group_size: 128
cluster Quantizing weight with shape: torch.Size([1024, 128])
cluster: 2
group_size: 128
cluster Quantizing weight with shape: torch.Size([1024, 128])
SVD 奇异值量化时间: 0.9393 秒
angle bits: 3
SVD 量化时间: 0.0151 秒
cluster: 2
group_size: 128
cluster Quantizing weight with shape: torch.Size([1024, 128])
cluster: 2
group_size: 128
cluster Quantizing weight with shape: torch.Size([1024, 128])
SVD 奇异值量化时间: 0.9443 秒
angle bits: 3
SVD 量化时间: 0.0151 秒
cluster: 2
group_size: 128
cluster Quantizing weight with shape: torch.Size([1024, 128])
cluster: 2
group_size: 128
cluster Quantizing weight with shape: torch.Size([1024, 128])
SVD 奇异值量化时间: 0.9411 秒
angle bits: 3
SVD 量化时间: 0.0151 秒
cluster: 2
group_size: 128
cluster Quantizing weight with shape: torch.Size([1024, 128])
cluster: 2
group_size: 128
cluster Quantizing weight with shape: torch.Size([1024, 128])
SVD 奇异值量化时间: 0.9309 秒
angle bits: 3
SVD 量化时间: 0.0150 秒
cluster: 2
group_size: 128
cluster Quantizing weight with shape: torch.Size([1024, 128])
cluster: 2
group_size: 128
cluster Quantizing weight with shape: torch.Size([1024, 128])
SVD 奇异值量化时间: 0.9272 秒
angle bits: 3
SVD 量化时间: 0.0151 秒
cluster: 2
group_size: 128
cluster Quantizing weight with shape: torch.Size([1024, 128])
cluster: 2
group_size: 128
cluster Quantizing weight with shape: torch.Size([1024, 128])
SVD 奇异值量化时间: 0.9242 秒
4 self_attn.v_proj
Quantizing ...
使用blocksize: 128进行量化
angle bits: 3
SVD 量化时间: 0.0134 秒
cluster: 2
group_size: 128
cluster Quantizing weight with shape: torch.Size([1024, 128])
cluster: 2
group_size: 128
cluster Quantizing weight with shape: torch.Size([1024, 128])
SVD 奇异值量化时间: 0.9363 秒
angle bits: 3
SVD 量化时间: 0.0153 秒
cluster: 2
group_size: 128
cluster Quantizing weight with shape: torch.Size([1024, 128])
cluster: 2
group_size: 128
cluster Quantizing weight with shape: torch.Size([1024, 128])
SVD 奇异值量化时间: 0.9361 秒
angle bits: 3
SVD 量化时间: 0.0152 秒
cluster: 2
group_size: 128
cluster Quantizing weight with shape: torch.Size([1024, 128])
cluster: 2
group_size: 128
cluster Quantizing weight with shape: torch.Size([1024, 128])
SVD 奇异值量化时间: 0.9365 秒
angle bits: 3
SVD 量化时间: 0.0155 秒
cluster: 2
group_size: 128
cluster Quantizing weight with shape: torch.Size([1024, 128])
cluster: 2
group_size: 128
cluster Quantizing weight with shape: torch.Size([1024, 128])
SVD 奇异值量化时间: 0.9641 秒
angle bits: 3
SVD 量化时间: 0.0152 秒
cluster: 2
group_size: 128
cluster Quantizing weight with shape: torch.Size([1024, 128])
cluster: 2
group_size: 128
cluster Quantizing weight with shape: torch.Size([1024, 128])
SVD 奇异值量化时间: 0.9626 秒
angle bits: 3
SVD 量化时间: 0.0152 秒
cluster: 2
group_size: 128
cluster Quantizing weight with shape: torch.Size([1024, 128])
cluster: 2
group_size: 128
cluster Quantizing weight with shape: torch.Size([1024, 128])
SVD 奇异值量化时间: 0.9279 秒
angle bits: 3
SVD 量化时间: 0.0153 秒
cluster: 2
group_size: 128
cluster Quantizing weight with shape: torch.Size([1024, 128])
cluster: 2
group_size: 128
cluster Quantizing weight with shape: torch.Size([1024, 128])
SVD 奇异值量化时间: 1.0485 秒
angle bits: 3
SVD 量化时间: 0.0152 秒
cluster: 2
group_size: 128
cluster Quantizing weight with shape: torch.Size([1024, 128])
cluster: 2
group_size: 128
cluster Quantizing weight with shape: torch.Size([1024, 128])
SVD 奇异值量化时间: 0.9306 秒
angle bits: 3
SVD 量化时间: 0.0152 秒
cluster: 2
group_size: 128
cluster Quantizing weight with shape: torch.Size([1024, 128])
cluster: 2
group_size: 128
cluster Quantizing weight with shape: torch.Size([1024, 128])
SVD 奇异值量化时间: 0.9311 秒
angle bits: 3
SVD 量化时间: 0.0152 秒
cluster: 2
group_size: 128
cluster Quantizing weight with shape: torch.Size([1024, 128])
cluster: 2
group_size: 128
cluster Quantizing weight with shape: torch.Size([1024, 128])
SVD 奇异值量化时间: 0.9323 秒
angle bits: 3
SVD 量化时间: 0.0152 秒
cluster: 2
group_size: 128
cluster Quantizing weight with shape: torch.Size([1024, 128])
cluster: 2
group_size: 128
cluster Quantizing weight with shape: torch.Size([1024, 128])
SVD 奇异值量化时间: 0.9275 秒
angle bits: 3
SVD 量化时间: 0.0152 秒
cluster: 2
group_size: 128
cluster Quantizing weight with shape: torch.Size([1024, 128])
cluster: 2
group_size: 128
cluster Quantizing weight with shape: torch.Size([1024, 128])
SVD 奇异值量化时间: 0.9309 秒
angle bits: 3
SVD 量化时间: 0.0152 秒
cluster: 2
group_size: 128
cluster Quantizing weight with shape: torch.Size([1024, 128])
cluster: 2
group_size: 128
cluster Quantizing weight with shape: torch.Size([1024, 128])
SVD 奇异值量化时间: 0.9577 秒
angle bits: 3
SVD 量化时间: 0.0152 秒
cluster: 2
group_size: 128
cluster Quantizing weight with shape: torch.Size([1024, 128])
cluster: 2
group_size: 128
cluster Quantizing weight with shape: torch.Size([1024, 128])
SVD 奇异值量化时间: 0.9250 秒
angle bits: 3
SVD 量化时间: 0.0151 秒
cluster: 2
group_size: 128
cluster Quantizing weight with shape: torch.Size([1024, 128])
cluster: 2
group_size: 128
cluster Quantizing weight with shape: torch.Size([1024, 128])
SVD 奇异值量化时间: 0.9267 秒
angle bits: 3
SVD 量化时间: 0.0151 秒
cluster: 2
group_size: 128
cluster Quantizing weight with shape: torch.Size([1024, 128])
cluster: 2
group_size: 128
cluster Quantizing weight with shape: torch.Size([1024, 128])
SVD 奇异值量化时间: 0.9252 秒
angle bits: 3
SVD 量化时间: 0.0151 秒
cluster: 2
group_size: 128
cluster Quantizing weight with shape: torch.Size([1024, 128])
cluster: 2
group_size: 128
cluster Quantizing weight with shape: torch.Size([1024, 128])
SVD 奇异值量化时间: 0.9344 秒
angle bits: 3
SVD 量化时间: 0.0151 秒
cluster: 2
group_size: 128
cluster Quantizing weight with shape: torch.Size([1024, 128])
cluster: 2
group_size: 128
cluster Quantizing weight with shape: torch.Size([1024, 128])
SVD 奇异值量化时间: 0.9283 秒
angle bits: 3
SVD 量化时间: 0.0151 秒
cluster: 2
group_size: 128
cluster Quantizing weight with shape: torch.Size([1024, 128])
cluster: 2
group_size: 128
cluster Quantizing weight with shape: torch.Size([1024, 128])
SVD 奇异值量化时间: 0.9856 秒
angle bits: 3
SVD 量化时间: 0.0152 秒
cluster: 2
group_size: 128
cluster Quantizing weight with shape: torch.Size([1024, 128])
cluster: 2
group_size: 128
cluster Quantizing weight with shape: torch.Size([1024, 128])
SVD 奇异值量化时间: 1.0372 秒
angle bits: 3
SVD 量化时间: 0.0152 秒
cluster: 2
group_size: 128
cluster Quantizing weight with shape: torch.Size([1024, 128])
cluster: 2
group_size: 128
cluster Quantizing weight with shape: torch.Size([1024, 128])
SVD 奇异值量化时间: 1.0453 秒
angle bits: 3
SVD 量化时间: 0.0151 秒
cluster: 2
group_size: 128
cluster Quantizing weight with shape: torch.Size([1024, 128])
cluster: 2
group_size: 128
cluster Quantizing weight with shape: torch.Size([1024, 128])
SVD 奇异值量化时间: 1.0443 秒
angle bits: 3
SVD 量化时间: 0.0151 秒
cluster: 2
group_size: 128
cluster Quantizing weight with shape: torch.Size([1024, 128])
cluster: 2
group_size: 128
cluster Quantizing weight with shape: torch.Size([1024, 128])
SVD 奇异值量化时间: 1.0166 秒
angle bits: 3
SVD 量化时间: 0.0151 秒
cluster: 2
group_size: 128
cluster Quantizing weight with shape: torch.Size([1024, 128])
cluster: 2
group_size: 128
cluster Quantizing weight with shape: torch.Size([1024, 128])
SVD 奇异值量化时间: 1.0496 秒
angle bits: 3
SVD 量化时间: 0.0151 秒
cluster: 2
group_size: 128
cluster Quantizing weight with shape: torch.Size([1024, 128])
cluster: 2
group_size: 128
cluster Quantizing weight with shape: torch.Size([1024, 128])
SVD 奇异值量化时间: 0.9958 秒
angle bits: 3
SVD 量化时间: 0.0150 秒
cluster: 2
group_size: 128
cluster Quantizing weight with shape: torch.Size([1024, 128])
cluster: 2
group_size: 128
cluster Quantizing weight with shape: torch.Size([1024, 128])
SVD 奇异值量化时间: 0.9527 秒
angle bits: 3
SVD 量化时间: 0.0150 秒
cluster: 2
group_size: 128
cluster Quantizing weight with shape: torch.Size([1024, 128])
cluster: 2
group_size: 128
cluster Quantizing weight with shape: torch.Size([1024, 128])
SVD 奇异值量化时间: 0.9363 秒
angle bits: 3
SVD 量化时间: 0.0150 秒
cluster: 2
group_size: 128
cluster Quantizing weight with shape: torch.Size([1024, 128])
cluster: 2
group_size: 128
cluster Quantizing weight with shape: torch.Size([1024, 128])
SVD 奇异值量化时间: 0.9410 秒
angle bits: 3
SVD 量化时间: 0.0151 秒
cluster: 2
group_size: 128
cluster Quantizing weight with shape: torch.Size([1024, 128])
cluster: 2
group_size: 128
cluster Quantizing weight with shape: torch.Size([1024, 128])
SVD 奇异值量化时间: 0.9348 秒
angle bits: 3
SVD 量化时间: 0.0149 秒
cluster: 2
group_size: 128
cluster Quantizing weight with shape: torch.Size([1024, 128])
cluster: 2
group_size: 128
cluster Quantizing weight with shape: torch.Size([1024, 128])
SVD 奇异值量化时间: 0.9230 秒
angle bits: 3
SVD 量化时间: 0.0150 秒
cluster: 2
group_size: 128
cluster Quantizing weight with shape: torch.Size([1024, 128])
cluster: 2
group_size: 128
cluster Quantizing weight with shape: torch.Size([1024, 128])
SVD 奇异值量化时间: 0.9250 秒
angle bits: 3
SVD 量化时间: 0.0150 秒
cluster: 2
group_size: 128
cluster Quantizing weight with shape: torch.Size([1024, 128])
cluster: 2
group_size: 128
cluster Quantizing weight with shape: torch.Size([1024, 128])
SVD 奇异值量化时间: 0.9257 秒
4 self_attn.o_proj
Quantizing ...
使用blocksize: 128进行量化
angle bits: 3
SVD 量化时间: 0.0131 秒
cluster: 2
group_size: 128
cluster Quantizing weight with shape: torch.Size([1024, 128])
cluster: 2
group_size: 128
cluster Quantizing weight with shape: torch.Size([1024, 128])
SVD 奇异值量化时间: 0.9226 秒
angle bits: 3
SVD 量化时间: 0.0153 秒
cluster: 2
group_size: 128
cluster Quantizing weight with shape: torch.Size([1024, 128])
cluster: 2
group_size: 128
cluster Quantizing weight with shape: torch.Size([1024, 128])
SVD 奇异值量化时间: 0.9387 秒
angle bits: 3
SVD 量化时间: 0.0153 秒
cluster: 2
group_size: 128
cluster Quantizing weight with shape: torch.Size([1024, 128])
cluster: 2
group_size: 128
cluster Quantizing weight with shape: torch.Size([1024, 128])
SVD 奇异值量化时间: 0.9404 秒
angle bits: 3
SVD 量化时间: 0.0153 秒
cluster: 2
group_size: 128
cluster Quantizing weight with shape: torch.Size([1024, 128])
cluster: 2
group_size: 128
cluster Quantizing weight with shape: torch.Size([1024, 128])
SVD 奇异值量化时间: 0.9386 秒
angle bits: 3
SVD 量化时间: 0.0153 秒
cluster: 2
group_size: 128
cluster Quantizing weight with shape: torch.Size([1024, 128])
cluster: 2
group_size: 128
cluster Quantizing weight with shape: torch.Size([1024, 128])
SVD 奇异值量化时间: 0.9412 秒
angle bits: 3
SVD 量化时间: 0.0153 秒
cluster: 2
group_size: 128
cluster Quantizing weight with shape: torch.Size([1024, 128])
cluster: 2
group_size: 128
cluster Quantizing weight with shape: torch.Size([1024, 128])
SVD 奇异值量化时间: 0.9371 秒
angle bits: 3
SVD 量化时间: 0.0154 秒
cluster: 2
group_size: 128
cluster Quantizing weight with shape: torch.Size([1024, 128])
cluster: 2
group_size: 128
cluster Quantizing weight with shape: torch.Size([1024, 128])
SVD 奇异值量化时间: 0.9484 秒
angle bits: 3
SVD 量化时间: 0.0152 秒
cluster: 2
group_size: 128
cluster Quantizing weight with shape: torch.Size([1024, 128])
cluster: 2
group_size: 128
cluster Quantizing weight with shape: torch.Size([1024, 128])
SVD 奇异值量化时间: 0.9211 秒
angle bits: 3
SVD 量化时间: 0.0152 秒
cluster: 2
group_size: 128
cluster Quantizing weight with shape: torch.Size([1024, 128])
cluster: 2
group_size: 128
cluster Quantizing weight with shape: torch.Size([1024, 128])
SVD 奇异值量化时间: 0.9213 秒
angle bits: 3
SVD 量化时间: 0.0152 秒
cluster: 2
group_size: 128
cluster Quantizing weight with shape: torch.Size([1024, 128])
cluster: 2
group_size: 128
cluster Quantizing weight with shape: torch.Size([1024, 128])
SVD 奇异值量化时间: 0.9240 秒
angle bits: 3
SVD 量化时间: 0.0152 秒
cluster: 2
group_size: 128
cluster Quantizing weight with shape: torch.Size([1024, 128])
cluster: 2
group_size: 128
cluster Quantizing weight with shape: torch.Size([1024, 128])
SVD 奇异值量化时间: 0.9259 秒
angle bits: 3
SVD 量化时间: 0.0152 秒
cluster: 2
group_size: 128
cluster Quantizing weight with shape: torch.Size([1024, 128])
cluster: 2
group_size: 128
cluster Quantizing weight with shape: torch.Size([1024, 128])
SVD 奇异值量化时间: 0.9335 秒
angle bits: 3
SVD 量化时间: 0.0151 秒
cluster: 2
group_size: 128
cluster Quantizing weight with shape: torch.Size([1024, 128])
cluster: 2
group_size: 128
cluster Quantizing weight with shape: torch.Size([1024, 128])
SVD 奇异值量化时间: 0.9383 秒
angle bits: 3
SVD 量化时间: 0.0152 秒
cluster: 2
group_size: 128
cluster Quantizing weight with shape: torch.Size([1024, 128])
cluster: 2
group_size: 128
cluster Quantizing weight with shape: torch.Size([1024, 128])
SVD 奇异值量化时间: 0.9230 秒
angle bits: 3
SVD 量化时间: 0.0152 秒
cluster: 2
group_size: 128
cluster Quantizing weight with shape: torch.Size([1024, 128])
cluster: 2
group_size: 128
cluster Quantizing weight with shape: torch.Size([1024, 128])
SVD 奇异值量化时间: 0.9222 秒
angle bits: 3
SVD 量化时间: 0.0151 秒
cluster: 2
group_size: 128
cluster Quantizing weight with shape: torch.Size([1024, 128])
cluster: 2
group_size: 128
cluster Quantizing weight with shape: torch.Size([1024, 128])
SVD 奇异值量化时间: 0.9568 秒
angle bits: 3
SVD 量化时间: 0.0151 秒
cluster: 2
group_size: 128
cluster Quantizing weight with shape: torch.Size([1024, 128])
cluster: 2
group_size: 128
cluster Quantizing weight with shape: torch.Size([1024, 128])
SVD 奇异值量化时间: 0.9310 秒
angle bits: 3
SVD 量化时间: 0.0152 秒
cluster: 2
group_size: 128
cluster Quantizing weight with shape: torch.Size([1024, 128])
cluster: 2
group_size: 128
cluster Quantizing weight with shape: torch.Size([1024, 128])
SVD 奇异值量化时间: 0.9393 秒
angle bits: 3
SVD 量化时间: 0.0151 秒
cluster: 2
group_size: 128
cluster Quantizing weight with shape: torch.Size([1024, 128])
cluster: 2
group_size: 128
cluster Quantizing weight with shape: torch.Size([1024, 128])
SVD 奇异值量化时间: 0.9326 秒
angle bits: 3
SVD 量化时间: 0.0151 秒
cluster: 2
group_size: 128
cluster Quantizing weight with shape: torch.Size([1024, 128])
cluster: 2
group_size: 128
cluster Quantizing weight with shape: torch.Size([1024, 128])
SVD 奇异值量化时间: 0.9590 秒
angle bits: 3
SVD 量化时间: 0.0151 秒
cluster: 2
group_size: 128
cluster Quantizing weight with shape: torch.Size([1024, 128])
cluster: 2
group_size: 128
cluster Quantizing weight with shape: torch.Size([1024, 128])
SVD 奇异值量化时间: 0.9321 秒
angle bits: 3
SVD 量化时间: 0.0151 秒
cluster: 2
group_size: 128
cluster Quantizing weight with shape: torch.Size([1024, 128])
cluster: 2
group_size: 128
cluster Quantizing weight with shape: torch.Size([1024, 128])
SVD 奇异值量化时间: 0.9340 秒
angle bits: 3
SVD 量化时间: 0.0151 秒
cluster: 2
group_size: 128
cluster Quantizing weight with shape: torch.Size([1024, 128])
cluster: 2
group_size: 128
cluster Quantizing weight with shape: torch.Size([1024, 128])
SVD 奇异值量化时间: 0.9326 秒
angle bits: 3
SVD 量化时间: 0.0150 秒
cluster: 2
group_size: 128
cluster Quantizing weight with shape: torch.Size([1024, 128])
cluster: 2
group_size: 128
cluster Quantizing weight with shape: torch.Size([1024, 128])
SVD 奇异值量化时间: 0.9271 秒
angle bits: 3
SVD 量化时间: 0.0150 秒
cluster: 2
group_size: 128
cluster Quantizing weight with shape: torch.Size([1024, 128])
cluster: 2
group_size: 128
cluster Quantizing weight with shape: torch.Size([1024, 128])
SVD 奇异值量化时间: 0.9192 秒
angle bits: 3
SVD 量化时间: 0.0150 秒
cluster: 2
group_size: 128
cluster Quantizing weight with shape: torch.Size([1024, 128])
cluster: 2
group_size: 128
cluster Quantizing weight with shape: torch.Size([1024, 128])
SVD 奇异值量化时间: 1.0437 秒
angle bits: 3
SVD 量化时间: 0.0150 秒
cluster: 2
group_size: 128
cluster Quantizing weight with shape: torch.Size([1024, 128])
cluster: 2
group_size: 128
cluster Quantizing weight with shape: torch.Size([1024, 128])
SVD 奇异值量化时间: 0.9321 秒
angle bits: 3
SVD 量化时间: 0.0150 秒
cluster: 2
group_size: 128
cluster Quantizing weight with shape: torch.Size([1024, 128])
cluster: 2
group_size: 128
cluster Quantizing weight with shape: torch.Size([1024, 128])
SVD 奇异值量化时间: 0.9397 秒
angle bits: 3
SVD 量化时间: 0.0150 秒
cluster: 2
group_size: 128
cluster Quantizing weight with shape: torch.Size([1024, 128])
cluster: 2
group_size: 128
cluster Quantizing weight with shape: torch.Size([1024, 128])
SVD 奇异值量化时间: 0.9427 秒
angle bits: 3
SVD 量化时间: 0.0150 秒
cluster: 2
group_size: 128
cluster Quantizing weight with shape: torch.Size([1024, 128])
cluster: 2
group_size: 128
cluster Quantizing weight with shape: torch.Size([1024, 128])
SVD 奇异值量化时间: 0.9232 秒
angle bits: 3
SVD 量化时间: 0.0149 秒
cluster: 2
group_size: 128
cluster Quantizing weight with shape: torch.Size([1024, 128])
cluster: 2
group_size: 128
cluster Quantizing weight with shape: torch.Size([1024, 128])
SVD 奇异值量化时间: 0.9296 秒
angle bits: 3
SVD 量化时间: 0.0150 秒
cluster: 2
group_size: 128
cluster Quantizing weight with shape: torch.Size([1024, 128])
cluster: 2
group_size: 128
cluster Quantizing weight with shape: torch.Size([1024, 128])
SVD 奇异值量化时间: 0.9259 秒
4 mlp.gate_proj
Quantizing ...
使用blocksize: 128进行量化
angle bits: 3
SVD 量化时间: 0.0341 秒
cluster: 2
group_size: 128
cluster Quantizing weight with shape: torch.Size([2752, 128])
cluster: 2
group_size: 128
cluster Quantizing weight with shape: torch.Size([2752, 128])
SVD 奇异值量化时间: 2.4854 秒
angle bits: 3
SVD 量化时间: 0.0397 秒
cluster: 2
group_size: 128
cluster Quantizing weight with shape: torch.Size([2752, 128])
cluster: 2
group_size: 128
cluster Quantizing weight with shape: torch.Size([2752, 128])
SVD 奇异值量化时间: 2.5126 秒
angle bits: 3
SVD 量化时间: 0.0400 秒
cluster: 2
group_size: 128
cluster Quantizing weight with shape: torch.Size([2752, 128])
cluster: 2
group_size: 128
cluster Quantizing weight with shape: torch.Size([2752, 128])
SVD 奇异值量化时间: 2.4900 秒
angle bits: 3
SVD 量化时间: 0.0401 秒
cluster: 2
group_size: 128
cluster Quantizing weight with shape: torch.Size([2752, 128])
cluster: 2
group_size: 128
cluster Quantizing weight with shape: torch.Size([2752, 128])
SVD 奇异值量化时间: 2.4892 秒
angle bits: 3
SVD 量化时间: 0.0400 秒
cluster: 2
group_size: 128
cluster Quantizing weight with shape: torch.Size([2752, 128])
cluster: 2
group_size: 128
cluster Quantizing weight with shape: torch.Size([2752, 128])
SVD 奇异值量化时间: 2.5038 秒
angle bits: 3
SVD 量化时间: 0.0401 秒
cluster: 2
group_size: 128
cluster Quantizing weight with shape: torch.Size([2752, 128])
cluster: 2
group_size: 128
cluster Quantizing weight with shape: torch.Size([2752, 128])
SVD 奇异值量化时间: 2.5820 秒
angle bits: 3
SVD 量化时间: 0.0403 秒
cluster: 2
group_size: 128
cluster Quantizing weight with shape: torch.Size([2752, 128])
cluster: 2
group_size: 128
cluster Quantizing weight with shape: torch.Size([2752, 128])
SVD 奇异值量化时间: 2.4689 秒
angle bits: 3
SVD 量化时间: 0.0399 秒
cluster: 2
group_size: 128
cluster Quantizing weight with shape: torch.Size([2752, 128])
cluster: 2
group_size: 128
cluster Quantizing weight with shape: torch.Size([2752, 128])
SVD 奇异值量化时间: 2.4703 秒
angle bits: 3
SVD 量化时间: 0.0399 秒
cluster: 2
group_size: 128
cluster Quantizing weight with shape: torch.Size([2752, 128])
cluster: 2
group_size: 128
cluster Quantizing weight with shape: torch.Size([2752, 128])
SVD 奇异值量化时间: 2.5445 秒
angle bits: 3
SVD 量化时间: 0.0399 秒
cluster: 2
group_size: 128
cluster Quantizing weight with shape: torch.Size([2752, 128])
cluster: 2
group_size: 128
cluster Quantizing weight with shape: torch.Size([2752, 128])
SVD 奇异值量化时间: 2.5313 秒
angle bits: 3
SVD 量化时间: 0.0398 秒
cluster: 2
group_size: 128
cluster Quantizing weight with shape: torch.Size([2752, 128])
cluster: 2
group_size: 128
cluster Quantizing weight with shape: torch.Size([2752, 128])
SVD 奇异值量化时间: 2.9384 秒
angle bits: 3
SVD 量化时间: 0.0405 秒
cluster: 2
group_size: 128
cluster Quantizing weight with shape: torch.Size([2752, 128])
cluster: 2
group_size: 128
cluster Quantizing weight with shape: torch.Size([2752, 128])
SVD 奇异值量化时间: 2.7740 秒
angle bits: 3
SVD 量化时间: 0.0400 秒
cluster: 2
group_size: 128
cluster Quantizing weight with shape: torch.Size([2752, 128])
cluster: 2
group_size: 128
cluster Quantizing weight with shape: torch.Size([2752, 128])
SVD 奇异值量化时间: 2.6331 秒
angle bits: 3
SVD 量化时间: 0.0397 秒
cluster: 2
group_size: 128
cluster Quantizing weight with shape: torch.Size([2752, 128])
cluster: 2
group_size: 128
cluster Quantizing weight with shape: torch.Size([2752, 128])
SVD 奇异值量化时间: 2.5339 秒
angle bits: 3
SVD 量化时间: 0.0398 秒
cluster: 2
group_size: 128
cluster Quantizing weight with shape: torch.Size([2752, 128])
cluster: 2
group_size: 128
cluster Quantizing weight with shape: torch.Size([2752, 128])
SVD 奇异值量化时间: 2.5033 秒
angle bits: 3
SVD 量化时间: 0.0397 秒
cluster: 2
group_size: 128
cluster Quantizing weight with shape: torch.Size([2752, 128])
cluster: 2
group_size: 128
cluster Quantizing weight with shape: torch.Size([2752, 128])
SVD 奇异值量化时间: 2.5099 秒
angle bits: 3
SVD 量化时间: 0.0398 秒
cluster: 2
group_size: 128
cluster Quantizing weight with shape: torch.Size([2752, 128])
cluster: 2
group_size: 128
cluster Quantizing weight with shape: torch.Size([2752, 128])
SVD 奇异值量化时间: 2.4977 秒
angle bits: 3
SVD 量化时间: 0.0399 秒
cluster: 2
group_size: 128
cluster Quantizing weight with shape: torch.Size([2752, 128])
cluster: 2
group_size: 128
cluster Quantizing weight with shape: torch.Size([2752, 128])
SVD 奇异值量化时间: 2.5186 秒
angle bits: 3
SVD 量化时间: 0.0396 秒
cluster: 2
group_size: 128
cluster Quantizing weight with shape: torch.Size([2752, 128])
cluster: 2
group_size: 128
cluster Quantizing weight with shape: torch.Size([2752, 128])
SVD 奇异值量化时间: 2.5109 秒
angle bits: 3
SVD 量化时间: 0.0397 秒
cluster: 2
group_size: 128
cluster Quantizing weight with shape: torch.Size([2752, 128])
cluster: 2
group_size: 128
cluster Quantizing weight with shape: torch.Size([2752, 128])
SVD 奇异值量化时间: 2.5095 秒
angle bits: 3
SVD 量化时间: 0.0396 秒
cluster: 2
group_size: 128
cluster Quantizing weight with shape: torch.Size([2752, 128])
cluster: 2
group_size: 128
cluster Quantizing weight with shape: torch.Size([2752, 128])
SVD 奇异值量化时间: 2.5066 秒
angle bits: 3
SVD 量化时间: 0.0397 秒
cluster: 2
group_size: 128
cluster Quantizing weight with shape: torch.Size([2752, 128])
cluster: 2
group_size: 128
cluster Quantizing weight with shape: torch.Size([2752, 128])
SVD 奇异值量化时间: 2.5187 秒
angle bits: 3
SVD 量化时间: 0.0395 秒
cluster: 2
group_size: 128
cluster Quantizing weight with shape: torch.Size([2752, 128])
cluster: 2
group_size: 128
cluster Quantizing weight with shape: torch.Size([2752, 128])
SVD 奇异值量化时间: 2.5163 秒
angle bits: 3
SVD 量化时间: 0.0395 秒
cluster: 2
group_size: 128
cluster Quantizing weight with shape: torch.Size([2752, 128])
cluster: 2
group_size: 128
cluster Quantizing weight with shape: torch.Size([2752, 128])
SVD 奇异值量化时间: 2.4973 秒
angle bits: 3
SVD 量化时间: 0.0395 秒
cluster: 2
group_size: 128
cluster Quantizing weight with shape: torch.Size([2752, 128])
cluster: 2
group_size: 128
cluster Quantizing weight with shape: torch.Size([2752, 128])
SVD 奇异值量化时间: 2.5007 秒
angle bits: 3
SVD 量化时间: 0.0394 秒
cluster: 2
group_size: 128
cluster Quantizing weight with shape: torch.Size([2752, 128])
cluster: 2
group_size: 128
cluster Quantizing weight with shape: torch.Size([2752, 128])
SVD 奇异值量化时间: 2.6126 秒
angle bits: 3
SVD 量化时间: 0.0394 秒
cluster: 2
group_size: 128
cluster Quantizing weight with shape: torch.Size([2752, 128])
cluster: 2
group_size: 128
cluster Quantizing weight with shape: torch.Size([2752, 128])
SVD 奇异值量化时间: 2.5067 秒
angle bits: 3
SVD 量化时间: 0.0394 秒
cluster: 2
group_size: 128
cluster Quantizing weight with shape: torch.Size([2752, 128])
cluster: 2
group_size: 128
cluster Quantizing weight with shape: torch.Size([2752, 128])
SVD 奇异值量化时间: 2.5019 秒
angle bits: 3
SVD 量化时间: 0.0393 秒
cluster: 2
group_size: 128
cluster Quantizing weight with shape: torch.Size([2752, 128])
cluster: 2
group_size: 128
cluster Quantizing weight with shape: torch.Size([2752, 128])
SVD 奇异值量化时间: 2.4898 秒
angle bits: 3
SVD 量化时间: 0.0393 秒
cluster: 2
group_size: 128
cluster Quantizing weight with shape: torch.Size([2752, 128])
cluster: 2
group_size: 128
cluster Quantizing weight with shape: torch.Size([2752, 128])
SVD 奇异值量化时间: 2.5197 秒
angle bits: 3
SVD 量化时间: 0.0392 秒
cluster: 2
group_size: 128
cluster Quantizing weight with shape: torch.Size([2752, 128])
cluster: 2
group_size: 128
cluster Quantizing weight with shape: torch.Size([2752, 128])
SVD 奇异值量化时间: 2.5073 秒
angle bits: 3
SVD 量化时间: 0.0393 秒
cluster: 2
group_size: 128
cluster Quantizing weight with shape: torch.Size([2752, 128])
cluster: 2
group_size: 128
cluster Quantizing weight with shape: torch.Size([2752, 128])
SVD 奇异值量化时间: 2.5040 秒
4 mlp.up_proj
Quantizing ...
使用blocksize: 128进行量化
angle bits: 3
SVD 量化时间: 0.0340 秒
cluster: 2
group_size: 128
cluster Quantizing weight with shape: torch.Size([2752, 128])
cluster: 2
group_size: 128
cluster Quantizing weight with shape: torch.Size([2752, 128])
SVD 奇异值量化时间: 2.4996 秒
angle bits: 3
SVD 量化时间: 0.0398 秒
cluster: 2
group_size: 128
cluster Quantizing weight with shape: torch.Size([2752, 128])
cluster: 2
group_size: 128
cluster Quantizing weight with shape: torch.Size([2752, 128])
SVD 奇异值量化时间: 2.5250 秒
angle bits: 3
SVD 量化时间: 0.0400 秒
cluster: 2
group_size: 128
cluster Quantizing weight with shape: torch.Size([2752, 128])
cluster: 2
group_size: 128
cluster Quantizing weight with shape: torch.Size([2752, 128])
SVD 奇异值量化时间: 2.5114 秒
angle bits: 3
SVD 量化时间: 0.0401 秒
cluster: 2
group_size: 128
cluster Quantizing weight with shape: torch.Size([2752, 128])
cluster: 2
group_size: 128
cluster Quantizing weight with shape: torch.Size([2752, 128])
SVD 奇异值量化时间: 2.5245 秒
angle bits: 3
SVD 量化时间: 0.0400 秒
cluster: 2
group_size: 128
cluster Quantizing weight with shape: torch.Size([2752, 128])
cluster: 2
group_size: 128
cluster Quantizing weight with shape: torch.Size([2752, 128])
SVD 奇异值量化时间: 2.5317 秒
angle bits: 3
SVD 量化时间: 0.0401 秒
cluster: 2
group_size: 128
cluster Quantizing weight with shape: torch.Size([2752, 128])
cluster: 2
group_size: 128
cluster Quantizing weight with shape: torch.Size([2752, 128])
SVD 奇异值量化时间: 2.8962 秒
angle bits: 3
SVD 量化时间: 0.0402 秒
cluster: 2
group_size: 128
cluster Quantizing weight with shape: torch.Size([2752, 128])
cluster: 2
group_size: 128
cluster Quantizing weight with shape: torch.Size([2752, 128])
SVD 奇异值量化时间: 2.8180 秒
angle bits: 3
SVD 量化时间: 0.0399 秒
cluster: 2
group_size: 128
cluster Quantizing weight with shape: torch.Size([2752, 128])
cluster: 2
group_size: 128
cluster Quantizing weight with shape: torch.Size([2752, 128])
SVD 奇异值量化时间: 2.6159 秒
angle bits: 3
SVD 量化时间: 0.0398 秒
cluster: 2
group_size: 128
cluster Quantizing weight with shape: torch.Size([2752, 128])
cluster: 2
group_size: 128
cluster Quantizing weight with shape: torch.Size([2752, 128])
SVD 奇异值量化时间: 2.5344 秒
angle bits: 3
SVD 量化时间: 0.0399 秒
cluster: 2
group_size: 128
cluster Quantizing weight with shape: torch.Size([2752, 128])
cluster: 2
group_size: 128
cluster Quantizing weight with shape: torch.Size([2752, 128])
SVD 奇异值量化时间: 2.5117 秒
angle bits: 3
SVD 量化时间: 0.0399 秒
cluster: 2
group_size: 128
cluster Quantizing weight with shape: torch.Size([2752, 128])
cluster: 2
group_size: 128
cluster Quantizing weight with shape: torch.Size([2752, 128])
SVD 奇异值量化时间: 2.5198 秒
angle bits: 3
SVD 量化时间: 0.0397 秒
cluster: 2
group_size: 128
cluster Quantizing weight with shape: torch.Size([2752, 128])
cluster: 2
group_size: 128
cluster Quantizing weight with shape: torch.Size([2752, 128])
SVD 奇异值量化时间: 2.5530 秒
angle bits: 3
SVD 量化时间: 0.0398 秒
cluster: 2
group_size: 128
cluster Quantizing weight with shape: torch.Size([2752, 128])
cluster: 2
group_size: 128
cluster Quantizing weight with shape: torch.Size([2752, 128])
SVD 奇异值量化时间: 2.5180 秒
angle bits: 3
SVD 量化时间: 0.0398 秒
cluster: 2
group_size: 128
cluster Quantizing weight with shape: torch.Size([2752, 128])
cluster: 2
group_size: 128
cluster Quantizing weight with shape: torch.Size([2752, 128])
SVD 奇异值量化时间: 2.5083 秒
angle bits: 3
SVD 量化时间: 0.0396 秒
cluster: 2
group_size: 128
cluster Quantizing weight with shape: torch.Size([2752, 128])
cluster: 2
group_size: 128
cluster Quantizing weight with shape: torch.Size([2752, 128])
SVD 奇异值量化时间: 2.5243 秒
angle bits: 3
SVD 量化时间: 0.0396 秒
cluster: 2
group_size: 128
cluster Quantizing weight with shape: torch.Size([2752, 128])
cluster: 2
group_size: 128
cluster Quantizing weight with shape: torch.Size([2752, 128])
SVD 奇异值量化时间: 2.4922 秒
angle bits: 3
SVD 量化时间: 0.0396 秒
cluster: 2
group_size: 128
cluster Quantizing weight with shape: torch.Size([2752, 128])
cluster: 2
group_size: 128
cluster Quantizing weight with shape: torch.Size([2752, 128])
SVD 奇异值量化时间: 2.4942 秒
angle bits: 3
SVD 量化时间: 0.0396 秒
cluster: 2
group_size: 128
cluster Quantizing weight with shape: torch.Size([2752, 128])
cluster: 2
group_size: 128
cluster Quantizing weight with shape: torch.Size([2752, 128])
SVD 奇异值量化时间: 2.4976 秒
angle bits: 3
SVD 量化时间: 0.0396 秒
cluster: 2
group_size: 128
cluster Quantizing weight with shape: torch.Size([2752, 128])
cluster: 2
group_size: 128
cluster Quantizing weight with shape: torch.Size([2752, 128])
SVD 奇异值量化时间: 2.6394 秒
angle bits: 3
SVD 量化时间: 0.0394 秒
cluster: 2
group_size: 128
cluster Quantizing weight with shape: torch.Size([2752, 128])
cluster: 2
group_size: 128
cluster Quantizing weight with shape: torch.Size([2752, 128])
SVD 奇异值量化时间: 2.5082 秒
angle bits: 3
SVD 量化时间: 0.0396 秒
cluster: 2
group_size: 128
cluster Quantizing weight with shape: torch.Size([2752, 128])
cluster: 2
group_size: 128
cluster Quantizing weight with shape: torch.Size([2752, 128])
SVD 奇异值量化时间: 2.5201 秒
angle bits: 3
SVD 量化时间: 0.0394 秒
cluster: 2
group_size: 128
cluster Quantizing weight with shape: torch.Size([2752, 128])
cluster: 2
group_size: 128
cluster Quantizing weight with shape: torch.Size([2752, 128])
SVD 奇异值量化时间: 2.5253 秒
angle bits: 3
SVD 量化时间: 0.0396 秒
cluster: 2
group_size: 128
cluster Quantizing weight with shape: torch.Size([2752, 128])
cluster: 2
group_size: 128
cluster Quantizing weight with shape: torch.Size([2752, 128])
SVD 奇异值量化时间: 2.5169 秒
angle bits: 3
SVD 量化时间: 0.0395 秒
cluster: 2
group_size: 128
cluster Quantizing weight with shape: torch.Size([2752, 128])
cluster: 2
group_size: 128
cluster Quantizing weight with shape: torch.Size([2752, 128])
SVD 奇异值量化时间: 2.4925 秒
angle bits: 3
SVD 量化时间: 0.0394 秒
cluster: 2
group_size: 128
cluster Quantizing weight with shape: torch.Size([2752, 128])
cluster: 2
group_size: 128
cluster Quantizing weight with shape: torch.Size([2752, 128])
SVD 奇异值量化时间: 2.4971 秒
angle bits: 3
SVD 量化时间: 0.0393 秒
cluster: 2
group_size: 128
cluster Quantizing weight with shape: torch.Size([2752, 128])
cluster: 2
group_size: 128
cluster Quantizing weight with shape: torch.Size([2752, 128])
SVD 奇异值量化时间: 2.4843 秒
angle bits: 3
SVD 量化时间: 0.0393 秒
cluster: 2
group_size: 128
cluster Quantizing weight with shape: torch.Size([2752, 128])
cluster: 2
group_size: 128
cluster Quantizing weight with shape: torch.Size([2752, 128])
SVD 奇异值量化时间: 2.4979 秒
angle bits: 3
SVD 量化时间: 0.0394 秒
cluster: 2
group_size: 128
cluster Quantizing weight with shape: torch.Size([2752, 128])
cluster: 2
group_size: 128
cluster Quantizing weight with shape: torch.Size([2752, 128])
SVD 奇异值量化时间: 2.5095 秒
angle bits: 3
SVD 量化时间: 0.0392 秒
cluster: 2
group_size: 128
cluster Quantizing weight with shape: torch.Size([2752, 128])
cluster: 2
group_size: 128
cluster Quantizing weight with shape: torch.Size([2752, 128])
SVD 奇异值量化时间: 2.4953 秒
angle bits: 3
SVD 量化时间: 0.0393 秒
cluster: 2
group_size: 128
cluster Quantizing weight with shape: torch.Size([2752, 128])
cluster: 2
group_size: 128
cluster Quantizing weight with shape: torch.Size([2752, 128])
SVD 奇异值量化时间: 2.5021 秒
angle bits: 3
SVD 量化时间: 0.0391 秒
cluster: 2
group_size: 128
cluster Quantizing weight with shape: torch.Size([2752, 128])
cluster: 2
group_size: 128
cluster Quantizing weight with shape: torch.Size([2752, 128])
SVD 奇异值量化时间: 2.5334 秒
angle bits: 3
SVD 量化时间: 0.0393 秒
cluster: 2
group_size: 128
cluster Quantizing weight with shape: torch.Size([2752, 128])
cluster: 2
group_size: 128
cluster Quantizing weight with shape: torch.Size([2752, 128])
SVD 奇异值量化时间: 2.4954 秒
4 mlp.down_proj
Quantizing ...
使用blocksize: 128进行量化
angle bits: 3
SVD 量化时间: 0.0152 秒
cluster: 2
group_size: 128
cluster Quantizing weight with shape: torch.Size([1024, 128])
cluster: 2
group_size: 128
cluster Quantizing weight with shape: torch.Size([1024, 128])
SVD 奇异值量化时间: 1.0788 秒
angle bits: 3
SVD 量化时间: 0.0157 秒
cluster: 2
group_size: 128
cluster Quantizing weight with shape: torch.Size([1024, 128])
cluster: 2
group_size: 128
cluster Quantizing weight with shape: torch.Size([1024, 128])
SVD 奇异值量化时间: 1.2463 秒
angle bits: 3
SVD 量化时间: 0.0158 秒
cluster: 2
group_size: 128
cluster Quantizing weight with shape: torch.Size([1024, 128])
cluster: 2
group_size: 128
cluster Quantizing weight with shape: torch.Size([1024, 128])
SVD 奇异值量化时间: 1.0754 秒
angle bits: 3
SVD 量化时间: 0.0159 秒
cluster: 2
group_size: 128
cluster Quantizing weight with shape: torch.Size([1024, 128])
cluster: 2
group_size: 128
cluster Quantizing weight with shape: torch.Size([1024, 128])
SVD 奇异值量化时间: 1.0362 秒
angle bits: 3
SVD 量化时间: 0.0159 秒
cluster: 2
group_size: 128
cluster Quantizing weight with shape: torch.Size([1024, 128])
cluster: 2
group_size: 128
cluster Quantizing weight with shape: torch.Size([1024, 128])
SVD 奇异值量化时间: 1.0435 秒
angle bits: 3
SVD 量化时间: 0.0156 秒
cluster: 2
group_size: 128
cluster Quantizing weight with shape: torch.Size([1024, 128])
cluster: 2
group_size: 128
cluster Quantizing weight with shape: torch.Size([1024, 128])
SVD 奇异值量化时间: 1.0301 秒
angle bits: 3
SVD 量化时间: 0.0160 秒
cluster: 2
group_size: 128
cluster Quantizing weight with shape: torch.Size([1024, 128])
cluster: 2
group_size: 128
cluster Quantizing weight with shape: torch.Size([1024, 128])
SVD 奇异值量化时间: 1.0213 秒
angle bits: 3
SVD 量化时间: 0.0156 秒
cluster: 2
group_size: 128
cluster Quantizing weight with shape: torch.Size([1024, 128])
cluster: 2
group_size: 128
cluster Quantizing weight with shape: torch.Size([1024, 128])
SVD 奇异值量化时间: 0.9285 秒
angle bits: 3
SVD 量化时间: 0.0158 秒
cluster: 2
group_size: 128
cluster Quantizing weight with shape: torch.Size([1024, 128])
cluster: 2
group_size: 128
cluster Quantizing weight with shape: torch.Size([1024, 128])
SVD 奇异值量化时间: 0.9422 秒
angle bits: 3
SVD 量化时间: 0.0158 秒
cluster: 2
group_size: 128
cluster Quantizing weight with shape: torch.Size([1024, 128])
cluster: 2
group_size: 128
cluster Quantizing weight with shape: torch.Size([1024, 128])
SVD 奇异值量化时间: 0.9455 秒
angle bits: 3
SVD 量化时间: 0.0157 秒
cluster: 2
group_size: 128
cluster Quantizing weight with shape: torch.Size([1024, 128])
cluster: 2
group_size: 128
cluster Quantizing weight with shape: torch.Size([1024, 128])
SVD 奇异值量化时间: 0.9316 秒
angle bits: 3
SVD 量化时间: 0.0157 秒
cluster: 2
group_size: 128
cluster Quantizing weight with shape: torch.Size([1024, 128])
cluster: 2
group_size: 128
cluster Quantizing weight with shape: torch.Size([1024, 128])
SVD 奇异值量化时间: 0.9393 秒
angle bits: 3
SVD 量化时间: 0.0158 秒
cluster: 2
group_size: 128
cluster Quantizing weight with shape: torch.Size([1024, 128])
cluster: 2
group_size: 128
cluster Quantizing weight with shape: torch.Size([1024, 128])
SVD 奇异值量化时间: 0.9491 秒
angle bits: 3
SVD 量化时间: 0.0157 秒
cluster: 2
group_size: 128
cluster Quantizing weight with shape: torch.Size([1024, 128])
cluster: 2
group_size: 128
cluster Quantizing weight with shape: torch.Size([1024, 128])
SVD 奇异值量化时间: 0.9316 秒
angle bits: 3
SVD 量化时间: 0.0156 秒
cluster: 2
group_size: 128
cluster Quantizing weight with shape: torch.Size([1024, 128])
cluster: 2
group_size: 128
cluster Quantizing weight with shape: torch.Size([1024, 128])
SVD 奇异值量化时间: 0.9365 秒
angle bits: 3
SVD 量化时间: 0.0156 秒
cluster: 2
group_size: 128
cluster Quantizing weight with shape: torch.Size([1024, 128])
cluster: 2
group_size: 128
cluster Quantizing weight with shape: torch.Size([1024, 128])
SVD 奇异值量化时间: 0.9261 秒
angle bits: 3
SVD 量化时间: 0.0157 秒
cluster: 2
group_size: 128
cluster Quantizing weight with shape: torch.Size([1024, 128])
cluster: 2
group_size: 128
cluster Quantizing weight with shape: torch.Size([1024, 128])
SVD 奇异值量化时间: 0.9277 秒
angle bits: 3
SVD 量化时间: 0.0157 秒
cluster: 2
group_size: 128
cluster Quantizing weight with shape: torch.Size([1024, 128])
cluster: 2
group_size: 128
cluster Quantizing weight with shape: torch.Size([1024, 128])
SVD 奇异值量化时间: 0.9481 秒
angle bits: 3
SVD 量化时间: 0.0157 秒
cluster: 2
group_size: 128
cluster Quantizing weight with shape: torch.Size([1024, 128])
cluster: 2
group_size: 128
cluster Quantizing weight with shape: torch.Size([1024, 128])
SVD 奇异值量化时间: 0.9364 秒
angle bits: 3
SVD 量化时间: 0.0156 秒
cluster: 2
group_size: 128
cluster Quantizing weight with shape: torch.Size([1024, 128])
cluster: 2
group_size: 128
cluster Quantizing weight with shape: torch.Size([1024, 128])
SVD 奇异值量化时间: 0.9338 秒
angle bits: 3
SVD 量化时间: 0.0157 秒
cluster: 2
group_size: 128
cluster Quantizing weight with shape: torch.Size([1024, 128])
cluster: 2
group_size: 128
cluster Quantizing weight with shape: torch.Size([1024, 128])
SVD 奇异值量化时间: 0.9276 秒
angle bits: 3
SVD 量化时间: 0.0156 秒
cluster: 2
group_size: 128
cluster Quantizing weight with shape: torch.Size([1024, 128])
cluster: 2
group_size: 128
cluster Quantizing weight with shape: torch.Size([1024, 128])
SVD 奇异值量化时间: 0.9292 秒
angle bits: 3
SVD 量化时间: 0.0156 秒
cluster: 2
group_size: 128
cluster Quantizing weight with shape: torch.Size([1024, 128])
cluster: 2
group_size: 128
cluster Quantizing weight with shape: torch.Size([1024, 128])
SVD 奇异值量化时间: 0.9324 秒
angle bits: 3
SVD 量化时间: 0.0156 秒
cluster: 2
group_size: 128
cluster Quantizing weight with shape: torch.Size([1024, 128])
cluster: 2
group_size: 128
cluster Quantizing weight with shape: torch.Size([1024, 128])
SVD 奇异值量化时间: 0.9357 秒
angle bits: 3
SVD 量化时间: 0.0155 秒
cluster: 2
group_size: 128
cluster Quantizing weight with shape: torch.Size([1024, 128])
cluster: 2
group_size: 128
cluster Quantizing weight with shape: torch.Size([1024, 128])
SVD 奇异值量化时间: 0.9360 秒
angle bits: 3
SVD 量化时间: 0.0156 秒
cluster: 2
group_size: 128
cluster Quantizing weight with shape: torch.Size([1024, 128])
cluster: 2
group_size: 128
cluster Quantizing weight with shape: torch.Size([1024, 128])
SVD 奇异值量化时间: 0.9540 秒
angle bits: 3
SVD 量化时间: 0.0156 秒
cluster: 2
group_size: 128
cluster Quantizing weight with shape: torch.Size([1024, 128])
cluster: 2
group_size: 128
cluster Quantizing weight with shape: torch.Size([1024, 128])
SVD 奇异值量化时间: 0.9596 秒
angle bits: 3
SVD 量化时间: 0.0156 秒
cluster: 2
group_size: 128
cluster Quantizing weight with shape: torch.Size([1024, 128])
cluster: 2
group_size: 128
cluster Quantizing weight with shape: torch.Size([1024, 128])
SVD 奇异值量化时间: 0.9379 秒
angle bits: 3
SVD 量化时间: 0.0156 秒
cluster: 2
group_size: 128
cluster Quantizing weight with shape: torch.Size([1024, 128])
cluster: 2
group_size: 128
cluster Quantizing weight with shape: torch.Size([1024, 128])
SVD 奇异值量化时间: 0.9424 秒
angle bits: 3
SVD 量化时间: 0.0154 秒
cluster: 2
group_size: 128
cluster Quantizing weight with shape: torch.Size([1024, 128])
cluster: 2
group_size: 128
cluster Quantizing weight with shape: torch.Size([1024, 128])
SVD 奇异值量化时间: 0.9447 秒
angle bits: 3
SVD 量化时间: 0.0154 秒
cluster: 2
group_size: 128
cluster Quantizing weight with shape: torch.Size([1024, 128])
cluster: 2
group_size: 128
cluster Quantizing weight with shape: torch.Size([1024, 128])
SVD 奇异值量化时间: 0.9469 秒
angle bits: 3
SVD 量化时间: 0.0154 秒
cluster: 2
group_size: 128
cluster Quantizing weight with shape: torch.Size([1024, 128])
cluster: 2
group_size: 128
cluster Quantizing weight with shape: torch.Size([1024, 128])
SVD 奇异值量化时间: 0.9383 秒
angle bits: 3
SVD 量化时间: 0.0154 秒
cluster: 2
group_size: 128
cluster Quantizing weight with shape: torch.Size([1024, 128])
cluster: 2
group_size: 128
cluster Quantizing weight with shape: torch.Size([1024, 128])
SVD 奇异值量化时间: 0.9407 秒
angle bits: 3
SVD 量化时间: 0.0155 秒
cluster: 2
group_size: 128
cluster Quantizing weight with shape: torch.Size([1024, 128])
cluster: 2
group_size: 128
cluster Quantizing weight with shape: torch.Size([1024, 128])
SVD 奇异值量化时间: 0.9420 秒
angle bits: 3
SVD 量化时间: 0.0156 秒
cluster: 2
group_size: 128
cluster Quantizing weight with shape: torch.Size([1024, 128])
cluster: 2
group_size: 128
cluster Quantizing weight with shape: torch.Size([1024, 128])
SVD 奇异值量化时间: 0.9483 秒
angle bits: 3
SVD 量化时间: 0.0155 秒
cluster: 2
group_size: 128
cluster Quantizing weight with shape: torch.Size([1024, 128])
cluster: 2
group_size: 128
cluster Quantizing weight with shape: torch.Size([1024, 128])
SVD 奇异值量化时间: 0.9470 秒
angle bits: 3
SVD 量化时间: 0.0155 秒
cluster: 2
group_size: 128
cluster Quantizing weight with shape: torch.Size([1024, 128])
cluster: 2
group_size: 128
cluster Quantizing weight with shape: torch.Size([1024, 128])
SVD 奇异值量化时间: 0.9488 秒
angle bits: 3
SVD 量化时间: 0.0155 秒
cluster: 2
group_size: 128
cluster Quantizing weight with shape: torch.Size([1024, 128])
cluster: 2
group_size: 128
cluster Quantizing weight with shape: torch.Size([1024, 128])
SVD 奇异值量化时间: 0.9419 秒
angle bits: 3
SVD 量化时间: 0.0155 秒
cluster: 2
group_size: 128
cluster Quantizing weight with shape: torch.Size([1024, 128])
cluster: 2
group_size: 128
cluster Quantizing weight with shape: torch.Size([1024, 128])
SVD 奇异值量化时间: 0.9368 秒
angle bits: 3
SVD 量化时间: 0.0154 秒
cluster: 2
group_size: 128
cluster Quantizing weight with shape: torch.Size([1024, 128])
cluster: 2
group_size: 128
cluster Quantizing weight with shape: torch.Size([1024, 128])
SVD 奇异值量化时间: 0.9407 秒
angle bits: 3
SVD 量化时间: 0.0154 秒
cluster: 2
group_size: 128
cluster Quantizing weight with shape: torch.Size([1024, 128])
cluster: 2
group_size: 128
cluster Quantizing weight with shape: torch.Size([1024, 128])
SVD 奇异值量化时间: 0.9454 秒
angle bits: 3
SVD 量化时间: 0.0155 秒
cluster: 2
group_size: 128
cluster Quantizing weight with shape: torch.Size([1024, 128])
cluster: 2
group_size: 128
cluster Quantizing weight with shape: torch.Size([1024, 128])
SVD 奇异值量化时间: 0.9481 秒
angle bits: 3
SVD 量化时间: 0.0154 秒
cluster: 2
group_size: 128
cluster Quantizing weight with shape: torch.Size([1024, 128])
cluster: 2
group_size: 128
cluster Quantizing weight with shape: torch.Size([1024, 128])
SVD 奇异值量化时间: 0.9423 秒
angle bits: 3
SVD 量化时间: 0.0154 秒
cluster: 2
group_size: 128
cluster Quantizing weight with shape: torch.Size([1024, 128])
cluster: 2
group_size: 128
cluster Quantizing weight with shape: torch.Size([1024, 128])
SVD 奇异值量化时间: 0.9397 秒
angle bits: 3
SVD 量化时间: 0.0154 秒
cluster: 2
group_size: 128
cluster Quantizing weight with shape: torch.Size([1024, 128])
cluster: 2
group_size: 128
cluster Quantizing weight with shape: torch.Size([1024, 128])
SVD 奇异值量化时间: 0.9461 秒
angle bits: 3
SVD 量化时间: 0.0154 秒
cluster: 2
group_size: 128
cluster Quantizing weight with shape: torch.Size([1024, 128])
cluster: 2
group_size: 128
cluster Quantizing weight with shape: torch.Size([1024, 128])
SVD 奇异值量化时间: 0.9354 秒
angle bits: 3
SVD 量化时间: 0.0154 秒
cluster: 2
group_size: 128
cluster Quantizing weight with shape: torch.Size([1024, 128])
cluster: 2
group_size: 128
cluster Quantizing weight with shape: torch.Size([1024, 128])
SVD 奇异值量化时间: 0.9616 秒
angle bits: 3
SVD 量化时间: 0.0152 秒
cluster: 2
group_size: 128
cluster Quantizing weight with shape: torch.Size([1024, 128])
cluster: 2
group_size: 128
cluster Quantizing weight with shape: torch.Size([1024, 128])
SVD 奇异值量化时间: 0.9296 秒
angle bits: 3
SVD 量化时间: 0.0154 秒
cluster: 2
group_size: 128
cluster Quantizing weight with shape: torch.Size([1024, 128])
cluster: 2
group_size: 128
cluster Quantizing weight with shape: torch.Size([1024, 128])
SVD 奇异值量化时间: 0.9488 秒
angle bits: 3
SVD 量化时间: 0.0154 秒
cluster: 2
group_size: 128
cluster Quantizing weight with shape: torch.Size([1024, 128])
cluster: 2
group_size: 128
cluster Quantizing weight with shape: torch.Size([1024, 128])
SVD 奇异值量化时间: 0.9433 秒
angle bits: 3
SVD 量化时间: 0.0153 秒
cluster: 2
group_size: 128
cluster Quantizing weight with shape: torch.Size([1024, 128])
cluster: 2
group_size: 128
cluster Quantizing weight with shape: torch.Size([1024, 128])
SVD 奇异值量化时间: 0.9366 秒
angle bits: 3
SVD 量化时间: 0.0153 秒
cluster: 2
group_size: 128
cluster Quantizing weight with shape: torch.Size([1024, 128])
cluster: 2
group_size: 128
cluster Quantizing weight with shape: torch.Size([1024, 128])
SVD 奇异值量化时间: 0.9367 秒
angle bits: 3
SVD 量化时间: 0.0153 秒
cluster: 2
group_size: 128
cluster Quantizing weight with shape: torch.Size([1024, 128])
cluster: 2
group_size: 128
cluster Quantizing weight with shape: torch.Size([1024, 128])
SVD 奇异值量化时间: 0.9400 秒
angle bits: 3
SVD 量化时间: 0.0153 秒
cluster: 2
group_size: 128
cluster Quantizing weight with shape: torch.Size([1024, 128])
cluster: 2
group_size: 128
cluster Quantizing weight with shape: torch.Size([1024, 128])
SVD 奇异值量化时间: 0.9459 秒
angle bits: 3
SVD 量化时间: 0.0153 秒
cluster: 2
group_size: 128
cluster Quantizing weight with shape: torch.Size([1024, 128])
cluster: 2
group_size: 128
cluster Quantizing weight with shape: torch.Size([1024, 128])
SVD 奇异值量化时间: 0.9493 秒
angle bits: 3
SVD 量化时间: 0.0154 秒
cluster: 2
group_size: 128
cluster Quantizing weight with shape: torch.Size([1024, 128])
cluster: 2
group_size: 128
cluster Quantizing weight with shape: torch.Size([1024, 128])
SVD 奇异值量化时间: 0.9550 秒
angle bits: 3
SVD 量化时间: 0.0154 秒
cluster: 2
group_size: 128
cluster Quantizing weight with shape: torch.Size([1024, 128])
cluster: 2
group_size: 128
cluster Quantizing weight with shape: torch.Size([1024, 128])
SVD 奇异值量化时间: 0.9492 秒
angle bits: 3
SVD 量化时间: 0.0153 秒
cluster: 2
group_size: 128
cluster Quantizing weight with shape: torch.Size([1024, 128])
cluster: 2
group_size: 128
cluster Quantizing weight with shape: torch.Size([1024, 128])
SVD 奇异值量化时间: 0.9368 秒
angle bits: 3
SVD 量化时间: 0.0152 秒
cluster: 2
group_size: 128
cluster Quantizing weight with shape: torch.Size([1024, 128])
cluster: 2
group_size: 128
cluster Quantizing weight with shape: torch.Size([1024, 128])
SVD 奇异值量化时间: 0.9362 秒
angle bits: 3
SVD 量化时间: 0.0153 秒
cluster: 2
group_size: 128
cluster Quantizing weight with shape: torch.Size([1024, 128])
cluster: 2
group_size: 128
cluster Quantizing weight with shape: torch.Size([1024, 128])
SVD 奇异值量化时间: 0.9402 秒
angle bits: 3
SVD 量化时间: 0.0152 秒
cluster: 2
group_size: 128
cluster Quantizing weight with shape: torch.Size([1024, 128])
cluster: 2
group_size: 128
cluster Quantizing weight with shape: torch.Size([1024, 128])
SVD 奇异值量化时间: 0.9392 秒
angle bits: 3
SVD 量化时间: 0.0152 秒
cluster: 2
group_size: 128
cluster Quantizing weight with shape: torch.Size([1024, 128])
cluster: 2
group_size: 128
cluster Quantizing weight with shape: torch.Size([1024, 128])
SVD 奇异值量化时间: 0.9392 秒
angle bits: 3
SVD 量化时间: 0.0152 秒
cluster: 2
group_size: 128
cluster Quantizing weight with shape: torch.Size([1024, 128])
cluster: 2
group_size: 128
cluster Quantizing weight with shape: torch.Size([1024, 128])
SVD 奇异值量化时间: 0.9409 秒
angle bits: 3
SVD 量化时间: 0.0151 秒
cluster: 2
group_size: 128
cluster Quantizing weight with shape: torch.Size([1024, 128])
cluster: 2
group_size: 128
cluster Quantizing weight with shape: torch.Size([1024, 128])
SVD 奇异值量化时间: 0.9399 秒
angle bits: 3
SVD 量化时间: 0.0153 秒
cluster: 2
group_size: 128
cluster Quantizing weight with shape: torch.Size([1024, 128])
cluster: 2
group_size: 128
cluster Quantizing weight with shape: torch.Size([1024, 128])
SVD 奇异值量化时间: 0.9430 秒
angle bits: 3
SVD 量化时间: 0.0150 秒
cluster: 2
group_size: 128
cluster Quantizing weight with shape: torch.Size([1024, 128])
cluster: 2
group_size: 128
cluster Quantizing weight with shape: torch.Size([1024, 128])
SVD 奇异值量化时间: 0.9385 秒
angle bits: 3
SVD 量化时间: 0.0152 秒
cluster: 2
group_size: 128
cluster Quantizing weight with shape: torch.Size([1024, 128])
cluster: 2
group_size: 128
cluster Quantizing weight with shape: torch.Size([1024, 128])
SVD 奇异值量化时间: 0.9395 秒
angle bits: 3
SVD 量化时间: 0.0151 秒
cluster: 2
group_size: 128
cluster Quantizing weight with shape: torch.Size([1024, 128])
cluster: 2
group_size: 128
cluster Quantizing weight with shape: torch.Size([1024, 128])
SVD 奇异值量化时间: 0.9330 秒
angle bits: 3
SVD 量化时间: 0.0152 秒
cluster: 2
group_size: 128
cluster Quantizing weight with shape: torch.Size([1024, 128])
cluster: 2
group_size: 128
cluster Quantizing weight with shape: torch.Size([1024, 128])
SVD 奇异值量化时间: 0.9312 秒
angle bits: 3
SVD 量化时间: 0.0151 秒
cluster: 2
group_size: 128
cluster Quantizing weight with shape: torch.Size([1024, 128])
cluster: 2
group_size: 128
cluster Quantizing weight with shape: torch.Size([1024, 128])
SVD 奇异值量化时间: 0.9309 秒
angle bits: 3
SVD 量化时间: 0.0151 秒
cluster: 2
group_size: 128
cluster Quantizing weight with shape: torch.Size([1024, 128])
cluster: 2
group_size: 128
cluster Quantizing weight with shape: torch.Size([1024, 128])
SVD 奇异值量化时间: 0.9350 秒
angle bits: 3
SVD 量化时间: 0.0151 秒
cluster: 2
group_size: 128
cluster Quantizing weight with shape: torch.Size([1024, 128])
cluster: 2
group_size: 128
cluster Quantizing weight with shape: torch.Size([1024, 128])
SVD 奇异值量化时间: 0.9444 秒
angle bits: 3
SVD 量化时间: 0.0151 秒
cluster: 2
group_size: 128
cluster Quantizing weight with shape: torch.Size([1024, 128])
cluster: 2
group_size: 128
cluster Quantizing weight with shape: torch.Size([1024, 128])
SVD 奇异值量化时间: 1.0502 秒
angle bits: 3
SVD 量化时间: 0.0148 秒
cluster: 2
group_size: 128
cluster Quantizing weight with shape: torch.Size([1024, 128])
cluster: 2
group_size: 128
cluster Quantizing weight with shape: torch.Size([1024, 128])
SVD 奇异值量化时间: 1.0920 秒
angle bits: 3
SVD 量化时间: 0.0150 秒
cluster: 2
group_size: 128
cluster Quantizing weight with shape: torch.Size([1024, 128])
cluster: 2
group_size: 128
cluster Quantizing weight with shape: torch.Size([1024, 128])
SVD 奇异值量化时间: 1.0458 秒
angle bits: 3
SVD 量化时间: 0.0151 秒
cluster: 2
group_size: 128
cluster Quantizing weight with shape: torch.Size([1024, 128])
cluster: 2
group_size: 128
cluster Quantizing weight with shape: torch.Size([1024, 128])
SVD 奇异值量化时间: 1.0810 秒
angle bits: 3
SVD 量化时间: 0.0151 秒
cluster: 2
group_size: 128
cluster Quantizing weight with shape: torch.Size([1024, 128])
cluster: 2
group_size: 128
cluster Quantizing weight with shape: torch.Size([1024, 128])
SVD 奇异值量化时间: 1.0989 秒
angle bits: 3
SVD 量化时间: 0.0151 秒
cluster: 2
group_size: 128
cluster Quantizing weight with shape: torch.Size([1024, 128])
cluster: 2
group_size: 128
cluster Quantizing weight with shape: torch.Size([1024, 128])
SVD 奇异值量化时间: 1.0022 秒
angle bits: 3
SVD 量化时间: 0.0152 秒
cluster: 2
group_size: 128
cluster Quantizing weight with shape: torch.Size([1024, 128])
cluster: 2
group_size: 128
cluster Quantizing weight with shape: torch.Size([1024, 128])
SVD 奇异值量化时间: 1.0165 秒
angle bits: 3
SVD 量化时间: 0.0150 秒
cluster: 2
group_size: 128
cluster Quantizing weight with shape: torch.Size([1024, 128])
cluster: 2
group_size: 128
cluster Quantizing weight with shape: torch.Size([1024, 128])
SVD 奇异值量化时间: 0.9347 秒
angle bits: 3
SVD 量化时间: 0.0151 秒
cluster: 2
group_size: 128
cluster Quantizing weight with shape: torch.Size([1024, 128])
cluster: 2
group_size: 128
cluster Quantizing weight with shape: torch.Size([1024, 128])
SVD 奇异值量化时间: 0.9653 秒
angle bits: 3
SVD 量化时间: 0.0149 秒
cluster: 2
group_size: 128
cluster Quantizing weight with shape: torch.Size([1024, 128])
cluster: 2
group_size: 128
cluster Quantizing weight with shape: torch.Size([1024, 128])
SVD 奇异值量化时间: 0.9596 秒
angle bits: 3
SVD 量化时间: 0.0150 秒
cluster: 2
group_size: 128
cluster Quantizing weight with shape: torch.Size([1024, 128])
cluster: 2
group_size: 128
cluster Quantizing weight with shape: torch.Size([1024, 128])
SVD 奇异值量化时间: 0.9384 秒
angle bits: 3
SVD 量化时间: 0.0150 秒
cluster: 2
group_size: 128
cluster Quantizing weight with shape: torch.Size([1024, 128])
cluster: 2
group_size: 128
cluster Quantizing weight with shape: torch.Size([1024, 128])
SVD 奇异值量化时间: 0.9343 秒
angle bits: 3
SVD 量化时间: 0.0149 秒
cluster: 2
group_size: 128
cluster Quantizing weight with shape: torch.Size([1024, 128])
cluster: 2
group_size: 128
cluster Quantizing weight with shape: torch.Size([1024, 128])
SVD 奇异值量化时间: 0.9342 秒
angle bits: 3
SVD 量化时间: 0.0150 秒
cluster: 2
group_size: 128
cluster Quantizing weight with shape: torch.Size([1024, 128])
cluster: 2
group_size: 128
cluster Quantizing weight with shape: torch.Size([1024, 128])
SVD 奇异值量化时间: 0.9374 秒
5 self_attn.q_proj
Quantizing ...
使用blocksize: 128进行量化
angle bits: 3
SVD 量化时间: 0.0142 秒
cluster: 2
group_size: 128
cluster Quantizing weight with shape: torch.Size([1024, 128])
cluster: 2
group_size: 128
cluster Quantizing weight with shape: torch.Size([1024, 128])
SVD 奇异值量化时间: 0.9219 秒
angle bits: 3
SVD 量化时间: 0.0153 秒
cluster: 2
group_size: 128
cluster Quantizing weight with shape: torch.Size([1024, 128])
cluster: 2
group_size: 128
cluster Quantizing weight with shape: torch.Size([1024, 128])
SVD 奇异值量化时间: 0.9366 秒
angle bits: 3
SVD 量化时间: 0.0153 秒
cluster: 2
group_size: 128
cluster Quantizing weight with shape: torch.Size([1024, 128])
cluster: 2
group_size: 128
cluster Quantizing weight with shape: torch.Size([1024, 128])
SVD 奇异值量化时间: 0.9247 秒
angle bits: 3
SVD 量化时间: 0.0153 秒
cluster: 2
group_size: 128
cluster Quantizing weight with shape: torch.Size([1024, 128])
cluster: 2
group_size: 128
cluster Quantizing weight with shape: torch.Size([1024, 128])
SVD 奇异值量化时间: 0.9235 秒
angle bits: 3
SVD 量化时间: 0.0153 秒
cluster: 2
group_size: 128
cluster Quantizing weight with shape: torch.Size([1024, 128])
cluster: 2
group_size: 128
cluster Quantizing weight with shape: torch.Size([1024, 128])
SVD 奇异值量化时间: 0.9221 秒
angle bits: 3
SVD 量化时间: 0.0153 秒
cluster: 2
group_size: 128
cluster Quantizing weight with shape: torch.Size([1024, 128])
cluster: 2
group_size: 128
cluster Quantizing weight with shape: torch.Size([1024, 128])
SVD 奇异值量化时间: 0.9259 秒
angle bits: 3
SVD 量化时间: 0.0153 秒
cluster: 2
group_size: 128
cluster Quantizing weight with shape: torch.Size([1024, 128])
cluster: 2
group_size: 128
cluster Quantizing weight with shape: torch.Size([1024, 128])
SVD 奇异值量化时间: 0.9374 秒
angle bits: 3
SVD 量化时间: 0.0153 秒
cluster: 2
group_size: 128
cluster Quantizing weight with shape: torch.Size([1024, 128])
cluster: 2
group_size: 128
cluster Quantizing weight with shape: torch.Size([1024, 128])
SVD 奇异值量化时间: 0.9352 秒
angle bits: 3
SVD 量化时间: 0.0153 秒
cluster: 2
group_size: 128
cluster Quantizing weight with shape: torch.Size([1024, 128])
cluster: 2
group_size: 128
cluster Quantizing weight with shape: torch.Size([1024, 128])
SVD 奇异值量化时间: 1.0487 秒
angle bits: 3
SVD 量化时间: 0.0153 秒
cluster: 2
group_size: 128
cluster Quantizing weight with shape: torch.Size([1024, 128])
cluster: 2
group_size: 128
cluster Quantizing weight with shape: torch.Size([1024, 128])
SVD 奇异值量化时间: 0.9301 秒
angle bits: 3
SVD 量化时间: 0.0153 秒
cluster: 2
group_size: 128
cluster Quantizing weight with shape: torch.Size([1024, 128])
cluster: 2
group_size: 128
cluster Quantizing weight with shape: torch.Size([1024, 128])
SVD 奇异值量化时间: 0.9361 秒
angle bits: 3
SVD 量化时间: 0.0152 秒
cluster: 2
group_size: 128
cluster Quantizing weight with shape: torch.Size([1024, 128])
cluster: 2
group_size: 128
cluster Quantizing weight with shape: torch.Size([1024, 128])
SVD 奇异值量化时间: 0.9394 秒
angle bits: 3
SVD 量化时间: 0.0152 秒
cluster: 2
group_size: 128
cluster Quantizing weight with shape: torch.Size([1024, 128])
cluster: 2
group_size: 128
cluster Quantizing weight with shape: torch.Size([1024, 128])
SVD 奇异值量化时间: 0.9250 秒
angle bits: 3
SVD 量化时间: 0.0152 秒
cluster: 2
group_size: 128
cluster Quantizing weight with shape: torch.Size([1024, 128])
cluster: 2
group_size: 128
cluster Quantizing weight with shape: torch.Size([1024, 128])
SVD 奇异值量化时间: 0.9252 秒
angle bits: 3
SVD 量化时间: 0.0152 秒
cluster: 2
group_size: 128
cluster Quantizing weight with shape: torch.Size([1024, 128])
cluster: 2
group_size: 128
cluster Quantizing weight with shape: torch.Size([1024, 128])
SVD 奇异值量化时间: 0.9303 秒
angle bits: 3
SVD 量化时间: 0.0152 秒
cluster: 2
group_size: 128
cluster Quantizing weight with shape: torch.Size([1024, 128])
cluster: 2
group_size: 128
cluster Quantizing weight with shape: torch.Size([1024, 128])
SVD 奇异值量化时间: 0.9312 秒
angle bits: 3
SVD 量化时间: 0.0152 秒
cluster: 2
group_size: 128
cluster Quantizing weight with shape: torch.Size([1024, 128])
cluster: 2
group_size: 128
cluster Quantizing weight with shape: torch.Size([1024, 128])
SVD 奇异值量化时间: 0.9407 秒
angle bits: 3
SVD 量化时间: 0.0152 秒
cluster: 2
group_size: 128
cluster Quantizing weight with shape: torch.Size([1024, 128])
cluster: 2
group_size: 128
cluster Quantizing weight with shape: torch.Size([1024, 128])
SVD 奇异值量化时间: 0.9565 秒
angle bits: 3
SVD 量化时间: 0.0151 秒
cluster: 2
group_size: 128
cluster Quantizing weight with shape: torch.Size([1024, 128])
cluster: 2
group_size: 128
cluster Quantizing weight with shape: torch.Size([1024, 128])
SVD 奇异值量化时间: 0.9822 秒
angle bits: 3
SVD 量化时间: 0.0151 秒
cluster: 2
group_size: 128
cluster Quantizing weight with shape: torch.Size([1024, 128])
cluster: 2
group_size: 128
cluster Quantizing weight with shape: torch.Size([1024, 128])
SVD 奇异值量化时间: 0.9347 秒
angle bits: 3
SVD 量化时间: 0.0152 秒
cluster: 2
group_size: 128
cluster Quantizing weight with shape: torch.Size([1024, 128])
cluster: 2
group_size: 128
cluster Quantizing weight with shape: torch.Size([1024, 128])
SVD 奇异值量化时间: 0.9287 秒
angle bits: 3
SVD 量化时间: 0.0151 秒
cluster: 2
group_size: 128
cluster Quantizing weight with shape: torch.Size([1024, 128])
cluster: 2
group_size: 128
cluster Quantizing weight with shape: torch.Size([1024, 128])
SVD 奇异值量化时间: 0.9170 秒
angle bits: 3
SVD 量化时间: 0.0151 秒
cluster: 2
group_size: 128
cluster Quantizing weight with shape: torch.Size([1024, 128])
cluster: 2
group_size: 128
cluster Quantizing weight with shape: torch.Size([1024, 128])
SVD 奇异值量化时间: 0.9284 秒
angle bits: 3
SVD 量化时间: 0.0152 秒
cluster: 2
group_size: 128
cluster Quantizing weight with shape: torch.Size([1024, 128])
cluster: 2
group_size: 128
cluster Quantizing weight with shape: torch.Size([1024, 128])
SVD 奇异值量化时间: 0.9369 秒
angle bits: 3
SVD 量化时间: 0.0150 秒
cluster: 2
group_size: 128
cluster Quantizing weight with shape: torch.Size([1024, 128])
cluster: 2
group_size: 128
cluster Quantizing weight with shape: torch.Size([1024, 128])
SVD 奇异值量化时间: 0.9155 秒
angle bits: 3
SVD 量化时间: 0.0150 秒
cluster: 2
group_size: 128
cluster Quantizing weight with shape: torch.Size([1024, 128])
cluster: 2
group_size: 128
cluster Quantizing weight with shape: torch.Size([1024, 128])
SVD 奇异值量化时间: 0.9207 秒
angle bits: 3
SVD 量化时间: 0.0150 秒
cluster: 2
group_size: 128
cluster Quantizing weight with shape: torch.Size([1024, 128])
cluster: 2
group_size: 128
cluster Quantizing weight with shape: torch.Size([1024, 128])
SVD 奇异值量化时间: 0.9197 秒
angle bits: 3
SVD 量化时间: 0.0151 秒
cluster: 2
group_size: 128
cluster Quantizing weight with shape: torch.Size([1024, 128])
cluster: 2
group_size: 128
cluster Quantizing weight with shape: torch.Size([1024, 128])
SVD 奇异值量化时间: 0.9229 秒
angle bits: 3
SVD 量化时间: 0.0150 秒
cluster: 2
group_size: 128
cluster Quantizing weight with shape: torch.Size([1024, 128])
cluster: 2
group_size: 128
cluster Quantizing weight with shape: torch.Size([1024, 128])
SVD 奇异值量化时间: 0.9207 秒
angle bits: 3
SVD 量化时间: 0.0150 秒
cluster: 2
group_size: 128
cluster Quantizing weight with shape: torch.Size([1024, 128])
cluster: 2
group_size: 128
cluster Quantizing weight with shape: torch.Size([1024, 128])
SVD 奇异值量化时间: 0.9283 秒
angle bits: 3
SVD 量化时间: 0.0151 秒
cluster: 2
group_size: 128
cluster Quantizing weight with shape: torch.Size([1024, 128])
cluster: 2
group_size: 128
cluster Quantizing weight with shape: torch.Size([1024, 128])
SVD 奇异值量化时间: 0.9318 秒
angle bits: 3
SVD 量化时间: 0.0152 秒
cluster: 2
group_size: 128
cluster Quantizing weight with shape: torch.Size([1024, 128])
cluster: 2
group_size: 128
cluster Quantizing weight with shape: torch.Size([1024, 128])
SVD 奇异值量化时间: 0.9250 秒
5 self_attn.k_proj
Quantizing ...
使用blocksize: 128进行量化
angle bits: 3
SVD 量化时间: 0.0133 秒
cluster: 2
group_size: 128
cluster Quantizing weight with shape: torch.Size([1024, 128])
cluster: 2
group_size: 128
cluster Quantizing weight with shape: torch.Size([1024, 128])
SVD 奇异值量化时间: 0.9186 秒
angle bits: 3
SVD 量化时间: 0.0154 秒
cluster: 2
group_size: 128
cluster Quantizing weight with shape: torch.Size([1024, 128])
cluster: 2
group_size: 128
cluster Quantizing weight with shape: torch.Size([1024, 128])
SVD 奇异值量化时间: 0.9347 秒
angle bits: 3
SVD 量化时间: 0.0153 秒
cluster: 2
group_size: 128
cluster Quantizing weight with shape: torch.Size([1024, 128])
cluster: 2
group_size: 128
cluster Quantizing weight with shape: torch.Size([1024, 128])
SVD 奇异值量化时间: 0.9156 秒
angle bits: 3
SVD 量化时间: 0.0153 秒
cluster: 2
group_size: 128
cluster Quantizing weight with shape: torch.Size([1024, 128])
cluster: 2
group_size: 128
cluster Quantizing weight with shape: torch.Size([1024, 128])
SVD 奇异值量化时间: 0.9133 秒
angle bits: 3
SVD 量化时间: 0.0153 秒
cluster: 2
group_size: 128
cluster Quantizing weight with shape: torch.Size([1024, 128])
cluster: 2
group_size: 128
cluster Quantizing weight with shape: torch.Size([1024, 128])
SVD 奇异值量化时间: 0.9178 秒
angle bits: 3
SVD 量化时间: 0.0153 秒
cluster: 2
group_size: 128
cluster Quantizing weight with shape: torch.Size([1024, 128])
cluster: 2
group_size: 128
cluster Quantizing weight with shape: torch.Size([1024, 128])
SVD 奇异值量化时间: 0.9279 秒
angle bits: 3
SVD 量化时间: 0.0153 秒
cluster: 2
group_size: 128
cluster Quantizing weight with shape: torch.Size([1024, 128])
cluster: 2
group_size: 128
cluster Quantizing weight with shape: torch.Size([1024, 128])
SVD 奇异值量化时间: 0.9248 秒
angle bits: 3
SVD 量化时间: 0.0153 秒
cluster: 2
group_size: 128
cluster Quantizing weight with shape: torch.Size([1024, 128])
cluster: 2
group_size: 128
cluster Quantizing weight with shape: torch.Size([1024, 128])
SVD 奇异值量化时间: 0.9237 秒
angle bits: 3
SVD 量化时间: 0.0153 秒
cluster: 2
group_size: 128
cluster Quantizing weight with shape: torch.Size([1024, 128])
cluster: 2
group_size: 128
cluster Quantizing weight with shape: torch.Size([1024, 128])
SVD 奇异值量化时间: 0.9278 秒
angle bits: 3
SVD 量化时间: 0.0153 秒
cluster: 2
group_size: 128
cluster Quantizing weight with shape: torch.Size([1024, 128])
cluster: 2
group_size: 128
cluster Quantizing weight with shape: torch.Size([1024, 128])
SVD 奇异值量化时间: 0.9347 秒
angle bits: 3
SVD 量化时间: 0.0153 秒
cluster: 2
group_size: 128
cluster Quantizing weight with shape: torch.Size([1024, 128])
cluster: 2
group_size: 128
cluster Quantizing weight with shape: torch.Size([1024, 128])
SVD 奇异值量化时间: 0.9357 秒
angle bits: 3
SVD 量化时间: 0.0153 秒
cluster: 2
group_size: 128
cluster Quantizing weight with shape: torch.Size([1024, 128])
cluster: 2
group_size: 128
cluster Quantizing weight with shape: torch.Size([1024, 128])
SVD 奇异值量化时间: 0.9572 秒
angle bits: 3
SVD 量化时间: 0.0152 秒
cluster: 2
group_size: 128
cluster Quantizing weight with shape: torch.Size([1024, 128])
cluster: 2
group_size: 128
cluster Quantizing weight with shape: torch.Size([1024, 128])
SVD 奇异值量化时间: 0.9339 秒
angle bits: 3
SVD 量化时间: 0.0152 秒
cluster: 2
group_size: 128
cluster Quantizing weight with shape: torch.Size([1024, 128])
cluster: 2
group_size: 128
cluster Quantizing weight with shape: torch.Size([1024, 128])
SVD 奇异值量化时间: 0.9413 秒
angle bits: 3
SVD 量化时间: 0.0152 秒
cluster: 2
group_size: 128
cluster Quantizing weight with shape: torch.Size([1024, 128])
cluster: 2
group_size: 128
cluster Quantizing weight with shape: torch.Size([1024, 128])
SVD 奇异值量化时间: 0.9263 秒
angle bits: 3
SVD 量化时间: 0.0152 秒
cluster: 2
group_size: 128
cluster Quantizing weight with shape: torch.Size([1024, 128])
cluster: 2
group_size: 128
cluster Quantizing weight with shape: torch.Size([1024, 128])
SVD 奇异值量化时间: 0.9291 秒
angle bits: 3
SVD 量化时间: 0.0152 秒
cluster: 2
group_size: 128
cluster Quantizing weight with shape: torch.Size([1024, 128])
cluster: 2
group_size: 128
cluster Quantizing weight with shape: torch.Size([1024, 128])
SVD 奇异值量化时间: 0.9215 秒
angle bits: 3
SVD 量化时间: 0.0152 秒
cluster: 2
group_size: 128
cluster Quantizing weight with shape: torch.Size([1024, 128])
cluster: 2
group_size: 128
cluster Quantizing weight with shape: torch.Size([1024, 128])
SVD 奇异值量化时间: 0.9228 秒
angle bits: 3
SVD 量化时间: 0.0151 秒
cluster: 2
group_size: 128
cluster Quantizing weight with shape: torch.Size([1024, 128])
cluster: 2
group_size: 128
cluster Quantizing weight with shape: torch.Size([1024, 128])
SVD 奇异值量化时间: 0.9237 秒
angle bits: 3
SVD 量化时间: 0.0152 秒
cluster: 2
group_size: 128
cluster Quantizing weight with shape: torch.Size([1024, 128])
cluster: 2
group_size: 128
cluster Quantizing weight with shape: torch.Size([1024, 128])
SVD 奇异值量化时间: 0.9281 秒
angle bits: 3
SVD 量化时间: 0.0151 秒
cluster: 2
group_size: 128
cluster Quantizing weight with shape: torch.Size([1024, 128])
cluster: 2
group_size: 128
cluster Quantizing weight with shape: torch.Size([1024, 128])
SVD 奇异值量化时间: 0.9356 秒
angle bits: 3
SVD 量化时间: 0.0151 秒
cluster: 2
group_size: 128
cluster Quantizing weight with shape: torch.Size([1024, 128])
cluster: 2
group_size: 128
cluster Quantizing weight with shape: torch.Size([1024, 128])
SVD 奇异值量化时间: 0.9691 秒
angle bits: 3
SVD 量化时间: 0.0154 秒
cluster: 2
group_size: 128
cluster Quantizing weight with shape: torch.Size([1024, 128])
cluster: 2
group_size: 128
cluster Quantizing weight with shape: torch.Size([1024, 128])
SVD 奇异值量化时间: 1.0516 秒
angle bits: 3
SVD 量化时间: 0.0152 秒
cluster: 2
group_size: 128
cluster Quantizing weight with shape: torch.Size([1024, 128])
cluster: 2
group_size: 128
cluster Quantizing weight with shape: torch.Size([1024, 128])
SVD 奇异值量化时间: 1.0480 秒
angle bits: 3
SVD 量化时间: 0.0151 秒
cluster: 2
group_size: 128
cluster Quantizing weight with shape: torch.Size([1024, 128])
cluster: 2
group_size: 128
cluster Quantizing weight with shape: torch.Size([1024, 128])
SVD 奇异值量化时间: 1.0430 秒
angle bits: 3
SVD 量化时间: 0.0152 秒
cluster: 2
group_size: 128
cluster Quantizing weight with shape: torch.Size([1024, 128])
cluster: 2
group_size: 128
cluster Quantizing weight with shape: torch.Size([1024, 128])
SVD 奇异值量化时间: 0.9997 秒
angle bits: 3
SVD 量化时间: 0.0151 秒
cluster: 2
group_size: 128
cluster Quantizing weight with shape: torch.Size([1024, 128])
cluster: 2
group_size: 128
cluster Quantizing weight with shape: torch.Size([1024, 128])
SVD 奇异值量化时间: 1.0111 秒
angle bits: 3
SVD 量化时间: 0.0151 秒
cluster: 2
group_size: 128
cluster Quantizing weight with shape: torch.Size([1024, 128])
cluster: 2
group_size: 128
cluster Quantizing weight with shape: torch.Size([1024, 128])
SVD 奇异值量化时间: 0.9874 秒
angle bits: 3
SVD 量化时间: 0.0152 秒
cluster: 2
group_size: 128
cluster Quantizing weight with shape: torch.Size([1024, 128])
cluster: 2
group_size: 128
cluster Quantizing weight with shape: torch.Size([1024, 128])
SVD 奇异值量化时间: 0.9762 秒
angle bits: 3
SVD 量化时间: 0.0150 秒
cluster: 2
group_size: 128
cluster Quantizing weight with shape: torch.Size([1024, 128])
cluster: 2
group_size: 128
cluster Quantizing weight with shape: torch.Size([1024, 128])
SVD 奇异值量化时间: 0.9205 秒
angle bits: 3
SVD 量化时间: 0.0150 秒
cluster: 2
group_size: 128
cluster Quantizing weight with shape: torch.Size([1024, 128])
cluster: 2
group_size: 128
cluster Quantizing weight with shape: torch.Size([1024, 128])
SVD 奇异值量化时间: 0.9345 秒
angle bits: 3
SVD 量化时间: 0.0151 秒
cluster: 2
group_size: 128
cluster Quantizing weight with shape: torch.Size([1024, 128])
cluster: 2
group_size: 128
cluster Quantizing weight with shape: torch.Size([1024, 128])
SVD 奇异值量化时间: 0.9427 秒
5 self_attn.v_proj
Quantizing ...
使用blocksize: 128进行量化
angle bits: 3
SVD 量化时间: 0.0132 秒
cluster: 2
group_size: 128
cluster Quantizing weight with shape: torch.Size([1024, 128])
cluster: 2
group_size: 128
cluster Quantizing weight with shape: torch.Size([1024, 128])
SVD 奇异值量化时间: 0.9735 秒
angle bits: 3
SVD 量化时间: 0.0153 秒
cluster: 2
group_size: 128
cluster Quantizing weight with shape: torch.Size([1024, 128])
cluster: 2
group_size: 128
cluster Quantizing weight with shape: torch.Size([1024, 128])
SVD 奇异值量化时间: 0.9291 秒
angle bits: 3
SVD 量化时间: 0.0152 秒
cluster: 2
group_size: 128
cluster Quantizing weight with shape: torch.Size([1024, 128])
cluster: 2
group_size: 128
cluster Quantizing weight with shape: torch.Size([1024, 128])
SVD 奇异值量化时间: 0.9225 秒
angle bits: 3
SVD 量化时间: 0.0153 秒
cluster: 2
group_size: 128
cluster Quantizing weight with shape: torch.Size([1024, 128])
cluster: 2
group_size: 128
cluster Quantizing weight with shape: torch.Size([1024, 128])
SVD 奇异值量化时间: 0.9215 秒
angle bits: 3
SVD 量化时间: 0.0153 秒
cluster: 2
group_size: 128
cluster Quantizing weight with shape: torch.Size([1024, 128])
cluster: 2
group_size: 128
cluster Quantizing weight with shape: torch.Size([1024, 128])
SVD 奇异值量化时间: 0.9298 秒
angle bits: 3
SVD 量化时间: 0.0153 秒
cluster: 2
group_size: 128
cluster Quantizing weight with shape: torch.Size([1024, 128])
cluster: 2
group_size: 128
cluster Quantizing weight with shape: torch.Size([1024, 128])
SVD 奇异值量化时间: 0.9400 秒
angle bits: 3
SVD 量化时间: 0.0155 秒
cluster: 2
group_size: 128
cluster Quantizing weight with shape: torch.Size([1024, 128])
cluster: 2
group_size: 128
cluster Quantizing weight with shape: torch.Size([1024, 128])
SVD 奇异值量化时间: 1.4279 秒
angle bits: 3
SVD 量化时间: 0.0152 秒
cluster: 2
group_size: 128
cluster Quantizing weight with shape: torch.Size([1024, 128])
cluster: 2
group_size: 128
cluster Quantizing weight with shape: torch.Size([1024, 128])
SVD 奇异值量化时间: 0.9314 秒
angle bits: 3
SVD 量化时间: 0.0153 秒
cluster: 2
group_size: 128
cluster Quantizing weight with shape: torch.Size([1024, 128])
cluster: 2
group_size: 128
cluster Quantizing weight with shape: torch.Size([1024, 128])
SVD 奇异值量化时间: 0.9290 秒
angle bits: 3
SVD 量化时间: 0.0152 秒
cluster: 2
group_size: 128
cluster Quantizing weight with shape: torch.Size([1024, 128])
cluster: 2
group_size: 128
cluster Quantizing weight with shape: torch.Size([1024, 128])
SVD 奇异值量化时间: 0.9325 秒
angle bits: 3
SVD 量化时间: 0.0152 秒
cluster: 2
group_size: 128
cluster Quantizing weight with shape: torch.Size([1024, 128])
cluster: 2
group_size: 128
cluster Quantizing weight with shape: torch.Size([1024, 128])
SVD 奇异值量化时间: 0.9306 秒
angle bits: 3
SVD 量化时间: 0.0152 秒
cluster: 2
group_size: 128
cluster Quantizing weight with shape: torch.Size([1024, 128])
cluster: 2
group_size: 128
cluster Quantizing weight with shape: torch.Size([1024, 128])
SVD 奇异值量化时间: 0.9285 秒
angle bits: 3
SVD 量化时间: 0.0152 秒
cluster: 2
group_size: 128
cluster Quantizing weight with shape: torch.Size([1024, 128])
cluster: 2
group_size: 128
cluster Quantizing weight with shape: torch.Size([1024, 128])
SVD 奇异值量化时间: 0.9349 秒
angle bits: 3
SVD 量化时间: 0.0152 秒
cluster: 2
group_size: 128
cluster Quantizing weight with shape: torch.Size([1024, 128])
cluster: 2
group_size: 128
cluster Quantizing weight with shape: torch.Size([1024, 128])
SVD 奇异值量化时间: 0.9366 秒
angle bits: 3
SVD 量化时间: 0.0151 秒
cluster: 2
group_size: 128
cluster Quantizing weight with shape: torch.Size([1024, 128])
cluster: 2
group_size: 128
cluster Quantizing weight with shape: torch.Size([1024, 128])
SVD 奇异值量化时间: 0.9443 秒
angle bits: 3
SVD 量化时间: 0.0151 秒
cluster: 2
group_size: 128
cluster Quantizing weight with shape: torch.Size([1024, 128])
cluster: 2
group_size: 128
cluster Quantizing weight with shape: torch.Size([1024, 128])
SVD 奇异值量化时间: 0.9429 秒
angle bits: 3
SVD 量化时间: 0.0153 秒
cluster: 2
group_size: 128
cluster Quantizing weight with shape: torch.Size([1024, 128])
cluster: 2
group_size: 128
cluster Quantizing weight with shape: torch.Size([1024, 128])
SVD 奇异值量化时间: 0.9469 秒
angle bits: 3
SVD 量化时间: 0.0151 秒
cluster: 2
group_size: 128
cluster Quantizing weight with shape: torch.Size([1024, 128])
cluster: 2
group_size: 128
cluster Quantizing weight with shape: torch.Size([1024, 128])
SVD 奇异值量化时间: 0.9481 秒
angle bits: 3
SVD 量化时间: 0.0153 秒
cluster: 2
group_size: 128
cluster Quantizing weight with shape: torch.Size([1024, 128])
cluster: 2
group_size: 128
cluster Quantizing weight with shape: torch.Size([1024, 128])
SVD 奇异值量化时间: 0.9458 秒
angle bits: 3
SVD 量化时间: 0.0151 秒
cluster: 2
group_size: 128
cluster Quantizing weight with shape: torch.Size([1024, 128])
cluster: 2
group_size: 128
cluster Quantizing weight with shape: torch.Size([1024, 128])
SVD 奇异值量化时间: 0.9519 秒
angle bits: 3
SVD 量化时间: 0.0152 秒
cluster: 2
group_size: 128
cluster Quantizing weight with shape: torch.Size([1024, 128])
cluster: 2
group_size: 128
cluster Quantizing weight with shape: torch.Size([1024, 128])
SVD 奇异值量化时间: 0.9332 秒
angle bits: 3
SVD 量化时间: 0.0150 秒
cluster: 2
group_size: 128
cluster Quantizing weight with shape: torch.Size([1024, 128])
cluster: 2
group_size: 128
cluster Quantizing weight with shape: torch.Size([1024, 128])
SVD 奇异值量化时间: 0.9413 秒
angle bits: 3
SVD 量化时间: 0.0150 秒
cluster: 2
group_size: 128
cluster Quantizing weight with shape: torch.Size([1024, 128])
cluster: 2
group_size: 128
cluster Quantizing weight with shape: torch.Size([1024, 128])
SVD 奇异值量化时间: 0.9415 秒
angle bits: 3
SVD 量化时间: 0.0151 秒
cluster: 2
group_size: 128
cluster Quantizing weight with shape: torch.Size([1024, 128])
cluster: 2
group_size: 128
cluster Quantizing weight with shape: torch.Size([1024, 128])
SVD 奇异值量化时间: 0.9397 秒
angle bits: 3
SVD 量化时间: 0.0150 秒
cluster: 2
group_size: 128
cluster Quantizing weight with shape: torch.Size([1024, 128])
cluster: 2
group_size: 128
cluster Quantizing weight with shape: torch.Size([1024, 128])
SVD 奇异值量化时间: 0.9323 秒
angle bits: 3
SVD 量化时间: 0.0150 秒
cluster: 2
group_size: 128
cluster Quantizing weight with shape: torch.Size([1024, 128])
cluster: 2
group_size: 128
cluster Quantizing weight with shape: torch.Size([1024, 128])
SVD 奇异值量化时间: 0.9425 秒
angle bits: 3
SVD 量化时间: 0.0151 秒
cluster: 2
group_size: 128
cluster Quantizing weight with shape: torch.Size([1024, 128])
cluster: 2
group_size: 128
cluster Quantizing weight with shape: torch.Size([1024, 128])
SVD 奇异值量化时间: 0.9296 秒
angle bits: 3
SVD 量化时间: 0.0150 秒
cluster: 2
group_size: 128
cluster Quantizing weight with shape: torch.Size([1024, 128])
cluster: 2
group_size: 128
cluster Quantizing weight with shape: torch.Size([1024, 128])
SVD 奇异值量化时间: 0.9207 秒
angle bits: 3
SVD 量化时间: 0.0150 秒
cluster: 2
group_size: 128
cluster Quantizing weight with shape: torch.Size([1024, 128])
cluster: 2
group_size: 128
cluster Quantizing weight with shape: torch.Size([1024, 128])
SVD 奇异值量化时间: 0.9221 秒
angle bits: 3
SVD 量化时间: 0.0150 秒
cluster: 2
group_size: 128
cluster Quantizing weight with shape: torch.Size([1024, 128])
cluster: 2
group_size: 128
cluster Quantizing weight with shape: torch.Size([1024, 128])
SVD 奇异值量化时间: 0.9237 秒
angle bits: 3
SVD 量化时间: 0.0150 秒
cluster: 2
group_size: 128
cluster Quantizing weight with shape: torch.Size([1024, 128])
cluster: 2
group_size: 128
cluster Quantizing weight with shape: torch.Size([1024, 128])
SVD 奇异值量化时间: 0.9415 秒
angle bits: 3
SVD 量化时间: 0.0149 秒
cluster: 2
group_size: 128
cluster Quantizing weight with shape: torch.Size([1024, 128])
cluster: 2
group_size: 128
cluster Quantizing weight with shape: torch.Size([1024, 128])
SVD 奇异值量化时间: 0.9321 秒
5 self_attn.o_proj
Quantizing ...
使用blocksize: 128进行量化
angle bits: 3
SVD 量化时间: 0.0132 秒
cluster: 2
group_size: 128
cluster Quantizing weight with shape: torch.Size([1024, 128])
cluster: 2
group_size: 128
cluster Quantizing weight with shape: torch.Size([1024, 128])
SVD 奇异值量化时间: 0.9408 秒
angle bits: 3
SVD 量化时间: 0.0154 秒
cluster: 2
group_size: 128
cluster Quantizing weight with shape: torch.Size([1024, 128])
cluster: 2
group_size: 128
cluster Quantizing weight with shape: torch.Size([1024, 128])
SVD 奇异值量化时间: 0.9486 秒
angle bits: 3
SVD 量化时间: 0.0152 秒
cluster: 2
group_size: 128
cluster Quantizing weight with shape: torch.Size([1024, 128])
cluster: 2
group_size: 128
cluster Quantizing weight with shape: torch.Size([1024, 128])
SVD 奇异值量化时间: 0.9372 秒
angle bits: 3
SVD 量化时间: 0.0153 秒
cluster: 2
group_size: 128
cluster Quantizing weight with shape: torch.Size([1024, 128])
cluster: 2
group_size: 128
cluster Quantizing weight with shape: torch.Size([1024, 128])
SVD 奇异值量化时间: 0.9328 秒
angle bits: 3
SVD 量化时间: 0.0153 秒
cluster: 2
group_size: 128
cluster Quantizing weight with shape: torch.Size([1024, 128])
cluster: 2
group_size: 128
cluster Quantizing weight with shape: torch.Size([1024, 128])
SVD 奇异值量化时间: 0.9384 秒
angle bits: 3
SVD 量化时间: 0.0153 秒
cluster: 2
group_size: 128
cluster Quantizing weight with shape: torch.Size([1024, 128])
cluster: 2
group_size: 128
cluster Quantizing weight with shape: torch.Size([1024, 128])
SVD 奇异值量化时间: 0.9410 秒
angle bits: 3
SVD 量化时间: 0.0152 秒
cluster: 2
group_size: 128
cluster Quantizing weight with shape: torch.Size([1024, 128])
cluster: 2
group_size: 128
cluster Quantizing weight with shape: torch.Size([1024, 128])
SVD 奇异值量化时间: 0.9493 秒
angle bits: 3
SVD 量化时间: 0.0152 秒
cluster: 2
group_size: 128
cluster Quantizing weight with shape: torch.Size([1024, 128])
cluster: 2
group_size: 128
cluster Quantizing weight with shape: torch.Size([1024, 128])
SVD 奇异值量化时间: 0.9300 秒
angle bits: 3
SVD 量化时间: 0.0152 秒
cluster: 2
group_size: 128
cluster Quantizing weight with shape: torch.Size([1024, 128])
cluster: 2
group_size: 128
cluster Quantizing weight with shape: torch.Size([1024, 128])
SVD 奇异值量化时间: 0.9389 秒
angle bits: 3
SVD 量化时间: 0.0152 秒
cluster: 2
group_size: 128
cluster Quantizing weight with shape: torch.Size([1024, 128])
cluster: 2
group_size: 128
cluster Quantizing weight with shape: torch.Size([1024, 128])
SVD 奇异值量化时间: 0.9413 秒
angle bits: 3
SVD 量化时间: 0.0152 秒
cluster: 2
group_size: 128
cluster Quantizing weight with shape: torch.Size([1024, 128])
cluster: 2
group_size: 128
cluster Quantizing weight with shape: torch.Size([1024, 128])
SVD 奇异值量化时间: 0.9335 秒
angle bits: 3
SVD 量化时间: 0.0152 秒
cluster: 2
group_size: 128
cluster Quantizing weight with shape: torch.Size([1024, 128])
cluster: 2
group_size: 128
cluster Quantizing weight with shape: torch.Size([1024, 128])
SVD 奇异值量化时间: 0.9316 秒
angle bits: 3
SVD 量化时间: 0.0152 秒
cluster: 2
group_size: 128
cluster Quantizing weight with shape: torch.Size([1024, 128])
cluster: 2
group_size: 128
cluster Quantizing weight with shape: torch.Size([1024, 128])
SVD 奇异值量化时间: 0.9311 秒
angle bits: 3
SVD 量化时间: 0.0151 秒
cluster: 2
group_size: 128
cluster Quantizing weight with shape: torch.Size([1024, 128])
cluster: 2
group_size: 128
cluster Quantizing weight with shape: torch.Size([1024, 128])
SVD 奇异值量化时间: 0.9347 秒
angle bits: 3
SVD 量化时间: 0.0152 秒
cluster: 2
group_size: 128
cluster Quantizing weight with shape: torch.Size([1024, 128])
cluster: 2
group_size: 128
cluster Quantizing weight with shape: torch.Size([1024, 128])
SVD 奇异值量化时间: 0.9274 秒
angle bits: 3
SVD 量化时间: 0.0152 秒
cluster: 2
group_size: 128
cluster Quantizing weight with shape: torch.Size([1024, 128])
cluster: 2
group_size: 128
cluster Quantizing weight with shape: torch.Size([1024, 128])
SVD 奇异值量化时间: 0.9297 秒
angle bits: 3
SVD 量化时间: 0.0151 秒
cluster: 2
group_size: 128
cluster Quantizing weight with shape: torch.Size([1024, 128])
cluster: 2
group_size: 128
cluster Quantizing weight with shape: torch.Size([1024, 128])
SVD 奇异值量化时间: 0.9350 秒
angle bits: 3
SVD 量化时间: 0.0151 秒
cluster: 2
group_size: 128
cluster Quantizing weight with shape: torch.Size([1024, 128])
cluster: 2
group_size: 128
cluster Quantizing weight with shape: torch.Size([1024, 128])
SVD 奇异值量化时间: 0.9329 秒
angle bits: 3
SVD 量化时间: 0.0152 秒
cluster: 2
group_size: 128
cluster Quantizing weight with shape: torch.Size([1024, 128])
cluster: 2
group_size: 128
cluster Quantizing weight with shape: torch.Size([1024, 128])
SVD 奇异值量化时间: 0.9469 秒
angle bits: 3
SVD 量化时间: 0.0151 秒
cluster: 2
group_size: 128
cluster Quantizing weight with shape: torch.Size([1024, 128])
cluster: 2
group_size: 128
cluster Quantizing weight with shape: torch.Size([1024, 128])
SVD 奇异值量化时间: 0.9364 秒
angle bits: 3
SVD 量化时间: 0.0151 秒
cluster: 2
group_size: 128
cluster Quantizing weight with shape: torch.Size([1024, 128])
cluster: 2
group_size: 128
cluster Quantizing weight with shape: torch.Size([1024, 128])
SVD 奇异值量化时间: 0.9379 秒
angle bits: 3
SVD 量化时间: 0.0151 秒
cluster: 2
group_size: 128
cluster Quantizing weight with shape: torch.Size([1024, 128])
cluster: 2
group_size: 128
cluster Quantizing weight with shape: torch.Size([1024, 128])
SVD 奇异值量化时间: 0.9507 秒
angle bits: 3
SVD 量化时间: 0.0151 秒
cluster: 2
group_size: 128
cluster Quantizing weight with shape: torch.Size([1024, 128])
cluster: 2
group_size: 128
cluster Quantizing weight with shape: torch.Size([1024, 128])
SVD 奇异值量化时间: 0.9436 秒
angle bits: 3
SVD 量化时间: 0.0150 秒
cluster: 2
group_size: 128
cluster Quantizing weight with shape: torch.Size([1024, 128])
cluster: 2
group_size: 128
cluster Quantizing weight with shape: torch.Size([1024, 128])
SVD 奇异值量化时间: 0.9425 秒
angle bits: 3
SVD 量化时间: 0.0150 秒
cluster: 2
group_size: 128
cluster Quantizing weight with shape: torch.Size([1024, 128])
cluster: 2
group_size: 128
cluster Quantizing weight with shape: torch.Size([1024, 128])
SVD 奇异值量化时间: 0.9418 秒
angle bits: 3
SVD 量化时间: 0.0152 秒
cluster: 2
group_size: 128
cluster Quantizing weight with shape: torch.Size([1024, 128])
cluster: 2
group_size: 128
cluster Quantizing weight with shape: torch.Size([1024, 128])
SVD 奇异值量化时间: 1.0750 秒
angle bits: 3
SVD 量化时间: 0.0150 秒
cluster: 2
group_size: 128
cluster Quantizing weight with shape: torch.Size([1024, 128])
cluster: 2
group_size: 128
cluster Quantizing weight with shape: torch.Size([1024, 128])
SVD 奇异值量化时间: 0.9402 秒
angle bits: 3
SVD 量化时间: 0.0151 秒
cluster: 2
group_size: 128
cluster Quantizing weight with shape: torch.Size([1024, 128])
cluster: 2
group_size: 128
cluster Quantizing weight with shape: torch.Size([1024, 128])
SVD 奇异值量化时间: 0.9449 秒
angle bits: 3
SVD 量化时间: 0.0149 秒
cluster: 2
group_size: 128
cluster Quantizing weight with shape: torch.Size([1024, 128])
cluster: 2
group_size: 128
cluster Quantizing weight with shape: torch.Size([1024, 128])
SVD 奇异值量化时间: 0.9600 秒
angle bits: 3
SVD 量化时间: 0.0150 秒
cluster: 2
group_size: 128
cluster Quantizing weight with shape: torch.Size([1024, 128])
cluster: 2
group_size: 128
cluster Quantizing weight with shape: torch.Size([1024, 128])
SVD 奇异值量化时间: 0.9954 秒
angle bits: 3
SVD 量化时间: 0.0150 秒
cluster: 2
group_size: 128
cluster Quantizing weight with shape: torch.Size([1024, 128])
cluster: 2
group_size: 128
cluster Quantizing weight with shape: torch.Size([1024, 128])
SVD 奇异值量化时间: 1.0749 秒
angle bits: 3
SVD 量化时间: 0.0151 秒
cluster: 2
group_size: 128
cluster Quantizing weight with shape: torch.Size([1024, 128])
cluster: 2
group_size: 128
cluster Quantizing weight with shape: torch.Size([1024, 128])
SVD 奇异值量化时间: 1.0087 秒
5 mlp.gate_proj
Quantizing ...
使用blocksize: 128进行量化
angle bits: 3
SVD 量化时间: 0.0343 秒
cluster: 2
group_size: 128
cluster Quantizing weight with shape: torch.Size([2752, 128])
cluster: 2
group_size: 128
cluster Quantizing weight with shape: torch.Size([2752, 128])
SVD 奇异值量化时间: 2.7788 秒
angle bits: 3
SVD 量化时间: 0.0400 秒
cluster: 2
group_size: 128
cluster Quantizing weight with shape: torch.Size([2752, 128])
cluster: 2
group_size: 128
cluster Quantizing weight with shape: torch.Size([2752, 128])
SVD 奇异值量化时间: 2.6373 秒
angle bits: 3
SVD 量化时间: 0.0401 秒
cluster: 2
group_size: 128
cluster Quantizing weight with shape: torch.Size([2752, 128])
cluster: 2
group_size: 128
cluster Quantizing weight with shape: torch.Size([2752, 128])
SVD 奇异值量化时间: 2.5784 秒
angle bits: 3
SVD 量化时间: 0.0401 秒
cluster: 2
group_size: 128
cluster Quantizing weight with shape: torch.Size([2752, 128])
cluster: 2
group_size: 128
cluster Quantizing weight with shape: torch.Size([2752, 128])
SVD 奇异值量化时间: 2.5695 秒
angle bits: 3
SVD 量化时间: 0.0400 秒
cluster: 2
group_size: 128
cluster Quantizing weight with shape: torch.Size([2752, 128])
cluster: 2
group_size: 128
cluster Quantizing weight with shape: torch.Size([2752, 128])
SVD 奇异值量化时间: 2.5198 秒
angle bits: 3
SVD 量化时间: 0.0400 秒
cluster: 2
group_size: 128
cluster Quantizing weight with shape: torch.Size([2752, 128])
cluster: 2
group_size: 128
cluster Quantizing weight with shape: torch.Size([2752, 128])
SVD 奇异值量化时间: 2.5017 秒
angle bits: 3
SVD 量化时间: 0.0399 秒
cluster: 2
group_size: 128
cluster Quantizing weight with shape: torch.Size([2752, 128])
cluster: 2
group_size: 128
cluster Quantizing weight with shape: torch.Size([2752, 128])
SVD 奇异值量化时间: 2.5123 秒
angle bits: 3
SVD 量化时间: 0.0400 秒
cluster: 2
group_size: 128
cluster Quantizing weight with shape: torch.Size([2752, 128])
cluster: 2
group_size: 128
cluster Quantizing weight with shape: torch.Size([2752, 128])
SVD 奇异值量化时间: 2.4757 秒
angle bits: 3
SVD 量化时间: 0.0400 秒
cluster: 2
group_size: 128
cluster Quantizing weight with shape: torch.Size([2752, 128])
cluster: 2
group_size: 128
cluster Quantizing weight with shape: torch.Size([2752, 128])
SVD 奇异值量化时间: 2.4996 秒
angle bits: 3
SVD 量化时间: 0.0400 秒
cluster: 2
group_size: 128
cluster Quantizing weight with shape: torch.Size([2752, 128])
cluster: 2
group_size: 128
cluster Quantizing weight with shape: torch.Size([2752, 128])
SVD 奇异值量化时间: 2.4834 秒
angle bits: 3
SVD 量化时间: 0.0399 秒
cluster: 2
group_size: 128
cluster Quantizing weight with shape: torch.Size([2752, 128])
cluster: 2
group_size: 128
cluster Quantizing weight with shape: torch.Size([2752, 128])
SVD 奇异值量化时间: 2.6176 秒
angle bits: 3
SVD 量化时间: 0.0398 秒
cluster: 2
group_size: 128
cluster Quantizing weight with shape: torch.Size([2752, 128])
cluster: 2
group_size: 128
cluster Quantizing weight with shape: torch.Size([2752, 128])
SVD 奇异值量化时间: 2.5026 秒
angle bits: 3
SVD 量化时间: 0.0399 秒
cluster: 2
group_size: 128
cluster Quantizing weight with shape: torch.Size([2752, 128])
cluster: 2
group_size: 128
cluster Quantizing weight with shape: torch.Size([2752, 128])
SVD 奇异值量化时间: 2.4828 秒
angle bits: 3
SVD 量化时间: 0.0398 秒
cluster: 2
group_size: 128
cluster Quantizing weight with shape: torch.Size([2752, 128])
cluster: 2
group_size: 128
cluster Quantizing weight with shape: torch.Size([2752, 128])
SVD 奇异值量化时间: 2.4895 秒
angle bits: 3
SVD 量化时间: 0.0398 秒
cluster: 2
group_size: 128
cluster Quantizing weight with shape: torch.Size([2752, 128])
cluster: 2
group_size: 128
cluster Quantizing weight with shape: torch.Size([2752, 128])
SVD 奇异值量化时间: 2.5131 秒
angle bits: 3
SVD 量化时间: 0.0397 秒
cluster: 2
group_size: 128
cluster Quantizing weight with shape: torch.Size([2752, 128])
cluster: 2
group_size: 128
cluster Quantizing weight with shape: torch.Size([2752, 128])
SVD 奇异值量化时间: 2.5146 秒
angle bits: 3
SVD 量化时间: 0.0398 秒
cluster: 2
group_size: 128
cluster Quantizing weight with shape: torch.Size([2752, 128])
cluster: 2
group_size: 128
cluster Quantizing weight with shape: torch.Size([2752, 128])
SVD 奇异值量化时间: 2.5196 秒
angle bits: 3
SVD 量化时间: 0.0396 秒
cluster: 2
group_size: 128
cluster Quantizing weight with shape: torch.Size([2752, 128])
cluster: 2
group_size: 128
cluster Quantizing weight with shape: torch.Size([2752, 128])
SVD 奇异值量化时间: 2.5038 秒
angle bits: 3
SVD 量化时间: 0.0397 秒
cluster: 2
group_size: 128
cluster Quantizing weight with shape: torch.Size([2752, 128])
cluster: 2
group_size: 128
cluster Quantizing weight with shape: torch.Size([2752, 128])
SVD 奇异值量化时间: 2.5056 秒
angle bits: 3
SVD 量化时间: 0.0397 秒
cluster: 2
group_size: 128
cluster Quantizing weight with shape: torch.Size([2752, 128])
cluster: 2
group_size: 128
cluster Quantizing weight with shape: torch.Size([2752, 128])
SVD 奇异值量化时间: 2.5119 秒
angle bits: 3
SVD 量化时间: 0.0396 秒
cluster: 2
group_size: 128
cluster Quantizing weight with shape: torch.Size([2752, 128])
cluster: 2
group_size: 128
cluster Quantizing weight with shape: torch.Size([2752, 128])
SVD 奇异值量化时间: 2.5093 秒
angle bits: 3
SVD 量化时间: 0.0396 秒
cluster: 2
group_size: 128
cluster Quantizing weight with shape: torch.Size([2752, 128])
cluster: 2
group_size: 128
cluster Quantizing weight with shape: torch.Size([2752, 128])
SVD 奇异值量化时间: 2.5126 秒
angle bits: 3
SVD 量化时间: 0.0396 秒
cluster: 2
group_size: 128
cluster Quantizing weight with shape: torch.Size([2752, 128])
cluster: 2
group_size: 128
cluster Quantizing weight with shape: torch.Size([2752, 128])
SVD 奇异值量化时间: 2.4930 秒
angle bits: 3
SVD 量化时间: 0.0396 秒
cluster: 2
group_size: 128
cluster Quantizing weight with shape: torch.Size([2752, 128])
cluster: 2
group_size: 128
cluster Quantizing weight with shape: torch.Size([2752, 128])
SVD 奇异值量化时间: 2.4996 秒
angle bits: 3
SVD 量化时间: 0.0395 秒
cluster: 2
group_size: 128
cluster Quantizing weight with shape: torch.Size([2752, 128])
cluster: 2
group_size: 128
cluster Quantizing weight with shape: torch.Size([2752, 128])
SVD 奇异值量化时间: 2.4920 秒
angle bits: 3
SVD 量化时间: 0.0394 秒
cluster: 2
group_size: 128
cluster Quantizing weight with shape: torch.Size([2752, 128])
cluster: 2
group_size: 128
cluster Quantizing weight with shape: torch.Size([2752, 128])
SVD 奇异值量化时间: 2.5956 秒
angle bits: 3
SVD 量化时间: 0.0395 秒
cluster: 2
group_size: 128
cluster Quantizing weight with shape: torch.Size([2752, 128])
cluster: 2
group_size: 128
cluster Quantizing weight with shape: torch.Size([2752, 128])
SVD 奇异值量化时间: 2.7631 秒
angle bits: 3
SVD 量化时间: 0.0394 秒
cluster: 2
group_size: 128
cluster Quantizing weight with shape: torch.Size([2752, 128])
cluster: 2
group_size: 128
cluster Quantizing weight with shape: torch.Size([2752, 128])
SVD 奇异值量化时间: 2.6125 秒
angle bits: 3
SVD 量化时间: 0.0395 秒
cluster: 2
group_size: 128
cluster Quantizing weight with shape: torch.Size([2752, 128])
cluster: 2
group_size: 128
cluster Quantizing weight with shape: torch.Size([2752, 128])
SVD 奇异值量化时间: 2.5806 秒
angle bits: 3
SVD 量化时间: 0.0393 秒
cluster: 2
group_size: 128
cluster Quantizing weight with shape: torch.Size([2752, 128])
cluster: 2
group_size: 128
cluster Quantizing weight with shape: torch.Size([2752, 128])
SVD 奇异值量化时间: 2.5173 秒
angle bits: 3
SVD 量化时间: 0.0396 秒
cluster: 2
group_size: 128
cluster Quantizing weight with shape: torch.Size([2752, 128])
cluster: 2
group_size: 128
cluster Quantizing weight with shape: torch.Size([2752, 128])
SVD 奇异值量化时间: 2.5229 秒
angle bits: 3
SVD 量化时间: 0.0392 秒
cluster: 2
group_size: 128
cluster Quantizing weight with shape: torch.Size([2752, 128])
cluster: 2
group_size: 128
cluster Quantizing weight with shape: torch.Size([2752, 128])
SVD 奇异值量化时间: 2.5054 秒
5 mlp.up_proj
Quantizing ...
使用blocksize: 128进行量化
angle bits: 3
SVD 量化时间: 0.0342 秒
cluster: 2
group_size: 128
cluster Quantizing weight with shape: torch.Size([2752, 128])
cluster: 2
group_size: 128
cluster Quantizing weight with shape: torch.Size([2752, 128])
SVD 奇异值量化时间: 2.5221 秒
angle bits: 3
SVD 量化时间: 0.0398 秒
cluster: 2
group_size: 128
cluster Quantizing weight with shape: torch.Size([2752, 128])
cluster: 2
group_size: 128
cluster Quantizing weight with shape: torch.Size([2752, 128])
SVD 奇异值量化时间: 2.5987 秒
angle bits: 3
SVD 量化时间: 0.0402 秒
cluster: 2
group_size: 128
cluster Quantizing weight with shape: torch.Size([2752, 128])
cluster: 2
group_size: 128
cluster Quantizing weight with shape: torch.Size([2752, 128])
SVD 奇异值量化时间: 2.5902 秒
angle bits: 3
SVD 量化时间: 0.0402 秒
cluster: 2
group_size: 128
cluster Quantizing weight with shape: torch.Size([2752, 128])
cluster: 2
group_size: 128
cluster Quantizing weight with shape: torch.Size([2752, 128])
SVD 奇异值量化时间: 2.6219 秒
angle bits: 3
SVD 量化时间: 0.0401 秒
cluster: 2
group_size: 128
cluster Quantizing weight with shape: torch.Size([2752, 128])
cluster: 2
group_size: 128
cluster Quantizing weight with shape: torch.Size([2752, 128])
SVD 奇异值量化时间: 2.5800 秒
angle bits: 3
SVD 量化时间: 0.0400 秒
cluster: 2
group_size: 128
cluster Quantizing weight with shape: torch.Size([2752, 128])
cluster: 2
group_size: 128
cluster Quantizing weight with shape: torch.Size([2752, 128])
SVD 奇异值量化时间: 2.6567 秒
angle bits: 3
SVD 量化时间: 0.0400 秒
cluster: 2
group_size: 128
cluster Quantizing weight with shape: torch.Size([2752, 128])
cluster: 2
group_size: 128
cluster Quantizing weight with shape: torch.Size([2752, 128])
SVD 奇异值量化时间: 2.5058 秒
angle bits: 3
SVD 量化时间: 0.0400 秒
cluster: 2
group_size: 128
cluster Quantizing weight with shape: torch.Size([2752, 128])
cluster: 2
group_size: 128
cluster Quantizing weight with shape: torch.Size([2752, 128])
SVD 奇异值量化时间: 2.5249 秒
angle bits: 3
SVD 量化时间: 0.0399 秒
cluster: 2
group_size: 128
cluster Quantizing weight with shape: torch.Size([2752, 128])
cluster: 2
group_size: 128
cluster Quantizing weight with shape: torch.Size([2752, 128])
SVD 奇异值量化时间: 2.4840 秒
angle bits: 3
SVD 量化时间: 0.0399 秒
cluster: 2
group_size: 128
cluster Quantizing weight with shape: torch.Size([2752, 128])
cluster: 2
group_size: 128
cluster Quantizing weight with shape: torch.Size([2752, 128])
SVD 奇异值量化时间: 2.5032 秒
angle bits: 3
SVD 量化时间: 0.0398 秒
cluster: 2
group_size: 128
cluster Quantizing weight with shape: torch.Size([2752, 128])
cluster: 2
group_size: 128
cluster Quantizing weight with shape: torch.Size([2752, 128])
SVD 奇异值量化时间: 2.4943 秒
angle bits: 3
SVD 量化时间: 0.0399 秒
cluster: 2
group_size: 128
cluster Quantizing weight with shape: torch.Size([2752, 128])
cluster: 2
group_size: 128
cluster Quantizing weight with shape: torch.Size([2752, 128])
SVD 奇异值量化时间: 2.4992 秒
angle bits: 3
SVD 量化时间: 0.0398 秒
cluster: 2
group_size: 128
cluster Quantizing weight with shape: torch.Size([2752, 128])
cluster: 2
group_size: 128
cluster Quantizing weight with shape: torch.Size([2752, 128])
SVD 奇异值量化时间: 2.5023 秒
angle bits: 3
SVD 量化时间: 0.0398 秒
cluster: 2
group_size: 128
cluster Quantizing weight with shape: torch.Size([2752, 128])
cluster: 2
group_size: 128
cluster Quantizing weight with shape: torch.Size([2752, 128])
SVD 奇异值量化时间: 2.5090 秒
angle bits: 3
SVD 量化时间: 0.0398 秒
cluster: 2
group_size: 128
cluster Quantizing weight with shape: torch.Size([2752, 128])
cluster: 2
group_size: 128
cluster Quantizing weight with shape: torch.Size([2752, 128])
SVD 奇异值量化时间: 2.5110 秒
angle bits: 3
SVD 量化时间: 0.0397 秒
cluster: 2
group_size: 128
cluster Quantizing weight with shape: torch.Size([2752, 128])
cluster: 2
group_size: 128
cluster Quantizing weight with shape: torch.Size([2752, 128])
SVD 奇异值量化时间: 2.5154 秒
angle bits: 3
SVD 量化时间: 0.0398 秒
cluster: 2
group_size: 128
cluster Quantizing weight with shape: torch.Size([2752, 128])
cluster: 2
group_size: 128
cluster Quantizing weight with shape: torch.Size([2752, 128])
SVD 奇异值量化时间: 2.4965 秒
angle bits: 3
SVD 量化时间: 0.0397 秒
cluster: 2
group_size: 128
cluster Quantizing weight with shape: torch.Size([2752, 128])
cluster: 2
group_size: 128
cluster Quantizing weight with shape: torch.Size([2752, 128])
SVD 奇异值量化时间: 2.4813 秒
angle bits: 3
SVD 量化时间: 0.0397 秒
cluster: 2
group_size: 128
cluster Quantizing weight with shape: torch.Size([2752, 128])
cluster: 2
group_size: 128
cluster Quantizing weight with shape: torch.Size([2752, 128])
SVD 奇异值量化时间: 2.6311 秒
angle bits: 3
SVD 量化时间: 0.0397 秒
cluster: 2
group_size: 128
cluster Quantizing weight with shape: torch.Size([2752, 128])
cluster: 2
group_size: 128
cluster Quantizing weight with shape: torch.Size([2752, 128])
SVD 奇异值量化时间: 2.5013 秒
angle bits: 3
SVD 量化时间: 0.0395 秒
cluster: 2
group_size: 128
cluster Quantizing weight with shape: torch.Size([2752, 128])
cluster: 2
group_size: 128
cluster Quantizing weight with shape: torch.Size([2752, 128])
SVD 奇异值量化时间: 2.5452 秒
angle bits: 3
SVD 量化时间: 0.0394 秒
cluster: 2
group_size: 128
cluster Quantizing weight with shape: torch.Size([2752, 128])
cluster: 2
group_size: 128
cluster Quantizing weight with shape: torch.Size([2752, 128])
SVD 奇异值量化时间: 2.7915 秒
angle bits: 3
SVD 量化时间: 0.0398 秒
cluster: 2
group_size: 128
cluster Quantizing weight with shape: torch.Size([2752, 128])
cluster: 2
group_size: 128
cluster Quantizing weight with shape: torch.Size([2752, 128])
SVD 奇异值量化时间: 2.7743 秒
angle bits: 3
SVD 量化时间: 0.0395 秒
cluster: 2
group_size: 128
cluster Quantizing weight with shape: torch.Size([2752, 128])
cluster: 2
group_size: 128
cluster Quantizing weight with shape: torch.Size([2752, 128])
SVD 奇异值量化时间: 2.6648 秒
angle bits: 3
SVD 量化时间: 0.0394 秒
cluster: 2
group_size: 128
cluster Quantizing weight with shape: torch.Size([2752, 128])
cluster: 2
group_size: 128
cluster Quantizing weight with shape: torch.Size([2752, 128])
SVD 奇异值量化时间: 2.5638 秒
angle bits: 3
SVD 量化时间: 0.0397 秒
cluster: 2
group_size: 128
cluster Quantizing weight with shape: torch.Size([2752, 128])
cluster: 2
group_size: 128
cluster Quantizing weight with shape: torch.Size([2752, 128])
SVD 奇异值量化时间: 2.5159 秒
angle bits: 3
SVD 量化时间: 0.0392 秒
cluster: 2
group_size: 128
cluster Quantizing weight with shape: torch.Size([2752, 128])
cluster: 2
group_size: 128
cluster Quantizing weight with shape: torch.Size([2752, 128])
SVD 奇异值量化时间: 2.5202 秒
angle bits: 3
SVD 量化时间: 0.0392 秒
cluster: 2
group_size: 128
cluster Quantizing weight with shape: torch.Size([2752, 128])
cluster: 2
group_size: 128
cluster Quantizing weight with shape: torch.Size([2752, 128])
SVD 奇异值量化时间: 2.4849 秒
angle bits: 3
SVD 量化时间: 0.0392 秒
cluster: 2
group_size: 128
cluster Quantizing weight with shape: torch.Size([2752, 128])
cluster: 2
group_size: 128
cluster Quantizing weight with shape: torch.Size([2752, 128])
SVD 奇异值量化时间: 2.4965 秒
angle bits: 3
SVD 量化时间: 0.0393 秒
cluster: 2
group_size: 128
cluster Quantizing weight with shape: torch.Size([2752, 128])
cluster: 2
group_size: 128
cluster Quantizing weight with shape: torch.Size([2752, 128])
SVD 奇异值量化时间: 2.4979 秒
angle bits: 3
SVD 量化时间: 0.0394 秒
cluster: 2
group_size: 128
cluster Quantizing weight with shape: torch.Size([2752, 128])
cluster: 2
group_size: 128
cluster Quantizing weight with shape: torch.Size([2752, 128])
SVD 奇异值量化时间: 2.5403 秒
angle bits: 3
SVD 量化时间: 0.0392 秒
cluster: 2
group_size: 128
cluster Quantizing weight with shape: torch.Size([2752, 128])
cluster: 2
group_size: 128
cluster Quantizing weight with shape: torch.Size([2752, 128])
SVD 奇异值量化时间: 2.4999 秒
5 mlp.down_proj
Quantizing ...
使用blocksize: 128进行量化
angle bits: 3
SVD 量化时间: 0.0145 秒
cluster: 2
group_size: 128
cluster Quantizing weight with shape: torch.Size([1024, 128])
cluster: 2
group_size: 128
cluster Quantizing weight with shape: torch.Size([1024, 128])
SVD 奇异值量化时间: 0.9422 秒
angle bits: 3
SVD 量化时间: 0.0157 秒
cluster: 2
group_size: 128
cluster Quantizing weight with shape: torch.Size([1024, 128])
cluster: 2
group_size: 128
cluster Quantizing weight with shape: torch.Size([1024, 128])
SVD 奇异值量化时间: 1.0759 秒
angle bits: 3
SVD 量化时间: 0.0158 秒
cluster: 2
group_size: 128
cluster Quantizing weight with shape: torch.Size([1024, 128])
cluster: 2
group_size: 128
cluster Quantizing weight with shape: torch.Size([1024, 128])
SVD 奇异值量化时间: 0.9486 秒
angle bits: 3
SVD 量化时间: 0.0157 秒
cluster: 2
group_size: 128
cluster Quantizing weight with shape: torch.Size([1024, 128])
cluster: 2
group_size: 128
cluster Quantizing weight with shape: torch.Size([1024, 128])
SVD 奇异值量化时间: 0.9493 秒
angle bits: 3
SVD 量化时间: 0.0157 秒
cluster: 2
group_size: 128
cluster Quantizing weight with shape: torch.Size([1024, 128])
cluster: 2
group_size: 128
cluster Quantizing weight with shape: torch.Size([1024, 128])
SVD 奇异值量化时间: 0.9462 秒
angle bits: 3
SVD 量化时间: 0.0157 秒
cluster: 2
group_size: 128
cluster Quantizing weight with shape: torch.Size([1024, 128])
cluster: 2
group_size: 128
cluster Quantizing weight with shape: torch.Size([1024, 128])
SVD 奇异值量化时间: 0.9360 秒
angle bits: 3
SVD 量化时间: 0.0157 秒
cluster: 2
group_size: 128
cluster Quantizing weight with shape: torch.Size([1024, 128])
cluster: 2
group_size: 128
cluster Quantizing weight with shape: torch.Size([1024, 128])
SVD 奇异值量化时间: 0.9380 秒
angle bits: 3
SVD 量化时间: 0.0157 秒
cluster: 2
group_size: 128
cluster Quantizing weight with shape: torch.Size([1024, 128])
cluster: 2
group_size: 128
cluster Quantizing weight with shape: torch.Size([1024, 128])
SVD 奇异值量化时间: 0.9393 秒
angle bits: 3
SVD 量化时间: 0.0157 秒
cluster: 2
group_size: 128
cluster Quantizing weight with shape: torch.Size([1024, 128])
cluster: 2
group_size: 128
cluster Quantizing weight with shape: torch.Size([1024, 128])
SVD 奇异值量化时间: 0.9408 秒
angle bits: 3
SVD 量化时间: 0.0156 秒
cluster: 2
group_size: 128
cluster Quantizing weight with shape: torch.Size([1024, 128])
cluster: 2
group_size: 128
cluster Quantizing weight with shape: torch.Size([1024, 128])
SVD 奇异值量化时间: 0.9370 秒
angle bits: 3
SVD 量化时间: 0.0156 秒
cluster: 2
group_size: 128
cluster Quantizing weight with shape: torch.Size([1024, 128])
cluster: 2
group_size: 128
cluster Quantizing weight with shape: torch.Size([1024, 128])
SVD 奇异值量化时间: 0.9332 秒
angle bits: 3
SVD 量化时间: 0.0157 秒
cluster: 2
group_size: 128
cluster Quantizing weight with shape: torch.Size([1024, 128])
cluster: 2
group_size: 128
cluster Quantizing weight with shape: torch.Size([1024, 128])
SVD 奇异值量化时间: 0.9399 秒
angle bits: 3
SVD 量化时间: 0.0157 秒
cluster: 2
group_size: 128
cluster Quantizing weight with shape: torch.Size([1024, 128])
cluster: 2
group_size: 128
cluster Quantizing weight with shape: torch.Size([1024, 128])
SVD 奇异值量化时间: 0.9358 秒
angle bits: 3
SVD 量化时间: 0.0156 秒
cluster: 2
group_size: 128
cluster Quantizing weight with shape: torch.Size([1024, 128])
cluster: 2
group_size: 128
cluster Quantizing weight with shape: torch.Size([1024, 128])
SVD 奇异值量化时间: 0.9275 秒
angle bits: 3
SVD 量化时间: 0.0156 秒
cluster: 2
group_size: 128
cluster Quantizing weight with shape: torch.Size([1024, 128])
cluster: 2
group_size: 128
cluster Quantizing weight with shape: torch.Size([1024, 128])
SVD 奇异值量化时间: 0.9277 秒
angle bits: 3
SVD 量化时间: 0.0156 秒
cluster: 2
group_size: 128
cluster Quantizing weight with shape: torch.Size([1024, 128])
cluster: 2
group_size: 128
cluster Quantizing weight with shape: torch.Size([1024, 128])
SVD 奇异值量化时间: 0.9298 秒
angle bits: 3
SVD 量化时间: 0.0156 秒
cluster: 2
group_size: 128
cluster Quantizing weight with shape: torch.Size([1024, 128])
cluster: 2
group_size: 128
cluster Quantizing weight with shape: torch.Size([1024, 128])
SVD 奇异值量化时间: 0.9279 秒
angle bits: 3
SVD 量化时间: 0.0156 秒
cluster: 2
group_size: 128
cluster Quantizing weight with shape: torch.Size([1024, 128])
cluster: 2
group_size: 128
cluster Quantizing weight with shape: torch.Size([1024, 128])
SVD 奇异值量化时间: 0.9295 秒
angle bits: 3
SVD 量化时间: 0.0156 秒
cluster: 2
group_size: 128
cluster Quantizing weight with shape: torch.Size([1024, 128])
cluster: 2
group_size: 128
cluster Quantizing weight with shape: torch.Size([1024, 128])
SVD 奇异值量化时间: 0.9318 秒
angle bits: 3
SVD 量化时间: 0.0156 秒
cluster: 2
group_size: 128
cluster Quantizing weight with shape: torch.Size([1024, 128])
cluster: 2
group_size: 128
cluster Quantizing weight with shape: torch.Size([1024, 128])
SVD 奇异值量化时间: 0.9495 秒
angle bits: 3
SVD 量化时间: 0.0156 秒
cluster: 2
group_size: 128
cluster Quantizing weight with shape: torch.Size([1024, 128])
cluster: 2
group_size: 128
cluster Quantizing weight with shape: torch.Size([1024, 128])
SVD 奇异值量化时间: 0.9459 秒
angle bits: 3
SVD 量化时间: 0.0156 秒
cluster: 2
group_size: 128
cluster Quantizing weight with shape: torch.Size([1024, 128])
cluster: 2
group_size: 128
cluster Quantizing weight with shape: torch.Size([1024, 128])
SVD 奇异值量化时间: 0.9454 秒
angle bits: 3
SVD 量化时间: 0.0156 秒
cluster: 2
group_size: 128
cluster Quantizing weight with shape: torch.Size([1024, 128])
cluster: 2
group_size: 128
cluster Quantizing weight with shape: torch.Size([1024, 128])
SVD 奇异值量化时间: 0.9447 秒
angle bits: 3
SVD 量化时间: 0.0155 秒
cluster: 2
group_size: 128
cluster Quantizing weight with shape: torch.Size([1024, 128])
cluster: 2
group_size: 128
cluster Quantizing weight with shape: torch.Size([1024, 128])
SVD 奇异值量化时间: 0.9423 秒
angle bits: 3
SVD 量化时间: 0.0156 秒
cluster: 2
group_size: 128
cluster Quantizing weight with shape: torch.Size([1024, 128])
cluster: 2
group_size: 128
cluster Quantizing weight with shape: torch.Size([1024, 128])
SVD 奇异值量化时间: 0.9425 秒
angle bits: 3
SVD 量化时间: 0.0156 秒
cluster: 2
group_size: 128
cluster Quantizing weight with shape: torch.Size([1024, 128])
cluster: 2
group_size: 128
cluster Quantizing weight with shape: torch.Size([1024, 128])
SVD 奇异值量化时间: 0.9312 秒
angle bits: 3
SVD 量化时间: 0.0156 秒
cluster: 2
group_size: 128
cluster Quantizing weight with shape: torch.Size([1024, 128])
cluster: 2
group_size: 128
cluster Quantizing weight with shape: torch.Size([1024, 128])
SVD 奇异值量化时间: 0.9575 秒
angle bits: 3
SVD 量化时间: 0.0155 秒
cluster: 2
group_size: 128
cluster Quantizing weight with shape: torch.Size([1024, 128])
cluster: 2
group_size: 128
cluster Quantizing weight with shape: torch.Size([1024, 128])
SVD 奇异值量化时间: 0.9436 秒
angle bits: 3
SVD 量化时间: 0.0155 秒
cluster: 2
group_size: 128
cluster Quantizing weight with shape: torch.Size([1024, 128])
cluster: 2
group_size: 128
cluster Quantizing weight with shape: torch.Size([1024, 128])
SVD 奇异值量化时间: 0.9283 秒
angle bits: 3
SVD 量化时间: 0.0155 秒
cluster: 2
group_size: 128
cluster Quantizing weight with shape: torch.Size([1024, 128])
cluster: 2
group_size: 128
cluster Quantizing weight with shape: torch.Size([1024, 128])
SVD 奇异值量化时间: 0.9298 秒
angle bits: 3
SVD 量化时间: 0.0154 秒
cluster: 2
group_size: 128
cluster Quantizing weight with shape: torch.Size([1024, 128])
cluster: 2
group_size: 128
cluster Quantizing weight with shape: torch.Size([1024, 128])
SVD 奇异值量化时间: 0.9284 秒
angle bits: 3
SVD 量化时间: 0.0154 秒
cluster: 2
group_size: 128
cluster Quantizing weight with shape: torch.Size([1024, 128])
cluster: 2
group_size: 128
cluster Quantizing weight with shape: torch.Size([1024, 128])
SVD 奇异值量化时间: 0.9267 秒
angle bits: 3
SVD 量化时间: 0.0154 秒
cluster: 2
group_size: 128
cluster Quantizing weight with shape: torch.Size([1024, 128])
cluster: 2
group_size: 128
cluster Quantizing weight with shape: torch.Size([1024, 128])
SVD 奇异值量化时间: 0.9302 秒
angle bits: 3
SVD 量化时间: 0.0154 秒
cluster: 2
group_size: 128
cluster Quantizing weight with shape: torch.Size([1024, 128])
cluster: 2
group_size: 128
cluster Quantizing weight with shape: torch.Size([1024, 128])
SVD 奇异值量化时间: 0.9254 秒
angle bits: 3
SVD 量化时间: 0.0155 秒
cluster: 2
group_size: 128
cluster Quantizing weight with shape: torch.Size([1024, 128])
cluster: 2
group_size: 128
cluster Quantizing weight with shape: torch.Size([1024, 128])
SVD 奇异值量化时间: 0.9311 秒
angle bits: 3
SVD 量化时间: 0.0154 秒
cluster: 2
group_size: 128
cluster Quantizing weight with shape: torch.Size([1024, 128])
cluster: 2
group_size: 128
cluster Quantizing weight with shape: torch.Size([1024, 128])
SVD 奇异值量化时间: 0.9374 秒
angle bits: 3
SVD 量化时间: 0.0154 秒
cluster: 2
group_size: 128
cluster Quantizing weight with shape: torch.Size([1024, 128])
cluster: 2
group_size: 128
cluster Quantizing weight with shape: torch.Size([1024, 128])
SVD 奇异值量化时间: 0.9388 秒
angle bits: 3
SVD 量化时间: 0.0153 秒
cluster: 2
group_size: 128
cluster Quantizing weight with shape: torch.Size([1024, 128])
cluster: 2
group_size: 128
cluster Quantizing weight with shape: torch.Size([1024, 128])
SVD 奇异值量化时间: 0.9435 秒
angle bits: 3
SVD 量化时间: 0.0154 秒
cluster: 2
group_size: 128
cluster Quantizing weight with shape: torch.Size([1024, 128])
cluster: 2
group_size: 128
cluster Quantizing weight with shape: torch.Size([1024, 128])
SVD 奇异值量化时间: 0.9442 秒
angle bits: 3
SVD 量化时间: 0.0154 秒
cluster: 2
group_size: 128
cluster Quantizing weight with shape: torch.Size([1024, 128])
cluster: 2
group_size: 128
cluster Quantizing weight with shape: torch.Size([1024, 128])
SVD 奇异值量化时间: 0.9472 秒
angle bits: 3
SVD 量化时间: 0.0154 秒
cluster: 2
group_size: 128
cluster Quantizing weight with shape: torch.Size([1024, 128])
cluster: 2
group_size: 128
cluster Quantizing weight with shape: torch.Size([1024, 128])
SVD 奇异值量化时间: 0.9422 秒
angle bits: 3
SVD 量化时间: 0.0155 秒
cluster: 2
group_size: 128
cluster Quantizing weight with shape: torch.Size([1024, 128])
cluster: 2
group_size: 128
cluster Quantizing weight with shape: torch.Size([1024, 128])
SVD 奇异值量化时间: 0.9391 秒
angle bits: 3
SVD 量化时间: 0.0154 秒
cluster: 2
group_size: 128
cluster Quantizing weight with shape: torch.Size([1024, 128])
cluster: 2
group_size: 128
cluster Quantizing weight with shape: torch.Size([1024, 128])
SVD 奇异值量化时间: 0.9726 秒
angle bits: 3
SVD 量化时间: 0.0153 秒
cluster: 2
group_size: 128
cluster Quantizing weight with shape: torch.Size([1024, 128])
cluster: 2
group_size: 128
cluster Quantizing weight with shape: torch.Size([1024, 128])
SVD 奇异值量化时间: 1.0298 秒
angle bits: 3
SVD 量化时间: 0.0154 秒
cluster: 2
group_size: 128
cluster Quantizing weight with shape: torch.Size([1024, 128])
cluster: 2
group_size: 128
cluster Quantizing weight with shape: torch.Size([1024, 128])
SVD 奇异值量化时间: 1.0179 秒
angle bits: 3
SVD 量化时间: 0.0155 秒
cluster: 2
group_size: 128
cluster Quantizing weight with shape: torch.Size([1024, 128])
cluster: 2
group_size: 128
cluster Quantizing weight with shape: torch.Size([1024, 128])
SVD 奇异值量化时间: 1.0526 秒
angle bits: 3
SVD 量化时间: 0.0155 秒
cluster: 2
group_size: 128
cluster Quantizing weight with shape: torch.Size([1024, 128])
cluster: 2
group_size: 128
cluster Quantizing weight with shape: torch.Size([1024, 128])
SVD 奇异值量化时间: 0.9965 秒
angle bits: 3
SVD 量化时间: 0.0154 秒
cluster: 2
group_size: 128
cluster Quantizing weight with shape: torch.Size([1024, 128])
cluster: 2
group_size: 128
cluster Quantizing weight with shape: torch.Size([1024, 128])
SVD 奇异值量化时间: 1.0199 秒
angle bits: 3
SVD 量化时间: 0.0154 秒
cluster: 2
group_size: 128
cluster Quantizing weight with shape: torch.Size([1024, 128])
cluster: 2
group_size: 128
cluster Quantizing weight with shape: torch.Size([1024, 128])
SVD 奇异值量化时间: 1.0255 秒
angle bits: 3
SVD 量化时间: 0.0154 秒
cluster: 2
group_size: 128
cluster Quantizing weight with shape: torch.Size([1024, 128])
cluster: 2
group_size: 128
cluster Quantizing weight with shape: torch.Size([1024, 128])
SVD 奇异值量化时间: 1.0221 秒
angle bits: 3
SVD 量化时间: 0.0153 秒
cluster: 2
group_size: 128
cluster Quantizing weight with shape: torch.Size([1024, 128])
cluster: 2
group_size: 128
cluster Quantizing weight with shape: torch.Size([1024, 128])
SVD 奇异值量化时间: 0.9419 秒
angle bits: 3
SVD 量化时间: 0.0153 秒
cluster: 2
group_size: 128
cluster Quantizing weight with shape: torch.Size([1024, 128])
cluster: 2
group_size: 128
cluster Quantizing weight with shape: torch.Size([1024, 128])
SVD 奇异值量化时间: 0.9603 秒
angle bits: 3
SVD 量化时间: 0.0153 秒
cluster: 2
group_size: 128
cluster Quantizing weight with shape: torch.Size([1024, 128])
cluster: 2
group_size: 128
cluster Quantizing weight with shape: torch.Size([1024, 128])
SVD 奇异值量化时间: 0.9455 秒
angle bits: 3
SVD 量化时间: 0.0153 秒
cluster: 2
group_size: 128
cluster Quantizing weight with shape: torch.Size([1024, 128])
cluster: 2
group_size: 128
cluster Quantizing weight with shape: torch.Size([1024, 128])
SVD 奇异值量化时间: 0.9374 秒
angle bits: 3
SVD 量化时间: 0.0153 秒
cluster: 2
group_size: 128
cluster Quantizing weight with shape: torch.Size([1024, 128])
cluster: 2
group_size: 128
cluster Quantizing weight with shape: torch.Size([1024, 128])
SVD 奇异值量化时间: 0.9403 秒
angle bits: 3
SVD 量化时间: 0.0151 秒
cluster: 2
group_size: 128
cluster Quantizing weight with shape: torch.Size([1024, 128])
cluster: 2
group_size: 128
cluster Quantizing weight with shape: torch.Size([1024, 128])
SVD 奇异值量化时间: 0.9399 秒
angle bits: 3
SVD 量化时间: 0.0153 秒
cluster: 2
group_size: 128
cluster Quantizing weight with shape: torch.Size([1024, 128])
cluster: 2
group_size: 128
cluster Quantizing weight with shape: torch.Size([1024, 128])
SVD 奇异值量化时间: 0.9414 秒
angle bits: 3
SVD 量化时间: 0.0153 秒
cluster: 2
group_size: 128
cluster Quantizing weight with shape: torch.Size([1024, 128])
cluster: 2
group_size: 128
cluster Quantizing weight with shape: torch.Size([1024, 128])
SVD 奇异值量化时间: 0.9424 秒
angle bits: 3
SVD 量化时间: 0.0152 秒
cluster: 2
group_size: 128
cluster Quantizing weight with shape: torch.Size([1024, 128])
cluster: 2
group_size: 128
cluster Quantizing weight with shape: torch.Size([1024, 128])
SVD 奇异值量化时间: 0.9487 秒
angle bits: 3
SVD 量化时间: 0.0151 秒
cluster: 2
group_size: 128
cluster Quantizing weight with shape: torch.Size([1024, 128])
cluster: 2
group_size: 128
cluster Quantizing weight with shape: torch.Size([1024, 128])
SVD 奇异值量化时间: 0.9436 秒
angle bits: 3
SVD 量化时间: 0.0152 秒
cluster: 2
group_size: 128
cluster Quantizing weight with shape: torch.Size([1024, 128])
cluster: 2
group_size: 128
cluster Quantizing weight with shape: torch.Size([1024, 128])
SVD 奇异值量化时间: 0.9483 秒
angle bits: 3
SVD 量化时间: 0.0151 秒
cluster: 2
group_size: 128
cluster Quantizing weight with shape: torch.Size([1024, 128])
cluster: 2
group_size: 128
cluster Quantizing weight with shape: torch.Size([1024, 128])
SVD 奇异值量化时间: 0.9438 秒
angle bits: 3
SVD 量化时间: 0.0152 秒
cluster: 2
group_size: 128
cluster Quantizing weight with shape: torch.Size([1024, 128])
cluster: 2
group_size: 128
cluster Quantizing weight with shape: torch.Size([1024, 128])
SVD 奇异值量化时间: 0.9470 秒
angle bits: 3
SVD 量化时间: 0.0152 秒
cluster: 2
group_size: 128
cluster Quantizing weight with shape: torch.Size([1024, 128])
cluster: 2
group_size: 128
cluster Quantizing weight with shape: torch.Size([1024, 128])
SVD 奇异值量化时间: 0.9427 秒
angle bits: 3
SVD 量化时间: 0.0152 秒
cluster: 2
group_size: 128
cluster Quantizing weight with shape: torch.Size([1024, 128])
cluster: 2
group_size: 128
cluster Quantizing weight with shape: torch.Size([1024, 128])
SVD 奇异值量化时间: 0.9514 秒
angle bits: 3
SVD 量化时间: 0.0152 秒
cluster: 2
group_size: 128
cluster Quantizing weight with shape: torch.Size([1024, 128])
cluster: 2
group_size: 128
cluster Quantizing weight with shape: torch.Size([1024, 128])
SVD 奇异值量化时间: 0.9477 秒
angle bits: 3
SVD 量化时间: 0.0151 秒
cluster: 2
group_size: 128
cluster Quantizing weight with shape: torch.Size([1024, 128])
cluster: 2
group_size: 128
cluster Quantizing weight with shape: torch.Size([1024, 128])
SVD 奇异值量化时间: 0.9638 秒
angle bits: 3
SVD 量化时间: 0.0151 秒
cluster: 2
group_size: 128
cluster Quantizing weight with shape: torch.Size([1024, 128])
cluster: 2
group_size: 128
cluster Quantizing weight with shape: torch.Size([1024, 128])
SVD 奇异值量化时间: 0.9529 秒
angle bits: 3
SVD 量化时间: 0.0151 秒
cluster: 2
group_size: 128
cluster Quantizing weight with shape: torch.Size([1024, 128])
cluster: 2
group_size: 128
cluster Quantizing weight with shape: torch.Size([1024, 128])
SVD 奇异值量化时间: 0.9331 秒
angle bits: 3
SVD 量化时间: 0.0152 秒
cluster: 2
group_size: 128
cluster Quantizing weight with shape: torch.Size([1024, 128])
cluster: 2
group_size: 128
cluster Quantizing weight with shape: torch.Size([1024, 128])
SVD 奇异值量化时间: 0.9303 秒
angle bits: 3
SVD 量化时间: 0.0151 秒
cluster: 2
group_size: 128
cluster Quantizing weight with shape: torch.Size([1024, 128])
cluster: 2
group_size: 128
cluster Quantizing weight with shape: torch.Size([1024, 128])
SVD 奇异值量化时间: 0.9523 秒
angle bits: 3
SVD 量化时间: 0.0149 秒
cluster: 2
group_size: 128
cluster Quantizing weight with shape: torch.Size([1024, 128])
cluster: 2
group_size: 128
cluster Quantizing weight with shape: torch.Size([1024, 128])
SVD 奇异值量化时间: 0.9334 秒
angle bits: 3
SVD 量化时间: 0.0150 秒
cluster: 2
group_size: 128
cluster Quantizing weight with shape: torch.Size([1024, 128])
cluster: 2
group_size: 128
cluster Quantizing weight with shape: torch.Size([1024, 128])
SVD 奇异值量化时间: 0.9329 秒
angle bits: 3
SVD 量化时间: 0.0150 秒
cluster: 2
group_size: 128
cluster Quantizing weight with shape: torch.Size([1024, 128])
cluster: 2
group_size: 128
cluster Quantizing weight with shape: torch.Size([1024, 128])
SVD 奇异值量化时间: 0.9465 秒
angle bits: 3
SVD 量化时间: 0.0150 秒
cluster: 2
group_size: 128
cluster Quantizing weight with shape: torch.Size([1024, 128])
cluster: 2
group_size: 128
cluster Quantizing weight with shape: torch.Size([1024, 128])
SVD 奇异值量化时间: 0.9427 秒
angle bits: 3
SVD 量化时间: 0.0150 秒
cluster: 2
group_size: 128
cluster Quantizing weight with shape: torch.Size([1024, 128])
cluster: 2
group_size: 128
cluster Quantizing weight with shape: torch.Size([1024, 128])
SVD 奇异值量化时间: 0.9533 秒
angle bits: 3
SVD 量化时间: 0.0149 秒
cluster: 2
group_size: 128
cluster Quantizing weight with shape: torch.Size([1024, 128])
cluster: 2
group_size: 128
cluster Quantizing weight with shape: torch.Size([1024, 128])
SVD 奇异值量化时间: 0.9420 秒
angle bits: 3
SVD 量化时间: 0.0150 秒
cluster: 2
group_size: 128
cluster Quantizing weight with shape: torch.Size([1024, 128])
cluster: 2
group_size: 128
cluster Quantizing weight with shape: torch.Size([1024, 128])
SVD 奇异值量化时间: 0.9447 秒
angle bits: 3
SVD 量化时间: 0.0150 秒
cluster: 2
group_size: 128
cluster Quantizing weight with shape: torch.Size([1024, 128])
cluster: 2
group_size: 128
cluster Quantizing weight with shape: torch.Size([1024, 128])
SVD 奇异值量化时间: 0.9474 秒
angle bits: 3
SVD 量化时间: 0.0150 秒
cluster: 2
group_size: 128
cluster Quantizing weight with shape: torch.Size([1024, 128])
cluster: 2
group_size: 128
cluster Quantizing weight with shape: torch.Size([1024, 128])
SVD 奇异值量化时间: 0.9519 秒
angle bits: 3
SVD 量化时间: 0.0151 秒
cluster: 2
group_size: 128
cluster Quantizing weight with shape: torch.Size([1024, 128])
cluster: 2
group_size: 128
cluster Quantizing weight with shape: torch.Size([1024, 128])
SVD 奇异值量化时间: 0.9701 秒
angle bits: 3
SVD 量化时间: 0.0150 秒
cluster: 2
group_size: 128
cluster Quantizing weight with shape: torch.Size([1024, 128])
cluster: 2
group_size: 128
cluster Quantizing weight with shape: torch.Size([1024, 128])
SVD 奇异值量化时间: 0.9396 秒
angle bits: 3
SVD 量化时间: 0.0150 秒
cluster: 2
group_size: 128
cluster Quantizing weight with shape: torch.Size([1024, 128])
cluster: 2
group_size: 128
cluster Quantizing weight with shape: torch.Size([1024, 128])
SVD 奇异值量化时间: 0.9368 秒
angle bits: 3
SVD 量化时间: 0.0149 秒
cluster: 2
group_size: 128
cluster Quantizing weight with shape: torch.Size([1024, 128])
cluster: 2
group_size: 128
cluster Quantizing weight with shape: torch.Size([1024, 128])
SVD 奇异值量化时间: 0.9366 秒
angle bits: 3
SVD 量化时间: 0.0150 秒
cluster: 2
group_size: 128
cluster Quantizing weight with shape: torch.Size([1024, 128])
cluster: 2
group_size: 128
cluster Quantizing weight with shape: torch.Size([1024, 128])
SVD 奇异值量化时间: 0.9372 秒
angle bits: 3
SVD 量化时间: 0.0150 秒
cluster: 2
group_size: 128
cluster Quantizing weight with shape: torch.Size([1024, 128])
cluster: 2
group_size: 128
cluster Quantizing weight with shape: torch.Size([1024, 128])
SVD 奇异值量化时间: 0.9428 秒
6 self_attn.q_proj
Quantizing ...
使用blocksize: 128进行量化
angle bits: 3
SVD 量化时间: 0.0144 秒
cluster: 2
group_size: 128
cluster Quantizing weight with shape: torch.Size([1024, 128])
cluster: 2
group_size: 128
cluster Quantizing weight with shape: torch.Size([1024, 128])
SVD 奇异值量化时间: 0.9215 秒
angle bits: 3
SVD 量化时间: 0.0153 秒
cluster: 2
group_size: 128
cluster Quantizing weight with shape: torch.Size([1024, 128])
cluster: 2
group_size: 128
cluster Quantizing weight with shape: torch.Size([1024, 128])
SVD 奇异值量化时间: 0.9359 秒
angle bits: 3
SVD 量化时间: 0.0153 秒
cluster: 2
group_size: 128
cluster Quantizing weight with shape: torch.Size([1024, 128])
cluster: 2
group_size: 128
cluster Quantizing weight with shape: torch.Size([1024, 128])
SVD 奇异值量化时间: 0.9268 秒
angle bits: 3
SVD 量化时间: 0.0153 秒
cluster: 2
group_size: 128
cluster Quantizing weight with shape: torch.Size([1024, 128])
cluster: 2
group_size: 128
cluster Quantizing weight with shape: torch.Size([1024, 128])
SVD 奇异值量化时间: 0.9313 秒
angle bits: 3
SVD 量化时间: 0.0152 秒
cluster: 2
group_size: 128
cluster Quantizing weight with shape: torch.Size([1024, 128])
cluster: 2
group_size: 128
cluster Quantizing weight with shape: torch.Size([1024, 128])
SVD 奇异值量化时间: 0.9189 秒
angle bits: 3
SVD 量化时间: 0.0153 秒
cluster: 2
group_size: 128
cluster Quantizing weight with shape: torch.Size([1024, 128])
cluster: 2
group_size: 128
cluster Quantizing weight with shape: torch.Size([1024, 128])
SVD 奇异值量化时间: 0.9225 秒
angle bits: 3
SVD 量化时间: 0.0154 秒
cluster: 2
group_size: 128
cluster Quantizing weight with shape: torch.Size([1024, 128])
cluster: 2
group_size: 128
cluster Quantizing weight with shape: torch.Size([1024, 128])
SVD 奇异值量化时间: 0.9218 秒
angle bits: 3
SVD 量化时间: 0.0153 秒
cluster: 2
group_size: 128
cluster Quantizing weight with shape: torch.Size([1024, 128])
cluster: 2
group_size: 128
cluster Quantizing weight with shape: torch.Size([1024, 128])
SVD 奇异值量化时间: 0.9330 秒
angle bits: 3
SVD 量化时间: 0.0152 秒
cluster: 2
group_size: 128
cluster Quantizing weight with shape: torch.Size([1024, 128])
cluster: 2
group_size: 128
cluster Quantizing weight with shape: torch.Size([1024, 128])
SVD 奇异值量化时间: 1.0824 秒
angle bits: 3
SVD 量化时间: 0.0152 秒
cluster: 2
group_size: 128
cluster Quantizing weight with shape: torch.Size([1024, 128])
cluster: 2
group_size: 128
cluster Quantizing weight with shape: torch.Size([1024, 128])
SVD 奇异值量化时间: 0.9205 秒
angle bits: 3
SVD 量化时间: 0.0152 秒
cluster: 2
group_size: 128
cluster Quantizing weight with shape: torch.Size([1024, 128])
cluster: 2
group_size: 128
cluster Quantizing weight with shape: torch.Size([1024, 128])
SVD 奇异值量化时间: 0.9233 秒
angle bits: 3
SVD 量化时间: 0.0152 秒
cluster: 2
group_size: 128
cluster Quantizing weight with shape: torch.Size([1024, 128])
cluster: 2
group_size: 128
cluster Quantizing weight with shape: torch.Size([1024, 128])
SVD 奇异值量化时间: 0.9210 秒
angle bits: 3
SVD 量化时间: 0.0152 秒
cluster: 2
group_size: 128
cluster Quantizing weight with shape: torch.Size([1024, 128])
cluster: 2
group_size: 128
cluster Quantizing weight with shape: torch.Size([1024, 128])
SVD 奇异值量化时间: 0.9192 秒
angle bits: 3
SVD 量化时间: 0.0152 秒
cluster: 2
group_size: 128
cluster Quantizing weight with shape: torch.Size([1024, 128])
cluster: 2
group_size: 128
cluster Quantizing weight with shape: torch.Size([1024, 128])
SVD 奇异值量化时间: 0.9148 秒
angle bits: 3
SVD 量化时间: 0.0152 秒
cluster: 2
group_size: 128
cluster Quantizing weight with shape: torch.Size([1024, 128])
cluster: 2
group_size: 128
cluster Quantizing weight with shape: torch.Size([1024, 128])
SVD 奇异值量化时间: 0.9136 秒
angle bits: 3
SVD 量化时间: 0.0151 秒
cluster: 2
group_size: 128
cluster Quantizing weight with shape: torch.Size([1024, 128])
cluster: 2
group_size: 128
cluster Quantizing weight with shape: torch.Size([1024, 128])
SVD 奇异值量化时间: 0.9194 秒
angle bits: 3
SVD 量化时间: 0.0152 秒
cluster: 2
group_size: 128
cluster Quantizing weight with shape: torch.Size([1024, 128])
cluster: 2
group_size: 128
cluster Quantizing weight with shape: torch.Size([1024, 128])
SVD 奇异值量化时间: 0.9387 秒
angle bits: 3
SVD 量化时间: 0.0152 秒
cluster: 2
group_size: 128
cluster Quantizing weight with shape: torch.Size([1024, 128])
cluster: 2
group_size: 128
cluster Quantizing weight with shape: torch.Size([1024, 128])
SVD 奇异值量化时间: 0.9136 秒
angle bits: 3
SVD 量化时间: 0.0151 秒
cluster: 2
group_size: 128
cluster Quantizing weight with shape: torch.Size([1024, 128])
cluster: 2
group_size: 128
cluster Quantizing weight with shape: torch.Size([1024, 128])
SVD 奇异值量化时间: 0.9140 秒
angle bits: 3
SVD 量化时间: 0.0151 秒
cluster: 2
group_size: 128
cluster Quantizing weight with shape: torch.Size([1024, 128])
cluster: 2
group_size: 128
cluster Quantizing weight with shape: torch.Size([1024, 128])
SVD 奇异值量化时间: 0.9216 秒
angle bits: 3
SVD 量化时间: 0.0151 秒
cluster: 2
group_size: 128
cluster Quantizing weight with shape: torch.Size([1024, 128])
cluster: 2
group_size: 128
cluster Quantizing weight with shape: torch.Size([1024, 128])
SVD 奇异值量化时间: 0.9249 秒
angle bits: 3
SVD 量化时间: 0.0151 秒
cluster: 2
group_size: 128
cluster Quantizing weight with shape: torch.Size([1024, 128])
cluster: 2
group_size: 128
cluster Quantizing weight with shape: torch.Size([1024, 128])
SVD 奇异值量化时间: 0.9215 秒
angle bits: 3
SVD 量化时间: 0.0151 秒
cluster: 2
group_size: 128
cluster Quantizing weight with shape: torch.Size([1024, 128])
cluster: 2
group_size: 128
cluster Quantizing weight with shape: torch.Size([1024, 128])
SVD 奇异值量化时间: 0.9212 秒
angle bits: 3
SVD 量化时间: 0.0150 秒
cluster: 2
group_size: 128
cluster Quantizing weight with shape: torch.Size([1024, 128])
cluster: 2
group_size: 128
cluster Quantizing weight with shape: torch.Size([1024, 128])
SVD 奇异值量化时间: 0.9435 秒
angle bits: 3
SVD 量化时间: 0.0151 秒
cluster: 2
group_size: 128
cluster Quantizing weight with shape: torch.Size([1024, 128])
cluster: 2
group_size: 128
cluster Quantizing weight with shape: torch.Size([1024, 128])
SVD 奇异值量化时间: 1.0281 秒
angle bits: 3
SVD 量化时间: 0.0151 秒
cluster: 2
group_size: 128
cluster Quantizing weight with shape: torch.Size([1024, 128])
cluster: 2
group_size: 128
cluster Quantizing weight with shape: torch.Size([1024, 128])
SVD 奇异值量化时间: 1.0538 秒
angle bits: 3
SVD 量化时间: 0.0156 秒
cluster: 2
group_size: 128
cluster Quantizing weight with shape: torch.Size([1024, 128])
cluster: 2
group_size: 128
cluster Quantizing weight with shape: torch.Size([1024, 128])
SVD 奇异值量化时间: 1.0557 秒
angle bits: 3
SVD 量化时间: 0.0151 秒
cluster: 2
group_size: 128
cluster Quantizing weight with shape: torch.Size([1024, 128])
cluster: 2
group_size: 128
cluster Quantizing weight with shape: torch.Size([1024, 128])
SVD 奇异值量化时间: 1.0407 秒
angle bits: 3
SVD 量化时间: 0.0151 秒
cluster: 2
group_size: 128
cluster Quantizing weight with shape: torch.Size([1024, 128])
cluster: 2
group_size: 128
cluster Quantizing weight with shape: torch.Size([1024, 128])
SVD 奇异值量化时间: 1.0974 秒
angle bits: 3
SVD 量化时间: 0.0151 秒
cluster: 2
group_size: 128
cluster Quantizing weight with shape: torch.Size([1024, 128])
cluster: 2
group_size: 128
cluster Quantizing weight with shape: torch.Size([1024, 128])
SVD 奇异值量化时间: 1.0403 秒
angle bits: 3
SVD 量化时间: 0.0150 秒
cluster: 2
group_size: 128
cluster Quantizing weight with shape: torch.Size([1024, 128])
cluster: 2
group_size: 128
cluster Quantizing weight with shape: torch.Size([1024, 128])
SVD 奇异值量化时间: 1.0293 秒
angle bits: 3
SVD 量化时间: 0.0150 秒
cluster: 2
group_size: 128
cluster Quantizing weight with shape: torch.Size([1024, 128])
cluster: 2
group_size: 128
cluster Quantizing weight with shape: torch.Size([1024, 128])
SVD 奇异值量化时间: 0.9548 秒
6 self_attn.k_proj
Quantizing ...
使用blocksize: 128进行量化
angle bits: 3
SVD 量化时间: 0.0133 秒
cluster: 2
group_size: 128
cluster Quantizing weight with shape: torch.Size([1024, 128])
cluster: 2
group_size: 128
cluster Quantizing weight with shape: torch.Size([1024, 128])
SVD 奇异值量化时间: 0.9877 秒
angle bits: 3
SVD 量化时间: 0.0156 秒
cluster: 2
group_size: 128
cluster Quantizing weight with shape: torch.Size([1024, 128])
cluster: 2
group_size: 128
cluster Quantizing weight with shape: torch.Size([1024, 128])
SVD 奇异值量化时间: 0.9717 秒
angle bits: 3
SVD 量化时间: 0.0155 秒
cluster: 2
group_size: 128
cluster Quantizing weight with shape: torch.Size([1024, 128])
cluster: 2
group_size: 128
cluster Quantizing weight with shape: torch.Size([1024, 128])
SVD 奇异值量化时间: 0.9264 秒
angle bits: 3
SVD 量化时间: 0.0153 秒
cluster: 2
group_size: 128
cluster Quantizing weight with shape: torch.Size([1024, 128])
cluster: 2
group_size: 128
cluster Quantizing weight with shape: torch.Size([1024, 128])
SVD 奇异值量化时间: 0.9179 秒
angle bits: 3
SVD 量化时间: 0.0153 秒
cluster: 2
group_size: 128
cluster Quantizing weight with shape: torch.Size([1024, 128])
cluster: 2
group_size: 128
cluster Quantizing weight with shape: torch.Size([1024, 128])
SVD 奇异值量化时间: 0.9170 秒
angle bits: 3
SVD 量化时间: 0.0153 秒
cluster: 2
group_size: 128
cluster Quantizing weight with shape: torch.Size([1024, 128])
cluster: 2
group_size: 128
cluster Quantizing weight with shape: torch.Size([1024, 128])
SVD 奇异值量化时间: 0.9116 秒
angle bits: 3
SVD 量化时间: 0.0153 秒
cluster: 2
group_size: 128
cluster Quantizing weight with shape: torch.Size([1024, 128])
cluster: 2
group_size: 128
cluster Quantizing weight with shape: torch.Size([1024, 128])
SVD 奇异值量化时间: 0.9227 秒
angle bits: 3
SVD 量化时间: 0.0153 秒
cluster: 2
group_size: 128
cluster Quantizing weight with shape: torch.Size([1024, 128])
cluster: 2
group_size: 128
cluster Quantizing weight with shape: torch.Size([1024, 128])
SVD 奇异值量化时间: 0.9266 秒
angle bits: 3
SVD 量化时间: 0.0152 秒
cluster: 2
group_size: 128
cluster Quantizing weight with shape: torch.Size([1024, 128])
cluster: 2
group_size: 128
cluster Quantizing weight with shape: torch.Size([1024, 128])
SVD 奇异值量化时间: 0.9326 秒
angle bits: 3
SVD 量化时间: 0.0153 秒
cluster: 2
group_size: 128
cluster Quantizing weight with shape: torch.Size([1024, 128])
cluster: 2
group_size: 128
cluster Quantizing weight with shape: torch.Size([1024, 128])
SVD 奇异值量化时间: 0.9274 秒
angle bits: 3
SVD 量化时间: 0.0152 秒
cluster: 2
group_size: 128
cluster Quantizing weight with shape: torch.Size([1024, 128])
cluster: 2
group_size: 128
cluster Quantizing weight with shape: torch.Size([1024, 128])
SVD 奇异值量化时间: 0.9217 秒
angle bits: 3
SVD 量化时间: 0.0152 秒
cluster: 2
group_size: 128
cluster Quantizing weight with shape: torch.Size([1024, 128])
cluster: 2
group_size: 128
cluster Quantizing weight with shape: torch.Size([1024, 128])
SVD 奇异值量化时间: 0.9477 秒
angle bits: 3
SVD 量化时间: 0.0152 秒
cluster: 2
group_size: 128
cluster Quantizing weight with shape: torch.Size([1024, 128])
cluster: 2
group_size: 128
cluster Quantizing weight with shape: torch.Size([1024, 128])
SVD 奇异值量化时间: 0.9404 秒
angle bits: 3
SVD 量化时间: 0.0151 秒
cluster: 2
group_size: 128
cluster Quantizing weight with shape: torch.Size([1024, 128])
cluster: 2
group_size: 128
cluster Quantizing weight with shape: torch.Size([1024, 128])
SVD 奇异值量化时间: 0.9276 秒
angle bits: 3
SVD 量化时间: 0.0152 秒
cluster: 2
group_size: 128
cluster Quantizing weight with shape: torch.Size([1024, 128])
cluster: 2
group_size: 128
cluster Quantizing weight with shape: torch.Size([1024, 128])
SVD 奇异值量化时间: 0.9329 秒
angle bits: 3
SVD 量化时间: 0.0152 秒
cluster: 2
group_size: 128
cluster Quantizing weight with shape: torch.Size([1024, 128])
cluster: 2
group_size: 128
cluster Quantizing weight with shape: torch.Size([1024, 128])
SVD 奇异值量化时间: 0.9278 秒
angle bits: 3
SVD 量化时间: 0.0151 秒
cluster: 2
group_size: 128
cluster Quantizing weight with shape: torch.Size([1024, 128])
cluster: 2
group_size: 128
cluster Quantizing weight with shape: torch.Size([1024, 128])
SVD 奇异值量化时间: 0.9246 秒
angle bits: 3
SVD 量化时间: 0.0152 秒
cluster: 2
group_size: 128
cluster Quantizing weight with shape: torch.Size([1024, 128])
cluster: 2
group_size: 128
cluster Quantizing weight with shape: torch.Size([1024, 128])
SVD 奇异值量化时间: 0.9257 秒
angle bits: 3
SVD 量化时间: 0.0152 秒
cluster: 2
group_size: 128
cluster Quantizing weight with shape: torch.Size([1024, 128])
cluster: 2
group_size: 128
cluster Quantizing weight with shape: torch.Size([1024, 128])
SVD 奇异值量化时间: 0.9191 秒
angle bits: 3
SVD 量化时间: 0.0151 秒
cluster: 2
group_size: 128
cluster Quantizing weight with shape: torch.Size([1024, 128])
cluster: 2
group_size: 128
cluster Quantizing weight with shape: torch.Size([1024, 128])
SVD 奇异值量化时间: 0.9262 秒
angle bits: 3
SVD 量化时间: 0.0151 秒
cluster: 2
group_size: 128
cluster Quantizing weight with shape: torch.Size([1024, 128])
cluster: 2
group_size: 128
cluster Quantizing weight with shape: torch.Size([1024, 128])
SVD 奇异值量化时间: 0.9260 秒
angle bits: 3
SVD 量化时间: 0.0151 秒
cluster: 2
group_size: 128
cluster Quantizing weight with shape: torch.Size([1024, 128])
cluster: 2
group_size: 128
cluster Quantizing weight with shape: torch.Size([1024, 128])
SVD 奇异值量化时间: 0.9278 秒
angle bits: 3
SVD 量化时间: 0.0151 秒
cluster: 2
group_size: 128
cluster Quantizing weight with shape: torch.Size([1024, 128])
cluster: 2
group_size: 128
cluster Quantizing weight with shape: torch.Size([1024, 128])
SVD 奇异值量化时间: 0.9353 秒
angle bits: 3
SVD 量化时间: 0.0150 秒
cluster: 2
group_size: 128
cluster Quantizing weight with shape: torch.Size([1024, 128])
cluster: 2
group_size: 128
cluster Quantizing weight with shape: torch.Size([1024, 128])
SVD 奇异值量化时间: 0.9304 秒
angle bits: 3
SVD 量化时间: 0.0151 秒
cluster: 2
group_size: 128
cluster Quantizing weight with shape: torch.Size([1024, 128])
cluster: 2
group_size: 128
cluster Quantizing weight with shape: torch.Size([1024, 128])
SVD 奇异值量化时间: 0.9363 秒
angle bits: 3
SVD 量化时间: 0.0150 秒
cluster: 2
group_size: 128
cluster Quantizing weight with shape: torch.Size([1024, 128])
cluster: 2
group_size: 128
cluster Quantizing weight with shape: torch.Size([1024, 128])
SVD 奇异值量化时间: 0.9418 秒
angle bits: 3
SVD 量化时间: 0.0150 秒
cluster: 2
group_size: 128
cluster Quantizing weight with shape: torch.Size([1024, 128])
cluster: 2
group_size: 128
cluster Quantizing weight with shape: torch.Size([1024, 128])
SVD 奇异值量化时间: 0.9470 秒
angle bits: 3
SVD 量化时间: 0.0150 秒
cluster: 2
group_size: 128
cluster Quantizing weight with shape: torch.Size([1024, 128])
cluster: 2
group_size: 128
cluster Quantizing weight with shape: torch.Size([1024, 128])
SVD 奇异值量化时间: 0.9399 秒
angle bits: 3
SVD 量化时间: 0.0154 秒
cluster: 2
group_size: 128
cluster Quantizing weight with shape: torch.Size([1024, 128])
cluster: 2
group_size: 128
cluster Quantizing weight with shape: torch.Size([1024, 128])
SVD 奇异值量化时间: 0.9515 秒
angle bits: 3
SVD 量化时间: 0.0151 秒
cluster: 2
group_size: 128
cluster Quantizing weight with shape: torch.Size([1024, 128])
cluster: 2
group_size: 128
cluster Quantizing weight with shape: torch.Size([1024, 128])
SVD 奇异值量化时间: 0.9314 秒
angle bits: 3
SVD 量化时间: 0.0151 秒
cluster: 2
group_size: 128
cluster Quantizing weight with shape: torch.Size([1024, 128])
cluster: 2
group_size: 128
cluster Quantizing weight with shape: torch.Size([1024, 128])
SVD 奇异值量化时间: 0.9267 秒
angle bits: 3
SVD 量化时间: 0.0150 秒
cluster: 2
group_size: 128
cluster Quantizing weight with shape: torch.Size([1024, 128])
cluster: 2
group_size: 128
cluster Quantizing weight with shape: torch.Size([1024, 128])
SVD 奇异值量化时间: 0.9325 秒
6 self_attn.v_proj
Quantizing ...
使用blocksize: 128进行量化
angle bits: 3
SVD 量化时间: 0.0133 秒
cluster: 2
group_size: 128
cluster Quantizing weight with shape: torch.Size([1024, 128])
cluster: 2
group_size: 128
cluster Quantizing weight with shape: torch.Size([1024, 128])
SVD 奇异值量化时间: 0.9274 秒
angle bits: 3
SVD 量化时间: 0.0153 秒
cluster: 2
group_size: 128
cluster Quantizing weight with shape: torch.Size([1024, 128])
cluster: 2
group_size: 128
cluster Quantizing weight with shape: torch.Size([1024, 128])
SVD 奇异值量化时间: 0.9338 秒
angle bits: 3
SVD 量化时间: 0.0152 秒
cluster: 2
group_size: 128
cluster Quantizing weight with shape: torch.Size([1024, 128])
cluster: 2
group_size: 128
cluster Quantizing weight with shape: torch.Size([1024, 128])
SVD 奇异值量化时间: 0.9195 秒
angle bits: 3
SVD 量化时间: 0.0153 秒
cluster: 2
group_size: 128
cluster Quantizing weight with shape: torch.Size([1024, 128])
cluster: 2
group_size: 128
cluster Quantizing weight with shape: torch.Size([1024, 128])
SVD 奇异值量化时间: 0.9200 秒
angle bits: 3
SVD 量化时间: 0.0153 秒
cluster: 2
group_size: 128
cluster Quantizing weight with shape: torch.Size([1024, 128])
cluster: 2
group_size: 128
cluster Quantizing weight with shape: torch.Size([1024, 128])
SVD 奇异值量化时间: 0.9161 秒
angle bits: 3
SVD 量化时间: 0.0153 秒
cluster: 2
group_size: 128
cluster Quantizing weight with shape: torch.Size([1024, 128])
cluster: 2
group_size: 128
cluster Quantizing weight with shape: torch.Size([1024, 128])
SVD 奇异值量化时间: 0.9197 秒
angle bits: 3
SVD 量化时间: 0.0153 秒
cluster: 2
group_size: 128
cluster Quantizing weight with shape: torch.Size([1024, 128])
cluster: 2
group_size: 128
cluster Quantizing weight with shape: torch.Size([1024, 128])
SVD 奇异值量化时间: 1.0401 秒
angle bits: 3
SVD 量化时间: 0.0152 秒
cluster: 2
group_size: 128
cluster Quantizing weight with shape: torch.Size([1024, 128])
cluster: 2
group_size: 128
cluster Quantizing weight with shape: torch.Size([1024, 128])
SVD 奇异值量化时间: 0.9249 秒
angle bits: 3
SVD 量化时间: 0.0152 秒
cluster: 2
group_size: 128
cluster Quantizing weight with shape: torch.Size([1024, 128])
cluster: 2
group_size: 128
cluster Quantizing weight with shape: torch.Size([1024, 128])
SVD 奇异值量化时间: 0.9213 秒
angle bits: 3
SVD 量化时间: 0.0152 秒
cluster: 2
group_size: 128
cluster Quantizing weight with shape: torch.Size([1024, 128])
cluster: 2
group_size: 128
cluster Quantizing weight with shape: torch.Size([1024, 128])
SVD 奇异值量化时间: 0.9308 秒
angle bits: 3
SVD 量化时间: 0.0152 秒
cluster: 2
group_size: 128
cluster Quantizing weight with shape: torch.Size([1024, 128])
cluster: 2
group_size: 128
cluster Quantizing weight with shape: torch.Size([1024, 128])
SVD 奇异值量化时间: 0.9211 秒
angle bits: 3
SVD 量化时间: 0.0152 秒
cluster: 2
group_size: 128
cluster Quantizing weight with shape: torch.Size([1024, 128])
cluster: 2
group_size: 128
cluster Quantizing weight with shape: torch.Size([1024, 128])
SVD 奇异值量化时间: 0.9233 秒
angle bits: 3
SVD 量化时间: 0.0151 秒
cluster: 2
group_size: 128
cluster Quantizing weight with shape: torch.Size([1024, 128])
cluster: 2
group_size: 128
cluster Quantizing weight with shape: torch.Size([1024, 128])
SVD 奇异值量化时间: 0.9327 秒
angle bits: 3
SVD 量化时间: 0.0152 秒
cluster: 2
group_size: 128
cluster Quantizing weight with shape: torch.Size([1024, 128])
cluster: 2
group_size: 128
cluster Quantizing weight with shape: torch.Size([1024, 128])
SVD 奇异值量化时间: 0.9316 秒
angle bits: 3
SVD 量化时间: 0.0152 秒
cluster: 2
group_size: 128
cluster Quantizing weight with shape: torch.Size([1024, 128])
cluster: 2
group_size: 128
cluster Quantizing weight with shape: torch.Size([1024, 128])
SVD 奇异值量化时间: 0.9303 秒
angle bits: 3
SVD 量化时间: 0.0152 秒
cluster: 2
group_size: 128
cluster Quantizing weight with shape: torch.Size([1024, 128])
cluster: 2
group_size: 128
cluster Quantizing weight with shape: torch.Size([1024, 128])
SVD 奇异值量化时间: 0.9427 秒
angle bits: 3
SVD 量化时间: 0.0151 秒
cluster: 2
group_size: 128
cluster Quantizing weight with shape: torch.Size([1024, 128])
cluster: 2
group_size: 128
cluster Quantizing weight with shape: torch.Size([1024, 128])
SVD 奇异值量化时间: 0.9311 秒
angle bits: 3
SVD 量化时间: 0.0151 秒
cluster: 2
group_size: 128
cluster Quantizing weight with shape: torch.Size([1024, 128])
cluster: 2
group_size: 128
cluster Quantizing weight with shape: torch.Size([1024, 128])
SVD 奇异值量化时间: 0.9248 秒
angle bits: 3
SVD 量化时间: 0.0151 秒
cluster: 2
group_size: 128
cluster Quantizing weight with shape: torch.Size([1024, 128])
cluster: 2
group_size: 128
cluster Quantizing weight with shape: torch.Size([1024, 128])
SVD 奇异值量化时间: 0.9360 秒
angle bits: 3
SVD 量化时间: 0.0151 秒
cluster: 2
group_size: 128
cluster Quantizing weight with shape: torch.Size([1024, 128])
cluster: 2
group_size: 128
cluster Quantizing weight with shape: torch.Size([1024, 128])
SVD 奇异值量化时间: 0.9338 秒
angle bits: 3
SVD 量化时间: 0.0151 秒
cluster: 2
group_size: 128
cluster Quantizing weight with shape: torch.Size([1024, 128])
cluster: 2
group_size: 128
cluster Quantizing weight with shape: torch.Size([1024, 128])
SVD 奇异值量化时间: 0.9250 秒
angle bits: 3
SVD 量化时间: 0.0151 秒
cluster: 2
group_size: 128
cluster Quantizing weight with shape: torch.Size([1024, 128])
cluster: 2
group_size: 128
cluster Quantizing weight with shape: torch.Size([1024, 128])
SVD 奇异值量化时间: 0.9504 秒
angle bits: 3
SVD 量化时间: 0.0150 秒
cluster: 2
group_size: 128
cluster Quantizing weight with shape: torch.Size([1024, 128])
cluster: 2
group_size: 128
cluster Quantizing weight with shape: torch.Size([1024, 128])
SVD 奇异值量化时间: 0.9352 秒
angle bits: 3
SVD 量化时间: 0.0151 秒
cluster: 2
group_size: 128
cluster Quantizing weight with shape: torch.Size([1024, 128])
cluster: 2
group_size: 128
cluster Quantizing weight with shape: torch.Size([1024, 128])
SVD 奇异值量化时间: 0.9297 秒
angle bits: 3
SVD 量化时间: 0.0151 秒
cluster: 2
group_size: 128
cluster Quantizing weight with shape: torch.Size([1024, 128])
cluster: 2
group_size: 128
cluster Quantizing weight with shape: torch.Size([1024, 128])
SVD 奇异值量化时间: 0.9288 秒
angle bits: 3
SVD 量化时间: 0.0150 秒
cluster: 2
group_size: 128
cluster Quantizing weight with shape: torch.Size([1024, 128])
cluster: 2
group_size: 128
cluster Quantizing weight with shape: torch.Size([1024, 128])
SVD 奇异值量化时间: 0.9260 秒
angle bits: 3
SVD 量化时间: 0.0150 秒
cluster: 2
group_size: 128
cluster Quantizing weight with shape: torch.Size([1024, 128])
cluster: 2
group_size: 128
cluster Quantizing weight with shape: torch.Size([1024, 128])
SVD 奇异值量化时间: 0.9189 秒
angle bits: 3
SVD 量化时间: 0.0150 秒
cluster: 2
group_size: 128
cluster Quantizing weight with shape: torch.Size([1024, 128])
cluster: 2
group_size: 128
cluster Quantizing weight with shape: torch.Size([1024, 128])
SVD 奇异值量化时间: 0.9196 秒
angle bits: 3
SVD 量化时间: 0.0150 秒
cluster: 2
group_size: 128
cluster Quantizing weight with shape: torch.Size([1024, 128])
cluster: 2
group_size: 128
cluster Quantizing weight with shape: torch.Size([1024, 128])
SVD 奇异值量化时间: 0.9304 秒
angle bits: 3
SVD 量化时间: 0.0150 秒
cluster: 2
group_size: 128
cluster Quantizing weight with shape: torch.Size([1024, 128])
cluster: 2
group_size: 128
cluster Quantizing weight with shape: torch.Size([1024, 128])
SVD 奇异值量化时间: 0.9201 秒
angle bits: 3
SVD 量化时间: 0.0150 秒
cluster: 2
group_size: 128
cluster Quantizing weight with shape: torch.Size([1024, 128])
cluster: 2
group_size: 128
cluster Quantizing weight with shape: torch.Size([1024, 128])
SVD 奇异值量化时间: 0.9177 秒
angle bits: 3
SVD 量化时间: 0.0149 秒
cluster: 2
group_size: 128
cluster Quantizing weight with shape: torch.Size([1024, 128])
cluster: 2
group_size: 128
cluster Quantizing weight with shape: torch.Size([1024, 128])
SVD 奇异值量化时间: 0.9249 秒
6 self_attn.o_proj
Quantizing ...
使用blocksize: 128进行量化
angle bits: 3
SVD 量化时间: 0.0131 秒
cluster: 2
group_size: 128
cluster Quantizing weight with shape: torch.Size([1024, 128])
cluster: 2
group_size: 128
cluster Quantizing weight with shape: torch.Size([1024, 128])
SVD 奇异值量化时间: 1.0125 秒
angle bits: 3
SVD 量化时间: 0.0154 秒
cluster: 2
group_size: 128
cluster Quantizing weight with shape: torch.Size([1024, 128])
cluster: 2
group_size: 128
cluster Quantizing weight with shape: torch.Size([1024, 128])
SVD 奇异值量化时间: 1.0454 秒
angle bits: 3
SVD 量化时间: 0.0156 秒
cluster: 2
group_size: 128
cluster Quantizing weight with shape: torch.Size([1024, 128])
cluster: 2
group_size: 128
cluster Quantizing weight with shape: torch.Size([1024, 128])
SVD 奇异值量化时间: 1.0446 秒
angle bits: 3
SVD 量化时间: 0.0158 秒
cluster: 2
group_size: 128
cluster Quantizing weight with shape: torch.Size([1024, 128])
cluster: 2
group_size: 128
cluster Quantizing weight with shape: torch.Size([1024, 128])
SVD 奇异值量化时间: 1.0451 秒
angle bits: 3
SVD 量化时间: 0.0153 秒
cluster: 2
group_size: 128
cluster Quantizing weight with shape: torch.Size([1024, 128])
cluster: 2
group_size: 128
cluster Quantizing weight with shape: torch.Size([1024, 128])
SVD 奇异值量化时间: 0.9965 秒
angle bits: 3
SVD 量化时间: 0.0154 秒
cluster: 2
group_size: 128
cluster Quantizing weight with shape: torch.Size([1024, 128])
cluster: 2
group_size: 128
cluster Quantizing weight with shape: torch.Size([1024, 128])
SVD 奇异值量化时间: 1.0496 秒
angle bits: 3
SVD 量化时间: 0.0153 秒
cluster: 2
group_size: 128
cluster Quantizing weight with shape: torch.Size([1024, 128])
cluster: 2
group_size: 128
cluster Quantizing weight with shape: torch.Size([1024, 128])
SVD 奇异值量化时间: 0.9800 秒
angle bits: 3
SVD 量化时间: 0.0153 秒
cluster: 2
group_size: 128
cluster Quantizing weight with shape: torch.Size([1024, 128])
cluster: 2
group_size: 128
cluster Quantizing weight with shape: torch.Size([1024, 128])
SVD 奇异值量化时间: 0.9743 秒
angle bits: 3
SVD 量化时间: 0.0152 秒
cluster: 2
group_size: 128
cluster Quantizing weight with shape: torch.Size([1024, 128])
cluster: 2
group_size: 128
cluster Quantizing weight with shape: torch.Size([1024, 128])
SVD 奇异值量化时间: 0.9401 秒
angle bits: 3
SVD 量化时间: 0.0152 秒
cluster: 2
group_size: 128
cluster Quantizing weight with shape: torch.Size([1024, 128])
cluster: 2
group_size: 128
cluster Quantizing weight with shape: torch.Size([1024, 128])
SVD 奇异值量化时间: 0.9509 秒
angle bits: 3
SVD 量化时间: 0.0152 秒
cluster: 2
group_size: 128
cluster Quantizing weight with shape: torch.Size([1024, 128])
cluster: 2
group_size: 128
cluster Quantizing weight with shape: torch.Size([1024, 128])
SVD 奇异值量化时间: 0.9470 秒
angle bits: 3
SVD 量化时间: 0.0152 秒
cluster: 2
group_size: 128
cluster Quantizing weight with shape: torch.Size([1024, 128])
cluster: 2
group_size: 128
cluster Quantizing weight with shape: torch.Size([1024, 128])
SVD 奇异值量化时间: 0.9419 秒
angle bits: 3
SVD 量化时间: 0.0152 秒
cluster: 2
group_size: 128
cluster Quantizing weight with shape: torch.Size([1024, 128])
cluster: 2
group_size: 128
cluster Quantizing weight with shape: torch.Size([1024, 128])
SVD 奇异值量化时间: 0.9431 秒
angle bits: 3
SVD 量化时间: 0.0152 秒
cluster: 2
group_size: 128
cluster Quantizing weight with shape: torch.Size([1024, 128])
cluster: 2
group_size: 128
cluster Quantizing weight with shape: torch.Size([1024, 128])
SVD 奇异值量化时间: 0.9443 秒
angle bits: 3
SVD 量化时间: 0.0151 秒
cluster: 2
group_size: 128
cluster Quantizing weight with shape: torch.Size([1024, 128])
cluster: 2
group_size: 128
cluster Quantizing weight with shape: torch.Size([1024, 128])
SVD 奇异值量化时间: 0.9380 秒
angle bits: 3
SVD 量化时间: 0.0151 秒
cluster: 2
group_size: 128
cluster Quantizing weight with shape: torch.Size([1024, 128])
cluster: 2
group_size: 128
cluster Quantizing weight with shape: torch.Size([1024, 128])
SVD 奇异值量化时间: 0.9418 秒
angle bits: 3
SVD 量化时间: 0.0151 秒
cluster: 2
group_size: 128
cluster Quantizing weight with shape: torch.Size([1024, 128])
cluster: 2
group_size: 128
cluster Quantizing weight with shape: torch.Size([1024, 128])
SVD 奇异值量化时间: 0.9524 秒
angle bits: 3
SVD 量化时间: 0.0151 秒
cluster: 2
group_size: 128
cluster Quantizing weight with shape: torch.Size([1024, 128])
cluster: 2
group_size: 128
cluster Quantizing weight with shape: torch.Size([1024, 128])
SVD 奇异值量化时间: 0.9266 秒
angle bits: 3
SVD 量化时间: 0.0151 秒
cluster: 2
group_size: 128
cluster Quantizing weight with shape: torch.Size([1024, 128])
cluster: 2
group_size: 128
cluster Quantizing weight with shape: torch.Size([1024, 128])
SVD 奇异值量化时间: 0.9338 秒
angle bits: 3
SVD 量化时间: 0.0151 秒
cluster: 2
group_size: 128
cluster Quantizing weight with shape: torch.Size([1024, 128])
cluster: 2
group_size: 128
cluster Quantizing weight with shape: torch.Size([1024, 128])
SVD 奇异值量化时间: 0.9340 秒
angle bits: 3
SVD 量化时间: 0.0151 秒
cluster: 2
group_size: 128
cluster Quantizing weight with shape: torch.Size([1024, 128])
cluster: 2
group_size: 128
cluster Quantizing weight with shape: torch.Size([1024, 128])
SVD 奇异值量化时间: 0.9404 秒
angle bits: 3
SVD 量化时间: 0.0151 秒
cluster: 2
group_size: 128
cluster Quantizing weight with shape: torch.Size([1024, 128])
cluster: 2
group_size: 128
cluster Quantizing weight with shape: torch.Size([1024, 128])
SVD 奇异值量化时间: 0.9296 秒
angle bits: 3
SVD 量化时间: 0.0150 秒
cluster: 2
group_size: 128
cluster Quantizing weight with shape: torch.Size([1024, 128])
cluster: 2
group_size: 128
cluster Quantizing weight with shape: torch.Size([1024, 128])
SVD 奇异值量化时间: 0.9338 秒
angle bits: 3
SVD 量化时间: 0.0150 秒
cluster: 2
group_size: 128
cluster Quantizing weight with shape: torch.Size([1024, 128])
cluster: 2
group_size: 128
cluster Quantizing weight with shape: torch.Size([1024, 128])
SVD 奇异值量化时间: 0.9315 秒
angle bits: 3
SVD 量化时间: 0.0151 秒
cluster: 2
group_size: 128
cluster Quantizing weight with shape: torch.Size([1024, 128])
cluster: 2
group_size: 128
cluster Quantizing weight with shape: torch.Size([1024, 128])
SVD 奇异值量化时间: 0.9202 秒
angle bits: 3
SVD 量化时间: 0.0150 秒