`torch_dtype` is deprecated! Use `dtype` instead!
modname,:methods.complex_utils.complex_v3
Loading model ...
/data/xjh/model_weight/opt/opt-350m
Model loaded.
model OPTForCausalLM(
  (model): OPTModel(
    (decoder): OPTDecoder(
      (embed_tokens): Embedding(50272, 512, padding_idx=1)
      (embed_positions): OPTLearnedPositionalEmbedding(2050, 1024)
      (project_out): Linear(in_features=1024, out_features=512, bias=False)
      (project_in): Linear(in_features=512, out_features=1024, bias=False)
      (layers): ModuleList(
        (0-23): 24 x OPTDecoderLayer(
          (self_attn): OPTAttention(
            (k_proj): Linear(in_features=1024, out_features=1024, bias=True)
            (v_proj): Linear(in_features=1024, out_features=1024, bias=True)
            (q_proj): Linear(in_features=1024, out_features=1024, bias=True)
            (out_proj): Linear(in_features=1024, out_features=1024, bias=True)
          )
          (activation_fn): ReLU()
          (self_attn_layer_norm): LayerNorm((1024,), eps=1e-05, elementwise_affine=True)
          (fc1): Linear(in_features=1024, out_features=4096, bias=True)
          (fc2): Linear(in_features=4096, out_features=1024, bias=True)
          (final_layer_norm): LayerNorm((1024,), eps=1e-05, elementwise_affine=True)
        )
      )
    )
  )
  (lm_head): Linear(in_features=512, out_features=50272, bias=False)
)
xjh_edit,load from local file:/data/xjh/dataset/c4_part,get c4
Starting ...
model name----------- /data/xjh/model_weight/opt/opt-350m
OPT model detected.
Ready.
0 self_attn.k_proj
Quantizing ...
使用blocksize: 128进行量化
angle bits: 3
SVD 量化时间: 0.0514 秒
cluster: 2
group_size: 128
cluster Quantizing weight with shape: torch.Size([256, 128])
cluster: 2
group_size: 128
cluster Quantizing weight with shape: torch.Size([256, 128])
SVD 奇异值量化时间: 0.2887 秒
angle bits: 3
SVD 量化时间: 0.0043 秒
cluster: 2
group_size: 128
cluster Quantizing weight with shape: torch.Size([256, 128])
cluster: 2
group_size: 128
cluster Quantizing weight with shape: torch.Size([256, 128])
SVD 奇异值量化时间: 0.2397 秒
angle bits: 3
SVD 量化时间: 0.0044 秒
cluster: 2
group_size: 128
cluster Quantizing weight with shape: torch.Size([256, 128])
cluster: 2
group_size: 128
cluster Quantizing weight with shape: torch.Size([256, 128])
SVD 奇异值量化时间: 0.2296 秒
angle bits: 3
SVD 量化时间: 0.0043 秒
cluster: 2
group_size: 128
cluster Quantizing weight with shape: torch.Size([256, 128])
cluster: 2
group_size: 128
cluster Quantizing weight with shape: torch.Size([256, 128])
SVD 奇异值量化时间: 0.2308 秒
angle bits: 3
SVD 量化时间: 0.0043 秒
cluster: 2
group_size: 128
cluster Quantizing weight with shape: torch.Size([256, 128])
cluster: 2
group_size: 128
cluster Quantizing weight with shape: torch.Size([256, 128])
SVD 奇异值量化时间: 0.2350 秒
angle bits: 3
SVD 量化时间: 0.0042 秒
cluster: 2
group_size: 128
cluster Quantizing weight with shape: torch.Size([256, 128])
cluster: 2
group_size: 128
cluster Quantizing weight with shape: torch.Size([256, 128])
SVD 奇异值量化时间: 0.2331 秒
angle bits: 3
SVD 量化时间: 0.0043 秒
cluster: 2
group_size: 128
cluster Quantizing weight with shape: torch.Size([256, 128])
cluster: 2
group_size: 128
cluster Quantizing weight with shape: torch.Size([256, 128])
SVD 奇异值量化时间: 0.2342 秒
angle bits: 3
SVD 量化时间: 0.0042 秒
cluster: 2
group_size: 128
cluster Quantizing weight with shape: torch.Size([256, 128])
cluster: 2
group_size: 128
cluster Quantizing weight with shape: torch.Size([256, 128])
SVD 奇异值量化时间: 0.2289 秒
0 self_attn.v_proj
Quantizing ...
使用blocksize: 128进行量化
angle bits: 3
SVD 量化时间: 0.0039 秒
cluster: 2
group_size: 128
cluster Quantizing weight with shape: torch.Size([256, 128])
cluster: 2
group_size: 128
cluster Quantizing weight with shape: torch.Size([256, 128])
SVD 奇异值量化时间: 0.2322 秒
angle bits: 3
SVD 量化时间: 0.0042 秒
cluster: 2
group_size: 128
cluster Quantizing weight with shape: torch.Size([256, 128])
cluster: 2
group_size: 128
cluster Quantizing weight with shape: torch.Size([256, 128])
SVD 奇异值量化时间: 0.2335 秒
angle bits: 3
SVD 量化时间: 0.0043 秒
cluster: 2
group_size: 128
cluster Quantizing weight with shape: torch.Size([256, 128])
cluster: 2
group_size: 128
cluster Quantizing weight with shape: torch.Size([256, 128])
SVD 奇异值量化时间: 0.2380 秒
angle bits: 3
SVD 量化时间: 0.0041 秒
cluster: 2
group_size: 128
cluster Quantizing weight with shape: torch.Size([256, 128])
cluster: 2
group_size: 128
cluster Quantizing weight with shape: torch.Size([256, 128])
SVD 奇异值量化时间: 0.2302 秒
angle bits: 3
SVD 量化时间: 0.0042 秒
cluster: 2
group_size: 128
cluster Quantizing weight with shape: torch.Size([256, 128])
cluster: 2
group_size: 128
cluster Quantizing weight with shape: torch.Size([256, 128])
SVD 奇异值量化时间: 0.2287 秒
angle bits: 3
SVD 量化时间: 0.0041 秒
cluster: 2
group_size: 128
cluster Quantizing weight with shape: torch.Size([256, 128])
cluster: 2
group_size: 128
cluster Quantizing weight with shape: torch.Size([256, 128])
SVD 奇异值量化时间: 0.2291 秒
angle bits: 3
SVD 量化时间: 0.0041 秒
cluster: 2
group_size: 128
cluster Quantizing weight with shape: torch.Size([256, 128])
cluster: 2
group_size: 128
cluster Quantizing weight with shape: torch.Size([256, 128])
SVD 奇异值量化时间: 0.2349 秒
angle bits: 3
SVD 量化时间: 0.0042 秒
cluster: 2
group_size: 128
cluster Quantizing weight with shape: torch.Size([256, 128])
cluster: 2
group_size: 128
cluster Quantizing weight with shape: torch.Size([256, 128])
SVD 奇异值量化时间: 0.2335 秒
0 self_attn.q_proj
Quantizing ...
使用blocksize: 128进行量化
angle bits: 3
SVD 量化时间: 0.0040 秒
cluster: 2
group_size: 128
cluster Quantizing weight with shape: torch.Size([256, 128])
cluster: 2
group_size: 128
cluster Quantizing weight with shape: torch.Size([256, 128])
SVD 奇异值量化时间: 0.2300 秒
angle bits: 3
SVD 量化时间: 0.0042 秒
cluster: 2
group_size: 128
cluster Quantizing weight with shape: torch.Size([256, 128])
cluster: 2
group_size: 128
cluster Quantizing weight with shape: torch.Size([256, 128])
SVD 奇异值量化时间: 0.2293 秒
angle bits: 3
SVD 量化时间: 0.0043 秒
cluster: 2
group_size: 128
cluster Quantizing weight with shape: torch.Size([256, 128])
cluster: 2
group_size: 128
cluster Quantizing weight with shape: torch.Size([256, 128])
SVD 奇异值量化时间: 0.2306 秒
angle bits: 3
SVD 量化时间: 0.0042 秒
cluster: 2
group_size: 128
cluster Quantizing weight with shape: torch.Size([256, 128])
cluster: 2
group_size: 128
cluster Quantizing weight with shape: torch.Size([256, 128])
SVD 奇异值量化时间: 0.2368 秒
angle bits: 3
SVD 量化时间: 0.0042 秒
cluster: 2
group_size: 128
cluster Quantizing weight with shape: torch.Size([256, 128])
cluster: 2
group_size: 128
cluster Quantizing weight with shape: torch.Size([256, 128])
SVD 奇异值量化时间: 0.2302 秒
angle bits: 3
SVD 量化时间: 0.0041 秒
cluster: 2
group_size: 128
cluster Quantizing weight with shape: torch.Size([256, 128])
cluster: 2
group_size: 128
cluster Quantizing weight with shape: torch.Size([256, 128])
SVD 奇异值量化时间: 0.2319 秒
angle bits: 3
SVD 量化时间: 0.0041 秒
cluster: 2
group_size: 128
cluster Quantizing weight with shape: torch.Size([256, 128])
cluster: 2
group_size: 128
cluster Quantizing weight with shape: torch.Size([256, 128])
SVD 奇异值量化时间: 0.2391 秒
angle bits: 3
SVD 量化时间: 0.0042 秒
cluster: 2
group_size: 128
cluster Quantizing weight with shape: torch.Size([256, 128])
cluster: 2
group_size: 128
cluster Quantizing weight with shape: torch.Size([256, 128])
SVD 奇异值量化时间: 0.2355 秒
0 self_attn.out_proj
Quantizing ...
使用blocksize: 128进行量化
angle bits: 3
SVD 量化时间: 0.0039 秒
cluster: 2
group_size: 128
cluster Quantizing weight with shape: torch.Size([256, 128])
cluster: 2
group_size: 128
cluster Quantizing weight with shape: torch.Size([256, 128])
SVD 奇异值量化时间: 0.2289 秒
angle bits: 3
SVD 量化时间: 0.0042 秒
cluster: 2
group_size: 128
cluster Quantizing weight with shape: torch.Size([256, 128])
cluster: 2
group_size: 128
cluster Quantizing weight with shape: torch.Size([256, 128])
SVD 奇异值量化时间: 0.2335 秒
angle bits: 3
SVD 量化时间: 0.0041 秒
cluster: 2
group_size: 128
cluster Quantizing weight with shape: torch.Size([256, 128])
cluster: 2
group_size: 128
cluster Quantizing weight with shape: torch.Size([256, 128])
SVD 奇异值量化时间: 0.2281 秒
angle bits: 3
SVD 量化时间: 0.0041 秒
cluster: 2
group_size: 128
cluster Quantizing weight with shape: torch.Size([256, 128])
cluster: 2
group_size: 128
cluster Quantizing weight with shape: torch.Size([256, 128])
SVD 奇异值量化时间: 0.2326 秒
angle bits: 3
SVD 量化时间: 0.0041 秒
cluster: 2
group_size: 128
cluster Quantizing weight with shape: torch.Size([256, 128])
cluster: 2
group_size: 128
cluster Quantizing weight with shape: torch.Size([256, 128])
SVD 奇异值量化时间: 0.2331 秒
angle bits: 3
SVD 量化时间: 0.0041 秒
cluster: 2
group_size: 128
cluster Quantizing weight with shape: torch.Size([256, 128])
cluster: 2
group_size: 128
cluster Quantizing weight with shape: torch.Size([256, 128])
SVD 奇异值量化时间: 0.2334 秒
angle bits: 3
SVD 量化时间: 0.0042 秒
cluster: 2
group_size: 128
cluster Quantizing weight with shape: torch.Size([256, 128])
cluster: 2
group_size: 128
cluster Quantizing weight with shape: torch.Size([256, 128])
SVD 奇异值量化时间: 0.2353 秒
angle bits: 3
SVD 量化时间: 0.0041 秒
cluster: 2
group_size: 128
cluster Quantizing weight with shape: torch.Size([256, 128])
cluster: 2
group_size: 128
cluster Quantizing weight with shape: torch.Size([256, 128])
SVD 奇异值量化时间: 0.2330 秒
0 fc1
Quantizing ...
使用blocksize: 128进行量化
angle bits: 3
SVD 量化时间: 0.0134 秒
cluster: 2
group_size: 128
cluster Quantizing weight with shape: torch.Size([1024, 128])
cluster: 2
group_size: 128
cluster Quantizing weight with shape: torch.Size([1024, 128])
SVD 奇异值量化时间: 0.9301 秒
angle bits: 3
SVD 量化时间: 0.0151 秒
cluster: 2
group_size: 128
cluster Quantizing weight with shape: torch.Size([1024, 128])
cluster: 2
group_size: 128
cluster Quantizing weight with shape: torch.Size([1024, 128])
SVD 奇异值量化时间: 0.9215 秒
angle bits: 3
SVD 量化时间: 0.0149 秒
cluster: 2
group_size: 128
cluster Quantizing weight with shape: torch.Size([1024, 128])
cluster: 2
group_size: 128
cluster Quantizing weight with shape: torch.Size([1024, 128])
SVD 奇异值量化时间: 0.9342 秒
angle bits: 3
SVD 量化时间: 0.0149 秒
cluster: 2
group_size: 128
cluster Quantizing weight with shape: torch.Size([1024, 128])
cluster: 2
group_size: 128
cluster Quantizing weight with shape: torch.Size([1024, 128])
SVD 奇异值量化时间: 0.9337 秒
angle bits: 3
SVD 量化时间: 0.0148 秒
cluster: 2
group_size: 128
cluster Quantizing weight with shape: torch.Size([1024, 128])
cluster: 2
group_size: 128
cluster Quantizing weight with shape: torch.Size([1024, 128])
SVD 奇异值量化时间: 0.9294 秒
angle bits: 3
SVD 量化时间: 0.0149 秒
cluster: 2
group_size: 128
cluster Quantizing weight with shape: torch.Size([1024, 128])
cluster: 2
group_size: 128
cluster Quantizing weight with shape: torch.Size([1024, 128])
SVD 奇异值量化时间: 0.9224 秒
angle bits: 3
SVD 量化时间: 0.0149 秒
cluster: 2
group_size: 128
cluster Quantizing weight with shape: torch.Size([1024, 128])
cluster: 2
group_size: 128
cluster Quantizing weight with shape: torch.Size([1024, 128])
SVD 奇异值量化时间: 0.9258 秒
angle bits: 3
SVD 量化时间: 0.0149 秒
cluster: 2
group_size: 128
cluster Quantizing weight with shape: torch.Size([1024, 128])
cluster: 2
group_size: 128
cluster Quantizing weight with shape: torch.Size([1024, 128])
SVD 奇异值量化时间: 0.9305 秒
0 fc2
Quantizing ...
使用blocksize: 128进行量化
angle bits: 3
SVD 量化时间: 0.0038 秒
cluster: 2
group_size: 128
cluster Quantizing weight with shape: torch.Size([256, 128])
cluster: 2
group_size: 128
cluster Quantizing weight with shape: torch.Size([256, 128])
SVD 奇异值量化时间: 0.2318 秒
angle bits: 3
SVD 量化时间: 0.0042 秒
cluster: 2
group_size: 128
cluster Quantizing weight with shape: torch.Size([256, 128])
cluster: 2
group_size: 128
cluster Quantizing weight with shape: torch.Size([256, 128])
SVD 奇异值量化时间: 0.2347 秒
angle bits: 3
SVD 量化时间: 0.0041 秒
cluster: 2
group_size: 128
cluster Quantizing weight with shape: torch.Size([256, 128])
cluster: 2
group_size: 128
cluster Quantizing weight with shape: torch.Size([256, 128])
SVD 奇异值量化时间: 0.2319 秒
angle bits: 3
SVD 量化时间: 0.0041 秒
cluster: 2
group_size: 128
cluster Quantizing weight with shape: torch.Size([256, 128])
cluster: 2
group_size: 128
cluster Quantizing weight with shape: torch.Size([256, 128])
SVD 奇异值量化时间: 0.2404 秒
angle bits: 3
SVD 量化时间: 0.0041 秒
cluster: 2
group_size: 128
cluster Quantizing weight with shape: torch.Size([256, 128])
cluster: 2
group_size: 128
cluster Quantizing weight with shape: torch.Size([256, 128])
SVD 奇异值量化时间: 0.2322 秒
angle bits: 3
SVD 量化时间: 0.0041 秒
cluster: 2
group_size: 128
cluster Quantizing weight with shape: torch.Size([256, 128])
cluster: 2
group_size: 128
cluster Quantizing weight with shape: torch.Size([256, 128])
SVD 奇异值量化时间: 0.2285 秒
angle bits: 3
SVD 量化时间: 0.0041 秒
cluster: 2
group_size: 128
cluster Quantizing weight with shape: torch.Size([256, 128])
cluster: 2
group_size: 128
cluster Quantizing weight with shape: torch.Size([256, 128])
SVD 奇异值量化时间: 0.2294 秒
angle bits: 3
SVD 量化时间: 0.0041 秒
cluster: 2
group_size: 128
cluster Quantizing weight with shape: torch.Size([256, 128])
cluster: 2
group_size: 128
cluster Quantizing weight with shape: torch.Size([256, 128])
SVD 奇异值量化时间: 0.2366 秒
angle bits: 3
SVD 量化时间: 0.0041 秒
cluster: 2
group_size: 128
cluster Quantizing weight with shape: torch.Size([256, 128])
cluster: 2
group_size: 128
cluster Quantizing weight with shape: torch.Size([256, 128])
SVD 奇异值量化时间: 0.2370 秒
angle bits: 3
SVD 量化时间: 0.0041 秒
cluster: 2
group_size: 128
cluster Quantizing weight with shape: torch.Size([256, 128])
cluster: 2
group_size: 128
cluster Quantizing weight with shape: torch.Size([256, 128])
SVD 奇异值量化时间: 0.2306 秒
angle bits: 3
SVD 量化时间: 0.0041 秒
cluster: 2
group_size: 128
cluster Quantizing weight with shape: torch.Size([256, 128])
cluster: 2
group_size: 128
cluster Quantizing weight with shape: torch.Size([256, 128])
SVD 奇异值量化时间: 0.2298 秒
angle bits: 3
SVD 量化时间: 0.0041 秒
cluster: 2
group_size: 128
cluster Quantizing weight with shape: torch.Size([256, 128])
cluster: 2
group_size: 128
cluster Quantizing weight with shape: torch.Size([256, 128])
SVD 奇异值量化时间: 0.2332 秒
angle bits: 3
SVD 量化时间: 0.0041 秒
cluster: 2
group_size: 128
cluster Quantizing weight with shape: torch.Size([256, 128])
cluster: 2
group_size: 128
cluster Quantizing weight with shape: torch.Size([256, 128])
SVD 奇异值量化时间: 0.2338 秒
angle bits: 3
SVD 量化时间: 0.0041 秒
cluster: 2
group_size: 128
cluster Quantizing weight with shape: torch.Size([256, 128])
cluster: 2
group_size: 128
cluster Quantizing weight with shape: torch.Size([256, 128])
SVD 奇异值量化时间: 0.2327 秒
angle bits: 3
SVD 量化时间: 0.0041 秒
cluster: 2
group_size: 128
cluster Quantizing weight with shape: torch.Size([256, 128])
cluster: 2
group_size: 128
cluster Quantizing weight with shape: torch.Size([256, 128])
SVD 奇异值量化时间: 0.2320 秒
angle bits: 3
SVD 量化时间: 0.0041 秒
cluster: 2
group_size: 128
cluster Quantizing weight with shape: torch.Size([256, 128])
cluster: 2
group_size: 128
cluster Quantizing weight with shape: torch.Size([256, 128])
SVD 奇异值量化时间: 0.2330 秒
angle bits: 3
SVD 量化时间: 0.0041 秒
cluster: 2
group_size: 128
cluster Quantizing weight with shape: torch.Size([256, 128])
cluster: 2
group_size: 128
cluster Quantizing weight with shape: torch.Size([256, 128])
SVD 奇异值量化时间: 0.2363 秒
angle bits: 3
SVD 量化时间: 0.0041 秒
cluster: 2
group_size: 128
cluster Quantizing weight with shape: torch.Size([256, 128])
cluster: 2
group_size: 128
cluster Quantizing weight with shape: torch.Size([256, 128])
SVD 奇异值量化时间: 0.2306 秒
angle bits: 3
SVD 量化时间: 0.0041 秒
cluster: 2
group_size: 128
cluster Quantizing weight with shape: torch.Size([256, 128])
cluster: 2
group_size: 128
cluster Quantizing weight with shape: torch.Size([256, 128])
SVD 奇异值量化时间: 0.2297 秒
angle bits: 3
SVD 量化时间: 0.0041 秒
cluster: 2
group_size: 128
cluster Quantizing weight with shape: torch.Size([256, 128])
cluster: 2
group_size: 128
cluster Quantizing weight with shape: torch.Size([256, 128])
SVD 奇异值量化时间: 0.2291 秒
angle bits: 3
SVD 量化时间: 0.0041 秒
cluster: 2
group_size: 128
cluster Quantizing weight with shape: torch.Size([256, 128])
cluster: 2
group_size: 128
cluster Quantizing weight with shape: torch.Size([256, 128])
SVD 奇异值量化时间: 0.2347 秒
angle bits: 3
SVD 量化时间: 0.0041 秒
cluster: 2
group_size: 128
cluster Quantizing weight with shape: torch.Size([256, 128])
cluster: 2
group_size: 128
cluster Quantizing weight with shape: torch.Size([256, 128])
SVD 奇异值量化时间: 0.2395 秒
angle bits: 3
SVD 量化时间: 0.0041 秒
cluster: 2
group_size: 128
cluster Quantizing weight with shape: torch.Size([256, 128])
cluster: 2
group_size: 128
cluster Quantizing weight with shape: torch.Size([256, 128])
SVD 奇异值量化时间: 0.2343 秒
angle bits: 3
SVD 量化时间: 0.0041 秒
cluster: 2
group_size: 128
cluster Quantizing weight with shape: torch.Size([256, 128])
cluster: 2
group_size: 128
cluster Quantizing weight with shape: torch.Size([256, 128])
SVD 奇异值量化时间: 0.2331 秒
angle bits: 3
SVD 量化时间: 0.0041 秒
cluster: 2
group_size: 128
cluster Quantizing weight with shape: torch.Size([256, 128])
cluster: 2
group_size: 128
cluster Quantizing weight with shape: torch.Size([256, 128])
SVD 奇异值量化时间: 0.2346 秒
angle bits: 3
SVD 量化时间: 0.0042 秒
cluster: 2
group_size: 128
cluster Quantizing weight with shape: torch.Size([256, 128])
cluster: 2
group_size: 128
cluster Quantizing weight with shape: torch.Size([256, 128])
SVD 奇异值量化时间: 0.2359 秒
angle bits: 3
SVD 量化时间: 0.0041 秒
cluster: 2
group_size: 128
cluster Quantizing weight with shape: torch.Size([256, 128])
cluster: 2
group_size: 128
cluster Quantizing weight with shape: torch.Size([256, 128])
SVD 奇异值量化时间: 0.2313 秒
angle bits: 3
SVD 量化时间: 0.0041 秒
cluster: 2
group_size: 128
cluster Quantizing weight with shape: torch.Size([256, 128])
cluster: 2
group_size: 128
cluster Quantizing weight with shape: torch.Size([256, 128])
SVD 奇异值量化时间: 0.2294 秒
angle bits: 3
SVD 量化时间: 0.0041 秒
cluster: 2
group_size: 128
cluster Quantizing weight with shape: torch.Size([256, 128])
cluster: 2
group_size: 128
cluster Quantizing weight with shape: torch.Size([256, 128])
SVD 奇异值量化时间: 0.2310 秒
angle bits: 3
SVD 量化时间: 0.0041 秒
cluster: 2
group_size: 128
cluster Quantizing weight with shape: torch.Size([256, 128])
cluster: 2
group_size: 128
cluster Quantizing weight with shape: torch.Size([256, 128])
SVD 奇异值量化时间: 0.2378 秒
angle bits: 3
SVD 量化时间: 0.0041 秒
cluster: 2
group_size: 128
cluster Quantizing weight with shape: torch.Size([256, 128])
cluster: 2
group_size: 128
cluster Quantizing weight with shape: torch.Size([256, 128])
SVD 奇异值量化时间: 0.2302 秒
angle bits: 3
SVD 量化时间: 0.0041 秒
cluster: 2
group_size: 128
cluster Quantizing weight with shape: torch.Size([256, 128])
cluster: 2
group_size: 128
cluster Quantizing weight with shape: torch.Size([256, 128])
SVD 奇异值量化时间: 0.2338 秒
1 self_attn.k_proj
Quantizing ...
使用blocksize: 128进行量化
angle bits: 3
SVD 量化时间: 0.0041 秒
cluster: 2
group_size: 128
cluster Quantizing weight with shape: torch.Size([256, 128])
cluster: 2
group_size: 128
cluster Quantizing weight with shape: torch.Size([256, 128])
SVD 奇异值量化时间: 0.2326 秒
angle bits: 3
SVD 量化时间: 0.0041 秒
cluster: 2
group_size: 128
cluster Quantizing weight with shape: torch.Size([256, 128])
cluster: 2
group_size: 128
cluster Quantizing weight with shape: torch.Size([256, 128])
SVD 奇异值量化时间: 0.2321 秒
angle bits: 3
SVD 量化时间: 0.0041 秒
cluster: 2
group_size: 128
cluster Quantizing weight with shape: torch.Size([256, 128])
cluster: 2
group_size: 128
cluster Quantizing weight with shape: torch.Size([256, 128])
SVD 奇异值量化时间: 0.2296 秒
angle bits: 3
SVD 量化时间: 0.0042 秒
cluster: 2
group_size: 128
cluster Quantizing weight with shape: torch.Size([256, 128])
cluster: 2
group_size: 128
cluster Quantizing weight with shape: torch.Size([256, 128])
SVD 奇异值量化时间: 0.2289 秒
angle bits: 3
SVD 量化时间: 0.0041 秒
cluster: 2
group_size: 128
cluster Quantizing weight with shape: torch.Size([256, 128])
cluster: 2
group_size: 128
cluster Quantizing weight with shape: torch.Size([256, 128])
SVD 奇异值量化时间: 0.2344 秒
angle bits: 3
SVD 量化时间: 0.0041 秒
cluster: 2
group_size: 128
cluster Quantizing weight with shape: torch.Size([256, 128])
cluster: 2
group_size: 128
cluster Quantizing weight with shape: torch.Size([256, 128])
SVD 奇异值量化时间: 0.2278 秒
angle bits: 3
SVD 量化时间: 0.0041 秒
cluster: 2
group_size: 128
cluster Quantizing weight with shape: torch.Size([256, 128])
cluster: 2
group_size: 128
cluster Quantizing weight with shape: torch.Size([256, 128])
SVD 奇异值量化时间: 0.2299 秒
angle bits: 3
SVD 量化时间: 0.0041 秒
cluster: 2
group_size: 128
cluster Quantizing weight with shape: torch.Size([256, 128])
cluster: 2
group_size: 128
cluster Quantizing weight with shape: torch.Size([256, 128])
SVD 奇异值量化时间: 0.2280 秒
1 self_attn.v_proj
Quantizing ...
使用blocksize: 128进行量化
angle bits: 3
SVD 量化时间: 0.0039 秒
cluster: 2
group_size: 128
cluster Quantizing weight with shape: torch.Size([256, 128])
cluster: 2
group_size: 128
cluster Quantizing weight with shape: torch.Size([256, 128])
SVD 奇异值量化时间: 0.2316 秒
angle bits: 3
SVD 量化时间: 0.0041 秒
cluster: 2
group_size: 128
cluster Quantizing weight with shape: torch.Size([256, 128])
cluster: 2
group_size: 128
cluster Quantizing weight with shape: torch.Size([256, 128])
SVD 奇异值量化时间: 0.2316 秒
angle bits: 3
SVD 量化时间: 0.0041 秒
cluster: 2
group_size: 128
cluster Quantizing weight with shape: torch.Size([256, 128])
cluster: 2
group_size: 128
cluster Quantizing weight with shape: torch.Size([256, 128])
SVD 奇异值量化时间: 0.2300 秒
angle bits: 3
SVD 量化时间: 0.0041 秒
cluster: 2
group_size: 128
cluster Quantizing weight with shape: torch.Size([256, 128])
cluster: 2
group_size: 128
cluster Quantizing weight with shape: torch.Size([256, 128])
SVD 奇异值量化时间: 0.2318 秒
angle bits: 3
SVD 量化时间: 0.0041 秒
cluster: 2
group_size: 128
cluster Quantizing weight with shape: torch.Size([256, 128])
cluster: 2
group_size: 128
cluster Quantizing weight with shape: torch.Size([256, 128])
SVD 奇异值量化时间: 0.2317 秒
angle bits: 3
SVD 量化时间: 0.0041 秒
cluster: 2
group_size: 128
cluster Quantizing weight with shape: torch.Size([256, 128])
cluster: 2
group_size: 128
cluster Quantizing weight with shape: torch.Size([256, 128])
SVD 奇异值量化时间: 0.2348 秒
angle bits: 3
SVD 量化时间: 0.0041 秒
cluster: 2
group_size: 128
cluster Quantizing weight with shape: torch.Size([256, 128])
cluster: 2
group_size: 128
cluster Quantizing weight with shape: torch.Size([256, 128])
SVD 奇异值量化时间: 0.2276 秒
angle bits: 3
SVD 量化时间: 0.0041 秒
cluster: 2
group_size: 128
cluster Quantizing weight with shape: torch.Size([256, 128])
cluster: 2
group_size: 128
cluster Quantizing weight with shape: torch.Size([256, 128])
SVD 奇异值量化时间: 0.2328 秒
1 self_attn.q_proj
Quantizing ...
使用blocksize: 128进行量化
angle bits: 3
SVD 量化时间: 0.0039 秒
cluster: 2
group_size: 128
cluster Quantizing weight with shape: torch.Size([256, 128])
cluster: 2
group_size: 128
cluster Quantizing weight with shape: torch.Size([256, 128])
SVD 奇异值量化时间: 0.2327 秒
angle bits: 3
SVD 量化时间: 0.0041 秒
cluster: 2
group_size: 128
cluster Quantizing weight with shape: torch.Size([256, 128])
cluster: 2
group_size: 128
cluster Quantizing weight with shape: torch.Size([256, 128])
SVD 奇异值量化时间: 0.2348 秒
angle bits: 3
SVD 量化时间: 0.0041 秒
cluster: 2
group_size: 128
cluster Quantizing weight with shape: torch.Size([256, 128])
cluster: 2
group_size: 128
cluster Quantizing weight with shape: torch.Size([256, 128])
SVD 奇异值量化时间: 0.2274 秒
angle bits: 3
SVD 量化时间: 0.0041 秒
cluster: 2
group_size: 128
cluster Quantizing weight with shape: torch.Size([256, 128])
cluster: 2
group_size: 128
cluster Quantizing weight with shape: torch.Size([256, 128])
SVD 奇异值量化时间: 0.2297 秒
angle bits: 3
SVD 量化时间: 0.0041 秒
cluster: 2
group_size: 128
cluster Quantizing weight with shape: torch.Size([256, 128])
cluster: 2
group_size: 128
cluster Quantizing weight with shape: torch.Size([256, 128])
SVD 奇异值量化时间: 0.2325 秒
angle bits: 3
SVD 量化时间: 0.0041 秒
cluster: 2
group_size: 128
cluster Quantizing weight with shape: torch.Size([256, 128])
cluster: 2
group_size: 128
cluster Quantizing weight with shape: torch.Size([256, 128])
SVD 奇异值量化时间: 0.2317 秒
angle bits: 3
SVD 量化时间: 0.0041 秒
cluster: 2
group_size: 128
cluster Quantizing weight with shape: torch.Size([256, 128])
cluster: 2
group_size: 128
cluster Quantizing weight with shape: torch.Size([256, 128])
SVD 奇异值量化时间: 0.2321 秒
angle bits: 3
SVD 量化时间: 0.0041 秒
cluster: 2
group_size: 128
cluster Quantizing weight with shape: torch.Size([256, 128])
cluster: 2
group_size: 128
cluster Quantizing weight with shape: torch.Size([256, 128])
SVD 奇异值量化时间: 0.2292 秒
1 self_attn.out_proj
Quantizing ...
使用blocksize: 128进行量化
angle bits: 3
SVD 量化时间: 0.0037 秒
cluster: 2
group_size: 128
cluster Quantizing weight with shape: torch.Size([256, 128])
cluster: 2
group_size: 128
cluster Quantizing weight with shape: torch.Size([256, 128])
SVD 奇异值量化时间: 0.2320 秒
angle bits: 3
SVD 量化时间: 0.0041 秒
cluster: 2
group_size: 128
cluster Quantizing weight with shape: torch.Size([256, 128])
cluster: 2
group_size: 128
cluster Quantizing weight with shape: torch.Size([256, 128])
SVD 奇异值量化时间: 0.2294 秒
angle bits: 3
SVD 量化时间: 0.0041 秒
cluster: 2
group_size: 128
cluster Quantizing weight with shape: torch.Size([256, 128])
cluster: 2
group_size: 128
cluster Quantizing weight with shape: torch.Size([256, 128])
SVD 奇异值量化时间: 0.2352 秒
angle bits: 3
SVD 量化时间: 0.0041 秒
cluster: 2
group_size: 128
cluster Quantizing weight with shape: torch.Size([256, 128])
cluster: 2
group_size: 128
cluster Quantizing weight with shape: torch.Size([256, 128])
SVD 奇异值量化时间: 0.2300 秒
angle bits: 3
SVD 量化时间: 0.0041 秒
cluster: 2
group_size: 128
cluster Quantizing weight with shape: torch.Size([256, 128])
cluster: 2
group_size: 128
cluster Quantizing weight with shape: torch.Size([256, 128])
SVD 奇异值量化时间: 0.2318 秒
angle bits: 3
SVD 量化时间: 0.0041 秒
cluster: 2
group_size: 128
cluster Quantizing weight with shape: torch.Size([256, 128])
cluster: 2
group_size: 128
cluster Quantizing weight with shape: torch.Size([256, 128])
SVD 奇异值量化时间: 0.2311 秒
angle bits: 3
SVD 量化时间: 0.0041 秒
cluster: 2
group_size: 128
cluster Quantizing weight with shape: torch.Size([256, 128])
cluster: 2
group_size: 128
cluster Quantizing weight with shape: torch.Size([256, 128])
SVD 奇异值量化时间: 0.2378 秒
angle bits: 3
SVD 量化时间: 0.0042 秒
cluster: 2
group_size: 128
cluster Quantizing weight with shape: torch.Size([256, 128])
cluster: 2
group_size: 128
cluster Quantizing weight with shape: torch.Size([256, 128])
SVD 奇异值量化时间: 0.2307 秒
1 fc1
Quantizing ...
使用blocksize: 128进行量化
angle bits: 3
SVD 量化时间: 0.0132 秒
cluster: 2
group_size: 128
cluster Quantizing weight with shape: torch.Size([1024, 128])
cluster: 2
group_size: 128
cluster Quantizing weight with shape: torch.Size([1024, 128])
SVD 奇异值量化时间: 0.9304 秒
angle bits: 3
SVD 量化时间: 0.0149 秒
cluster: 2
group_size: 128
cluster Quantizing weight with shape: torch.Size([1024, 128])
cluster: 2
group_size: 128
cluster Quantizing weight with shape: torch.Size([1024, 128])
SVD 奇异值量化时间: 0.9328 秒
angle bits: 3
SVD 量化时间: 0.0149 秒
cluster: 2
group_size: 128
cluster Quantizing weight with shape: torch.Size([1024, 128])
cluster: 2
group_size: 128
cluster Quantizing weight with shape: torch.Size([1024, 128])
SVD 奇异值量化时间: 0.9253 秒
angle bits: 3
SVD 量化时间: 0.0149 秒
cluster: 2
group_size: 128
cluster Quantizing weight with shape: torch.Size([1024, 128])
cluster: 2
group_size: 128
cluster Quantizing weight with shape: torch.Size([1024, 128])
SVD 奇异值量化时间: 0.9213 秒
angle bits: 3
SVD 量化时间: 0.0147 秒
cluster: 2
group_size: 128
cluster Quantizing weight with shape: torch.Size([1024, 128])
cluster: 2
group_size: 128
cluster Quantizing weight with shape: torch.Size([1024, 128])
SVD 奇异值量化时间: 0.9257 秒
angle bits: 3
SVD 量化时间: 0.0149 秒
cluster: 2
group_size: 128
cluster Quantizing weight with shape: torch.Size([1024, 128])
cluster: 2
group_size: 128
cluster Quantizing weight with shape: torch.Size([1024, 128])
SVD 奇异值量化时间: 0.9238 秒
angle bits: 3
SVD 量化时间: 0.0149 秒
cluster: 2
group_size: 128
cluster Quantizing weight with shape: torch.Size([1024, 128])
cluster: 2
group_size: 128
cluster Quantizing weight with shape: torch.Size([1024, 128])
SVD 奇异值量化时间: 0.9283 秒
angle bits: 3
SVD 量化时间: 0.0149 秒
cluster: 2
group_size: 128
cluster Quantizing weight with shape: torch.Size([1024, 128])
cluster: 2
group_size: 128
cluster Quantizing weight with shape: torch.Size([1024, 128])
SVD 奇异值量化时间: 0.9252 秒
1 fc2
Quantizing ...
使用blocksize: 128进行量化
angle bits: 3
SVD 量化时间: 0.0038 秒
cluster: 2
group_size: 128
cluster Quantizing weight with shape: torch.Size([256, 128])
cluster: 2
group_size: 128
cluster Quantizing weight with shape: torch.Size([256, 128])
SVD 奇异值量化时间: 0.2300 秒
angle bits: 3
SVD 量化时间: 0.0042 秒
cluster: 2
group_size: 128
cluster Quantizing weight with shape: torch.Size([256, 128])
cluster: 2
group_size: 128
cluster Quantizing weight with shape: torch.Size([256, 128])
SVD 奇异值量化时间: 0.2354 秒
angle bits: 3
SVD 量化时间: 0.0042 秒
cluster: 2
group_size: 128
cluster Quantizing weight with shape: torch.Size([256, 128])
cluster: 2
group_size: 128
cluster Quantizing weight with shape: torch.Size([256, 128])
SVD 奇异值量化时间: 0.2344 秒
angle bits: 3
SVD 量化时间: 0.0041 秒
cluster: 2
group_size: 128
cluster Quantizing weight with shape: torch.Size([256, 128])
cluster: 2
group_size: 128
cluster Quantizing weight with shape: torch.Size([256, 128])
SVD 奇异值量化时间: 0.2293 秒
angle bits: 3
SVD 量化时间: 0.0041 秒
cluster: 2
group_size: 128
cluster Quantizing weight with shape: torch.Size([256, 128])
cluster: 2
group_size: 128
cluster Quantizing weight with shape: torch.Size([256, 128])
SVD 奇异值量化时间: 0.2296 秒
angle bits: 3
SVD 量化时间: 0.0041 秒
cluster: 2
group_size: 128
cluster Quantizing weight with shape: torch.Size([256, 128])
cluster: 2
group_size: 128
cluster Quantizing weight with shape: torch.Size([256, 128])
SVD 奇异值量化时间: 0.2320 秒
angle bits: 3
SVD 量化时间: 0.0041 秒
cluster: 2
group_size: 128
cluster Quantizing weight with shape: torch.Size([256, 128])
cluster: 2
group_size: 128
cluster Quantizing weight with shape: torch.Size([256, 128])
SVD 奇异值量化时间: 0.2366 秒
angle bits: 3
SVD 量化时间: 0.0041 秒
cluster: 2
group_size: 128
cluster Quantizing weight with shape: torch.Size([256, 128])
cluster: 2
group_size: 128
cluster Quantizing weight with shape: torch.Size([256, 128])
SVD 奇异值量化时间: 0.2324 秒
angle bits: 3
SVD 量化时间: 0.0041 秒
cluster: 2
group_size: 128
cluster Quantizing weight with shape: torch.Size([256, 128])
cluster: 2
group_size: 128
cluster Quantizing weight with shape: torch.Size([256, 128])
SVD 奇异值量化时间: 0.2308 秒
angle bits: 3
SVD 量化时间: 0.0041 秒
cluster: 2
group_size: 128
cluster Quantizing weight with shape: torch.Size([256, 128])
cluster: 2
group_size: 128
cluster Quantizing weight with shape: torch.Size([256, 128])
SVD 奇异值量化时间: 0.2310 秒
angle bits: 3
SVD 量化时间: 0.0041 秒
cluster: 2
group_size: 128
cluster Quantizing weight with shape: torch.Size([256, 128])
cluster: 2
group_size: 128
cluster Quantizing weight with shape: torch.Size([256, 128])
SVD 奇异值量化时间: 0.2373 秒
angle bits: 3
SVD 量化时间: 0.0041 秒
cluster: 2
group_size: 128
cluster Quantizing weight with shape: torch.Size([256, 128])
cluster: 2
group_size: 128
cluster Quantizing weight with shape: torch.Size([256, 128])
SVD 奇异值量化时间: 0.2337 秒
angle bits: 3
SVD 量化时间: 0.0041 秒
cluster: 2
group_size: 128
cluster Quantizing weight with shape: torch.Size([256, 128])
cluster: 2
group_size: 128
cluster Quantizing weight with shape: torch.Size([256, 128])
SVD 奇异值量化时间: 0.2309 秒
angle bits: 3
SVD 量化时间: 0.0041 秒
cluster: 2
group_size: 128
cluster Quantizing weight with shape: torch.Size([256, 128])
cluster: 2
group_size: 128
cluster Quantizing weight with shape: torch.Size([256, 128])
SVD 奇异值量化时间: 0.2297 秒
angle bits: 3
SVD 量化时间: 0.0041 秒
cluster: 2
group_size: 128
cluster Quantizing weight with shape: torch.Size([256, 128])
cluster: 2
group_size: 128
cluster Quantizing weight with shape: torch.Size([256, 128])
SVD 奇异值量化时间: 0.2331 秒
angle bits: 3
SVD 量化时间: 0.0041 秒
cluster: 2
group_size: 128
cluster Quantizing weight with shape: torch.Size([256, 128])
cluster: 2
group_size: 128
cluster Quantizing weight with shape: torch.Size([256, 128])
SVD 奇异值量化时间: 0.2357 秒
angle bits: 3
SVD 量化时间: 0.0041 秒
cluster: 2
group_size: 128
cluster Quantizing weight with shape: torch.Size([256, 128])
cluster: 2
group_size: 128
cluster Quantizing weight with shape: torch.Size([256, 128])
SVD 奇异值量化时间: 0.2336 秒
angle bits: 3
SVD 量化时间: 0.0041 秒
cluster: 2
group_size: 128
cluster Quantizing weight with shape: torch.Size([256, 128])
cluster: 2
group_size: 128
cluster Quantizing weight with shape: torch.Size([256, 128])
SVD 奇异值量化时间: 0.2285 秒
angle bits: 3
SVD 量化时间: 0.0041 秒
cluster: 2
group_size: 128
cluster Quantizing weight with shape: torch.Size([256, 128])
cluster: 2
group_size: 128
cluster Quantizing weight with shape: torch.Size([256, 128])
SVD 奇异值量化时间: 0.2304 秒
angle bits: 3
SVD 量化时间: 0.0041 秒
cluster: 2
group_size: 128
cluster Quantizing weight with shape: torch.Size([256, 128])
cluster: 2
group_size: 128
cluster Quantizing weight with shape: torch.Size([256, 128])
SVD 奇异值量化时间: 0.2366 秒
angle bits: 3
SVD 量化时间: 0.0041 秒
cluster: 2
group_size: 128
cluster Quantizing weight with shape: torch.Size([256, 128])
cluster: 2
group_size: 128
cluster Quantizing weight with shape: torch.Size([256, 128])
SVD 奇异值量化时间: 0.2299 秒
angle bits: 3
SVD 量化时间: 0.0041 秒
cluster: 2
group_size: 128
cluster Quantizing weight with shape: torch.Size([256, 128])
cluster: 2
group_size: 128
cluster Quantizing weight with shape: torch.Size([256, 128])
SVD 奇异值量化时间: 0.2295 秒
angle bits: 3
SVD 量化时间: 0.0041 秒
cluster: 2
group_size: 128
cluster Quantizing weight with shape: torch.Size([256, 128])
cluster: 2
group_size: 128
cluster Quantizing weight with shape: torch.Size([256, 128])
SVD 奇异值量化时间: 0.2286 秒
angle bits: 3
SVD 量化时间: 0.0041 秒
cluster: 2
group_size: 128
cluster Quantizing weight with shape: torch.Size([256, 128])
cluster: 2
group_size: 128
cluster Quantizing weight with shape: torch.Size([256, 128])
SVD 奇异值量化时间: 0.2345 秒
angle bits: 3
SVD 量化时间: 0.0041 秒
cluster: 2
group_size: 128
cluster Quantizing weight with shape: torch.Size([256, 128])
cluster: 2
group_size: 128
cluster Quantizing weight with shape: torch.Size([256, 128])
SVD 奇异值量化时间: 0.2336 秒
angle bits: 3
SVD 量化时间: 0.0041 秒
cluster: 2
group_size: 128
cluster Quantizing weight with shape: torch.Size([256, 128])
cluster: 2
group_size: 128
cluster Quantizing weight with shape: torch.Size([256, 128])
SVD 奇异值量化时间: 0.2305 秒
angle bits: 3
SVD 量化时间: 0.0041 秒
cluster: 2
group_size: 128
cluster Quantizing weight with shape: torch.Size([256, 128])
cluster: 2
group_size: 128
cluster Quantizing weight with shape: torch.Size([256, 128])
SVD 奇异值量化时间: 0.2306 秒
angle bits: 3
SVD 量化时间: 0.0041 秒
cluster: 2
group_size: 128
cluster Quantizing weight with shape: torch.Size([256, 128])
cluster: 2
group_size: 128
cluster Quantizing weight with shape: torch.Size([256, 128])
SVD 奇异值量化时间: 0.2303 秒
angle bits: 3
SVD 量化时间: 0.0041 秒
cluster: 2
group_size: 128
cluster Quantizing weight with shape: torch.Size([256, 128])
cluster: 2
group_size: 128
cluster Quantizing weight with shape: torch.Size([256, 128])
SVD 奇异值量化时间: 0.2365 秒
angle bits: 3
SVD 量化时间: 0.0041 秒
cluster: 2
group_size: 128
cluster Quantizing weight with shape: torch.Size([256, 128])
cluster: 2
group_size: 128
cluster Quantizing weight with shape: torch.Size([256, 128])
SVD 奇异值量化时间: 0.2313 秒
angle bits: 3
SVD 量化时间: 0.0041 秒
cluster: 2
group_size: 128
cluster Quantizing weight with shape: torch.Size([256, 128])
cluster: 2
group_size: 128
cluster Quantizing weight with shape: torch.Size([256, 128])
SVD 奇异值量化时间: 0.2290 秒
angle bits: 3
SVD 量化时间: 0.0041 秒
cluster: 2
group_size: 128
cluster Quantizing weight with shape: torch.Size([256, 128])
cluster: 2
group_size: 128
cluster Quantizing weight with shape: torch.Size([256, 128])
SVD 奇异值量化时间: 0.2301 秒
2 self_attn.k_proj
Quantizing ...
使用blocksize: 128进行量化
angle bits: 3
SVD 量化时间: 0.0041 秒
cluster: 2
group_size: 128
cluster Quantizing weight with shape: torch.Size([256, 128])
cluster: 2
group_size: 128
cluster Quantizing weight with shape: torch.Size([256, 128])
SVD 奇异值量化时间: 0.2265 秒
angle bits: 3
SVD 量化时间: 0.0041 秒
cluster: 2
group_size: 128
cluster Quantizing weight with shape: torch.Size([256, 128])
cluster: 2
group_size: 128
cluster Quantizing weight with shape: torch.Size([256, 128])
SVD 奇异值量化时间: 0.2271 秒
angle bits: 3
SVD 量化时间: 0.0041 秒
cluster: 2
group_size: 128
cluster Quantizing weight with shape: torch.Size([256, 128])
cluster: 2
group_size: 128
cluster Quantizing weight with shape: torch.Size([256, 128])
SVD 奇异值量化时间: 0.2283 秒
angle bits: 3
SVD 量化时间: 0.0041 秒
cluster: 2
group_size: 128
cluster Quantizing weight with shape: torch.Size([256, 128])
cluster: 2
group_size: 128
cluster Quantizing weight with shape: torch.Size([256, 128])
SVD 奇异值量化时间: 0.2371 秒
angle bits: 3
SVD 量化时间: 0.0041 秒
cluster: 2
group_size: 128
cluster Quantizing weight with shape: torch.Size([256, 128])
cluster: 2
group_size: 128
cluster Quantizing weight with shape: torch.Size([256, 128])
SVD 奇异值量化时间: 0.2293 秒
angle bits: 3
SVD 量化时间: 0.0041 秒
cluster: 2
group_size: 128
cluster Quantizing weight with shape: torch.Size([256, 128])
cluster: 2
group_size: 128
cluster Quantizing weight with shape: torch.Size([256, 128])
SVD 奇异值量化时间: 0.2269 秒
angle bits: 3
SVD 量化时间: 0.0041 秒
cluster: 2
group_size: 128
cluster Quantizing weight with shape: torch.Size([256, 128])
cluster: 2
group_size: 128
cluster Quantizing weight with shape: torch.Size([256, 128])
SVD 奇异值量化时间: 0.2282 秒
angle bits: 3
SVD 量化时间: 0.0041 秒
cluster: 2
group_size: 128
cluster Quantizing weight with shape: torch.Size([256, 128])
cluster: 2
group_size: 128
cluster Quantizing weight with shape: torch.Size([256, 128])
SVD 奇异值量化时间: 0.2340 秒
2 self_attn.v_proj
Quantizing ...
使用blocksize: 128进行量化
angle bits: 3
SVD 量化时间: 0.0040 秒
cluster: 2
group_size: 128
cluster Quantizing weight with shape: torch.Size([256, 128])
cluster: 2
group_size: 128
cluster Quantizing weight with shape: torch.Size([256, 128])
SVD 奇异值量化时间: 0.2311 秒
angle bits: 3
SVD 量化时间: 0.0041 秒
cluster: 2
group_size: 128
cluster Quantizing weight with shape: torch.Size([256, 128])
cluster: 2
group_size: 128
cluster Quantizing weight with shape: torch.Size([256, 128])
SVD 奇异值量化时间: 0.2254 秒
angle bits: 3
SVD 量化时间: 0.0041 秒
cluster: 2
group_size: 128
cluster Quantizing weight with shape: torch.Size([256, 128])
cluster: 2
group_size: 128
cluster Quantizing weight with shape: torch.Size([256, 128])
SVD 奇异值量化时间: 0.2260 秒
angle bits: 3
SVD 量化时间: 0.0041 秒
cluster: 2
group_size: 128
cluster Quantizing weight with shape: torch.Size([256, 128])
cluster: 2
group_size: 128
cluster Quantizing weight with shape: torch.Size([256, 128])
SVD 奇异值量化时间: 0.2291 秒
angle bits: 3
SVD 量化时间: 0.0041 秒
cluster: 2
group_size: 128
cluster Quantizing weight with shape: torch.Size([256, 128])
cluster: 2
group_size: 128
cluster Quantizing weight with shape: torch.Size([256, 128])
SVD 奇异值量化时间: 0.2359 秒
angle bits: 3
SVD 量化时间: 0.0041 秒
cluster: 2
group_size: 128
cluster Quantizing weight with shape: torch.Size([256, 128])
cluster: 2
group_size: 128
cluster Quantizing weight with shape: torch.Size([256, 128])
SVD 奇异值量化时间: 0.2287 秒
angle bits: 3
SVD 量化时间: 0.0041 秒
cluster: 2
group_size: 128
cluster Quantizing weight with shape: torch.Size([256, 128])
cluster: 2
group_size: 128
cluster Quantizing weight with shape: torch.Size([256, 128])
SVD 奇异值量化时间: 0.2349 秒
angle bits: 3
SVD 量化时间: 0.0042 秒
cluster: 2
group_size: 128
cluster Quantizing weight with shape: torch.Size([256, 128])
cluster: 2
group_size: 128
cluster Quantizing weight with shape: torch.Size([256, 128])
SVD 奇异值量化时间: 0.2394 秒
2 self_attn.q_proj
Quantizing ...
使用blocksize: 128进行量化
angle bits: 3
SVD 量化时间: 0.0040 秒
cluster: 2
group_size: 128
cluster Quantizing weight with shape: torch.Size([256, 128])
cluster: 2
group_size: 128
cluster Quantizing weight with shape: torch.Size([256, 128])
SVD 奇异值量化时间: 0.2438 秒
angle bits: 3
SVD 量化时间: 0.0042 秒
cluster: 2
group_size: 128
cluster Quantizing weight with shape: torch.Size([256, 128])
cluster: 2
group_size: 128
cluster Quantizing weight with shape: torch.Size([256, 128])
SVD 奇异值量化时间: 0.2398 秒
angle bits: 3
SVD 量化时间: 0.0041 秒
cluster: 2
group_size: 128
cluster Quantizing weight with shape: torch.Size([256, 128])
cluster: 2
group_size: 128
cluster Quantizing weight with shape: torch.Size([256, 128])
SVD 奇异值量化时间: 0.2637 秒
angle bits: 3
SVD 量化时间: 0.0041 秒
cluster: 2
group_size: 128
cluster Quantizing weight with shape: torch.Size([256, 128])
cluster: 2
group_size: 128
cluster Quantizing weight with shape: torch.Size([256, 128])
SVD 奇异值量化时间: 0.2400 秒
angle bits: 3
SVD 量化时间: 0.0042 秒
cluster: 2
group_size: 128
cluster Quantizing weight with shape: torch.Size([256, 128])
cluster: 2
group_size: 128
cluster Quantizing weight with shape: torch.Size([256, 128])
SVD 奇异值量化时间: 0.2411 秒
angle bits: 3
SVD 量化时间: 0.0042 秒
cluster: 2
group_size: 128
cluster Quantizing weight with shape: torch.Size([256, 128])
cluster: 2
group_size: 128
cluster Quantizing weight with shape: torch.Size([256, 128])
SVD 奇异值量化时间: 0.2426 秒
angle bits: 3
SVD 量化时间: 0.0042 秒
cluster: 2
group_size: 128
cluster Quantizing weight with shape: torch.Size([256, 128])
cluster: 2
group_size: 128
cluster Quantizing weight with shape: torch.Size([256, 128])
SVD 奇异值量化时间: 0.2397 秒
angle bits: 3
SVD 量化时间: 0.0041 秒
cluster: 2
group_size: 128
cluster Quantizing weight with shape: torch.Size([256, 128])
cluster: 2
group_size: 128
cluster Quantizing weight with shape: torch.Size([256, 128])
SVD 奇异值量化时间: 0.2410 秒
2 self_attn.out_proj
Quantizing ...
使用blocksize: 128进行量化
angle bits: 3
SVD 量化时间: 0.0038 秒
cluster: 2
group_size: 128
cluster Quantizing weight with shape: torch.Size([256, 128])
cluster: 2
group_size: 128
cluster Quantizing weight with shape: torch.Size([256, 128])
SVD 奇异值量化时间: 0.2401 秒
angle bits: 3
SVD 量化时间: 0.0042 秒
cluster: 2
group_size: 128
cluster Quantizing weight with shape: torch.Size([256, 128])
cluster: 2
group_size: 128
cluster Quantizing weight with shape: torch.Size([256, 128])
SVD 奇异值量化时间: 0.2405 秒
angle bits: 3
SVD 量化时间: 0.0042 秒
cluster: 2
group_size: 128
cluster Quantizing weight with shape: torch.Size([256, 128])
cluster: 2
group_size: 128
cluster Quantizing weight with shape: torch.Size([256, 128])
SVD 奇异值量化时间: 0.2377 秒
angle bits: 3
SVD 量化时间: 0.0042 秒
cluster: 2
group_size: 128
cluster Quantizing weight with shape: torch.Size([256, 128])
cluster: 2
group_size: 128
cluster Quantizing weight with shape: torch.Size([256, 128])
SVD 奇异值量化时间: 0.2396 秒
angle bits: 3
SVD 量化时间: 0.0042 秒
cluster: 2
group_size: 128
cluster Quantizing weight with shape: torch.Size([256, 128])
cluster: 2
group_size: 128
cluster Quantizing weight with shape: torch.Size([256, 128])
SVD 奇异值量化时间: 0.2420 秒
angle bits: 3
SVD 量化时间: 0.0042 秒
cluster: 2
group_size: 128
cluster Quantizing weight with shape: torch.Size([256, 128])
cluster: 2
group_size: 128
cluster Quantizing weight with shape: torch.Size([256, 128])
SVD 奇异值量化时间: 0.2407 秒
angle bits: 3
SVD 量化时间: 0.0041 秒
cluster: 2
group_size: 128
cluster Quantizing weight with shape: torch.Size([256, 128])
cluster: 2
group_size: 128
cluster Quantizing weight with shape: torch.Size([256, 128])
SVD 奇异值量化时间: 0.2433 秒
angle bits: 3
SVD 量化时间: 0.0041 秒
cluster: 2
group_size: 128
cluster Quantizing weight with shape: torch.Size([256, 128])
cluster: 2
group_size: 128
cluster Quantizing weight with shape: torch.Size([256, 128])
SVD 奇异值量化时间: 0.2414 秒
2 fc1
Quantizing ...
使用blocksize: 128进行量化
angle bits: 3
SVD 量化时间: 0.0134 秒
cluster: 2
group_size: 128
cluster Quantizing weight with shape: torch.Size([1024, 128])
cluster: 2
group_size: 128
cluster Quantizing weight with shape: torch.Size([1024, 128])
SVD 奇异值量化时间: 0.9545 秒
angle bits: 3
SVD 量化时间: 0.0150 秒
cluster: 2
group_size: 128
cluster Quantizing weight with shape: torch.Size([1024, 128])
cluster: 2
group_size: 128
cluster Quantizing weight with shape: torch.Size([1024, 128])
SVD 奇异值量化时间: 0.9704 秒
angle bits: 3
SVD 量化时间: 0.0149 秒
cluster: 2
group_size: 128
cluster Quantizing weight with shape: torch.Size([1024, 128])
cluster: 2
group_size: 128
cluster Quantizing weight with shape: torch.Size([1024, 128])
SVD 奇异值量化时间: 0.9607 秒
angle bits: 3
SVD 量化时间: 0.0149 秒
cluster: 2
group_size: 128
cluster Quantizing weight with shape: torch.Size([1024, 128])
cluster: 2
group_size: 128
cluster Quantizing weight with shape: torch.Size([1024, 128])
SVD 奇异值量化时间: 0.9298 秒
angle bits: 3
SVD 量化时间: 0.0147 秒
cluster: 2
group_size: 128
cluster Quantizing weight with shape: torch.Size([1024, 128])
cluster: 2
group_size: 128
cluster Quantizing weight with shape: torch.Size([1024, 128])
SVD 奇异值量化时间: 0.9221 秒
angle bits: 3
SVD 量化时间: 0.0149 秒
cluster: 2
group_size: 128
cluster Quantizing weight with shape: torch.Size([1024, 128])
cluster: 2
group_size: 128
cluster Quantizing weight with shape: torch.Size([1024, 128])
SVD 奇异值量化时间: 0.9432 秒
angle bits: 3
SVD 量化时间: 0.0150 秒
cluster: 2
group_size: 128
cluster Quantizing weight with shape: torch.Size([1024, 128])
cluster: 2
group_size: 128
cluster Quantizing weight with shape: torch.Size([1024, 128])
SVD 奇异值量化时间: 0.9412 秒
angle bits: 3
SVD 量化时间: 0.0149 秒
cluster: 2
group_size: 128
cluster Quantizing weight with shape: torch.Size([1024, 128])
cluster: 2
group_size: 128
cluster Quantizing weight with shape: torch.Size([1024, 128])
SVD 奇异值量化时间: 0.9265 秒
2 fc2
Quantizing ...
使用blocksize: 128进行量化
angle bits: 3
SVD 量化时间: 0.0038 秒
cluster: 2
group_size: 128
cluster Quantizing weight with shape: torch.Size([256, 128])
cluster: 2
group_size: 128
cluster Quantizing weight with shape: torch.Size([256, 128])
SVD 奇异值量化时间: 0.2311 秒
angle bits: 3
SVD 量化时间: 0.0042 秒
cluster: 2
group_size: 128
cluster Quantizing weight with shape: torch.Size([256, 128])
cluster: 2
group_size: 128
cluster Quantizing weight with shape: torch.Size([256, 128])
SVD 奇异值量化时间: 0.2344 秒
angle bits: 3
SVD 量化时间: 0.0041 秒
cluster: 2
group_size: 128
cluster Quantizing weight with shape: torch.Size([256, 128])
cluster: 2
group_size: 128
cluster Quantizing weight with shape: torch.Size([256, 128])
SVD 奇异值量化时间: 0.2325 秒
angle bits: 3
SVD 量化时间: 0.0041 秒
cluster: 2
group_size: 128
cluster Quantizing weight with shape: torch.Size([256, 128])
cluster: 2
group_size: 128
cluster Quantizing weight with shape: torch.Size([256, 128])
SVD 奇异值量化时间: 0.2363 秒
angle bits: 3
SVD 量化时间: 0.0042 秒
cluster: 2
group_size: 128
cluster Quantizing weight with shape: torch.Size([256, 128])
cluster: 2
group_size: 128
cluster Quantizing weight with shape: torch.Size([256, 128])
SVD 奇异值量化时间: 0.2313 秒
angle bits: 3
SVD 量化时间: 0.0041 秒
cluster: 2
group_size: 128
cluster Quantizing weight with shape: torch.Size([256, 128])
cluster: 2
group_size: 128
cluster Quantizing weight with shape: torch.Size([256, 128])
SVD 奇异值量化时间: 0.2298 秒
angle bits: 3
SVD 量化时间: 0.0041 秒
cluster: 2
group_size: 128
cluster Quantizing weight with shape: torch.Size([256, 128])
cluster: 2
group_size: 128
cluster Quantizing weight with shape: torch.Size([256, 128])
SVD 奇异值量化时间: 0.2343 秒
angle bits: 3
SVD 量化时间: 0.0041 秒
cluster: 2
group_size: 128
cluster Quantizing weight with shape: torch.Size([256, 128])
cluster: 2
group_size: 128
cluster Quantizing weight with shape: torch.Size([256, 128])
SVD 奇异值量化时间: 0.2321 秒
angle bits: 3
SVD 量化时间: 0.0042 秒
cluster: 2
group_size: 128
cluster Quantizing weight with shape: torch.Size([256, 128])
cluster: 2
group_size: 128
cluster Quantizing weight with shape: torch.Size([256, 128])
SVD 奇异值量化时间: 0.2359 秒
angle bits: 3
SVD 量化时间: 0.0041 秒
cluster: 2
group_size: 128
cluster Quantizing weight with shape: torch.Size([256, 128])
cluster: 2
group_size: 128
cluster Quantizing weight with shape: torch.Size([256, 128])
SVD 奇异值量化时间: 0.2295 秒
angle bits: 3
SVD 量化时间: 0.0041 秒
cluster: 2
group_size: 128
cluster Quantizing weight with shape: torch.Size([256, 128])
cluster: 2
group_size: 128
cluster Quantizing weight with shape: torch.Size([256, 128])
SVD 奇异值量化时间: 0.2314 秒
angle bits: 3
SVD 量化时间: 0.0041 秒
cluster: 2
group_size: 128
cluster Quantizing weight with shape: torch.Size([256, 128])
cluster: 2
group_size: 128
cluster Quantizing weight with shape: torch.Size([256, 128])
SVD 奇异值量化时间: 0.2297 秒
angle bits: 3
SVD 量化时间: 0.0041 秒
cluster: 2
group_size: 128
cluster Quantizing weight with shape: torch.Size([256, 128])
cluster: 2
group_size: 128
cluster Quantizing weight with shape: torch.Size([256, 128])
SVD 奇异值量化时间: 0.2384 秒
angle bits: 3
SVD 量化时间: 0.0041 秒
cluster: 2
group_size: 128
cluster Quantizing weight with shape: torch.Size([256, 128])
cluster: 2
group_size: 128
cluster Quantizing weight with shape: torch.Size([256, 128])
SVD 奇异值量化时间: 0.2398 秒
angle bits: 3
SVD 量化时间: 0.0042 秒
cluster: 2
group_size: 128
cluster Quantizing weight with shape: torch.Size([256, 128])
cluster: 2
group_size: 128
cluster Quantizing weight with shape: torch.Size([256, 128])
SVD 奇异值量化时间: 0.2329 秒
angle bits: 3
SVD 量化时间: 0.0042 秒
cluster: 2
group_size: 128
cluster Quantizing weight with shape: torch.Size([256, 128])
cluster: 2
group_size: 128
cluster Quantizing weight with shape: torch.Size([256, 128])
SVD 奇异值量化时间: 0.2320 秒
angle bits: 3
SVD 量化时间: 0.0042 秒
cluster: 2
group_size: 128
cluster Quantizing weight with shape: torch.Size([256, 128])
cluster: 2
group_size: 128
cluster Quantizing weight with shape: torch.Size([256, 128])
SVD 奇异值量化时间: 0.2336 秒
angle bits: 3
SVD 量化时间: 0.0041 秒
cluster: 2
group_size: 128
cluster Quantizing weight with shape: torch.Size([256, 128])
cluster: 2
group_size: 128
cluster Quantizing weight with shape: torch.Size([256, 128])
SVD 奇异值量化时间: 0.2312 秒
angle bits: 3
SVD 量化时间: 0.0041 秒
cluster: 2
group_size: 128
cluster Quantizing weight with shape: torch.Size([256, 128])
cluster: 2
group_size: 128
cluster Quantizing weight with shape: torch.Size([256, 128])
SVD 奇异值量化时间: 0.2338 秒
angle bits: 3
SVD 量化时间: 0.0041 秒
cluster: 2
group_size: 128
cluster Quantizing weight with shape: torch.Size([256, 128])
cluster: 2
group_size: 128
cluster Quantizing weight with shape: torch.Size([256, 128])
SVD 奇异值量化时间: 0.2319 秒
angle bits: 3
SVD 量化时间: 0.0041 秒
cluster: 2
group_size: 128
cluster Quantizing weight with shape: torch.Size([256, 128])
cluster: 2
group_size: 128
cluster Quantizing weight with shape: torch.Size([256, 128])
SVD 奇异值量化时间: 0.2284 秒
angle bits: 3
SVD 量化时间: 0.0041 秒
cluster: 2
group_size: 128
cluster Quantizing weight with shape: torch.Size([256, 128])
cluster: 2
group_size: 128
cluster Quantizing weight with shape: torch.Size([256, 128])
SVD 奇异值量化时间: 0.2371 秒
angle bits: 3
SVD 量化时间: 0.0041 秒
cluster: 2
group_size: 128
cluster Quantizing weight with shape: torch.Size([256, 128])
cluster: 2
group_size: 128
cluster Quantizing weight with shape: torch.Size([256, 128])
SVD 奇异值量化时间: 0.2317 秒
angle bits: 3
SVD 量化时间: 0.0041 秒
cluster: 2
group_size: 128
cluster Quantizing weight with shape: torch.Size([256, 128])
cluster: 2
group_size: 128
cluster Quantizing weight with shape: torch.Size([256, 128])
SVD 奇异值量化时间: 0.2333 秒
angle bits: 3
SVD 量化时间: 0.0041 秒
cluster: 2
group_size: 128
cluster Quantizing weight with shape: torch.Size([256, 128])
cluster: 2
group_size: 128
cluster Quantizing weight with shape: torch.Size([256, 128])
SVD 奇异值量化时间: 0.2329 秒
angle bits: 3
SVD 量化时间: 0.0041 秒
cluster: 2
group_size: 128
cluster Quantizing weight with shape: torch.Size([256, 128])
cluster: 2
group_size: 128
cluster Quantizing weight with shape: torch.Size([256, 128])
SVD 奇异值量化时间: 0.2371 秒
angle bits: 3
SVD 量化时间: 0.0041 秒
cluster: 2
group_size: 128
cluster Quantizing weight with shape: torch.Size([256, 128])
cluster: 2
group_size: 128
cluster Quantizing weight with shape: torch.Size([256, 128])
SVD 奇异值量化时间: 0.2319 秒
angle bits: 3
SVD 量化时间: 0.0041 秒
cluster: 2
group_size: 128
cluster Quantizing weight with shape: torch.Size([256, 128])
cluster: 2
group_size: 128
cluster Quantizing weight with shape: torch.Size([256, 128])
SVD 奇异值量化时间: 0.2321 秒
angle bits: 3
SVD 量化时间: 0.0041 秒
cluster: 2
group_size: 128
cluster Quantizing weight with shape: torch.Size([256, 128])
cluster: 2
group_size: 128
cluster Quantizing weight with shape: torch.Size([256, 128])
SVD 奇异值量化时间: 0.2352 秒
angle bits: 3
SVD 量化时间: 0.0041 秒
cluster: 2
group_size: 128
cluster Quantizing weight with shape: torch.Size([256, 128])
cluster: 2
group_size: 128
cluster Quantizing weight with shape: torch.Size([256, 128])
SVD 奇异值量化时间: 0.2352 秒
angle bits: 3
SVD 量化时间: 0.0041 秒
cluster: 2
group_size: 128
cluster Quantizing weight with shape: torch.Size([256, 128])
cluster: 2
group_size: 128
cluster Quantizing weight with shape: torch.Size([256, 128])
SVD 奇异值量化时间: 0.2352 秒
angle bits: 3
SVD 量化时间: 0.0041 秒
cluster: 2
group_size: 128
cluster Quantizing weight with shape: torch.Size([256, 128])
cluster: 2
group_size: 128
cluster Quantizing weight with shape: torch.Size([256, 128])
SVD 奇异值量化时间: 0.2322 秒
3 self_attn.k_proj
Quantizing ...
使用blocksize: 128进行量化
angle bits: 3
SVD 量化时间: 0.0040 秒
cluster: 2
group_size: 128
cluster Quantizing weight with shape: torch.Size([256, 128])
cluster: 2
group_size: 128
cluster Quantizing weight with shape: torch.Size([256, 128])
SVD 奇异值量化时间: 0.2367 秒
angle bits: 3
SVD 量化时间: 0.0042 秒
cluster: 2
group_size: 128
cluster Quantizing weight with shape: torch.Size([256, 128])
cluster: 2
group_size: 128
cluster Quantizing weight with shape: torch.Size([256, 128])
SVD 奇异值量化时间: 0.2327 秒
angle bits: 3
SVD 量化时间: 0.0041 秒
cluster: 2
group_size: 128
cluster Quantizing weight with shape: torch.Size([256, 128])
cluster: 2
group_size: 128
cluster Quantizing weight with shape: torch.Size([256, 128])
SVD 奇异值量化时间: 0.2293 秒
angle bits: 3
SVD 量化时间: 0.0041 秒
cluster: 2
group_size: 128
cluster Quantizing weight with shape: torch.Size([256, 128])
cluster: 2
group_size: 128
cluster Quantizing weight with shape: torch.Size([256, 128])
SVD 奇异值量化时间: 0.2308 秒
angle bits: 3
SVD 量化时间: 0.0041 秒
cluster: 2
group_size: 128
cluster Quantizing weight with shape: torch.Size([256, 128])
cluster: 2
group_size: 128
cluster Quantizing weight with shape: torch.Size([256, 128])
SVD 奇异值量化时间: 0.2339 秒
angle bits: 3
SVD 量化时间: 0.0041 秒
cluster: 2
group_size: 128
cluster Quantizing weight with shape: torch.Size([256, 128])
cluster: 2
group_size: 128
cluster Quantizing weight with shape: torch.Size([256, 128])
SVD 奇异值量化时间: 0.2301 秒
angle bits: 3
SVD 量化时间: 0.0041 秒
cluster: 2
group_size: 128
cluster Quantizing weight with shape: torch.Size([256, 128])
cluster: 2
group_size: 128
cluster Quantizing weight with shape: torch.Size([256, 128])
SVD 奇异值量化时间: 0.2290 秒
angle bits: 3
SVD 量化时间: 0.0041 秒
cluster: 2
group_size: 128
cluster Quantizing weight with shape: torch.Size([256, 128])
cluster: 2
group_size: 128
cluster Quantizing weight with shape: torch.Size([256, 128])
SVD 奇异值量化时间: 0.2279 秒
3 self_attn.v_proj
Quantizing ...
使用blocksize: 128进行量化
angle bits: 3
SVD 量化时间: 0.0039 秒
cluster: 2
group_size: 128
cluster Quantizing weight with shape: torch.Size([256, 128])
cluster: 2
group_size: 128
cluster Quantizing weight with shape: torch.Size([256, 128])
SVD 奇异值量化时间: 0.2307 秒
angle bits: 3
SVD 量化时间: 0.0041 秒
cluster: 2
group_size: 128
cluster Quantizing weight with shape: torch.Size([256, 128])
cluster: 2
group_size: 128
cluster Quantizing weight with shape: torch.Size([256, 128])
SVD 奇异值量化时间: 0.2366 秒
angle bits: 3
SVD 量化时间: 0.0041 秒
cluster: 2
group_size: 128
cluster Quantizing weight with shape: torch.Size([256, 128])
cluster: 2
group_size: 128
cluster Quantizing weight with shape: torch.Size([256, 128])
SVD 奇异值量化时间: 0.2311 秒
angle bits: 3
SVD 量化时间: 0.0041 秒
cluster: 2
group_size: 128
cluster Quantizing weight with shape: torch.Size([256, 128])
cluster: 2
group_size: 128
cluster Quantizing weight with shape: torch.Size([256, 128])
SVD 奇异值量化时间: 0.2297 秒
angle bits: 3
SVD 量化时间: 0.0041 秒
cluster: 2
group_size: 128
cluster Quantizing weight with shape: torch.Size([256, 128])
cluster: 2
group_size: 128
cluster Quantizing weight with shape: torch.Size([256, 128])
SVD 奇异值量化时间: 0.2305 秒
angle bits: 3
SVD 量化时间: 0.0041 秒
cluster: 2
group_size: 128
cluster Quantizing weight with shape: torch.Size([256, 128])
cluster: 2
group_size: 128
cluster Quantizing weight with shape: torch.Size([256, 128])
SVD 奇异值量化时间: 0.3489 秒
angle bits: 3
SVD 量化时间: 0.0041 秒
cluster: 2
group_size: 128
cluster Quantizing weight with shape: torch.Size([256, 128])
cluster: 2
group_size: 128
cluster Quantizing weight with shape: torch.Size([256, 128])
SVD 奇异值量化时间: 0.2294 秒
angle bits: 3
SVD 量化时间: 0.0041 秒
cluster: 2
group_size: 128
cluster Quantizing weight with shape: torch.Size([256, 128])
cluster: 2
group_size: 128
cluster Quantizing weight with shape: torch.Size([256, 128])
SVD 奇异值量化时间: 0.2311 秒
3 self_attn.q_proj
Quantizing ...
使用blocksize: 128进行量化
angle bits: 3
SVD 量化时间: 0.0039 秒
cluster: 2
group_size: 128
cluster Quantizing weight with shape: torch.Size([256, 128])
cluster: 2
group_size: 128
cluster Quantizing weight with shape: torch.Size([256, 128])
SVD 奇异值量化时间: 0.2313 秒
angle bits: 3
SVD 量化时间: 0.0041 秒
cluster: 2
group_size: 128
cluster Quantizing weight with shape: torch.Size([256, 128])
cluster: 2
group_size: 128
cluster Quantizing weight with shape: torch.Size([256, 128])
SVD 奇异值量化时间: 0.2374 秒
angle bits: 3
SVD 量化时间: 0.0041 秒
cluster: 2
group_size: 128
cluster Quantizing weight with shape: torch.Size([256, 128])
cluster: 2
group_size: 128
cluster Quantizing weight with shape: torch.Size([256, 128])
SVD 奇异值量化时间: 0.2300 秒
angle bits: 3
SVD 量化时间: 0.0041 秒
cluster: 2
group_size: 128
cluster Quantizing weight with shape: torch.Size([256, 128])
cluster: 2
group_size: 128
cluster Quantizing weight with shape: torch.Size([256, 128])
SVD 奇异值量化时间: 0.2295 秒
angle bits: 3
SVD 量化时间: 0.0041 秒
cluster: 2
group_size: 128
cluster Quantizing weight with shape: torch.Size([256, 128])
cluster: 2
group_size: 128
cluster Quantizing weight with shape: torch.Size([256, 128])
SVD 奇异值量化时间: 0.2344 秒
angle bits: 3
SVD 量化时间: 0.0041 秒
cluster: 2
group_size: 128
cluster Quantizing weight with shape: torch.Size([256, 128])
cluster: 2
group_size: 128
cluster Quantizing weight with shape: torch.Size([256, 128])
SVD 奇异值量化时间: 0.2396 秒
angle bits: 3
SVD 量化时间: 0.0042 秒
cluster: 2
group_size: 128
cluster Quantizing weight with shape: torch.Size([256, 128])
cluster: 2
group_size: 128
cluster Quantizing weight with shape: torch.Size([256, 128])
SVD 奇异值量化时间: 0.2335 秒
angle bits: 3
SVD 量化时间: 0.0041 秒
cluster: 2
group_size: 128
cluster Quantizing weight with shape: torch.Size([256, 128])
cluster: 2
group_size: 128
cluster Quantizing weight with shape: torch.Size([256, 128])
SVD 奇异值量化时间: 0.2290 秒
3 self_attn.out_proj
Quantizing ...
使用blocksize: 128进行量化
angle bits: 3
SVD 量化时间: 0.0037 秒
cluster: 2
group_size: 128
cluster Quantizing weight with shape: torch.Size([256, 128])
cluster: 2
group_size: 128
cluster Quantizing weight with shape: torch.Size([256, 128])
SVD 奇异值量化时间: 0.2327 秒
angle bits: 3
SVD 量化时间: 0.0041 秒
cluster: 2
group_size: 128
cluster Quantizing weight with shape: torch.Size([256, 128])
cluster: 2
group_size: 128
cluster Quantizing weight with shape: torch.Size([256, 128])
SVD 奇异值量化时间: 0.2292 秒
angle bits: 3
SVD 量化时间: 0.0041 秒
cluster: 2
group_size: 128
cluster Quantizing weight with shape: torch.Size([256, 128])
cluster: 2
group_size: 128
cluster Quantizing weight with shape: torch.Size([256, 128])
SVD 奇异值量化时间: 0.2388 秒
angle bits: 3
SVD 量化时间: 0.0041 秒
cluster: 2
group_size: 128
cluster Quantizing weight with shape: torch.Size([256, 128])
cluster: 2
group_size: 128
cluster Quantizing weight with shape: torch.Size([256, 128])
SVD 奇异值量化时间: 0.2281 秒
angle bits: 3
SVD 量化时间: 0.0041 秒
cluster: 2
group_size: 128
cluster Quantizing weight with shape: torch.Size([256, 128])
cluster: 2
group_size: 128
cluster Quantizing weight with shape: torch.Size([256, 128])
SVD 奇异值量化时间: 0.2295 秒
angle bits: 3
SVD 量化时间: 0.0041 秒
cluster: 2
group_size: 128
cluster Quantizing weight with shape: torch.Size([256, 128])
cluster: 2
group_size: 128
cluster Quantizing weight with shape: torch.Size([256, 128])
SVD 奇异值量化时间: 0.2294 秒
angle bits: 3
SVD 量化时间: 0.0041 秒
cluster: 2
group_size: 128
cluster Quantizing weight with shape: torch.Size([256, 128])
cluster: 2
group_size: 128
cluster Quantizing weight with shape: torch.Size([256, 128])
SVD 奇异值量化时间: 0.2358 秒
angle bits: 3
SVD 量化时间: 0.0041 秒
cluster: 2
group_size: 128
cluster Quantizing weight with shape: torch.Size([256, 128])
cluster: 2
group_size: 128
cluster Quantizing weight with shape: torch.Size([256, 128])
SVD 奇异值量化时间: 0.2359 秒
3 fc1
Quantizing ...
使用blocksize: 128进行量化
angle bits: 3
SVD 量化时间: 0.0134 秒
cluster: 2
group_size: 128
cluster Quantizing weight with shape: torch.Size([1024, 128])
cluster: 2
group_size: 128
cluster Quantizing weight with shape: torch.Size([1024, 128])
SVD 奇异值量化时间: 0.9244 秒
angle bits: 3
SVD 量化时间: 0.0150 秒
cluster: 2
group_size: 128
cluster Quantizing weight with shape: torch.Size([1024, 128])
cluster: 2
group_size: 128
cluster Quantizing weight with shape: torch.Size([1024, 128])
SVD 奇异值量化时间: 0.9245 秒
angle bits: 3
SVD 量化时间: 0.0149 秒
cluster: 2
group_size: 128
cluster Quantizing weight with shape: torch.Size([1024, 128])
cluster: 2
group_size: 128
cluster Quantizing weight with shape: torch.Size([1024, 128])
SVD 奇异值量化时间: 0.9335 秒
angle bits: 3
SVD 量化时间: 0.0150 秒
cluster: 2
group_size: 128
cluster Quantizing weight with shape: torch.Size([1024, 128])
cluster: 2
group_size: 128
cluster Quantizing weight with shape: torch.Size([1024, 128])
SVD 奇异值量化时间: 0.9326 秒
angle bits: 3
SVD 量化时间: 0.0148 秒
cluster: 2
group_size: 128
cluster Quantizing weight with shape: torch.Size([1024, 128])
cluster: 2
group_size: 128
cluster Quantizing weight with shape: torch.Size([1024, 128])
SVD 奇异值量化时间: 0.9345 秒
angle bits: 3
SVD 量化时间: 0.0149 秒
cluster: 2
group_size: 128
cluster Quantizing weight with shape: torch.Size([1024, 128])
cluster: 2
group_size: 128
cluster Quantizing weight with shape: torch.Size([1024, 128])
SVD 奇异值量化时间: 0.9295 秒
angle bits: 3
SVD 量化时间: 0.0149 秒
cluster: 2
group_size: 128
cluster Quantizing weight with shape: torch.Size([1024, 128])
cluster: 2
group_size: 128
cluster Quantizing weight with shape: torch.Size([1024, 128])
SVD 奇异值量化时间: 0.9252 秒
angle bits: 3
SVD 量化时间: 0.0149 秒
cluster: 2
group_size: 128
cluster Quantizing weight with shape: torch.Size([1024, 128])
cluster: 2
group_size: 128
cluster Quantizing weight with shape: torch.Size([1024, 128])
SVD 奇异值量化时间: 0.9260 秒
3 fc2
Quantizing ...
使用blocksize: 128进行量化
angle bits: 3
SVD 量化时间: 0.0038 秒
cluster: 2
group_size: 128
cluster Quantizing weight with shape: torch.Size([256, 128])
cluster: 2
group_size: 128
cluster Quantizing weight with shape: torch.Size([256, 128])
SVD 奇异值量化时间: 0.2295 秒
angle bits: 3
SVD 量化时间: 0.0041 秒
cluster: 2
group_size: 128
cluster Quantizing weight with shape: torch.Size([256, 128])
cluster: 2
group_size: 128
cluster Quantizing weight with shape: torch.Size([256, 128])
SVD 奇异值量化时间: 0.2364 秒
angle bits: 3
SVD 量化时间: 0.0042 秒
cluster: 2
group_size: 128
cluster Quantizing weight with shape: torch.Size([256, 128])
cluster: 2
group_size: 128
cluster Quantizing weight with shape: torch.Size([256, 128])
SVD 奇异值量化时间: 0.2348 秒
angle bits: 3
SVD 量化时间: 0.0042 秒
cluster: 2
group_size: 128
cluster Quantizing weight with shape: torch.Size([256, 128])
cluster: 2
group_size: 128
cluster Quantizing weight with shape: torch.Size([256, 128])
SVD 奇异值量化时间: 0.2388 秒
angle bits: 3
SVD 量化时间: 0.0042 秒
cluster: 2
group_size: 128
cluster Quantizing weight with shape: torch.Size([256, 128])
cluster: 2
group_size: 128
cluster Quantizing weight with shape: torch.Size([256, 128])
SVD 奇异值量化时间: 0.2355 秒
angle bits: 3
SVD 量化时间: 0.0042 秒
cluster: 2
group_size: 128
cluster Quantizing weight with shape: torch.Size([256, 128])
cluster: 2
group_size: 128
cluster Quantizing weight with shape: torch.Size([256, 128])
SVD 奇异值量化时间: 0.2365 秒
angle bits: 3
SVD 量化时间: 0.0042 秒
cluster: 2
group_size: 128
cluster Quantizing weight with shape: torch.Size([256, 128])
cluster: 2
group_size: 128
cluster Quantizing weight with shape: torch.Size([256, 128])
SVD 奇异值量化时间: 0.2379 秒
angle bits: 3
SVD 量化时间: 0.0042 秒
cluster: 2
group_size: 128
cluster Quantizing weight with shape: torch.Size([256, 128])
cluster: 2
group_size: 128
cluster Quantizing weight with shape: torch.Size([256, 128])
SVD 奇异值量化时间: 0.2330 秒
angle bits: 3
SVD 量化时间: 0.0042 秒
cluster: 2
group_size: 128
cluster Quantizing weight with shape: torch.Size([256, 128])
cluster: 2
group_size: 128
cluster Quantizing weight with shape: torch.Size([256, 128])
SVD 奇异值量化时间: 0.2312 秒
angle bits: 3
SVD 量化时间: 0.0041 秒
cluster: 2
group_size: 128
cluster Quantizing weight with shape: torch.Size([256, 128])
cluster: 2
group_size: 128
cluster Quantizing weight with shape: torch.Size([256, 128])
SVD 奇异值量化时间: 0.2365 秒
angle bits: 3
SVD 量化时间: 0.0041 秒
cluster: 2
group_size: 128
cluster Quantizing weight with shape: torch.Size([256, 128])
cluster: 2
group_size: 128
cluster Quantizing weight with shape: torch.Size([256, 128])
SVD 奇异值量化时间: 0.2372 秒
angle bits: 3
SVD 量化时间: 0.0042 秒
cluster: 2
group_size: 128
cluster Quantizing weight with shape: torch.Size([256, 128])
cluster: 2
group_size: 128
cluster Quantizing weight with shape: torch.Size([256, 128])
SVD 奇异值量化时间: 0.2360 秒
angle bits: 3
SVD 量化时间: 0.0042 秒
cluster: 2
group_size: 128
cluster Quantizing weight with shape: torch.Size([256, 128])
cluster: 2
group_size: 128
cluster Quantizing weight with shape: torch.Size([256, 128])
SVD 奇异值量化时间: 0.2322 秒
angle bits: 3
SVD 量化时间: 0.0041 秒
cluster: 2
group_size: 128
cluster Quantizing weight with shape: torch.Size([256, 128])
cluster: 2
group_size: 128
cluster Quantizing weight with shape: torch.Size([256, 128])
SVD 奇异值量化时间: 0.2305 秒
angle bits: 3
SVD 量化时间: 0.0041 秒
cluster: 2
group_size: 128
cluster Quantizing weight with shape: torch.Size([256, 128])
cluster: 2
group_size: 128
cluster Quantizing weight with shape: torch.Size([256, 128])
SVD 奇异值量化时间: 0.2361 秒
angle bits: 3
SVD 量化时间: 0.0041 秒
cluster: 2
group_size: 128
cluster Quantizing weight with shape: torch.Size([256, 128])
cluster: 2
group_size: 128
cluster Quantizing weight with shape: torch.Size([256, 128])
SVD 奇异值量化时间: 0.2327 秒
angle bits: 3
SVD 量化时间: 0.0041 秒
cluster: 2
group_size: 128
cluster Quantizing weight with shape: torch.Size([256, 128])
cluster: 2
group_size: 128
cluster Quantizing weight with shape: torch.Size([256, 128])
SVD 奇异值量化时间: 0.2342 秒
angle bits: 3
SVD 量化时间: 0.0041 秒
cluster: 2
group_size: 128
cluster Quantizing weight with shape: torch.Size([256, 128])
cluster: 2
group_size: 128
cluster Quantizing weight with shape: torch.Size([256, 128])
SVD 奇异值量化时间: 0.2308 秒
angle bits: 3
SVD 量化时间: 0.0041 秒
cluster: 2
group_size: 128
cluster Quantizing weight with shape: torch.Size([256, 128])
cluster: 2
group_size: 128
cluster Quantizing weight with shape: torch.Size([256, 128])
SVD 奇异值量化时间: 0.2334 秒
angle bits: 3
SVD 量化时间: 0.0041 秒
cluster: 2
group_size: 128
cluster Quantizing weight with shape: torch.Size([256, 128])
cluster: 2
group_size: 128
cluster Quantizing weight with shape: torch.Size([256, 128])
SVD 奇异值量化时间: 0.2352 秒
angle bits: 3
SVD 量化时间: 0.0041 秒
cluster: 2
group_size: 128
cluster Quantizing weight with shape: torch.Size([256, 128])
cluster: 2
group_size: 128
cluster Quantizing weight with shape: torch.Size([256, 128])
SVD 奇异值量化时间: 0.2333 秒
angle bits: 3
SVD 量化时间: 0.0041 秒
cluster: 2
group_size: 128
cluster Quantizing weight with shape: torch.Size([256, 128])
cluster: 2
group_size: 128
cluster Quantizing weight with shape: torch.Size([256, 128])
SVD 奇异值量化时间: 0.2301 秒
angle bits: 3
SVD 量化时间: 0.0041 秒
cluster: 2
group_size: 128
cluster Quantizing weight with shape: torch.Size([256, 128])
cluster: 2
group_size: 128
cluster Quantizing weight with shape: torch.Size([256, 128])
SVD 奇异值量化时间: 0.2322 秒
angle bits: 3
SVD 量化时间: 0.0041 秒
cluster: 2
group_size: 128
cluster Quantizing weight with shape: torch.Size([256, 128])
cluster: 2
group_size: 128
cluster Quantizing weight with shape: torch.Size([256, 128])
SVD 奇异值量化时间: 0.2385 秒
angle bits: 3
SVD 量化时间: 0.0041 秒
cluster: 2
group_size: 128
cluster Quantizing weight with shape: torch.Size([256, 128])
cluster: 2
group_size: 128
cluster Quantizing weight with shape: torch.Size([256, 128])
SVD 奇异值量化时间: 0.2361 秒
angle bits: 3
SVD 量化时间: 0.0042 秒
cluster: 2
group_size: 128
cluster Quantizing weight with shape: torch.Size([256, 128])
cluster: 2
group_size: 128
cluster Quantizing weight with shape: torch.Size([256, 128])
SVD 奇异值量化时间: 0.2377 秒
angle bits: 3
SVD 量化时间: 0.0042 秒
cluster: 2
group_size: 128
cluster Quantizing weight with shape: torch.Size([256, 128])
cluster: 2
group_size: 128
cluster Quantizing weight with shape: torch.Size([256, 128])
SVD 奇异值量化时间: 0.2347 秒
angle bits: 3
SVD 量化时间: 0.0041 秒
cluster: 2
group_size: 128
cluster Quantizing weight with shape: torch.Size([256, 128])
cluster: 2
group_size: 128
cluster Quantizing weight with shape: torch.Size([256, 128])
SVD 奇异值量化时间: 0.2377 秒
angle bits: 3
SVD 量化时间: 0.0042 秒
cluster: 2
group_size: 128
cluster Quantizing weight with shape: torch.Size([256, 128])
cluster: 2
group_size: 128
cluster Quantizing weight with shape: torch.Size([256, 128])
SVD 奇异值量化时间: 0.2331 秒
angle bits: 3
SVD 量化时间: 0.0041 秒
cluster: 2
group_size: 128
cluster Quantizing weight with shape: torch.Size([256, 128])
cluster: 2
group_size: 128
cluster Quantizing weight with shape: torch.Size([256, 128])
SVD 奇异值量化时间: 0.2365 秒
angle bits: 3
SVD 量化时间: 0.0041 秒
cluster: 2
group_size: 128
cluster Quantizing weight with shape: torch.Size([256, 128])
cluster: 2
group_size: 128
cluster Quantizing weight with shape: torch.Size([256, 128])
SVD 奇异值量化时间: 0.2340 秒
angle bits: 3
SVD 量化时间: 0.0041 秒
cluster: 2
group_size: 128
cluster Quantizing weight with shape: torch.Size([256, 128])
cluster: 2
group_size: 128
cluster Quantizing weight with shape: torch.Size([256, 128])
SVD 奇异值量化时间: 0.2332 秒
4 self_attn.k_proj
Quantizing ...
使用blocksize: 128进行量化
angle bits: 3
SVD 量化时间: 0.0041 秒
cluster: 2
group_size: 128
cluster Quantizing weight with shape: torch.Size([256, 128])
cluster: 2
group_size: 128
cluster Quantizing weight with shape: torch.Size([256, 128])
SVD 奇异值量化时间: 0.2339 秒
angle bits: 3
SVD 量化时间: 0.0041 秒
cluster: 2
group_size: 128
cluster Quantizing weight with shape: torch.Size([256, 128])
cluster: 2
group_size: 128
cluster Quantizing weight with shape: torch.Size([256, 128])
SVD 奇异值量化时间: 0.2293 秒
angle bits: 3
SVD 量化时间: 0.0041 秒
cluster: 2
group_size: 128
cluster Quantizing weight with shape: torch.Size([256, 128])
cluster: 2
group_size: 128
cluster Quantizing weight with shape: torch.Size([256, 128])
SVD 奇异值量化时间: 0.2337 秒
angle bits: 3
SVD 量化时间: 0.0041 秒
cluster: 2
group_size: 128
cluster Quantizing weight with shape: torch.Size([256, 128])
cluster: 2
group_size: 128
cluster Quantizing weight with shape: torch.Size([256, 128])
SVD 奇异值量化时间: 0.2284 秒
angle bits: 3
SVD 量化时间: 0.0041 秒
cluster: 2
group_size: 128
cluster Quantizing weight with shape: torch.Size([256, 128])
cluster: 2
group_size: 128
cluster Quantizing weight with shape: torch.Size([256, 128])
SVD 奇异值量化时间: 0.2292 秒
angle bits: 3
SVD 量化时间: 0.0041 秒
cluster: 2
group_size: 128
cluster Quantizing weight with shape: torch.Size([256, 128])
cluster: 2
group_size: 128
cluster Quantizing weight with shape: torch.Size([256, 128])
SVD 奇异值量化时间: 0.2288 秒
angle bits: 3
SVD 量化时间: 0.0041 秒
cluster: 2
group_size: 128
cluster Quantizing weight with shape: torch.Size([256, 128])
cluster: 2
group_size: 128
cluster Quantizing weight with shape: torch.Size([256, 128])
SVD 奇异值量化时间: 0.2306 秒
angle bits: 3
SVD 量化时间: 0.0041 秒
cluster: 2
group_size: 128
cluster Quantizing weight with shape: torch.Size([256, 128])
cluster: 2
group_size: 128
cluster Quantizing weight with shape: torch.Size([256, 128])
SVD 奇异值量化时间: 0.2329 秒
4 self_attn.v_proj
Quantizing ...
使用blocksize: 128进行量化
angle bits: 3
SVD 量化时间: 0.0039 秒
cluster: 2
group_size: 128
cluster Quantizing weight with shape: torch.Size([256, 128])
cluster: 2
group_size: 128
cluster Quantizing weight with shape: torch.Size([256, 128])
SVD 奇异值量化时间: 0.2279 秒
angle bits: 3
SVD 量化时间: 0.0041 秒
cluster: 2
group_size: 128
cluster Quantizing weight with shape: torch.Size([256, 128])
cluster: 2
group_size: 128
cluster Quantizing weight with shape: torch.Size([256, 128])
SVD 奇异值量化时间: 0.2289 秒
angle bits: 3
SVD 量化时间: 0.0041 秒
cluster: 2
group_size: 128
cluster Quantizing weight with shape: torch.Size([256, 128])
cluster: 2
group_size: 128
cluster Quantizing weight with shape: torch.Size([256, 128])
SVD 奇异值量化时间: 0.2277 秒
angle bits: 3
SVD 量化时间: 0.0041 秒
cluster: 2
group_size: 128
cluster Quantizing weight with shape: torch.Size([256, 128])
cluster: 2
group_size: 128
cluster Quantizing weight with shape: torch.Size([256, 128])
SVD 奇异值量化时间: 0.2342 秒
angle bits: 3
SVD 量化时间: 0.0041 秒
cluster: 2
group_size: 128
cluster Quantizing weight with shape: torch.Size([256, 128])
cluster: 2
group_size: 128
cluster Quantizing weight with shape: torch.Size([256, 128])
SVD 奇异值量化时间: 0.2288 秒
angle bits: 3
SVD 量化时间: 0.0041 秒
cluster: 2
group_size: 128
cluster Quantizing weight with shape: torch.Size([256, 128])
cluster: 2
group_size: 128
cluster Quantizing weight with shape: torch.Size([256, 128])
SVD 奇异值量化时间: 0.2329 秒
angle bits: 3
SVD 量化时间: 0.0041 秒
cluster: 2
group_size: 128
cluster Quantizing weight with shape: torch.Size([256, 128])
cluster: 2
group_size: 128
cluster Quantizing weight with shape: torch.Size([256, 128])
SVD 奇异值量化时间: 0.2286 秒
angle bits: 3
SVD 量化时间: 0.0041 秒
cluster: 2
group_size: 128
cluster Quantizing weight with shape: torch.Size([256, 128])
cluster: 2
group_size: 128
cluster Quantizing weight with shape: torch.Size([256, 128])
SVD 奇异值量化时间: 0.2333 秒
4 self_attn.q_proj
Quantizing ...
使用blocksize: 128进行量化
angle bits: 3
SVD 量化时间: 0.0039 秒
cluster: 2
group_size: 128
cluster Quantizing weight with shape: torch.Size([256, 128])
cluster: 2
group_size: 128
cluster Quantizing weight with shape: torch.Size([256, 128])
SVD 奇异值量化时间: 0.2292 秒
angle bits: 3
SVD 量化时间: 0.0041 秒
cluster: 2
group_size: 128
cluster Quantizing weight with shape: torch.Size([256, 128])
cluster: 2
group_size: 128
cluster Quantizing weight with shape: torch.Size([256, 128])
SVD 奇异值量化时间: 0.2312 秒
angle bits: 3
SVD 量化时间: 0.0041 秒
cluster: 2
group_size: 128
cluster Quantizing weight with shape: torch.Size([256, 128])
cluster: 2
group_size: 128
cluster Quantizing weight with shape: torch.Size([256, 128])
SVD 奇异值量化时间: 0.2303 秒
angle bits: 3
SVD 量化时间: 0.0041 秒
cluster: 2
group_size: 128
cluster Quantizing weight with shape: torch.Size([256, 128])
cluster: 2
group_size: 128
cluster Quantizing weight with shape: torch.Size([256, 128])
SVD 奇异值量化时间: 0.2291 秒
angle bits: 3
SVD 量化时间: 0.0041 秒
cluster: 2
group_size: 128
cluster Quantizing weight with shape: torch.Size([256, 128])
cluster: 2
group_size: 128
cluster Quantizing weight with shape: torch.Size([256, 128])
SVD 奇异值量化时间: 0.2345 秒
angle bits: 3
SVD 量化时间: 0.0041 秒
cluster: 2
group_size: 128
cluster Quantizing weight with shape: torch.Size([256, 128])
cluster: 2
group_size: 128
cluster Quantizing weight with shape: torch.Size([256, 128])
SVD 奇异值量化时间: 0.2289 秒
angle bits: 3
SVD 量化时间: 0.0041 秒
cluster: 2
group_size: 128
cluster Quantizing weight with shape: torch.Size([256, 128])
cluster: 2
group_size: 128
cluster Quantizing weight with shape: torch.Size([256, 128])
SVD 奇异值量化时间: 0.2306 秒
angle bits: 3
SVD 量化时间: 0.0041 秒
cluster: 2
group_size: 128
cluster Quantizing weight with shape: torch.Size([256, 128])
cluster: 2
group_size: 128
cluster Quantizing weight with shape: torch.Size([256, 128])
SVD 奇异值量化时间: 0.2290 秒
4 self_attn.out_proj
Quantizing ...
使用blocksize: 128进行量化
angle bits: 3
SVD 量化时间: 0.0037 秒
cluster: 2
group_size: 128
cluster Quantizing weight with shape: torch.Size([256, 128])
cluster: 2
group_size: 128
cluster Quantizing weight with shape: torch.Size([256, 128])
SVD 奇异值量化时间: 0.2340 秒
angle bits: 3
SVD 量化时间: 0.0041 秒
cluster: 2
group_size: 128
cluster Quantizing weight with shape: torch.Size([256, 128])
cluster: 2
group_size: 128
cluster Quantizing weight with shape: torch.Size([256, 128])
SVD 奇异值量化时间: 0.2288 秒
angle bits: 3
SVD 量化时间: 0.0041 秒
cluster: 2
group_size: 128
cluster Quantizing weight with shape: torch.Size([256, 128])
cluster: 2
group_size: 128
cluster Quantizing weight with shape: torch.Size([256, 128])
SVD 奇异值量化时间: 0.2281 秒
angle bits: 3
SVD 量化时间: 0.0041 秒
cluster: 2
group_size: 128
cluster Quantizing weight with shape: torch.Size([256, 128])
cluster: 2
group_size: 128
cluster Quantizing weight with shape: torch.Size([256, 128])
SVD 奇异值量化时间: 0.2302 秒
angle bits: 3
SVD 量化时间: 0.0041 秒
cluster: 2
group_size: 128
cluster Quantizing weight with shape: torch.Size([256, 128])
cluster: 2
group_size: 128
cluster Quantizing weight with shape: torch.Size([256, 128])
SVD 奇异值量化时间: 0.2309 秒
angle bits: 3
SVD 量化时间: 0.0041 秒
cluster: 2
group_size: 128
cluster Quantizing weight with shape: torch.Size([256, 128])
cluster: 2
group_size: 128
cluster Quantizing weight with shape: torch.Size([256, 128])
SVD 奇异值量化时间: 0.2320 秒
angle bits: 3
SVD 量化时间: 0.0041 秒
cluster: 2
group_size: 128
cluster Quantizing weight with shape: torch.Size([256, 128])
cluster: 2
group_size: 128
cluster Quantizing weight with shape: torch.Size([256, 128])
SVD 奇异值量化时间: 0.2291 秒
angle bits: 3
SVD 量化时间: 0.0041 秒
cluster: 2
group_size: 128
cluster Quantizing weight with shape: torch.Size([256, 128])
cluster: 2
group_size: 128
cluster Quantizing weight with shape: torch.Size([256, 128])
SVD 奇异值量化时间: 0.2353 秒
4 fc1
Quantizing ...
使用blocksize: 128进行量化
angle bits: 3
SVD 量化时间: 0.0134 秒
cluster: 2
group_size: 128
cluster Quantizing weight with shape: torch.Size([1024, 128])
cluster: 2
group_size: 128
cluster Quantizing weight with shape: torch.Size([1024, 128])
SVD 奇异值量化时间: 0.9398 秒
angle bits: 3
SVD 量化时间: 0.0150 秒
cluster: 2
group_size: 128
cluster Quantizing weight with shape: torch.Size([1024, 128])
cluster: 2
group_size: 128
cluster Quantizing weight with shape: torch.Size([1024, 128])
SVD 奇异值量化时间: 0.9254 秒
angle bits: 3
SVD 量化时间: 0.0149 秒
cluster: 2
group_size: 128
cluster Quantizing weight with shape: torch.Size([1024, 128])
cluster: 2
group_size: 128
cluster Quantizing weight with shape: torch.Size([1024, 128])
SVD 奇异值量化时间: 0.9235 秒
angle bits: 3
SVD 量化时间: 0.0149 秒
cluster: 2
group_size: 128
cluster Quantizing weight with shape: torch.Size([1024, 128])
cluster: 2
group_size: 128
cluster Quantizing weight with shape: torch.Size([1024, 128])
SVD 奇异值量化时间: 0.9212 秒
angle bits: 3
SVD 量化时间: 0.0148 秒
cluster: 2
group_size: 128
cluster Quantizing weight with shape: torch.Size([1024, 128])
cluster: 2
group_size: 128
cluster Quantizing weight with shape: torch.Size([1024, 128])
SVD 奇异值量化时间: 0.9277 秒
angle bits: 3
SVD 量化时间: 0.0149 秒
cluster: 2
group_size: 128
cluster Quantizing weight with shape: torch.Size([1024, 128])
cluster: 2
group_size: 128
cluster Quantizing weight with shape: torch.Size([1024, 128])
SVD 奇异值量化时间: 0.9271 秒
angle bits: 3
SVD 量化时间: 0.0149 秒
cluster: 2
group_size: 128
cluster Quantizing weight with shape: torch.Size([1024, 128])
cluster: 2
group_size: 128
cluster Quantizing weight with shape: torch.Size([1024, 128])
SVD 奇异值量化时间: 0.9210 秒
angle bits: 3
SVD 量化时间: 0.0149 秒
cluster: 2
group_size: 128
cluster Quantizing weight with shape: torch.Size([1024, 128])
cluster: 2
group_size: 128
cluster Quantizing weight with shape: torch.Size([1024, 128])
SVD 奇异值量化时间: 0.9256 秒
4 fc2
Quantizing ...
使用blocksize: 128进行量化
angle bits: 3
SVD 量化时间: 0.0039 秒
cluster: 2
group_size: 128
cluster Quantizing weight with shape: torch.Size([256, 128])
cluster: 2
group_size: 128
cluster Quantizing weight with shape: torch.Size([256, 128])
SVD 奇异值量化时间: 0.2330 秒
angle bits: 3
SVD 量化时间: 0.0042 秒
cluster: 2
group_size: 128
cluster Quantizing weight with shape: torch.Size([256, 128])
cluster: 2
group_size: 128
cluster Quantizing weight with shape: torch.Size([256, 128])
SVD 奇异值量化时间: 0.2305 秒
angle bits: 3
SVD 量化时间: 0.0041 秒
cluster: 2
group_size: 128
cluster Quantizing weight with shape: torch.Size([256, 128])
cluster: 2
group_size: 128
cluster Quantizing weight with shape: torch.Size([256, 128])
SVD 奇异值量化时间: 0.2410 秒
angle bits: 3
SVD 量化时间: 0.0043 秒
cluster: 2
group_size: 128
cluster Quantizing weight with shape: torch.Size([256, 128])
cluster: 2
group_size: 128
cluster Quantizing weight with shape: torch.Size([256, 128])
SVD 奇异值量化时间: 0.2749 秒
angle bits: 3
SVD 量化时间: 0.0043 秒
cluster: 2
group_size: 128
cluster Quantizing weight with shape: torch.Size([256, 128])
cluster: 2
group_size: 128
cluster Quantizing weight with shape: torch.Size([256, 128])
SVD 奇异值量化时间: 0.2795 秒
angle bits: 3
SVD 量化时间: 0.0043 秒
cluster: 2
group_size: 128
cluster Quantizing weight with shape: torch.Size([256, 128])
cluster: 2
group_size: 128
cluster Quantizing weight with shape: torch.Size([256, 128])
SVD 奇异值量化时间: 0.2685 秒
angle bits: 3
SVD 量化时间: 0.0043 秒
cluster: 2
group_size: 128
cluster Quantizing weight with shape: torch.Size([256, 128])
cluster: 2
group_size: 128
cluster Quantizing weight with shape: torch.Size([256, 128])
SVD 奇异值量化时间: 0.2725 秒
angle bits: 3
SVD 量化时间: 0.0043 秒
cluster: 2
group_size: 128
cluster Quantizing weight with shape: torch.Size([256, 128])
cluster: 2
group_size: 128
cluster Quantizing weight with shape: torch.Size([256, 128])
SVD 奇异值量化时间: 0.2740 秒
angle bits: 3
SVD 量化时间: 0.0043 秒
cluster: 2
group_size: 128
cluster Quantizing weight with shape: torch.Size([256, 128])
cluster: 2
group_size: 128
cluster Quantizing weight with shape: torch.Size([256, 128])
SVD 奇异值量化时间: 0.2685 秒
angle bits: 3
SVD 量化时间: 0.0042 秒
cluster: 2
group_size: 128
cluster Quantizing weight with shape: torch.Size([256, 128])
cluster: 2
group_size: 128
cluster Quantizing weight with shape: torch.Size([256, 128])
SVD 奇异值量化时间: 0.2315 秒
angle bits: 3
SVD 量化时间: 0.0041 秒
cluster: 2
group_size: 128
cluster Quantizing weight with shape: torch.Size([256, 128])
cluster: 2
group_size: 128
cluster Quantizing weight with shape: torch.Size([256, 128])
SVD 奇异值量化时间: 0.2313 秒
angle bits: 3
SVD 量化时间: 0.0041 秒
cluster: 2
group_size: 128
cluster Quantizing weight with shape: torch.Size([256, 128])
cluster: 2
group_size: 128
cluster Quantizing weight with shape: torch.Size([256, 128])
SVD 奇异值量化时间: 0.2322 秒
angle bits: 3
SVD 量化时间: 0.0042 秒
cluster: 2
group_size: 128
cluster Quantizing weight with shape: torch.Size([256, 128])
cluster: 2
group_size: 128
cluster Quantizing weight with shape: torch.Size([256, 128])
SVD 奇异值量化时间: 0.2368 秒
angle bits: 3
SVD 量化时间: 0.0041 秒
cluster: 2
group_size: 128
cluster Quantizing weight with shape: torch.Size([256, 128])
cluster: 2
group_size: 128
cluster Quantizing weight with shape: torch.Size([256, 128])
SVD 奇异值量化时间: 0.2304 秒
angle bits: 3
SVD 量化时间: 0.0041 秒
cluster: 2
group_size: 128
cluster Quantizing weight with shape: torch.Size([256, 128])
cluster: 2
group_size: 128
cluster Quantizing weight with shape: torch.Size([256, 128])
SVD 奇异值量化时间: 0.2301 秒
angle bits: 3
SVD 量化时间: 0.0041 秒
cluster: 2
group_size: 128
cluster Quantizing weight with shape: torch.Size([256, 128])
cluster: 2
group_size: 128
cluster Quantizing weight with shape: torch.Size([256, 128])
SVD 奇异值量化时间: 0.2311 秒
angle bits: 3
SVD 量化时间: 0.0041 秒
cluster: 2
group_size: 128
cluster Quantizing weight with shape: torch.Size([256, 128])
cluster: 2
group_size: 128
cluster Quantizing weight with shape: torch.Size([256, 128])
SVD 奇异值量化时间: 0.2364 秒
angle bits: 3
SVD 量化时间: 0.0041 秒
cluster: 2
group_size: 128
cluster Quantizing weight with shape: torch.Size([256, 128])
cluster: 2
group_size: 128
cluster Quantizing weight with shape: torch.Size([256, 128])
SVD 奇异值量化时间: 0.2312 秒
angle bits: 3
SVD 量化时间: 0.0041 秒
cluster: 2
group_size: 128
cluster Quantizing weight with shape: torch.Size([256, 128])
cluster: 2
group_size: 128
cluster Quantizing weight with shape: torch.Size([256, 128])
SVD 奇异值量化时间: 0.2309 秒
angle bits: 3
SVD 量化时间: 0.0041 秒
cluster: 2
group_size: 128
cluster Quantizing weight with shape: torch.Size([256, 128])
cluster: 2
group_size: 128
cluster Quantizing weight with shape: torch.Size([256, 128])
SVD 奇异值量化时间: 0.2307 秒
angle bits: 3
SVD 量化时间: 0.0041 秒
cluster: 2
group_size: 128
cluster Quantizing weight with shape: torch.Size([256, 128])
cluster: 2
group_size: 128
cluster Quantizing weight with shape: torch.Size([256, 128])
SVD 奇异值量化时间: 0.2334 秒
angle bits: 3
SVD 量化时间: 0.0041 秒
cluster: 2
group_size: 128
cluster Quantizing weight with shape: torch.Size([256, 128])
cluster: 2
group_size: 128
cluster Quantizing weight with shape: torch.Size([256, 128])
SVD 奇异值量化时间: 0.2328 秒
angle bits: 3
SVD 量化时间: 0.0041 秒
cluster: 2
group_size: 128
cluster Quantizing weight with shape: torch.Size([256, 128])
cluster: 2
group_size: 128
cluster Quantizing weight with shape: torch.Size([256, 128])
SVD 奇异值量化时间: 0.2298 秒
angle bits: 3
SVD 量化时间: 0.0041 秒
cluster: 2
group_size: 128
cluster Quantizing weight with shape: torch.Size([256, 128])
cluster: 2
group_size: 128
cluster Quantizing weight with shape: torch.Size([256, 128])
SVD 奇异值量化时间: 0.2301 秒
angle bits: 3
SVD 量化时间: 0.0041 秒
cluster: 2
group_size: 128
cluster Quantizing weight with shape: torch.Size([256, 128])
cluster: 2
group_size: 128
cluster Quantizing weight with shape: torch.Size([256, 128])
SVD 奇异值量化时间: 0.2317 秒
angle bits: 3
SVD 量化时间: 0.0041 秒
cluster: 2
group_size: 128
cluster Quantizing weight with shape: torch.Size([256, 128])
cluster: 2
group_size: 128
cluster Quantizing weight with shape: torch.Size([256, 128])
SVD 奇异值量化时间: 0.2389 秒
angle bits: 3
SVD 量化时间: 0.0041 秒
cluster: 2
group_size: 128
cluster Quantizing weight with shape: torch.Size([256, 128])
cluster: 2
group_size: 128
cluster Quantizing weight with shape: torch.Size([256, 128])
SVD 奇异值量化时间: 0.2297 秒
angle bits: 3
SVD 量化时间: 0.0041 秒
cluster: 2
group_size: 128
cluster Quantizing weight with shape: torch.Size([256, 128])
cluster: 2
group_size: 128
cluster Quantizing weight with shape: torch.Size([256, 128])
SVD 奇异值量化时间: 0.2310 秒
angle bits: 3
SVD 量化时间: 0.0041 秒
cluster: 2
group_size: 128
cluster Quantizing weight with shape: torch.Size([256, 128])
cluster: 2
group_size: 128
cluster Quantizing weight with shape: torch.Size([256, 128])
SVD 奇异值量化时间: 0.2314 秒
angle bits: 3
SVD 量化时间: 0.0041 秒
cluster: 2
group_size: 128
cluster Quantizing weight with shape: torch.Size([256, 128])
cluster: 2
group_size: 128
cluster Quantizing weight with shape: torch.Size([256, 128])
SVD 奇异值量化时间: 0.2362 秒
angle bits: 3
SVD 量化时间: 0.0041 秒
cluster: 2
group_size: 128
cluster Quantizing weight with shape: torch.Size([256, 128])
cluster: 2
group_size: 128
cluster Quantizing weight with shape: torch.Size([256, 128])
SVD 奇异值量化时间: 0.2316 秒
angle bits: 3
SVD 量化时间: 0.0041 秒
cluster: 2
group_size: 128
cluster Quantizing weight with shape: torch.Size([256, 128])
cluster: 2
group_size: 128
cluster Quantizing weight with shape: torch.Size([256, 128])
SVD 奇异值量化时间: 0.2298 秒
5 self_attn.k_proj
Quantizing ...
使用blocksize: 128进行量化
angle bits: 3
SVD 量化时间: 0.0040 秒
cluster: 2
group_size: 128
cluster Quantizing weight with shape: torch.Size([256, 128])
cluster: 2
group_size: 128
cluster Quantizing weight with shape: torch.Size([256, 128])
SVD 奇异值量化时间: 0.2361 秒
angle bits: 3
SVD 量化时间: 0.0041 秒
cluster: 2
group_size: 128
cluster Quantizing weight with shape: torch.Size([256, 128])
cluster: 2
group_size: 128
cluster Quantizing weight with shape: torch.Size([256, 128])
SVD 奇异值量化时间: 0.2301 秒
angle bits: 3
SVD 量化时间: 0.0041 秒
cluster: 2
group_size: 128
cluster Quantizing weight with shape: torch.Size([256, 128])
cluster: 2
group_size: 128
cluster Quantizing weight with shape: torch.Size([256, 128])
SVD 奇异值量化时间: 0.2280 秒
angle bits: 3
SVD 量化时间: 0.0041 秒
cluster: 2
group_size: 128
cluster Quantizing weight with shape: torch.Size([256, 128])
cluster: 2
group_size: 128
cluster Quantizing weight with shape: torch.Size([256, 128])
SVD 奇异值量化时间: 0.2302 秒
angle bits: 3
SVD 量化时间: 0.0041 秒
cluster: 2
group_size: 128
cluster Quantizing weight with shape: torch.Size([256, 128])
cluster: 2
group_size: 128
cluster Quantizing weight with shape: torch.Size([256, 128])
SVD 奇异值量化时间: 0.2341 秒
angle bits: 3
SVD 量化时间: 0.0041 秒
cluster: 2
group_size: 128
cluster Quantizing weight with shape: torch.Size([256, 128])
cluster: 2
group_size: 128
cluster Quantizing weight with shape: torch.Size([256, 128])
SVD 奇异值量化时间: 0.2326 秒
angle bits: 3
SVD 量化时间: 0.0041 秒
cluster: 2
group_size: 128
cluster Quantizing weight with shape: torch.Size([256, 128])
cluster: 2
group_size: 128
cluster Quantizing weight with shape: torch.Size([256, 128])
SVD 奇异值量化时间: 0.2288 秒
angle bits: 3
SVD 量化时间: 0.0041 秒
cluster: 2
group_size: 128
cluster Quantizing weight with shape: torch.Size([256, 128])
cluster: 2
group_size: 128
cluster Quantizing weight with shape: torch.Size([256, 128])
SVD 奇异值量化时间: 0.2287 秒
5 self_attn.v_proj
Quantizing ...
使用blocksize: 128进行量化
angle bits: 3
SVD 量化时间: 0.0039 秒
cluster: 2
group_size: 128
cluster Quantizing weight with shape: torch.Size([256, 128])
cluster: 2
group_size: 128
cluster Quantizing weight with shape: torch.Size([256, 128])
SVD 奇异值量化时间: 0.2299 秒
angle bits: 3
SVD 量化时间: 0.0041 秒
cluster: 2
group_size: 128
cluster Quantizing weight with shape: torch.Size([256, 128])
cluster: 2
group_size: 128
cluster Quantizing weight with shape: torch.Size([256, 128])
SVD 奇异值量化时间: 0.2346 秒
angle bits: 3
SVD 量化时间: 0.0041 秒
cluster: 2
group_size: 128
cluster Quantizing weight with shape: torch.Size([256, 128])
cluster: 2
group_size: 128
cluster Quantizing weight with shape: torch.Size([256, 128])
SVD 奇异值量化时间: 0.2294 秒
angle bits: 3
SVD 量化时间: 0.0041 秒
cluster: 2
group_size: 128
cluster Quantizing weight with shape: torch.Size([256, 128])
cluster: 2
group_size: 128
cluster Quantizing weight with shape: torch.Size([256, 128])
SVD 奇异值量化时间: 0.2368 秒
angle bits: 3
SVD 量化时间: 0.0042 秒
cluster: 2
group_size: 128
cluster Quantizing weight with shape: torch.Size([256, 128])
cluster: 2
group_size: 128
cluster Quantizing weight with shape: torch.Size([256, 128])
SVD 奇异值量化时间: 0.2393 秒
angle bits: 3
SVD 量化时间: 0.0042 秒
cluster: 2
group_size: 128
cluster Quantizing weight with shape: torch.Size([256, 128])
cluster: 2
group_size: 128
cluster Quantizing weight with shape: torch.Size([256, 128])
SVD 奇异值量化时间: 0.2375 秒
angle bits: 3
SVD 量化时间: 0.0042 秒
cluster: 2
group_size: 128
cluster Quantizing weight with shape: torch.Size([256, 128])
cluster: 2
group_size: 128
cluster Quantizing weight with shape: torch.Size([256, 128])
SVD 奇异值量化时间: 0.2388 秒
angle bits: 3
SVD 量化时间: 0.0041 秒
cluster: 2
group_size: 128
cluster Quantizing weight with shape: torch.Size([256, 128])
cluster: 2
group_size: 128
cluster Quantizing weight with shape: torch.Size([256, 128])
SVD 奇异值量化时间: 0.2392 秒
5 self_attn.q_proj
Quantizing ...
使用blocksize: 128进行量化
angle bits: 3
SVD 量化时间: 0.0040 秒
cluster: 2
group_size: 128
cluster Quantizing weight with shape: torch.Size([256, 128])
cluster: 2
group_size: 128
cluster Quantizing weight with shape: torch.Size([256, 128])
SVD 奇异值量化时间: 0.2392 秒
angle bits: 3
SVD 量化时间: 0.0042 秒
cluster: 2
group_size: 128
cluster Quantizing weight with shape: torch.Size([256, 128])
cluster: 2
group_size: 128
cluster Quantizing weight with shape: torch.Size([256, 128])
SVD 奇异值量化时间: 0.2414 秒
angle bits: 3
SVD 量化时间: 0.0042 秒
cluster: 2
group_size: 128
cluster Quantizing weight with shape: torch.Size([256, 128])
cluster: 2
group_size: 128
cluster Quantizing weight with shape: torch.Size([256, 128])
SVD 奇异值量化时间: 0.2491 秒
angle bits: 3
SVD 量化时间: 0.0042 秒
cluster: 2
group_size: 128
cluster Quantizing weight with shape: torch.Size([256, 128])
cluster: 2
group_size: 128
cluster Quantizing weight with shape: torch.Size([256, 128])
SVD 奇异值量化时间: 0.2454 秒
angle bits: 3
SVD 量化时间: 0.0042 秒
cluster: 2
group_size: 128
cluster Quantizing weight with shape: torch.Size([256, 128])
cluster: 2
group_size: 128
cluster Quantizing weight with shape: torch.Size([256, 128])
SVD 奇异值量化时间: 0.2415 秒
angle bits: 3
SVD 量化时间: 0.0042 秒
cluster: 2
group_size: 128
cluster Quantizing weight with shape: torch.Size([256, 128])
cluster: 2
group_size: 128
cluster Quantizing weight with shape: torch.Size([256, 128])
SVD 奇异值量化时间: 0.2396 秒
angle bits: 3
SVD 量化时间: 0.0041 秒
cluster: 2
group_size: 128
cluster Quantizing weight with shape: torch.Size([256, 128])
cluster: 2
group_size: 128
cluster Quantizing weight with shape: torch.Size([256, 128])
SVD 奇异值量化时间: 0.2412 秒
angle bits: 3
SVD 量化时间: 0.0042 秒
cluster: 2
group_size: 128
cluster Quantizing weight with shape: torch.Size([256, 128])
cluster: 2
group_size: 128
cluster Quantizing weight with shape: torch.Size([256, 128])
SVD 奇异值量化时间: 0.2411 秒
5 self_attn.out_proj
Quantizing ...
使用blocksize: 128进行量化
angle bits: 3
SVD 量化时间: 0.0038 秒
cluster: 2
group_size: 128
cluster Quantizing weight with shape: torch.Size([256, 128])
cluster: 2
group_size: 128
cluster Quantizing weight with shape: torch.Size([256, 128])
SVD 奇异值量化时间: 0.2394 秒
angle bits: 3
SVD 量化时间: 0.0042 秒
cluster: 2
group_size: 128
cluster Quantizing weight with shape: torch.Size([256, 128])
cluster: 2
group_size: 128
cluster Quantizing weight with shape: torch.Size([256, 128])
SVD 奇异值量化时间: 0.2429 秒
angle bits: 3
SVD 量化时间: 0.0042 秒
cluster: 2
group_size: 128
cluster Quantizing weight with shape: torch.Size([256, 128])
cluster: 2
group_size: 128
cluster Quantizing weight with shape: torch.Size([256, 128])
SVD 奇异值量化时间: 0.2417 秒
angle bits: 3
SVD 量化时间: 0.0042 秒
cluster: 2
group_size: 128
cluster Quantizing weight with shape: torch.Size([256, 128])
cluster: 2
group_size: 128
cluster Quantizing weight with shape: torch.Size([256, 128])
SVD 奇异值量化时间: 0.2408 秒
angle bits: 3
SVD 量化时间: 0.0042 秒
cluster: 2
group_size: 128
cluster Quantizing weight with shape: torch.Size([256, 128])
cluster: 2
group_size: 128
cluster Quantizing weight with shape: torch.Size([256, 128])
SVD 奇异值量化时间: 0.2403 秒
angle bits: 3
SVD 量化时间: 0.0042 秒
cluster: 2
group_size: 128
cluster Quantizing weight with shape: torch.Size([256, 128])
cluster: 2
group_size: 128
cluster Quantizing weight with shape: torch.Size([256, 128])
SVD 奇异值量化时间: 0.2412 秒
angle bits: 3
SVD 量化时间: 0.0042 秒
cluster: 2
group_size: 128
cluster Quantizing weight with shape: torch.Size([256, 128])
cluster: 2
group_size: 128
cluster Quantizing weight with shape: torch.Size([256, 128])
SVD 奇异值量化时间: 0.2401 秒
angle bits: 3
SVD 量化时间: 0.0042 秒
cluster: 2
group_size: 128
cluster Quantizing weight with shape: torch.Size([256, 128])
cluster: 2
group_size: 128
cluster Quantizing weight with shape: torch.Size([256, 128])
SVD 奇异值量化时间: 0.2393 秒
5 fc1
Quantizing ...
使用blocksize: 128进行量化
angle bits: 3
SVD 量化时间: 0.0136 秒
cluster: 2
group_size: 128
cluster Quantizing weight with shape: torch.Size([1024, 128])
cluster: 2
group_size: 128
cluster Quantizing weight with shape: torch.Size([1024, 128])
SVD 奇异值量化时间: 0.9722 秒
angle bits: 3
SVD 量化时间: 0.0150 秒
cluster: 2
group_size: 128
cluster Quantizing weight with shape: torch.Size([1024, 128])
cluster: 2
group_size: 128
cluster Quantizing weight with shape: torch.Size([1024, 128])
SVD 奇异值量化时间: 0.9594 秒
angle bits: 3
SVD 量化时间: 0.0151 秒
cluster: 2
group_size: 128
cluster Quantizing weight with shape: torch.Size([1024, 128])
cluster: 2
group_size: 128
cluster Quantizing weight with shape: torch.Size([1024, 128])
SVD 奇异值量化时间: 0.9398 秒
angle bits: 3
SVD 量化时间: 0.0149 秒
cluster: 2
group_size: 128
cluster Quantizing weight with shape: torch.Size([1024, 128])
cluster: 2
group_size: 128
cluster Quantizing weight with shape: torch.Size([1024, 128])
SVD 奇异值量化时间: 0.9377 秒
angle bits: 3
SVD 量化时间: 0.0147 秒
cluster: 2
group_size: 128
cluster Quantizing weight with shape: torch.Size([1024, 128])
cluster: 2
group_size: 128
cluster Quantizing weight with shape: torch.Size([1024, 128])
SVD 奇异值量化时间: 0.9475 秒
angle bits: 3
SVD 量化时间: 0.0150 秒
cluster: 2
group_size: 128
cluster Quantizing weight with shape: torch.Size([1024, 128])
cluster: 2
group_size: 128
cluster Quantizing weight with shape: torch.Size([1024, 128])
SVD 奇异值量化时间: 0.9446 秒
angle bits: 3
SVD 量化时间: 0.0149 秒
cluster: 2
group_size: 128
cluster Quantizing weight with shape: torch.Size([1024, 128])
cluster: 2
group_size: 128
cluster Quantizing weight with shape: torch.Size([1024, 128])
SVD 奇异值量化时间: 0.9218 秒
angle bits: 3
SVD 量化时间: 0.0149 秒
cluster: 2
group_size: 128
cluster Quantizing weight with shape: torch.Size([1024, 128])
cluster: 2
group_size: 128
cluster Quantizing weight with shape: torch.Size([1024, 128])
SVD 奇异值量化时间: 0.9289 秒
5 fc2
Quantizing ...
使用blocksize: 128进行量化
angle bits: 3
SVD 量化时间: 0.0039 秒
cluster: 2
group_size: 128
cluster Quantizing weight with shape: torch.Size([256, 128])
cluster: 2
group_size: 128
cluster Quantizing weight with shape: torch.Size([256, 128])
SVD 奇异值量化时间: 0.2358 秒
angle bits: 3
SVD 量化时间: 0.0042 秒
cluster: 2
group_size: 128
cluster Quantizing weight with shape: torch.Size([256, 128])
cluster: 2
group_size: 128
cluster Quantizing weight with shape: torch.Size([256, 128])
SVD 奇异值量化时间: 0.2343 秒
angle bits: 3
SVD 量化时间: 0.0042 秒
cluster: 2
group_size: 128
cluster Quantizing weight with shape: torch.Size([256, 128])
cluster: 2
group_size: 128
cluster Quantizing weight with shape: torch.Size([256, 128])
SVD 奇异值量化时间: 0.2333 秒
angle bits: 3
SVD 量化时间: 0.0042 秒
cluster: 2
group_size: 128
cluster Quantizing weight with shape: torch.Size([256, 128])
cluster: 2
group_size: 128
cluster Quantizing weight with shape: torch.Size([256, 128])
SVD 奇异值量化时间: 0.2341 秒
angle bits: 3
SVD 量化时间: 0.0042 秒
cluster: 2
group_size: 128
cluster Quantizing weight with shape: torch.Size([256, 128])
cluster: 2
group_size: 128
cluster Quantizing weight with shape: torch.Size([256, 128])
SVD 奇异值量化时间: 0.2348 秒
angle bits: 3
SVD 量化时间: 0.0042 秒
cluster: 2
group_size: 128
cluster Quantizing weight with shape: torch.Size([256, 128])
cluster: 2
group_size: 128
cluster Quantizing weight with shape: torch.Size([256, 128])
SVD 奇异值量化时间: 0.2334 秒
angle bits: 3
SVD 量化时间: 0.0042 秒
cluster: 2
group_size: 128
cluster Quantizing weight with shape: torch.Size([256, 128])
cluster: 2
group_size: 128
cluster Quantizing weight with shape: torch.Size([256, 128])
SVD 奇异值量化时间: 0.2296 秒
angle bits: 3
SVD 量化时间: 0.0042 秒
cluster: 2
group_size: 128
cluster Quantizing weight with shape: torch.Size([256, 128])
cluster: 2
group_size: 128
cluster Quantizing weight with shape: torch.Size([256, 128])
SVD 奇异值量化时间: 0.2316 秒
angle bits: 3
SVD 量化时间: 0.0041 秒
cluster: 2
group_size: 128
cluster Quantizing weight with shape: torch.Size([256, 128])
cluster: 2
group_size: 128
cluster Quantizing weight with shape: torch.Size([256, 128])
SVD 奇异值量化时间: 0.2311 秒
angle bits: 3
SVD 量化时间: 0.0042 秒
cluster: 2
group_size: 128
cluster Quantizing weight with shape: torch.Size([256, 128])
cluster: 2
group_size: 128
cluster Quantizing weight with shape: torch.Size([256, 128])
SVD 奇异值量化时间: 0.2356 秒
angle bits: 3
SVD 量化时间: 0.0041 秒
cluster: 2
group_size: 128
cluster Quantizing weight with shape: torch.Size([256, 128])
cluster: 2
group_size: 128
cluster Quantizing weight with shape: torch.Size([256, 128])
SVD 奇异值量化时间: 0.2393 秒
angle bits: 3
SVD 量化时间: 0.0042 秒
cluster: 2
group_size: 128
cluster Quantizing weight with shape: torch.Size([256, 128])
cluster: 2
group_size: 128
cluster Quantizing weight with shape: torch.Size([256, 128])
SVD 奇异值量化时间: 0.2343 秒
angle bits: 3
SVD 量化时间: 0.0042 秒
cluster: 2
group_size: 128
cluster Quantizing weight with shape: torch.Size([256, 128])
cluster: 2
group_size: 128
cluster Quantizing weight with shape: torch.Size([256, 128])
SVD 奇异值量化时间: 0.2327 秒
angle bits: 3
SVD 量化时间: 0.0042 秒
cluster: 2
group_size: 128
cluster Quantizing weight with shape: torch.Size([256, 128])
cluster: 2
group_size: 128
cluster Quantizing weight with shape: torch.Size([256, 128])
SVD 奇异值量化时间: 0.2354 秒
angle bits: 3
SVD 量化时间: 0.0042 秒
cluster: 2
group_size: 128
cluster Quantizing weight with shape: torch.Size([256, 128])
cluster: 2
group_size: 128
cluster Quantizing weight with shape: torch.Size([256, 128])
SVD 奇异值量化时间: 0.2318 秒
angle bits: 3
SVD 量化时间: 0.0042 秒
cluster: 2
group_size: 128
cluster Quantizing weight with shape: torch.Size([256, 128])
cluster: 2
group_size: 128
cluster Quantizing weight with shape: torch.Size([256, 128])
SVD 奇异值量化时间: 0.2298 秒
angle bits: 3
SVD 量化时间: 0.0042 秒
cluster: 2
group_size: 128
cluster Quantizing weight with shape: torch.Size([256, 128])
cluster: 2
group_size: 128
cluster Quantizing weight with shape: torch.Size([256, 128])
SVD 奇异值量化时间: 0.2331 秒
angle bits: 3
SVD 量化时间: 0.0041 秒
cluster: 2
group_size: 128
cluster Quantizing weight with shape: torch.Size([256, 128])
cluster: 2
group_size: 128
cluster Quantizing weight with shape: torch.Size([256, 128])
SVD 奇异值量化时间: 0.2350 秒
angle bits: 3
SVD 量化时间: 0.0042 秒
cluster: 2
group_size: 128
cluster Quantizing weight with shape: torch.Size([256, 128])
cluster: 2
group_size: 128
cluster Quantizing weight with shape: torch.Size([256, 128])
SVD 奇异值量化时间: 0.2351 秒
angle bits: 3
SVD 量化时间: 0.0041 秒
cluster: 2
group_size: 128
cluster Quantizing weight with shape: torch.Size([256, 128])
cluster: 2
group_size: 128
cluster Quantizing weight with shape: torch.Size([256, 128])
SVD 奇异值量化时间: 0.2300 秒
angle bits: 3
SVD 量化时间: 0.0041 秒
cluster: 2
group_size: 128
cluster Quantizing weight with shape: torch.Size([256, 128])
cluster: 2
group_size: 128
cluster Quantizing weight with shape: torch.Size([256, 128])
SVD 奇异值量化时间: 0.2307 秒
angle bits: 3
SVD 量化时间: 0.0041 秒
cluster: 2
group_size: 128
cluster Quantizing weight with shape: torch.Size([256, 128])
cluster: 2
group_size: 128
cluster Quantizing weight with shape: torch.Size([256, 128])
SVD 奇异值量化时间: 0.2340 秒
angle bits: 3
SVD 量化时间: 0.0041 秒
cluster: 2
group_size: 128
cluster Quantizing weight with shape: torch.Size([256, 128])
cluster: 2
group_size: 128
cluster Quantizing weight with shape: torch.Size([256, 128])
SVD 奇异值量化时间: 0.2383 秒
angle bits: 3
SVD 量化时间: 0.0041 秒
cluster: 2
group_size: 128
cluster Quantizing weight with shape: torch.Size([256, 128])
cluster: 2
group_size: 128
cluster Quantizing weight with shape: torch.Size([256, 128])
SVD 奇异值量化时间: 0.2356 秒
angle bits: 3
SVD 量化时间: 0.0042 秒
cluster: 2
group_size: 128
cluster Quantizing weight with shape: torch.Size([256, 128])
cluster: 2
group_size: 128
cluster Quantizing weight with shape: torch.Size([256, 128])
SVD 奇异值量化时间: 0.2361 秒
angle bits: 3
SVD 量化时间: 0.0042 秒
cluster: 2
group_size: 128
cluster Quantizing weight with shape: torch.Size([256, 128])
cluster: 2
group_size: 128
cluster Quantizing weight with shape: torch.Size([256, 128])
SVD 奇异值量化时间: 0.2359 秒
angle bits: 3
SVD 量化时间: 0.0041 秒
cluster: 2
group_size: 128
cluster Quantizing weight with shape: torch.Size([256, 128])
cluster: 2
group_size: 128
cluster Quantizing weight with shape: torch.Size([256, 128])
SVD 奇异值量化时间: 0.2380 秒
angle bits: 3
SVD 量化时间: 0.0041 秒
cluster: 2
group_size: 128
cluster Quantizing weight with shape: torch.Size([256, 128])
cluster: 2
group_size: 128
cluster Quantizing weight with shape: torch.Size([256, 128])
SVD 奇异值量化时间: 0.2326 秒
angle bits: 3
SVD 量化时间: 0.0042 秒
cluster: 2
group_size: 128
cluster Quantizing weight with shape: torch.Size([256, 128])
cluster: 2
group_size: 128
cluster Quantizing weight with shape: torch.Size([256, 128])
SVD 奇异值量化时间: 0.2331 秒
angle bits: 3
SVD 量化时间: 0.0041 秒
cluster: 2
group_size: 128
cluster Quantizing weight with shape: torch.Size([256, 128])
cluster: 2
group_size: 128
cluster Quantizing weight with shape: torch.Size([256, 128])
SVD 奇异值量化时间: 0.2319 秒
angle bits: 3
SVD 量化时间: 0.0041 秒
cluster: 2
group_size: 128
cluster Quantizing weight with shape: torch.Size([256, 128])
cluster: 2
group_size: 128
cluster Quantizing weight with shape: torch.Size([256, 128])
SVD 奇异值量化时间: 0.2360 秒
angle bits: 3
SVD 量化时间: 0.0042 秒
cluster: 2
group_size: 128
cluster Quantizing weight with shape: torch.Size([256, 128])
cluster: 2
group_size: 128
cluster Quantizing weight with shape: torch.Size([256, 128])
SVD 奇异值量化时间: 0.2415 秒
6 self_attn.k_proj
Quantizing ...
使用blocksize: 128进行量化
angle bits: 3
SVD 量化时间: 0.0041 秒
cluster: 2
group_size: 128
cluster Quantizing weight with shape: torch.Size([256, 128])
cluster: 2
group_size: 128
cluster Quantizing weight with shape: torch.Size([256, 128])
SVD 奇异值量化时间: 0.2294 秒
angle bits: 3
SVD 量化时间: 0.0041 秒
cluster: 2
group_size: 128
cluster Quantizing weight with shape: torch.Size([256, 128])
cluster: 2
group_size: 128
cluster Quantizing weight with shape: torch.Size([256, 128])
SVD 奇异值量化时间: 0.2357 秒
angle bits: 3
SVD 量化时间: 0.0042 秒
cluster: 2
group_size: 128
cluster Quantizing weight with shape: torch.Size([256, 128])
cluster: 2
group_size: 128
cluster Quantizing weight with shape: torch.Size([256, 128])
SVD 奇异值量化时间: 0.2282 秒
angle bits: 3
SVD 量化时间: 0.0041 秒
cluster: 2
group_size: 128
cluster Quantizing weight with shape: torch.Size([256, 128])
cluster: 2
group_size: 128
cluster Quantizing weight with shape: torch.Size([256, 128])
SVD 奇异值量化时间: 0.2289 秒
angle bits: 3
SVD 量化时间: 0.0041 秒
cluster: 2
group_size: 128
cluster Quantizing weight with shape: torch.Size([256, 128])
cluster: 2
group_size: 128
cluster Quantizing weight with shape: torch.Size([256, 128])
SVD 奇异值量化时间: 0.2293 秒
angle bits: 3
SVD 量化时间: 0.0041 秒
cluster: 2
group_size: 128
cluster Quantizing weight with shape: torch.Size([256, 128])
cluster: 2
group_size: 128
cluster Quantizing weight with shape: torch.Size([256, 128])
SVD 奇异值量化时间: 0.2347 秒
angle bits: 3
SVD 量化时间: 0.0042 秒
cluster: 2
group_size: 128
cluster Quantizing weight with shape: torch.Size([256, 128])
cluster: 2
group_size: 128
cluster Quantizing weight with shape: torch.Size([256, 128])
SVD 奇异值量化时间: 0.2308 秒
angle bits: 3
SVD 量化时间: 0.0041 秒
cluster: 2
group_size: 128
cluster Quantizing weight with shape: torch.Size([256, 128])
cluster: 2
group_size: 128
cluster Quantizing weight with shape: torch.Size([256, 128])
SVD 奇异值量化时间: 0.2296 秒
6 self_attn.v_proj
Quantizing ...
使用blocksize: 128进行量化
angle bits: 3
SVD 量化时间: 0.0039 秒
cluster: 2
group_size: 128
cluster Quantizing weight with shape: torch.Size([256, 128])
cluster: 2
group_size: 128
cluster Quantizing weight with shape: torch.Size([256, 128])
SVD 奇异值量化时间: 0.2285 秒
angle bits: 3
SVD 量化时间: 0.0041 秒
cluster: 2
group_size: 128
cluster Quantizing weight with shape: torch.Size([256, 128])
cluster: 2
group_size: 128
cluster Quantizing weight with shape: torch.Size([256, 128])
SVD 奇异值量化时间: 0.2308 秒
angle bits: 3
SVD 量化时间: 0.0041 秒
cluster: 2
group_size: 128
cluster Quantizing weight with shape: torch.Size([256, 128])
cluster: 2
group_size: 128
cluster Quantizing weight with shape: torch.Size([256, 128])
SVD 奇异值量化时间: 0.2373 秒
angle bits: 3
SVD 量化时间: 0.0042 秒
cluster: 2
group_size: 128
cluster Quantizing weight with shape: torch.Size([256, 128])
cluster: 2
group_size: 128
cluster Quantizing weight with shape: torch.Size([256, 128])
SVD 奇异值量化时间: 0.2326 秒
angle bits: 3
SVD 量化时间: 0.0041 秒
cluster: 2
group_size: 128
cluster Quantizing weight with shape: torch.Size([256, 128])
cluster: 2
group_size: 128
cluster Quantizing weight with shape: torch.Size([256, 128])
SVD 奇异值量化时间: 0.2323 秒
angle bits: 3
SVD 量化时间: 0.0041 秒
cluster: 2
group_size: 128
cluster Quantizing weight with shape: torch.Size([256, 128])
cluster: 2
group_size: 128
cluster Quantizing weight with shape: torch.Size([256, 128])
SVD 奇异值量化时间: 0.2301 秒
angle bits: 3
SVD 量化时间: 0.0041 秒
cluster: 2
group_size: 128
cluster Quantizing weight with shape: torch.Size([256, 128])
cluster: 2
group_size: 128
cluster Quantizing weight with shape: torch.Size([256, 128])
SVD 奇异值量化时间: 0.2351 秒
angle bits: 3
SVD 量化时间: 0.0041 秒
cluster: 2
group_size: 128
cluster Quantizing weight with shape: torch.Size([256, 128])
cluster: 2
group_size: 128
cluster Quantizing weight with shape: torch.Size([256, 128])
SVD 奇异值量化时间: 0.2306 秒
6 self_attn.q_proj
Quantizing ...
使用blocksize: 128进行量化
angle bits: 3
SVD 量化时间: 0.0039 秒
cluster: 2
group_size: 128
cluster Quantizing weight with shape: torch.Size([256, 128])
cluster: 2
group_size: 128
cluster Quantizing weight with shape: torch.Size([256, 128])
SVD 奇异值量化时间: 0.2285 秒
angle bits: 3
SVD 量化时间: 0.0041 秒
cluster: 2
group_size: 128
cluster Quantizing weight with shape: torch.Size([256, 128])
cluster: 2
group_size: 128
cluster Quantizing weight with shape: torch.Size([256, 128])
SVD 奇异值量化时间: 0.2280 秒
angle bits: 3
SVD 量化时间: 0.0041 秒
cluster: 2
group_size: 128
cluster Quantizing weight with shape: torch.Size([256, 128])
cluster: 2
group_size: 128
cluster Quantizing weight with shape: torch.Size([256, 128])
SVD 奇异值量化时间: 0.2348 秒
angle bits: 3
SVD 量化时间: 0.0042 秒
cluster: 2
group_size: 128
cluster Quantizing weight with shape: torch.Size([256, 128])
cluster: 2
group_size: 128
cluster Quantizing weight with shape: torch.Size([256, 128])
SVD 奇异值量化时间: 0.2353 秒
angle bits: 3
SVD 量化时间: 0.0041 秒
cluster: 2
group_size: 128
cluster Quantizing weight with shape: torch.Size([256, 128])
cluster: 2
group_size: 128
cluster Quantizing weight with shape: torch.Size([256, 128])
SVD 奇异值量化时间: 0.2304 秒
angle bits: 3
SVD 量化时间: 0.0041 秒
cluster: 2
group_size: 128
cluster Quantizing weight with shape: torch.Size([256, 128])
cluster: 2
group_size: 128
cluster Quantizing weight with shape: torch.Size([256, 128])
SVD 奇异值量化时间: 0.2290 秒
angle bits: 3
SVD 量化时间: 0.0041 秒
cluster: 2
group_size: 128
cluster Quantizing weight with shape: torch.Size([256, 128])
cluster: 2
group_size: 128
cluster Quantizing weight with shape: torch.Size([256, 128])
SVD 奇异值量化时间: 0.2292 秒
angle bits: 3
SVD 量化时间: 0.0041 秒
cluster: 2
group_size: 128
cluster Quantizing weight with shape: torch.Size([256, 128])
cluster: 2
group_size: 128
cluster Quantizing weight with shape: torch.Size([256, 128])
SVD 奇异值量化时间: 0.2355 秒
6 self_attn.out_proj
Quantizing ...
使用blocksize: 128进行量化
angle bits: 3
SVD 量化时间: 0.0038 秒
cluster: 2
group_size: 128
cluster Quantizing weight with shape: torch.Size([256, 128])
cluster: 2
group_size: 128
cluster Quantizing weight with shape: torch.Size([256, 128])
SVD 奇异值量化时间: 0.2296 秒
angle bits: 3
SVD 量化时间: 0.0041 秒
cluster: 2
group_size: 128
cluster Quantizing weight with shape: torch.Size([256, 128])
cluster: 2
group_size: 128
cluster Quantizing weight with shape: torch.Size([256, 128])
SVD 奇异值量化时间: 0.2304 秒
angle bits: 3
SVD 量化时间: 0.0041 秒
cluster: 2
group_size: 128
cluster Quantizing weight with shape: torch.Size([256, 128])
cluster: 2
group_size: 128
cluster Quantizing weight with shape: torch.Size([256, 128])
SVD 奇异值量化时间: 0.2309 秒
angle bits: 3
SVD 量化时间: 0.0041 秒
cluster: 2
group_size: 128
cluster Quantizing weight with shape: torch.Size([256, 128])
cluster: 2
group_size: 128
cluster Quantizing weight with shape: torch.Size([256, 128])
SVD 奇异值量化时间: 0.2343 秒
angle bits: 3
SVD 量化时间: 0.0041 秒
cluster: 2
group_size: 128
cluster Quantizing weight with shape: torch.Size([256, 128])
cluster: 2
group_size: 128
cluster Quantizing weight with shape: torch.Size([256, 128])
SVD 奇异值量化时间: 0.2341 秒
angle bits: 3
SVD 量化时间: 0.0041 秒
cluster: 2
group_size: 128
cluster Quantizing weight with shape: torch.Size([256, 128])
cluster: 2
group_size: 128
cluster Quantizing weight with shape: torch.Size([256, 128])
SVD 奇异值量化时间: 0.2301 秒
angle bits: 3
SVD 量化时间: 0.0041 秒
cluster: 2
group_size: 128
cluster Quantizing weight with shape: torch.Size([256, 128])
cluster: 2
group_size: 128
cluster Quantizing weight with shape: torch.Size([256, 128])
SVD 奇异值量化时间: 0.2328 秒
angle bits: 3
SVD 量化时间: 0.0041 秒
cluster: 2
group_size: 128
cluster Quantizing weight with shape: torch.Size([256, 128])
cluster: 2
group_size: 128
cluster Quantizing weight with shape: torch.Size([256, 128])
SVD 奇异值量化时间: 0.2301 秒
6 fc1
Quantizing ...
使用blocksize: 128进行量化
angle bits: 3
SVD 量化时间: 0.0133 秒
cluster: 2
group_size: 128
cluster Quantizing weight with shape: torch.Size([1024, 128])
cluster: 2
group_size: 128
cluster Quantizing weight with shape: torch.Size([1024, 128])
SVD 奇异值量化时间: 0.9284 秒
angle bits: 3
SVD 量化时间: 0.0150 秒
cluster: 2
group_size: 128
cluster Quantizing weight with shape: torch.Size([1024, 128])
cluster: 2
group_size: 128
cluster Quantizing weight with shape: torch.Size([1024, 128])
SVD 奇异值量化时间: 0.9386 秒
angle bits: 3
SVD 量化时间: 0.0150 秒
cluster: 2
group_size: 128
cluster Quantizing weight with shape: torch.Size([1024, 128])
cluster: 2
group_size: 128
cluster Quantizing weight with shape: torch.Size([1024, 128])
SVD 奇异值量化时间: 0.9323 秒
angle bits: 3
SVD 量化时间: 0.0149 秒
cluster: 2
group_size: 128
cluster Quantizing weight with shape: torch.Size([1024, 128])
cluster: 2
group_size: 128
cluster Quantizing weight with shape: torch.Size([1024, 128])
SVD 奇异值量化时间: 0.9308 秒
angle bits: 3
SVD 量化时间: 0.0148 秒
cluster: 2
group_size: 128
cluster Quantizing weight with shape: torch.Size([1024, 128])
cluster: 2
group_size: 128
cluster Quantizing weight with shape: torch.Size([1024, 128])
SVD 奇异值量化时间: 0.9263 秒
angle bits: 3
SVD 量化时间: 0.0149 秒
cluster: 2
group_size: 128
cluster Quantizing weight with shape: torch.Size([1024, 128])
cluster: 2
group_size: 128
cluster Quantizing weight with shape: torch.Size([1024, 128])
SVD 奇异值量化时间: 0.9330 秒
angle bits: 3
SVD 量化时间: 0.0149 秒
cluster: 2
group_size: 128
cluster Quantizing weight with shape: torch.Size([1024, 128])
cluster: 2
group_size: 128
cluster Quantizing weight with shape: torch.Size([1024, 128])
SVD 奇异值量化时间: 0.9313 秒
angle bits: 3
SVD 量化时间: 0.0150 秒
cluster: 2
group_size: 128
cluster Quantizing weight with shape: torch.Size([1024, 128])
cluster: 2
group_size: 128
cluster Quantizing weight with shape: torch.Size([1024, 128])
SVD 奇异值量化时间: 0.9358 秒
6 fc2
Quantizing ...
使用blocksize: 128进行量化
angle bits: 3
SVD 量化时间: 0.0038 秒
cluster: 2
group_size: 128
cluster Quantizing weight with shape: torch.Size([256, 128])
cluster: 2
group_size: 128
cluster Quantizing weight with shape: torch.Size([256, 128])
SVD 奇异值量化时间: 0.2326 秒
angle bits: 3
SVD 量化时间: 0.0042 秒
cluster: 2
group_size: 128
cluster Quantizing weight with shape: torch.Size([256, 128])
cluster: 2
group_size: 128
cluster Quantizing weight with shape: torch.Size([256, 128])
SVD 奇异值量化时间: 0.2316 秒
angle bits: 3
SVD 量化时间: 0.0041 秒
cluster: 2
group_size: 128
cluster Quantizing weight with shape: torch.Size([256, 128])
cluster: 2
group_size: 128
cluster Quantizing weight with shape: torch.Size([256, 128])
SVD 奇异值量化时间: 0.2318 秒
angle bits: 3
SVD 量化时间: 0.0042 秒
cluster: 2
group_size: 128
cluster Quantizing weight with shape: torch.Size([256, 128])
cluster: 2
group_size: 128
cluster Quantizing weight with shape: torch.Size([256, 128])
SVD 奇异值量化时间: 0.2359 秒
angle bits: 3
SVD 量化时间: 0.0042 秒
cluster: 2
group_size: 128
cluster Quantizing weight with shape: torch.Size([256, 128])
cluster: 2
group_size: 128
cluster Quantizing weight with shape: torch.Size([256, 128])
SVD 奇异值量化时间: 0.2352 秒
angle bits: 3
SVD 量化时间: 0.0042 秒
cluster: 2
group_size: 128
cluster Quantizing weight with shape: torch.Size([256, 128])
cluster: 2
group_size: 128
cluster Quantizing weight with shape: torch.Size([256, 128])
SVD 奇异值量化时间: 0.2328 秒
angle bits: 3
SVD 量化时间: 0.0041 秒
cluster: 2
group_size: 128
cluster Quantizing weight with shape: torch.Size([256, 128])
cluster: 2
group_size: 128
cluster Quantizing weight with shape: torch.Size([256, 128])
SVD 奇异值量化时间: 0.2296 秒
angle bits: 3
SVD 量化时间: 0.0042 秒
cluster: 2
group_size: 128
cluster Quantizing weight with shape: torch.Size([256, 128])
cluster: 2
group_size: 128
cluster Quantizing weight with shape: torch.Size([256, 128])
SVD 奇异值量化时间: 0.2363 秒
angle bits: 3
SVD 量化时间: 0.0042 秒
cluster: 2
group_size: 128
cluster Quantizing weight with shape: torch.Size([256, 128])
cluster: 2
group_size: 128
cluster Quantizing weight with shape: torch.Size([256, 128])
SVD 奇异值量化时间: 0.2339 秒
angle bits: 3
SVD 量化时间: 0.0041 秒
cluster: 2
group_size: 128
cluster Quantizing weight with shape: torch.Size([256, 128])
cluster: 2
group_size: 128
cluster Quantizing weight with shape: torch.Size([256, 128])
SVD 奇异值量化时间: 0.2373 秒
angle bits: 3
SVD 量化时间: 0.0041 秒
cluster: 2
group_size: 128
cluster Quantizing weight with shape: torch.Size([256, 128])
cluster: 2
group_size: 128
cluster Quantizing weight with shape: torch.Size([256, 128])
SVD 奇异值量化时间: 0.2310 秒
angle bits: 3
SVD 量化时间: 0.0041 秒
cluster: 2
group_size: 128
cluster Quantizing weight with shape: torch.Size([256, 128])
cluster: 2
group_size: 128
cluster Quantizing weight with shape: torch.Size([256, 128])
SVD 奇异值量化时间: 0.2351 秒
angle bits: 3
SVD 量化时间: 0.0041 秒
cluster: 2
group_size: 128
cluster Quantizing weight with shape: torch.Size([256, 128])
cluster: 2
group_size: 128
cluster Quantizing weight with shape: torch.Size([256, 128])
SVD 奇异值量化时间: 0.2342 秒
angle bits: 3
SVD 量化时间: 0.0041 秒
cluster: 2
group_size: 128
cluster Quantizing weight with shape: torch.Size([256, 128])
cluster: 2
group_size: 128
cluster Quantizing weight with shape: torch.Size([256, 128])
SVD 奇异值量化时间: 0.2336 秒
angle bits: 3
SVD 量化时间: 0.0041 秒
cluster: 2
group_size: 128
cluster Quantizing weight with shape: torch.Size([256, 128])
cluster: 2
group_size: 128
cluster Quantizing weight with shape: torch.Size([256, 128])
SVD 奇异值量化时间: 0.2318 秒
angle bits: 3
SVD 量化时间: 0.0041 秒
cluster: 2
group_size: 128
cluster Quantizing weight with shape: torch.Size([256, 128])
cluster: 2
group_size: 128
cluster Quantizing weight with shape: torch.Size([256, 128])
SVD 奇异值量化时间: 0.2318 秒
angle bits: 3
SVD 量化时间: 0.0041 秒
cluster: 2
group_size: 128
cluster Quantizing weight with shape: torch.Size([256, 128])
cluster: 2
group_size: 128
cluster Quantizing weight with shape: torch.Size([256, 128])
SVD 奇异值量化时间: 0.2357 秒
angle bits: 3
SVD 量化时间: 0.0041 秒
cluster: 2
group_size: 128
cluster Quantizing weight with shape: torch.Size([256, 128])
cluster: 2
group_size: 128
cluster Quantizing weight with shape: torch.Size([256, 128])
SVD 奇异值量化时间: 0.2296 秒
angle bits: 3
SVD 量化时间: 0.0042 秒
cluster: 2
group_size: 128
cluster Quantizing weight with shape: torch.Size([256, 128])
cluster: 2
group_size: 128
cluster Quantizing weight with shape: torch.Size([256, 128])
SVD 奇异值量化时间: 0.2310 秒
angle bits: 3
SVD 量化时间: 0.0041 秒
cluster: 2
group_size: 128
cluster Quantizing weight with shape: torch.Size([256, 128])
cluster: 2
group_size: 128
cluster Quantizing weight with shape: torch.Size([256, 128])
SVD 奇异值量化时间: 0.2312 秒
angle bits: 3
SVD 量化时间: 0.0041 秒
cluster: 2
group_size: 128
cluster Quantizing weight with shape: torch.Size([256, 128])
cluster: 2
group_size: 128
cluster Quantizing weight with shape: torch.Size([256, 128])
SVD 奇异值量化时间: 0.2351 秒
angle bits: 3
SVD 量化时间: 0.0041 秒
cluster: 2
group_size: 128
cluster Quantizing weight with shape: torch.Size([256, 128])
cluster: 2
group_size: 128
cluster Quantizing weight with shape: torch.Size([256, 128])
SVD 奇异值量化时间: 0.2312 秒
angle bits: 3
SVD 量化时间: 0.0041 秒
cluster: 2
group_size: 128
cluster Quantizing weight with shape: torch.Size([256, 128])
cluster: 2
group_size: 128
cluster Quantizing weight with shape: torch.Size([256, 128])
SVD 奇异值量化时间: 0.2336 秒
angle bits: 3
SVD 量化时间: 0.0041 秒
cluster: 2
group_size: 128
cluster Quantizing weight with shape: torch.Size([256, 128])
cluster: 2
group_size: 128
cluster Quantizing weight with shape: torch.Size([256, 128])
SVD 奇异值量化时间: 0.2345 秒
angle bits: 3
SVD 量化时间: 0.0041 秒
cluster: 2
group_size: 128
cluster Quantizing weight with shape: torch.Size([256, 128])
cluster: 2
group_size: 128
cluster Quantizing weight with shape: torch.Size([256, 128])
SVD 奇异值量化时间: 0.2328 秒
angle bits: 3
SVD 量化时间: 0.0041 秒
cluster: 2
group_size: 128
cluster Quantizing weight with shape: torch.Size([256, 128])
cluster: 2
group_size: 128
cluster Quantizing weight with shape: torch.Size([256, 128])
SVD 奇异值量化时间: 0.2367 秒
angle bits: 3
SVD 量化时间: 0.0041 秒
cluster: 2
group_size: 128
cluster Quantizing weight with shape: torch.Size([256, 128])
cluster: 2
group_size: 128
cluster Quantizing weight with shape: torch.Size([256, 128])
SVD 奇异值量化时间: 0.2327 秒
angle bits: 3
SVD 量化时间: 0.0041 秒
cluster: 2
group_size: 128
cluster Quantizing weight with shape: torch.Size([256, 128])
cluster: 2
group_size: 128
cluster Quantizing weight with shape: torch.Size([256, 128])
SVD 奇异值量化时间: 0.2378 秒
angle bits: 3
SVD 量化时间: 0.0042 秒
cluster: 2
group_size: 128
cluster Quantizing weight with shape: torch.Size([256, 128])
cluster: 2
group_size: 128
cluster Quantizing weight with shape: torch.Size([256, 128])
SVD 奇异值量化时间: 0.2320 秒
angle bits: 3
SVD 量化时间: 0.0042 秒
cluster: 2
group_size: 128
cluster Quantizing weight with shape: torch.Size([256, 128])
cluster: 2
group_size: 128
cluster Quantizing weight with shape: torch.Size([256, 128])
SVD 奇异值量化时间: 0.2385 秒
angle bits: 3
SVD 量化时间: 0.0042 秒
cluster: 2
group_size: 128
cluster Quantizing weight with shape: torch.Size([256, 128])
cluster: 2
group_size: 128
cluster Quantizing weight with shape: torch.Size([256, 128])
SVD 奇异值量化时间: 0.2359 秒
angle bits: 3
SVD 量化时间: 0.0042 秒
cluster: 2
group_size: 128
cluster Quantizing weight with shape: torch.Size([256, 128])
cluster: 2
group_size: 128
cluster Quantizing weight with shape: torch.Size([256, 128])
SVD 奇异值量化时间: 0.2327 秒
7 self_attn.k_proj
Quantizing ...
使用blocksize: 128进行量化
angle bits: 3
SVD 量化时间: 0.0041 秒
cluster: 2
group_size: 128
cluster Quantizing weight with shape: torch.Size([256, 128])
cluster: 2
group_size: 128
cluster Quantizing weight with shape: torch.Size([256, 128])
SVD 奇异值量化时间: 0.2293 秒
angle bits: 3
SVD 量化时间: 0.0041 秒
cluster: 2
group_size: 128
cluster Quantizing weight with shape: torch.Size([256, 128])
cluster: 2
group_size: 128
cluster Quantizing weight with shape: torch.Size([256, 128])
SVD 奇异值量化时间: 0.2311 秒
angle bits: 3
SVD 量化时间: 0.0042 秒
cluster: 2
group_size: 128
cluster Quantizing weight with shape: torch.Size([256, 128])
cluster: 2
group_size: 128
cluster Quantizing weight with shape: torch.Size([256, 128])
SVD 奇异值量化时间: 0.2336 秒
angle bits: 3
SVD 量化时间: 0.0041 秒
cluster: 2
group_size: 128
cluster Quantizing weight with shape: torch.Size([256, 128])
cluster: 2
group_size: 128
cluster Quantizing weight with shape: torch.Size([256, 128])
SVD 奇异值量化时间: 0.2294 秒
angle bits: 3
SVD 量化时间: 0.0041 秒
cluster: 2
group_size: 128
cluster Quantizing weight with shape: torch.Size([256, 128])
cluster: 2
group_size: 128
cluster Quantizing weight with shape: torch.Size([256, 128])
SVD 奇异值量化时间: 0.2336 秒
angle bits: 3
SVD 量化时间: 0.0041 秒
cluster: 2
group_size: 128
cluster Quantizing weight with shape: torch.Size([256, 128])
cluster: 2
group_size: 128
cluster Quantizing weight with shape: torch.Size([256, 128])
SVD 奇异值量化时间: 0.2275 秒
angle bits: 3
SVD 量化时间: 0.0041 秒
cluster: 2
group_size: 128
cluster Quantizing weight with shape: torch.Size([256, 128])
cluster: 2
group_size: 128
cluster Quantizing weight with shape: torch.Size([256, 128])
SVD 奇异值量化时间: 0.2258 秒
angle bits: 3
SVD 量化时间: 0.0041 秒
cluster: 2
group_size: 128
cluster Quantizing weight with shape: torch.Size([256, 128])
cluster: 2
group_size: 128
cluster Quantizing weight with shape: torch.Size([256, 128])
SVD 奇异值量化时间: 0.2297 秒
7 self_attn.v_proj
Quantizing ...
使用blocksize: 128进行量化
angle bits: 3
SVD 量化时间: 0.0039 秒
cluster: 2
group_size: 128
cluster Quantizing weight with shape: torch.Size([256, 128])
cluster: 2
group_size: 128
cluster Quantizing weight with shape: torch.Size([256, 128])
SVD 奇异值量化时间: 0.2318 秒
angle bits: 3
SVD 量化时间: 0.0041 秒
cluster: 2
group_size: 128
cluster Quantizing weight with shape: torch.Size([256, 128])
cluster: 2
group_size: 128
cluster Quantizing weight with shape: torch.Size([256, 128])
SVD 奇异值量化时间: 0.2313 秒
angle bits: 3
SVD 量化时间: 0.0041 秒
cluster: 2
group_size: 128
cluster Quantizing weight with shape: torch.Size([256, 128])
cluster: 2
group_size: 128
cluster Quantizing weight with shape: torch.Size([256, 128])
SVD 奇异值量化时间: 0.2274 秒
angle bits: 3
SVD 量化时间: 0.0041 秒
cluster: 2
group_size: 128
cluster Quantizing weight with shape: torch.Size([256, 128])
cluster: 2
group_size: 128
cluster Quantizing weight with shape: torch.Size([256, 128])
SVD 奇异值量化时间: 0.2290 秒
angle bits: 3
SVD 量化时间: 0.0041 秒
cluster: 2
group_size: 128
cluster Quantizing weight with shape: torch.Size([256, 128])
cluster: 2
group_size: 128
cluster Quantizing weight with shape: torch.Size([256, 128])
SVD 奇异值量化时间: 0.2314 秒
angle bits: 3
SVD 量化时间: 0.0042 秒
cluster: 2
group_size: 128
cluster Quantizing weight with shape: torch.Size([256, 128])
cluster: 2
group_size: 128
cluster Quantizing weight with shape: torch.Size([256, 128])
SVD 奇异值量化时间: 0.2341 秒
angle bits: 3
SVD 量化时间: 0.0041 秒
cluster: 2
group_size: 128
cluster Quantizing weight with shape: torch.Size([256, 128])
cluster: 2
group_size: 128
cluster Quantizing weight with shape: torch.Size([256, 128])
SVD 奇异值量化时间: 0.2291 秒
angle bits: 3
SVD 量化时间: 0.0041 秒
cluster: 2
group_size: 128
cluster Quantizing weight with shape: torch.Size([256, 128])
cluster: 2
group_size: 128
cluster Quantizing weight with shape: torch.Size([256, 128])
SVD 奇异值量化时间: 0.2288 秒
7 self_attn.q_proj
Quantizing ...
使用blocksize: 128进行量化
angle bits: 3
SVD 量化时间: 0.0039 秒
cluster: 2
group_size: 128
cluster Quantizing weight with shape: torch.Size([256, 128])
cluster: 2
group_size: 128
cluster Quantizing weight with shape: torch.Size([256, 128])
SVD 奇异值量化时间: 0.2301 秒
angle bits: 3
SVD 量化时间: 0.0041 秒
cluster: 2
group_size: 128
cluster Quantizing weight with shape: torch.Size([256, 128])
cluster: 2
group_size: 128
cluster Quantizing weight with shape: torch.Size([256, 128])
SVD 奇异值量化时间: 0.2357 秒
angle bits: 3
SVD 量化时间: 0.0044 秒
cluster: 2
group_size: 128
cluster Quantizing weight with shape: torch.Size([256, 128])
cluster: 2
group_size: 128
cluster Quantizing weight with shape: torch.Size([256, 128])
SVD 奇异值量化时间: 0.2301 秒
angle bits: 3
SVD 量化时间: 0.0041 秒
cluster: 2
group_size: 128
cluster Quantizing weight with shape: torch.Size([256, 128])
cluster: 2
group_size: 128
cluster Quantizing weight with shape: torch.Size([256, 128])
SVD 奇异值量化时间: 0.2296 秒
angle bits: 3
SVD 量化时间: 0.0041 秒
cluster: 2
group_size: 128
cluster Quantizing weight with shape: torch.Size([256, 128])
cluster: 2
group_size: 128
cluster Quantizing weight with shape: torch.Size([256, 128])
SVD 奇异值量化时间: 0.2333 秒
angle bits: 3
SVD 量化时间: 0.0041 秒
cluster: 2
group_size: 128
cluster Quantizing weight with shape: torch.Size([256, 128])
cluster: 2
group_size: 128
cluster Quantizing weight with shape: torch.Size([256, 128])
SVD 奇异值量化时间: 0.2367 秒
angle bits: 3
SVD 量化时间: 0.0041 秒
cluster: 2
group_size: 128
cluster Quantizing weight with shape: torch.Size([256, 128])
cluster: 2
group_size: 128
cluster Quantizing weight with shape: torch.Size([256, 128])
SVD 奇异值量化时间: 0.2318 秒
angle bits: 3
SVD 量化时间: 0.0041 秒
cluster: 2
group_size: 128
cluster Quantizing weight with shape: torch.Size([256, 128])
cluster: 2
group_size: 128
cluster Quantizing weight with shape: torch.Size([256, 128])
SVD 奇异值量化时间: 0.2296 秒
7 self_attn.out_proj
Quantizing ...
使用blocksize: 128进行量化
angle bits: 3
SVD 量化时间: 0.0037 秒
cluster: 2
group_size: 128
cluster Quantizing weight with shape: torch.Size([256, 128])
cluster: 2
group_size: 128
cluster Quantizing weight with shape: torch.Size([256, 128])
SVD 奇异值量化时间: 0.2269 秒
angle bits: 3
SVD 量化时间: 0.0041 秒
cluster: 2
group_size: 128
cluster Quantizing weight with shape: torch.Size([256, 128])
cluster: 2
group_size: 128
cluster Quantizing weight with shape: torch.Size([256, 128])
SVD 奇异值量化时间: 0.2306 秒
angle bits: 3
SVD 量化时间: 0.0042 秒
cluster: 2
group_size: 128
cluster Quantizing weight with shape: torch.Size([256, 128])
cluster: 2
group_size: 128
cluster Quantizing weight with shape: torch.Size([256, 128])
SVD 奇异值量化时间: 0.2362 秒
angle bits: 3
SVD 量化时间: 0.0041 秒
cluster: 2
group_size: 128
cluster Quantizing weight with shape: torch.Size([256, 128])
cluster: 2
group_size: 128
cluster Quantizing weight with shape: torch.Size([256, 128])
SVD 奇异值量化时间: 0.2305 秒
angle bits: 3
SVD 量化时间: 0.0041 秒
cluster: 2
group_size: 128
cluster Quantizing weight with shape: torch.Size([256, 128])
cluster: 2
group_size: 128
cluster Quantizing weight with shape: torch.Size([256, 128])
SVD 奇异值量化时间: 0.2311 秒
angle bits: 3
SVD 量化时间: 0.0042 秒
cluster: 2
group_size: 128
cluster Quantizing weight with shape: torch.Size([256, 128])
cluster: 2
group_size: 128
cluster Quantizing weight with shape: torch.Size([256, 128])
SVD 奇异值量化时间: 0.2349 秒
angle bits: 3
SVD 量化时间: 0.0042 秒
cluster: 2
group_size: 128
cluster Quantizing weight with shape: torch.Size([256, 128])
cluster: 2
group_size: 128
cluster Quantizing weight with shape: torch.Size([256, 128])
SVD 奇异值量化时间: 0.2364 秒
angle bits: 3
SVD 量化时间: 0.0042 秒
cluster: 2
group_size: 128
cluster Quantizing weight with shape: torch.Size([256, 128])
cluster: 2
group_size: 128
cluster Quantizing weight with shape: torch.Size([256, 128])
SVD 奇异值量化时间: 0.2298 秒
7 fc1
Quantizing ...
使用blocksize: 128进行量化
angle bits: 3
SVD 量化时间: 0.0133 秒
cluster: 2
group_size: 128
cluster Quantizing weight with shape: torch.Size([1024, 128])
cluster: 2
group_size: 128
cluster Quantizing weight with shape: torch.Size([1024, 128])
SVD 奇异值量化时间: 0.9326 秒
angle bits: 3
SVD 量化时间: 0.0150 秒
cluster: 2
group_size: 128
cluster Quantizing weight with shape: torch.Size([1024, 128])
cluster: 2
group_size: 128
cluster Quantizing weight with shape: torch.Size([1024, 128])
SVD 奇异值量化时间: 1.0433 秒
angle bits: 3
SVD 量化时间: 0.0149 秒
cluster: 2
group_size: 128
cluster Quantizing weight with shape: torch.Size([1024, 128])
cluster: 2
group_size: 128
cluster Quantizing weight with shape: torch.Size([1024, 128])
SVD 奇异值量化时间: 0.9261 秒
angle bits: 3
SVD 量化时间: 0.0149 秒
cluster: 2
group_size: 128
cluster Quantizing weight with shape: torch.Size([1024, 128])
cluster: 2
group_size: 128
cluster Quantizing weight with shape: torch.Size([1024, 128])
SVD 奇异值量化时间: 0.9250 秒
angle bits: 3
SVD 量化时间: 0.0148 秒
cluster: 2
group_size: 128
cluster Quantizing weight with shape: torch.Size([1024, 128])
cluster: 2
group_size: 128
cluster Quantizing weight with shape: torch.Size([1024, 128])
SVD 奇异值量化时间: 0.9227 秒
angle bits: 3
SVD 量化时间: 0.0150 秒
cluster: 2
group_size: 128
cluster Quantizing weight with shape: torch.Size([1024, 128])
cluster: 2
group_size: 128
cluster Quantizing weight with shape: torch.Size([1024, 128])
SVD 奇异值量化时间: 0.9289 秒
angle bits: 3
SVD 量化时间: 0.0149 秒
cluster: 2
group_size: 128
cluster Quantizing weight with shape: torch.Size([1024, 128])
cluster: 2
group_size: 128
cluster Quantizing weight with shape: torch.Size([1024, 128])
SVD 奇异值量化时间: 0.9291 秒
angle bits: 3
SVD 量化时间: 0.0149 秒
cluster: 2
group_size: 128
cluster Quantizing weight with shape: torch.Size([1024, 128])
cluster: 2
group_size: 128
cluster Quantizing weight with shape: torch.Size([1024, 128])
SVD 奇异值量化时间: 0.9224 秒
7 fc2
Quantizing ...
使用blocksize: 128进行量化
angle bits: 3
SVD 量化时间: 0.0038 秒
cluster: 2
group_size: 128
cluster Quantizing weight with shape: torch.Size([256, 128])
cluster: 2
group_size: 128
cluster Quantizing weight with shape: torch.Size([256, 128])
SVD 奇异值量化时间: 0.2298 秒
angle bits: 3
SVD 量化时间: 0.0042 秒
cluster: 2
group_size: 128
cluster Quantizing weight with shape: torch.Size([256, 128])
cluster: 2
group_size: 128
cluster Quantizing weight with shape: torch.Size([256, 128])
SVD 奇异值量化时间: 0.2390 秒
angle bits: 3
SVD 量化时间: 0.0042 秒
cluster: 2
group_size: 128
cluster Quantizing weight with shape: torch.Size([256, 128])
cluster: 2
group_size: 128
cluster Quantizing weight with shape: torch.Size([256, 128])
SVD 奇异值量化时间: 0.2321 秒
angle bits: 3
SVD 量化时间: 0.0042 秒
cluster: 2
group_size: 128
cluster Quantizing weight with shape: torch.Size([256, 128])
cluster: 2
group_size: 128
cluster Quantizing weight with shape: torch.Size([256, 128])
SVD 奇异值量化时间: 0.2323 秒
angle bits: 3
SVD 量化时间: 0.0042 秒
cluster: 2
group_size: 128
cluster Quantizing weight with shape: torch.Size([256, 128])
cluster: 2
group_size: 128
cluster Quantizing weight with shape: torch.Size([256, 128])
SVD 奇异值量化时间: 0.2327 秒
angle bits: 3
SVD 量化时间: 0.0042 秒
cluster: 2
group_size: 128
cluster Quantizing weight with shape: torch.Size([256, 128])
cluster: 2
group_size: 128
cluster Quantizing weight with shape: torch.Size([256, 128])
SVD 奇异值量化时间: 0.2372 秒
angle bits: 3
SVD 量化时间: 0.0042 秒
cluster: 2
group_size: 128
cluster Quantizing weight with shape: torch.Size([256, 128])
cluster: 2
group_size: 128
cluster Quantizing weight with shape: torch.Size([256, 128])
SVD 奇异值量化时间: 0.2375 秒
angle bits: 3
SVD 量化时间: 0.0042 秒
cluster: 2
group_size: 128
cluster Quantizing weight with shape: torch.Size([256, 128])
cluster: 2
group_size: 128
cluster Quantizing weight with shape: torch.Size([256, 128])
SVD 奇异值量化时间: 0.2306 秒
angle bits: 3
SVD 量化时间: 0.0042 秒
cluster: 2
group_size: 128
cluster Quantizing weight with shape: torch.Size([256, 128])
cluster: 2
group_size: 128
cluster Quantizing weight with shape: torch.Size([256, 128])
SVD 奇异值量化时间: 0.2313 秒
angle bits: 3
SVD 量化时间: 0.0042 秒
cluster: 2
group_size: 128
cluster Quantizing weight with shape: torch.Size([256, 128])
cluster: 2
group_size: 128
cluster Quantizing weight with shape: torch.Size([256, 128])
SVD 奇异值量化时间: 0.2366 秒
angle bits: 3
SVD 量化时间: 0.0042 秒
cluster: 2
group_size: 128
cluster Quantizing weight with shape: torch.Size([256, 128])
cluster: 2
group_size: 128
cluster Quantizing weight with shape: torch.Size([256, 128])
SVD 奇异值量化时间: 0.2342 秒
angle bits: 3
SVD 量化时间: 0.0042 秒
cluster: 2
group_size: 128
cluster Quantizing weight with shape: torch.Size([256, 128])
cluster: 2
group_size: 128
cluster Quantizing weight with shape: torch.Size([256, 128])
SVD 奇异值量化时间: 0.2316 秒
angle bits: 3
SVD 量化时间: 0.0042 秒
cluster: 2
group_size: 128
cluster Quantizing weight with shape: torch.Size([256, 128])
cluster: 2
group_size: 128
cluster Quantizing weight with shape: torch.Size([256, 128])
SVD 奇异值量化时间: 0.2350 秒
angle bits: 3
SVD 量化时间: 0.0041 秒
cluster: 2
group_size: 128
cluster Quantizing weight with shape: torch.Size([256, 128])
cluster: 2
group_size: 128
cluster Quantizing weight with shape: torch.Size([256, 128])
SVD 奇异值量化时间: 0.2338 秒
angle bits: 3
SVD 量化时间: 0.0041 秒
cluster: 2
group_size: 128
cluster Quantizing weight with shape: torch.Size([256, 128])
cluster: 2
group_size: 128
cluster Quantizing weight with shape: torch.Size([256, 128])
SVD 奇异值量化时间: 0.2372 秒
angle bits: 3
SVD 量化时间: 0.0041 秒
cluster: 2
group_size: 128
cluster Quantizing weight with shape: torch.Size([256, 128])
cluster: 2
group_size: 128
cluster Quantizing weight with shape: torch.Size([256, 128])
SVD 奇异值量化时间: 0.2303 秒
angle bits: 3
SVD 量化时间: 0.0041 秒
cluster: 2
group_size: 128
cluster Quantizing weight with shape: torch.Size([256, 128])
cluster: 2
group_size: 128
cluster Quantizing weight with shape: torch.Size([256, 128])
SVD 奇异值量化时间: 0.2354 秒
angle bits: 3
SVD 量化时间: 0.0041 秒
cluster: 2
group_size: 128
cluster Quantizing weight with shape: torch.Size([256, 128])
cluster: 2
group_size: 128
cluster Quantizing weight with shape: torch.Size([256, 128])
SVD 奇异值量化时间: 0.2366 秒
angle bits: 3
SVD 量化时间: 0.0041 秒
cluster: 2
group_size: 128
cluster Quantizing weight with shape: torch.Size([256, 128])
cluster: 2
group_size: 128
cluster Quantizing weight with shape: torch.Size([256, 128])
SVD 奇异值量化时间: 0.2403 秒
angle bits: 3
SVD 量化时间: 0.0042 秒
cluster: 2
group_size: 128
cluster Quantizing weight with shape: torch.Size([256, 128])
cluster: 2
group_size: 128
cluster Quantizing weight with shape: torch.Size([256, 128])
SVD 奇异值量化时间: 0.2360 秒
angle bits: 3
SVD 量化时间: 0.0042 秒
cluster: 2
group_size: 128
cluster Quantizing weight with shape: torch.Size([256, 128])
cluster: 2
group_size: 128
cluster Quantizing weight with shape: torch.Size([256, 128])
SVD 奇异值量化时间: 0.2339 秒
angle bits: 3
SVD 量化时间: 0.0041 秒
cluster: 2
group_size: 128
cluster Quantizing weight with shape: torch.Size([256, 128])
cluster: 2
group_size: 128
cluster Quantizing weight with shape: torch.Size([256, 128])
SVD 奇异值量化时间: 0.2317 秒
angle bits: 3
SVD 量化时间: 0.0041 秒
cluster: 2
group_size: 128
cluster Quantizing weight with shape: torch.Size([256, 128])
cluster: 2
group_size: 128
cluster Quantizing weight with shape: torch.Size([256, 128])
SVD 奇异值量化时间: 0.2365 秒
angle bits: 3
SVD 量化时间: 0.0041 秒
cluster: 2
group_size: 128
cluster Quantizing weight with shape: torch.Size([256, 128])
cluster: 2
group_size: 128
cluster Quantizing weight with shape: torch.Size([256, 128])
SVD 奇异值量化时间: 0.2344 秒
angle bits: 3
SVD 量化时间: 0.0041 秒
cluster: 2
group_size: 128
cluster Quantizing weight with shape: torch.Size([256, 128])
cluster: 2
group_size: 128
cluster Quantizing weight with shape: torch.Size([256, 128])
SVD 奇异值量化时间: 0.2316 秒
angle bits: 3
SVD 量化时间: 0.0041 秒
cluster: 2
group_size: 128
cluster Quantizing weight with shape: torch.Size([256, 128])
cluster: 2
group_size: 128
cluster Quantizing weight with shape: torch.Size([256, 128])
SVD 奇异值量化时间: 0.2313 秒
angle bits: 3
SVD 量化时间: 0.0041 秒
cluster: 2
group_size: 128
cluster Quantizing weight with shape: torch.Size([256, 128])
cluster: 2
group_size: 128
cluster Quantizing weight with shape: torch.Size([256, 128])
SVD 奇异值量化时间: 0.2308 秒
angle bits: 3
SVD 量化时间: 0.0041 秒
cluster: 2
group_size: 128
cluster Quantizing weight with shape: torch.Size([256, 128])
cluster: 2
group_size: 128
cluster Quantizing weight with shape: torch.Size([256, 128])
SVD 奇异值量化时间: 0.2378 秒
angle bits: 3
SVD 量化时间: 0.0041 秒
cluster: 2
group_size: 128
cluster Quantizing weight with shape: torch.Size([256, 128])
cluster: 2
group_size: 128
cluster Quantizing weight with shape: torch.Size([256, 128])
SVD 奇异值量化时间: 0.2336 秒
angle bits: 3
SVD 量化时间: 0.0041 秒
cluster: 2
group_size: 128
cluster Quantizing weight with shape: torch.Size([256, 128])
cluster: 2
group_size: 128
cluster Quantizing weight with shape: torch.Size([256, 128])
SVD 奇异值量化时间: 0.2313 秒
angle bits: 3
SVD 量化时间: 0.0041 秒
cluster: 2
group_size: 128
cluster Quantizing weight with shape: torch.Size([256, 128])
cluster: 2
group_size: 128
cluster Quantizing weight with shape: torch.Size([256, 128])
SVD 奇异值量化时间: 0.2304 秒
angle bits: 3
SVD 量化时间: 0.0041 秒
cluster: 2
group_size: 128
cluster Quantizing weight with shape: torch.Size([256, 128])
cluster: 2
group_size: 128
cluster Quantizing weight with shape: torch.Size([256, 128])
SVD 奇异值量化时间: 0.2372 秒
8 self_attn.k_proj
Quantizing ...
使用blocksize: 128进行量化
angle bits: 3
SVD 量化时间: 0.0041 秒
cluster: 2
group_size: 128
cluster Quantizing weight with shape: torch.Size([256, 128])
cluster: 2
group_size: 128
cluster Quantizing weight with shape: torch.Size([256, 128])
SVD 奇异值量化时间: 0.2284 秒
angle bits: 3
SVD 量化时间: 0.0041 秒
cluster: 2
group_size: 128
cluster Quantizing weight with shape: torch.Size([256, 128])
cluster: 2
group_size: 128
cluster Quantizing weight with shape: torch.Size([256, 128])
SVD 奇异值量化时间: 0.2282 秒
angle bits: 3
SVD 量化时间: 0.0041 秒
cluster: 2
group_size: 128
cluster Quantizing weight with shape: torch.Size([256, 128])
cluster: 2
group_size: 128
cluster Quantizing weight with shape: torch.Size([256, 128])
SVD 奇异值量化时间: 0.2331 秒
angle bits: 3
SVD 量化时间: 0.0041 秒
cluster: 2
group_size: 128
cluster Quantizing weight with shape: torch.Size([256, 128])
cluster: 2
group_size: 128
cluster Quantizing weight with shape: torch.Size([256, 128])
SVD 奇异值量化时间: 0.2324 秒
angle bits: 3
SVD 量化时间: 0.0041 秒
cluster: 2
group_size: 128
cluster Quantizing weight with shape: torch.Size([256, 128])
cluster: 2
group_size: 128
cluster Quantizing weight with shape: torch.Size([256, 128])
SVD 奇异值量化时间: 0.2271 秒
angle bits: 3
SVD 量化时间: 0.0041 秒
cluster: 2
group_size: 128
cluster Quantizing weight with shape: torch.Size([256, 128])
cluster: 2
group_size: 128
cluster Quantizing weight with shape: torch.Size([256, 128])
SVD 奇异值量化时间: 0.2260 秒
angle bits: 3
SVD 量化时间: 0.0041 秒
cluster: 2
group_size: 128
cluster Quantizing weight with shape: torch.Size([256, 128])
cluster: 2
group_size: 128
cluster Quantizing weight with shape: torch.Size([256, 128])
SVD 奇异值量化时间: 0.2328 秒
angle bits: 3
SVD 量化时间: 0.0041 秒
cluster: 2
group_size: 128
cluster Quantizing weight with shape: torch.Size([256, 128])
cluster: 2
group_size: 128
cluster Quantizing weight with shape: torch.Size([256, 128])
SVD 奇异值量化时间: 0.2284 秒
8 self_attn.v_proj
Quantizing ...
使用blocksize: 128进行量化
angle bits: 3
SVD 量化时间: 0.0046 秒
cluster: 2
group_size: 128
cluster Quantizing weight with shape: torch.Size([256, 128])
cluster: 2
group_size: 128
cluster Quantizing weight with shape: torch.Size([256, 128])
SVD 奇异值量化时间: 0.2297 秒
angle bits: 3
SVD 量化时间: 0.0041 秒
cluster: 2
group_size: 128
cluster Quantizing weight with shape: torch.Size([256, 128])
cluster: 2
group_size: 128
cluster Quantizing weight with shape: torch.Size([256, 128])
SVD 奇异值量化时间: 0.2425 秒
angle bits: 3
SVD 量化时间: 0.0042 秒
cluster: 2
group_size: 128
cluster Quantizing weight with shape: torch.Size([256, 128])
cluster: 2
group_size: 128
cluster Quantizing weight with shape: torch.Size([256, 128])
SVD 奇异值量化时间: 0.2385 秒
angle bits: 3
SVD 量化时间: 0.0041 秒
cluster: 2
group_size: 128
cluster Quantizing weight with shape: torch.Size([256, 128])
cluster: 2
group_size: 128
cluster Quantizing weight with shape: torch.Size([256, 128])
SVD 奇异值量化时间: 0.2385 秒
angle bits: 3
SVD 量化时间: 0.0041 秒
cluster: 2
group_size: 128
cluster Quantizing weight with shape: torch.Size([256, 128])
cluster: 2
group_size: 128
cluster Quantizing weight with shape: torch.Size([256, 128])
SVD 奇异值量化时间: 0.2522 秒
angle bits: 3
SVD 量化时间: 0.0041 秒
cluster: 2
group_size: 128
cluster Quantizing weight with shape: torch.Size([256, 128])
cluster: 2
group_size: 128
cluster Quantizing weight with shape: torch.Size([256, 128])
SVD 奇异值量化时间: 0.2397 秒
angle bits: 3
SVD 量化时间: 0.0042 秒
cluster: 2
group_size: 128
cluster Quantizing weight with shape: torch.Size([256, 128])
cluster: 2
group_size: 128
cluster Quantizing weight with shape: torch.Size([256, 128])
SVD 奇异值量化时间: 0.2427 秒
angle bits: 3
SVD 量化时间: 0.0042 秒
cluster: 2
group_size: 128
cluster Quantizing weight with shape: torch.Size([256, 128])
cluster: 2
group_size: 128
cluster Quantizing weight with shape: torch.Size([256, 128])
SVD 奇异值量化时间: 0.2400 秒
8 self_attn.q_proj
Quantizing ...
使用blocksize: 128进行量化
angle bits: 3
SVD 量化时间: 0.0040 秒
cluster: 2
group_size: 128
cluster Quantizing weight with shape: torch.Size([256, 128])
cluster: 2
group_size: 128
cluster Quantizing weight with shape: torch.Size([256, 128])
SVD 奇异值量化时间: 0.2412 秒
angle bits: 3
SVD 量化时间: 0.0042 秒
cluster: 2
group_size: 128
cluster Quantizing weight with shape: torch.Size([256, 128])
cluster: 2
group_size: 128
cluster Quantizing weight with shape: torch.Size([256, 128])
SVD 奇异值量化时间: 0.2416 秒
angle bits: 3
SVD 量化时间: 0.0042 秒
cluster: 2
group_size: 128
cluster Quantizing weight with shape: torch.Size([256, 128])
cluster: 2
group_size: 128
cluster Quantizing weight with shape: torch.Size([256, 128])
SVD 奇异值量化时间: 0.2388 秒
angle bits: 3
SVD 量化时间: 0.0042 秒
cluster: 2
group_size: 128
cluster Quantizing weight with shape: torch.Size([256, 128])
cluster: 2
group_size: 128
cluster Quantizing weight with shape: torch.Size([256, 128])
SVD 奇异值量化时间: 0.2429 秒
angle bits: 3
SVD 量化时间: 0.0042 秒
cluster: 2
group_size: 128
cluster Quantizing weight with shape: torch.Size([256, 128])
cluster: 2
group_size: 128
cluster Quantizing weight with shape: torch.Size([256, 128])
SVD 奇异值量化时间: 0.2488 秒
angle bits: 3
SVD 量化时间: 0.0042 秒
cluster: 2
group_size: 128
cluster Quantizing weight with shape: torch.Size([256, 128])
cluster: 2
group_size: 128
cluster Quantizing weight with shape: torch.Size([256, 128])
SVD 奇异值量化时间: 0.2500 秒
angle bits: 3
SVD 量化时间: 0.0042 秒
cluster: 2
group_size: 128
cluster Quantizing weight with shape: torch.Size([256, 128])
cluster: 2
group_size: 128
cluster Quantizing weight with shape: torch.Size([256, 128])
SVD 奇异值量化时间: 0.2529 秒
angle bits: 3
SVD 量化时间: 0.0041 秒
cluster: 2
group_size: 128
cluster Quantizing weight with shape: torch.Size([256, 128])
cluster: 2
group_size: 128
cluster Quantizing weight with shape: torch.Size([256, 128])
SVD 奇异值量化时间: 0.2493 秒
8 self_attn.out_proj
Quantizing ...
使用blocksize: 128进行量化
angle bits: 3
SVD 量化时间: 0.0039 秒
cluster: 2
group_size: 128
cluster Quantizing weight with shape: torch.Size([256, 128])
cluster: 2
group_size: 128
cluster Quantizing weight with shape: torch.Size([256, 128])
SVD 奇异值量化时间: 0.2488 秒
angle bits: 3
SVD 量化时间: 0.0042 秒
cluster: 2
group_size: 128
cluster Quantizing weight with shape: torch.Size([256, 128])
cluster: 2
group_size: 128
cluster Quantizing weight with shape: torch.Size([256, 128])
SVD 奇异值量化时间: 0.2538 秒
angle bits: 3
SVD 量化时间: 0.0042 秒
cluster: 2
group_size: 128
cluster Quantizing weight with shape: torch.Size([256, 128])
cluster: 2
group_size: 128
cluster Quantizing weight with shape: torch.Size([256, 128])
SVD 奇异值量化时间: 0.2475 秒
angle bits: 3
SVD 量化时间: 0.0042 秒
cluster: 2
group_size: 128
cluster Quantizing weight with shape: torch.Size([256, 128])
cluster: 2
group_size: 128
cluster Quantizing weight with shape: torch.Size([256, 128])
SVD 奇异值量化时间: 0.2486 秒
angle bits: 3
SVD 量化时间: 0.0042 秒
cluster: 2
group_size: 128
cluster Quantizing weight with shape: torch.Size([256, 128])
cluster: 2
group_size: 128
cluster Quantizing weight with shape: torch.Size([256, 128])
SVD 奇异值量化时间: 0.2482 秒
angle bits: 3
SVD 量化时间: 0.0042 秒
cluster: 2
group_size: 128
cluster Quantizing weight with shape: torch.Size([256, 128])
cluster: 2
group_size: 128
cluster Quantizing weight with shape: torch.Size([256, 128])
SVD 奇异值量化时间: 0.2481 秒
angle bits: 3
SVD 量化时间: 0.0042 秒
cluster: 2
group_size: 128
cluster Quantizing weight with shape: torch.Size([256, 128])
cluster: 2
group_size: 128
cluster Quantizing weight with shape: torch.Size([256, 128])
SVD 奇异值量化时间: 0.2555 秒
angle bits: 3
SVD 量化时间: 0.0043 秒
cluster: 2
group_size: 128
cluster Quantizing weight with shape: torch.Size([256, 128])
cluster: 2
group_size: 128
cluster Quantizing weight with shape: torch.Size([256, 128])
SVD 奇异值量化时间: 0.2527 秒
8 fc1
Quantizing ...
使用blocksize: 128进行量化
angle bits: 3
SVD 量化时间: 0.0134 秒
cluster: 2
group_size: 128
cluster Quantizing weight with shape: torch.Size([1024, 128])
cluster: 2
group_size: 128
cluster Quantizing weight with shape: torch.Size([1024, 128])
SVD 奇异值量化时间: 0.9929 秒
angle bits: 3
SVD 量化时间: 0.0150 秒
cluster: 2
group_size: 128
cluster Quantizing weight with shape: torch.Size([1024, 128])
cluster: 2
group_size: 128
cluster Quantizing weight with shape: torch.Size([1024, 128])
SVD 奇异值量化时间: 0.9679 秒
angle bits: 3
SVD 量化时间: 0.0149 秒
cluster: 2
group_size: 128
cluster Quantizing weight with shape: torch.Size([1024, 128])
cluster: 2
group_size: 128
cluster Quantizing weight with shape: torch.Size([1024, 128])
SVD 奇异值量化时间: 0.9386 秒
angle bits: 3
SVD 量化时间: 0.0150 秒
cluster: 2
group_size: 128
cluster Quantizing weight with shape: torch.Size([1024, 128])
cluster: 2
group_size: 128
cluster Quantizing weight with shape: torch.Size([1024, 128])
SVD 奇异值量化时间: 0.9535 秒
angle bits: 3
SVD 量化时间: 0.0148 秒
cluster: 2
group_size: 128
cluster Quantizing weight with shape: torch.Size([1024, 128])
cluster: 2
group_size: 128
cluster Quantizing weight with shape: torch.Size([1024, 128])
SVD 奇异值量化时间: 0.9469 秒
angle bits: 3
SVD 量化时间: 0.0149 秒
cluster: 2
group_size: 128
cluster Quantizing weight with shape: torch.Size([1024, 128])
cluster: 2
group_size: 128
cluster Quantizing weight with shape: torch.Size([1024, 128])
SVD 奇异值量化时间: 0.9271 秒
angle bits: 3
SVD 量化时间: 0.0149 秒
cluster: 2
group_size: 128
cluster Quantizing weight with shape: torch.Size([1024, 128])
cluster: 2
group_size: 128
cluster Quantizing weight with shape: torch.Size([1024, 128])
SVD 奇异值量化时间: 0.9344 秒
angle bits: 3
SVD 量化时间: 0.0149 秒
cluster: 2
group_size: 128
cluster Quantizing weight with shape: torch.Size([1024, 128])
cluster: 2
group_size: 128
cluster Quantizing weight with shape: torch.Size([1024, 128])
SVD 奇异值量化时间: 0.9345 秒
8 fc2
Quantizing ...
使用blocksize: 128进行量化
angle bits: 3
SVD 量化时间: 0.0038 秒
cluster: 2
group_size: 128
cluster Quantizing weight with shape: torch.Size([256, 128])
cluster: 2
group_size: 128
cluster Quantizing weight with shape: torch.Size([256, 128])
SVD 奇异值量化时间: 0.2304 秒
angle bits: 3
SVD 量化时间: 0.0042 秒
cluster: 2
group_size: 128
cluster Quantizing weight with shape: torch.Size([256, 128])
cluster: 2
group_size: 128
cluster Quantizing weight with shape: torch.Size([256, 128])
SVD 奇异值量化时间: 0.2373 秒
angle bits: 3
SVD 量化时间: 0.0042 秒
cluster: 2
group_size: 128
cluster Quantizing weight with shape: torch.Size([256, 128])
cluster: 2
group_size: 128
cluster Quantizing weight with shape: torch.Size([256, 128])
SVD 奇异值量化时间: 0.2329 秒
angle bits: 3
SVD 量化时间: 0.0042 秒
cluster: 2
group_size: 128
cluster Quantizing weight with shape: torch.Size([256, 128])
cluster: 2
group_size: 128
cluster Quantizing weight with shape: torch.Size([256, 128])
SVD 奇异值量化时间: 0.2319 秒
angle bits: 3
SVD 量化时间: 0.0041 秒
cluster: 2
group_size: 128
cluster Quantizing weight with shape: torch.Size([256, 128])
cluster: 2
group_size: 128
cluster Quantizing weight with shape: torch.Size([256, 128])
SVD 奇异值量化时间: 0.2328 秒
angle bits: 3
SVD 量化时间: 0.0041 秒
cluster: 2
group_size: 128
cluster Quantizing weight with shape: torch.Size([256, 128])
cluster: 2
group_size: 128
cluster Quantizing weight with shape: torch.Size([256, 128])
SVD 奇异值量化时间: 0.2344 秒
angle bits: 3
SVD 量化时间: 0.0042 秒
cluster: 2
group_size: 128
cluster Quantizing weight with shape: torch.Size([256, 128])
cluster: 2
group_size: 128
cluster Quantizing weight with shape: torch.Size([256, 128])
SVD 奇异值量化时间: 0.2377 秒
angle bits: 3
SVD 量化时间: 0.0042 秒
cluster: 2
group_size: 128
cluster Quantizing weight with shape: torch.Size([256, 128])
cluster: 2
group_size: 128
cluster Quantizing weight with shape: torch.Size([256, 128])
SVD 奇异值量化时间: 0.2406 秒
angle bits: 3
SVD 量化时间: 0.0042 秒
cluster: 2
group_size: 128
cluster Quantizing weight with shape: torch.Size([256, 128])
cluster: 2
group_size: 128
cluster Quantizing weight with shape: torch.Size([256, 128])
SVD 奇异值量化时间: 0.2316 秒
angle bits: 3
SVD 量化时间: 0.0041 秒
cluster: 2
group_size: 128
cluster Quantizing weight with shape: torch.Size([256, 128])
cluster: 2
group_size: 128
cluster Quantizing weight with shape: torch.Size([256, 128])
SVD 奇异值量化时间: 0.2318 秒
angle bits: 3
SVD 量化时间: 0.0041 秒
cluster: 2
group_size: 128
cluster Quantizing weight with shape: torch.Size([256, 128])
cluster: 2
group_size: 128
cluster Quantizing weight with shape: torch.Size([256, 128])
SVD 奇异值量化时间: 0.2383 秒
angle bits: 3
SVD 量化时间: 0.0041 秒
cluster: 2
group_size: 128
cluster Quantizing weight with shape: torch.Size([256, 128])
cluster: 2
group_size: 128
cluster Quantizing weight with shape: torch.Size([256, 128])
SVD 奇异值量化时间: 0.2344 秒
angle bits: 3
SVD 量化时间: 0.0041 秒
cluster: 2
group_size: 128
cluster Quantizing weight with shape: torch.Size([256, 128])
cluster: 2
group_size: 128
cluster Quantizing weight with shape: torch.Size([256, 128])
SVD 奇异值量化时间: 0.2374 秒
angle bits: 3
SVD 量化时间: 0.0042 秒
cluster: 2
group_size: 128
cluster Quantizing weight with shape: torch.Size([256, 128])
cluster: 2
group_size: 128
cluster Quantizing weight with shape: torch.Size([256, 128])
SVD 奇异值量化时间: 0.2365 秒
angle bits: 3
SVD 量化时间: 0.0042 秒
cluster: 2
group_size: 128
cluster Quantizing weight with shape: torch.Size([256, 128])
cluster: 2
group_size: 128
cluster Quantizing weight with shape: torch.Size([256, 128])
SVD 奇异值量化时间: 0.2386 秒
angle bits: 3
SVD 量化时间: 0.0041 秒
cluster: 2
group_size: 128
cluster Quantizing weight with shape: torch.Size([256, 128])
cluster: 2
group_size: 128
cluster Quantizing weight with shape: torch.Size([256, 128])
SVD 奇异值量化时间: 0.2344 秒
angle bits: 3
SVD 量化时间: 0.0042 秒
cluster: 2
group_size: 128
cluster Quantizing weight with shape: torch.Size([256, 128])
cluster: 2
group_size: 128
cluster Quantizing weight with shape: torch.Size([256, 128])
SVD 奇异值量化时间: 0.2350 秒
angle bits: 3
SVD 量化时间: 0.0042 秒
cluster: 2
group_size: 128
cluster Quantizing weight with shape: torch.Size([256, 128])
cluster: 2
group_size: 128
cluster Quantizing weight with shape: torch.Size([256, 128])
SVD 奇异值量化时间: 0.2366 秒
angle bits: 3
SVD 量化时间: 0.0042 秒
cluster: 2
group_size: 128
cluster Quantizing weight with shape: torch.Size([256, 128])
cluster: 2
group_size: 128
cluster Quantizing weight with shape: torch.Size([256, 128])
SVD 奇异值量化时间: 0.2376 秒
angle bits: 3
SVD 量化时间: 0.0042 秒
cluster: 2
group_size: 128
cluster Quantizing weight with shape: torch.Size([256, 128])
cluster: 2
group_size: 128
cluster Quantizing weight with shape: torch.Size([256, 128])
SVD 奇异值量化时间: 0.2357 秒
angle bits: 3
SVD 量化时间: 0.0041 秒
cluster: 2
group_size: 128
cluster Quantizing weight with shape: torch.Size([256, 128])
cluster: 2
group_size: 128
cluster Quantizing weight with shape: torch.Size([256, 128])
SVD 奇异值量化时间: 0.2326 秒
angle bits: 3
SVD 量化时间: 0.0041 秒
cluster: 2
group_size: 128
cluster Quantizing weight with shape: torch.Size([256, 128])
cluster: 2
group_size: 128
cluster Quantizing weight with shape: torch.Size([256, 128])
SVD 奇异值量化时间: 0.2333 秒
angle bits: 3
SVD 量化时间: 0.0041 秒
cluster: 2
group_size: 128
cluster Quantizing weight with shape: torch.Size([256, 128])
cluster: 2
group_size: 128
cluster Quantizing weight with shape: torch.Size([256, 128])
SVD 奇异值量化时间: 0.2322 秒
angle bits: 3
SVD 量化时间: 0.0041 秒
cluster: 2
group_size: 128
cluster Quantizing weight with shape: torch.Size([256, 128])
cluster: 2
group_size: 128
cluster Quantizing weight with shape: torch.Size([256, 128])
SVD 奇异值量化时间: 0.2369 秒
angle bits: 3
SVD 量化时间: 0.0041 秒
cluster: 2
group_size: 128
cluster Quantizing weight with shape: torch.Size([256, 128])
cluster: 2
group_size: 128
cluster Quantizing weight with shape: torch.Size([256, 128])
SVD 奇异值量化时间: 0.2325 秒
angle bits: 3
SVD 量化时间: 0.0041 秒
cluster: 2
group_size: 128
cluster Quantizing weight with shape: torch.Size([256, 128])
cluster: 2
group_size: 128
cluster Quantizing weight with shape: torch.Size([256, 128])
SVD 奇异值量化时间: 0.2331 秒
angle bits: 3
SVD 量化时间: 0.0041 秒
cluster: 2
group_size: 128
cluster Quantizing weight with shape: torch.Size([256, 128])
cluster: 2
group_size: 128
cluster Quantizing weight with shape: torch.Size([256, 128])
SVD 奇异值量化时间: 0.2337 秒
angle bits: 3
SVD 量化时间: 0.0041 秒
cluster: 2
group_size: 128
cluster Quantizing weight with shape: torch.Size([256, 128])
cluster: 2
group_size: 128
cluster Quantizing weight with shape: torch.Size([256, 128])
SVD 奇异值量化时间: 0.2390 秒
angle bits: 3
SVD 量化时间: 0.0041 秒
cluster: 2
group_size: 128
cluster Quantizing weight with shape: torch.Size([256, 128])
cluster: 2
group_size: 128
cluster Quantizing weight with shape: torch.Size([256, 128])
SVD 奇异值量化时间: 0.2380 秒
angle bits: 3
SVD 量化时间: 0.0042 秒
cluster: 2
group_size: 128
cluster Quantizing weight with shape: torch.Size([256, 128])
cluster: 2
group_size: 128
cluster Quantizing weight with shape: torch.Size([256, 128])
SVD 奇异值量化时间: 0.2364 秒
angle bits: 3
SVD 量化时间: 0.0042 秒
cluster: 2
group_size: 128
cluster Quantizing weight with shape: torch.Size([256, 128])
cluster: 2
group_size: 128
cluster Quantizing weight with shape: torch.Size([256, 128])
SVD 奇异值量化时间: 0.2316 秒
angle bits: 3
SVD 量化时间: 0.0041 秒
cluster: 2
group_size: 128
cluster Quantizing weight with shape: torch.Size([256, 128])
cluster: 2
group_size: 128
cluster Quantizing weight with shape: torch.Size([256, 128])
SVD 奇异值量化时间: 0.2336 秒
9 self_attn.k_proj
Quantizing ...
使用blocksize: 128进行量化
angle bits: 3
SVD 量化时间: 0.0041 秒
cluster: 2
group_size: 128
cluster Quantizing weight with shape: torch.Size([256, 128])
cluster: 2
group_size: 128
cluster Quantizing weight with shape: torch.Size([256, 128])
SVD 奇异值量化时间: 0.2315 秒
angle bits: 3
SVD 量化时间: 0.0041 秒
cluster: 2
group_size: 128
cluster Quantizing weight with shape: torch.Size([256, 128])
cluster: 2
group_size: 128
cluster Quantizing weight with shape: torch.Size([256, 128])
SVD 奇异值量化时间: 0.2290 秒
angle bits: 3
SVD 量化时间: 0.0041 秒
cluster: 2
group_size: 128
cluster Quantizing weight with shape: torch.Size([256, 128])
cluster: 2
group_size: 128
cluster Quantizing weight with shape: torch.Size([256, 128])
SVD 奇异值量化时间: 0.2363 秒
angle bits: 3
SVD 量化时间: 0.0041 秒
cluster: 2
group_size: 128
cluster Quantizing weight with shape: torch.Size([256, 128])
cluster: 2
group_size: 128
cluster Quantizing weight with shape: torch.Size([256, 128])
SVD 奇异值量化时间: 0.2307 秒
angle bits: 3
SVD 量化时间: 0.0041 秒
cluster: 2
group_size: 128
cluster Quantizing weight with shape: torch.Size([256, 128])
cluster: 2
group_size: 128
cluster Quantizing weight with shape: torch.Size([256, 128])
SVD 奇异值量化时间: 0.2340 秒
angle bits: 3
SVD 量化时间: 0.0042 秒
cluster: 2
group_size: 128
cluster Quantizing weight with shape: torch.Size([256, 128])
cluster: 2
group_size: 128
cluster Quantizing weight with shape: torch.Size([256, 128])
SVD 奇异值量化时间: 0.2314 秒
angle bits: 3
SVD 量化时间: 0.0041 秒
cluster: 2
group_size: 128
cluster Quantizing weight with shape: torch.Size([256, 128])
cluster: 2
group_size: 128
cluster Quantizing weight with shape: torch.Size([256, 128])
SVD 奇异值量化时间: 0.2343 秒
angle bits: 3
SVD 量化时间: 0.0041 秒
cluster: 2
group_size: 128
cluster Quantizing weight with shape: torch.Size([256, 128])
cluster: 2
group_size: 128
cluster Quantizing weight with shape: torch.Size([256, 128])
SVD 奇异值量化时间: 0.2336 秒
9 self_attn.v_proj
Quantizing ...
使用blocksize: 128进行量化
angle bits: 3
SVD 量化时间: 0.0041 秒
cluster: 2
group_size: 128
cluster Quantizing weight with shape: torch.Size([256, 128])
cluster: 2
group_size: 128
cluster Quantizing weight with shape: torch.Size([256, 128])
SVD 奇异值量化时间: 0.2320 秒
angle bits: 3
SVD 量化时间: 0.0042 秒
cluster: 2
group_size: 128
cluster Quantizing weight with shape: torch.Size([256, 128])
cluster: 2
group_size: 128
cluster Quantizing weight with shape: torch.Size([256, 128])
SVD 奇异值量化时间: 0.2354 秒
angle bits: 3
SVD 量化时间: 0.0041 秒
cluster: 2
group_size: 128
cluster Quantizing weight with shape: torch.Size([256, 128])
cluster: 2
group_size: 128
cluster Quantizing weight with shape: torch.Size([256, 128])
SVD 奇异值量化时间: 0.2308 秒
angle bits: 3
SVD 量化时间: 0.0041 秒
cluster: 2
group_size: 128
cluster Quantizing weight with shape: torch.Size([256, 128])
cluster: 2
group_size: 128
cluster Quantizing weight with shape: torch.Size([256, 128])
SVD 奇异值量化时间: 0.2384 秒
angle bits: 3
SVD 量化时间: 0.0041 秒
cluster: 2
group_size: 128
cluster Quantizing weight with shape: torch.Size([256, 128])
cluster: 2
group_size: 128
cluster Quantizing weight with shape: torch.Size([256, 128])
SVD 奇异值量化时间: 0.2295 秒
angle bits: 3
SVD 量化时间: 0.0041 秒
cluster: 2
group_size: 128
cluster Quantizing weight with shape: torch.Size([256, 128])
cluster: 2
group_size: 128
cluster Quantizing weight with shape: torch.Size([256, 128])
SVD 奇异值量化时间: 0.2288 秒
angle bits: 3
SVD 量化时间: 0.0041 秒
cluster: 2
group_size: 128
cluster Quantizing weight with shape: torch.Size([256, 128])
cluster: 2
group_size: 128
cluster Quantizing weight with shape: torch.Size([256, 128])
SVD 奇异值量化时间: 0.2297 秒
angle bits: 3
SVD 量化时间: 0.0041 秒
cluster: 2
group_size: 128
cluster Quantizing weight with shape: torch.Size([256, 128])
cluster: 2
group_size: 128
cluster Quantizing weight with shape: torch.Size([256, 128])
SVD 奇异值量化时间: 0.2396 秒
9 self_attn.q_proj
Quantizing ...
使用blocksize: 128进行量化
angle bits: 3
SVD 量化时间: 0.0039 秒
cluster: 2
group_size: 128
cluster Quantizing weight with shape: torch.Size([256, 128])
cluster: 2
group_size: 128
cluster Quantizing weight with shape: torch.Size([256, 128])
SVD 奇异值量化时间: 0.2283 秒
angle bits: 3
SVD 量化时间: 0.0041 秒
cluster: 2
group_size: 128
cluster Quantizing weight with shape: torch.Size([256, 128])
cluster: 2
group_size: 128
cluster Quantizing weight with shape: torch.Size([256, 128])
SVD 奇异值量化时间: 0.2282 秒
angle bits: 3
SVD 量化时间: 0.0041 秒
cluster: 2
group_size: 128
cluster Quantizing weight with shape: torch.Size([256, 128])
cluster: 2
group_size: 128
cluster Quantizing weight with shape: torch.Size([256, 128])
SVD 奇异值量化时间: 0.2299 秒
angle bits: 3
SVD 量化时间: 0.0041 秒
cluster: 2
group_size: 128
cluster Quantizing weight with shape: torch.Size([256, 128])
cluster: 2
group_size: 128
cluster Quantizing weight with shape: torch.Size([256, 128])
SVD 奇异值量化时间: 0.2318 秒
angle bits: 3
SVD 量化时间: 0.0042 秒
cluster: 2
group_size: 128
cluster Quantizing weight with shape: torch.Size([256, 128])
cluster: 2
group_size: 128
cluster Quantizing weight with shape: torch.Size([256, 128])
SVD 奇异值量化时间: 0.2311 秒
angle bits: 3
SVD 量化时间: 0.0041 秒
cluster: 2
group_size: 128
cluster Quantizing weight with shape: torch.Size([256, 128])
cluster: 2
group_size: 128
cluster Quantizing weight with shape: torch.Size([256, 128])
SVD 奇异值量化时间: 0.2297 秒
angle bits: 3
SVD 量化时间: 0.0041 秒
cluster: 2
group_size: 128
cluster Quantizing weight with shape: torch.Size([256, 128])
cluster: 2
group_size: 128
cluster Quantizing weight with shape: torch.Size([256, 128])
SVD 奇异值量化时间: 0.2311 秒
angle bits: 3
SVD 量化时间: 0.0041 秒
cluster: 2
group_size: 128
cluster Quantizing weight with shape: torch.Size([256, 128])
cluster: 2
group_size: 128
cluster Quantizing weight with shape: torch.Size([256, 128])
SVD 奇异值量化时间: 0.2293 秒
9 self_attn.out_proj
Quantizing ...
使用blocksize: 128进行量化
angle bits: 3
SVD 量化时间: 0.0037 秒
cluster: 2
group_size: 128
cluster Quantizing weight with shape: torch.Size([256, 128])
cluster: 2
group_size: 128
cluster Quantizing weight with shape: torch.Size([256, 128])
SVD 奇异值量化时间: 0.2329 秒
angle bits: 3
SVD 量化时间: 0.0041 秒
cluster: 2
group_size: 128
cluster Quantizing weight with shape: torch.Size([256, 128])
cluster: 2
group_size: 128
cluster Quantizing weight with shape: torch.Size([256, 128])
SVD 奇异值量化时间: 0.2321 秒
angle bits: 3
SVD 量化时间: 0.0041 秒
cluster: 2
group_size: 128
cluster Quantizing weight with shape: torch.Size([256, 128])
cluster: 2
group_size: 128
cluster Quantizing weight with shape: torch.Size([256, 128])
SVD 奇异值量化时间: 0.2307 秒
angle bits: 3
SVD 量化时间: 0.0041 秒
cluster: 2
group_size: 128
cluster Quantizing weight with shape: torch.Size([256, 128])
cluster: 2
group_size: 128
cluster Quantizing weight with shape: torch.Size([256, 128])
SVD 奇异值量化时间: 0.2301 秒
angle bits: 3
SVD 量化时间: 0.0041 秒
cluster: 2
group_size: 128
cluster Quantizing weight with shape: torch.Size([256, 128])
cluster: 2
group_size: 128
cluster Quantizing weight with shape: torch.Size([256, 128])
SVD 奇异值量化时间: 0.2333 秒
angle bits: 3
SVD 量化时间: 0.0041 秒
cluster: 2
group_size: 128
cluster Quantizing weight with shape: torch.Size([256, 128])
cluster: 2
group_size: 128
cluster Quantizing weight with shape: torch.Size([256, 128])
SVD 奇异值量化时间: 0.2330 秒
angle bits: 3
SVD 量化时间: 0.0041 秒
cluster: 2
group_size: 128
cluster Quantizing weight with shape: torch.Size([256, 128])
cluster: 2
group_size: 128
cluster Quantizing weight with shape: torch.Size([256, 128])
SVD 奇异值量化时间: 0.2337 秒
angle bits: 3
SVD 量化时间: 0.0041 秒
cluster: 2
group_size: 128
cluster Quantizing weight with shape: torch.Size([256, 128])
cluster: 2
group_size: 128
cluster Quantizing weight with shape: torch.Size([256, 128])
SVD 奇异值量化时间: 0.2293 秒
9 fc1
Quantizing ...
使用blocksize: 128进行量化
angle bits: 3
SVD 量化时间: 0.0133 秒
cluster: 2
group_size: 128
cluster Quantizing weight with shape: torch.Size([1024, 128])
cluster: 2
group_size: 128
cluster Quantizing weight with shape: torch.Size([1024, 128])
SVD 奇异值量化时间: 0.9248 秒
angle bits: 3
SVD 量化时间: 0.0150 秒
cluster: 2
group_size: 128
cluster Quantizing weight with shape: torch.Size([1024, 128])
cluster: 2
group_size: 128
cluster Quantizing weight with shape: torch.Size([1024, 128])
SVD 奇异值量化时间: 0.9380 秒
angle bits: 3
SVD 量化时间: 0.0151 秒
cluster: 2
group_size: 128
cluster Quantizing weight with shape: torch.Size([1024, 128])
cluster: 2
group_size: 128
cluster Quantizing weight with shape: torch.Size([1024, 128])
SVD 奇异值量化时间: 0.9396 秒
angle bits: 3
SVD 量化时间: 0.0149 秒
cluster: 2
group_size: 128
cluster Quantizing weight with shape: torch.Size([1024, 128])
cluster: 2
group_size: 128
cluster Quantizing weight with shape: torch.Size([1024, 128])
SVD 奇异值量化时间: 0.9370 秒
angle bits: 3
SVD 量化时间: 0.0147 秒
cluster: 2
group_size: 128
cluster Quantizing weight with shape: torch.Size([1024, 128])
cluster: 2
group_size: 128
cluster Quantizing weight with shape: torch.Size([1024, 128])
SVD 奇异值量化时间: 0.9324 秒
angle bits: 3
SVD 量化时间: 0.0151 秒
cluster: 2
group_size: 128
cluster Quantizing weight with shape: torch.Size([1024, 128])
cluster: 2
group_size: 128
cluster Quantizing weight with shape: torch.Size([1024, 128])
SVD 奇异值量化时间: 0.9263 秒
angle bits: 3
SVD 量化时间: 0.0149 秒
cluster: 2
group_size: 128
cluster Quantizing weight with shape: torch.Size([1024, 128])
cluster: 2
group_size: 128
cluster Quantizing weight with shape: torch.Size([1024, 128])
SVD 奇异值量化时间: 0.9286 秒
angle bits: 3
SVD 量化时间: 0.0150 秒
cluster: 2
group_size: 128
cluster Quantizing weight with shape: torch.Size([1024, 128])
cluster: 2
group_size: 128
cluster Quantizing weight with shape: torch.Size([1024, 128])
SVD 奇异值量化时间: 0.9261 秒
9 fc2
Quantizing ...
使用blocksize: 128进行量化
angle bits: 3
SVD 量化时间: 0.0038 秒
cluster: 2
group_size: 128
cluster Quantizing weight with shape: torch.Size([256, 128])
cluster: 2
group_size: 128
cluster Quantizing weight with shape: torch.Size([256, 128])
SVD 奇异值量化时间: 0.2350 秒
angle bits: 3
SVD 量化时间: 0.0042 秒
cluster: 2
group_size: 128
cluster Quantizing weight with shape: torch.Size([256, 128])
cluster: 2
group_size: 128
cluster Quantizing weight with shape: torch.Size([256, 128])
SVD 奇异值量化时间: 0.2309 秒
angle bits: 3
SVD 量化时间: 0.0042 秒
cluster: 2
group_size: 128
cluster Quantizing weight with shape: torch.Size([256, 128])
cluster: 2
group_size: 128
cluster Quantizing weight with shape: torch.Size([256, 128])
SVD 奇异值量化时间: 0.2309 秒
angle bits: 3
SVD 量化时间: 0.0041 秒
cluster: 2
group_size: 128
cluster Quantizing weight with shape: torch.Size([256, 128])
cluster: 2
group_size: 128
cluster Quantizing weight with shape: torch.Size([256, 128])
SVD 奇异值量化时间: 0.2317 秒
angle bits: 3
SVD 量化时间: 0.0042 秒
cluster: 2
group_size: 128
cluster Quantizing weight with shape: torch.Size([256, 128])
cluster: 2
group_size: 128
cluster Quantizing weight with shape: torch.Size([256, 128])
SVD 奇异值量化时间: 0.2353 秒
angle bits: 3
SVD 量化时间: 0.0042 秒
cluster: 2
group_size: 128
cluster Quantizing weight with shape: torch.Size([256, 128])
cluster: 2
group_size: 128
cluster Quantizing weight with shape: torch.Size([256, 128])
SVD 奇异值量化时间: 0.2315 秒
angle bits: 3
SVD 量化时间: 0.0041 秒
cluster: 2
group_size: 128
cluster Quantizing weight with shape: torch.Size([256, 128])
cluster: 2
group_size: 128
cluster Quantizing weight with shape: torch.Size([256, 128])
SVD 奇异值量化时间: 0.2307 秒
angle bits: 3
SVD 量化时间: 0.0041 秒
cluster: 2
group_size: 128
cluster Quantizing weight with shape: torch.Size([256, 128])
cluster: 2
group_size: 128
cluster Quantizing weight with shape: torch.Size([256, 128])
SVD 奇异值量化时间: 0.2320 秒
angle bits: 3
SVD 量化时间: 0.0041 秒
cluster: 2
group_size: 128
cluster Quantizing weight with shape: torch.Size([256, 128])
cluster: 2
group_size: 128
cluster Quantizing weight with shape: torch.Size([256, 128])
SVD 奇异值量化时间: 0.2407 秒
angle bits: 3
SVD 量化时间: 0.0042 秒
cluster: 2
group_size: 128
cluster Quantizing weight with shape: torch.Size([256, 128])
cluster: 2
group_size: 128
cluster Quantizing weight with shape: torch.Size([256, 128])
SVD 奇异值量化时间: 0.2294 秒
angle bits: 3
SVD 量化时间: 0.0041 秒
cluster: 2
group_size: 128
cluster Quantizing weight with shape: torch.Size([256, 128])
cluster: 2
group_size: 128
cluster Quantizing weight with shape: torch.Size([256, 128])
SVD 奇异值量化时间: 0.2293 秒
angle bits: 3
SVD 量化时间: 0.0041 秒
cluster: 2
group_size: 128
cluster Quantizing weight with shape: torch.Size([256, 128])
cluster: 2
group_size: 128
cluster Quantizing weight with shape: torch.Size([256, 128])
SVD 奇异值量化时间: 0.2307 秒
angle bits: 3
SVD 量化时间: 0.0041 秒
cluster: 2
group_size: 128
cluster Quantizing weight with shape: torch.Size([256, 128])
cluster: 2
group_size: 128
cluster Quantizing weight with shape: torch.Size([256, 128])
SVD 奇异值量化时间: 0.2354 秒
angle bits: 3
SVD 量化时间: 0.0042 秒
cluster: 2
group_size: 128
cluster Quantizing weight with shape: torch.Size([256, 128])
cluster: 2
group_size: 128
cluster Quantizing weight with shape: torch.Size([256, 128])
SVD 奇异值量化时间: 0.2344 秒
angle bits: 3
SVD 量化时间: 0.0041 秒
cluster: 2
group_size: 128
cluster Quantizing weight with shape: torch.Size([256, 128])
cluster: 2
group_size: 128
cluster Quantizing weight with shape: torch.Size([256, 128])
SVD 奇异值量化时间: 0.2345 秒
angle bits: 3
SVD 量化时间: 0.0041 秒
cluster: 2
group_size: 128
cluster Quantizing weight with shape: torch.Size([256, 128])
cluster: 2
group_size: 128
cluster Quantizing weight with shape: torch.Size([256, 128])
SVD 奇异值量化时间: 0.2325 秒
angle bits: 3
SVD 量化时间: 0.0041 秒
cluster: 2
group_size: 128
cluster Quantizing weight with shape: torch.Size([256, 128])
cluster: 2
group_size: 128
cluster Quantizing weight with shape: torch.Size([256, 128])
SVD 奇异值量化时间: 0.2328 秒
angle bits: 3
SVD 量化时间: 0.0041 秒
cluster: 2
group_size: 128
cluster Quantizing weight with shape: torch.Size([256, 128])
cluster: 2
group_size: 128
cluster Quantizing weight with shape: torch.Size([256, 128])
SVD 奇异值量化时间: 0.2376 秒
angle bits: 3
SVD 量化时间: 0.0041 秒
cluster: 2
group_size: 128
cluster Quantizing weight with shape: torch.Size([256, 128])
cluster: 2
group_size: 128
cluster Quantizing weight with shape: torch.Size([256, 128])
SVD 奇异值量化时间: 0.2312 秒
angle bits: 3
SVD 量化时间: 0.0041 秒
cluster: 2
group_size: 128
cluster Quantizing weight with shape: torch.Size([256, 128])
cluster: 2
group_size: 128
cluster Quantizing weight with shape: torch.Size([256, 128])
SVD 奇异值量化时间: 0.2330 秒
angle bits: 3
SVD 量化时间: 0.0041 秒
cluster: 2
group_size: 128
cluster Quantizing weight with shape: torch.Size([256, 128])
cluster: 2
group_size: 128
cluster Quantizing weight with shape: torch.Size([256, 128])
SVD 奇异值量化时间: 0.2338 秒
angle bits: 3
SVD 量化时间: 0.0041 秒
cluster: 2
group_size: 128
cluster Quantizing weight with shape: torch.Size([256, 128])
cluster: 2
group_size: 128
cluster Quantizing weight with shape: torch.Size([256, 128])
SVD 奇异值量化时间: 0.2380 秒
angle bits: 3
SVD 量化时间: 0.0042 秒
cluster: 2
group_size: 128
cluster Quantizing weight with shape: torch.Size([256, 128])
cluster: 2
group_size: 128
cluster Quantizing weight with shape: torch.Size([256, 128])
SVD 奇异值量化时间: 0.2346 秒
angle bits: 3
SVD 量化时间: 0.0041 秒
cluster: 2
group_size: 128
cluster Quantizing weight with shape: torch.Size([256, 128])
cluster: 2
group_size: 128
cluster Quantizing weight with shape: torch.Size([256, 128])
SVD 奇异值量化时间: 0.2339 秒
angle bits: 3
SVD 量化时间: 0.0041 秒
cluster: 2
group_size: 128
cluster Quantizing weight with shape: torch.Size([256, 128])
cluster: 2
group_size: 128
cluster Quantizing weight with shape: torch.Size([256, 128])
SVD 奇异值量化时间: 0.2363 秒
angle bits: 3
SVD 量化时间: 0.0041 秒
cluster: 2
group_size: 128
cluster Quantizing weight with shape: torch.Size([256, 128])
cluster: 2
group_size: 128
cluster Quantizing weight with shape: torch.Size([256, 128])
SVD 奇异值量化时间: 0.2399 秒
angle bits: 3
SVD 量化时间: 0.0042 秒
cluster: 2
group_size: 128
cluster Quantizing weight with shape: torch.Size([256, 128])
cluster: 2
group_size: 128
cluster Quantizing weight with shape: torch.Size([256, 128])
SVD 奇异值量化时间: 0.2350 秒
angle bits: 3
SVD 量化时间: 0.0041 秒
cluster: 2
group_size: 128
cluster Quantizing weight with shape: torch.Size([256, 128])
cluster: 2
group_size: 128
cluster Quantizing weight with shape: torch.Size([256, 128])
SVD 奇异值量化时间: 0.2319 秒
angle bits: 3
SVD 量化时间: 0.0041 秒
cluster: 2
group_size: 128
cluster Quantizing weight with shape: torch.Size([256, 128])
cluster: 2
group_size: 128
cluster Quantizing weight with shape: torch.Size([256, 128])
SVD 奇异值量化时间: 0.2334 秒
angle bits: 3
SVD 量化时间: 0.0041 秒
cluster: 2
group_size: 128
cluster Quantizing weight with shape: torch.Size([256, 128])
cluster: 2
group_size: 128
cluster Quantizing weight with shape: torch.Size([256, 128])
SVD 奇异值量化时间: 0.2352 秒
angle bits: 3
SVD 量化时间: 0.0041 秒
cluster: 2
group_size: 128
cluster Quantizing weight with shape: torch.Size([256, 128])
cluster: 2
group_size: 128
cluster Quantizing weight with shape: torch.Size([256, 128])
SVD 奇异值量化时间: 0.2402 秒
angle bits: 3
SVD 量化时间: 0.0042 秒
cluster: 2
group_size: 128
cluster Quantizing weight with shape: torch.Size([256, 128])
cluster: 2
group_size: 128
cluster Quantizing weight with shape: torch.Size([256, 128])
SVD 奇异值量化时间: 0.2326 秒
10 self_attn.k_proj
Quantizing ...
使用blocksize: 128进行量化
angle bits: 3
SVD 量化时间: 0.0040 秒
cluster: 2
group_size: 128
cluster Quantizing weight with shape: torch.Size([256, 128])
cluster: 2
group_size: 128
cluster Quantizing weight with shape: torch.Size([256, 128])
SVD 奇异值量化时间: 0.2361 秒
angle bits: 3
SVD 量化时间: 0.0041 秒
cluster: 2
group_size: 128
cluster Quantizing weight with shape: torch.Size([256, 128])
cluster: 2
group_size: 128
cluster Quantizing weight with shape: torch.Size([256, 128])
SVD 奇异值量化时间: 0.2347 秒
angle bits: 3
SVD 量化时间: 0.0042 秒
cluster: 2
group_size: 128
cluster Quantizing weight with shape: torch.Size([256, 128])
cluster: 2
group_size: 128
cluster Quantizing weight with shape: torch.Size([256, 128])
SVD 奇异值量化时间: 0.2320 秒
angle bits: 3
SVD 量化时间: 0.0041 秒
cluster: 2
group_size: 128
cluster Quantizing weight with shape: torch.Size([256, 128])
cluster: 2
group_size: 128
cluster Quantizing weight with shape: torch.Size([256, 128])
SVD 奇异值量化时间: 0.2347 秒
angle bits: 3
SVD 量化时间: 0.0041 秒
cluster: 2
group_size: 128
cluster Quantizing weight with shape: torch.Size([256, 128])
cluster: 2
group_size: 128
cluster Quantizing weight with shape: torch.Size([256, 128])
SVD 奇异值量化时间: 0.2320 秒
angle bits: 3
SVD 量化时间: 0.0042 秒
cluster: 2
group_size: 128
cluster Quantizing weight with shape: torch.Size([256, 128])
cluster: 2
group_size: 128
cluster Quantizing weight with shape: torch.Size([256, 128])
SVD 奇异值量化时间: 0.2345 秒
angle bits: 3
SVD 量化时间: 0.0042 秒
cluster: 2
group_size: 128
cluster Quantizing weight with shape: torch.Size([256, 128])
cluster: 2
group_size: 128
cluster Quantizing weight with shape: torch.Size([256, 128])
SVD 奇异值量化时间: 0.2303 秒
angle bits: 3
SVD 量化时间: 0.0041 秒
cluster: 2
group_size: 128
cluster Quantizing weight with shape: torch.Size([256, 128])
cluster: 2
group_size: 128
cluster Quantizing weight with shape: torch.Size([256, 128])
SVD 奇异值量化时间: 0.2285 秒
10 self_attn.v_proj
Quantizing ...
使用blocksize: 128进行量化
angle bits: 3
SVD 量化时间: 0.0039 秒
cluster: 2
group_size: 128
cluster Quantizing weight with shape: torch.Size([256, 128])
cluster: 2
group_size: 128
cluster Quantizing weight with shape: torch.Size([256, 128])
SVD 奇异值量化时间: 0.2285 秒
angle bits: 3
SVD 量化时间: 0.0041 秒
cluster: 2
group_size: 128
cluster Quantizing weight with shape: torch.Size([256, 128])
cluster: 2
group_size: 128
cluster Quantizing weight with shape: torch.Size([256, 128])
SVD 奇异值量化时间: 0.2355 秒
angle bits: 3
SVD 量化时间: 0.0041 秒
cluster: 2
group_size: 128
cluster Quantizing weight with shape: torch.Size([256, 128])
cluster: 2
group_size: 128
cluster Quantizing weight with shape: torch.Size([256, 128])
SVD 奇异值量化时间: 0.2315 秒
angle bits: 3
SVD 量化时间: 0.0041 秒
cluster: 2
group_size: 128
cluster Quantizing weight with shape: torch.Size([256, 128])
cluster: 2
group_size: 128
cluster Quantizing weight with shape: torch.Size([256, 128])
SVD 奇异值量化时间: 0.2316 秒
angle bits: 3
SVD 量化时间: 0.0041 秒
cluster: 2
group_size: 128
cluster Quantizing weight with shape: torch.Size([256, 128])
cluster: 2
group_size: 128
cluster Quantizing weight with shape: torch.Size([256, 128])
SVD 奇异值量化时间: 0.2392 秒
angle bits: 3
SVD 量化时间: 0.0041 秒
cluster: 2
group_size: 128
cluster Quantizing weight with shape: torch.Size([256, 128])
cluster: 2
group_size: 128
cluster Quantizing weight with shape: torch.Size([256, 128])
SVD 奇异值量化时间: 0.2346 秒
angle bits: 3
SVD 量化时间: 0.0042 秒
cluster: 2
group_size: 128
cluster Quantizing weight with shape: torch.Size([256, 128])
cluster: 2
group_size: 128
cluster Quantizing weight with shape: torch.Size([256, 128])
SVD 奇异值量化时间: 0.2332 秒
angle bits: 3
SVD 量化时间: 0.0041 秒
cluster: 2
group_size: 128
cluster Quantizing weight with shape: torch.Size([256, 128])
cluster: 2
group_size: 128
cluster Quantizing weight with shape: torch.Size([256, 128])
SVD 奇异值量化时间: 0.2293 秒
10 self_attn.q_proj
Quantizing ...
使用blocksize: 128进行量化
angle bits: 3
SVD 量化时间: 0.0039 秒
cluster: 2
group_size: 128
cluster Quantizing weight with shape: torch.Size([256, 128])
cluster: 2
group_size: 128
cluster Quantizing weight with shape: torch.Size([256, 128])
SVD 奇异值量化时间: 0.2331 秒
angle bits: 3
SVD 量化时间: 0.0041 秒
cluster: 2
group_size: 128
cluster Quantizing weight with shape: torch.Size([256, 128])
cluster: 2
group_size: 128
cluster Quantizing weight with shape: torch.Size([256, 128])
SVD 奇异值量化时间: 0.2297 秒
angle bits: 3
SVD 量化时间: 0.0041 秒
cluster: 2
group_size: 128
cluster Quantizing weight with shape: torch.Size([256, 128])
cluster: 2
group_size: 128
cluster Quantizing weight with shape: torch.Size([256, 128])
SVD 奇异值量化时间: 0.2359 秒
angle bits: 3
SVD 量化时间: 0.0041 秒
cluster: 2
group_size: 128
cluster Quantizing weight with shape: torch.Size([256, 128])
cluster: 2
group_size: 128
cluster Quantizing weight with shape: torch.Size([256, 128])
SVD 奇异值量化时间: 0.2342 秒
angle bits: 3
SVD 量化时间: 0.0041 秒
cluster: 2
group_size: 128
cluster Quantizing weight with shape: torch.Size([256, 128])
cluster: 2
group_size: 128
cluster Quantizing weight with shape: torch.Size([256, 128])
SVD 奇异值量化时间: 0.2310 秒
angle bits: 3
SVD 量化时间: 0.0041 秒
cluster: 2
group_size: 128
cluster Quantizing weight with shape: torch.Size([256, 128])
cluster: 2
group_size: 128
cluster Quantizing weight with shape: torch.Size([256, 128])
SVD 奇异值量化时间: 0.2289 秒
angle bits: 3
SVD 量化时间: 0.0041 秒
cluster: 2
group_size: 128
cluster Quantizing weight with shape: torch.Size([256, 128])
cluster: 2
group_size: 128
cluster Quantizing weight with shape: torch.Size([256, 128])
SVD 奇异值量化时间: 0.2335 秒
angle bits: 3
SVD 量化时间: 0.0041 秒
cluster: 2
group_size: 128
cluster Quantizing weight with shape: torch.Size([256, 128])
cluster: 2
group_size: 128
cluster Quantizing weight with shape: torch.Size([256, 128])
SVD 奇异值量化时间: 0.2318 秒
10 self_attn.out_proj
Quantizing ...
使用blocksize: 128进行量化
angle bits: 3
SVD 量化时间: 0.0038 秒
cluster: 2
group_size: 128
cluster Quantizing weight with shape: torch.Size([256, 128])
cluster: 2
group_size: 128
cluster Quantizing weight with shape: torch.Size([256, 128])
SVD 奇异值量化时间: 0.2317 秒
angle bits: 3
SVD 量化时间: 0.0041 秒
cluster: 2
group_size: 128
cluster Quantizing weight with shape: torch.Size([256, 128])
cluster: 2
group_size: 128
cluster Quantizing weight with shape: torch.Size([256, 128])
SVD 奇异值量化时间: 0.2311 秒
angle bits: 3
SVD 量化时间: 0.0041 秒
cluster: 2
group_size: 128
cluster Quantizing weight with shape: torch.Size([256, 128])
cluster: 2
group_size: 128
cluster Quantizing weight with shape: torch.Size([256, 128])
SVD 奇异值量化时间: 0.2323 秒
angle bits: 3
SVD 量化时间: 0.0041 秒
cluster: 2
group_size: 128
cluster Quantizing weight with shape: torch.Size([256, 128])
cluster: 2
group_size: 128
cluster Quantizing weight with shape: torch.Size([256, 128])
SVD 奇异值量化时间: 0.2341 秒
angle bits: 3
SVD 量化时间: 0.0041 秒
cluster: 2
group_size: 128
cluster Quantizing weight with shape: torch.Size([256, 128])
cluster: 2
group_size: 128
cluster Quantizing weight with shape: torch.Size([256, 128])
SVD 奇异值量化时间: 0.2344 秒
angle bits: 3
SVD 量化时间: 0.0042 秒
cluster: 2
group_size: 128
cluster Quantizing weight with shape: torch.Size([256, 128])
cluster: 2
group_size: 128
cluster Quantizing weight with shape: torch.Size([256, 128])
SVD 奇异值量化时间: 0.2331 秒
angle bits: 3
SVD 量化时间: 0.0041 秒
cluster: 2
group_size: 128
cluster Quantizing weight with shape: torch.Size([256, 128])
cluster: 2
group_size: 128
cluster Quantizing weight with shape: torch.Size([256, 128])
SVD 奇异值量化时间: 0.2326 秒
angle bits: 3
SVD 量化时间: 0.0041 秒
cluster: 2
group_size: 128
cluster Quantizing weight with shape: torch.Size([256, 128])
cluster: 2
group_size: 128
cluster Quantizing weight with shape: torch.Size([256, 128])
SVD 奇异值量化时间: 0.2388 秒
10 fc1
Quantizing ...
使用blocksize: 128进行量化
angle bits: 3
SVD 量化时间: 0.0134 秒
cluster: 2
group_size: 128
cluster Quantizing weight with shape: torch.Size([1024, 128])
cluster: 2
group_size: 128
cluster Quantizing weight with shape: torch.Size([1024, 128])
SVD 奇异值量化时间: 0.9364 秒
angle bits: 3
SVD 量化时间: 0.0149 秒
cluster: 2
group_size: 128
cluster Quantizing weight with shape: torch.Size([1024, 128])
cluster: 2
group_size: 128
cluster Quantizing weight with shape: torch.Size([1024, 128])
SVD 奇异值量化时间: 0.9284 秒
angle bits: 3
SVD 量化时间: 0.0149 秒
cluster: 2
group_size: 128
cluster Quantizing weight with shape: torch.Size([1024, 128])
cluster: 2
group_size: 128
cluster Quantizing weight with shape: torch.Size([1024, 128])
SVD 奇异值量化时间: 0.9267 秒
angle bits: 3
SVD 量化时间: 0.0149 秒
cluster: 2
group_size: 128
cluster Quantizing weight with shape: torch.Size([1024, 128])
cluster: 2
group_size: 128
cluster Quantizing weight with shape: torch.Size([1024, 128])
SVD 奇异值量化时间: 0.9241 秒
angle bits: 3
SVD 量化时间: 0.0148 秒
cluster: 2
group_size: 128
cluster Quantizing weight with shape: torch.Size([1024, 128])
cluster: 2
group_size: 128
cluster Quantizing weight with shape: torch.Size([1024, 128])
SVD 奇异值量化时间: 0.9268 秒
angle bits: 3
SVD 量化时间: 0.0149 秒
cluster: 2
group_size: 128
cluster Quantizing weight with shape: torch.Size([1024, 128])
cluster: 2
group_size: 128
cluster Quantizing weight with shape: torch.Size([1024, 128])
SVD 奇异值量化时间: 0.9372 秒
angle bits: 3
SVD 量化时间: 0.0149 秒
cluster: 2
group_size: 128
cluster Quantizing weight with shape: torch.Size([1024, 128])
cluster: 2
group_size: 128
cluster Quantizing weight with shape: torch.Size([1024, 128])
SVD 奇异值量化时间: 0.9325 秒
angle bits: 3
SVD 量化时间: 0.0150 秒
cluster: 2
group_size: 128
cluster Quantizing weight with shape: torch.Size([1024, 128])
cluster: 2
group_size: 128
cluster Quantizing weight with shape: torch.Size([1024, 128])
SVD 奇异值量化时间: 0.9267 秒
10 fc2
Quantizing ...
使用blocksize: 128进行量化
angle bits: 3
SVD 量化时间: 0.0038 秒
cluster: 2
group_size: 128
cluster Quantizing weight with shape: torch.Size([256, 128])
cluster: 2
group_size: 128
cluster Quantizing weight with shape: torch.Size([256, 128])
SVD 奇异值量化时间: 0.2330 秒
angle bits: 3
SVD 量化时间: 0.0042 秒
cluster: 2
group_size: 128
cluster Quantizing weight with shape: torch.Size([256, 128])
cluster: 2
group_size: 128
cluster Quantizing weight with shape: torch.Size([256, 128])
SVD 奇异值量化时间: 0.2308 秒
angle bits: 3
SVD 量化时间: 0.0041 秒
cluster: 2
group_size: 128
cluster Quantizing weight with shape: torch.Size([256, 128])
cluster: 2
group_size: 128
cluster Quantizing weight with shape: torch.Size([256, 128])
SVD 奇异值量化时间: 0.2369 秒
angle bits: 3
SVD 量化时间: 0.0041 秒
cluster: 2
group_size: 128
cluster Quantizing weight with shape: torch.Size([256, 128])
cluster: 2
group_size: 128
cluster Quantizing weight with shape: torch.Size([256, 128])
SVD 奇异值量化时间: 0.2312 秒
angle bits: 3
SVD 量化时间: 0.0041 秒
cluster: 2
group_size: 128
cluster Quantizing weight with shape: torch.Size([256, 128])
cluster: 2
group_size: 128
cluster Quantizing weight with shape: torch.Size([256, 128])
SVD 奇异值量化时间: 0.2344 秒
angle bits: 3
SVD 量化时间: 0.0042 秒
cluster: 2
group_size: 128
cluster Quantizing weight with shape: torch.Size([256, 128])
cluster: 2
group_size: 128
cluster Quantizing weight with shape: torch.Size([256, 128])
SVD 奇异值量化时间: 0.2325 秒
angle bits: 3
SVD 量化时间: 0.0041 秒
cluster: 2
group_size: 128
cluster Quantizing weight with shape: torch.Size([256, 128])
cluster: 2
group_size: 128
cluster Quantizing weight with shape: torch.Size([256, 128])
SVD 奇异值量化时间: 0.2363 秒
angle bits: 3
SVD 量化时间: 0.0041 秒
cluster: 2
group_size: 128
cluster Quantizing weight with shape: torch.Size([256, 128])
cluster: 2
group_size: 128
cluster Quantizing weight with shape: torch.Size([256, 128])
SVD 奇异值量化时间: 0.2315 秒
angle bits: 3
SVD 量化时间: 0.0041 秒
cluster: 2
group_size: 128
cluster Quantizing weight with shape: torch.Size([256, 128])
cluster: 2
group_size: 128
cluster Quantizing weight with shape: torch.Size([256, 128])
SVD 奇异值量化时间: 0.2314 秒
angle bits: 3
SVD 量化时间: 0.0041 秒
cluster: 2
group_size: 128
cluster Quantizing weight with shape: torch.Size([256, 128])
cluster: 2
group_size: 128
cluster Quantizing weight with shape: torch.Size([256, 128])
SVD 奇异值量化时间: 0.2342 秒
angle bits: 3
SVD 量化时间: 0.0041 秒
cluster: 2
group_size: 128
cluster Quantizing weight with shape: torch.Size([256, 128])
cluster: 2
group_size: 128
cluster Quantizing weight with shape: torch.Size([256, 128])
SVD 奇异值量化时间: 0.2339 秒
angle bits: 3
SVD 量化时间: 0.0042 秒
cluster: 2
group_size: 128
cluster Quantizing weight with shape: torch.Size([256, 128])
cluster: 2
group_size: 128
cluster Quantizing weight with shape: torch.Size([256, 128])
SVD 奇异值量化时间: 0.2470 秒
angle bits: 3
SVD 量化时间: 0.0042 秒
cluster: 2
group_size: 128
cluster Quantizing weight with shape: torch.Size([256, 128])
cluster: 2
group_size: 128
cluster Quantizing weight with shape: torch.Size([256, 128])
SVD 奇异值量化时间: 0.2354 秒
angle bits: 3
SVD 量化时间: 0.0042 秒
cluster: 2
group_size: 128
cluster Quantizing weight with shape: torch.Size([256, 128])
cluster: 2
group_size: 128
cluster Quantizing weight with shape: torch.Size([256, 128])
SVD 奇异值量化时间: 0.2333 秒
angle bits: 3
SVD 量化时间: 0.0042 秒
cluster: 2
group_size: 128
cluster Quantizing weight with shape: torch.Size([256, 128])
cluster: 2
group_size: 128
cluster Quantizing weight with shape: torch.Size([256, 128])
SVD 奇异值量化时间: 0.2324 秒
angle bits: 3
SVD 量化时间: 0.0041 秒
cluster: 2
group_size: 128
cluster Quantizing weight with shape: torch.Size([256, 128])
cluster: 2
group_size: 128
cluster Quantizing weight with shape: torch.Size([256, 128])
SVD 奇异值量化时间: 0.2390 秒
angle bits: 3
SVD 量化时间: 0.0042 秒
cluster: 2
group_size: 128
cluster Quantizing weight with shape: torch.Size([256, 128])
cluster: 2
group_size: 128
cluster Quantizing weight with shape: torch.Size([256, 128])
SVD 奇异值量化时间: 0.2315 秒
angle bits: 3
SVD 量化时间: 0.0041 秒
cluster: 2
group_size: 128
cluster Quantizing weight with shape: torch.Size([256, 128])
cluster: 2
group_size: 128
cluster Quantizing weight with shape: torch.Size([256, 128])
SVD 奇异值量化时间: 0.2308 秒
angle bits: 3
SVD 量化时间: 0.0041 秒
cluster: 2
group_size: 128
cluster Quantizing weight with shape: torch.Size([256, 128])
cluster: 2
group_size: 128
cluster Quantizing weight with shape: torch.Size([256, 128])
SVD 奇异值量化时间: 0.2335 秒
angle bits: 3
SVD 量化时间: 0.0041 秒
cluster: 2
group_size: 128
cluster Quantizing weight with shape: torch.Size([256, 128])
cluster: 2
group_size: 128
cluster Quantizing weight with shape: torch.Size([256, 128])
SVD 奇异值量化时间: 0.2358 秒
angle bits: 3
SVD 量化时间: 0.0041 秒
cluster: 2
group_size: 128
cluster Quantizing weight with shape: torch.Size([256, 128])
cluster: 2
group_size: 128
cluster Quantizing weight with shape: torch.Size([256, 128])
SVD 奇异值量化时间: 0.2371 秒
angle bits: 3
SVD 量化时间: 0.0042 秒
cluster: 2
group_size: 128
cluster Quantizing weight with shape: torch.Size([256, 128])
cluster: 2
group_size: 128
cluster Quantizing weight with shape: torch.Size([256, 128])
SVD 奇异值量化时间: 0.2321 秒
angle bits: 3
SVD 量化时间: 0.0041 秒
cluster: 2
group_size: 128
cluster Quantizing weight with shape: torch.Size([256, 128])
cluster: 2
group_size: 128
cluster Quantizing weight with shape: torch.Size([256, 128])
SVD 奇异值量化时间: 0.2338 秒
angle bits: 3
SVD 量化时间: 0.0042 秒
cluster: 2
group_size: 128
cluster Quantizing weight with shape: torch.Size([256, 128])
cluster: 2
group_size: 128
cluster Quantizing weight with shape: torch.Size([256, 128])
SVD 奇异值量化时间: 0.2329 秒
angle bits: 3
SVD 量化时间: 0.0042 秒
cluster: 2
group_size: 128
cluster Quantizing weight with shape: torch.Size([256, 128])
cluster: 2
group_size: 128
cluster Quantizing weight with shape: torch.Size([256, 128])
SVD 奇异值量化时间: 0.2342 秒
angle bits: 3
SVD 量化时间: 0.0041 秒
cluster: 2
group_size: 128
cluster Quantizing weight with shape: torch.Size([256, 128])
cluster: 2
group_size: 128
cluster Quantizing weight with shape: torch.Size([256, 128])
SVD 奇异值量化时间: 0.2291 秒
angle bits: 3
SVD 量化时间: 0.0041 秒
cluster: 2
group_size: 128
cluster Quantizing weight with shape: torch.Size([256, 128])
cluster: 2
group_size: 128
cluster Quantizing weight with shape: torch.Size([256, 128])
SVD 奇异值量化时间: 0.2357 秒
angle bits: 3
SVD 量化时间: 0.0041 秒
cluster: 2
group_size: 128
cluster Quantizing weight with shape: torch.Size([256, 128])
cluster: 2
group_size: 128
cluster Quantizing weight with shape: torch.Size([256, 128])
SVD 奇异值量化时间: 0.2333 秒
angle bits: 3
SVD 量化时间: 0.0041 秒
cluster: 2
group_size: 128
cluster Quantizing weight with shape: torch.Size([256, 128])
cluster: 2
group_size: 128
cluster Quantizing weight with shape: torch.Size([256, 128])
SVD 奇异值量化时间: 0.2393 秒
angle bits: 3
SVD 量化时间: 0.0041 秒
cluster: 2
group_size: 128
cluster Quantizing weight with shape: torch.Size([256, 128])
cluster: 2
group_size: 128
cluster Quantizing weight with shape: torch.Size([256, 128])
SVD 奇异值量化时间: 0.2320 秒
angle bits: 3
SVD 量化时间: 0.0041 秒
cluster: 2
group_size: 128
cluster Quantizing weight with shape: torch.Size([256, 128])
cluster: 2
group_size: 128
cluster Quantizing weight with shape: torch.Size([256, 128])
SVD 奇异值量化时间: 0.2332 秒
angle bits: 3
SVD 量化时间: 0.0041 秒
cluster: 2
group_size: 128
cluster Quantizing weight with shape: torch.Size([256, 128])
cluster: 2
group_size: 128
cluster Quantizing weight with shape: torch.Size([256, 128])
SVD 奇异值量化时间: 0.2342 秒
11 self_attn.k_proj
Quantizing ...
使用blocksize: 128进行量化
angle bits: 3
SVD 量化时间: 0.0041 秒
cluster: 2
group_size: 128
cluster Quantizing weight with shape: torch.Size([256, 128])
cluster: 2
group_size: 128
cluster Quantizing weight with shape: torch.Size([256, 128])
SVD 奇异值量化时间: 0.2299 秒
angle bits: 3
SVD 量化时间: 0.0041 秒
cluster: 2
group_size: 128
cluster Quantizing weight with shape: torch.Size([256, 128])
cluster: 2
group_size: 128
cluster Quantizing weight with shape: torch.Size([256, 128])
SVD 奇异值量化时间: 0.2293 秒
angle bits: 3
SVD 量化时间: 0.0041 秒
cluster: 2
group_size: 128
cluster Quantizing weight with shape: torch.Size([256, 128])
cluster: 2
group_size: 128
cluster Quantizing weight with shape: torch.Size([256, 128])
SVD 奇异值量化时间: 0.2315 秒
angle bits: 3
SVD 量化时间: 0.0041 秒
cluster: 2
group_size: 128
cluster Quantizing weight with shape: torch.Size([256, 128])
cluster: 2
group_size: 128
cluster Quantizing weight with shape: torch.Size([256, 128])
SVD 奇异值量化时间: 0.2392 秒
angle bits: 3
SVD 量化时间: 0.0041 秒
cluster: 2
group_size: 128
cluster Quantizing weight with shape: torch.Size([256, 128])
cluster: 2
group_size: 128
cluster Quantizing weight with shape: torch.Size([256, 128])
SVD 奇异值量化时间: 0.2299 秒
angle bits: 3
SVD 量化时间: 0.0041 秒
cluster: 2
group_size: 128
cluster Quantizing weight with shape: torch.Size([256, 128])
cluster: 2
group_size: 128
cluster Quantizing weight with shape: torch.Size([256, 128])
SVD 奇异值量化时间: 0.2308 秒
angle bits: 3
SVD 量化时间: 0.0041 秒
cluster: 2
group_size: 128
cluster Quantizing weight with shape: torch.Size([256, 128])
cluster: 2
group_size: 128
cluster Quantizing weight with shape: torch.Size([256, 128])
SVD 奇异值量化时间: 0.2416 秒
angle bits: 3
SVD 量化时间: 0.0042 秒
cluster: 2
group_size: 128
cluster Quantizing weight with shape: torch.Size([256, 128])
cluster: 2
group_size: 128
cluster Quantizing weight with shape: torch.Size([256, 128])
SVD 奇异值量化时间: 0.2387 秒
11 self_attn.v_proj
Quantizing ...
使用blocksize: 128进行量化
angle bits: 3
SVD 量化时间: 0.0040 秒
cluster: 2
group_size: 128
cluster Quantizing weight with shape: torch.Size([256, 128])
cluster: 2
group_size: 128
cluster Quantizing weight with shape: torch.Size([256, 128])
SVD 奇异值量化时间: 0.2384 秒
angle bits: 3
SVD 量化时间: 0.0042 秒
cluster: 2
group_size: 128
cluster Quantizing weight with shape: torch.Size([256, 128])
cluster: 2
group_size: 128
cluster Quantizing weight with shape: torch.Size([256, 128])
SVD 奇异值量化时间: 0.2507 秒
angle bits: 3
SVD 量化时间: 0.0042 秒
cluster: 2
group_size: 128
cluster Quantizing weight with shape: torch.Size([256, 128])
cluster: 2
group_size: 128
cluster Quantizing weight with shape: torch.Size([256, 128])
SVD 奇异值量化时间: 0.2394 秒
angle bits: 3
SVD 量化时间: 0.0042 秒
cluster: 2
group_size: 128
cluster Quantizing weight with shape: torch.Size([256, 128])
cluster: 2
group_size: 128
cluster Quantizing weight with shape: torch.Size([256, 128])
SVD 奇异值量化时间: 0.2404 秒
angle bits: 3
SVD 量化时间: 0.0042 秒
cluster: 2
group_size: 128
cluster Quantizing weight with shape: torch.Size([256, 128])
cluster: 2
group_size: 128
cluster Quantizing weight with shape: torch.Size([256, 128])
SVD 奇异值量化时间: 0.2406 秒
angle bits: 3
SVD 量化时间: 0.0042 秒
cluster: 2
group_size: 128
cluster Quantizing weight with shape: torch.Size([256, 128])
cluster: 2
group_size: 128
cluster Quantizing weight with shape: torch.Size([256, 128])
SVD 奇异值量化时间: 0.2409 秒
angle bits: 3
SVD 量化时间: 0.0042 秒
cluster: 2
group_size: 128
cluster Quantizing weight with shape: torch.Size([256, 128])
cluster: 2
group_size: 128
cluster Quantizing weight with shape: torch.Size([256, 128])
SVD 奇异值量化时间: 0.2401 秒
angle bits: 3
SVD 量化时间: 0.0044 秒
cluster: 2
group_size: 128
cluster Quantizing weight with shape: torch.Size([256, 128])
cluster: 2
group_size: 128
cluster Quantizing weight with shape: torch.Size([256, 128])
SVD 奇异值量化时间: 0.2404 秒
11 self_attn.q_proj
Quantizing ...
使用blocksize: 128进行量化
angle bits: 3
SVD 量化时间: 0.0040 秒
cluster: 2
group_size: 128
cluster Quantizing weight with shape: torch.Size([256, 128])
cluster: 2
group_size: 128
cluster Quantizing weight with shape: torch.Size([256, 128])
SVD 奇异值量化时间: 0.2410 秒
angle bits: 3
SVD 量化时间: 0.0042 秒
cluster: 2
group_size: 128
cluster Quantizing weight with shape: torch.Size([256, 128])
cluster: 2
group_size: 128
cluster Quantizing weight with shape: torch.Size([256, 128])
SVD 奇异值量化时间: 0.2374 秒
angle bits: 3
SVD 量化时间: 0.0042 秒
cluster: 2
group_size: 128
cluster Quantizing weight with shape: torch.Size([256, 128])
cluster: 2
group_size: 128
cluster Quantizing weight with shape: torch.Size([256, 128])
SVD 奇异值量化时间: 0.2392 秒
angle bits: 3
SVD 量化时间: 0.0042 秒
cluster: 2
group_size: 128
cluster Quantizing weight with shape: torch.Size([256, 128])
cluster: 2
group_size: 128
cluster Quantizing weight with shape: torch.Size([256, 128])
SVD 奇异值量化时间: 0.2627 秒
angle bits: 3
SVD 量化时间: 0.0042 秒
cluster: 2
group_size: 128
cluster Quantizing weight with shape: torch.Size([256, 128])
cluster: 2
group_size: 128
cluster Quantizing weight with shape: torch.Size([256, 128])
SVD 奇异值量化时间: 0.3905 秒
angle bits: 3
SVD 量化时间: 0.0042 秒
cluster: 2
group_size: 128
cluster Quantizing weight with shape: torch.Size([256, 128])
cluster: 2
group_size: 128
cluster Quantizing weight with shape: torch.Size([256, 128])
SVD 奇异值量化时间: 0.2476 秒
angle bits: 3
SVD 量化时间: 0.0042 秒
cluster: 2
group_size: 128
cluster Quantizing weight with shape: torch.Size([256, 128])
cluster: 2
group_size: 128
cluster Quantizing weight with shape: torch.Size([256, 128])
SVD 奇异值量化时间: 0.2503 秒
angle bits: 3
SVD 量化时间: 0.0042 秒
cluster: 2
group_size: 128
cluster Quantizing weight with shape: torch.Size([256, 128])
cluster: 2
group_size: 128
cluster Quantizing weight with shape: torch.Size([256, 128])
SVD 奇异值量化时间: 0.2492 秒
11 self_attn.out_proj
Quantizing ...
使用blocksize: 128进行量化
angle bits: 3
SVD 量化时间: 0.0039 秒
cluster: 2
group_size: 128
cluster Quantizing weight with shape: torch.Size([256, 128])
cluster: 2
group_size: 128
cluster Quantizing weight with shape: torch.Size([256, 128])
SVD 奇异值量化时间: 0.2466 秒
angle bits: 3
SVD 量化时间: 0.0042 秒
cluster: 2
group_size: 128
cluster Quantizing weight with shape: torch.Size([256, 128])
cluster: 2
group_size: 128
cluster Quantizing weight with shape: torch.Size([256, 128])
SVD 奇异值量化时间: 0.2451 秒
angle bits: 3
SVD 量化时间: 0.0042 秒
cluster: 2
group_size: 128
cluster Quantizing weight with shape: torch.Size([256, 128])
cluster: 2
group_size: 128
cluster Quantizing weight with shape: torch.Size([256, 128])
SVD 奇异值量化时间: 0.2484 秒
angle bits: 3
SVD 量化时间: 0.0042 秒
cluster: 2
group_size: 128
cluster Quantizing weight with shape: torch.Size([256, 128])
cluster: 2
group_size: 128
cluster Quantizing weight with shape: torch.Size([256, 128])
SVD 奇异值量化时间: 0.2485 秒
angle bits: 3
SVD 量化时间: 0.0042 秒
cluster: 2
group_size: 128
cluster Quantizing weight with shape: torch.Size([256, 128])
cluster: 2
group_size: 128
cluster Quantizing weight with shape: torch.Size([256, 128])
SVD 奇异值量化时间: 0.2512 秒
angle bits: 3
SVD 量化时间: 0.0042 秒
cluster: 2
group_size: 128
cluster Quantizing weight with shape: torch.Size([256, 128])
cluster: 2
group_size: 128
cluster Quantizing weight with shape: torch.Size([256, 128])
SVD 奇异值量化时间: 0.2476 秒
angle bits: 3
SVD 量化时间: 0.0042 秒
cluster: 2
group_size: 128
cluster Quantizing weight with shape: torch.Size([256, 128])
cluster: 2
group_size: 128
cluster Quantizing weight with shape: torch.Size([256, 128])
SVD 奇异值量化时间: 0.2482 秒
angle bits: 3
SVD 量化时间: 0.0041 秒
cluster: 2
group_size: 128
cluster Quantizing weight with shape: torch.Size([256, 128])
cluster: 2
group_size: 128
cluster Quantizing weight with shape: torch.Size([256, 128])
SVD 奇异值量化时间: 0.2527 秒
11 fc1
Quantizing ...
使用blocksize: 128进行量化
angle bits: 3
SVD 量化时间: 0.0135 秒
cluster: 2
group_size: 128
cluster Quantizing weight with shape: torch.Size([1024, 128])
cluster: 2
group_size: 128
cluster Quantizing weight with shape: torch.Size([1024, 128])
SVD 奇异值量化时间: 0.9688 秒
angle bits: 3
SVD 量化时间: 0.0150 秒
cluster: 2
group_size: 128
cluster Quantizing weight with shape: torch.Size([1024, 128])
cluster: 2
group_size: 128
cluster Quantizing weight with shape: torch.Size([1024, 128])
SVD 奇异值量化时间: 0.9378 秒
angle bits: 3
SVD 量化时间: 0.0150 秒
cluster: 2
group_size: 128
cluster Quantizing weight with shape: torch.Size([1024, 128])
cluster: 2
group_size: 128
cluster Quantizing weight with shape: torch.Size([1024, 128])
SVD 奇异值量化时间: 0.9381 秒
angle bits: 3
SVD 量化时间: 0.0150 秒
cluster: 2
group_size: 128
cluster Quantizing weight with shape: torch.Size([1024, 128])
cluster: 2
group_size: 128
cluster Quantizing weight with shape: torch.Size([1024, 128])
SVD 奇异值量化时间: 0.9339 秒
angle bits: 3
SVD 量化时间: 0.0148 秒
cluster: 2
group_size: 128
cluster Quantizing weight with shape: torch.Size([1024, 128])
cluster: 2
group_size: 128
cluster Quantizing weight with shape: torch.Size([1024, 128])
SVD 奇异值量化时间: 0.9325 秒
angle bits: 3
SVD 量化时间: 0.0150 秒
cluster: 2
group_size: 128
cluster Quantizing weight with shape: torch.Size([1024, 128])
cluster: 2
group_size: 128
cluster Quantizing weight with shape: torch.Size([1024, 128])
SVD 奇异值量化时间: 0.9267 秒
angle bits: 3
SVD 量化时间: 0.0150 秒
cluster: 2
group_size: 128
cluster Quantizing weight with shape: torch.Size([1024, 128])
cluster: 2
group_size: 128
cluster Quantizing weight with shape: torch.Size([1024, 128])
SVD 奇异值量化时间: 0.9370 秒
angle bits: 3
SVD 量化时间: 0.0150 秒
cluster: 2
group_size: 128
cluster Quantizing weight with shape: torch.Size([1024, 128])
cluster: 2
group_size: 128
cluster Quantizing weight with shape: torch.Size([1024, 128])
SVD 奇异值量化时间: 0.9303 秒
11 fc2
Quantizing ...
使用blocksize: 128进行量化
angle bits: 3
SVD 量化时间: 0.0038 秒
cluster: 2
group_size: 128
cluster Quantizing weight with shape: torch.Size([256, 128])
cluster: 2
group_size: 128
cluster Quantizing weight with shape: torch.Size([256, 128])
SVD 奇异值量化时间: 0.2322 秒
angle bits: 3
SVD 量化时间: 0.0042 秒
cluster: 2
group_size: 128
cluster Quantizing weight with shape: torch.Size([256, 128])
cluster: 2
group_size: 128
cluster Quantizing weight with shape: torch.Size([256, 128])
SVD 奇异值量化时间: 0.2294 秒
angle bits: 3
SVD 量化时间: 0.0041 秒
cluster: 2
group_size: 128
cluster Quantizing weight with shape: torch.Size([256, 128])
cluster: 2
group_size: 128
cluster Quantizing weight with shape: torch.Size([256, 128])
SVD 奇异值量化时间: 0.2384 秒
angle bits: 3
SVD 量化时间: 0.0042 秒
cluster: 2
group_size: 128
cluster Quantizing weight with shape: torch.Size([256, 128])
cluster: 2
group_size: 128
cluster Quantizing weight with shape: torch.Size([256, 128])
SVD 奇异值量化时间: 0.2372 秒
angle bits: 3
SVD 量化时间: 0.0042 秒
cluster: 2
group_size: 128
cluster Quantizing weight with shape: torch.Size([256, 128])
cluster: 2
group_size: 128
cluster Quantizing weight with shape: torch.Size([256, 128])
SVD 奇异值量化时间: 0.2313 秒
angle bits: 3
SVD 量化时间: 0.0042 秒
cluster: 2
group_size: 128
cluster Quantizing weight with shape: torch.Size([256, 128])
cluster: 2
group_size: 128
cluster Quantizing weight with shape: torch.Size([256, 128])
SVD 奇异值量化时间: 0.2313 秒
angle bits: 3
SVD 量化时间: 0.0041 秒
cluster: 2
group_size: 128
cluster Quantizing weight with shape: torch.Size([256, 128])
cluster: 2
group_size: 128
cluster Quantizing weight with shape: torch.Size([256, 128])
SVD 奇异值量化时间: 0.2355 秒
angle bits: 3
SVD 量化时间: 0.0041 秒
cluster: 2
group_size: 128
cluster Quantizing weight with shape: torch.Size([256, 128])
cluster: 2
group_size: 128
cluster Quantizing weight with shape: torch.Size([256, 128])
SVD 奇异值量化时间: 0.2313 秒
angle bits: 3
SVD 量化时间: 0.0041 秒
cluster: 2
group_size: 128
cluster Quantizing weight with shape: torch.Size([256, 128])
cluster: 2
group_size: 128
cluster Quantizing weight with shape: torch.Size([256, 128])
SVD 奇异值量化时间: 0.2312 秒
angle bits: 3
SVD 量化时间: 0.0041 秒
cluster: 2
group_size: 128
cluster Quantizing weight with shape: torch.Size([256, 128])
cluster: 2
group_size: 128
cluster Quantizing weight with shape: torch.Size([256, 128])
SVD 奇异值量化时间: 0.2291 秒
angle bits: 3
SVD 量化时间: 0.0041 秒
cluster: 2
group_size: 128
cluster Quantizing weight with shape: torch.Size([256, 128])
cluster: 2
group_size: 128
cluster Quantizing weight with shape: torch.Size([256, 128])
SVD 奇异值量化时间: 0.2340 秒
angle bits: 3
SVD 量化时间: 0.0042 秒
cluster: 2
group_size: 128
cluster Quantizing weight with shape: torch.Size([256, 128])
cluster: 2
group_size: 128
cluster Quantizing weight with shape: torch.Size([256, 128])
SVD 奇异值量化时间: 0.2372 秒
angle bits: 3
SVD 量化时间: 0.0042 秒
cluster: 2
group_size: 128
cluster Quantizing weight with shape: torch.Size([256, 128])
cluster: 2
group_size: 128
cluster Quantizing weight with shape: torch.Size([256, 128])
SVD 奇异值量化时间: 0.2351 秒
angle bits: 3
SVD 量化时间: 0.0042 秒
cluster: 2
group_size: 128
cluster Quantizing weight with shape: torch.Size([256, 128])
cluster: 2
group_size: 128
cluster Quantizing weight with shape: torch.Size([256, 128])
SVD 奇异值量化时间: 0.2339 秒
angle bits: 3
SVD 量化时间: 0.0041 秒
cluster: 2
group_size: 128
cluster Quantizing weight with shape: torch.Size([256, 128])
cluster: 2
group_size: 128
cluster Quantizing weight with shape: torch.Size([256, 128])
SVD 奇异值量化时间: 0.2337 秒
angle bits: 3
SVD 量化时间: 0.0042 秒
cluster: 2
group_size: 128
cluster Quantizing weight with shape: torch.Size([256, 128])
cluster: 2
group_size: 128
cluster Quantizing weight with shape: torch.Size([256, 128])
SVD 奇异值量化时间: 0.2372 秒
angle bits: 3
SVD 量化时间: 0.0042 秒
cluster: 2
group_size: 128
cluster Quantizing weight with shape: torch.Size([256, 128])
cluster: 2
group_size: 128
cluster Quantizing weight with shape: torch.Size([256, 128])
SVD 奇异值量化时间: 0.2365 秒
angle bits: 3
SVD 量化时间: 0.0042 秒
cluster: 2
group_size: 128
cluster Quantizing weight with shape: torch.Size([256, 128])
cluster: 2
group_size: 128
cluster Quantizing weight with shape: torch.Size([256, 128])
SVD 奇异值量化时间: 0.2376 秒
angle bits: 3
SVD 量化时间: 0.0042 秒
cluster: 2
group_size: 128
cluster Quantizing weight with shape: torch.Size([256, 128])
cluster: 2
group_size: 128
cluster Quantizing weight with shape: torch.Size([256, 128])
SVD 奇异值量化时间: 0.2307 秒
angle bits: 3
SVD 量化时间: 0.0041 秒
cluster: 2
group_size: 128
cluster Quantizing weight with shape: torch.Size([256, 128])
cluster: 2
group_size: 128
cluster Quantizing weight with shape: torch.Size([256, 128])
SVD 奇异值量化时间: 0.2334 秒
angle bits: 3
SVD 量化时间: 0.0041 秒
cluster: 2
group_size: 128
cluster Quantizing weight with shape: torch.Size([256, 128])
cluster: 2
group_size: 128
cluster Quantizing weight with shape: torch.Size([256, 128])
SVD 奇异值量化时间: 0.2348 秒
angle bits: 3
SVD 量化时间: 0.0041 秒
cluster: 2
group_size: 128
cluster Quantizing weight with shape: torch.Size([256, 128])
cluster: 2
group_size: 128
cluster Quantizing weight with shape: torch.Size([256, 128])
SVD 奇异值量化时间: 0.2330 秒
angle bits: 3
SVD 量化时间: 0.0041 秒
cluster: 2
group_size: 128
cluster Quantizing weight with shape: torch.Size([256, 128])
cluster: 2
group_size: 128
cluster Quantizing weight with shape: torch.Size([256, 128])
SVD 奇异值量化时间: 0.2319 秒
angle bits: 3
SVD 量化时间: 0.0041 秒
cluster: 2
group_size: 128
cluster Quantizing weight with shape: torch.Size([256, 128])
cluster: 2
group_size: 128
cluster Quantizing weight with shape: torch.Size([256, 128])
SVD 奇异值量化时间: 0.2316 秒
angle bits: 3
SVD 量化时间: 0.0041 秒
cluster: 2
group_size: 128
cluster Quantizing weight with shape: torch.Size([256, 128])
cluster: 2
group_size: 128
cluster Quantizing weight with shape: torch.Size([256, 128])
SVD 奇异值量化时间: 0.2358 秒
angle bits: 3
SVD 量化时间: 0.0041 秒
cluster: 2
group_size: 128
cluster Quantizing weight with shape: torch.Size([256, 128])
cluster: 2
group_size: 128
cluster Quantizing weight with shape: torch.Size([256, 128])
SVD 奇异值量化时间: 0.2316 秒
angle bits: 3
SVD 量化时间: 0.0041 秒
cluster: 2
group_size: 128
cluster Quantizing weight with shape: torch.Size([256, 128])
cluster: 2
group_size: 128
cluster Quantizing weight with shape: torch.Size([256, 128])
SVD 奇异值量化时间: 0.2336 秒
angle bits: 3
SVD 量化时间: 0.0041 秒
cluster: 2
group_size: 128
cluster Quantizing weight with shape: torch.Size([256, 128])
cluster: 2
group_size: 128
cluster Quantizing weight with shape: torch.Size([256, 128])
SVD 奇异值量化时间: 0.2304 秒
angle bits: 3
SVD 量化时间: 0.0041 秒
cluster: 2
group_size: 128
cluster Quantizing weight with shape: torch.Size([256, 128])
cluster: 2
group_size: 128
cluster Quantizing weight with shape: torch.Size([256, 128])
SVD 奇异值量化时间: 0.2342 秒
angle bits: 3
SVD 量化时间: 0.0041 秒
cluster: 2
group_size: 128
cluster Quantizing weight with shape: torch.Size([256, 128])
cluster: 2
group_size: 128
cluster Quantizing weight with shape: torch.Size([256, 128])
SVD 奇异值量化时间: 0.2303 秒
angle bits: 3
SVD 量化时间: 0.0041 秒
cluster: 2
group_size: 128
cluster Quantizing weight with shape: torch.Size([256, 128])
cluster: 2
group_size: 128
cluster Quantizing weight with shape: torch.Size([256, 128])
SVD 奇异值量化时间: 0.2307 秒
angle bits: 3
SVD 量化时间: 0.0041 秒
cluster: 2
group_size: 128
cluster Quantizing weight with shape: torch.Size([256, 128])
cluster: 2
group_size: 128
cluster Quantizing weight with shape: torch.Size([256, 128])
SVD 奇异值量化时间: 0.2305 秒
12 self_attn.k_proj
Quantizing ...
使用blocksize: 128进行量化
angle bits: 3
SVD 量化时间: 0.0040 秒
cluster: 2
group_size: 128
cluster Quantizing weight with shape: torch.Size([256, 128])
cluster: 2
group_size: 128
cluster Quantizing weight with shape: torch.Size([256, 128])
SVD 奇异值量化时间: 0.2300 秒
angle bits: 3
SVD 量化时间: 0.0041 秒
cluster: 2
group_size: 128
cluster Quantizing weight with shape: torch.Size([256, 128])
cluster: 2
group_size: 128
cluster Quantizing weight with shape: torch.Size([256, 128])
SVD 奇异值量化时间: 0.2301 秒
angle bits: 3
SVD 量化时间: 0.0041 秒
cluster: 2
group_size: 128
cluster Quantizing weight with shape: torch.Size([256, 128])
cluster: 2
group_size: 128
cluster Quantizing weight with shape: torch.Size([256, 128])
SVD 奇异值量化时间: 0.2279 秒
angle bits: 3
SVD 量化时间: 0.0041 秒
cluster: 2
group_size: 128
cluster Quantizing weight with shape: torch.Size([256, 128])
cluster: 2
group_size: 128
cluster Quantizing weight with shape: torch.Size([256, 128])
SVD 奇异值量化时间: 0.2339 秒
angle bits: 3
SVD 量化时间: 0.0042 秒
cluster: 2
group_size: 128
cluster Quantizing weight with shape: torch.Size([256, 128])
cluster: 2
group_size: 128
cluster Quantizing weight with shape: torch.Size([256, 128])
SVD 奇异值量化时间: 0.2373 秒
angle bits: 3
SVD 量化时间: 0.0041 秒
cluster: 2
group_size: 128
cluster Quantizing weight with shape: torch.Size([256, 128])
cluster: 2
group_size: 128
cluster Quantizing weight with shape: torch.Size([256, 128])
SVD 奇异值量化时间: 0.2293 秒
angle bits: 3
SVD 量化时间: 0.0041 秒
cluster: 2
group_size: 128
cluster Quantizing weight with shape: torch.Size([256, 128])
cluster: 2
group_size: 128
cluster Quantizing weight with shape: torch.Size([256, 128])
SVD 奇异值量化时间: 0.2302 秒
angle bits: 3
SVD 量化时间: 0.0041 秒
cluster: 2
group_size: 128
cluster Quantizing weight with shape: torch.Size([256, 128])
cluster: 2
group_size: 128
cluster Quantizing weight with shape: torch.Size([256, 128])
SVD 奇异值量化时间: 0.2286 秒
12 self_attn.v_proj
Quantizing ...
使用blocksize: 128进行量化
angle bits: 3
SVD 量化时间: 0.0040 秒
cluster: 2
group_size: 128
cluster Quantizing weight with shape: torch.Size([256, 128])
cluster: 2
group_size: 128
cluster Quantizing weight with shape: torch.Size([256, 128])
SVD 奇异值量化时间: 0.2351 秒
angle bits: 3
SVD 量化时间: 0.0041 秒
cluster: 2
group_size: 128
cluster Quantizing weight with shape: torch.Size([256, 128])
cluster: 2
group_size: 128
cluster Quantizing weight with shape: torch.Size([256, 128])
SVD 奇异值量化时间: 0.2274 秒
angle bits: 3
SVD 量化时间: 0.0041 秒
cluster: 2
group_size: 128
cluster Quantizing weight with shape: torch.Size([256, 128])
cluster: 2
group_size: 128
cluster Quantizing weight with shape: torch.Size([256, 128])
SVD 奇异值量化时间: 0.2287 秒
angle bits: 3
SVD 量化时间: 0.0041 秒
cluster: 2
group_size: 128
cluster Quantizing weight with shape: torch.Size([256, 128])
cluster: 2
group_size: 128
cluster Quantizing weight with shape: torch.Size([256, 128])
SVD 奇异值量化时间: 0.2272 秒
angle bits: 3
SVD 量化时间: 0.0041 秒
cluster: 2
group_size: 128
cluster Quantizing weight with shape: torch.Size([256, 128])
cluster: 2
group_size: 128
cluster Quantizing weight with shape: torch.Size([256, 128])
SVD 奇异值量化时间: 0.2327 秒
angle bits: 3
SVD 量化时间: 0.0041 秒
cluster: 2
group_size: 128
cluster Quantizing weight with shape: torch.Size([256, 128])
cluster: 2
group_size: 128
cluster Quantizing weight with shape: torch.Size([256, 128])
SVD 奇异值量化时间: 0.2281 秒
angle bits: 3
SVD 量化时间: 0.0041 秒
cluster: 2
group_size: 128
cluster Quantizing weight with shape: torch.Size([256, 128])
cluster: 2
group_size: 128
cluster Quantizing weight with shape: torch.Size([256, 128])
SVD 奇异值量化时间: 0.2277 秒
angle bits: 3
SVD 量化时间: 0.0041 秒
cluster: 2
group_size: 128
cluster Quantizing weight with shape: torch.Size([256, 128])
cluster: 2
group_size: 128
cluster Quantizing weight with shape: torch.Size([256, 128])
SVD 奇异值量化时间: 0.2290 秒
12 self_attn.q_proj
Quantizing ...
使用blocksize: 128进行量化
angle bits: 3
SVD 量化时间: 0.0038 秒
cluster: 2
group_size: 128
cluster Quantizing weight with shape: torch.Size([256, 128])
cluster: 2
group_size: 128
cluster Quantizing weight with shape: torch.Size([256, 128])
SVD 奇异值量化时间: 0.2309 秒
angle bits: 3
SVD 量化时间: 0.0041 秒
cluster: 2
group_size: 128
cluster Quantizing weight with shape: torch.Size([256, 128])
cluster: 2
group_size: 128
cluster Quantizing weight with shape: torch.Size([256, 128])
SVD 奇异值量化时间: 0.2300 秒
angle bits: 3
SVD 量化时间: 0.0041 秒
cluster: 2
group_size: 128
cluster Quantizing weight with shape: torch.Size([256, 128])
cluster: 2
group_size: 128
cluster Quantizing weight with shape: torch.Size([256, 128])
SVD 奇异值量化时间: 0.2288 秒
angle bits: 3
SVD 量化时间: 0.0041 秒
cluster: 2
group_size: 128
cluster Quantizing weight with shape: torch.Size([256, 128])
cluster: 2
group_size: 128
cluster Quantizing weight with shape: torch.Size([256, 128])
SVD 奇异值量化时间: 0.2297 秒
angle bits: 3
SVD 量化时间: 0.0041 秒
cluster: 2
group_size: 128
cluster Quantizing weight with shape: torch.Size([256, 128])
cluster: 2
group_size: 128
cluster Quantizing weight with shape: torch.Size([256, 128])
SVD 奇异值量化时间: 0.2291 秒
angle bits: 3
SVD 量化时间: 0.0041 秒
cluster: 2
group_size: 128
cluster Quantizing weight with shape: torch.Size([256, 128])
cluster: 2
group_size: 128
cluster Quantizing weight with shape: torch.Size([256, 128])
SVD 奇异值量化时间: 0.2359 秒
angle bits: 3
SVD 量化时间: 0.0041 秒
cluster: 2
group_size: 128
cluster Quantizing weight with shape: torch.Size([256, 128])
cluster: 2
group_size: 128
cluster Quantizing weight with shape: torch.Size([256, 128])
SVD 奇异值量化时间: 0.2280 秒
angle bits: 3
SVD 量化时间: 0.0041 秒
cluster: 2
group_size: 128
cluster Quantizing weight with shape: torch.Size([256, 128])
cluster: 2
group_size: 128
cluster Quantizing weight with shape: torch.Size([256, 128])
SVD 奇异值量化时间: 0.2286 秒
12 self_attn.out_proj
Quantizing ...
使用blocksize: 128进行量化
angle bits: 3
SVD 量化时间: 0.0037 秒
cluster: 2
group_size: 128
cluster Quantizing weight with shape: torch.Size([256, 128])
cluster: 2
group_size: 128
cluster Quantizing weight with shape: torch.Size([256, 128])
SVD 奇异值量化时间: 0.2302 秒
angle bits: 3
SVD 量化时间: 0.0041 秒
cluster: 2
group_size: 128
cluster Quantizing weight with shape: torch.Size([256, 128])
cluster: 2
group_size: 128
cluster Quantizing weight with shape: torch.Size([256, 128])
SVD 奇异值量化时间: 0.2391 秒
angle bits: 3
SVD 量化时间: 0.0042 秒
cluster: 2
group_size: 128
cluster Quantizing weight with shape: torch.Size([256, 128])
cluster: 2
group_size: 128
cluster Quantizing weight with shape: torch.Size([256, 128])
SVD 奇异值量化时间: 0.2306 秒
angle bits: 3
SVD 量化时间: 0.0041 秒
cluster: 2
group_size: 128
cluster Quantizing weight with shape: torch.Size([256, 128])
cluster: 2
group_size: 128
cluster Quantizing weight with shape: torch.Size([256, 128])
SVD 奇异值量化时间: 0.2281 秒
angle bits: 3
SVD 量化时间: 0.0041 秒
cluster: 2
group_size: 128
cluster Quantizing weight with shape: torch.Size([256, 128])
cluster: 2
group_size: 128
cluster Quantizing weight with shape: torch.Size([256, 128])
SVD 奇异值量化时间: 0.2295 秒
angle bits: 3
SVD 量化时间: 0.0041 秒
cluster: 2
group_size: 128
cluster Quantizing weight with shape: torch.Size([256, 128])
cluster: 2
group_size: 128
cluster Quantizing weight with shape: torch.Size([256, 128])
SVD 奇异值量化时间: 0.2286 秒
angle bits: 3
SVD 量化时间: 0.0041 秒
cluster: 2
group_size: 128
cluster Quantizing weight with shape: torch.Size([256, 128])
cluster: 2
group_size: 128
cluster Quantizing weight with shape: torch.Size([256, 128])
SVD 奇异值量化时间: 0.2380 秒
angle bits: 3
SVD 量化时间: 0.0042 秒
cluster: 2
group_size: 128
cluster Quantizing weight with shape: torch.Size([256, 128])
cluster: 2
group_size: 128
cluster Quantizing weight with shape: torch.Size([256, 128])
SVD 奇异值量化时间: 0.2322 秒
12 fc1
Quantizing ...
使用blocksize: 128进行量化
angle bits: 3
SVD 量化时间: 0.0135 秒
cluster: 2
group_size: 128
cluster Quantizing weight with shape: torch.Size([1024, 128])
cluster: 2
group_size: 128
cluster Quantizing weight with shape: torch.Size([1024, 128])
SVD 奇异值量化时间: 0.9273 秒
angle bits: 3
SVD 量化时间: 0.0150 秒
cluster: 2
group_size: 128
cluster Quantizing weight with shape: torch.Size([1024, 128])
cluster: 2
group_size: 128
cluster Quantizing weight with shape: torch.Size([1024, 128])
SVD 奇异值量化时间: 0.9260 秒
angle bits: 3
SVD 量化时间: 0.0150 秒
cluster: 2
group_size: 128
cluster Quantizing weight with shape: torch.Size([1024, 128])
cluster: 2
group_size: 128
cluster Quantizing weight with shape: torch.Size([1024, 128])
SVD 奇异值量化时间: 0.9237 秒
angle bits: 3
SVD 量化时间: 0.0149 秒
cluster: 2
group_size: 128
cluster Quantizing weight with shape: torch.Size([1024, 128])
cluster: 2
group_size: 128
cluster Quantizing weight with shape: torch.Size([1024, 128])
SVD 奇异值量化时间: 0.9208 秒
angle bits: 3
SVD 量化时间: 0.0148 秒
cluster: 2
group_size: 128
cluster Quantizing weight with shape: torch.Size([1024, 128])
cluster: 2
group_size: 128
cluster Quantizing weight with shape: torch.Size([1024, 128])
SVD 奇异值量化时间: 0.9143 秒
angle bits: 3
SVD 量化时间: 0.0149 秒
cluster: 2
group_size: 128
cluster Quantizing weight with shape: torch.Size([1024, 128])
cluster: 2
group_size: 128
cluster Quantizing weight with shape: torch.Size([1024, 128])
SVD 奇异值量化时间: 0.9253 秒
angle bits: 3
SVD 量化时间: 0.0150 秒
cluster: 2
group_size: 128
cluster Quantizing weight with shape: torch.Size([1024, 128])
cluster: 2
group_size: 128
cluster Quantizing weight with shape: torch.Size([1024, 128])
SVD 奇异值量化时间: 0.9240 秒
angle bits: 3
SVD 量化时间: 0.0149 秒
cluster: 2
group_size: 128
cluster Quantizing weight with shape: torch.Size([1024, 128])
cluster: 2
group_size: 128
cluster Quantizing weight with shape: torch.Size([1024, 128])
SVD 奇异值量化时间: 0.9234 秒
12 fc2
Quantizing ...
使用blocksize: 128进行量化
angle bits: 3
SVD 量化时间: 0.0038 秒
cluster: 2
group_size: 128
cluster Quantizing weight with shape: torch.Size([256, 128])
cluster: 2
group_size: 128
cluster Quantizing weight with shape: torch.Size([256, 128])
SVD 奇异值量化时间: 0.2313 秒
angle bits: 3
SVD 量化时间: 0.0042 秒
cluster: 2
group_size: 128
cluster Quantizing weight with shape: torch.Size([256, 128])
cluster: 2
group_size: 128
cluster Quantizing weight with shape: torch.Size([256, 128])
SVD 奇异值量化时间: 0.2371 秒
angle bits: 3
SVD 量化时间: 0.0042 秒
cluster: 2
group_size: 128
cluster Quantizing weight with shape: torch.Size([256, 128])
cluster: 2
group_size: 128
cluster Quantizing weight with shape: torch.Size([256, 128])
SVD 奇异值量化时间: 0.2320 秒
angle bits: 3
SVD 量化时间: 0.0041 秒
cluster: 2
group_size: 128
cluster Quantizing weight with shape: torch.Size([256, 128])
cluster: 2
group_size: 128
cluster Quantizing weight with shape: torch.Size([256, 128])
SVD 奇异值量化时间: 0.2335 秒
angle bits: 3
SVD 量化时间: 0.0041 秒
cluster: 2
group_size: 128
cluster Quantizing weight with shape: torch.Size([256, 128])
cluster: 2
group_size: 128
cluster Quantizing weight with shape: torch.Size([256, 128])
SVD 奇异值量化时间: 0.2332 秒
angle bits: 3
SVD 量化时间: 0.0041 秒
cluster: 2
group_size: 128
cluster Quantizing weight with shape: torch.Size([256, 128])
cluster: 2
group_size: 128
cluster Quantizing weight with shape: torch.Size([256, 128])
SVD 奇异值量化时间: 0.2362 秒
angle bits: 3
SVD 量化时间: 0.0042 秒
cluster: 2
group_size: 128
cluster Quantizing weight with shape: torch.Size([256, 128])
cluster: 2
group_size: 128
cluster Quantizing weight with shape: torch.Size([256, 128])
SVD 奇异值量化时间: 0.2285 秒
angle bits: 3
SVD 量化时间: 0.0041 秒
cluster: 2
group_size: 128
cluster Quantizing weight with shape: torch.Size([256, 128])
cluster: 2
group_size: 128
cluster Quantizing weight with shape: torch.Size([256, 128])
SVD 奇异值量化时间: 0.2277 秒
angle bits: 3
SVD 量化时间: 0.0041 秒
cluster: 2
group_size: 128
cluster Quantizing weight with shape: torch.Size([256, 128])
cluster: 2
group_size: 128
cluster Quantizing weight with shape: torch.Size([256, 128])
SVD 奇异值量化时间: 0.2311 秒
angle bits: 3
SVD 量化时间: 0.0041 秒
cluster: 2
group_size: 128
cluster Quantizing weight with shape: torch.Size([256, 128])
cluster: 2
group_size: 128
cluster Quantizing weight with shape: torch.Size([256, 128])
SVD 奇异值量化时间: 0.2305 秒
angle bits: 3
SVD 量化时间: 0.0041 秒
cluster: 2
group_size: 128
cluster Quantizing weight with shape: torch.Size([256, 128])
cluster: 2
group_size: 128
cluster Quantizing weight with shape: torch.Size([256, 128])
SVD 奇异值量化时间: 0.2362 秒
angle bits: 3
SVD 量化时间: 0.0041 秒
cluster: 2
group_size: 128
cluster Quantizing weight with shape: torch.Size([256, 128])
cluster: 2
group_size: 128
cluster Quantizing weight with shape: torch.Size([256, 128])
SVD 奇异值量化时间: 0.2302 秒
angle bits: 3
SVD 量化时间: 0.0041 秒
cluster: 2
group_size: 128
cluster Quantizing weight with shape: torch.Size([256, 128])
cluster: 2
group_size: 128
cluster Quantizing weight with shape: torch.Size([256, 128])
SVD 奇异值量化时间: 0.2313 秒
angle bits: 3
SVD 量化时间: 0.0041 秒
cluster: 2
group_size: 128
cluster Quantizing weight with shape: torch.Size([256, 128])
cluster: 2
group_size: 128
cluster Quantizing weight with shape: torch.Size([256, 128])
SVD 奇异值量化时间: 0.2306 秒
angle bits: 3
SVD 量化时间: 0.0041 秒
cluster: 2
group_size: 128
cluster Quantizing weight with shape: torch.Size([256, 128])
cluster: 2
group_size: 128
cluster Quantizing weight with shape: torch.Size([256, 128])
SVD 奇异值量化时间: 0.2364 秒
angle bits: 3
SVD 量化时间: 0.0042 秒
cluster: 2
group_size: 128
cluster Quantizing weight with shape: torch.Size([256, 128])
cluster: 2
group_size: 128
cluster Quantizing weight with shape: torch.Size([256, 128])
SVD 奇异值量化时间: 0.2292 秒
angle bits: 3
SVD 量化时间: 0.0041 秒
cluster: 2
group_size: 128
cluster Quantizing weight with shape: torch.Size([256, 128])
cluster: 2
group_size: 128
cluster Quantizing weight with shape: torch.Size([256, 128])
SVD 奇异值量化时间: 0.2284 秒
angle bits: 3
SVD 量化时间: 0.0041 秒
cluster: 2
group_size: 128
cluster Quantizing weight with shape: torch.Size([256, 128])
cluster: 2
group_size: 128
cluster Quantizing weight with shape: torch.Size([256, 128])
SVD 奇异值量化时间: 0.2286 秒
angle bits: 3
SVD 量化时间: 0.0041 秒
cluster: 2
group_size: 128
cluster Quantizing weight with shape: torch.Size([256, 128])
cluster: 2
group_size: 128
cluster Quantizing weight with shape: torch.Size([256, 128])
SVD 奇异值量化时间: 0.2316 秒
angle bits: 3
SVD 量化时间: 0.0042 秒
cluster: 2
group_size: 128
cluster Quantizing weight with shape: torch.Size([256, 128])
cluster: 2
group_size: 128
cluster Quantizing weight with shape: torch.Size([256, 128])
SVD 奇异值量化时间: 0.2343 秒
angle bits: 3
SVD 量化时间: 0.0041 秒
cluster: 2
group_size: 128
cluster Quantizing weight with shape: torch.Size([256, 128])
cluster: 2
group_size: 128
cluster Quantizing weight with shape: torch.Size([256, 128])
SVD 奇异值量化时间: 0.2293 秒
angle bits: 3
SVD 量化时间: 0.0041 秒
cluster: 2
group_size: 128
cluster Quantizing weight with shape: torch.Size([256, 128])
cluster: 2
group_size: 128
cluster Quantizing weight with shape: torch.Size([256, 128])
SVD 奇异值量化时间: 0.2297 秒
angle bits: 3
SVD 量化时间: 0.0041 秒
cluster: 2
group_size: 128
cluster Quantizing weight with shape: torch.Size([256, 128])
cluster: 2
group_size: 128
cluster Quantizing weight with shape: torch.Size([256, 128])
SVD 奇异值量化时间: 0.2301 秒
angle bits: 3
SVD 量化时间: 0.0041 秒
cluster: 2
group_size: 128
cluster Quantizing weight with shape: torch.Size([256, 128])
cluster: 2
group_size: 128
cluster Quantizing weight with shape: torch.Size([256, 128])
SVD 奇异值量化时间: 0.2373 秒
angle bits: 3
SVD 量化时间: 0.0041 秒
cluster: 2
group_size: 128
cluster Quantizing weight with shape: torch.Size([256, 128])
cluster: 2
group_size: 128
cluster Quantizing weight with shape: torch.Size([256, 128])
SVD 奇异值量化时间: 0.2299 秒
angle bits: 3
SVD 量化时间: 0.0042 秒
cluster: 2
group_size: 128
cluster Quantizing weight with shape: torch.Size([256, 128])
cluster: 2
group_size: 128
cluster Quantizing weight with shape: torch.Size([256, 128])
SVD 奇异值量化时间: 0.2325 秒
angle bits: 3
SVD 量化时间: 0.0041 秒
cluster: 2
group_size: 128
cluster Quantizing weight with shape: torch.Size([256, 128])
cluster: 2
group_size: 128
cluster Quantizing weight with shape: torch.Size([256, 128])
SVD 奇异值量化时间: 0.2295 秒
angle bits: 3
SVD 量化时间: 0.0041 秒
cluster: 2
group_size: 128
cluster Quantizing weight with shape: torch.Size([256, 128])
cluster: 2
group_size: 128
cluster Quantizing weight with shape: torch.Size([256, 128])
SVD 奇异值量化时间: 0.2346 秒
angle bits: 3
SVD 量化时间: 0.0041 秒
cluster: 2
group_size: 128
cluster Quantizing weight with shape: torch.Size([256, 128])
cluster: 2
group_size: 128
cluster Quantizing weight with shape: torch.Size([256, 128])
SVD 奇异值量化时间: 0.2320 秒
angle bits: 3
SVD 量化时间: 0.0041 秒
cluster: 2
group_size: 128
cluster Quantizing weight with shape: torch.Size([256, 128])
cluster: 2
group_size: 128
cluster Quantizing weight with shape: torch.Size([256, 128])
SVD 奇异值量化时间: 0.2338 秒
angle bits: 3
SVD 量化时间: 0.0041 秒
cluster: 2
group_size: 128
cluster Quantizing weight with shape: torch.Size([256, 128])
cluster: 2
group_size: 128
cluster Quantizing weight with shape: torch.Size([256, 128])
SVD 奇异值量化时间: 0.2304 秒
angle bits: 3
SVD 量化时间: 0.0041 秒
cluster: 2
group_size: 128
cluster Quantizing weight with shape: torch.Size([256, 128])
cluster: 2
group_size: 128
cluster Quantizing weight with shape: torch.Size([256, 128])
SVD 奇异值量化时间: 0.2312 秒
13 self_attn.k_proj
Quantizing ...
使用blocksize: 128进行量化
angle bits: 3
SVD 量化时间: 0.0041 秒
cluster: 2
group_size: 128
cluster Quantizing weight with shape: torch.Size([256, 128])
cluster: 2
group_size: 128
cluster Quantizing weight with shape: torch.Size([256, 128])
SVD 奇异值量化时间: 0.2304 秒
angle bits: 3
SVD 量化时间: 0.0041 秒
cluster: 2
group_size: 128
cluster Quantizing weight with shape: torch.Size([256, 128])
cluster: 2
group_size: 128
cluster Quantizing weight with shape: torch.Size([256, 128])
SVD 奇异值量化时间: 0.2301 秒
angle bits: 3
SVD 量化时间: 0.0041 秒
cluster: 2
group_size: 128
cluster Quantizing weight with shape: torch.Size([256, 128])
cluster: 2
group_size: 128
cluster Quantizing weight with shape: torch.Size([256, 128])
SVD 奇异值量化时间: 0.2374 秒
angle bits: 3
SVD 量化时间: 0.0041 秒
cluster: 2
group_size: 128
cluster Quantizing weight with shape: torch.Size([256, 128])
cluster: 2
group_size: 128
cluster Quantizing weight with shape: torch.Size([256, 128])
SVD 奇异值量化时间: 0.2315 秒
angle bits: 3
SVD 量化时间: 0.0041 秒
cluster: 2
group_size: 128
cluster Quantizing weight with shape: torch.Size([256, 128])
cluster: 2
group_size: 128
cluster Quantizing weight with shape: torch.Size([256, 128])
SVD 奇异值量化时间: 0.2277 秒
angle bits: 3
SVD 量化时间: 0.0041 秒
cluster: 2
group_size: 128
cluster Quantizing weight with shape: torch.Size([256, 128])
cluster: 2
group_size: 128
cluster Quantizing weight with shape: torch.Size([256, 128])
SVD 奇异值量化时间: 0.2275 秒
angle bits: 3
SVD 量化时间: 0.0041 秒
cluster: 2
group_size: 128
cluster Quantizing weight with shape: torch.Size([256, 128])
cluster: 2
group_size: 128
cluster Quantizing weight with shape: torch.Size([256, 128])
SVD 奇异值量化时间: 0.2323 秒
angle bits: 3
SVD 量化时间: 0.0041 秒
cluster: 2
group_size: 128
cluster Quantizing weight with shape: torch.Size([256, 128])
cluster: 2
group_size: 128
cluster Quantizing weight with shape: torch.Size([256, 128])
SVD 奇异值量化时间: 0.2326 秒
13 self_attn.v_proj
Quantizing ...
使用blocksize: 128进行量化
angle bits: 3
SVD 量化时间: 0.0039 秒
cluster: 2
group_size: 128
cluster Quantizing weight with shape: torch.Size([256, 128])
cluster: 2
group_size: 128
cluster Quantizing weight with shape: torch.Size([256, 128])
SVD 奇异值量化时间: 0.2294 秒
angle bits: 3
SVD 量化时间: 0.0041 秒
cluster: 2
group_size: 128
cluster Quantizing weight with shape: torch.Size([256, 128])
cluster: 2
group_size: 128
cluster Quantizing weight with shape: torch.Size([256, 128])
SVD 奇异值量化时间: 0.2284 秒
angle bits: 3
SVD 量化时间: 0.0041 秒
cluster: 2
group_size: 128
cluster Quantizing weight with shape: torch.Size([256, 128])
cluster: 2
group_size: 128
cluster Quantizing weight with shape: torch.Size([256, 128])
SVD 奇异值量化时间: 0.2303 秒
angle bits: 3
SVD 量化时间: 0.0041 秒
cluster: 2
group_size: 128
cluster Quantizing weight with shape: torch.Size([256, 128])
cluster: 2
group_size: 128
cluster Quantizing weight with shape: torch.Size([256, 128])
SVD 奇异值量化时间: 0.2345 秒
angle bits: 3
SVD 量化时间: 0.0041 秒
cluster: 2
group_size: 128
cluster Quantizing weight with shape: torch.Size([256, 128])
cluster: 2
group_size: 128
cluster Quantizing weight with shape: torch.Size([256, 128])
SVD 奇异值量化时间: 0.2335 秒
angle bits: 3
SVD 量化时间: 0.0041 秒
cluster: 2
group_size: 128
cluster Quantizing weight with shape: torch.Size([256, 128])
cluster: 2
group_size: 128
cluster Quantizing weight with shape: torch.Size([256, 128])
SVD 奇异值量化时间: 0.2290 秒
angle bits: 3
SVD 量化时间: 0.0041 秒
cluster: 2
group_size: 128
cluster Quantizing weight with shape: torch.Size([256, 128])
cluster: 2
group_size: 128
cluster Quantizing weight with shape: torch.Size([256, 128])
SVD 奇异值量化时间: 0.2260 秒
angle bits: 3
SVD 量化时间: 0.0040 秒
cluster: 2
group_size: 128
cluster Quantizing weight with shape: torch.Size([256, 128])
cluster: 2
group_size: 128
cluster Quantizing weight with shape: torch.Size([256, 128])
SVD 奇异值量化时间: 0.2310 秒
13 self_attn.q_proj
Quantizing ...
使用blocksize: 128进行量化
angle bits: 3
SVD 量化时间: 0.0039 秒
cluster: 2
group_size: 128
cluster Quantizing weight with shape: torch.Size([256, 128])
cluster: 2
group_size: 128
cluster Quantizing weight with shape: torch.Size([256, 128])
SVD 奇异值量化时间: 0.2327 秒
angle bits: 3
SVD 量化时间: 0.0041 秒
cluster: 2
group_size: 128
cluster Quantizing weight with shape: torch.Size([256, 128])
cluster: 2
group_size: 128
cluster Quantizing weight with shape: torch.Size([256, 128])
SVD 奇异值量化时间: 0.2314 秒
angle bits: 3
SVD 量化时间: 0.0041 秒
cluster: 2
group_size: 128
cluster Quantizing weight with shape: torch.Size([256, 128])
cluster: 2
group_size: 128
cluster Quantizing weight with shape: torch.Size([256, 128])
SVD 奇异值量化时间: 0.2282 秒
angle bits: 3
SVD 量化时间: 0.0041 秒
cluster: 2
group_size: 128
cluster Quantizing weight with shape: torch.Size([256, 128])
cluster: 2
group_size: 128
cluster Quantizing weight with shape: torch.Size([256, 128])
SVD 奇异值量化时间: 0.2293 秒
angle bits: 3
SVD 量化时间: 0.0041 秒
cluster: 2
group_size: 128
cluster Quantizing weight with shape: torch.Size([256, 128])
cluster: 2
group_size: 128
cluster Quantizing weight with shape: torch.Size([256, 128])
SVD 奇异值量化时间: 0.2371 秒
angle bits: 3
SVD 量化时间: 0.0041 秒
cluster: 2
group_size: 128
cluster Quantizing weight with shape: torch.Size([256, 128])
cluster: 2
group_size: 128
cluster Quantizing weight with shape: torch.Size([256, 128])
SVD 奇异值量化时间: 0.2309 秒
angle bits: 3
SVD 量化时间: 0.0041 秒
cluster: 2
group_size: 128
cluster Quantizing weight with shape: torch.Size([256, 128])
cluster: 2
group_size: 128
cluster Quantizing weight with shape: torch.Size([256, 128])
SVD 奇异值量化时间: 0.2300 秒
angle bits: 3
SVD 量化时间: 0.0041 秒
cluster: 2
group_size: 128
cluster Quantizing weight with shape: torch.Size([256, 128])
cluster: 2
group_size: 128
cluster Quantizing weight with shape: torch.Size([256, 128])
SVD 奇异值量化时间: 0.2287 秒
13 self_attn.out_proj
Quantizing ...
使用blocksize: 128进行量化
angle bits: 3
SVD 量化时间: 0.0037 秒
cluster: 2
group_size: 128
cluster Quantizing weight with shape: torch.Size([256, 128])
cluster: 2
group_size: 128
cluster Quantizing weight with shape: torch.Size([256, 128])
SVD 奇异值量化时间: 0.2319 秒
angle bits: 3
SVD 量化时间: 0.0041 秒
cluster: 2
group_size: 128
cluster Quantizing weight with shape: torch.Size([256, 128])
cluster: 2
group_size: 128
cluster Quantizing weight with shape: torch.Size([256, 128])
SVD 奇异值量化时间: 0.2297 秒
angle bits: 3
SVD 量化时间: 0.0041 秒
cluster: 2
group_size: 128
cluster Quantizing weight with shape: torch.Size([256, 128])
cluster: 2
group_size: 128
cluster Quantizing weight with shape: torch.Size([256, 128])
SVD 奇异值量化时间: 0.2299 秒
angle bits: 3
SVD 量化时间: 0.0041 秒
cluster: 2
group_size: 128
cluster Quantizing weight with shape: torch.Size([256, 128])
cluster: 2
group_size: 128
cluster Quantizing weight with shape: torch.Size([256, 128])
SVD 奇异值量化时间: 0.2303 秒
angle bits: 3
SVD 量化时间: 0.0041 秒
cluster: 2
group_size: 128
cluster Quantizing weight with shape: torch.Size([256, 128])
cluster: 2
group_size: 128
cluster Quantizing weight with shape: torch.Size([256, 128])
SVD 奇异值量化时间: 0.2306 秒
angle bits: 3
SVD 量化时间: 0.0041 秒
cluster: 2
group_size: 128
cluster Quantizing weight with shape: torch.Size([256, 128])
cluster: 2
group_size: 128
cluster Quantizing weight with shape: torch.Size([256, 128])
SVD 奇异值量化时间: 0.2335 秒
angle bits: 3
SVD 量化时间: 0.0041 秒
cluster: 2
group_size: 128
cluster Quantizing weight with shape: torch.Size([256, 128])
cluster: 2
group_size: 128
cluster Quantizing weight with shape: torch.Size([256, 128])
SVD 奇异值量化时间: 0.2305 秒
angle bits: 3
SVD 量化时间: 0.0041 秒
cluster: 2
group_size: 128
cluster Quantizing weight with shape: torch.Size([256, 128])
cluster: 2
group_size: 128
cluster Quantizing weight with shape: torch.Size([256, 128])
SVD 奇异值量化时间: 0.2296 秒
13 fc1
Quantizing ...
使用blocksize: 128进行量化
angle bits: 3
SVD 量化时间: 0.0133 秒
cluster: 2
group_size: 128
cluster Quantizing weight with shape: torch.Size([1024, 128])
cluster: 2
group_size: 128
cluster Quantizing weight with shape: torch.Size([1024, 128])
SVD 奇异值量化时间: 0.9237 秒
angle bits: 3
SVD 量化时间: 0.0148 秒
cluster: 2
group_size: 128
cluster Quantizing weight with shape: torch.Size([1024, 128])
cluster: 2
group_size: 128
cluster Quantizing weight with shape: torch.Size([1024, 128])
SVD 奇异值量化时间: 0.9264 秒
angle bits: 3
SVD 量化时间: 0.0149 秒
cluster: 2
group_size: 128
cluster Quantizing weight with shape: torch.Size([1024, 128])
cluster: 2
group_size: 128
cluster Quantizing weight with shape: torch.Size([1024, 128])
SVD 奇异值量化时间: 0.9269 秒
angle bits: 3
SVD 量化时间: 0.0149 秒
cluster: 2
group_size: 128
cluster Quantizing weight with shape: torch.Size([1024, 128])
cluster: 2
group_size: 128
cluster Quantizing weight with shape: torch.Size([1024, 128])
SVD 奇异值量化时间: 0.9338 秒
angle bits: 3
SVD 量化时间: 0.0147 秒
cluster: 2
group_size: 128
cluster Quantizing weight with shape: torch.Size([1024, 128])
cluster: 2
group_size: 128
cluster Quantizing weight with shape: torch.Size([1024, 128])
SVD 奇异值量化时间: 0.9284 秒
angle bits: 3
SVD 量化时间: 0.0149 秒
cluster: 2
group_size: 128
cluster Quantizing weight with shape: torch.Size([1024, 128])
cluster: 2
group_size: 128
cluster Quantizing weight with shape: torch.Size([1024, 128])
SVD 奇异值量化时间: 0.9302 秒
angle bits: 3
SVD 量化时间: 0.0149 秒
cluster: 2
group_size: 128
cluster Quantizing weight with shape: torch.Size([1024, 128])
cluster: 2
group_size: 128
cluster Quantizing weight with shape: torch.Size([1024, 128])
SVD 奇异值量化时间: 0.9266 秒
angle bits: 3
SVD 量化时间: 0.0149 秒
cluster: 2
group_size: 128
cluster Quantizing weight with shape: torch.Size([1024, 128])
cluster: 2
group_size: 128
cluster Quantizing weight with shape: torch.Size([1024, 128])
SVD 奇异值量化时间: 0.9204 秒
13 fc2
Quantizing ...
使用blocksize: 128进行量化
angle bits: 3
SVD 量化时间: 0.0038 秒
cluster: 2
group_size: 128
cluster Quantizing weight with shape: torch.Size([256, 128])
cluster: 2
group_size: 128
cluster Quantizing weight with shape: torch.Size([256, 128])
SVD 奇异值量化时间: 0.2361 秒
angle bits: 3
SVD 量化时间: 0.0042 秒
cluster: 2
group_size: 128
cluster Quantizing weight with shape: torch.Size([256, 128])
cluster: 2
group_size: 128
cluster Quantizing weight with shape: torch.Size([256, 128])
SVD 奇异值量化时间: 0.2300 秒
angle bits: 3
SVD 量化时间: 0.0042 秒
cluster: 2
group_size: 128
cluster Quantizing weight with shape: torch.Size([256, 128])
cluster: 2
group_size: 128
cluster Quantizing weight with shape: torch.Size([256, 128])
SVD 奇异值量化时间: 0.2303 秒
angle bits: 3
SVD 量化时间: 0.0041 秒
cluster: 2
group_size: 128
cluster Quantizing weight with shape: torch.Size([256, 128])
cluster: 2
group_size: 128
cluster Quantizing weight with shape: torch.Size([256, 128])
SVD 奇异值量化时间: 0.2306 秒
angle bits: 3
SVD 量化时间: 0.0041 秒
cluster: 2
group_size: 128
cluster Quantizing weight with shape: torch.Size([256, 128])
cluster: 2
group_size: 128
cluster Quantizing weight with shape: torch.Size([256, 128])
SVD 奇异值量化时间: 0.2361 秒
angle bits: 3
SVD 量化时间: 0.0041 秒
cluster: 2
group_size: 128
cluster Quantizing weight with shape: torch.Size([256, 128])
cluster: 2
group_size: 128
cluster Quantizing weight with shape: torch.Size([256, 128])
SVD 奇异值量化时间: 0.2290 秒
angle bits: 3
SVD 量化时间: 0.0041 秒
cluster: 2
group_size: 128
cluster Quantizing weight with shape: torch.Size([256, 128])
cluster: 2
group_size: 128
cluster Quantizing weight with shape: torch.Size([256, 128])
SVD 奇异值量化时间: 0.2287 秒
angle bits: 3
SVD 量化时间: 0.0041 秒
cluster: 2
group_size: 128
cluster Quantizing weight with shape: torch.Size([256, 128])
cluster: 2
group_size: 128
cluster Quantizing weight with shape: torch.Size([256, 128])
SVD 奇异值量化时间: 0.2318 秒
angle bits: 3
SVD 量化时间: 0.0041 秒
cluster: 2
group_size: 128
cluster Quantizing weight with shape: torch.Size([256, 128])
cluster: 2
group_size: 128
cluster Quantizing weight with shape: torch.Size([256, 128])
SVD 奇异值量化时间: 0.2329 秒
angle bits: 3
SVD 量化时间: 0.0041 秒
cluster: 2
group_size: 128
cluster Quantizing weight with shape: torch.Size([256, 128])
cluster: 2
group_size: 128
cluster Quantizing weight with shape: torch.Size([256, 128])
SVD 奇异值量化时间: 0.2332 秒
angle bits: 3
SVD 量化时间: 0.0041 秒
cluster: 2
group_size: 128
cluster Quantizing weight with shape: torch.Size([256, 128])
cluster: 2
group_size: 128
cluster Quantizing weight with shape: torch.Size([256, 128])
SVD 奇异值量化时间: 0.2299 秒
angle bits: 3
SVD 量化时间: 0.0041 秒
cluster: 2
group_size: 128
cluster Quantizing weight with shape: torch.Size([256, 128])
cluster: 2
group_size: 128
cluster Quantizing weight with shape: torch.Size([256, 128])
SVD 奇异值量化时间: 0.2297 秒
angle bits: 3
SVD 量化时间: 0.0041 秒
cluster: 2
group_size: 128
cluster Quantizing weight with shape: torch.Size([256, 128])
cluster: 2
group_size: 128
cluster Quantizing weight with shape: torch.Size([256, 128])
SVD 奇异值量化时间: 0.2371 秒
angle bits: 3
SVD 量化时间: 0.0041 秒
cluster: 2
group_size: 128
cluster Quantizing weight with shape: torch.Size([256, 128])
cluster: 2
group_size: 128
cluster Quantizing weight with shape: torch.Size([256, 128])
SVD 奇异值量化时间: 0.2356 秒
angle bits: 3
SVD 量化时间: 0.0041 秒
cluster: 2
group_size: 128
cluster Quantizing weight with shape: torch.Size([256, 128])
cluster: 2
group_size: 128
cluster Quantizing weight with shape: torch.Size([256, 128])
SVD 奇异值量化时间: 0.2317 秒
angle bits: 3
SVD 量化时间: 0.0041 秒
cluster: 2
group_size: 128
cluster Quantizing weight with shape: torch.Size([256, 128])
cluster: 2
group_size: 128
cluster Quantizing weight with shape: torch.Size([256, 128])
SVD 奇异值量化时间: 0.2305 秒
angle bits: 3
SVD 量化时间: 0.0041 秒
cluster: 2
group_size: 128
cluster Quantizing weight with shape: torch.Size([256, 128])
cluster: 2
group_size: 128
cluster Quantizing weight with shape: torch.Size([256, 128])
SVD 奇异值量化时间: 0.2372 秒
angle bits: 3
SVD 量化时间: 0.0041 秒
cluster: 2
group_size: 128
cluster Quantizing weight with shape: torch.Size([256, 128])
cluster: 2
group_size: 128
cluster Quantizing weight with shape: torch.Size([256, 128])
SVD 奇异值量化时间: 0.2345 秒
angle bits: 3
SVD 量化时间: 0.0041 秒
cluster: 2
group_size: 128
cluster Quantizing weight with shape: torch.Size([256, 128])
cluster: 2
group_size: 128
cluster Quantizing weight with shape: torch.Size([256, 128])
SVD 奇异值量化时间: 0.2318 秒
angle bits: 3
SVD 量化时间: 0.0041 秒
cluster: 2
group_size: 128
cluster Quantizing weight with shape: torch.Size([256, 128])
cluster: 2
group_size: 128
cluster Quantizing weight with shape: torch.Size([256, 128])
SVD 奇异值量化时间: 0.2292 秒
angle bits: 3
SVD 量化时间: 0.0041 秒
cluster: 2
group_size: 128
cluster Quantizing weight with shape: torch.Size([256, 128])
cluster: 2
group_size: 128
cluster Quantizing weight with shape: torch.Size([256, 128])
SVD 奇异值量化时间: 0.2302 秒
angle bits: 3
SVD 量化时间: 0.0041 秒
cluster: 2
group_size: 128
cluster Quantizing weight with shape: torch.Size([256, 128])
cluster: 2
group_size: 128
cluster Quantizing weight with shape: torch.Size([256, 128])
SVD 奇异值量化时间: 0.2318 秒
angle bits: 3
SVD 量化时间: 0.0041 秒
cluster: 2
group_size: 128
cluster Quantizing weight with shape: torch.Size([256, 128])
cluster: 2
group_size: 128
cluster Quantizing weight with shape: torch.Size([256, 128])
SVD 奇异值量化时间: 0.2356 秒
angle bits: 3
SVD 量化时间: 0.0041 秒
cluster: 2
group_size: 128
cluster Quantizing weight with shape: torch.Size([256, 128])
cluster: 2
group_size: 128
cluster Quantizing weight with shape: torch.Size([256, 128])
SVD 奇异值量化时间: 0.2317 秒
angle bits: 3
SVD 量化时间: 0.0042 秒
cluster: 2
group_size: 128
cluster Quantizing weight with shape: torch.Size([256, 128])
cluster: 2
group_size: 128
cluster Quantizing weight with shape: torch.Size([256, 128])
SVD 奇异值量化时间: 0.2327 秒
angle bits: 3
SVD 量化时间: 0.0041 秒
cluster: 2
group_size: 128
cluster Quantizing weight with shape: torch.Size([256, 128])
cluster: 2
group_size: 128
cluster Quantizing weight with shape: torch.Size([256, 128])
SVD 奇异值量化时间: 0.2325 秒
angle bits: 3
SVD 量化时间: 0.0041 秒
cluster: 2
group_size: 128
cluster Quantizing weight with shape: torch.Size([256, 128])
cluster: 2
group_size: 128
cluster Quantizing weight with shape: torch.Size([256, 128])
SVD 奇异值量化时间: 0.2378 秒
angle bits: 3
SVD 量化时间: 0.0041 秒
cluster: 2
group_size: 128
cluster Quantizing weight with shape: torch.Size([256, 128])
cluster: 2
group_size: 128
cluster Quantizing weight with shape: torch.Size([256, 128])
SVD 奇异值量化时间: 0.2310 秒
angle bits: 3
SVD 量化时间: 0.0041 秒
cluster: 2
group_size: 128
cluster Quantizing weight with shape: torch.Size([256, 128])
cluster: 2
group_size: 128
cluster Quantizing weight with shape: torch.Size([256, 128])
SVD 奇异值量化时间: 0.2310 秒
angle bits: 3
SVD 量化时间: 0.0041 秒
cluster: 2
group_size: 128
cluster Quantizing weight with shape: torch.Size([256, 128])
cluster: 2
group_size: 128
cluster Quantizing weight with shape: torch.Size([256, 128])
SVD 奇异值量化时间: 0.2298 秒
angle bits: 3
SVD 量化时间: 0.0041 秒
cluster: 2
group_size: 128
cluster Quantizing weight with shape: torch.Size([256, 128])
cluster: 2
group_size: 128
cluster Quantizing weight with shape: torch.Size([256, 128])
SVD 奇异值量化时间: 0.2361 秒
angle bits: 3
SVD 量化时间: 0.0041 秒
cluster: 2
group_size: 128
cluster Quantizing weight with shape: torch.Size([256, 128])
cluster: 2
group_size: 128
cluster Quantizing weight with shape: torch.Size([256, 128])
SVD 奇异值量化时间: 0.2301 秒
14 self_attn.k_proj
Quantizing ...
使用blocksize: 128进行量化
angle bits: 3
SVD 量化时间: 0.0040 秒
cluster: 2
group_size: 128
cluster Quantizing weight with shape: torch.Size([256, 128])
cluster: 2
group_size: 128
cluster Quantizing weight with shape: torch.Size([256, 128])
SVD 奇异值量化时间: 0.2291 秒
angle bits: 3
SVD 量化时间: 0.0041 秒
cluster: 2
group_size: 128
cluster Quantizing weight with shape: torch.Size([256, 128])
cluster: 2
group_size: 128
cluster Quantizing weight with shape: torch.Size([256, 128])
SVD 奇异值量化时间: 0.2351 秒
angle bits: 3
SVD 量化时间: 0.0041 秒
cluster: 2
group_size: 128
cluster Quantizing weight with shape: torch.Size([256, 128])
cluster: 2
group_size: 128
cluster Quantizing weight with shape: torch.Size([256, 128])
SVD 奇异值量化时间: 0.2290 秒
angle bits: 3
SVD 量化时间: 0.0041 秒
cluster: 2
group_size: 128
cluster Quantizing weight with shape: torch.Size([256, 128])
cluster: 2
group_size: 128
cluster Quantizing weight with shape: torch.Size([256, 128])
SVD 奇异值量化时间: 0.2313 秒
angle bits: 3
SVD 量化时间: 0.0041 秒
cluster: 2
group_size: 128
cluster Quantizing weight with shape: torch.Size([256, 128])
cluster: 2
group_size: 128
cluster Quantizing weight with shape: torch.Size([256, 128])
SVD 奇异值量化时间: 0.2413 秒
angle bits: 3
SVD 量化时间: 0.0041 秒
cluster: 2
group_size: 128
cluster Quantizing weight with shape: torch.Size([256, 128])
cluster: 2
group_size: 128
cluster Quantizing weight with shape: torch.Size([256, 128])
SVD 奇异值量化时间: 0.2436 秒
angle bits: 3
SVD 量化时间: 0.0042 秒
cluster: 2
group_size: 128
cluster Quantizing weight with shape: torch.Size([256, 128])
cluster: 2
group_size: 128
cluster Quantizing weight with shape: torch.Size([256, 128])
SVD 奇异值量化时间: 0.2404 秒
angle bits: 3
SVD 量化时间: 0.0042 秒
cluster: 2
group_size: 128
cluster Quantizing weight with shape: torch.Size([256, 128])
cluster: 2
group_size: 128
cluster Quantizing weight with shape: torch.Size([256, 128])
SVD 奇异值量化时间: 0.2405 秒
14 self_attn.v_proj
Quantizing ...
使用blocksize: 128进行量化
angle bits: 3
SVD 量化时间: 0.0041 秒
cluster: 2
group_size: 128
cluster Quantizing weight with shape: torch.Size([256, 128])
cluster: 2
group_size: 128
cluster Quantizing weight with shape: torch.Size([256, 128])
SVD 奇异值量化时间: 0.2409 秒
angle bits: 3
SVD 量化时间: 0.0041 秒
cluster: 2
group_size: 128
cluster Quantizing weight with shape: torch.Size([256, 128])
cluster: 2
group_size: 128
cluster Quantizing weight with shape: torch.Size([256, 128])
SVD 奇异值量化时间: 0.2496 秒
angle bits: 3
SVD 量化时间: 0.0042 秒
cluster: 2
group_size: 128
cluster Quantizing weight with shape: torch.Size([256, 128])
cluster: 2
group_size: 128
cluster Quantizing weight with shape: torch.Size([256, 128])
SVD 奇异值量化时间: 0.2430 秒
angle bits: 3
SVD 量化时间: 0.0042 秒
cluster: 2
group_size: 128
cluster Quantizing weight with shape: torch.Size([256, 128])
cluster: 2
group_size: 128
cluster Quantizing weight with shape: torch.Size([256, 128])
SVD 奇异值量化时间: 0.2445 秒
angle bits: 3
SVD 量化时间: 0.0041 秒
cluster: 2
group_size: 128
cluster Quantizing weight with shape: torch.Size([256, 128])
cluster: 2
group_size: 128
cluster Quantizing weight with shape: torch.Size([256, 128])
SVD 奇异值量化时间: 0.2403 秒
angle bits: 3
SVD 量化时间: 0.0041 秒
cluster: 2
group_size: 128
cluster Quantizing weight with shape: torch.Size([256, 128])
cluster: 2
group_size: 128
cluster Quantizing weight with shape: torch.Size([256, 128])
SVD 奇异值量化时间: 0.2394 秒
angle bits: 3
SVD 量化时间: 0.0042 秒
cluster: 2
group_size: 128
cluster Quantizing weight with shape: torch.Size([256, 128])
cluster: 2
group_size: 128
cluster Quantizing weight with shape: torch.Size([256, 128])
SVD 奇异值量化时间: 0.2411 秒
angle bits: 3
SVD 量化时间: 0.0041 秒
cluster: 2
group_size: 128
cluster Quantizing weight with shape: torch.Size([256, 128])
cluster: 2
group_size: 128
cluster Quantizing weight with shape: torch.Size([256, 128])
SVD 奇异值量化时间: 0.2410 秒
14 self_attn.q_proj
Quantizing ...
使用blocksize: 128进行量化
angle bits: 3
SVD 量化时间: 0.0040 秒
cluster: 2
group_size: 128
cluster Quantizing weight with shape: torch.Size([256, 128])
cluster: 2
group_size: 128
cluster Quantizing weight with shape: torch.Size([256, 128])
SVD 奇异值量化时间: 0.2390 秒
angle bits: 3
SVD 量化时间: 0.0042 秒
cluster: 2
group_size: 128
cluster Quantizing weight with shape: torch.Size([256, 128])
cluster: 2
group_size: 128
cluster Quantizing weight with shape: torch.Size([256, 128])
SVD 奇异值量化时间: 0.2435 秒
angle bits: 3
SVD 量化时间: 0.0043 秒
cluster: 2
group_size: 128
cluster Quantizing weight with shape: torch.Size([256, 128])
cluster: 2
group_size: 128
cluster Quantizing weight with shape: torch.Size([256, 128])
SVD 奇异值量化时间: 0.2409 秒
angle bits: 3
SVD 量化时间: 0.0042 秒
cluster: 2
group_size: 128
cluster Quantizing weight with shape: torch.Size([256, 128])
cluster: 2
group_size: 128
cluster Quantizing weight with shape: torch.Size([256, 128])
SVD 奇异值量化时间: 0.2405 秒
angle bits: 3
SVD 量化时间: 0.0042 秒
cluster: 2
group_size: 128
cluster Quantizing weight with shape: torch.Size([256, 128])
cluster: 2
group_size: 128
cluster Quantizing weight with shape: torch.Size([256, 128])
SVD 奇异值量化时间: 0.2461 秒
angle bits: 3
SVD 量化时间: 0.0041 秒
cluster: 2
group_size: 128
cluster Quantizing weight with shape: torch.Size([256, 128])
cluster: 2
group_size: 128
cluster Quantizing weight with shape: torch.Size([256, 128])
SVD 奇异值量化时间: 0.2400 秒
angle bits: 3
SVD 量化时间: 0.0046 秒
cluster: 2
group_size: 128
cluster Quantizing weight with shape: torch.Size([256, 128])
cluster: 2
group_size: 128
cluster Quantizing weight with shape: torch.Size([256, 128])
SVD 奇异值量化时间: 0.2425 秒
angle bits: 3
SVD 量化时间: 0.0042 秒
cluster: 2
group_size: 128
cluster Quantizing weight with shape: torch.Size([256, 128])
cluster: 2
group_size: 128
cluster Quantizing weight with shape: torch.Size([256, 128])
SVD 奇异值量化时间: 0.2393 秒
14 self_attn.out_proj
Quantizing ...
使用blocksize: 128进行量化
angle bits: 3
SVD 量化时间: 0.0038 秒
cluster: 2
group_size: 128
cluster Quantizing weight with shape: torch.Size([256, 128])
cluster: 2
group_size: 128
cluster Quantizing weight with shape: torch.Size([256, 128])
SVD 奇异值量化时间: 0.2366 秒
angle bits: 3
SVD 量化时间: 0.0042 秒
cluster: 2
group_size: 128
cluster Quantizing weight with shape: torch.Size([256, 128])
cluster: 2
group_size: 128
cluster Quantizing weight with shape: torch.Size([256, 128])
SVD 奇异值量化时间: 0.2464 秒
angle bits: 3
SVD 量化时间: 0.0042 秒
cluster: 2
group_size: 128
cluster Quantizing weight with shape: torch.Size([256, 128])
cluster: 2
group_size: 128
cluster Quantizing weight with shape: torch.Size([256, 128])
SVD 奇异值量化时间: 0.2439 秒
angle bits: 3
SVD 量化时间: 0.0042 秒
cluster: 2
group_size: 128
cluster Quantizing weight with shape: torch.Size([256, 128])
cluster: 2
group_size: 128
cluster Quantizing weight with shape: torch.Size([256, 128])
SVD 奇异值量化时间: 0.2404 秒
angle bits: 3
SVD 量化时间: 0.0042 秒
cluster: 2
group_size: 128
cluster Quantizing weight with shape: torch.Size([256, 128])
cluster: 2
group_size: 128
cluster Quantizing weight with shape: torch.Size([256, 128])
SVD 奇异值量化时间: 0.2385 秒
angle bits: 3
SVD 量化时间: 0.0042 秒
cluster: 2
group_size: 128
cluster Quantizing weight with shape: torch.Size([256, 128])
cluster: 2
group_size: 128
cluster Quantizing weight with shape: torch.Size([256, 128])
SVD 奇异值量化时间: 0.2392 秒
angle bits: 3
SVD 量化时间: 0.0041 秒
cluster: 2
group_size: 128
cluster Quantizing weight with shape: torch.Size([256, 128])
cluster: 2
group_size: 128
cluster Quantizing weight with shape: torch.Size([256, 128])
SVD 奇异值量化时间: 0.2410 秒
angle bits: 3
SVD 量化时间: 0.0042 秒
cluster: 2
group_size: 128
cluster Quantizing weight with shape: torch.Size([256, 128])
cluster: 2
group_size: 128
cluster Quantizing weight with shape: torch.Size([256, 128])
SVD 奇异值量化时间: 0.2397 秒
14 fc1
Quantizing ...
使用blocksize: 128进行量化
angle bits: 3
SVD 量化时间: 0.0135 秒
cluster: 2
group_size: 128
cluster Quantizing weight with shape: torch.Size([1024, 128])
cluster: 2
group_size: 128
cluster Quantizing weight with shape: torch.Size([1024, 128])
SVD 奇异值量化时间: 0.9474 秒
angle bits: 3
SVD 量化时间: 0.0149 秒
cluster: 2
group_size: 128
cluster Quantizing weight with shape: torch.Size([1024, 128])
cluster: 2
group_size: 128
cluster Quantizing weight with shape: torch.Size([1024, 128])
SVD 奇异值量化时间: 0.9295 秒
angle bits: 3
SVD 量化时间: 0.0149 秒
cluster: 2
group_size: 128
cluster Quantizing weight with shape: torch.Size([1024, 128])
cluster: 2
group_size: 128
cluster Quantizing weight with shape: torch.Size([1024, 128])
SVD 奇异值量化时间: 0.9575 秒
angle bits: 3
SVD 量化时间: 0.0148 秒
cluster: 2
group_size: 128
cluster Quantizing weight with shape: torch.Size([1024, 128])
cluster: 2
group_size: 128
cluster Quantizing weight with shape: torch.Size([1024, 128])
SVD 奇异值量化时间: 0.9367 秒
angle bits: 3
SVD 量化时间: 0.0148 秒
cluster: 2
group_size: 128
cluster Quantizing weight with shape: torch.Size([1024, 128])
cluster: 2
group_size: 128
cluster Quantizing weight with shape: torch.Size([1024, 128])
SVD 奇异值量化时间: 0.9327 秒
angle bits: 3
SVD 量化时间: 0.0148 秒
cluster: 2
group_size: 128
cluster Quantizing weight with shape: torch.Size([1024, 128])
cluster: 2
group_size: 128
cluster Quantizing weight with shape: torch.Size([1024, 128])
SVD 奇异值量化时间: 0.9307 秒
angle bits: 3
SVD 量化时间: 0.0149 秒
cluster: 2
group_size: 128
cluster Quantizing weight with shape: torch.Size([1024, 128])
cluster: 2
group_size: 128
cluster Quantizing weight with shape: torch.Size([1024, 128])
SVD 奇异值量化时间: 0.9351 秒
angle bits: 3
SVD 量化时间: 0.0149 秒
cluster: 2
group_size: 128
cluster Quantizing weight with shape: torch.Size([1024, 128])
cluster: 2
group_size: 128
cluster Quantizing weight with shape: torch.Size([1024, 128])
SVD 奇异值量化时间: 0.9386 秒
14 fc2
Quantizing ...
使用blocksize: 128进行量化
angle bits: 3
SVD 量化时间: 0.0038 秒
cluster: 2
group_size: 128
cluster Quantizing weight with shape: torch.Size([256, 128])
cluster: 2
group_size: 128
cluster Quantizing weight with shape: torch.Size([256, 128])
SVD 奇异值量化时间: 0.2324 秒
angle bits: 3
SVD 量化时间: 0.0042 秒
cluster: 2
group_size: 128
cluster Quantizing weight with shape: torch.Size([256, 128])
cluster: 2
group_size: 128
cluster Quantizing weight with shape: torch.Size([256, 128])
SVD 奇异值量化时间: 0.2393 秒
angle bits: 3
SVD 量化时间: 0.0042 秒
cluster: 2
group_size: 128
cluster Quantizing weight with shape: torch.Size([256, 128])
cluster: 2
group_size: 128
cluster Quantizing weight with shape: torch.Size([256, 128])
SVD 奇异值量化时间: 0.2321 秒
angle bits: 3
SVD 量化时间: 0.0042 秒
cluster: 2
group_size: 128
cluster Quantizing weight with shape: torch.Size([256, 128])
cluster: 2
group_size: 128
cluster Quantizing weight with shape: torch.Size([256, 128])
SVD 奇异值量化时间: 0.2336 秒
angle bits: 3
SVD 量化时间: 0.0041 秒
cluster: 2
group_size: 128
cluster Quantizing weight with shape: torch.Size([256, 128])
cluster: 2
group_size: 128
cluster Quantizing weight with shape: torch.Size([256, 128])
SVD 奇异值量化时间: 0.2328 秒
angle bits: 3
SVD 量化时间: 0.0041 秒
cluster: 2
group_size: 128
cluster Quantizing weight with shape: torch.Size([256, 128])
cluster: 2
group_size: 128
cluster Quantizing weight with shape: torch.Size([256, 128])
SVD 奇异值量化时间: 0.2365 秒
angle bits: 3
SVD 量化时间: 0.0042 秒
cluster: 2
group_size: 128
cluster Quantizing weight with shape: torch.Size([256, 128])
cluster: 2
group_size: 128
cluster Quantizing weight with shape: torch.Size([256, 128])
SVD 奇异值量化时间: 0.2318 秒
angle bits: 3
SVD 量化时间: 0.0041 秒
cluster: 2
group_size: 128
cluster Quantizing weight with shape: torch.Size([256, 128])
cluster: 2
group_size: 128
cluster Quantizing weight with shape: torch.Size([256, 128])
SVD 奇异值量化时间: 0.2328 秒
angle bits: 3
SVD 量化时间: 0.0041 秒
cluster: 2
group_size: 128
cluster Quantizing weight with shape: torch.Size([256, 128])
cluster: 2
group_size: 128
cluster Quantizing weight with shape: torch.Size([256, 128])
SVD 奇异值量化时间: 0.2328 秒
angle bits: 3
SVD 量化时间: 0.0041 秒
cluster: 2
group_size: 128
cluster Quantizing weight with shape: torch.Size([256, 128])
cluster: 2
group_size: 128
cluster Quantizing weight with shape: torch.Size([256, 128])
SVD 奇异值量化时间: 0.2348 秒
angle bits: 3
SVD 量化时间: 0.0041 秒
cluster: 2
group_size: 128
cluster Quantizing weight with shape: torch.Size([256, 128])
cluster: 2
group_size: 128
cluster Quantizing weight with shape: torch.Size([256, 128])
SVD 奇异值量化时间: 0.2342 秒
angle bits: 3
SVD 量化时间: 0.0041 秒
cluster: 2
group_size: 128
cluster Quantizing weight with shape: torch.Size([256, 128])
cluster: 2
group_size: 128
cluster Quantizing weight with shape: torch.Size([256, 128])
SVD 奇异值量化时间: 0.2321 秒
angle bits: 3
SVD 量化时间: 0.0041 秒
cluster: 2
group_size: 128
cluster Quantizing weight with shape: torch.Size([256, 128])
cluster: 2
group_size: 128
cluster Quantizing weight with shape: torch.Size([256, 128])
SVD 奇异值量化时间: 0.2333 秒
angle bits: 3
SVD 量化时间: 0.0041 秒
cluster: 2
group_size: 128
cluster Quantizing weight with shape: torch.Size([256, 128])
cluster: 2
group_size: 128
cluster Quantizing weight with shape: torch.Size([256, 128])
SVD 奇异值量化时间: 0.2379 秒
angle bits: 3
SVD 量化时间: 0.0042 秒
cluster: 2
group_size: 128
cluster Quantizing weight with shape: torch.Size([256, 128])
cluster: 2
group_size: 128
cluster Quantizing weight with shape: torch.Size([256, 128])
SVD 奇异值量化时间: 0.2384 秒
angle bits: 3
SVD 量化时间: 0.0042 秒
cluster: 2
group_size: 128
cluster Quantizing weight with shape: torch.Size([256, 128])
cluster: 2
group_size: 128
cluster Quantizing weight with shape: torch.Size([256, 128])
SVD 奇异值量化时间: 0.2328 秒
angle bits: 3
SVD 量化时间: 0.0041 秒
cluster: 2
group_size: 128
cluster Quantizing weight with shape: torch.Size([256, 128])
cluster: 2
group_size: 128
cluster Quantizing weight with shape: torch.Size([256, 128])
SVD 奇异值量化时间: 0.2356 秒
angle bits: 3
SVD 量化时间: 0.0041 秒
cluster: 2
group_size: 128
cluster Quantizing weight with shape: torch.Size([256, 128])
cluster: 2
group_size: 128
cluster Quantizing weight with shape: torch.Size([256, 128])
SVD 奇异值量化时间: 0.2326 秒
angle bits: 3
SVD 量化时间: 0.0041 秒
cluster: 2
group_size: 128
cluster Quantizing weight with shape: torch.Size([256, 128])
cluster: 2
group_size: 128
cluster Quantizing weight with shape: torch.Size([256, 128])
SVD 奇异值量化时间: 0.2410 秒
angle bits: 3
SVD 量化时间: 0.0041 秒
cluster: 2
group_size: 128
cluster Quantizing weight with shape: torch.Size([256, 128])
cluster: 2
group_size: 128
cluster Quantizing weight with shape: torch.Size([256, 128])
SVD 奇异值量化时间: 0.2326 秒
angle bits: 3
SVD 量化时间: 0.0041 秒
cluster: 2
group_size: 128
cluster Quantizing weight with shape: torch.Size([256, 128])
cluster: 2
group_size: 128
cluster Quantizing weight with shape: torch.Size([256, 128])
SVD 奇异值量化时间: 0.2318 秒
angle bits: 3
SVD 量化时间: 0.0041 秒
cluster: 2
group_size: 128
cluster Quantizing weight with shape: torch.Size([256, 128])
cluster: 2
group_size: 128
cluster Quantizing weight with shape: torch.Size([256, 128])
SVD 奇异值量化时间: 0.2326 秒
angle bits: 3
SVD 量化时间: 0.0041 秒
cluster: 2
group_size: 128
cluster Quantizing weight with shape: torch.Size([256, 128])
cluster: 2
group_size: 128
cluster Quantizing weight with shape: torch.Size([256, 128])
SVD 奇异值量化时间: 0.2368 秒
angle bits: 3
SVD 量化时间: 0.0041 秒
cluster: 2
group_size: 128
cluster Quantizing weight with shape: torch.Size([256, 128])
cluster: 2
group_size: 128
cluster Quantizing weight with shape: torch.Size([256, 128])
SVD 奇异值量化时间: 0.2366 秒
angle bits: 3
SVD 量化时间: 0.0041 秒
cluster: 2
group_size: 128
cluster Quantizing weight with shape: torch.Size([256, 128])
cluster: 2
group_size: 128
cluster Quantizing weight with shape: torch.Size([256, 128])
SVD 奇异值量化时间: 0.2316 秒
angle bits: 3
SVD 量化时间: 0.0041 秒
cluster: 2
group_size: 128
cluster Quantizing weight with shape: torch.Size([256, 128])
cluster: 2
group_size: 128
cluster Quantizing weight with shape: torch.Size([256, 128])
SVD 奇异值量化时间: 0.2354 秒
angle bits: 3
SVD 量化时间: 0.0041 秒
cluster: 2
group_size: 128
cluster Quantizing weight with shape: torch.Size([256, 128])
cluster: 2
group_size: 128
cluster Quantizing weight with shape: torch.Size([256, 128])
SVD 奇异值量化时间: 0.2337 秒
angle bits: 3
SVD 量化时间: 0.0041 秒
cluster: 2
group_size: 128
cluster Quantizing weight with shape: torch.Size([256, 128])
cluster: 2
group_size: 128
cluster Quantizing weight with shape: torch.Size([256, 128])
SVD 奇异值量化时间: 0.2381 秒
angle bits: 3
SVD 量化时间: 0.0041 秒
cluster: 2
group_size: 128
cluster Quantizing weight with shape: torch.Size([256, 128])
cluster: 2
group_size: 128
cluster Quantizing weight with shape: torch.Size([256, 128])
SVD 奇异值量化时间: 0.2324 秒
angle bits: 3
SVD 量化时间: 0.0041 秒
cluster: 2
group_size: 128
cluster Quantizing weight with shape: torch.Size([256, 128])
cluster: 2
group_size: 128
cluster Quantizing weight with shape: torch.Size([256, 128])
SVD 奇异值量化时间: 0.2328 秒
angle bits: 3
SVD 量化时间: 0.0041 秒
cluster: 2
group_size: 128
cluster Quantizing weight with shape: torch.Size([256, 128])
cluster: 2
group_size: 128
cluster Quantizing weight with shape: torch.Size([256, 128])
SVD 奇异值量化时间: 0.2326 秒
angle bits: 3
SVD 量化时间: 0.0041 秒
cluster: 2
group_size: 128
cluster Quantizing weight with shape: torch.Size([256, 128])
cluster: 2
group_size: 128
cluster Quantizing weight with shape: torch.Size([256, 128])
SVD 奇异值量化时间: 0.2355 秒
15 self_attn.k_proj
Quantizing ...
使用blocksize: 128进行量化
angle bits: 3
SVD 量化时间: 0.0040 秒
cluster: 2
group_size: 128
cluster Quantizing weight with shape: torch.Size([256, 128])
cluster: 2
group_size: 128
cluster Quantizing weight with shape: torch.Size([256, 128])
SVD 奇异值量化时间: 0.2310 秒
angle bits: 3
SVD 量化时间: 0.0041 秒
cluster: 2
group_size: 128
cluster Quantizing weight with shape: torch.Size([256, 128])
cluster: 2
group_size: 128
cluster Quantizing weight with shape: torch.Size([256, 128])
SVD 奇异值量化时间: 0.2294 秒
angle bits: 3
SVD 量化时间: 0.0041 秒
cluster: 2
group_size: 128
cluster Quantizing weight with shape: torch.Size([256, 128])
cluster: 2
group_size: 128
cluster Quantizing weight with shape: torch.Size([256, 128])
SVD 奇异值量化时间: 0.2344 秒
angle bits: 3
SVD 量化时间: 0.0041 秒
cluster: 2
group_size: 128
cluster Quantizing weight with shape: torch.Size([256, 128])
cluster: 2
group_size: 128
cluster Quantizing weight with shape: torch.Size([256, 128])
SVD 奇异值量化时间: 0.2289 秒
angle bits: 3
SVD 量化时间: 0.0041 秒
cluster: 2
group_size: 128
cluster Quantizing weight with shape: torch.Size([256, 128])
cluster: 2
group_size: 128
cluster Quantizing weight with shape: torch.Size([256, 128])
SVD 奇异值量化时间: 0.2291 秒
angle bits: 3
SVD 量化时间: 0.0041 秒
cluster: 2
group_size: 128
cluster Quantizing weight with shape: torch.Size([256, 128])
cluster: 2
group_size: 128
cluster Quantizing weight with shape: torch.Size([256, 128])
SVD 奇异值量化时间: 0.2361 秒
angle bits: 3
SVD 量化时间: 0.0042 秒
cluster: 2
group_size: 128
cluster Quantizing weight with shape: torch.Size([256, 128])
cluster: 2
group_size: 128
cluster Quantizing weight with shape: torch.Size([256, 128])
SVD 奇异值量化时间: 0.2389 秒
angle bits: 3
SVD 量化时间: 0.0041 秒
cluster: 2
group_size: 128
cluster Quantizing weight with shape: torch.Size([256, 128])
cluster: 2
group_size: 128
cluster Quantizing weight with shape: torch.Size([256, 128])
SVD 奇异值量化时间: 0.2297 秒
15 self_attn.v_proj
Quantizing ...
使用blocksize: 128进行量化
angle bits: 3
SVD 量化时间: 0.0040 秒
cluster: 2
group_size: 128
cluster Quantizing weight with shape: torch.Size([256, 128])
cluster: 2
group_size: 128
cluster Quantizing weight with shape: torch.Size([256, 128])
SVD 奇异值量化时间: 0.2290 秒
angle bits: 3
SVD 量化时间: 0.0041 秒
cluster: 2
group_size: 128
cluster Quantizing weight with shape: torch.Size([256, 128])
cluster: 2
group_size: 128
cluster Quantizing weight with shape: torch.Size([256, 128])
SVD 奇异值量化时间: 0.2324 秒
angle bits: 3
SVD 量化时间: 0.0041 秒
cluster: 2
group_size: 128
cluster Quantizing weight with shape: torch.Size([256, 128])
cluster: 2
group_size: 128
cluster Quantizing weight with shape: torch.Size([256, 128])
SVD 奇异值量化时间: 0.2313 秒
angle bits: 3
SVD 量化时间: 0.0041 秒
cluster: 2
group_size: 128
cluster Quantizing weight with shape: torch.Size([256, 128])
cluster: 2
group_size: 128
cluster Quantizing weight with shape: torch.Size([256, 128])
SVD 奇异值量化时间: 0.2324 秒
angle bits: 3
SVD 量化时间: 0.0041 秒
cluster: 2
group_size: 128
cluster Quantizing weight with shape: torch.Size([256, 128])
cluster: 2
group_size: 128
cluster Quantizing weight with shape: torch.Size([256, 128])
SVD 奇异值量化时间: 0.2313 秒
angle bits: 3
SVD 量化时间: 0.0042 秒
cluster: 2
group_size: 128
cluster Quantizing weight with shape: torch.Size([256, 128])
cluster: 2
group_size: 128
cluster Quantizing weight with shape: torch.Size([256, 128])
SVD 奇异值量化时间: 0.2333 秒
angle bits: 3
SVD 量化时间: 0.0042 秒
cluster: 2
group_size: 128
cluster Quantizing weight with shape: torch.Size([256, 128])
cluster: 2
group_size: 128
cluster Quantizing weight with shape: torch.Size([256, 128])
SVD 奇异值量化时间: 0.2340 秒
angle bits: 3
SVD 量化时间: 0.0041 秒
cluster: 2
group_size: 128
cluster Quantizing weight with shape: torch.Size([256, 128])
cluster: 2
group_size: 128
cluster Quantizing weight with shape: torch.Size([256, 128])
SVD 奇异值量化时间: 0.2364 秒
15 self_attn.q_proj
Quantizing ...
使用blocksize: 128进行量化
angle bits: 3
SVD 量化时间: 0.0040 秒
cluster: 2
group_size: 128
cluster Quantizing weight with shape: torch.Size([256, 128])
cluster: 2
group_size: 128
cluster Quantizing weight with shape: torch.Size([256, 128])
SVD 奇异值量化时间: 0.2307 秒
angle bits: 3
SVD 量化时间: 0.0041 秒
cluster: 2
group_size: 128
cluster Quantizing weight with shape: torch.Size([256, 128])
cluster: 2
group_size: 128
cluster Quantizing weight with shape: torch.Size([256, 128])
SVD 奇异值量化时间: 0.2293 秒
angle bits: 3
SVD 量化时间: 0.0041 秒
cluster: 2
group_size: 128
cluster Quantizing weight with shape: torch.Size([256, 128])
cluster: 2
group_size: 128
cluster Quantizing weight with shape: torch.Size([256, 128])
SVD 奇异值量化时间: 0.2304 秒
angle bits: 3
SVD 量化时间: 0.0041 秒
cluster: 2
group_size: 128
cluster Quantizing weight with shape: torch.Size([256, 128])
cluster: 2
group_size: 128
cluster Quantizing weight with shape: torch.Size([256, 128])
SVD 奇异值量化时间: 0.2325 秒
angle bits: 3
SVD 量化时间: 0.0041 秒
cluster: 2
group_size: 128
cluster Quantizing weight with shape: torch.Size([256, 128])
cluster: 2
group_size: 128
cluster Quantizing weight with shape: torch.Size([256, 128])
SVD 奇异值量化时间: 0.2310 秒
angle bits: 3
SVD 量化时间: 0.0041 秒
cluster: 2
group_size: 128
cluster Quantizing weight with shape: torch.Size([256, 128])
cluster: 2
group_size: 128
cluster Quantizing weight with shape: torch.Size([256, 128])
SVD 奇异值量化时间: 0.2279 秒
angle bits: 3
SVD 量化时间: 0.0041 秒
cluster: 2
group_size: 128
cluster Quantizing weight with shape: torch.Size([256, 128])
cluster: 2
group_size: 128
cluster Quantizing weight with shape: torch.Size([256, 128])
SVD 奇异值量化时间: 0.2302 秒
angle bits: 3
SVD 量化时间: 0.0041 秒
cluster: 2
group_size: 128
cluster Quantizing weight with shape: torch.Size([256, 128])
cluster: 2
group_size: 128
cluster Quantizing weight with shape: torch.Size([256, 128])
SVD 奇异值量化时间: 0.2318 秒
15 self_attn.out_proj
Quantizing ...
使用blocksize: 128进行量化
angle bits: 3
SVD 量化时间: 0.0037 秒
cluster: 2
group_size: 128
cluster Quantizing weight with shape: torch.Size([256, 128])
cluster: 2
group_size: 128
cluster Quantizing weight with shape: torch.Size([256, 128])
SVD 奇异值量化时间: 0.2349 秒
angle bits: 3
SVD 量化时间: 0.0041 秒
cluster: 2
group_size: 128
cluster Quantizing weight with shape: torch.Size([256, 128])
cluster: 2
group_size: 128
cluster Quantizing weight with shape: torch.Size([256, 128])
SVD 奇异值量化时间: 0.2302 秒
angle bits: 3
SVD 量化时间: 0.0041 秒
cluster: 2
group_size: 128
cluster Quantizing weight with shape: torch.Size([256, 128])
cluster: 2
group_size: 128
cluster Quantizing weight with shape: torch.Size([256, 128])
SVD 奇异值量化时间: 0.2349 秒
angle bits: 3
SVD 量化时间: 0.0042 秒
cluster: 2
group_size: 128
cluster Quantizing weight with shape: torch.Size([256, 128])
cluster: 2
group_size: 128
cluster Quantizing weight with shape: torch.Size([256, 128])
SVD 奇异值量化时间: 0.2366 秒
angle bits: 3
SVD 量化时间: 0.0041 秒
cluster: 2
group_size: 128
cluster Quantizing weight with shape: torch.Size([256, 128])
cluster: 2
group_size: 128
cluster Quantizing weight with shape: torch.Size([256, 128])
SVD 奇异值量化时间: 0.2363 秒
angle bits: 3
SVD 量化时间: 0.0042 秒
cluster: 2
group_size: 128
cluster Quantizing weight with shape: torch.Size([256, 128])
cluster: 2
group_size: 128
cluster Quantizing weight with shape: torch.Size([256, 128])
SVD 奇异值量化时间: 0.2289 秒
angle bits: 3
SVD 量化时间: 0.0041 秒
cluster: 2
group_size: 128
cluster Quantizing weight with shape: torch.Size([256, 128])
cluster: 2
group_size: 128
cluster Quantizing weight with shape: torch.Size([256, 128])
SVD 奇异值量化时间: 0.2293 秒
angle bits: 3
SVD 量化时间: 0.0041 秒
cluster: 2
group_size: 128
cluster Quantizing weight with shape: torch.Size([256, 128])
cluster: 2
group_size: 128
cluster Quantizing weight with shape: torch.Size([256, 128])
SVD 奇异值量化时间: 0.2323 秒
15 fc1
Quantizing ...
使用blocksize: 128进行量化
angle bits: 3
SVD 量化时间: 0.0133 秒
cluster: 2
group_size: 128
cluster Quantizing weight with shape: torch.Size([1024, 128])
cluster: 2
group_size: 128
cluster Quantizing weight with shape: torch.Size([1024, 128])
SVD 奇异值量化时间: 0.9245 秒
angle bits: 3
SVD 量化时间: 0.0149 秒
cluster: 2
group_size: 128
cluster Quantizing weight with shape: torch.Size([1024, 128])
cluster: 2
group_size: 128
cluster Quantizing weight with shape: torch.Size([1024, 128])
SVD 奇异值量化时间: 0.9195 秒
angle bits: 3
SVD 量化时间: 0.0150 秒
cluster: 2
group_size: 128
cluster Quantizing weight with shape: torch.Size([1024, 128])
cluster: 2
group_size: 128
cluster Quantizing weight with shape: torch.Size([1024, 128])
SVD 奇异值量化时间: 0.9237 秒
angle bits: 3
SVD 量化时间: 0.0149 秒
cluster: 2
group_size: 128
cluster Quantizing weight with shape: torch.Size([1024, 128])
cluster: 2
group_size: 128
cluster Quantizing weight with shape: torch.Size([1024, 128])
SVD 奇异值量化时间: 0.9293 秒
angle bits: 3
SVD 量化时间: 0.0147 秒
cluster: 2
group_size: 128
cluster Quantizing weight with shape: torch.Size([1024, 128])
cluster: 2
group_size: 128
cluster Quantizing weight with shape: torch.Size([1024, 128])
SVD 奇异值量化时间: 0.9317 秒
angle bits: 3
SVD 量化时间: 0.0149 秒
cluster: 2
group_size: 128
cluster Quantizing weight with shape: torch.Size([1024, 128])
cluster: 2
group_size: 128
cluster Quantizing weight with shape: torch.Size([1024, 128])
SVD 奇异值量化时间: 0.9340 秒
angle bits: 3
SVD 量化时间: 0.0148 秒
cluster: 2
group_size: 128
cluster Quantizing weight with shape: torch.Size([1024, 128])
cluster: 2
group_size: 128
cluster Quantizing weight with shape: torch.Size([1024, 128])
SVD 奇异值量化时间: 0.9245 秒
angle bits: 3
SVD 量化时间: 0.0149 秒
cluster: 2
group_size: 128
cluster Quantizing weight with shape: torch.Size([1024, 128])
cluster: 2
group_size: 128
cluster Quantizing weight with shape: torch.Size([1024, 128])
SVD 奇异值量化时间: 0.9298 秒
15 fc2
Quantizing ...
使用blocksize: 128进行量化
angle bits: 3
SVD 量化时间: 0.0038 秒
cluster: 2
group_size: 128
cluster Quantizing weight with shape: torch.Size([256, 128])
cluster: 2
group_size: 128
cluster Quantizing weight with shape: torch.Size([256, 128])
SVD 奇异值量化时间: 0.2330 秒
angle bits: 3
SVD 量化时间: 0.0042 秒
cluster: 2
group_size: 128
cluster Quantizing weight with shape: torch.Size([256, 128])
cluster: 2
group_size: 128
cluster Quantizing weight with shape: torch.Size([256, 128])
SVD 奇异值量化时间: 0.2312 秒
angle bits: 3
SVD 量化时间: 0.0041 秒
cluster: 2
group_size: 128
cluster Quantizing weight with shape: torch.Size([256, 128])
cluster: 2
group_size: 128
cluster Quantizing weight with shape: torch.Size([256, 128])
SVD 奇异值量化时间: 0.2304 秒
angle bits: 3
SVD 量化时间: 0.0041 秒
cluster: 2
group_size: 128
cluster Quantizing weight with shape: torch.Size([256, 128])
cluster: 2
group_size: 128
cluster Quantizing weight with shape: torch.Size([256, 128])
SVD 奇异值量化时间: 0.2322 秒
angle bits: 3
SVD 量化时间: 0.0042 秒
cluster: 2
group_size: 128
cluster Quantizing weight with shape: torch.Size([256, 128])
cluster: 2
group_size: 128
cluster Quantizing weight with shape: torch.Size([256, 128])
SVD 奇异值量化时间: 0.2393 秒
angle bits: 3
SVD 量化时间: 0.0041 秒
cluster: 2
group_size: 128
cluster Quantizing weight with shape: torch.Size([256, 128])
cluster: 2
group_size: 128
cluster Quantizing weight with shape: torch.Size([256, 128])
SVD 奇异值量化时间: 0.2306 秒
angle bits: 3
SVD 量化时间: 0.0041 秒
cluster: 2
group_size: 128
cluster Quantizing weight with shape: torch.Size([256, 128])
cluster: 2
group_size: 128
cluster Quantizing weight with shape: torch.Size([256, 128])
SVD 奇异值量化时间: 0.2298 秒
angle bits: 3
SVD 量化时间: 0.0041 秒
cluster: 2
group_size: 128
cluster Quantizing weight with shape: torch.Size([256, 128])
cluster: 2
group_size: 128
cluster Quantizing weight with shape: torch.Size([256, 128])
SVD 奇异值量化时间: 0.2301 秒
angle bits: 3
SVD 量化时间: 0.0041 秒
cluster: 2
group_size: 128
cluster Quantizing weight with shape: torch.Size([256, 128])
cluster: 2
group_size: 128
cluster Quantizing weight with shape: torch.Size([256, 128])
SVD 奇异值量化时间: 0.2373 秒
angle bits: 3
SVD 量化时间: 0.0041 秒
cluster: 2
group_size: 128
cluster Quantizing weight with shape: torch.Size([256, 128])
cluster: 2
group_size: 128
cluster Quantizing weight with shape: torch.Size([256, 128])
SVD 奇异值量化时间: 0.2312 秒
angle bits: 3
SVD 量化时间: 0.0041 秒
cluster: 2
group_size: 128
cluster Quantizing weight with shape: torch.Size([256, 128])
cluster: 2
group_size: 128
cluster Quantizing weight with shape: torch.Size([256, 128])
SVD 奇异值量化时间: 0.2293 秒
angle bits: 3
SVD 量化时间: 0.0041 秒
cluster: 2
group_size: 128
cluster Quantizing weight with shape: torch.Size([256, 128])
cluster: 2
group_size: 128
cluster Quantizing weight with shape: torch.Size([256, 128])
SVD 奇异值量化时间: 0.2295 秒
angle bits: 3
SVD 量化时间: 0.0041 秒
cluster: 2
group_size: 128
cluster Quantizing weight with shape: torch.Size([256, 128])
cluster: 2
group_size: 128
cluster Quantizing weight with shape: torch.Size([256, 128])
SVD 奇异值量化时间: 0.2379 秒
angle bits: 3
SVD 量化时间: 0.0042 秒
cluster: 2
group_size: 128
cluster Quantizing weight with shape: torch.Size([256, 128])
cluster: 2
group_size: 128
cluster Quantizing weight with shape: torch.Size([256, 128])
SVD 奇异值量化时间: 0.2361 秒
angle bits: 3
SVD 量化时间: 0.0041 秒
cluster: 2
group_size: 128
cluster Quantizing weight with shape: torch.Size([256, 128])
cluster: 2
group_size: 128
cluster Quantizing weight with shape: torch.Size([256, 128])
SVD 奇异值量化时间: 0.2322 秒
angle bits: 3
SVD 量化时间: 0.0041 秒
cluster: 2
group_size: 128
cluster Quantizing weight with shape: torch.Size([256, 128])
cluster: 2
group_size: 128
cluster Quantizing weight with shape: torch.Size([256, 128])
SVD 奇异值量化时间: 0.2330 秒
angle bits: 3
SVD 量化时间: 0.0042 秒
cluster: 2
group_size: 128
cluster Quantizing weight with shape: torch.Size([256, 128])
cluster: 2
group_size: 128
cluster Quantizing weight with shape: torch.Size([256, 128])
SVD 奇异值量化时间: 0.2316 秒
angle bits: 3
SVD 量化时间: 0.0041 秒
cluster: 2
group_size: 128
cluster Quantizing weight with shape: torch.Size([256, 128])
cluster: 2
group_size: 128
cluster Quantizing weight with shape: torch.Size([256, 128])
SVD 奇异值量化时间: 0.2381 秒
angle bits: 3
SVD 量化时间: 0.0041 秒
cluster: 2
group_size: 128
cluster Quantizing weight with shape: torch.Size([256, 128])
cluster: 2
group_size: 128
cluster Quantizing weight with shape: torch.Size([256, 128])
SVD 奇异值量化时间: 0.2314 秒
angle bits: 3
SVD 量化时间: 0.0041 秒
cluster: 2
group_size: 128
cluster Quantizing weight with shape: torch.Size([256, 128])
cluster: 2
group_size: 128
cluster Quantizing weight with shape: torch.Size([256, 128])
SVD 奇异值量化时间: 0.2317 秒
angle bits: 3
SVD 量化时间: 0.0041 秒
cluster: 2
group_size: 128
cluster Quantizing weight with shape: torch.Size([256, 128])
cluster: 2
group_size: 128
cluster Quantizing weight with shape: torch.Size([256, 128])
SVD 奇异值量化时间: 0.2309 秒
angle bits: 3
SVD 量化时间: 0.0041 秒
cluster: 2
group_size: 128
cluster Quantizing weight with shape: torch.Size([256, 128])
cluster: 2
group_size: 128
cluster Quantizing weight with shape: torch.Size([256, 128])
SVD 奇异值量化时间: 0.2371 秒
angle bits: 3
SVD 量化时间: 0.0041 秒
cluster: 2
group_size: 128
cluster Quantizing weight with shape: torch.Size([256, 128])
cluster: 2
group_size: 128
cluster Quantizing weight with shape: torch.Size([256, 128])
SVD 奇异值量化时间: 0.2328 秒
angle bits: 3
SVD 量化时间: 0.0041 秒
cluster: 2
group_size: 128
cluster Quantizing weight with shape: torch.Size([256, 128])
cluster: 2
group_size: 128
cluster Quantizing weight with shape: torch.Size([256, 128])
SVD 奇异值量化时间: 0.2307 秒
angle bits: 3
SVD 量化时间: 0.0041 秒
cluster: 2
group_size: 128
cluster Quantizing weight with shape: torch.Size([256, 128])
cluster: 2
group_size: 128
cluster Quantizing weight with shape: torch.Size([256, 128])
SVD 奇异值量化时间: 0.2309 秒
angle bits: 3
SVD 量化时间: 0.0041 秒
cluster: 2
group_size: 128
cluster Quantizing weight with shape: torch.Size([256, 128])
cluster: 2
group_size: 128
cluster Quantizing weight with shape: torch.Size([256, 128])
SVD 奇异值量化时间: 0.2338 秒
angle bits: 3
SVD 量化时间: 0.0041 秒
cluster: 2
group_size: 128
cluster Quantizing weight with shape: torch.Size([256, 128])
cluster: 2
group_size: 128
cluster Quantizing weight with shape: torch.Size([256, 128])
SVD 奇异值量化时间: 0.2374 秒
angle bits: 3
SVD 量化时间: 0.0041 秒
cluster: 2
group_size: 128
cluster Quantizing weight with shape: torch.Size([256, 128])
cluster: 2
group_size: 128
cluster Quantizing weight with shape: torch.Size([256, 128])
SVD 奇异值量化时间: 0.2317 秒
angle bits: 3
SVD 量化时间: 0.0041 秒
cluster: 2
group_size: 128
cluster Quantizing weight with shape: torch.Size([256, 128])
cluster: 2
group_size: 128
cluster Quantizing weight with shape: torch.Size([256, 128])
SVD 奇异值量化时间: 0.2315 秒
angle bits: 3
SVD 量化时间: 0.0041 秒
cluster: 2
group_size: 128
cluster Quantizing weight with shape: torch.Size([256, 128])
cluster: 2
group_size: 128
cluster Quantizing weight with shape: torch.Size([256, 128])
SVD 奇异值量化时间: 0.2315 秒
angle bits: 3
SVD 量化时间: 0.0041 秒
cluster: 2
group_size: 128
cluster Quantizing weight with shape: torch.Size([256, 128])
cluster: 2
group_size: 128
cluster Quantizing weight with shape: torch.Size([256, 128])
SVD 奇异值量化时间: 0.2381 秒
angle bits: 3
SVD 量化时间: 0.0041 秒
cluster: 2
group_size: 128
cluster Quantizing weight with shape: torch.Size([256, 128])
cluster: 2
group_size: 128
cluster Quantizing weight with shape: torch.Size([256, 128])
SVD 奇异值量化时间: 0.2334 秒
16 self_attn.k_proj
Quantizing ...
使用blocksize: 128进行量化
angle bits: 3
SVD 量化时间: 0.0040 秒
cluster: 2
group_size: 128
cluster Quantizing weight with shape: torch.Size([256, 128])
cluster: 2
group_size: 128
cluster Quantizing weight with shape: torch.Size([256, 128])
SVD 奇异值量化时间: 0.2331 秒
angle bits: 3
SVD 量化时间: 0.0041 秒
cluster: 2
group_size: 128
cluster Quantizing weight with shape: torch.Size([256, 128])
cluster: 2
group_size: 128
cluster Quantizing weight with shape: torch.Size([256, 128])
SVD 奇异值量化时间: 0.2334 秒
angle bits: 3
SVD 量化时间: 0.0042 秒
cluster: 2
group_size: 128
cluster Quantizing weight with shape: torch.Size([256, 128])
cluster: 2
group_size: 128
cluster Quantizing weight with shape: torch.Size([256, 128])
SVD 奇异值量化时间: 0.2347 秒
angle bits: 3
SVD 量化时间: 0.0041 秒
cluster: 2
group_size: 128
cluster Quantizing weight with shape: torch.Size([256, 128])
cluster: 2
group_size: 128
cluster Quantizing weight with shape: torch.Size([256, 128])
SVD 奇异值量化时间: 0.2320 秒
angle bits: 3
SVD 量化时间: 0.0041 秒
cluster: 2
group_size: 128
cluster Quantizing weight with shape: torch.Size([256, 128])
cluster: 2
group_size: 128
cluster Quantizing weight with shape: torch.Size([256, 128])
SVD 奇异值量化时间: 0.2321 秒
angle bits: 3
SVD 量化时间: 0.0041 秒
cluster: 2
group_size: 128
cluster Quantizing weight with shape: torch.Size([256, 128])
cluster: 2
group_size: 128
cluster Quantizing weight with shape: torch.Size([256, 128])
SVD 奇异值量化时间: 0.2356 秒
angle bits: 3
SVD 量化时间: 0.0042 秒
cluster: 2
group_size: 128
cluster Quantizing weight with shape: torch.Size([256, 128])
cluster: 2
group_size: 128
cluster Quantizing weight with shape: torch.Size([256, 128])
SVD 奇异值量化时间: 0.2345 秒
angle bits: 3
SVD 量化时间: 0.0041 秒
cluster: 2
group_size: 128
cluster Quantizing weight with shape: torch.Size([256, 128])
cluster: 2
group_size: 128
cluster Quantizing weight with shape: torch.Size([256, 128])
SVD 奇异值量化时间: 0.2349 秒
16 self_attn.v_proj
Quantizing ...
使用blocksize: 128进行量化
angle bits: 3
SVD 量化时间: 0.0040 秒
cluster: 2
group_size: 128
cluster Quantizing weight with shape: torch.Size([256, 128])
cluster: 2
group_size: 128
cluster Quantizing weight with shape: torch.Size([256, 128])
SVD 奇异值量化时间: 0.2288 秒
angle bits: 3
SVD 量化时间: 0.0041 秒
cluster: 2
group_size: 128
cluster Quantizing weight with shape: torch.Size([256, 128])
cluster: 2
group_size: 128
cluster Quantizing weight with shape: torch.Size([256, 128])
SVD 奇异值量化时间: 0.2340 秒
angle bits: 3
SVD 量化时间: 0.0041 秒
cluster: 2
group_size: 128
cluster Quantizing weight with shape: torch.Size([256, 128])
cluster: 2
group_size: 128
cluster Quantizing weight with shape: torch.Size([256, 128])
SVD 奇异值量化时间: 0.2292 秒
angle bits: 3
SVD 量化时间: 0.0041 秒
cluster: 2
group_size: 128
cluster Quantizing weight with shape: torch.Size([256, 128])
cluster: 2
group_size: 128
cluster Quantizing weight with shape: torch.Size([256, 128])
SVD 奇异值量化时间: 0.2310 秒
angle bits: 3
SVD 量化时间: 0.0041 秒
cluster: 2
group_size: 128
cluster Quantizing weight with shape: torch.Size([256, 128])
cluster: 2
group_size: 128
cluster Quantizing weight with shape: torch.Size([256, 128])
SVD 奇异值量化时间: 0.2328 秒
angle bits: 3
SVD 量化时间: 0.0041 秒
cluster: 2
group_size: 128
cluster Quantizing weight with shape: torch.Size([256, 128])
cluster: 2
group_size: 128
cluster Quantizing weight with shape: torch.Size([256, 128])
SVD 奇异值量化时间: 0.2359 秒
angle bits: 3
SVD 量化时间: 0.0041 秒
cluster: 2
group_size: 128
cluster Quantizing weight with shape: torch.Size([256, 128])
cluster: 2
group_size: 128
cluster Quantizing weight with shape: torch.Size([256, 128])
SVD 奇异值量化时间: 0.2321 秒
angle bits: 3
SVD 量化时间: 0.0041 秒
cluster: 2
group_size: 128
cluster Quantizing weight with shape: torch.Size([256, 128])
cluster: 2
group_size: 128
cluster Quantizing weight with shape: torch.Size([256, 128])
SVD 奇异值量化时间: 0.2309 秒
16 self_attn.q_proj
Quantizing ...
使用blocksize: 128进行量化
angle bits: 3
SVD 量化时间: 0.0039 秒
cluster: 2
group_size: 128
cluster Quantizing weight with shape: torch.Size([256, 128])
cluster: 2
group_size: 128
cluster Quantizing weight with shape: torch.Size([256, 128])
SVD 奇异值量化时间: 0.2284 秒
angle bits: 3
SVD 量化时间: 0.0041 秒
cluster: 2
group_size: 128
cluster Quantizing weight with shape: torch.Size([256, 128])
cluster: 2
group_size: 128
cluster Quantizing weight with shape: torch.Size([256, 128])
SVD 奇异值量化时间: 0.2302 秒
angle bits: 3
SVD 量化时间: 0.0041 秒
cluster: 2
group_size: 128
cluster Quantizing weight with shape: torch.Size([256, 128])
cluster: 2
group_size: 128
cluster Quantizing weight with shape: torch.Size([256, 128])
SVD 奇异值量化时间: 0.2368 秒
angle bits: 3
SVD 量化时间: 0.0042 秒
cluster: 2
group_size: 128
cluster Quantizing weight with shape: torch.Size([256, 128])
cluster: 2
group_size: 128
cluster Quantizing weight with shape: torch.Size([256, 128])
SVD 奇异值量化时间: 0.2343 秒
angle bits: 3
SVD 量化时间: 0.0041 秒
cluster: 2
group_size: 128
cluster Quantizing weight with shape: torch.Size([256, 128])
cluster: 2
group_size: 128
cluster Quantizing weight with shape: torch.Size([256, 128])
SVD 奇异值量化时间: 0.2314 秒
angle bits: 3
SVD 量化时间: 0.0041 秒
cluster: 2
group_size: 128
cluster Quantizing weight with shape: torch.Size([256, 128])
cluster: 2
group_size: 128
cluster Quantizing weight with shape: torch.Size([256, 128])
SVD 奇异值量化时间: 0.2295 秒
angle bits: 3
SVD 量化时间: 0.0041 秒
cluster: 2
group_size: 128
cluster Quantizing weight with shape: torch.Size([256, 128])
cluster: 2
group_size: 128
cluster Quantizing weight with shape: torch.Size([256, 128])
SVD 奇异值量化时间: 0.2359 秒
angle bits: 3
SVD 量化时间: 0.0041 秒
cluster: 2
group_size: 128
cluster Quantizing weight with shape: torch.Size([256, 128])
cluster: 2
group_size: 128
cluster Quantizing weight with shape: torch.Size([256, 128])
SVD 奇异值量化时间: 0.2330 秒
16 self_attn.out_proj
Quantizing ...
使用blocksize: 128进行量化
angle bits: 3
SVD 量化时间: 0.0037 秒
cluster: 2
group_size: 128
cluster Quantizing weight with shape: torch.Size([256, 128])
cluster: 2
group_size: 128
cluster Quantizing weight with shape: torch.Size([256, 128])
SVD 奇异值量化时间: 0.2309 秒
angle bits: 3
SVD 量化时间: 0.0041 秒
cluster: 2
group_size: 128
cluster Quantizing weight with shape: torch.Size([256, 128])
cluster: 2
group_size: 128
cluster Quantizing weight with shape: torch.Size([256, 128])
SVD 奇异值量化时间: 0.2307 秒
angle bits: 3
SVD 量化时间: 0.0041 秒
cluster: 2
group_size: 128
cluster Quantizing weight with shape: torch.Size([256, 128])
cluster: 2
group_size: 128
cluster Quantizing weight with shape: torch.Size([256, 128])
SVD 奇异值量化时间: 0.2330 秒
angle bits: 3
SVD 量化时间: 0.0041 秒
cluster: 2
group_size: 128
cluster Quantizing weight with shape: torch.Size([256, 128])
cluster: 2
group_size: 128
cluster Quantizing weight with shape: torch.Size([256, 128])
SVD 奇异值量化时间: 0.2318 秒
angle bits: 3
SVD 量化时间: 0.0041 秒
cluster: 2
group_size: 128
cluster Quantizing weight with shape: torch.Size([256, 128])
cluster: 2
group_size: 128
cluster Quantizing weight with shape: torch.Size([256, 128])
SVD 奇异值量化时间: 0.2304 秒
angle bits: 3
SVD 量化时间: 0.0041 秒
cluster: 2
group_size: 128
cluster Quantizing weight with shape: torch.Size([256, 128])
cluster: 2
group_size: 128
cluster Quantizing weight with shape: torch.Size([256, 128])
SVD 奇异值量化时间: 0.2389 秒
angle bits: 3
SVD 量化时间: 0.0041 秒
cluster: 2
group_size: 128
cluster Quantizing weight with shape: torch.Size([256, 128])
cluster: 2
group_size: 128
cluster Quantizing weight with shape: torch.Size([256, 128])
SVD 奇异值量化时间: 0.2321 秒
angle bits: 3
SVD 量化时间: 0.0041 秒
cluster: 2
group_size: 128
cluster Quantizing weight with shape: torch.Size([256, 128])
cluster: 2
group_size: 128
cluster Quantizing weight with shape: torch.Size([256, 128])
SVD 奇异值量化时间: 0.2370 秒
16 fc1
Quantizing ...
使用blocksize: 128进行量化
angle bits: 3
SVD 量化时间: 0.0134 秒
cluster: 2
group_size: 128
cluster Quantizing weight with shape: torch.Size([1024, 128])
cluster: 2
group_size: 128
cluster Quantizing weight with shape: torch.Size([1024, 128])
SVD 奇异值量化时间: 0.9324 秒
angle bits: 3
SVD 量化时间: 0.0150 秒
cluster: 2
group_size: 128
cluster Quantizing weight with shape: torch.Size([1024, 128])
cluster: 2
group_size: 128
cluster Quantizing weight with shape: torch.Size([1024, 128])
SVD 奇异值量化时间: 0.9317 秒
angle bits: 3
SVD 量化时间: 0.0150 秒
cluster: 2
group_size: 128
cluster Quantizing weight with shape: torch.Size([1024, 128])
cluster: 2
group_size: 128
cluster Quantizing weight with shape: torch.Size([1024, 128])
SVD 奇异值量化时间: 0.9255 秒
angle bits: 3
SVD 量化时间: 0.0150 秒
cluster: 2
group_size: 128
cluster Quantizing weight with shape: torch.Size([1024, 128])
cluster: 2
group_size: 128
cluster Quantizing weight with shape: torch.Size([1024, 128])
SVD 奇异值量化时间: 0.9275 秒
angle bits: 3
SVD 量化时间: 0.0148 秒
cluster: 2
group_size: 128
cluster Quantizing weight with shape: torch.Size([1024, 128])
cluster: 2
group_size: 128
cluster Quantizing weight with shape: torch.Size([1024, 128])
SVD 奇异值量化时间: 0.9246 秒
angle bits: 3
SVD 量化时间: 0.0150 秒
cluster: 2
group_size: 128
cluster Quantizing weight with shape: torch.Size([1024, 128])
cluster: 2
group_size: 128
cluster Quantizing weight with shape: torch.Size([1024, 128])
SVD 奇异值量化时间: 0.9311 秒
angle bits: 3
SVD 量化时间: 0.0150 秒
cluster: 2
group_size: 128
cluster Quantizing weight with shape: torch.Size([1024, 128])
cluster: 2
group_size: 128
cluster Quantizing weight with shape: torch.Size([1024, 128])
SVD 奇异值量化时间: 0.9231 秒
angle bits: 3
SVD 量化时间: 0.0150 秒
cluster: 2
group_size: 128
cluster Quantizing weight with shape: torch.Size([1024, 128])
cluster: 2
group_size: 128
cluster Quantizing weight with shape: torch.Size([1024, 128])
SVD 奇异值量化时间: 0.9302 秒
16 fc2
Quantizing ...
使用blocksize: 128进行量化
angle bits: 3
SVD 量化时间: 0.0038 秒
cluster: 2
group_size: 128
cluster Quantizing weight with shape: torch.Size([256, 128])
cluster: 2
group_size: 128
cluster Quantizing weight with shape: torch.Size([256, 128])
SVD 奇异值量化时间: 0.2327 秒
angle bits: 3
SVD 量化时间: 0.0042 秒
cluster: 2
group_size: 128
cluster Quantizing weight with shape: torch.Size([256, 128])
cluster: 2
group_size: 128
cluster Quantizing weight with shape: torch.Size([256, 128])
SVD 奇异值量化时间: 0.2310 秒
angle bits: 3
SVD 量化时间: 0.0041 秒
cluster: 2
group_size: 128
cluster Quantizing weight with shape: torch.Size([256, 128])
cluster: 2
group_size: 128
cluster Quantizing weight with shape: torch.Size([256, 128])
SVD 奇异值量化时间: 0.2373 秒
angle bits: 3
SVD 量化时间: 0.0042 秒
cluster: 2
group_size: 128
cluster Quantizing weight with shape: torch.Size([256, 128])
cluster: 2
group_size: 128
cluster Quantizing weight with shape: torch.Size([256, 128])
SVD 奇异值量化时间: 0.2314 秒
angle bits: 3
SVD 量化时间: 0.0041 秒
cluster: 2
group_size: 128
cluster Quantizing weight with shape: torch.Size([256, 128])
cluster: 2
group_size: 128
cluster Quantizing weight with shape: torch.Size([256, 128])
SVD 奇异值量化时间: 0.2326 秒
angle bits: 3
SVD 量化时间: 0.0041 秒
cluster: 2
group_size: 128
cluster Quantizing weight with shape: torch.Size([256, 128])
cluster: 2
group_size: 128
cluster Quantizing weight with shape: torch.Size([256, 128])
SVD 奇异值量化时间: 0.2328 秒
angle bits: 3
SVD 量化时间: 0.0042 秒
cluster: 2
group_size: 128
cluster Quantizing weight with shape: torch.Size([256, 128])
cluster: 2
group_size: 128
cluster Quantizing weight with shape: torch.Size([256, 128])
SVD 奇异值量化时间: 0.2345 秒
angle bits: 3
SVD 量化时间: 0.0042 秒
cluster: 2
group_size: 128
cluster Quantizing weight with shape: torch.Size([256, 128])
cluster: 2
group_size: 128
cluster Quantizing weight with shape: torch.Size([256, 128])
SVD 奇异值量化时间: 0.2338 秒
angle bits: 3
SVD 量化时间: 0.0041 秒
cluster: 2
group_size: 128
cluster Quantizing weight with shape: torch.Size([256, 128])
cluster: 2
group_size: 128
cluster Quantizing weight with shape: torch.Size([256, 128])
SVD 奇异值量化时间: 0.2314 秒
angle bits: 3
SVD 量化时间: 0.0041 秒
cluster: 2
group_size: 128
cluster Quantizing weight with shape: torch.Size([256, 128])
cluster: 2
group_size: 128
cluster Quantizing weight with shape: torch.Size([256, 128])
SVD 奇异值量化时间: 0.2311 秒
angle bits: 3
SVD 量化时间: 0.0041 秒
cluster: 2
group_size: 128
cluster Quantizing weight with shape: torch.Size([256, 128])
cluster: 2
group_size: 128
cluster Quantizing weight with shape: torch.Size([256, 128])
SVD 奇异值量化时间: 0.2321 秒
angle bits: 3
SVD 量化时间: 0.0041 秒
cluster: 2
group_size: 128
cluster Quantizing weight with shape: torch.Size([256, 128])
cluster: 2
group_size: 128
cluster Quantizing weight with shape: torch.Size([256, 128])
SVD 奇异值量化时间: 0.2350 秒
angle bits: 3
SVD 量化时间: 0.0041 秒
cluster: 2
group_size: 128
cluster Quantizing weight with shape: torch.Size([256, 128])
cluster: 2
group_size: 128
cluster Quantizing weight with shape: torch.Size([256, 128])
SVD 奇异值量化时间: 0.2357 秒
angle bits: 3
SVD 量化时间: 0.0042 秒
cluster: 2
group_size: 128
cluster Quantizing weight with shape: torch.Size([256, 128])
cluster: 2
group_size: 128
cluster Quantizing weight with shape: torch.Size([256, 128])
SVD 奇异值量化时间: 0.2314 秒
angle bits: 3
SVD 量化时间: 0.0041 秒
cluster: 2
group_size: 128
cluster Quantizing weight with shape: torch.Size([256, 128])
cluster: 2
group_size: 128
cluster Quantizing weight with shape: torch.Size([256, 128])
SVD 奇异值量化时间: 0.2319 秒
angle bits: 3
SVD 量化时间: 0.0041 秒
cluster: 2
group_size: 128
cluster Quantizing weight with shape: torch.Size([256, 128])
cluster: 2
group_size: 128
cluster Quantizing weight with shape: torch.Size([256, 128])
SVD 奇异值量化时间: 0.2366 秒
angle bits: 3
SVD 量化时间: 0.0041 秒
cluster: 2
group_size: 128
cluster Quantizing weight with shape: torch.Size([256, 128])
cluster: 2
group_size: 128
cluster Quantizing weight with shape: torch.Size([256, 128])
SVD 奇异值量化时间: 0.3444 秒
angle bits: 3
SVD 量化时间: 0.0042 秒
cluster: 2
group_size: 128
cluster Quantizing weight with shape: torch.Size([256, 128])
cluster: 2
group_size: 128
cluster Quantizing weight with shape: torch.Size([256, 128])
SVD 奇异值量化时间: 0.2313 秒
angle bits: 3
SVD 量化时间: 0.0041 秒
cluster: 2
group_size: 128
cluster Quantizing weight with shape: torch.Size([256, 128])
cluster: 2
group_size: 128
cluster Quantizing weight with shape: torch.Size([256, 128])
SVD 奇异值量化时间: 0.2319 秒
angle bits: 3
SVD 量化时间: 0.0041 秒
cluster: 2
group_size: 128
cluster Quantizing weight with shape: torch.Size([256, 128])
cluster: 2
group_size: 128
cluster Quantizing weight with shape: torch.Size([256, 128])
SVD 奇异值量化时间: 0.2381 秒
angle bits: 3
SVD 量化时间: 0.0041 秒
cluster: 2
group_size: 128
cluster Quantizing weight with shape: torch.Size([256, 128])
cluster: 2
group_size: 128
cluster Quantizing weight with shape: torch.Size([256, 128])
SVD 奇异值量化时间: 0.2332 秒
angle bits: 3
SVD 量化时间: 0.0041 秒
cluster: 2
group_size: 128
cluster Quantizing weight with shape: torch.Size([256, 128])
cluster: 2
group_size: 128
cluster Quantizing weight with shape: torch.Size([256, 128])
SVD 奇异值量化时间: 0.2318 秒
angle bits: 3
SVD 量化时间: 0.0041 秒
cluster: 2
group_size: 128
cluster Quantizing weight with shape: torch.Size([256, 128])
cluster: 2
group_size: 128
cluster Quantizing weight with shape: torch.Size([256, 128])
SVD 奇异值量化时间: 0.2320 秒
angle bits: 3
SVD 量化时间: 0.0041 秒
cluster: 2
group_size: 128
cluster Quantizing weight with shape: torch.Size([256, 128])
cluster: 2
group_size: 128
cluster Quantizing weight with shape: torch.Size([256, 128])
SVD 奇异值量化时间: 0.2356 秒
angle bits: 3
SVD 量化时间: 0.0041 秒
cluster: 2
group_size: 128
cluster Quantizing weight with shape: torch.Size([256, 128])
cluster: 2
group_size: 128
cluster Quantizing weight with shape: torch.Size([256, 128])
SVD 奇异值量化时间: 0.2314 秒
angle bits: 3
SVD 量化时间: 0.0041 秒
cluster: 2
group_size: 128
cluster Quantizing weight with shape: torch.Size([256, 128])
cluster: 2
group_size: 128
cluster Quantizing weight with shape: torch.Size([256, 128])
SVD 奇异值量化时间: 0.2308 秒
angle bits: 3
SVD 量化时间: 0.0041 秒
cluster: 2
group_size: 128
cluster Quantizing weight with shape: torch.Size([256, 128])
cluster: 2
group_size: 128
cluster Quantizing weight with shape: torch.Size([256, 128])
SVD 奇异值量化时间: 0.2287 秒
angle bits: 3
SVD 量化时间: 0.0041 秒
cluster: 2
group_size: 128
cluster Quantizing weight with shape: torch.Size([256, 128])
cluster: 2
group_size: 128
cluster Quantizing weight with shape: torch.Size([256, 128])
SVD 奇异值量化时间: 0.2336 秒
angle bits: 3
SVD 量化时间: 0.0041 秒
cluster: 2
group_size: 128
cluster Quantizing weight with shape: torch.Size([256, 128])
cluster: 2
group_size: 128
cluster Quantizing weight with shape: torch.Size([256, 128])
SVD 奇异值量化时间: 0.2368 秒
angle bits: 3
SVD 量化时间: 0.0041 秒
cluster: 2
group_size: 128
cluster Quantizing weight with shape: torch.Size([256, 128])
cluster: 2
group_size: 128
cluster Quantizing weight with shape: torch.Size([256, 128])
SVD 奇异值量化时间: 0.2313 秒
angle bits: 3
SVD 量化时间: 0.0041 秒
cluster: 2
group_size: 128
cluster Quantizing weight with shape: torch.Size([256, 128])
cluster: 2
group_size: 128
cluster Quantizing weight with shape: torch.Size([256, 128])
SVD 奇异值量化时间: 0.2373 秒
angle bits: 3
SVD 量化时间: 0.0042 秒
cluster: 2
group_size: 128
cluster Quantizing weight with shape: torch.Size([256, 128])
cluster: 2
group_size: 128
cluster Quantizing weight with shape: torch.Size([256, 128])
SVD 奇异值量化时间: 0.2370 秒
17 self_attn.k_proj
Quantizing ...
使用blocksize: 128进行量化
angle bits: 3
SVD 量化时间: 0.0041 秒
cluster: 2
group_size: 128
cluster Quantizing weight with shape: torch.Size([256, 128])
cluster: 2
group_size: 128
cluster Quantizing weight with shape: torch.Size([256, 128])
SVD 奇异值量化时间: 0.2299 秒
angle bits: 3
SVD 量化时间: 0.0041 秒
cluster: 2
group_size: 128
cluster Quantizing weight with shape: torch.Size([256, 128])
cluster: 2
group_size: 128
cluster Quantizing weight with shape: torch.Size([256, 128])
SVD 奇异值量化时间: 0.2368 秒
angle bits: 3
SVD 量化时间: 0.0042 秒
cluster: 2
group_size: 128
cluster Quantizing weight with shape: torch.Size([256, 128])
cluster: 2
group_size: 128
cluster Quantizing weight with shape: torch.Size([256, 128])
SVD 奇异值量化时间: 0.2410 秒
angle bits: 3
SVD 量化时间: 0.0041 秒
cluster: 2
group_size: 128
cluster Quantizing weight with shape: torch.Size([256, 128])
cluster: 2
group_size: 128
cluster Quantizing weight with shape: torch.Size([256, 128])
SVD 奇异值量化时间: 0.2385 秒
angle bits: 3
SVD 量化时间: 0.0041 秒
cluster: 2
group_size: 128
cluster Quantizing weight with shape: torch.Size([256, 128])
cluster: 2
group_size: 128
cluster Quantizing weight with shape: torch.Size([256, 128])
SVD 奇异值量化时间: 0.2387 秒
angle bits: 3
SVD 量化时间: 0.0041 秒
cluster: 2
group_size: 128
cluster Quantizing weight with shape: torch.Size([256, 128])
cluster: 2
group_size: 128
cluster Quantizing weight with shape: torch.Size([256, 128])
SVD 奇异值量化时间: 0.2378 秒
angle bits: 3
SVD 量化时间: 0.0041 秒
cluster: 2
group_size: 128
cluster Quantizing weight with shape: torch.Size([256, 128])
cluster: 2
group_size: 128
cluster Quantizing weight with shape: torch.Size([256, 128])
SVD 奇异值量化时间: 0.2396 秒
angle bits: 3
SVD 量化时间: 0.0042 秒
cluster: 2
group_size: 128
cluster Quantizing weight with shape: torch.Size([256, 128])
cluster: 2
group_size: 128
cluster Quantizing weight with shape: torch.Size([256, 128])
SVD 奇异值量化时间: 0.2419 秒
17 self_attn.v_proj
Quantizing ...
使用blocksize: 128进行量化
angle bits: 3
SVD 量化时间: 0.0041 秒
cluster: 2
group_size: 128
cluster Quantizing weight with shape: torch.Size([256, 128])
cluster: 2
group_size: 128
cluster Quantizing weight with shape: torch.Size([256, 128])
SVD 奇异值量化时间: 0.2415 秒
angle bits: 3
SVD 量化时间: 0.0042 秒
cluster: 2
group_size: 128
cluster Quantizing weight with shape: torch.Size([256, 128])
cluster: 2
group_size: 128
cluster Quantizing weight with shape: torch.Size([256, 128])
SVD 奇异值量化时间: 0.2403 秒
angle bits: 3
SVD 量化时间: 0.0042 秒
cluster: 2
group_size: 128
cluster Quantizing weight with shape: torch.Size([256, 128])
cluster: 2
group_size: 128
cluster Quantizing weight with shape: torch.Size([256, 128])
SVD 奇异值量化时间: 0.2482 秒
angle bits: 3
SVD 量化时间: 0.0041 秒
cluster: 2
group_size: 128
cluster Quantizing weight with shape: torch.Size([256, 128])
cluster: 2
group_size: 128
cluster Quantizing weight with shape: torch.Size([256, 128])
SVD 奇异值量化时间: 0.2399 秒
angle bits: 3
SVD 量化时间: 0.0041 秒
cluster: 2
group_size: 128
cluster Quantizing weight with shape: torch.Size([256, 128])
cluster: 2
group_size: 128
cluster Quantizing weight with shape: torch.Size([256, 128])
SVD 奇异值量化时间: 0.2401 秒
angle bits: 3
SVD 量化时间: 0.0042 秒
cluster: 2
group_size: 128
cluster Quantizing weight with shape: torch.Size([256, 128])
cluster: 2
group_size: 128
cluster Quantizing weight with shape: torch.Size([256, 128])
SVD 奇异值量化时间: 0.2385 秒
angle bits: 3
SVD 量化时间: 0.0041 秒
cluster: 2
group_size: 128
cluster Quantizing weight with shape: torch.Size([256, 128])
cluster: 2
group_size: 128
cluster Quantizing weight with shape: torch.Size([256, 128])
SVD 奇异值量化时间: 0.2396 秒
angle bits: 3
SVD 量化时间: 0.0042 秒
cluster: 2
group_size: 128
cluster Quantizing weight with shape: torch.Size([256, 128])
cluster: 2
group_size: 128
cluster Quantizing weight with shape: torch.Size([256, 128])
SVD 奇异值量化时间: 0.2420 秒
17 self_attn.q_proj
Quantizing ...
使用blocksize: 128进行量化
angle bits: 3
SVD 量化时间: 0.0040 秒
cluster: 2
group_size: 128
cluster Quantizing weight with shape: torch.Size([256, 128])
cluster: 2
group_size: 128
cluster Quantizing weight with shape: torch.Size([256, 128])
SVD 奇异值量化时间: 0.2399 秒
angle bits: 3
SVD 量化时间: 0.0042 秒
cluster: 2
group_size: 128
cluster Quantizing weight with shape: torch.Size([256, 128])
cluster: 2
group_size: 128
cluster Quantizing weight with shape: torch.Size([256, 128])
SVD 奇异值量化时间: 0.2417 秒
angle bits: 3
SVD 量化时间: 0.0042 秒
cluster: 2
group_size: 128
cluster Quantizing weight with shape: torch.Size([256, 128])
cluster: 2
group_size: 128
cluster Quantizing weight with shape: torch.Size([256, 128])
SVD 奇异值量化时间: 0.2394 秒
angle bits: 3
SVD 量化时间: 0.0041 秒
cluster: 2
group_size: 128
cluster Quantizing weight with shape: torch.Size([256, 128])
cluster: 2
group_size: 128
cluster Quantizing weight with shape: torch.Size([256, 128])
SVD 奇异值量化时间: 0.2384 秒
angle bits: 3
SVD 量化时间: 0.0042 秒
cluster: 2
group_size: 128
cluster Quantizing weight with shape: torch.Size([256, 128])
cluster: 2
group_size: 128
cluster Quantizing weight with shape: torch.Size([256, 128])
SVD 奇异值量化时间: 0.2406 秒
angle bits: 3
SVD 量化时间: 0.0042 秒
cluster: 2
group_size: 128
cluster Quantizing weight with shape: torch.Size([256, 128])
cluster: 2
group_size: 128
cluster Quantizing weight with shape: torch.Size([256, 128])
SVD 奇异值量化时间: 0.2381 秒
angle bits: 3
SVD 量化时间: 0.0041 秒
cluster: 2
group_size: 128
cluster Quantizing weight with shape: torch.Size([256, 128])
cluster: 2
group_size: 128
cluster Quantizing weight with shape: torch.Size([256, 128])
SVD 奇异值量化时间: 0.2436 秒
angle bits: 3
SVD 量化时间: 0.0041 秒
cluster: 2
group_size: 128
cluster Quantizing weight with shape: torch.Size([256, 128])
cluster: 2
group_size: 128
cluster Quantizing weight with shape: torch.Size([256, 128])
SVD 奇异值量化时间: 0.2415 秒
17 self_attn.out_proj
Quantizing ...
使用blocksize: 128进行量化
angle bits: 3
SVD 量化时间: 0.0038 秒
cluster: 2
group_size: 128
cluster Quantizing weight with shape: torch.Size([256, 128])
cluster: 2
group_size: 128
cluster Quantizing weight with shape: torch.Size([256, 128])
SVD 奇异值量化时间: 0.2434 秒
angle bits: 3
SVD 量化时间: 0.0042 秒
cluster: 2
group_size: 128
cluster Quantizing weight with shape: torch.Size([256, 128])
cluster: 2
group_size: 128
cluster Quantizing weight with shape: torch.Size([256, 128])
SVD 奇异值量化时间: 0.2387 秒
angle bits: 3
SVD 量化时间: 0.0042 秒
cluster: 2
group_size: 128
cluster Quantizing weight with shape: torch.Size([256, 128])
cluster: 2
group_size: 128
cluster Quantizing weight with shape: torch.Size([256, 128])
SVD 奇异值量化时间: 0.2394 秒
angle bits: 3
SVD 量化时间: 0.0042 秒
cluster: 2
group_size: 128
cluster Quantizing weight with shape: torch.Size([256, 128])
cluster: 2
group_size: 128
cluster Quantizing weight with shape: torch.Size([256, 128])
SVD 奇异值量化时间: 0.2403 秒
angle bits: 3
SVD 量化时间: 0.0042 秒
cluster: 2
group_size: 128
cluster Quantizing weight with shape: torch.Size([256, 128])
cluster: 2
group_size: 128
cluster Quantizing weight with shape: torch.Size([256, 128])
SVD 奇异值量化时间: 0.2455 秒
angle bits: 3
SVD 量化时间: 0.0041 秒
cluster: 2
group_size: 128
cluster Quantizing weight with shape: torch.Size([256, 128])
cluster: 2
group_size: 128
cluster Quantizing weight with shape: torch.Size([256, 128])
SVD 奇异值量化时间: 0.2364 秒
angle bits: 3
SVD 量化时间: 0.0041 秒
cluster: 2
group_size: 128
cluster Quantizing weight with shape: torch.Size([256, 128])
cluster: 2
group_size: 128
cluster Quantizing weight with shape: torch.Size([256, 128])
SVD 奇异值量化时间: 0.2374 秒
angle bits: 3
SVD 量化时间: 0.0043 秒
cluster: 2
group_size: 128
cluster Quantizing weight with shape: torch.Size([256, 128])
cluster: 2
group_size: 128
cluster Quantizing weight with shape: torch.Size([256, 128])
SVD 奇异值量化时间: 0.2372 秒
17 fc1
Quantizing ...
使用blocksize: 128进行量化
angle bits: 3
SVD 量化时间: 0.0134 秒
cluster: 2
group_size: 128
cluster Quantizing weight with shape: torch.Size([1024, 128])
cluster: 2
group_size: 128
cluster Quantizing weight with shape: torch.Size([1024, 128])
SVD 奇异值量化时间: 0.9216 秒
angle bits: 3
SVD 量化时间: 0.0149 秒
cluster: 2
group_size: 128
cluster Quantizing weight with shape: torch.Size([1024, 128])
cluster: 2
group_size: 128
cluster Quantizing weight with shape: torch.Size([1024, 128])
SVD 奇异值量化时间: 0.9273 秒
angle bits: 3
SVD 量化时间: 0.0150 秒
cluster: 2
group_size: 128
cluster Quantizing weight with shape: torch.Size([1024, 128])
cluster: 2
group_size: 128
cluster Quantizing weight with shape: torch.Size([1024, 128])
SVD 奇异值量化时间: 0.9419 秒
angle bits: 3
SVD 量化时间: 0.0149 秒
cluster: 2
group_size: 128
cluster Quantizing weight with shape: torch.Size([1024, 128])
cluster: 2
group_size: 128
cluster Quantizing weight with shape: torch.Size([1024, 128])
SVD 奇异值量化时间: 0.9335 秒
angle bits: 3
SVD 量化时间: 0.0147 秒
cluster: 2
group_size: 128
cluster Quantizing weight with shape: torch.Size([1024, 128])
cluster: 2
group_size: 128
cluster Quantizing weight with shape: torch.Size([1024, 128])
SVD 奇异值量化时间: 0.9289 秒
angle bits: 3
SVD 量化时间: 0.0149 秒
cluster: 2
group_size: 128
cluster Quantizing weight with shape: torch.Size([1024, 128])
cluster: 2
group_size: 128
cluster Quantizing weight with shape: torch.Size([1024, 128])
SVD 奇异值量化时间: 0.9278 秒
angle bits: 3
SVD 量化时间: 0.0149 秒
cluster: 2
group_size: 128
cluster Quantizing weight with shape: torch.Size([1024, 128])
cluster: 2
group_size: 128
cluster Quantizing weight with shape: torch.Size([1024, 128])
SVD 奇异值量化时间: 0.9265 秒
angle bits: 3
SVD 量化时间: 0.0148 秒
cluster: 2
group_size: 128
cluster Quantizing weight with shape: torch.Size([1024, 128])
cluster: 2
group_size: 128
cluster Quantizing weight with shape: torch.Size([1024, 128])
SVD 奇异值量化时间: 0.9390 秒
17 fc2
Quantizing ...
使用blocksize: 128进行量化
angle bits: 3
SVD 量化时间: 0.0038 秒
cluster: 2
group_size: 128
cluster Quantizing weight with shape: torch.Size([256, 128])
cluster: 2
group_size: 128
cluster Quantizing weight with shape: torch.Size([256, 128])
SVD 奇异值量化时间: 0.2319 秒
angle bits: 3
SVD 量化时间: 0.0042 秒
cluster: 2
group_size: 128
cluster Quantizing weight with shape: torch.Size([256, 128])
cluster: 2
group_size: 128
cluster Quantizing weight with shape: torch.Size([256, 128])
SVD 奇异值量化时间: 0.2332 秒
angle bits: 3
SVD 量化时间: 0.0041 秒
cluster: 2
group_size: 128
cluster Quantizing weight with shape: torch.Size([256, 128])
cluster: 2
group_size: 128
cluster Quantizing weight with shape: torch.Size([256, 128])
SVD 奇异值量化时间: 0.2342 秒
angle bits: 3
SVD 量化时间: 0.0041 秒
cluster: 2
group_size: 128
cluster Quantizing weight with shape: torch.Size([256, 128])
cluster: 2
group_size: 128
cluster Quantizing weight with shape: torch.Size([256, 128])
SVD 奇异值量化时间: 0.2378 秒
angle bits: 3
SVD 量化时间: 0.0042 秒
cluster: 2
group_size: 128
cluster Quantizing weight with shape: torch.Size([256, 128])
cluster: 2
group_size: 128
cluster Quantizing weight with shape: torch.Size([256, 128])
SVD 奇异值量化时间: 0.2327 秒
angle bits: 3
SVD 量化时间: 0.0041 秒
cluster: 2
group_size: 128
cluster Quantizing weight with shape: torch.Size([256, 128])
cluster: 2
group_size: 128
cluster Quantizing weight with shape: torch.Size([256, 128])
SVD 奇异值量化时间: 0.2356 秒
angle bits: 3
SVD 量化时间: 0.0041 秒
cluster: 2
group_size: 128
cluster Quantizing weight with shape: torch.Size([256, 128])
cluster: 2
group_size: 128
cluster Quantizing weight with shape: torch.Size([256, 128])
SVD 奇异值量化时间: 0.2328 秒
angle bits: 3
SVD 量化时间: 0.0041 秒
cluster: 2
group_size: 128
cluster Quantizing weight with shape: torch.Size([256, 128])
cluster: 2
group_size: 128
cluster Quantizing weight with shape: torch.Size([256, 128])
SVD 奇异值量化时间: 0.2368 秒
angle bits: 3
SVD 量化时间: 0.0041 秒
cluster: 2
group_size: 128
cluster Quantizing weight with shape: torch.Size([256, 128])
cluster: 2
group_size: 128
cluster Quantizing weight with shape: torch.Size([256, 128])
SVD 奇异值量化时间: 0.2306 秒
angle bits: 3
SVD 量化时间: 0.0041 秒
cluster: 2
group_size: 128
cluster Quantizing weight with shape: torch.Size([256, 128])
cluster: 2
group_size: 128
cluster Quantizing weight with shape: torch.Size([256, 128])
SVD 奇异值量化时间: 0.2327 秒
angle bits: 3
SVD 量化时间: 0.0041 秒
cluster: 2
group_size: 128
cluster Quantizing weight with shape: torch.Size([256, 128])
cluster: 2
group_size: 128
cluster Quantizing weight with shape: torch.Size([256, 128])
SVD 奇异值量化时间: 0.2315 秒
angle bits: 3
SVD 量化时间: 0.0041 秒
cluster: 2
group_size: 128
cluster Quantizing weight with shape: torch.Size([256, 128])
cluster: 2
group_size: 128
cluster Quantizing weight with shape: torch.Size([256, 128])
SVD 奇异值量化时间: 0.2329 秒
angle bits: 3
SVD 量化时间: 0.0041 秒
cluster: 2
group_size: 128
cluster Quantizing weight with shape: torch.Size([256, 128])
cluster: 2
group_size: 128
cluster Quantizing weight with shape: torch.Size([256, 128])
SVD 奇异值量化时间: 0.2343 秒
angle bits: 3
SVD 量化时间: 0.0041 秒
cluster: 2
group_size: 128
cluster Quantizing weight with shape: torch.Size([256, 128])
cluster: 2
group_size: 128
cluster Quantizing weight with shape: torch.Size([256, 128])
SVD 奇异值量化时间: 0.2321 秒
angle bits: 3
SVD 量化时间: 0.0041 秒
cluster: 2
group_size: 128
cluster Quantizing weight with shape: torch.Size([256, 128])
cluster: 2
group_size: 128
cluster Quantizing weight with shape: torch.Size([256, 128])
SVD 奇异值量化时间: 0.2349 秒
angle bits: 3
SVD 量化时间: 0.0041 秒
cluster: 2
group_size: 128
cluster Quantizing weight with shape: torch.Size([256, 128])
cluster: 2
group_size: 128
cluster Quantizing weight with shape: torch.Size([256, 128])
SVD 奇异值量化时间: 0.2317 秒
angle bits: 3
SVD 量化时间: 0.0041 秒
cluster: 2
group_size: 128
cluster Quantizing weight with shape: torch.Size([256, 128])
cluster: 2
group_size: 128
cluster Quantizing weight with shape: torch.Size([256, 128])
SVD 奇异值量化时间: 0.2380 秒
angle bits: 3
SVD 量化时间: 0.0041 秒
cluster: 2
group_size: 128
cluster Quantizing weight with shape: torch.Size([256, 128])
cluster: 2
group_size: 128
cluster Quantizing weight with shape: torch.Size([256, 128])
SVD 奇异值量化时间: 0.2315 秒
angle bits: 3
SVD 量化时间: 0.0041 秒
cluster: 2
group_size: 128
cluster Quantizing weight with shape: torch.Size([256, 128])
cluster: 2
group_size: 128
cluster Quantizing weight with shape: torch.Size([256, 128])
SVD 奇异值量化时间: 0.2355 秒
angle bits: 3
SVD 量化时间: 0.0042 秒
cluster: 2
group_size: 128
cluster Quantizing weight with shape: torch.Size([256, 128])
cluster: 2
group_size: 128
cluster Quantizing weight with shape: torch.Size([256, 128])
SVD 奇异值量化时间: 0.2372 秒
angle bits: 3
SVD 量化时间: 0.0041 秒
cluster: 2
group_size: 128
cluster Quantizing weight with shape: torch.Size([256, 128])
cluster: 2
group_size: 128
cluster Quantizing weight with shape: torch.Size([256, 128])
SVD 奇异值量化时间: 0.2369 秒
angle bits: 3
SVD 量化时间: 0.0042 秒
cluster: 2
group_size: 128
cluster Quantizing weight with shape: torch.Size([256, 128])
cluster: 2
group_size: 128
cluster Quantizing weight with shape: torch.Size([256, 128])
SVD 奇异值量化时间: 0.2311 秒
angle bits: 3
SVD 量化时间: 0.0041 秒
cluster: 2
group_size: 128
cluster Quantizing weight with shape: torch.Size([256, 128])
cluster: 2
group_size: 128
cluster Quantizing weight with shape: torch.Size([256, 128])
SVD 奇异值量化时间: 0.2337 秒
angle bits: 3
SVD 量化时间: 0.0041 秒
cluster: 2
group_size: 128
cluster Quantizing weight with shape: torch.Size([256, 128])
cluster: 2
group_size: 128
cluster Quantizing weight with shape: torch.Size([256, 128])
SVD 奇异值量化时间: 0.2337 秒
angle bits: 3
SVD 量化时间: 0.0041 秒
cluster: 2
group_size: 128
cluster Quantizing weight with shape: torch.Size([256, 128])
cluster: 2
group_size: 128
cluster Quantizing weight with shape: torch.Size([256, 128])
SVD 奇异值量化时间: 0.2317 秒
angle bits: 3
SVD 量化时间: 0.0041 秒
cluster: 2
group_size: 128
cluster Quantizing weight with shape: torch.Size([256, 128])
cluster: 2
group_size: 128
cluster Quantizing weight with shape: torch.Size([256, 128])
SVD 奇异值量化时间: 0.2333 秒
angle bits: 3
SVD 量化时间: 0.0041 秒
cluster: 2
group_size: 128
cluster Quantizing weight with shape: torch.Size([256, 128])
cluster: 2
group_size: 128
cluster Quantizing weight with shape: torch.Size([256, 128])
SVD 奇异值量化时间: 0.2312 秒
angle bits: 3
SVD 量化时间: 0.0041 秒
cluster: 2
group_size: 128
cluster Quantizing weight with shape: torch.Size([256, 128])
cluster: 2
group_size: 128
cluster Quantizing weight with shape: torch.Size([256, 128])
SVD 奇异值量化时间: 0.2322 秒
angle bits: 3
SVD 量化时间: 0.0041 秒
cluster: 2
group_size: 128
cluster Quantizing weight with shape: torch.Size([256, 128])
cluster: 2
group_size: 128
cluster Quantizing weight with shape: torch.Size([256, 128])
SVD 奇异值量化时间: 0.2296 秒
angle bits: 3
SVD 量化时间: 0.0041 秒
cluster: 2
group_size: 128
cluster Quantizing weight with shape: torch.Size([256, 128])
cluster: 2
group_size: 128
cluster Quantizing weight with shape: torch.Size([256, 128])
SVD 奇异值量化时间: 0.2355 秒
angle bits: 3
SVD 量化时间: 0.0041 秒
cluster: 2
group_size: 128
cluster Quantizing weight with shape: torch.Size([256, 128])
cluster: 2
group_size: 128
cluster Quantizing weight with shape: torch.Size([256, 128])
SVD 奇异值量化时间: 0.2312 秒
angle bits: 3
SVD 量化时间: 0.0041 秒
cluster: 2
group_size: 128
cluster Quantizing weight with shape: torch.Size([256, 128])
cluster: 2
group_size: 128
cluster Quantizing weight with shape: torch.Size([256, 128])
SVD 奇异值量化时间: 0.2326 秒
18 self_attn.k_proj
Quantizing ...
使用blocksize: 128进行量化
angle bits: 3
SVD 量化时间: 0.0041 秒
cluster: 2
group_size: 128
cluster Quantizing weight with shape: torch.Size([256, 128])
cluster: 2
group_size: 128
cluster Quantizing weight with shape: torch.Size([256, 128])
SVD 奇异值量化时间: 0.2333 秒
angle bits: 3
SVD 量化时间: 0.0041 秒
cluster: 2
group_size: 128
cluster Quantizing weight with shape: torch.Size([256, 128])
cluster: 2
group_size: 128
cluster Quantizing weight with shape: torch.Size([256, 128])
SVD 奇异值量化时间: 0.2298 秒
angle bits: 3
SVD 量化时间: 0.0041 秒
cluster: 2
group_size: 128
cluster Quantizing weight with shape: torch.Size([256, 128])
cluster: 2
group_size: 128
cluster Quantizing weight with shape: torch.Size([256, 128])
SVD 奇异值量化时间: 0.2329 秒
angle bits: 3
SVD 量化时间: 0.0041 秒
cluster: 2
group_size: 128
cluster Quantizing weight with shape: torch.Size([256, 128])
cluster: 2
group_size: 128
cluster Quantizing weight with shape: torch.Size([256, 128])
SVD 奇异值量化时间: 0.2316 秒
angle bits: 3
SVD 量化时间: 0.0041 秒
cluster: 2
group_size: 128
cluster Quantizing weight with shape: torch.Size([256, 128])
cluster: 2
group_size: 128
cluster Quantizing weight with shape: torch.Size([256, 128])
SVD 奇异值量化时间: 0.2380 秒
angle bits: 3
SVD 量化时间: 0.0041 秒
cluster: 2
group_size: 128
cluster Quantizing weight with shape: torch.Size([256, 128])
cluster: 2
group_size: 128
cluster Quantizing weight with shape: torch.Size([256, 128])
SVD 奇异值量化时间: 0.2329 秒
angle bits: 3
SVD 量化时间: 0.0042 秒
cluster: 2
group_size: 128
cluster Quantizing weight with shape: torch.Size([256, 128])
cluster: 2
group_size: 128
cluster Quantizing weight with shape: torch.Size([256, 128])
SVD 奇异值量化时间: 0.2407 秒
angle bits: 3
SVD 量化时间: 0.0041 秒
cluster: 2
group_size: 128
cluster Quantizing weight with shape: torch.Size([256, 128])
cluster: 2
group_size: 128
cluster Quantizing weight with shape: torch.Size([256, 128])
SVD 奇异值量化时间: 0.2368 秒
18 self_attn.v_proj
Quantizing ...
使用blocksize: 128进行量化
angle bits: 3
SVD 量化时间: 0.0040 秒
cluster: 2
group_size: 128
cluster Quantizing weight with shape: torch.Size([256, 128])
cluster: 2
group_size: 128
cluster Quantizing weight with shape: torch.Size([256, 128])
SVD 奇异值量化时间: 0.2377 秒
angle bits: 3
SVD 量化时间: 0.0041 秒
cluster: 2
group_size: 128
cluster Quantizing weight with shape: torch.Size([256, 128])
cluster: 2
group_size: 128
cluster Quantizing weight with shape: torch.Size([256, 128])
SVD 奇异值量化时间: 0.2361 秒
angle bits: 3
SVD 量化时间: 0.0041 秒
cluster: 2
group_size: 128
cluster Quantizing weight with shape: torch.Size([256, 128])
cluster: 2
group_size: 128
cluster Quantizing weight with shape: torch.Size([256, 128])
SVD 奇异值量化时间: 0.2327 秒
angle bits: 3
SVD 量化时间: 0.0041 秒
cluster: 2
group_size: 128
cluster Quantizing weight with shape: torch.Size([256, 128])
cluster: 2
group_size: 128
cluster Quantizing weight with shape: torch.Size([256, 128])
SVD 奇异值量化时间: 0.2302 秒
angle bits: 3
SVD 量化时间: 0.0041 秒
cluster: 2
group_size: 128
cluster Quantizing weight with shape: torch.Size([256, 128])
cluster: 2
group_size: 128
cluster Quantizing weight with shape: torch.Size([256, 128])
SVD 奇异值量化时间: 0.2321 秒
angle bits: 3
SVD 量化时间: 0.0041 秒
cluster: 2
group_size: 128
cluster Quantizing weight with shape: torch.Size([256, 128])
cluster: 2
group_size: 128
cluster Quantizing weight with shape: torch.Size([256, 128])
SVD 奇异值量化时间: 0.2371 秒
angle bits: 3
SVD 量化时间: 0.0041 秒
cluster: 2
group_size: 128
cluster Quantizing weight with shape: torch.Size([256, 128])
cluster: 2
group_size: 128
cluster Quantizing weight with shape: torch.Size([256, 128])
SVD 奇异值量化时间: 0.2290 秒
angle bits: 3
SVD 量化时间: 0.0041 秒
cluster: 2
group_size: 128
cluster Quantizing weight with shape: torch.Size([256, 128])
cluster: 2
group_size: 128
cluster Quantizing weight with shape: torch.Size([256, 128])
SVD 奇异值量化时间: 0.2297 秒
18 self_attn.q_proj
Quantizing ...
使用blocksize: 128进行量化
angle bits: 3
SVD 量化时间: 0.0038 秒
cluster: 2
group_size: 128
cluster Quantizing weight with shape: torch.Size([256, 128])
cluster: 2
group_size: 128
cluster Quantizing weight with shape: torch.Size([256, 128])
SVD 奇异值量化时间: 0.2318 秒
angle bits: 3
SVD 量化时间: 0.0041 秒
cluster: 2
group_size: 128
cluster Quantizing weight with shape: torch.Size([256, 128])
cluster: 2
group_size: 128
cluster Quantizing weight with shape: torch.Size([256, 128])
SVD 奇异值量化时间: 0.2373 秒
angle bits: 3
SVD 量化时间: 0.0041 秒
cluster: 2
group_size: 128
cluster Quantizing weight with shape: torch.Size([256, 128])
cluster: 2
group_size: 128
cluster Quantizing weight with shape: torch.Size([256, 128])
SVD 奇异值量化时间: 0.2304 秒
angle bits: 3
SVD 量化时间: 0.0041 秒
cluster: 2
group_size: 128
cluster Quantizing weight with shape: torch.Size([256, 128])
cluster: 2
group_size: 128
cluster Quantizing weight with shape: torch.Size([256, 128])
SVD 奇异值量化时间: 0.2302 秒
angle bits: 3
SVD 量化时间: 0.0041 秒
cluster: 2
group_size: 128
cluster Quantizing weight with shape: torch.Size([256, 128])
cluster: 2
group_size: 128
cluster Quantizing weight with shape: torch.Size([256, 128])
SVD 奇异值量化时间: 0.2333 秒
angle bits: 3
SVD 量化时间: 0.0041 秒
cluster: 2
group_size: 128
cluster Quantizing weight with shape: torch.Size([256, 128])
cluster: 2
group_size: 128
cluster Quantizing weight with shape: torch.Size([256, 128])
SVD 奇异值量化时间: 0.2376 秒
angle bits: 3
SVD 量化时间: 0.0041 秒
cluster: 2
group_size: 128
cluster Quantizing weight with shape: torch.Size([256, 128])
cluster: 2
group_size: 128
cluster Quantizing weight with shape: torch.Size([256, 128])
SVD 奇异值量化时间: 0.2310 秒
angle bits: 3
SVD 量化时间: 0.0041 秒
cluster: 2
group_size: 128
cluster Quantizing weight with shape: torch.Size([256, 128])
cluster: 2
group_size: 128
cluster Quantizing weight with shape: torch.Size([256, 128])
SVD 奇异值量化时间: 0.2298 秒
18 self_attn.out_proj
Quantizing ...
使用blocksize: 128进行量化
angle bits: 3
SVD 量化时间: 0.0037 秒
cluster: 2
group_size: 128
cluster Quantizing weight with shape: torch.Size([256, 128])
cluster: 2
group_size: 128
cluster Quantizing weight with shape: torch.Size([256, 128])
SVD 奇异值量化时间: 0.2295 秒
angle bits: 3
SVD 量化时间: 0.0041 秒
cluster: 2
group_size: 128
cluster Quantizing weight with shape: torch.Size([256, 128])
cluster: 2
group_size: 128
cluster Quantizing weight with shape: torch.Size([256, 128])
SVD 奇异值量化时间: 0.2322 秒
angle bits: 3
SVD 量化时间: 0.0041 秒
cluster: 2
group_size: 128
cluster Quantizing weight with shape: torch.Size([256, 128])
cluster: 2
group_size: 128
cluster Quantizing weight with shape: torch.Size([256, 128])
SVD 奇异值量化时间: 0.2371 秒
angle bits: 3
SVD 量化时间: 0.0042 秒
cluster: 2
group_size: 128
cluster Quantizing weight with shape: torch.Size([256, 128])
cluster: 2
group_size: 128
cluster Quantizing weight with shape: torch.Size([256, 128])
SVD 奇异值量化时间: 0.2392 秒
angle bits: 3
SVD 量化时间: 0.0042 秒
cluster: 2
group_size: 128
cluster Quantizing weight with shape: torch.Size([256, 128])
cluster: 2
group_size: 128
cluster Quantizing weight with shape: torch.Size([256, 128])
SVD 奇异值量化时间: 0.2341 秒
angle bits: 3
SVD 量化时间: 0.0041 秒
cluster: 2
group_size: 128
cluster Quantizing weight with shape: torch.Size([256, 128])
cluster: 2
group_size: 128
cluster Quantizing weight with shape: torch.Size([256, 128])
SVD 奇异值量化时间: 0.2359 秒
angle bits: 3
SVD 量化时间: 0.0041 秒
cluster: 2
group_size: 128
cluster Quantizing weight with shape: torch.Size([256, 128])
cluster: 2
group_size: 128
cluster Quantizing weight with shape: torch.Size([256, 128])
SVD 奇异值量化时间: 0.2386 秒
angle bits: 3
SVD 量化时间: 0.0042 秒
cluster: 2
group_size: 128
cluster Quantizing weight with shape: torch.Size([256, 128])
cluster: 2
group_size: 128
cluster Quantizing weight with shape: torch.Size([256, 128])
SVD 奇异值量化时间: 0.2340 秒
18 fc1
Quantizing ...
使用blocksize: 128进行量化
angle bits: 3
SVD 量化时间: 0.0135 秒
cluster: 2
group_size: 128
cluster Quantizing weight with shape: torch.Size([1024, 128])
cluster: 2
group_size: 128
cluster Quantizing weight with shape: torch.Size([1024, 128])
SVD 奇异值量化时间: 0.9230 秒
angle bits: 3
SVD 量化时间: 0.0149 秒
cluster: 2
group_size: 128
cluster Quantizing weight with shape: torch.Size([1024, 128])
cluster: 2
group_size: 128
cluster Quantizing weight with shape: torch.Size([1024, 128])
SVD 奇异值量化时间: 0.9238 秒
angle bits: 3
SVD 量化时间: 0.0149 秒
cluster: 2
group_size: 128
cluster Quantizing weight with shape: torch.Size([1024, 128])
cluster: 2
group_size: 128
cluster Quantizing weight with shape: torch.Size([1024, 128])
SVD 奇异值量化时间: 0.9243 秒
angle bits: 3
SVD 量化时间: 0.0149 秒
cluster: 2
group_size: 128
cluster Quantizing weight with shape: torch.Size([1024, 128])
cluster: 2
group_size: 128
cluster Quantizing weight with shape: torch.Size([1024, 128])
SVD 奇异值量化时间: 0.9234 秒
angle bits: 3
SVD 量化时间: 0.0149 秒
cluster: 2
group_size: 128
cluster Quantizing weight with shape: torch.Size([1024, 128])
cluster: 2
group_size: 128
cluster Quantizing weight with shape: torch.Size([1024, 128])
SVD 奇异值量化时间: 0.9255 秒
angle bits: 3
SVD 量化时间: 0.0149 秒
cluster: 2
group_size: 128
cluster Quantizing weight with shape: torch.Size([1024, 128])
cluster: 2
group_size: 128
cluster Quantizing weight with shape: torch.Size([1024, 128])
SVD 奇异值量化时间: 0.9274 秒
angle bits: 3
SVD 量化时间: 0.0149 秒
cluster: 2
group_size: 128
cluster Quantizing weight with shape: torch.Size([1024, 128])
cluster: 2
group_size: 128
cluster Quantizing weight with shape: torch.Size([1024, 128])
SVD 奇异值量化时间: 0.9275 秒
angle bits: 3
SVD 量化时间: 0.0149 秒
cluster: 2
group_size: 128
cluster Quantizing weight with shape: torch.Size([1024, 128])
cluster: 2
group_size: 128
cluster Quantizing weight with shape: torch.Size([1024, 128])
SVD 奇异值量化时间: 0.9282 秒
18 fc2
Quantizing ...
使用blocksize: 128进行量化
angle bits: 3
SVD 量化时间: 0.0038 秒
cluster: 2
group_size: 128
cluster Quantizing weight with shape: torch.Size([256, 128])
cluster: 2
group_size: 128
cluster Quantizing weight with shape: torch.Size([256, 128])
SVD 奇异值量化时间: 0.2291 秒
angle bits: 3
SVD 量化时间: 0.0042 秒
cluster: 2
group_size: 128
cluster Quantizing weight with shape: torch.Size([256, 128])
cluster: 2
group_size: 128
cluster Quantizing weight with shape: torch.Size([256, 128])
SVD 奇异值量化时间: 0.2365 秒
angle bits: 3
SVD 量化时间: 0.0042 秒
cluster: 2
group_size: 128
cluster Quantizing weight with shape: torch.Size([256, 128])
cluster: 2
group_size: 128
cluster Quantizing weight with shape: torch.Size([256, 128])
SVD 奇异值量化时间: 0.2301 秒
angle bits: 3
SVD 量化时间: 0.0041 秒
cluster: 2
group_size: 128
cluster Quantizing weight with shape: torch.Size([256, 128])
cluster: 2
group_size: 128
cluster Quantizing weight with shape: torch.Size([256, 128])
SVD 奇异值量化时间: 0.2304 秒
angle bits: 3
SVD 量化时间: 0.0041 秒
cluster: 2
group_size: 128
cluster Quantizing weight with shape: torch.Size([256, 128])
cluster: 2
group_size: 128
cluster Quantizing weight with shape: torch.Size([256, 128])
SVD 奇异值量化时间: 0.2329 秒
angle bits: 3
SVD 量化时间: 0.0041 秒
cluster: 2
group_size: 128
cluster Quantizing weight with shape: torch.Size([256, 128])
cluster: 2
group_size: 128
cluster Quantizing weight with shape: torch.Size([256, 128])
SVD 奇异值量化时间: 0.2381 秒
angle bits: 3
SVD 量化时间: 0.0042 秒
cluster: 2
group_size: 128
cluster Quantizing weight with shape: torch.Size([256, 128])
cluster: 2
group_size: 128
cluster Quantizing weight with shape: torch.Size([256, 128])
SVD 奇异值量化时间: 0.2365 秒
angle bits: 3
SVD 量化时间: 0.0042 秒
cluster: 2
group_size: 128
cluster Quantizing weight with shape: torch.Size([256, 128])
cluster: 2
group_size: 128
cluster Quantizing weight with shape: torch.Size([256, 128])
SVD 奇异值量化时间: 0.2335 秒
angle bits: 3
SVD 量化时间: 0.0042 秒
cluster: 2
group_size: 128
cluster Quantizing weight with shape: torch.Size([256, 128])
cluster: 2
group_size: 128
cluster Quantizing weight with shape: torch.Size([256, 128])
SVD 奇异值量化时间: 0.2321 秒
angle bits: 3
SVD 量化时间: 0.0042 秒
cluster: 2
group_size: 128
cluster Quantizing weight with shape: torch.Size([256, 128])
cluster: 2
group_size: 128
cluster Quantizing weight with shape: torch.Size([256, 128])
SVD 奇异值量化时间: 0.2369 秒
angle bits: 3
SVD 量化时间: 0.0042 秒
cluster: 2
group_size: 128
cluster Quantizing weight with shape: torch.Size([256, 128])
cluster: 2
group_size: 128
cluster Quantizing weight with shape: torch.Size([256, 128])
SVD 奇异值量化时间: 0.2374 秒
angle bits: 3
SVD 量化时间: 0.0041 秒
cluster: 2
group_size: 128
cluster Quantizing weight with shape: torch.Size([256, 128])
cluster: 2
group_size: 128
cluster Quantizing weight with shape: torch.Size([256, 128])
SVD 奇异值量化时间: 0.2308 秒
angle bits: 3
SVD 量化时间: 0.0041 秒
cluster: 2
group_size: 128
cluster Quantizing weight with shape: torch.Size([256, 128])
cluster: 2
group_size: 128
cluster Quantizing weight with shape: torch.Size([256, 128])
SVD 奇异值量化时间: 0.2304 秒
angle bits: 3
SVD 量化时间: 0.0041 秒
cluster: 2
group_size: 128
cluster Quantizing weight with shape: torch.Size([256, 128])
cluster: 2
group_size: 128
cluster Quantizing weight with shape: torch.Size([256, 128])
SVD 奇异值量化时间: 0.2307 秒
angle bits: 3
SVD 量化时间: 0.0041 秒
cluster: 2
group_size: 128
cluster Quantizing weight with shape: torch.Size([256, 128])
cluster: 2
group_size: 128
cluster Quantizing weight with shape: torch.Size([256, 128])
SVD 奇异值量化时间: 0.2365 秒
angle bits: 3
SVD 量化时间: 0.0041 秒
cluster: 2
group_size: 128
cluster Quantizing weight with shape: torch.Size([256, 128])
cluster: 2
group_size: 128
cluster Quantizing weight with shape: torch.Size([256, 128])
SVD 奇异值量化时间: 0.2327 秒
angle bits: 3
SVD 量化时间: 0.0041 秒
cluster: 2
group_size: 128
cluster Quantizing weight with shape: torch.Size([256, 128])
cluster: 2
group_size: 128
cluster Quantizing weight with shape: torch.Size([256, 128])
SVD 奇异值量化时间: 0.2294 秒
angle bits: 3
SVD 量化时间: 0.0041 秒
cluster: 2
group_size: 128
cluster Quantizing weight with shape: torch.Size([256, 128])
cluster: 2
group_size: 128
cluster Quantizing weight with shape: torch.Size([256, 128])
SVD 奇异值量化时间: 0.2304 秒
angle bits: 3
SVD 量化时间: 0.0041 秒
cluster: 2
group_size: 128
cluster Quantizing weight with shape: torch.Size([256, 128])
cluster: 2
group_size: 128
cluster Quantizing weight with shape: torch.Size([256, 128])
SVD 奇异值量化时间: 0.2323 秒
angle bits: 3
SVD 量化时间: 0.0041 秒
cluster: 2
group_size: 128
cluster Quantizing weight with shape: torch.Size([256, 128])
cluster: 2
group_size: 128
cluster Quantizing weight with shape: torch.Size([256, 128])
SVD 奇异值量化时间: 0.2368 秒
angle bits: 3
SVD 量化时间: 0.0041 秒
cluster: 2
group_size: 128
cluster Quantizing weight with shape: torch.Size([256, 128])
cluster: 2
group_size: 128
cluster Quantizing weight with shape: torch.Size([256, 128])
SVD 奇异值量化时间: 0.2306 秒
angle bits: 3
SVD 量化时间: 0.0041 秒
cluster: 2
group_size: 128
cluster Quantizing weight with shape: torch.Size([256, 128])
cluster: 2
group_size: 128
cluster Quantizing weight with shape: torch.Size([256, 128])
SVD 奇异值量化时间: 0.2329 秒
angle bits: 3
SVD 量化时间: 0.0041 秒
cluster: 2
group_size: 128
cluster Quantizing weight with shape: torch.Size([256, 128])
cluster: 2
group_size: 128
cluster Quantizing weight with shape: torch.Size([256, 128])
SVD 奇异值量化时间: 0.2320 秒
angle bits: 3
SVD 量化时间: 0.0041 秒
cluster: 2
group_size: 128
cluster Quantizing weight with shape: torch.Size([256, 128])
cluster: 2
group_size: 128
cluster Quantizing weight with shape: torch.Size([256, 128])
SVD 奇异值量化时间: 0.2360 秒
angle bits: 3
SVD 量化时间: 0.0041 秒
cluster: 2
group_size: 128
cluster Quantizing weight with shape: torch.Size([256, 128])
cluster: 2
group_size: 128
cluster Quantizing weight with shape: torch.Size([256, 128])
SVD 奇异值量化时间: 0.2332 秒
angle bits: 3
SVD 量化时间: 0.0041 秒
cluster: 2
group_size: 128
cluster Quantizing weight with shape: torch.Size([256, 128])
cluster: 2
group_size: 128
cluster Quantizing weight with shape: torch.Size([256, 128])
SVD 奇异值量化时间: 0.2311 秒
angle bits: 3
SVD 量化时间: 0.0041 秒
cluster: 2
group_size: 128
cluster Quantizing weight with shape: torch.Size([256, 128])
cluster: 2
group_size: 128
cluster Quantizing weight with shape: torch.Size([256, 128])
SVD 奇异值量化时间: 0.2350 秒
angle bits: 3
SVD 量化时间: 0.0041 秒
cluster: 2
group_size: 128
cluster Quantizing weight with shape: torch.Size([256, 128])
cluster: 2
group_size: 128
cluster Quantizing weight with shape: torch.Size([256, 128])
SVD 奇异值量化时间: 0.2360 秒
angle bits: 3
SVD 量化时间: 0.0041 秒
cluster: 2
group_size: 128
cluster Quantizing weight with shape: torch.Size([256, 128])
cluster: 2
group_size: 128
cluster Quantizing weight with shape: torch.Size([256, 128])
SVD 奇异值量化时间: 0.2330 秒
angle bits: 3
SVD 量化时间: 0.0041 秒
cluster: 2
group_size: 128
cluster Quantizing weight with shape: torch.Size([256, 128])
cluster: 2
group_size: 128
cluster Quantizing weight with shape: torch.Size([256, 128])
SVD 奇异值量化时间: 0.2303 秒
angle bits: 3
SVD 量化时间: 0.0041 秒
cluster: 2
group_size: 128
cluster Quantizing weight with shape: torch.Size([256, 128])
cluster: 2
group_size: 128
cluster Quantizing weight with shape: torch.Size([256, 128])
SVD 奇异值量化时间: 0.2337 秒
angle bits: 3
SVD 量化时间: 0.0041 秒
cluster: 2
group_size: 128
cluster Quantizing weight with shape: torch.Size([256, 128])
cluster: 2
group_size: 128
cluster Quantizing weight with shape: torch.Size([256, 128])
SVD 奇异值量化时间: 0.2327 秒
19 self_attn.k_proj
Quantizing ...
使用blocksize: 128进行量化
angle bits: 3
SVD 量化时间: 0.0041 秒
cluster: 2
group_size: 128
cluster Quantizing weight with shape: torch.Size([256, 128])
cluster: 2
group_size: 128
cluster Quantizing weight with shape: torch.Size([256, 128])
SVD 奇异值量化时间: 0.2291 秒
angle bits: 3
SVD 量化时间: 0.0042 秒
cluster: 2
group_size: 128
cluster Quantizing weight with shape: torch.Size([256, 128])
cluster: 2
group_size: 128
cluster Quantizing weight with shape: torch.Size([256, 128])
SVD 奇异值量化时间: 0.2301 秒
angle bits: 3
SVD 量化时间: 0.0041 秒
cluster: 2
group_size: 128
cluster Quantizing weight with shape: torch.Size([256, 128])
cluster: 2
group_size: 128
cluster Quantizing weight with shape: torch.Size([256, 128])
SVD 奇异值量化时间: 0.2342 秒
angle bits: 3
SVD 量化时间: 0.0041 秒
cluster: 2
group_size: 128
cluster Quantizing weight with shape: torch.Size([256, 128])
cluster: 2
group_size: 128
cluster Quantizing weight with shape: torch.Size([256, 128])
SVD 奇异值量化时间: 0.2304 秒
angle bits: 3
SVD 量化时间: 0.0041 秒
cluster: 2
group_size: 128
cluster Quantizing weight with shape: torch.Size([256, 128])
cluster: 2
group_size: 128
cluster Quantizing weight with shape: torch.Size([256, 128])
SVD 奇异值量化时间: 0.2296 秒
angle bits: 3
SVD 量化时间: 0.0041 秒
cluster: 2
group_size: 128
cluster Quantizing weight with shape: torch.Size([256, 128])
cluster: 2
group_size: 128
cluster Quantizing weight with shape: torch.Size([256, 128])
SVD 奇异值量化时间: 0.2289 秒
angle bits: 3
SVD 量化时间: 0.0041 秒
cluster: 2
group_size: 128
cluster Quantizing weight with shape: torch.Size([256, 128])
cluster: 2
group_size: 128
cluster Quantizing weight with shape: torch.Size([256, 128])
SVD 奇异值量化时间: 0.2325 秒
angle bits: 3
SVD 量化时间: 0.0042 秒
cluster: 2
group_size: 128
cluster Quantizing weight with shape: torch.Size([256, 128])
cluster: 2
group_size: 128
cluster Quantizing weight with shape: torch.Size([256, 128])
SVD 奇异值量化时间: 0.2339 秒
19 self_attn.v_proj
Quantizing ...
使用blocksize: 128进行量化
angle bits: 3
SVD 量化时间: 0.0040 秒
cluster: 2
group_size: 128
cluster Quantizing weight with shape: torch.Size([256, 128])
cluster: 2
group_size: 128
cluster Quantizing weight with shape: torch.Size([256, 128])
SVD 奇异值量化时间: 0.2324 秒
angle bits: 3
SVD 量化时间: 0.0041 秒
cluster: 2
group_size: 128
cluster Quantizing weight with shape: torch.Size([256, 128])
cluster: 2
group_size: 128
cluster Quantizing weight with shape: torch.Size([256, 128])
SVD 奇异值量化时间: 0.2300 秒
angle bits: 3
SVD 量化时间: 0.0041 秒
cluster: 2
group_size: 128
cluster Quantizing weight with shape: torch.Size([256, 128])
cluster: 2
group_size: 128
cluster Quantizing weight with shape: torch.Size([256, 128])
SVD 奇异值量化时间: 0.2307 秒
angle bits: 3
SVD 量化时间: 0.0041 秒
cluster: 2
group_size: 128
cluster Quantizing weight with shape: torch.Size([256, 128])
cluster: 2
group_size: 128
cluster Quantizing weight with shape: torch.Size([256, 128])
SVD 奇异值量化时间: 0.2349 秒
angle bits: 3
SVD 量化时间: 0.0041 秒
cluster: 2
group_size: 128
cluster Quantizing weight with shape: torch.Size([256, 128])
cluster: 2
group_size: 128
cluster Quantizing weight with shape: torch.Size([256, 128])
SVD 奇异值量化时间: 0.2298 秒
angle bits: 3
SVD 量化时间: 0.0041 秒
cluster: 2
group_size: 128
cluster Quantizing weight with shape: torch.Size([256, 128])
cluster: 2
group_size: 128
cluster Quantizing weight with shape: torch.Size([256, 128])
SVD 奇异值量化时间: 0.2339 秒
angle bits: 3
SVD 量化时间: 0.0041 秒
cluster: 2
group_size: 128
cluster Quantizing weight with shape: torch.Size([256, 128])
cluster: 2
group_size: 128
cluster Quantizing weight with shape: torch.Size([256, 128])
SVD 奇异值量化时间: 0.2304 秒
angle bits: 3
SVD 量化时间: 0.0041 秒
cluster: 2
group_size: 128
cluster Quantizing weight with shape: torch.Size([256, 128])
cluster: 2
group_size: 128
cluster Quantizing weight with shape: torch.Size([256, 128])
SVD 奇异值量化时间: 0.2323 秒
19 self_attn.q_proj
Quantizing ...
使用blocksize: 128进行量化
angle bits: 3
SVD 量化时间: 0.0039 秒
cluster: 2
group_size: 128
cluster Quantizing weight with shape: torch.Size([256, 128])
cluster: 2
group_size: 128
cluster Quantizing weight with shape: torch.Size([256, 128])
SVD 奇异值量化时间: 0.2298 秒
angle bits: 3
SVD 量化时间: 0.0042 秒
cluster: 2
group_size: 128
cluster Quantizing weight with shape: torch.Size([256, 128])
cluster: 2
group_size: 128
cluster Quantizing weight with shape: torch.Size([256, 128])
SVD 奇异值量化时间: 0.2364 秒
angle bits: 3
SVD 量化时间: 0.0042 秒
cluster: 2
group_size: 128
cluster Quantizing weight with shape: torch.Size([256, 128])
cluster: 2
group_size: 128
cluster Quantizing weight with shape: torch.Size([256, 128])
SVD 奇异值量化时间: 0.2326 秒
angle bits: 3
SVD 量化时间: 0.0041 秒
cluster: 2
group_size: 128
cluster Quantizing weight with shape: torch.Size([256, 128])
cluster: 2
group_size: 128
cluster Quantizing weight with shape: torch.Size([256, 128])
SVD 奇异值量化时间: 0.2295 秒
angle bits: 3
SVD 量化时间: 0.0041 秒
cluster: 2
group_size: 128
cluster Quantizing weight with shape: torch.Size([256, 128])
cluster: 2
group_size: 128
cluster Quantizing weight with shape: torch.Size([256, 128])
SVD 奇异值量化时间: 0.2360 秒
angle bits: 3
SVD 量化时间: 0.0041 秒
cluster: 2
group_size: 128
cluster Quantizing weight with shape: torch.Size([256, 128])
cluster: 2
group_size: 128
cluster Quantizing weight with shape: torch.Size([256, 128])
SVD 奇异值量化时间: 0.2312 秒
angle bits: 3
SVD 量化时间: 0.0041 秒
cluster: 2
group_size: 128
cluster Quantizing weight with shape: torch.Size([256, 128])
cluster: 2
group_size: 128
cluster Quantizing weight with shape: torch.Size([256, 128])
SVD 奇异值量化时间: 0.2307 秒
angle bits: 3
SVD 量化时间: 0.0041 秒
cluster: 2
group_size: 128
cluster Quantizing weight with shape: torch.Size([256, 128])
cluster: 2
group_size: 128
cluster Quantizing weight with shape: torch.Size([256, 128])
SVD 奇异值量化时间: 0.2283 秒
19 self_attn.out_proj
Quantizing ...
使用blocksize: 128进行量化
angle bits: 3
SVD 量化时间: 0.0037 秒
cluster: 2
group_size: 128
cluster Quantizing weight with shape: torch.Size([256, 128])
cluster: 2
group_size: 128
cluster Quantizing weight with shape: torch.Size([256, 128])
SVD 奇异值量化时间: 0.2347 秒
angle bits: 3
SVD 量化时间: 0.0041 秒
cluster: 2
group_size: 128
cluster Quantizing weight with shape: torch.Size([256, 128])
cluster: 2
group_size: 128
cluster Quantizing weight with shape: torch.Size([256, 128])
SVD 奇异值量化时间: 0.2311 秒
angle bits: 3
SVD 量化时间: 0.0041 秒
cluster: 2
group_size: 128
cluster Quantizing weight with shape: torch.Size([256, 128])
cluster: 2
group_size: 128
cluster Quantizing weight with shape: torch.Size([256, 128])
SVD 奇异值量化时间: 0.2336 秒
angle bits: 3
SVD 量化时间: 0.0041 秒
cluster: 2
group_size: 128
cluster Quantizing weight with shape: torch.Size([256, 128])
cluster: 2
group_size: 128
cluster Quantizing weight with shape: torch.Size([256, 128])
SVD 奇异值量化时间: 0.2302 秒
angle bits: 3
SVD 量化时间: 0.0041 秒
cluster: 2
group_size: 128
cluster Quantizing weight with shape: torch.Size([256, 128])
cluster: 2
group_size: 128
cluster Quantizing weight with shape: torch.Size([256, 128])
SVD 奇异值量化时间: 0.2320 秒
angle bits: 3
SVD 量化时间: 0.0041 秒
cluster: 2
group_size: 128
cluster Quantizing weight with shape: torch.Size([256, 128])
cluster: 2
group_size: 128
cluster Quantizing weight with shape: torch.Size([256, 128])
SVD 奇异值量化时间: 0.2326 秒
angle bits: 3
SVD 量化时间: 0.0041 秒
cluster: 2
group_size: 128
cluster Quantizing weight with shape: torch.Size([256, 128])
cluster: 2
group_size: 128
cluster Quantizing weight with shape: torch.Size([256, 128])
SVD 奇异值量化时间: 0.2306 秒
angle bits: 3
SVD 量化时间: 0.0041 秒
cluster: 2
group_size: 128
cluster Quantizing weight with shape: torch.Size([256, 128])
cluster: 2
group_size: 128
cluster Quantizing weight with shape: torch.Size([256, 128])
SVD 奇异值量化时间: 0.2317 秒
19 fc1
Quantizing ...
使用blocksize: 128进行量化
angle bits: 3
SVD 量化时间: 0.0132 秒
cluster: 2
group_size: 128
cluster Quantizing weight with shape: torch.Size([1024, 128])
cluster: 2
group_size: 128
cluster Quantizing weight with shape: torch.Size([1024, 128])
SVD 奇异值量化时间: 0.9338 秒
angle bits: 3
SVD 量化时间: 0.0149 秒
cluster: 2
group_size: 128
cluster Quantizing weight with shape: torch.Size([1024, 128])
cluster: 2
group_size: 128
cluster Quantizing weight with shape: torch.Size([1024, 128])
SVD 奇异值量化时间: 0.9352 秒
angle bits: 3
SVD 量化时间: 0.0150 秒
cluster: 2
group_size: 128
cluster Quantizing weight with shape: torch.Size([1024, 128])
cluster: 2
group_size: 128
cluster Quantizing weight with shape: torch.Size([1024, 128])
SVD 奇异值量化时间: 0.9330 秒
angle bits: 3
SVD 量化时间: 0.0149 秒
cluster: 2
group_size: 128
cluster Quantizing weight with shape: torch.Size([1024, 128])
cluster: 2
group_size: 128
cluster Quantizing weight with shape: torch.Size([1024, 128])
SVD 奇异值量化时间: 0.9277 秒
angle bits: 3
SVD 量化时间: 0.0147 秒
cluster: 2
group_size: 128
cluster Quantizing weight with shape: torch.Size([1024, 128])
cluster: 2
group_size: 128
cluster Quantizing weight with shape: torch.Size([1024, 128])
SVD 奇异值量化时间: 0.9301 秒
angle bits: 3
SVD 量化时间: 0.0149 秒
cluster: 2
group_size: 128
cluster Quantizing weight with shape: torch.Size([1024, 128])
cluster: 2
group_size: 128
cluster Quantizing weight with shape: torch.Size([1024, 128])
SVD 奇异值量化时间: 0.9310 秒
angle bits: 3
SVD 量化时间: 0.0149 秒
cluster: 2
group_size: 128
cluster Quantizing weight with shape: torch.Size([1024, 128])
cluster: 2
group_size: 128
cluster Quantizing weight with shape: torch.Size([1024, 128])
SVD 奇异值量化时间: 0.9300 秒
angle bits: 3
SVD 量化时间: 0.0149 秒
cluster: 2
group_size: 128
cluster Quantizing weight with shape: torch.Size([1024, 128])
cluster: 2
group_size: 128
cluster Quantizing weight with shape: torch.Size([1024, 128])
SVD 奇异值量化时间: 0.9302 秒
19 fc2
Quantizing ...
使用blocksize: 128进行量化
angle bits: 3
SVD 量化时间: 0.0038 秒
cluster: 2
group_size: 128
cluster Quantizing weight with shape: torch.Size([256, 128])
cluster: 2
group_size: 128
cluster Quantizing weight with shape: torch.Size([256, 128])
SVD 奇异值量化时间: 0.2369 秒
angle bits: 3
SVD 量化时间: 0.0042 秒
cluster: 2
group_size: 128
cluster Quantizing weight with shape: torch.Size([256, 128])
cluster: 2
group_size: 128
cluster Quantizing weight with shape: torch.Size([256, 128])
SVD 奇异值量化时间: 0.2314 秒
angle bits: 3
SVD 量化时间: 0.0041 秒
cluster: 2
group_size: 128
cluster Quantizing weight with shape: torch.Size([256, 128])
cluster: 2
group_size: 128
cluster Quantizing weight with shape: torch.Size([256, 128])
SVD 奇异值量化时间: 0.2330 秒
angle bits: 3
SVD 量化时间: 0.0042 秒
cluster: 2
group_size: 128
cluster Quantizing weight with shape: torch.Size([256, 128])
cluster: 2
group_size: 128
cluster Quantizing weight with shape: torch.Size([256, 128])
SVD 奇异值量化时间: 0.2682 秒
angle bits: 3
SVD 量化时间: 0.0043 秒
cluster: 2
group_size: 128
cluster Quantizing weight with shape: torch.Size([256, 128])
cluster: 2
group_size: 128
cluster Quantizing weight with shape: torch.Size([256, 128])
SVD 奇异值量化时间: 0.2774 秒
angle bits: 3
SVD 量化时间: 0.0043 秒
cluster: 2
group_size: 128
cluster Quantizing weight with shape: torch.Size([256, 128])
cluster: 2
group_size: 128
cluster Quantizing weight with shape: torch.Size([256, 128])
SVD 奇异值量化时间: 0.2691 秒
angle bits: 3
SVD 量化时间: 0.0043 秒
cluster: 2
group_size: 128
cluster Quantizing weight with shape: torch.Size([256, 128])
cluster: 2
group_size: 128
cluster Quantizing weight with shape: torch.Size([256, 128])
SVD 奇异值量化时间: 0.2741 秒
angle bits: 3
SVD 量化时间: 0.0043 秒
cluster: 2
group_size: 128
cluster Quantizing weight with shape: torch.Size([256, 128])
cluster: 2
group_size: 128
cluster Quantizing weight with shape: torch.Size([256, 128])
SVD 奇异值量化时间: 0.2761 秒
angle bits: 3
SVD 量化时间: 0.0043 秒
cluster: 2
group_size: 128
cluster Quantizing weight with shape: torch.Size([256, 128])
cluster: 2
group_size: 128
cluster Quantizing weight with shape: torch.Size([256, 128])
SVD 奇异值量化时间: 0.2758 秒
angle bits: 3
SVD 量化时间: 0.0043 秒
cluster: 2
group_size: 128
cluster Quantizing weight with shape: torch.Size([256, 128])
cluster: 2
group_size: 128
cluster Quantizing weight with shape: torch.Size([256, 128])
SVD 奇异值量化时间: 0.2720 秒
angle bits: 3
SVD 量化时间: 0.0043 秒
cluster: 2
group_size: 128
cluster Quantizing weight with shape: torch.Size([256, 128])
cluster: 2
group_size: 128
cluster Quantizing weight with shape: torch.Size([256, 128])
SVD 奇异值量化时间: 0.2386 秒
angle bits: 3
SVD 量化时间: 0.0042 秒
cluster: 2
group_size: 128
cluster Quantizing weight with shape: torch.Size([256, 128])
cluster: 2
group_size: 128
cluster Quantizing weight with shape: torch.Size([256, 128])
SVD 奇异值量化时间: 0.2335 秒
angle bits: 3
SVD 量化时间: 0.0041 秒
cluster: 2
group_size: 128
cluster Quantizing weight with shape: torch.Size([256, 128])
cluster: 2
group_size: 128
cluster Quantizing weight with shape: torch.Size([256, 128])
SVD 奇异值量化时间: 0.2327 秒
angle bits: 3
SVD 量化时间: 0.0041 秒
cluster: 2
group_size: 128
cluster Quantizing weight with shape: torch.Size([256, 128])
cluster: 2
group_size: 128
cluster Quantizing weight with shape: torch.Size([256, 128])
SVD 奇异值量化时间: 0.2306 秒
angle bits: 3
SVD 量化时间: 0.0041 秒
cluster: 2
group_size: 128
cluster Quantizing weight with shape: torch.Size([256, 128])
cluster: 2
group_size: 128
cluster Quantizing weight with shape: torch.Size([256, 128])
SVD 奇异值量化时间: 0.2296 秒
angle bits: 3
SVD 量化时间: 0.0041 秒
cluster: 2
group_size: 128
cluster Quantizing weight with shape: torch.Size([256, 128])
cluster: 2
group_size: 128
cluster Quantizing weight with shape: torch.Size([256, 128])
SVD 奇异值量化时间: 0.2338 秒
angle bits: 3
SVD 量化时间: 0.0041 秒
cluster: 2
group_size: 128
cluster Quantizing weight with shape: torch.Size([256, 128])
cluster: 2
group_size: 128
cluster Quantizing weight with shape: torch.Size([256, 128])
SVD 奇异值量化时间: 0.2372 秒
angle bits: 3
SVD 量化时间: 0.0041 秒
cluster: 2
group_size: 128
cluster Quantizing weight with shape: torch.Size([256, 128])
cluster: 2
group_size: 128
cluster Quantizing weight with shape: torch.Size([256, 128])
SVD 奇异值量化时间: 0.2293 秒
angle bits: 3
SVD 量化时间: 0.0041 秒
cluster: 2
group_size: 128
cluster Quantizing weight with shape: torch.Size([256, 128])
cluster: 2
group_size: 128
cluster Quantizing weight with shape: torch.Size([256, 128])
SVD 奇异值量化时间: 0.2304 秒
angle bits: 3
SVD 量化时间: 0.0041 秒
cluster: 2
group_size: 128
cluster Quantizing weight with shape: torch.Size([256, 128])
cluster: 2
group_size: 128
cluster Quantizing weight with shape: torch.Size([256, 128])
SVD 奇异值量化时间: 0.2324 秒
angle bits: 3
SVD 量化时间: 0.0041 秒
cluster: 2
group_size: 128
cluster Quantizing weight with shape: torch.Size([256, 128])
cluster: 2
group_size: 128
cluster Quantizing weight with shape: torch.Size([256, 128])
SVD 奇异值量化时间: 0.2364 秒
angle bits: 3
SVD 量化时间: 0.0041 秒
cluster: 2
group_size: 128
cluster Quantizing weight with shape: torch.Size([256, 128])
cluster: 2
group_size: 128
cluster Quantizing weight with shape: torch.Size([256, 128])
SVD 奇异值量化时间: 0.2325 秒
angle bits: 3
SVD 量化时间: 0.0041 秒
cluster: 2
group_size: 128
cluster Quantizing weight with shape: torch.Size([256, 128])
cluster: 2
group_size: 128
cluster Quantizing weight with shape: torch.Size([256, 128])
SVD 奇异值量化时间: 0.2291 秒
angle bits: 3
SVD 量化时间: 0.0041 秒
cluster: 2
group_size: 128
cluster Quantizing weight with shape: torch.Size([256, 128])
cluster: 2
group_size: 128
cluster Quantizing weight with shape: torch.Size([256, 128])
SVD 奇异值量化时间: 0.2306 秒
angle bits: 3
SVD 量化时间: 0.0041 秒
cluster: 2
group_size: 128
cluster Quantizing weight with shape: torch.Size([256, 128])
cluster: 2
group_size: 128
cluster Quantizing weight with shape: torch.Size([256, 128])
SVD 奇异值量化时间: 0.2348 秒
angle bits: 3
SVD 量化时间: 0.0044 秒
cluster: 2
group_size: 128
cluster Quantizing weight with shape: torch.Size([256, 128])
cluster: 2
group_size: 128
cluster Quantizing weight with shape: torch.Size([256, 128])
SVD 奇异值量化时间: 0.2356 秒
angle bits: 3
SVD 量化时间: 0.0041 秒
cluster: 2
group_size: 128
cluster Quantizing weight with shape: torch.Size([256, 128])
cluster: 2
group_size: 128
cluster Quantizing weight with shape: torch.Size([256, 128])
SVD 奇异值量化时间: 0.2309 秒
angle bits: 3
SVD 量化时间: 0.0041 秒
cluster: 2
group_size: 128
cluster Quantizing weight with shape: torch.Size([256, 128])
cluster: 2
group_size: 128
cluster Quantizing weight with shape: torch.Size([256, 128])
SVD 奇异值量化时间: 0.2310 秒
angle bits: 3
SVD 量化时间: 0.0041 秒
cluster: 2
group_size: 128
cluster Quantizing weight with shape: torch.Size([256, 128])
cluster: 2
group_size: 128
cluster Quantizing weight with shape: torch.Size([256, 128])
SVD 奇异值量化时间: 0.2374 秒
angle bits: 3
SVD 量化时间: 0.0042 秒
cluster: 2
group_size: 128
cluster Quantizing weight with shape: torch.Size([256, 128])
cluster: 2
group_size: 128
cluster Quantizing weight with shape: torch.Size([256, 128])
SVD 奇异值量化时间: 0.2392 秒
angle bits: 3
SVD 量化时间: 0.0041 秒
cluster: 2
group_size: 128
cluster Quantizing weight with shape: torch.Size([256, 128])
cluster: 2
group_size: 128
cluster Quantizing weight with shape: torch.Size([256, 128])
SVD 奇异值量化时间: 0.2334 秒
angle bits: 3
SVD 量化时间: 0.0041 秒
cluster: 2
group_size: 128
cluster Quantizing weight with shape: torch.Size([256, 128])
cluster: 2
group_size: 128
cluster Quantizing weight with shape: torch.Size([256, 128])
SVD 奇异值量化时间: 0.2354 秒
20 self_attn.k_proj
Quantizing ...
使用blocksize: 128进行量化
angle bits: 3
SVD 量化时间: 0.0041 秒
cluster: 2
group_size: 128
cluster Quantizing weight with shape: torch.Size([256, 128])
cluster: 2
group_size: 128
cluster Quantizing weight with shape: torch.Size([256, 128])
SVD 奇异值量化时间: 0.2398 秒
angle bits: 3
SVD 量化时间: 0.0042 秒
cluster: 2
group_size: 128
cluster Quantizing weight with shape: torch.Size([256, 128])
cluster: 2
group_size: 128
cluster Quantizing weight with shape: torch.Size([256, 128])
SVD 奇异值量化时间: 0.2401 秒
angle bits: 3
SVD 量化时间: 0.0042 秒
cluster: 2
group_size: 128
cluster Quantizing weight with shape: torch.Size([256, 128])
cluster: 2
group_size: 128
cluster Quantizing weight with shape: torch.Size([256, 128])
SVD 奇异值量化时间: 0.2520 秒
angle bits: 3
SVD 量化时间: 0.0042 秒
cluster: 2
group_size: 128
cluster Quantizing weight with shape: torch.Size([256, 128])
cluster: 2
group_size: 128
cluster Quantizing weight with shape: torch.Size([256, 128])
SVD 奇异值量化时间: 0.2433 秒
angle bits: 3
SVD 量化时间: 0.0042 秒
cluster: 2
group_size: 128
cluster Quantizing weight with shape: torch.Size([256, 128])
cluster: 2
group_size: 128
cluster Quantizing weight with shape: torch.Size([256, 128])
SVD 奇异值量化时间: 0.2407 秒
angle bits: 3
SVD 量化时间: 0.0041 秒
cluster: 2
group_size: 128
cluster Quantizing weight with shape: torch.Size([256, 128])
cluster: 2
group_size: 128
cluster Quantizing weight with shape: torch.Size([256, 128])
SVD 奇异值量化时间: 0.2422 秒
angle bits: 3
SVD 量化时间: 0.0042 秒
cluster: 2
group_size: 128
cluster Quantizing weight with shape: torch.Size([256, 128])
cluster: 2
group_size: 128
cluster Quantizing weight with shape: torch.Size([256, 128])
SVD 奇异值量化时间: 0.2399 秒
angle bits: 3
SVD 量化时间: 0.0042 秒
cluster: 2
group_size: 128
cluster Quantizing weight with shape: torch.Size([256, 128])
cluster: 2
group_size: 128
cluster Quantizing weight with shape: torch.Size([256, 128])
SVD 奇异值量化时间: 0.2409 秒
20 self_attn.v_proj
Quantizing ...
使用blocksize: 128进行量化
angle bits: 3
SVD 量化时间: 0.0041 秒
cluster: 2
group_size: 128
cluster Quantizing weight with shape: torch.Size([256, 128])
cluster: 2
group_size: 128
cluster Quantizing weight with shape: torch.Size([256, 128])
SVD 奇异值量化时间: 0.2398 秒
angle bits: 3
SVD 量化时间: 0.0041 秒
cluster: 2
group_size: 128
cluster Quantizing weight with shape: torch.Size([256, 128])
cluster: 2
group_size: 128
cluster Quantizing weight with shape: torch.Size([256, 128])
SVD 奇异值量化时间: 0.2416 秒
angle bits: 3
SVD 量化时间: 0.0042 秒
cluster: 2
group_size: 128
cluster Quantizing weight with shape: torch.Size([256, 128])
cluster: 2
group_size: 128
cluster Quantizing weight with shape: torch.Size([256, 128])
SVD 奇异值量化时间: 0.2414 秒
angle bits: 3
SVD 量化时间: 0.0042 秒
cluster: 2
group_size: 128
cluster Quantizing weight with shape: torch.Size([256, 128])
cluster: 2
group_size: 128
cluster Quantizing weight with shape: torch.Size([256, 128])
SVD 奇异值量化时间: 0.2387 秒
angle bits: 3
SVD 量化时间: 0.0042 秒
cluster: 2
group_size: 128
cluster Quantizing weight with shape: torch.Size([256, 128])
cluster: 2
group_size: 128
cluster Quantizing weight with shape: torch.Size([256, 128])
SVD 奇异值量化时间: 0.2443 秒
angle bits: 3
SVD 量化时间: 0.0042 秒
cluster: 2
group_size: 128
cluster Quantizing weight with shape: torch.Size([256, 128])
cluster: 2
group_size: 128
cluster Quantizing weight with shape: torch.Size([256, 128])
SVD 奇异值量化时间: 0.2399 秒
angle bits: 3
SVD 量化时间: 0.0042 秒
cluster: 2
group_size: 128
cluster Quantizing weight with shape: torch.Size([256, 128])
cluster: 2
group_size: 128
cluster Quantizing weight with shape: torch.Size([256, 128])
SVD 奇异值量化时间: 0.2393 秒
angle bits: 3
SVD 量化时间: 0.0041 秒
cluster: 2
group_size: 128
cluster Quantizing weight with shape: torch.Size([256, 128])
cluster: 2
group_size: 128
cluster Quantizing weight with shape: torch.Size([256, 128])
SVD 奇异值量化时间: 0.2413 秒
20 self_attn.q_proj
Quantizing ...
使用blocksize: 128进行量化
angle bits: 3
SVD 量化时间: 0.0040 秒
cluster: 2
group_size: 128
cluster Quantizing weight with shape: torch.Size([256, 128])
cluster: 2
group_size: 128
cluster Quantizing weight with shape: torch.Size([256, 128])
SVD 奇异值量化时间: 0.2388 秒
angle bits: 3
SVD 量化时间: 0.0042 秒
cluster: 2
group_size: 128
cluster Quantizing weight with shape: torch.Size([256, 128])
cluster: 2
group_size: 128
cluster Quantizing weight with shape: torch.Size([256, 128])
SVD 奇异值量化时间: 0.2386 秒
angle bits: 3
SVD 量化时间: 0.0042 秒
cluster: 2
group_size: 128
cluster Quantizing weight with shape: torch.Size([256, 128])
cluster: 2
group_size: 128
cluster Quantizing weight with shape: torch.Size([256, 128])
SVD 奇异值量化时间: 0.2387 秒
angle bits: 3
SVD 量化时间: 0.0042 秒
cluster: 2
group_size: 128
cluster Quantizing weight with shape: torch.Size([256, 128])
cluster: 2
group_size: 128
cluster Quantizing weight with shape: torch.Size([256, 128])
SVD 奇异值量化时间: 0.2381 秒
angle bits: 3
SVD 量化时间: 0.0042 秒
cluster: 2
group_size: 128
cluster Quantizing weight with shape: torch.Size([256, 128])
cluster: 2
group_size: 128
cluster Quantizing weight with shape: torch.Size([256, 128])
SVD 奇异值量化时间: 0.2402 秒
angle bits: 3
SVD 量化时间: 0.0042 秒
cluster: 2
group_size: 128
cluster Quantizing weight with shape: torch.Size([256, 128])
cluster: 2
group_size: 128
cluster Quantizing weight with shape: torch.Size([256, 128])
SVD 奇异值量化时间: 0.2420 秒
angle bits: 3
SVD 量化时间: 0.0042 秒
cluster: 2
group_size: 128
cluster Quantizing weight with shape: torch.Size([256, 128])
cluster: 2
group_size: 128
cluster Quantizing weight with shape: torch.Size([256, 128])
SVD 奇异值量化时间: 0.2374 秒
angle bits: 3
SVD 量化时间: 0.0042 秒
cluster: 2
group_size: 128
cluster Quantizing weight with shape: torch.Size([256, 128])
cluster: 2
group_size: 128
cluster Quantizing weight with shape: torch.Size([256, 128])
SVD 奇异值量化时间: 0.2370 秒
20 self_attn.out_proj
Quantizing ...
使用blocksize: 128进行量化
angle bits: 3
SVD 量化时间: 0.0039 秒
cluster: 2
group_size: 128
cluster Quantizing weight with shape: torch.Size([256, 128])
cluster: 2
group_size: 128
cluster Quantizing weight with shape: torch.Size([256, 128])
SVD 奇异值量化时间: 0.2368 秒
angle bits: 3
SVD 量化时间: 0.0042 秒
cluster: 2
group_size: 128
cluster Quantizing weight with shape: torch.Size([256, 128])
cluster: 2
group_size: 128
cluster Quantizing weight with shape: torch.Size([256, 128])
SVD 奇异值量化时间: 0.2443 秒
angle bits: 3
SVD 量化时间: 0.0042 秒
cluster: 2
group_size: 128
cluster Quantizing weight with shape: torch.Size([256, 128])
cluster: 2
group_size: 128
cluster Quantizing weight with shape: torch.Size([256, 128])
SVD 奇异值量化时间: 0.2387 秒
angle bits: 3
SVD 量化时间: 0.0042 秒
cluster: 2
group_size: 128
cluster Quantizing weight with shape: torch.Size([256, 128])
cluster: 2
group_size: 128
cluster Quantizing weight with shape: torch.Size([256, 128])
SVD 奇异值量化时间: 0.2389 秒
angle bits: 3
SVD 量化时间: 0.0042 秒
cluster: 2
group_size: 128
cluster Quantizing weight with shape: torch.Size([256, 128])
cluster: 2
group_size: 128
cluster Quantizing weight with shape: torch.Size([256, 128])
SVD 奇异值量化时间: 0.2381 秒
angle bits: 3
SVD 量化时间: 0.0041 秒
cluster: 2
group_size: 128
cluster Quantizing weight with shape: torch.Size([256, 128])
cluster: 2
group_size: 128
cluster Quantizing weight with shape: torch.Size([256, 128])
SVD 奇异值量化时间: 0.2355 秒
angle bits: 3
SVD 量化时间: 0.0042 秒
cluster: 2
group_size: 128
cluster Quantizing weight with shape: torch.Size([256, 128])
cluster: 2
group_size: 128
cluster Quantizing weight with shape: torch.Size([256, 128])
SVD 奇异值量化时间: 0.2314 秒
angle bits: 3
SVD 量化时间: 0.0041 秒
cluster: 2
group_size: 128
cluster Quantizing weight with shape: torch.Size([256, 128])
cluster: 2
group_size: 128
cluster Quantizing weight with shape: torch.Size([256, 128])
SVD 奇异值量化时间: 0.2291 秒
20 fc1
Quantizing ...
使用blocksize: 128进行量化
angle bits: 3
SVD 量化时间: 0.0133 秒
cluster: 2
group_size: 128
cluster Quantizing weight with shape: torch.Size([1024, 128])
cluster: 2
group_size: 128
cluster Quantizing weight with shape: torch.Size([1024, 128])
SVD 奇异值量化时间: 0.9404 秒
angle bits: 3
SVD 量化时间: 0.0149 秒
cluster: 2
group_size: 128
cluster Quantizing weight with shape: torch.Size([1024, 128])
cluster: 2
group_size: 128
cluster Quantizing weight with shape: torch.Size([1024, 128])
SVD 奇异值量化时间: 0.9420 秒
angle bits: 3
SVD 量化时间: 0.0150 秒
cluster: 2
group_size: 128
cluster Quantizing weight with shape: torch.Size([1024, 128])
cluster: 2
group_size: 128
cluster Quantizing weight with shape: torch.Size([1024, 128])
SVD 奇异值量化时间: 0.9396 秒
angle bits: 3
SVD 量化时间: 0.0149 秒
cluster: 2
group_size: 128
cluster Quantizing weight with shape: torch.Size([1024, 128])
cluster: 2
group_size: 128
cluster Quantizing weight with shape: torch.Size([1024, 128])
SVD 奇异值量化时间: 0.9275 秒
angle bits: 3
SVD 量化时间: 0.0147 秒
cluster: 2
group_size: 128
cluster Quantizing weight with shape: torch.Size([1024, 128])
cluster: 2
group_size: 128
cluster Quantizing weight with shape: torch.Size([1024, 128])
SVD 奇异值量化时间: 0.9329 秒
angle bits: 3
SVD 量化时间: 0.0150 秒
cluster: 2
group_size: 128
cluster Quantizing weight with shape: torch.Size([1024, 128])
cluster: 2
group_size: 128
cluster Quantizing weight with shape: torch.Size([1024, 128])
SVD 奇异值量化时间: 0.9324 秒
angle bits: 3
SVD 量化时间: 0.0149 秒
cluster: 2
group_size: 128
cluster Quantizing weight with shape: torch.Size([1024, 128])
cluster: 2
group_size: 128
cluster Quantizing weight with shape: torch.Size([1024, 128])
SVD 奇异值量化时间: 0.9259 秒
angle bits: 3
SVD 量化时间: 0.0150 秒
cluster: 2
group_size: 128
cluster Quantizing weight with shape: torch.Size([1024, 128])
cluster: 2
group_size: 128
cluster Quantizing weight with shape: torch.Size([1024, 128])
SVD 奇异值量化时间: 0.9420 秒
20 fc2
Quantizing ...
使用blocksize: 128进行量化
angle bits: 3
SVD 量化时间: 0.0038 秒
cluster: 2
group_size: 128
cluster Quantizing weight with shape: torch.Size([256, 128])
cluster: 2
group_size: 128
cluster Quantizing weight with shape: torch.Size([256, 128])
SVD 奇异值量化时间: 0.2366 秒
angle bits: 3
SVD 量化时间: 0.0042 秒
cluster: 2
group_size: 128
cluster Quantizing weight with shape: torch.Size([256, 128])
cluster: 2
group_size: 128
cluster Quantizing weight with shape: torch.Size([256, 128])
SVD 奇异值量化时间: 0.2362 秒
angle bits: 3
SVD 量化时间: 0.0042 秒
cluster: 2
group_size: 128
cluster Quantizing weight with shape: torch.Size([256, 128])
cluster: 2
group_size: 128
cluster Quantizing weight with shape: torch.Size([256, 128])
SVD 奇异值量化时间: 0.2314 秒
angle bits: 3
SVD 量化时间: 0.0041 秒
cluster: 2
group_size: 128
cluster Quantizing weight with shape: torch.Size([256, 128])
cluster: 2
group_size: 128
cluster Quantizing weight with shape: torch.Size([256, 128])
SVD 奇异值量化时间: 0.2305 秒
angle bits: 3
SVD 量化时间: 0.0041 秒
cluster: 2
group_size: 128
cluster Quantizing weight with shape: torch.Size([256, 128])
cluster: 2
group_size: 128
cluster Quantizing weight with shape: torch.Size([256, 128])
SVD 奇异值量化时间: 0.2363 秒
angle bits: 3
SVD 量化时间: 0.0042 秒
cluster: 2
group_size: 128
cluster Quantizing weight with shape: torch.Size([256, 128])
cluster: 2
group_size: 128
cluster Quantizing weight with shape: torch.Size([256, 128])
SVD 奇异值量化时间: 0.2364 秒
angle bits: 3
SVD 量化时间: 0.0041 秒
cluster: 2
group_size: 128
cluster Quantizing weight with shape: torch.Size([256, 128])
cluster: 2
group_size: 128
cluster Quantizing weight with shape: torch.Size([256, 128])
SVD 奇异值量化时间: 0.2338 秒
angle bits: 3
SVD 量化时间: 0.0042 秒
cluster: 2
group_size: 128
cluster Quantizing weight with shape: torch.Size([256, 128])
cluster: 2
group_size: 128
cluster Quantizing weight with shape: torch.Size([256, 128])
SVD 奇异值量化时间: 0.2300 秒
angle bits: 3
SVD 量化时间: 0.0041 秒
cluster: 2
group_size: 128
cluster Quantizing weight with shape: torch.Size([256, 128])
cluster: 2
group_size: 128
cluster Quantizing weight with shape: torch.Size([256, 128])
SVD 奇异值量化时间: 0.2390 秒
angle bits: 3
SVD 量化时间: 0.0042 秒
cluster: 2
group_size: 128
cluster Quantizing weight with shape: torch.Size([256, 128])
cluster: 2
group_size: 128
cluster Quantizing weight with shape: torch.Size([256, 128])
SVD 奇异值量化时间: 0.2331 秒
angle bits: 3
SVD 量化时间: 0.0041 秒
cluster: 2
group_size: 128
cluster Quantizing weight with shape: torch.Size([256, 128])
cluster: 2
group_size: 128
cluster Quantizing weight with shape: torch.Size([256, 128])
SVD 奇异值量化时间: 0.2336 秒
angle bits: 3
SVD 量化时间: 0.0042 秒
cluster: 2
group_size: 128
cluster Quantizing weight with shape: torch.Size([256, 128])
cluster: 2
group_size: 128
cluster Quantizing weight with shape: torch.Size([256, 128])
SVD 奇异值量化时间: 0.2306 秒
angle bits: 3
SVD 量化时间: 0.0041 秒
cluster: 2
group_size: 128
cluster Quantizing weight with shape: torch.Size([256, 128])
cluster: 2
group_size: 128
cluster Quantizing weight with shape: torch.Size([256, 128])
SVD 奇异值量化时间: 0.2330 秒
angle bits: 3
SVD 量化时间: 0.0042 秒
cluster: 2
group_size: 128
cluster Quantizing weight with shape: torch.Size([256, 128])
cluster: 2
group_size: 128
cluster Quantizing weight with shape: torch.Size([256, 128])
SVD 奇异值量化时间: 0.2381 秒
angle bits: 3
SVD 量化时间: 0.0042 秒
cluster: 2
group_size: 128
cluster Quantizing weight with shape: torch.Size([256, 128])
cluster: 2
group_size: 128
cluster Quantizing weight with shape: torch.Size([256, 128])
SVD 奇异值量化时间: 0.2323 秒
angle bits: 3
SVD 量化时间: 0.0041 秒
cluster: 2
group_size: 128
cluster Quantizing weight with shape: torch.Size([256, 128])
cluster: 2
group_size: 128
cluster Quantizing weight with shape: torch.Size([256, 128])
SVD 奇异值量化时间: 0.2323 秒
angle bits: 3
SVD 量化时间: 0.0041 秒
cluster: 2
group_size: 128
cluster Quantizing weight with shape: torch.Size([256, 128])
cluster: 2
group_size: 128
cluster Quantizing weight with shape: torch.Size([256, 128])
SVD 奇异值量化时间: 0.2313 秒
angle bits: 3
SVD 量化时间: 0.0041 秒
cluster: 2
group_size: 128
cluster Quantizing weight with shape: torch.Size([256, 128])
cluster: 2
group_size: 128
cluster Quantizing weight with shape: torch.Size([256, 128])
SVD 奇异值量化时间: 0.2371 秒
angle bits: 3
SVD 量化时间: 0.0041 秒
cluster: 2
group_size: 128
cluster Quantizing weight with shape: torch.Size([256, 128])
cluster: 2
group_size: 128
cluster Quantizing weight with shape: torch.Size([256, 128])
SVD 奇异值量化时间: 0.2409 秒
angle bits: 3
SVD 量化时间: 0.0042 秒
cluster: 2
group_size: 128
cluster Quantizing weight with shape: torch.Size([256, 128])
cluster: 2
group_size: 128
cluster Quantizing weight with shape: torch.Size([256, 128])
SVD 奇异值量化时间: 0.2397 秒
angle bits: 3
SVD 量化时间: 0.0042 秒
cluster: 2
group_size: 128
cluster Quantizing weight with shape: torch.Size([256, 128])
cluster: 2
group_size: 128
cluster Quantizing weight with shape: torch.Size([256, 128])
SVD 奇异值量化时间: 0.2369 秒
angle bits: 3
SVD 量化时间: 0.0042 秒
cluster: 2
group_size: 128
cluster Quantizing weight with shape: torch.Size([256, 128])
cluster: 2
group_size: 128
cluster Quantizing weight with shape: torch.Size([256, 128])
SVD 奇异值量化时间: 0.2383 秒
angle bits: 3
SVD 量化时间: 0.0042 秒
cluster: 2
group_size: 128
cluster Quantizing weight with shape: torch.Size([256, 128])
cluster: 2
group_size: 128
cluster Quantizing weight with shape: torch.Size([256, 128])
SVD 奇异值量化时间: 0.2356 秒
angle bits: 3
SVD 量化时间: 0.0041 秒
cluster: 2
group_size: 128
cluster Quantizing weight with shape: torch.Size([256, 128])
cluster: 2
group_size: 128
cluster Quantizing weight with shape: torch.Size([256, 128])
SVD 奇异值量化时间: 0.2331 秒
angle bits: 3
SVD 量化时间: 0.0041 秒
cluster: 2
group_size: 128
cluster Quantizing weight with shape: torch.Size([256, 128])
cluster: 2
group_size: 128
cluster Quantizing weight with shape: torch.Size([256, 128])
SVD 奇异值量化时间: 0.2339 秒
angle bits: 3
SVD 量化时间: 0.0041 秒
cluster: 2
group_size: 128
cluster Quantizing weight with shape: torch.Size([256, 128])
cluster: 2
group_size: 128
cluster Quantizing weight with shape: torch.Size([256, 128])
SVD 奇异值量化时间: 0.2310 秒
angle bits: 3
SVD 量化时间: 0.0041 秒
cluster: 2
group_size: 128
cluster Quantizing weight with shape: torch.Size([256, 128])
cluster: 2
group_size: 128
cluster Quantizing weight with shape: torch.Size([256, 128])
SVD 奇异值量化时间: 0.2369 秒
angle bits: 3
SVD 量化时间: 0.0041 秒
cluster: 2
group_size: 128
cluster Quantizing weight with shape: torch.Size([256, 128])
cluster: 2
group_size: 128
cluster Quantizing weight with shape: torch.Size([256, 128])
SVD 奇异值量化时间: 0.2317 秒
angle bits: 3
SVD 量化时间: 0.0041 秒
cluster: 2
group_size: 128
cluster Quantizing weight with shape: torch.Size([256, 128])
cluster: 2
group_size: 128
cluster Quantizing weight with shape: torch.Size([256, 128])
SVD 奇异值量化时间: 0.2364 秒
angle bits: 3
SVD 量化时间: 0.0041 秒
cluster: 2
group_size: 128
cluster Quantizing weight with shape: torch.Size([256, 128])
cluster: 2
group_size: 128
cluster Quantizing weight with shape: torch.Size([256, 128])
SVD 奇异值量化时间: 0.2310 秒
angle bits: 3
SVD 量化时间: 0.0041 秒
cluster: 2
group_size: 128
cluster Quantizing weight with shape: torch.Size([256, 128])
cluster: 2
group_size: 128
cluster Quantizing weight with shape: torch.Size([256, 128])
SVD 奇异值量化时间: 0.2365 秒
angle bits: 3
SVD 量化时间: 0.0041 秒
cluster: 2
group_size: 128
cluster Quantizing weight with shape: torch.Size([256, 128])
cluster: 2
group_size: 128
cluster Quantizing weight with shape: torch.Size([256, 128])
SVD 奇异值量化时间: 0.2308 秒
21 self_attn.k_proj
Quantizing ...
使用blocksize: 128进行量化
angle bits: 3
SVD 量化时间: 0.0040 秒
cluster: 2
group_size: 128
cluster Quantizing weight with shape: torch.Size([256, 128])
cluster: 2
group_size: 128
cluster Quantizing weight with shape: torch.Size([256, 128])
SVD 奇异值量化时间: 0.2301 秒
angle bits: 3
SVD 量化时间: 0.0042 秒
cluster: 2
group_size: 128
cluster Quantizing weight with shape: torch.Size([256, 128])
cluster: 2
group_size: 128
cluster Quantizing weight with shape: torch.Size([256, 128])
SVD 奇异值量化时间: 0.2335 秒
angle bits: 3
SVD 量化时间: 0.0042 秒
cluster: 2
group_size: 128
cluster Quantizing weight with shape: torch.Size([256, 128])
cluster: 2
group_size: 128
cluster Quantizing weight with shape: torch.Size([256, 128])
SVD 奇异值量化时间: 0.2302 秒
angle bits: 3
SVD 量化时间: 0.0041 秒
cluster: 2
group_size: 128
cluster Quantizing weight with shape: torch.Size([256, 128])
cluster: 2
group_size: 128
cluster Quantizing weight with shape: torch.Size([256, 128])
SVD 奇异值量化时间: 0.2315 秒
angle bits: 3
SVD 量化时间: 0.0041 秒
cluster: 2
group_size: 128
cluster Quantizing weight with shape: torch.Size([256, 128])
cluster: 2
group_size: 128
cluster Quantizing weight with shape: torch.Size([256, 128])
SVD 奇异值量化时间: 0.2318 秒
angle bits: 3
SVD 量化时间: 0.0041 秒
cluster: 2
group_size: 128
cluster Quantizing weight with shape: torch.Size([256, 128])
cluster: 2
group_size: 128
cluster Quantizing weight with shape: torch.Size([256, 128])
SVD 奇异值量化时间: 0.2367 秒
angle bits: 3
SVD 量化时间: 0.0042 秒
cluster: 2
group_size: 128
cluster Quantizing weight with shape: torch.Size([256, 128])
cluster: 2
group_size: 128
cluster Quantizing weight with shape: torch.Size([256, 128])
SVD 奇异值量化时间: 0.2343 秒
angle bits: 3
SVD 量化时间: 0.0041 秒
cluster: 2
group_size: 128
cluster Quantizing weight with shape: torch.Size([256, 128])
cluster: 2
group_size: 128
cluster Quantizing weight with shape: torch.Size([256, 128])
SVD 奇异值量化时间: 0.2310 秒
21 self_attn.v_proj
Quantizing ...
使用blocksize: 128进行量化
angle bits: 3
SVD 量化时间: 0.0040 秒
cluster: 2
group_size: 128
cluster Quantizing weight with shape: torch.Size([256, 128])
cluster: 2
group_size: 128
cluster Quantizing weight with shape: torch.Size([256, 128])
SVD 奇异值量化时间: 0.2317 秒
angle bits: 3
SVD 量化时间: 0.0041 秒
cluster: 2
group_size: 128
cluster Quantizing weight with shape: torch.Size([256, 128])
cluster: 2
group_size: 128
cluster Quantizing weight with shape: torch.Size([256, 128])
SVD 奇异值量化时间: 0.2340 秒
angle bits: 3
SVD 量化时间: 0.0041 秒
cluster: 2
group_size: 128
cluster Quantizing weight with shape: torch.Size([256, 128])
cluster: 2
group_size: 128
cluster Quantizing weight with shape: torch.Size([256, 128])
SVD 奇异值量化时间: 0.2315 秒
angle bits: 3
SVD 量化时间: 0.0041 秒
cluster: 2
group_size: 128
cluster Quantizing weight with shape: torch.Size([256, 128])
cluster: 2
group_size: 128
cluster Quantizing weight with shape: torch.Size([256, 128])
SVD 奇异值量化时间: 0.2303 秒
angle bits: 3
SVD 量化时间: 0.0041 秒
cluster: 2
group_size: 128
cluster Quantizing weight with shape: torch.Size([256, 128])
cluster: 2
group_size: 128
cluster Quantizing weight with shape: torch.Size([256, 128])
SVD 奇异值量化时间: 0.2322 秒
angle bits: 3
SVD 量化时间: 0.0041 秒
cluster: 2
group_size: 128
cluster Quantizing weight with shape: torch.Size([256, 128])
cluster: 2
group_size: 128
cluster Quantizing weight with shape: torch.Size([256, 128])
SVD 奇异值量化时间: 0.2337 秒
angle bits: 3
SVD 量化时间: 0.0041 秒
cluster: 2
group_size: 128
cluster Quantizing weight with shape: torch.Size([256, 128])
cluster: 2
group_size: 128
cluster Quantizing weight with shape: torch.Size([256, 128])
SVD 奇异值量化时间: 0.2345 秒
angle bits: 3
SVD 量化时间: 0.0041 秒
cluster: 2
group_size: 128
cluster Quantizing weight with shape: torch.Size([256, 128])
cluster: 2
group_size: 128
cluster Quantizing weight with shape: torch.Size([256, 128])
SVD 奇异值量化时间: 0.2288 秒
21 self_attn.q_proj
Quantizing ...
使用blocksize: 128进行量化
angle bits: 3
SVD 量化时间: 0.0039 秒
cluster: 2
group_size: 128
cluster Quantizing weight with shape: torch.Size([256, 128])
cluster: 2
group_size: 128
cluster Quantizing weight with shape: torch.Size([256, 128])
SVD 奇异值量化时间: 0.2285 秒
angle bits: 3
SVD 量化时间: 0.0041 秒
cluster: 2
group_size: 128
cluster Quantizing weight with shape: torch.Size([256, 128])
cluster: 2
group_size: 128
cluster Quantizing weight with shape: torch.Size([256, 128])
SVD 奇异值量化时间: 0.2307 秒
angle bits: 3
SVD 量化时间: 0.0041 秒
cluster: 2
group_size: 128
cluster Quantizing weight with shape: torch.Size([256, 128])
cluster: 2
group_size: 128
cluster Quantizing weight with shape: torch.Size([256, 128])
SVD 奇异值量化时间: 0.2386 秒
angle bits: 3
SVD 量化时间: 0.0042 秒
cluster: 2
group_size: 128
cluster Quantizing weight with shape: torch.Size([256, 128])
cluster: 2
group_size: 128
cluster Quantizing weight with shape: torch.Size([256, 128])
SVD 奇异值量化时间: 0.2353 秒
angle bits: 3
SVD 量化时间: 0.0041 秒
cluster: 2
group_size: 128
cluster Quantizing weight with shape: torch.Size([256, 128])
cluster: 2
group_size: 128
cluster Quantizing weight with shape: torch.Size([256, 128])
SVD 奇异值量化时间: 0.2341 秒
angle bits: 3
SVD 量化时间: 0.0041 秒
cluster: 2
group_size: 128
cluster Quantizing weight with shape: torch.Size([256, 128])
cluster: 2
group_size: 128
cluster Quantizing weight with shape: torch.Size([256, 128])
SVD 奇异值量化时间: 0.2391 秒
angle bits: 3
SVD 量化时间: 0.0042 秒
cluster: 2
group_size: 128
cluster Quantizing weight with shape: torch.Size([256, 128])
cluster: 2
group_size: 128
cluster Quantizing weight with shape: torch.Size([256, 128])
SVD 奇异值量化时间: 0.2348 秒
angle bits: 3
SVD 量化时间: 0.0041 秒
cluster: 2
group_size: 128
cluster Quantizing weight with shape: torch.Size([256, 128])
cluster: 2
group_size: 128
cluster Quantizing weight with shape: torch.Size([256, 128])
SVD 奇异值量化时间: 0.2347 秒
21 self_attn.out_proj
Quantizing ...
使用blocksize: 128进行量化
angle bits: 3
SVD 量化时间: 0.0037 秒
cluster: 2
group_size: 128
cluster Quantizing weight with shape: torch.Size([256, 128])
cluster: 2
group_size: 128
cluster Quantizing weight with shape: torch.Size([256, 128])
SVD 奇异值量化时间: 0.2288 秒
angle bits: 3
SVD 量化时间: 0.0041 秒
cluster: 2
group_size: 128
cluster Quantizing weight with shape: torch.Size([256, 128])
cluster: 2
group_size: 128
cluster Quantizing weight with shape: torch.Size([256, 128])
SVD 奇异值量化时间: 0.2319 秒
angle bits: 3
SVD 量化时间: 0.0041 秒
cluster: 2
group_size: 128
cluster Quantizing weight with shape: torch.Size([256, 128])
cluster: 2
group_size: 128
cluster Quantizing weight with shape: torch.Size([256, 128])
SVD 奇异值量化时间: 0.2370 秒
angle bits: 3
SVD 量化时间: 0.0042 秒
cluster: 2
group_size: 128
cluster Quantizing weight with shape: torch.Size([256, 128])
cluster: 2
group_size: 128
cluster Quantizing weight with shape: torch.Size([256, 128])
SVD 奇异值量化时间: 0.2357 秒
angle bits: 3
SVD 量化时间: 0.0041 秒
cluster: 2
group_size: 128
cluster Quantizing weight with shape: torch.Size([256, 128])
cluster: 2
group_size: 128
cluster Quantizing weight with shape: torch.Size([256, 128])
SVD 奇异值量化时间: 0.2288 秒
angle bits: 3
SVD 量化时间: 0.0041 秒
cluster: 2
group_size: 128
cluster Quantizing weight with shape: torch.Size([256, 128])
cluster: 2
group_size: 128
cluster Quantizing weight with shape: torch.Size([256, 128])
SVD 奇异值量化时间: 0.2297 秒
angle bits: 3
SVD 量化时间: 0.0041 秒
cluster: 2
group_size: 128
cluster Quantizing weight with shape: torch.Size([256, 128])
cluster: 2
group_size: 128
cluster Quantizing weight with shape: torch.Size([256, 128])
SVD 奇异值量化时间: 0.2330 秒
angle bits: 3
SVD 量化时间: 0.0041 秒
cluster: 2
group_size: 128
cluster Quantizing weight with shape: torch.Size([256, 128])
cluster: 2
group_size: 128
cluster Quantizing weight with shape: torch.Size([256, 128])
SVD 奇异值量化时间: 0.2372 秒
21 fc1
Quantizing ...
使用blocksize: 128进行量化
angle bits: 3
SVD 量化时间: 0.0133 秒
cluster: 2
group_size: 128
cluster Quantizing weight with shape: torch.Size([1024, 128])
cluster: 2
group_size: 128
cluster Quantizing weight with shape: torch.Size([1024, 128])
SVD 奇异值量化时间: 0.9234 秒
angle bits: 3
SVD 量化时间: 0.0149 秒
cluster: 2
group_size: 128
cluster Quantizing weight with shape: torch.Size([1024, 128])
cluster: 2
group_size: 128
cluster Quantizing weight with shape: torch.Size([1024, 128])
SVD 奇异值量化时间: 0.9277 秒
angle bits: 3
SVD 量化时间: 0.0150 秒
cluster: 2
group_size: 128
cluster Quantizing weight with shape: torch.Size([1024, 128])
cluster: 2
group_size: 128
cluster Quantizing weight with shape: torch.Size([1024, 128])
SVD 奇异值量化时间: 0.9314 秒
angle bits: 3
SVD 量化时间: 0.0149 秒
cluster: 2
group_size: 128
cluster Quantizing weight with shape: torch.Size([1024, 128])
cluster: 2
group_size: 128
cluster Quantizing weight with shape: torch.Size([1024, 128])
SVD 奇异值量化时间: 0.9255 秒
angle bits: 3
SVD 量化时间: 0.0147 秒
cluster: 2
group_size: 128
cluster Quantizing weight with shape: torch.Size([1024, 128])
cluster: 2
group_size: 128
cluster Quantizing weight with shape: torch.Size([1024, 128])
SVD 奇异值量化时间: 0.9248 秒
angle bits: 3
SVD 量化时间: 0.0149 秒
cluster: 2
group_size: 128
cluster Quantizing weight with shape: torch.Size([1024, 128])
cluster: 2
group_size: 128
cluster Quantizing weight with shape: torch.Size([1024, 128])
SVD 奇异值量化时间: 0.9242 秒
angle bits: 3
SVD 量化时间: 0.0148 秒
cluster: 2
group_size: 128
cluster Quantizing weight with shape: torch.Size([1024, 128])
cluster: 2
group_size: 128
cluster Quantizing weight with shape: torch.Size([1024, 128])
SVD 奇异值量化时间: 0.9261 秒
angle bits: 3
SVD 量化时间: 0.0149 秒
cluster: 2
group_size: 128
cluster Quantizing weight with shape: torch.Size([1024, 128])
cluster: 2
group_size: 128
cluster Quantizing weight with shape: torch.Size([1024, 128])
SVD 奇异值量化时间: 1.0381 秒
21 fc2
Quantizing ...
使用blocksize: 128进行量化
angle bits: 3
SVD 量化时间: 0.0038 秒
cluster: 2
group_size: 128
cluster Quantizing weight with shape: torch.Size([256, 128])
cluster: 2
group_size: 128
cluster Quantizing weight with shape: torch.Size([256, 128])
SVD 奇异值量化时间: 0.2311 秒
angle bits: 3
SVD 量化时间: 0.0042 秒
cluster: 2
group_size: 128
cluster Quantizing weight with shape: torch.Size([256, 128])
cluster: 2
group_size: 128
cluster Quantizing weight with shape: torch.Size([256, 128])
SVD 奇异值量化时间: 0.2313 秒
angle bits: 3
SVD 量化时间: 0.0041 秒
cluster: 2
group_size: 128
cluster Quantizing weight with shape: torch.Size([256, 128])
cluster: 2
group_size: 128
cluster Quantizing weight with shape: torch.Size([256, 128])
SVD 奇异值量化时间: 0.2389 秒
angle bits: 3
SVD 量化时间: 0.0042 秒
cluster: 2
group_size: 128
cluster Quantizing weight with shape: torch.Size([256, 128])
cluster: 2
group_size: 128
cluster Quantizing weight with shape: torch.Size([256, 128])
SVD 奇异值量化时间: 0.2333 秒
angle bits: 3
SVD 量化时间: 0.0041 秒
cluster: 2
group_size: 128
cluster Quantizing weight with shape: torch.Size([256, 128])
cluster: 2
group_size: 128
cluster Quantizing weight with shape: torch.Size([256, 128])
SVD 奇异值量化时间: 0.2363 秒
angle bits: 3
SVD 量化时间: 0.0041 秒
cluster: 2
group_size: 128
cluster Quantizing weight with shape: torch.Size([256, 128])
cluster: 2
group_size: 128
cluster Quantizing weight with shape: torch.Size([256, 128])
SVD 奇异值量化时间: 0.2314 秒
angle bits: 3
SVD 量化时间: 0.0041 秒
cluster: 2
group_size: 128
cluster Quantizing weight with shape: torch.Size([256, 128])
cluster: 2
group_size: 128
cluster Quantizing weight with shape: torch.Size([256, 128])
SVD 奇异值量化时间: 0.2366 秒
angle bits: 3
SVD 量化时间: 0.0042 秒
cluster: 2
group_size: 128
cluster Quantizing weight with shape: torch.Size([256, 128])
cluster: 2
group_size: 128
cluster Quantizing weight with shape: torch.Size([256, 128])
SVD 奇异值量化时间: 0.2333 秒
angle bits: 3
SVD 量化时间: 0.0041 秒
cluster: 2
group_size: 128
cluster Quantizing weight with shape: torch.Size([256, 128])
cluster: 2
group_size: 128
cluster Quantizing weight with shape: torch.Size([256, 128])
SVD 奇异值量化时间: 0.2342 秒
angle bits: 3
SVD 量化时间: 0.0042 秒
cluster: 2
group_size: 128
cluster Quantizing weight with shape: torch.Size([256, 128])
cluster: 2
group_size: 128
cluster Quantizing weight with shape: torch.Size([256, 128])
SVD 奇异值量化时间: 0.2403 秒
angle bits: 3
SVD 量化时间: 0.0042 秒
cluster: 2
group_size: 128
cluster Quantizing weight with shape: torch.Size([256, 128])
cluster: 2
group_size: 128
cluster Quantizing weight with shape: torch.Size([256, 128])
SVD 奇异值量化时间: 0.2393 秒
angle bits: 3
SVD 量化时间: 0.0042 秒
cluster: 2
group_size: 128
cluster Quantizing weight with shape: torch.Size([256, 128])
cluster: 2
group_size: 128
cluster Quantizing weight with shape: torch.Size([256, 128])
SVD 奇异值量化时间: 0.2398 秒
angle bits: 3
SVD 量化时间: 0.0042 秒
cluster: 2
group_size: 128
cluster Quantizing weight with shape: torch.Size([256, 128])
cluster: 2
group_size: 128
cluster Quantizing weight with shape: torch.Size([256, 128])
SVD 奇异值量化时间: 0.2354 秒
angle bits: 3
SVD 量化时间: 0.0042 秒
cluster: 2
group_size: 128
cluster Quantizing weight with shape: torch.Size([256, 128])
cluster: 2
group_size: 128
cluster Quantizing weight with shape: torch.Size([256, 128])
SVD 奇异值量化时间: 0.2328 秒
angle bits: 3
SVD 量化时间: 0.0041 秒
cluster: 2
group_size: 128
cluster Quantizing weight with shape: torch.Size([256, 128])
cluster: 2
group_size: 128
cluster Quantizing weight with shape: torch.Size([256, 128])
SVD 奇异值量化时间: 0.2316 秒
angle bits: 3
SVD 量化时间: 0.0042 秒
cluster: 2
group_size: 128
cluster Quantizing weight with shape: torch.Size([256, 128])
cluster: 2
group_size: 128
cluster Quantizing weight with shape: torch.Size([256, 128])
SVD 奇异值量化时间: 0.2356 秒
angle bits: 3
SVD 量化时间: 0.0041 秒
cluster: 2
group_size: 128
cluster Quantizing weight with shape: torch.Size([256, 128])
cluster: 2
group_size: 128
cluster Quantizing weight with shape: torch.Size([256, 128])
SVD 奇异值量化时间: 0.2333 秒
angle bits: 3
SVD 量化时间: 0.0041 秒
cluster: 2
group_size: 128
cluster Quantizing weight with shape: torch.Size([256, 128])
cluster: 2
group_size: 128
cluster Quantizing weight with shape: torch.Size([256, 128])
SVD 奇异值量化时间: 0.2301 秒
angle bits: 3
SVD 量化时间: 0.0041 秒
cluster: 2
group_size: 128
cluster Quantizing weight with shape: torch.Size([256, 128])
cluster: 2
group_size: 128
cluster Quantizing weight with shape: torch.Size([256, 128])
SVD 奇异值量化时间: 0.2306 秒
angle bits: 3
SVD 量化时间: 0.0041 秒
cluster: 2
group_size: 128
cluster Quantizing weight with shape: torch.Size([256, 128])
cluster: 2
group_size: 128
cluster Quantizing weight with shape: torch.Size([256, 128])
SVD 奇异值量化时间: 0.2351 秒
angle bits: 3
SVD 量化时间: 0.0041 秒
cluster: 2
group_size: 128
cluster Quantizing weight with shape: torch.Size([256, 128])
cluster: 2
group_size: 128
cluster Quantizing weight with shape: torch.Size([256, 128])
SVD 奇异值量化时间: 0.2349 秒
angle bits: 3
SVD 量化时间: 0.0041 秒
cluster: 2
group_size: 128
cluster Quantizing weight with shape: torch.Size([256, 128])
cluster: 2
group_size: 128
cluster Quantizing weight with shape: torch.Size([256, 128])
SVD 奇异值量化时间: 0.2307 秒
angle bits: 3
SVD 量化时间: 0.0041 秒
cluster: 2
group_size: 128
cluster Quantizing weight with shape: torch.Size([256, 128])
cluster: 2
group_size: 128
cluster Quantizing weight with shape: torch.Size([256, 128])
SVD 奇异值量化时间: 0.2297 秒
angle bits: 3
SVD 量化时间: 0.0041 秒
cluster: 2
group_size: 128
cluster Quantizing weight with shape: torch.Size([256, 128])
cluster: 2
group_size: 128
cluster Quantizing weight with shape: torch.Size([256, 128])
SVD 奇异值量化时间: 0.2323 秒
angle bits: 3
SVD 量化时间: 0.0041 秒
cluster: 2
group_size: 128
cluster Quantizing weight with shape: torch.Size([256, 128])
cluster: 2
group_size: 128
cluster Quantizing weight with shape: torch.Size([256, 128])
SVD 奇异值量化时间: 0.2366 秒
angle bits: 3
SVD 量化时间: 0.0041 秒
cluster: 2
group_size: 128
cluster Quantizing weight with shape: torch.Size([256, 128])
cluster: 2
group_size: 128
cluster Quantizing weight with shape: torch.Size([256, 128])
SVD 奇异值量化时间: 0.2355 秒
angle bits: 3
SVD 量化时间: 0.0041 秒
cluster: 2
group_size: 128
cluster Quantizing weight with shape: torch.Size([256, 128])
cluster: 2
group_size: 128
cluster Quantizing weight with shape: torch.Size([256, 128])
SVD 奇异值量化时间: 0.2311 秒
angle bits: 3
SVD 量化时间: 0.0041 秒
cluster: 2
group_size: 128
cluster Quantizing weight with shape: torch.Size([256, 128])
cluster: 2
group_size: 128
cluster Quantizing weight with shape: torch.Size([256, 128])
SVD 奇异值量化时间: 0.2310 秒
angle bits: 3
SVD 量化时间: 0.0041 秒
cluster: 2
group_size: 128
cluster Quantizing weight with shape: torch.Size([256, 128])
cluster: 2
group_size: 128
cluster Quantizing weight with shape: torch.Size([256, 128])
SVD 奇异值量化时间: 0.2365 秒
angle bits: 3
SVD 量化时间: 0.0041 秒
cluster: 2
group_size: 128
cluster Quantizing weight with shape: torch.Size([256, 128])
cluster: 2
group_size: 128
cluster Quantizing weight with shape: torch.Size([256, 128])
SVD 奇异值量化时间: 0.2371 秒
angle bits: 3
SVD 量化时间: 0.0041 秒
cluster: 2
group_size: 128
cluster Quantizing weight with shape: torch.Size([256, 128])
cluster: 2
group_size: 128
cluster Quantizing weight with shape: torch.Size([256, 128])
SVD 奇异值量化时间: 0.2306 秒
angle bits: 3
SVD 量化时间: 0.0041 秒
cluster: 2
group_size: 128
cluster Quantizing weight with shape: torch.Size([256, 128])
cluster: 2
group_size: 128
cluster Quantizing weight with shape: torch.Size([256, 128])
SVD 奇异值量化时间: 0.2307 秒
22 self_attn.k_proj
Quantizing ...
使用blocksize: 128进行量化
angle bits: 3
SVD 量化时间: 0.0041 秒
cluster: 2
group_size: 128
cluster Quantizing weight with shape: torch.Size([256, 128])
cluster: 2
group_size: 128
cluster Quantizing weight with shape: torch.Size([256, 128])
SVD 奇异值量化时间: 0.2336 秒
angle bits: 3
SVD 量化时间: 0.0041 秒
cluster: 2
group_size: 128
cluster Quantizing weight with shape: torch.Size([256, 128])
cluster: 2
group_size: 128
cluster Quantizing weight with shape: torch.Size([256, 128])
SVD 奇异值量化时间: 0.2289 秒
angle bits: 3
SVD 量化时间: 0.0042 秒
cluster: 2
group_size: 128
cluster Quantizing weight with shape: torch.Size([256, 128])
cluster: 2
group_size: 128
cluster Quantizing weight with shape: torch.Size([256, 128])
SVD 奇异值量化时间: 0.2296 秒
angle bits: 3
SVD 量化时间: 0.0041 秒
cluster: 2
group_size: 128
cluster Quantizing weight with shape: torch.Size([256, 128])
cluster: 2
group_size: 128
cluster Quantizing weight with shape: torch.Size([256, 128])
SVD 奇异值量化时间: 0.2363 秒
angle bits: 3
SVD 量化时间: 0.0041 秒
cluster: 2
group_size: 128
cluster Quantizing weight with shape: torch.Size([256, 128])
cluster: 2
group_size: 128
cluster Quantizing weight with shape: torch.Size([256, 128])
SVD 奇异值量化时间: 0.2328 秒
angle bits: 3
SVD 量化时间: 0.0041 秒
cluster: 2
group_size: 128
cluster Quantizing weight with shape: torch.Size([256, 128])
cluster: 2
group_size: 128
cluster Quantizing weight with shape: torch.Size([256, 128])
SVD 奇异值量化时间: 0.2325 秒
angle bits: 3
SVD 量化时间: 0.0041 秒
cluster: 2
group_size: 128
cluster Quantizing weight with shape: torch.Size([256, 128])
cluster: 2
group_size: 128
cluster Quantizing weight with shape: torch.Size([256, 128])
SVD 奇异值量化时间: 0.2288 秒
angle bits: 3
SVD 量化时间: 0.0041 秒
cluster: 2
group_size: 128
cluster Quantizing weight with shape: torch.Size([256, 128])
cluster: 2
group_size: 128
cluster Quantizing weight with shape: torch.Size([256, 128])
SVD 奇异值量化时间: 0.2334 秒
22 self_attn.v_proj
Quantizing ...
使用blocksize: 128进行量化
angle bits: 3
SVD 量化时间: 0.0039 秒
cluster: 2
group_size: 128
cluster Quantizing weight with shape: torch.Size([256, 128])
cluster: 2
group_size: 128
cluster Quantizing weight with shape: torch.Size([256, 128])
SVD 奇异值量化时间: 0.2331 秒
angle bits: 3
SVD 量化时间: 0.0041 秒
cluster: 2
group_size: 128
cluster Quantizing weight with shape: torch.Size([256, 128])
cluster: 2
group_size: 128
cluster Quantizing weight with shape: torch.Size([256, 128])
SVD 奇异值量化时间: 0.2364 秒
angle bits: 3
SVD 量化时间: 0.0041 秒
cluster: 2
group_size: 128
cluster Quantizing weight with shape: torch.Size([256, 128])
cluster: 2
group_size: 128
cluster Quantizing weight with shape: torch.Size([256, 128])
SVD 奇异值量化时间: 0.2313 秒
angle bits: 3
SVD 量化时间: 0.0041 秒
cluster: 2
group_size: 128
cluster Quantizing weight with shape: torch.Size([256, 128])
cluster: 2
group_size: 128
cluster Quantizing weight with shape: torch.Size([256, 128])
SVD 奇异值量化时间: 0.2333 秒
angle bits: 3
SVD 量化时间: 0.0042 秒
cluster: 2
group_size: 128
cluster Quantizing weight with shape: torch.Size([256, 128])
cluster: 2
group_size: 128
cluster Quantizing weight with shape: torch.Size([256, 128])
SVD 奇异值量化时间: 0.2365 秒
angle bits: 3
SVD 量化时间: 0.0041 秒
cluster: 2
group_size: 128
cluster Quantizing weight with shape: torch.Size([256, 128])
cluster: 2
group_size: 128
cluster Quantizing weight with shape: torch.Size([256, 128])
SVD 奇异值量化时间: 0.2318 秒
angle bits: 3
SVD 量化时间: 0.0041 秒
cluster: 2
group_size: 128
cluster Quantizing weight with shape: torch.Size([256, 128])
cluster: 2
group_size: 128
cluster Quantizing weight with shape: torch.Size([256, 128])
SVD 奇异值量化时间: 0.2298 秒
angle bits: 3
SVD 量化时间: 0.0041 秒
cluster: 2
group_size: 128
cluster Quantizing weight with shape: torch.Size([256, 128])
cluster: 2
group_size: 128
cluster Quantizing weight with shape: torch.Size([256, 128])
SVD 奇异值量化时间: 0.2297 秒
22 self_attn.q_proj
Quantizing ...
使用blocksize: 128进行量化
angle bits: 3
SVD 量化时间: 0.0038 秒
cluster: 2
group_size: 128
cluster Quantizing weight with shape: torch.Size([256, 128])
cluster: 2
group_size: 128
cluster Quantizing weight with shape: torch.Size([256, 128])
SVD 奇异值量化时间: 0.2361 秒
angle bits: 3
SVD 量化时间: 0.0041 秒
cluster: 2
group_size: 128
cluster Quantizing weight with shape: torch.Size([256, 128])
cluster: 2
group_size: 128
cluster Quantizing weight with shape: torch.Size([256, 128])
SVD 奇异值量化时间: 0.2311 秒
angle bits: 3
SVD 量化时间: 0.0041 秒
cluster: 2
group_size: 128
cluster Quantizing weight with shape: torch.Size([256, 128])
cluster: 2
group_size: 128
cluster Quantizing weight with shape: torch.Size([256, 128])
SVD 奇异值量化时间: 0.2307 秒
angle bits: 3
SVD 量化时间: 0.0041 秒
cluster: 2
group_size: 128
cluster Quantizing weight with shape: torch.Size([256, 128])
cluster: 2
group_size: 128
cluster Quantizing weight with shape: torch.Size([256, 128])
SVD 奇异值量化时间: 0.2291 秒
angle bits: 3
SVD 量化时间: 0.0041 秒
cluster: 2
group_size: 128
cluster Quantizing weight with shape: torch.Size([256, 128])
cluster: 2
group_size: 128
cluster Quantizing weight with shape: torch.Size([256, 128])
SVD 奇异值量化时间: 0.2328 秒
angle bits: 3
SVD 量化时间: 0.0041 秒
cluster: 2
group_size: 128
cluster Quantizing weight with shape: torch.Size([256, 128])
cluster: 2
group_size: 128
cluster Quantizing weight with shape: torch.Size([256, 128])
SVD 奇异值量化时间: 0.2319 秒
angle bits: 3
SVD 量化时间: 0.0041 秒
cluster: 2
group_size: 128
cluster Quantizing weight with shape: torch.Size([256, 128])
cluster: 2
group_size: 128
cluster Quantizing weight with shape: torch.Size([256, 128])
SVD 奇异值量化时间: 0.2310 秒
angle bits: 3
SVD 量化时间: 0.0041 秒
cluster: 2
group_size: 128
cluster Quantizing weight with shape: torch.Size([256, 128])
cluster: 2
group_size: 128
cluster Quantizing weight with shape: torch.Size([256, 128])
SVD 奇异值量化时间: 0.2300 秒
22 self_attn.out_proj
Quantizing ...
使用blocksize: 128进行量化
angle bits: 3
SVD 量化时间: 0.0037 秒
cluster: 2
group_size: 128
cluster Quantizing weight with shape: torch.Size([256, 128])
cluster: 2
group_size: 128
cluster Quantizing weight with shape: torch.Size([256, 128])
SVD 奇异值量化时间: 0.2284 秒
angle bits: 3
SVD 量化时间: 0.0041 秒
cluster: 2
group_size: 128
cluster Quantizing weight with shape: torch.Size([256, 128])
cluster: 2
group_size: 128
cluster Quantizing weight with shape: torch.Size([256, 128])
SVD 奇异值量化时间: 0.2343 秒
angle bits: 3
SVD 量化时间: 0.0041 秒
cluster: 2
group_size: 128
cluster Quantizing weight with shape: torch.Size([256, 128])
cluster: 2
group_size: 128
cluster Quantizing weight with shape: torch.Size([256, 128])
SVD 奇异值量化时间: 0.2282 秒
angle bits: 3
SVD 量化时间: 0.0041 秒
cluster: 2
group_size: 128
cluster Quantizing weight with shape: torch.Size([256, 128])
cluster: 2
group_size: 128
cluster Quantizing weight with shape: torch.Size([256, 128])
SVD 奇异值量化时间: 0.2303 秒
angle bits: 3
SVD 量化时间: 0.0041 秒
cluster: 2
group_size: 128
cluster Quantizing weight with shape: torch.Size([256, 128])
cluster: 2
group_size: 128
cluster Quantizing weight with shape: torch.Size([256, 128])
SVD 奇异值量化时间: 0.2288 秒
angle bits: 3
SVD 量化时间: 0.0041 秒
cluster: 2
group_size: 128
cluster Quantizing weight with shape: torch.Size([256, 128])
cluster: 2
group_size: 128
cluster Quantizing weight with shape: torch.Size([256, 128])
SVD 奇异值量化时间: 0.2352 秒
angle bits: 3
SVD 量化时间: 0.0041 秒
cluster: 2
group_size: 128
cluster Quantizing weight with shape: torch.Size([256, 128])
cluster: 2
group_size: 128
cluster Quantizing weight with shape: torch.Size([256, 128])
SVD 奇异值量化时间: 0.2305 秒
angle bits: 3
SVD 量化时间: 0.0041 秒
cluster: 2
group_size: 128
cluster Quantizing weight with shape: torch.Size([256, 128])
cluster: 2
group_size: 128
cluster Quantizing weight with shape: torch.Size([256, 128])
SVD 奇异值量化时间: 0.2297 秒
22 fc1
Quantizing ...
使用blocksize: 128进行量化
angle bits: 3
SVD 量化时间: 0.0133 秒
cluster: 2
group_size: 128
cluster Quantizing weight with shape: torch.Size([1024, 128])
cluster: 2
group_size: 128
cluster Quantizing weight with shape: torch.Size([1024, 128])
SVD 奇异值量化时间: 0.9253 秒
angle bits: 3
SVD 量化时间: 0.0149 秒
cluster: 2
group_size: 128
cluster Quantizing weight with shape: torch.Size([1024, 128])
cluster: 2
group_size: 128
cluster Quantizing weight with shape: torch.Size([1024, 128])
SVD 奇异值量化时间: 0.9283 秒
angle bits: 3
SVD 量化时间: 0.0149 秒
cluster: 2
group_size: 128
cluster Quantizing weight with shape: torch.Size([1024, 128])
cluster: 2
group_size: 128
cluster Quantizing weight with shape: torch.Size([1024, 128])
SVD 奇异值量化时间: 0.9319 秒
angle bits: 3
SVD 量化时间: 0.0149 秒
cluster: 2
group_size: 128
cluster Quantizing weight with shape: torch.Size([1024, 128])
cluster: 2
group_size: 128
cluster Quantizing weight with shape: torch.Size([1024, 128])
SVD 奇异值量化时间: 0.9276 秒
angle bits: 3
SVD 量化时间: 0.0147 秒
cluster: 2
group_size: 128
cluster Quantizing weight with shape: torch.Size([1024, 128])
cluster: 2
group_size: 128
cluster Quantizing weight with shape: torch.Size([1024, 128])
SVD 奇异值量化时间: 0.9245 秒
angle bits: 3
SVD 量化时间: 0.0149 秒
cluster: 2
group_size: 128
cluster Quantizing weight with shape: torch.Size([1024, 128])
cluster: 2
group_size: 128
cluster Quantizing weight with shape: torch.Size([1024, 128])
SVD 奇异值量化时间: 0.9274 秒
angle bits: 3
SVD 量化时间: 0.0149 秒
cluster: 2
group_size: 128
cluster Quantizing weight with shape: torch.Size([1024, 128])
cluster: 2
group_size: 128
cluster Quantizing weight with shape: torch.Size([1024, 128])
SVD 奇异值量化时间: 1.0126 秒
angle bits: 3
SVD 量化时间: 0.0151 秒
cluster: 2
group_size: 128
cluster Quantizing weight with shape: torch.Size([1024, 128])
cluster: 2
group_size: 128
cluster Quantizing weight with shape: torch.Size([1024, 128])
SVD 奇异值量化时间: 1.1177 秒
22 fc2
Quantizing ...
使用blocksize: 128进行量化
angle bits: 3
SVD 量化时间: 0.0041 秒
cluster: 2
group_size: 128
cluster Quantizing weight with shape: torch.Size([256, 128])
cluster: 2
group_size: 128
cluster Quantizing weight with shape: torch.Size([256, 128])
SVD 奇异值量化时间: 0.2516 秒
angle bits: 3
SVD 量化时间: 0.0042 秒
cluster: 2
group_size: 128
cluster Quantizing weight with shape: torch.Size([256, 128])
cluster: 2
group_size: 128
cluster Quantizing weight with shape: torch.Size([256, 128])
SVD 奇异值量化时间: 0.2335 秒
angle bits: 3
SVD 量化时间: 0.0042 秒
cluster: 2
group_size: 128
cluster Quantizing weight with shape: torch.Size([256, 128])
cluster: 2
group_size: 128
cluster Quantizing weight with shape: torch.Size([256, 128])
SVD 奇异值量化时间: 0.2360 秒
angle bits: 3
SVD 量化时间: 0.0042 秒
cluster: 2
group_size: 128
cluster Quantizing weight with shape: torch.Size([256, 128])
cluster: 2
group_size: 128
cluster Quantizing weight with shape: torch.Size([256, 128])
SVD 奇异值量化时间: 0.2354 秒
angle bits: 3
SVD 量化时间: 0.0042 秒
cluster: 2
group_size: 128
cluster Quantizing weight with shape: torch.Size([256, 128])
cluster: 2
group_size: 128
cluster Quantizing weight with shape: torch.Size([256, 128])
SVD 奇异值量化时间: 0.2347 秒
angle bits: 3
SVD 量化时间: 0.0042 秒
cluster: 2
group_size: 128
cluster Quantizing weight with shape: torch.Size([256, 128])
cluster: 2
group_size: 128
cluster Quantizing weight with shape: torch.Size([256, 128])
SVD 奇异值量化时间: 0.2349 秒
angle bits: 3
SVD 量化时间: 0.0041 秒
cluster: 2
group_size: 128
cluster Quantizing weight with shape: torch.Size([256, 128])
cluster: 2
group_size: 128
cluster Quantizing weight with shape: torch.Size([256, 128])
SVD 奇异值量化时间: 0.2309 秒
angle bits: 3
SVD 量化时间: 0.0041 秒
cluster: 2
group_size: 128
cluster Quantizing weight with shape: torch.Size([256, 128])
cluster: 2
group_size: 128
cluster Quantizing weight with shape: torch.Size([256, 128])
SVD 奇异值量化时间: 0.2305 秒
angle bits: 3
SVD 量化时间: 0.0041 秒
cluster: 2
group_size: 128
cluster Quantizing weight with shape: torch.Size([256, 128])
cluster: 2
group_size: 128
cluster Quantizing weight with shape: torch.Size([256, 128])
SVD 奇异值量化时间: 0.2361 秒
angle bits: 3
SVD 量化时间: 0.0041 秒
cluster: 2
group_size: 128
cluster Quantizing weight with shape: torch.Size([256, 128])
cluster: 2
group_size: 128
cluster Quantizing weight with shape: torch.Size([256, 128])
SVD 奇异值量化时间: 0.2340 秒
angle bits: 3
SVD 量化时间: 0.0041 秒
cluster: 2
group_size: 128
cluster Quantizing weight with shape: torch.Size([256, 128])
cluster: 2
group_size: 128
cluster Quantizing weight with shape: torch.Size([256, 128])
SVD 奇异值量化时间: 0.2318 秒
angle bits: 3
SVD 量化时间: 0.0042 秒
cluster: 2
group_size: 128
cluster Quantizing weight with shape: torch.Size([256, 128])
cluster: 2
group_size: 128
cluster Quantizing weight with shape: torch.Size([256, 128])
SVD 奇异值量化时间: 0.2314 秒
angle bits: 3
SVD 量化时间: 0.0041 秒
cluster: 2
group_size: 128
cluster Quantizing weight with shape: torch.Size([256, 128])
cluster: 2
group_size: 128
cluster Quantizing weight with shape: torch.Size([256, 128])
SVD 奇异值量化时间: 0.2355 秒
angle bits: 3
SVD 量化时间: 0.0041 秒
cluster: 2
group_size: 128
cluster Quantizing weight with shape: torch.Size([256, 128])
cluster: 2
group_size: 128
cluster Quantizing weight with shape: torch.Size([256, 128])
SVD 奇异值量化时间: 0.2311 秒
angle bits: 3
SVD 量化时间: 0.0041 秒
cluster: 2
group_size: 128
cluster Quantizing weight with shape: torch.Size([256, 128])
cluster: 2
group_size: 128
cluster Quantizing weight with shape: torch.Size([256, 128])
SVD 奇异值量化时间: 0.2361 秒
angle bits: 3
SVD 量化时间: 0.0041 秒
cluster: 2
group_size: 128
cluster Quantizing weight with shape: torch.Size([256, 128])
cluster: 2
group_size: 128
cluster Quantizing weight with shape: torch.Size([256, 128])
SVD 奇异值量化时间: 0.2330 秒
angle bits: 3
SVD 量化时间: 0.0041 秒
cluster: 2
group_size: 128
cluster Quantizing weight with shape: torch.Size([256, 128])
cluster: 2
group_size: 128
cluster Quantizing weight with shape: torch.Size([256, 128])
SVD 奇异值量化时间: 0.2346 秒
angle bits: 3
SVD 量化时间: 0.0041 秒
cluster: 2
group_size: 128
cluster Quantizing weight with shape: torch.Size([256, 128])
cluster: 2
group_size: 128
cluster Quantizing weight with shape: torch.Size([256, 128])
SVD 奇异值量化时间: 0.2336 秒
angle bits: 3
SVD 量化时间: 0.0041 秒
cluster: 2
group_size: 128
cluster Quantizing weight with shape: torch.Size([256, 128])
cluster: 2
group_size: 128
cluster Quantizing weight with shape: torch.Size([256, 128])
SVD 奇异值量化时间: 0.2321 秒
angle bits: 3
SVD 量化时间: 0.0041 秒
cluster: 2
group_size: 128
cluster Quantizing weight with shape: torch.Size([256, 128])
cluster: 2
group_size: 128
cluster Quantizing weight with shape: torch.Size([256, 128])
SVD 奇异值量化时间: 0.2305 秒
angle bits: 3
SVD 量化时间: 0.0041 秒
cluster: 2
group_size: 128
cluster Quantizing weight with shape: torch.Size([256, 128])
cluster: 2
group_size: 128
cluster Quantizing weight with shape: torch.Size([256, 128])
SVD 奇异值量化时间: 0.2311 秒
angle bits: 3
SVD 量化时间: 0.0041 秒
cluster: 2
group_size: 128
cluster Quantizing weight with shape: torch.Size([256, 128])
cluster: 2
group_size: 128
cluster Quantizing weight with shape: torch.Size([256, 128])
SVD 奇异值量化时间: 0.2396 秒
angle bits: 3
SVD 量化时间: 0.0041 秒
cluster: 2
group_size: 128
cluster Quantizing weight with shape: torch.Size([256, 128])
cluster: 2
group_size: 128
cluster Quantizing weight with shape: torch.Size([256, 128])
SVD 奇异值量化时间: 0.2310 秒
angle bits: 3
SVD 量化时间: 0.0041 秒
cluster: 2
group_size: 128
cluster Quantizing weight with shape: torch.Size([256, 128])
cluster: 2
group_size: 128
cluster Quantizing weight with shape: torch.Size([256, 128])
SVD 奇异值量化时间: 0.2351 秒
angle bits: 3
SVD 量化时间: 0.0041 秒
cluster: 2
group_size: 128
cluster Quantizing weight with shape: torch.Size([256, 128])
cluster: 2
group_size: 128
cluster Quantizing weight with shape: torch.Size([256, 128])
SVD 奇异值量化时间: 0.2317 秒
angle bits: 3
SVD 量化时间: 0.0041 秒
cluster: 2
group_size: 128
cluster Quantizing weight with shape: torch.Size([256, 128])
cluster: 2
group_size: 128
cluster Quantizing weight with shape: torch.Size([256, 128])
SVD 奇异值量化时间: 0.2359 秒
angle bits: 3
SVD 量化时间: 0.0041 秒
cluster: 2
group_size: 128
cluster Quantizing weight with shape: torch.Size([256, 128])
cluster: 2
group_size: 128
cluster Quantizing weight with shape: torch.Size([256, 128])
SVD 奇异值量化时间: 0.2331 秒
angle bits: 3
SVD 量化时间: 0.0041 秒
cluster: 2
group_size: 128
cluster Quantizing weight with shape: torch.Size([256, 128])
cluster: 2
group_size: 128
cluster Quantizing weight with shape: torch.Size([256, 128])
SVD 奇异值量化时间: 0.2332 秒
angle bits: 3
SVD 量化时间: 0.0041 秒
cluster: 2
group_size: 128
cluster Quantizing weight with shape: torch.Size([256, 128])
cluster: 2
group_size: 128
cluster Quantizing weight with shape: torch.Size([256, 128])
SVD 奇异值量化时间: 0.2319 秒
angle bits: 3
SVD 量化时间: 0.0041 秒
cluster: 2
group_size: 128
cluster Quantizing weight with shape: torch.Size([256, 128])
cluster: 2
group_size: 128
cluster Quantizing weight with shape: torch.Size([256, 128])
SVD 奇异值量化时间: 0.2438 秒
angle bits: 3
SVD 量化时间: 0.0042 秒
cluster: 2
group_size: 128
cluster Quantizing weight with shape: torch.Size([256, 128])
cluster: 2
group_size: 128
cluster Quantizing weight with shape: torch.Size([256, 128])
SVD 奇异值量化时间: 0.2408 秒
angle bits: 3
SVD 量化时间: 0.0042 秒
cluster: 2
group_size: 128
cluster Quantizing weight with shape: torch.Size([256, 128])
cluster: 2
group_size: 128
cluster Quantizing weight with shape: torch.Size([256, 128])
SVD 奇异值量化时间: 0.2420 秒
23 self_attn.k_proj
Quantizing ...
使用blocksize: 128进行量化
angle bits: 3
SVD 量化时间: 0.0041 秒
cluster: 2
group_size: 128
cluster Quantizing weight with shape: torch.Size([256, 128])
cluster: 2
group_size: 128
cluster Quantizing weight with shape: torch.Size([256, 128])
SVD 奇异值量化时间: 0.2422 秒
angle bits: 3
SVD 量化时间: 0.0042 秒
cluster: 2
group_size: 128
cluster Quantizing weight with shape: torch.Size([256, 128])
cluster: 2
group_size: 128
cluster Quantizing weight with shape: torch.Size([256, 128])
SVD 奇异值量化时间: 0.2389 秒
angle bits: 3
SVD 量化时间: 0.0043 秒
cluster: 2
group_size: 128
cluster Quantizing weight with shape: torch.Size([256, 128])
cluster: 2
group_size: 128
cluster Quantizing weight with shape: torch.Size([256, 128])
SVD 奇异值量化时间: 0.2546 秒
angle bits: 3
SVD 量化时间: 0.0042 秒
cluster: 2
group_size: 128
cluster Quantizing weight with shape: torch.Size([256, 128])
cluster: 2
group_size: 128
cluster Quantizing weight with shape: torch.Size([256, 128])
SVD 奇异值量化时间: 0.2449 秒
angle bits: 3
SVD 量化时间: 0.0042 秒
cluster: 2
group_size: 128
cluster Quantizing weight with shape: torch.Size([256, 128])
cluster: 2
group_size: 128
cluster Quantizing weight with shape: torch.Size([256, 128])
SVD 奇异值量化时间: 0.2412 秒
angle bits: 3
SVD 量化时间: 0.0042 秒
cluster: 2
group_size: 128
cluster Quantizing weight with shape: torch.Size([256, 128])
cluster: 2
group_size: 128
cluster Quantizing weight with shape: torch.Size([256, 128])
SVD 奇异值量化时间: 0.2398 秒
angle bits: 3
SVD 量化时间: 0.0042 秒
cluster: 2
group_size: 128
cluster Quantizing weight with shape: torch.Size([256, 128])
cluster: 2
group_size: 128
cluster Quantizing weight with shape: torch.Size([256, 128])
SVD 奇异值量化时间: 0.2419 秒
angle bits: 3
SVD 量化时间: 0.0042 秒
cluster: 2
group_size: 128
cluster Quantizing weight with shape: torch.Size([256, 128])
cluster: 2
group_size: 128
cluster Quantizing weight with shape: torch.Size([256, 128])
SVD 奇异值量化时间: 0.2398 秒
23 self_attn.v_proj
Quantizing ...
使用blocksize: 128进行量化
angle bits: 3
SVD 量化时间: 0.0041 秒
cluster: 2
group_size: 128
cluster Quantizing weight with shape: torch.Size([256, 128])
cluster: 2
group_size: 128
cluster Quantizing weight with shape: torch.Size([256, 128])
SVD 奇异值量化时间: 0.2401 秒
angle bits: 3
SVD 量化时间: 0.0042 秒
cluster: 2
group_size: 128
cluster Quantizing weight with shape: torch.Size([256, 128])
cluster: 2
group_size: 128
cluster Quantizing weight with shape: torch.Size([256, 128])
SVD 奇异值量化时间: 0.2420 秒
angle bits: 3
SVD 量化时间: 0.0042 秒
cluster: 2
group_size: 128
cluster Quantizing weight with shape: torch.Size([256, 128])
cluster: 2
group_size: 128
cluster Quantizing weight with shape: torch.Size([256, 128])
SVD 奇异值量化时间: 0.2396 秒
angle bits: 3
SVD 量化时间: 0.0042 秒
cluster: 2
group_size: 128
cluster Quantizing weight with shape: torch.Size([256, 128])
cluster: 2
group_size: 128
cluster Quantizing weight with shape: torch.Size([256, 128])
SVD 奇异值量化时间: 0.2421 秒
angle bits: 3
SVD 量化时间: 0.0041 秒
cluster: 2
group_size: 128
cluster Quantizing weight with shape: torch.Size([256, 128])
cluster: 2
group_size: 128
cluster Quantizing weight with shape: torch.Size([256, 128])
SVD 奇异值量化时间: 0.2406 秒
angle bits: 3
SVD 量化时间: 0.0042 秒
cluster: 2
group_size: 128
cluster Quantizing weight with shape: torch.Size([256, 128])
cluster: 2
group_size: 128
cluster Quantizing weight with shape: torch.Size([256, 128])
SVD 奇异值量化时间: 0.2409 秒
angle bits: 3
SVD 量化时间: 0.0042 秒
cluster: 2
group_size: 128
cluster Quantizing weight with shape: torch.Size([256, 128])
cluster: 2
group_size: 128
cluster Quantizing weight with shape: torch.Size([256, 128])
SVD 奇异值量化时间: 0.2396 秒
angle bits: 3
SVD 量化时间: 0.0042 秒
cluster: 2
group_size: 128
cluster Quantizing weight with shape: torch.Size([256, 128])
cluster: 2
group_size: 128
cluster Quantizing weight with shape: torch.Size([256, 128])
SVD 奇异值量化时间: 0.2389 秒
23 self_attn.q_proj
Quantizing ...
使用blocksize: 128进行量化
angle bits: 3
SVD 量化时间: 0.0040 秒
cluster: 2
group_size: 128
cluster Quantizing weight with shape: torch.Size([256, 128])
cluster: 2
group_size: 128
cluster Quantizing weight with shape: torch.Size([256, 128])
SVD 奇异值量化时间: 0.2432 秒
angle bits: 3
SVD 量化时间: 0.0042 秒
cluster: 2
group_size: 128
cluster Quantizing weight with shape: torch.Size([256, 128])
cluster: 2
group_size: 128
cluster Quantizing weight with shape: torch.Size([256, 128])
SVD 奇异值量化时间: 0.2396 秒
angle bits: 3
SVD 量化时间: 0.0042 秒
cluster: 2
group_size: 128
cluster Quantizing weight with shape: torch.Size([256, 128])
cluster: 2
group_size: 128
cluster Quantizing weight with shape: torch.Size([256, 128])
SVD 奇异值量化时间: 0.2447 秒
angle bits: 3
SVD 量化时间: 0.0042 秒
cluster: 2
group_size: 128
cluster Quantizing weight with shape: torch.Size([256, 128])
cluster: 2
group_size: 128
cluster Quantizing weight with shape: torch.Size([256, 128])
SVD 奇异值量化时间: 0.2395 秒
angle bits: 3
SVD 量化时间: 0.0042 秒
cluster: 2
group_size: 128
cluster Quantizing weight with shape: torch.Size([256, 128])
cluster: 2
group_size: 128
cluster Quantizing weight with shape: torch.Size([256, 128])
SVD 奇异值量化时间: 0.2401 秒
angle bits: 3
SVD 量化时间: 0.0042 秒
cluster: 2
group_size: 128
cluster Quantizing weight with shape: torch.Size([256, 128])
cluster: 2
group_size: 128
cluster Quantizing weight with shape: torch.Size([256, 128])
SVD 奇异值量化时间: 0.2429 秒
angle bits: 3
SVD 量化时间: 0.0042 秒
cluster: 2
group_size: 128
cluster Quantizing weight with shape: torch.Size([256, 128])
cluster: 2
group_size: 128
cluster Quantizing weight with shape: torch.Size([256, 128])
SVD 奇异值量化时间: 0.2394 秒
angle bits: 3
SVD 量化时间: 0.0041 秒
cluster: 2
group_size: 128
cluster Quantizing weight with shape: torch.Size([256, 128])
cluster: 2
group_size: 128
cluster Quantizing weight with shape: torch.Size([256, 128])
SVD 奇异值量化时间: 0.2361 秒
23 self_attn.out_proj
Quantizing ...
使用blocksize: 128进行量化
angle bits: 3
SVD 量化时间: 0.0039 秒
cluster: 2
group_size: 128
cluster Quantizing weight with shape: torch.Size([256, 128])
cluster: 2
group_size: 128
cluster Quantizing weight with shape: torch.Size([256, 128])
SVD 奇异值量化时间: 0.2390 秒
angle bits: 3
SVD 量化时间: 0.0041 秒
cluster: 2
group_size: 128
cluster Quantizing weight with shape: torch.Size([256, 128])
cluster: 2
group_size: 128
cluster Quantizing weight with shape: torch.Size([256, 128])
SVD 奇异值量化时间: 0.2387 秒
angle bits: 3
SVD 量化时间: 0.0041 秒
cluster: 2
group_size: 128
cluster Quantizing weight with shape: torch.Size([256, 128])
cluster: 2
group_size: 128
cluster Quantizing weight with shape: torch.Size([256, 128])
SVD 奇异值量化时间: 0.2359 秒
angle bits: 3
SVD 量化时间: 0.0041 秒
cluster: 2
group_size: 128
cluster Quantizing weight with shape: torch.Size([256, 128])
cluster: 2
group_size: 128
cluster Quantizing weight with shape: torch.Size([256, 128])
SVD 奇异值量化时间: 0.2294 秒
angle bits: 3
SVD 量化时间: 0.0041 秒
cluster: 2
group_size: 128
cluster Quantizing weight with shape: torch.Size([256, 128])
cluster: 2
group_size: 128
cluster Quantizing weight with shape: torch.Size([256, 128])
SVD 奇异值量化时间: 0.2313 秒
angle bits: 3
SVD 量化时间: 0.0041 秒
cluster: 2
group_size: 128
cluster Quantizing weight with shape: torch.Size([256, 128])
cluster: 2
group_size: 128
cluster Quantizing weight with shape: torch.Size([256, 128])
SVD 奇异值量化时间: 0.2366 秒
angle bits: 3
SVD 量化时间: 0.0041 秒
cluster: 2
group_size: 128
cluster Quantizing weight with shape: torch.Size([256, 128])
cluster: 2
group_size: 128
cluster Quantizing weight with shape: torch.Size([256, 128])
SVD 奇异值量化时间: 0.2299 秒
angle bits: 3
SVD 量化时间: 0.0041 秒
cluster: 2
group_size: 128
cluster Quantizing weight with shape: torch.Size([256, 128])
cluster: 2
group_size: 128
cluster Quantizing weight with shape: torch.Size([256, 128])
SVD 奇异值量化时间: 0.2280 秒
23 fc1
Quantizing ...
使用blocksize: 128进行量化
angle bits: 3
SVD 量化时间: 0.0133 秒
cluster: 2
group_size: 128
cluster Quantizing weight with shape: torch.Size([1024, 128])
cluster: 2
group_size: 128
cluster Quantizing weight with shape: torch.Size([1024, 128])
SVD 奇异值量化时间: 0.9376 秒
angle bits: 3
SVD 量化时间: 0.0149 秒
cluster: 2
group_size: 128
cluster Quantizing weight with shape: torch.Size([1024, 128])
cluster: 2
group_size: 128
cluster Quantizing weight with shape: torch.Size([1024, 128])
SVD 奇异值量化时间: 0.9446 秒
angle bits: 3
SVD 量化时间: 0.0150 秒
cluster: 2
group_size: 128
cluster Quantizing weight with shape: torch.Size([1024, 128])
cluster: 2
group_size: 128
cluster Quantizing weight with shape: torch.Size([1024, 128])
SVD 奇异值量化时间: 0.9371 秒
angle bits: 3
SVD 量化时间: 0.0149 秒
cluster: 2
group_size: 128
cluster Quantizing weight with shape: torch.Size([1024, 128])
cluster: 2
group_size: 128
cluster Quantizing weight with shape: torch.Size([1024, 128])
SVD 奇异值量化时间: 0.9464 秒
angle bits: 3
SVD 量化时间: 0.0149 秒
cluster: 2
group_size: 128
cluster Quantizing weight with shape: torch.Size([1024, 128])
cluster: 2
group_size: 128
cluster Quantizing weight with shape: torch.Size([1024, 128])
SVD 奇异值量化时间: 0.9509 秒
angle bits: 3
SVD 量化时间: 0.0149 秒
cluster: 2
group_size: 128
cluster Quantizing weight with shape: torch.Size([1024, 128])
cluster: 2
group_size: 128
cluster Quantizing weight with shape: torch.Size([1024, 128])
SVD 奇异值量化时间: 0.9349 秒
angle bits: 3
SVD 量化时间: 0.0150 秒
cluster: 2
group_size: 128
cluster Quantizing weight with shape: torch.Size([1024, 128])
cluster: 2
group_size: 128
cluster Quantizing weight with shape: torch.Size([1024, 128])
SVD 奇异值量化时间: 0.9667 秒
angle bits: 3
SVD 量化时间: 0.0149 秒
cluster: 2
group_size: 128
cluster Quantizing weight with shape: torch.Size([1024, 128])
cluster: 2
group_size: 128
cluster Quantizing weight with shape: torch.Size([1024, 128])
SVD 奇异值量化时间: 0.9677 秒
23 fc2
Quantizing ...
使用blocksize: 128进行量化
angle bits: 3
SVD 量化时间: 0.0039 秒
cluster: 2
group_size: 128
cluster Quantizing weight with shape: torch.Size([256, 128])
cluster: 2
group_size: 128
cluster Quantizing weight with shape: torch.Size([256, 128])
SVD 奇异值量化时间: 0.2378 秒
angle bits: 3
SVD 量化时间: 0.0042 秒
cluster: 2
group_size: 128
cluster Quantizing weight with shape: torch.Size([256, 128])
cluster: 2
group_size: 128
cluster Quantizing weight with shape: torch.Size([256, 128])
SVD 奇异值量化时间: 0.2318 秒
angle bits: 3
SVD 量化时间: 0.0042 秒
cluster: 2
group_size: 128
cluster Quantizing weight with shape: torch.Size([256, 128])
cluster: 2
group_size: 128
cluster Quantizing weight with shape: torch.Size([256, 128])
SVD 奇异值量化时间: 0.2355 秒
angle bits: 3
SVD 量化时间: 0.0042 秒
cluster: 2
group_size: 128
cluster Quantizing weight with shape: torch.Size([256, 128])
cluster: 2
group_size: 128
cluster Quantizing weight with shape: torch.Size([256, 128])
SVD 奇异值量化时间: 0.2335 秒
angle bits: 3
SVD 量化时间: 0.0042 秒
cluster: 2
group_size: 128
cluster Quantizing weight with shape: torch.Size([256, 128])
cluster: 2
group_size: 128
cluster Quantizing weight with shape: torch.Size([256, 128])
SVD 奇异值量化时间: 0.2377 秒
angle bits: 3
SVD 量化时间: 0.0041 秒
cluster: 2
group_size: 128
cluster Quantizing weight with shape: torch.Size([256, 128])
cluster: 2
group_size: 128
cluster Quantizing weight with shape: torch.Size([256, 128])
SVD 奇异值量化时间: 0.2324 秒
angle bits: 3
SVD 量化时间: 0.0041 秒
cluster: 2
group_size: 128
cluster Quantizing weight with shape: torch.Size([256, 128])
cluster: 2
group_size: 128
cluster Quantizing weight with shape: torch.Size([256, 128])
SVD 奇异值量化时间: 0.2402 秒
angle bits: 3
SVD 量化时间: 0.0043 秒
cluster: 2
group_size: 128
cluster Quantizing weight with shape: torch.Size([256, 128])
cluster: 2
group_size: 128
cluster Quantizing weight with shape: torch.Size([256, 128])
SVD 奇异值量化时间: 0.2477 秒
angle bits: 3
SVD 量化时间: 0.0042 秒
cluster: 2
group_size: 128
cluster Quantizing weight with shape: torch.Size([256, 128])
cluster: 2
group_size: 128
cluster Quantizing weight with shape: torch.Size([256, 128])
SVD 奇异值量化时间: 0.2369 秒
angle bits: 3
SVD 量化时间: 0.0042 秒
cluster: 2
group_size: 128
cluster Quantizing weight with shape: torch.Size([256, 128])
cluster: 2
group_size: 128
cluster Quantizing weight with shape: torch.Size([256, 128])
SVD 奇异值量化时间: 0.2358 秒
angle bits: 3
SVD 量化时间: 0.0042 秒
cluster: 2
group_size: 128
cluster Quantizing weight with shape: torch.Size([256, 128])
cluster: 2
group_size: 128
cluster Quantizing weight with shape: torch.Size([256, 128])
SVD 奇异值量化时间: 0.2351 秒
angle bits: 3
SVD 量化时间: 0.0042 秒
cluster: 2
group_size: 128
cluster Quantizing weight with shape: torch.Size([256, 128])
cluster: 2
group_size: 128
cluster Quantizing weight with shape: torch.Size([256, 128])
SVD 奇异值量化时间: 0.2353 秒
angle bits: 3
SVD 量化时间: 0.0041 秒
cluster: 2
group_size: 128
cluster Quantizing weight with shape: torch.Size([256, 128])
cluster: 2
group_size: 128
cluster Quantizing weight with shape: torch.Size([256, 128])
SVD 奇异值量化时间: 0.2334 秒
angle bits: 3
SVD 量化时间: 0.0041 秒
cluster: 2
group_size: 128
cluster Quantizing weight with shape: torch.Size([256, 128])
cluster: 2
group_size: 128
cluster Quantizing weight with shape: torch.Size([256, 128])
SVD 奇异值量化时间: 0.2380 秒
angle bits: 3
SVD 量化时间: 0.0042 秒
cluster: 2
group_size: 128
cluster Quantizing weight with shape: torch.Size([256, 128])
cluster: 2
group_size: 128
cluster Quantizing weight with shape: torch.Size([256, 128])
SVD 奇异值量化时间: 0.2403 秒
angle bits: 3
SVD 量化时间: 0.0042 秒
cluster: 2
group_size: 128
cluster Quantizing weight with shape: torch.Size([256, 128])
cluster: 2
group_size: 128
cluster Quantizing weight with shape: torch.Size([256, 128])
SVD 奇异值量化时间: 0.2332 秒
angle bits: 3
SVD 量化时间: 0.0041 秒
cluster: 2
group_size: 128
cluster Quantizing weight with shape: torch.Size([256, 128])
cluster: 2
group_size: 128
cluster Quantizing weight with shape: torch.Size([256, 128])
SVD 奇异值量化时间: 0.2358 秒
angle bits: 3
SVD 量化时间: 0.0042 秒
cluster: 2
group_size: 128
cluster Quantizing weight with shape: torch.Size([256, 128])
cluster: 2
group_size: 128
cluster Quantizing weight with shape: torch.Size([256, 128])
SVD 奇异值量化时间: 0.2381 秒
angle bits: 3
SVD 量化时间: 0.0042 秒
cluster: 2
group_size: 128
cluster Quantizing weight with shape: torch.Size([256, 128])
cluster: 2
group_size: 128
cluster Quantizing weight with shape: torch.Size([256, 128])
SVD 奇异值量化时间: 0.2340 秒
angle bits: 3
SVD 量化时间: 0.0042 秒
cluster: 2
group_size: 128
cluster Quantizing weight with shape: torch.Size([256, 128])
cluster: 2
group_size: 128
cluster Quantizing weight with shape: torch.Size([256, 128])
SVD 奇异值量化时间: 0.2328 秒
angle bits: 3
SVD 量化时间: 0.0042 秒
cluster: 2
group_size: 128
cluster Quantizing weight with shape: torch.Size([256, 128])
cluster: 2
group_size: 128
cluster Quantizing weight with shape: torch.Size([256, 128])
SVD 奇异值量化时间: 0.2381 秒
angle bits: 3
SVD 量化时间: 0.0042 秒
cluster: 2
group_size: 128
cluster Quantizing weight with shape: torch.Size([256, 128])
cluster: 2
group_size: 128
cluster Quantizing weight with shape: torch.Size([256, 128])
SVD 奇异值量化时间: 0.2363 秒
angle bits: 3
SVD 量化时间: 0.0042 秒
cluster: 2
group_size: 128
cluster Quantizing weight with shape: torch.Size([256, 128])
cluster: 2
group_size: 128
cluster Quantizing weight with shape: torch.Size([256, 128])
SVD 奇异值量化时间: 0.2372 秒
angle bits: 3
SVD 量化时间: 0.0041 秒
cluster: 2
group_size: 128
cluster Quantizing weight with shape: torch.Size([256, 128])
cluster: 2
group_size: 128
cluster Quantizing weight with shape: torch.Size([256, 128])
SVD 奇异值量化时间: 0.2355 秒
angle bits: 3
SVD 量化时间: 0.0041 秒
cluster: 2
group_size: 128
cluster Quantizing weight with shape: torch.Size([256, 128])
cluster: 2
group_size: 128
cluster Quantizing weight with shape: torch.Size([256, 128])
SVD 奇异值量化时间: 0.2318 秒
angle bits: 3
SVD 量化时间: 0.0041 秒
cluster: 2
group_size: 128
cluster Quantizing weight with shape: torch.Size([256, 128])
cluster: 2
group_size: 128
cluster Quantizing weight with shape: torch.Size([256, 128])
SVD 奇异值量化时间: 0.2311 秒
angle bits: 3
SVD 量化时间: 0.0041 秒
cluster: 2
group_size: 128
cluster Quantizing weight with shape: torch.Size([256, 128])
cluster: 2
group_size: 128
cluster Quantizing weight with shape: torch.Size([256, 128])
SVD 奇异值量化时间: 0.2403 秒
angle bits: 3
SVD 量化时间: 0.0042 秒
cluster: 2
group_size: 128
cluster Quantizing weight with shape: torch.Size([256, 128])
cluster: 2
group_size: 128
cluster Quantizing weight with shape: torch.Size([256, 128])
SVD 奇异值量化时间: 0.2351 秒
angle bits: 3
SVD 量化时间: 0.0041 秒
cluster: 2
group_size: 128
cluster Quantizing weight with shape: torch.Size([256, 128])
cluster: 2
group_size: 128
cluster Quantizing weight with shape: torch.Size([256, 128])
SVD 奇异值量化时间: 0.2317 秒
angle bits: 3
SVD 量化时间: 0.0041 秒
cluster: 2
group_size: 128
cluster Quantizing weight with shape: torch.Size([256, 128])
cluster: 2
group_size: 128
cluster Quantizing weight with shape: torch.Size([256, 128])
SVD 奇异值量化时间: 0.2310 秒
angle bits: 3
SVD 量化时间: 0.0041 秒
cluster: 2
group_size: 128
cluster Quantizing weight with shape: torch.Size([256, 128])
cluster: 2
group_size: 128
cluster Quantizing weight with shape: torch.Size([256, 128])
SVD 奇异值量化时间: 0.2373 秒
angle bits: 3
SVD 量化时间: 0.0041 秒
cluster: 2
group_size: 128
cluster Quantizing weight with shape: torch.Size([256, 128])
cluster: 2
group_size: 128
cluster Quantizing weight with shape: torch.Size([256, 128])
SVD 奇异值量化时间: 0.2341 秒
quantization time: 572.1264600753784 s
xjh_edit,load from local file:/data/xjh/dataset/wikitext-2-raw-v1,get wikitext2
wikitext2
Evaluating ...
0
1
2
3
4
5
6
7
8
9
10
11
12
13
14
15
16
17
18
19
20
21
22
23
Perplexity: 1914.208008
{'wikitext2/perplexity': 1914.2080078125}
xjh_edit,load from local file:/data/xjh/dataset/ptb_text_only,get ptb
ptb
Evaluating ...
0
1
2
3
4
5
6
7
8
9
10
11
12
13
14
15
16
17
18
19
20
21
22
23
Perplexity: 1529.753540
{'ptb/perplexity': 1529.7535400390625}
xjh_edit,load from local file:/data/xjh/dataset/c4_part,get c4
c4
Evaluating ...
0
1
2
3
4
5
6
7
8
9
10
11
12
13
14
15
16
17
18
19
20
21
22
23
Perplexity: 542.657471
{'c4/perplexity': 542.657470703125}
