2026-01-22 18:38:45,909 - urllib3.connectionpool - DEBUG - Starting new HTTPS connection (1): s3.amazonaws.com:443
2026-01-22 18:38:46,672 - urllib3.connectionpool - DEBUG - https://s3.amazonaws.com:443 "HEAD /datasets.huggingface.co/datasets/datasets/json/json.py HTTP/11" 200 0
2026-01-22 18:38:46,674 - filelock - DEBUG - Attempting to acquire lock 140518086055344 on /home/xjh/.cache/huggingface/datasets/_home_xjh_.cache_huggingface_datasets_json_default-07a3d7608cc7c204_0.0.0_ff8895240c1c6d49c1ae5a8af7cd4b065d168a612f3f6bd42470270b78a42c18.lock
2026-01-22 18:38:46,674 - filelock - DEBUG - Lock 140518086055344 acquired on /home/xjh/.cache/huggingface/datasets/_home_xjh_.cache_huggingface_datasets_json_default-07a3d7608cc7c204_0.0.0_ff8895240c1c6d49c1ae5a8af7cd4b065d168a612f3f6bd42470270b78a42c18.lock
2026-01-22 18:38:46,674 - filelock - DEBUG - Attempting to release lock 140518086055344 on /home/xjh/.cache/huggingface/datasets/_home_xjh_.cache_huggingface_datasets_json_default-07a3d7608cc7c204_0.0.0_ff8895240c1c6d49c1ae5a8af7cd4b065d168a612f3f6bd42470270b78a42c18.lock
2026-01-22 18:38:46,674 - filelock - DEBUG - Lock 140518086055344 released on /home/xjh/.cache/huggingface/datasets/_home_xjh_.cache_huggingface_datasets_json_default-07a3d7608cc7c204_0.0.0_ff8895240c1c6d49c1ae5a8af7cd4b065d168a612f3f6bd42470270b78a42c18.lock
2026-01-22 18:38:46,685 - filelock - DEBUG - Attempting to acquire lock 140518074030112 on /home/xjh/.cache/huggingface/datasets/json/default-07a3d7608cc7c204/0.0.0/8bb11242116d547c741b2e8a1f18598ffdd40a1d4f2a2872c7a28b697434bc96_builder.lock
2026-01-22 18:38:46,685 - filelock - DEBUG - Lock 140518074030112 acquired on /home/xjh/.cache/huggingface/datasets/json/default-07a3d7608cc7c204/0.0.0/8bb11242116d547c741b2e8a1f18598ffdd40a1d4f2a2872c7a28b697434bc96_builder.lock
2026-01-22 18:38:46,685 - fsspec.local - DEBUG - open file: /home/xjh/.cache/huggingface/datasets/json/default-07a3d7608cc7c204/0.0.0/8bb11242116d547c741b2e8a1f18598ffdd40a1d4f2a2872c7a28b697434bc96/dataset_info.json
2026-01-22 18:38:46,686 - filelock - DEBUG - Attempting to release lock 140518074030112 on /home/xjh/.cache/huggingface/datasets/json/default-07a3d7608cc7c204/0.0.0/8bb11242116d547c741b2e8a1f18598ffdd40a1d4f2a2872c7a28b697434bc96_builder.lock
2026-01-22 18:38:46,686 - filelock - DEBUG - Lock 140518074030112 released on /home/xjh/.cache/huggingface/datasets/json/default-07a3d7608cc7c204/0.0.0/8bb11242116d547c741b2e8a1f18598ffdd40a1d4f2a2872c7a28b697434bc96_builder.lock
2026-01-22 18:38:46,950 - urllib3.connectionpool - DEBUG - https://s3.amazonaws.com:443 "HEAD /datasets.huggingface.co/datasets/datasets/json/json.py HTTP/11" 200 0
2026-01-22 18:38:46,953 - filelock - DEBUG - Attempting to acquire lock 140518078951552 on /home/xjh/.cache/huggingface/datasets/_home_xjh_.cache_huggingface_datasets_json_default-6a9cca7ecda2bde3_0.0.0_ff8895240c1c6d49c1ae5a8af7cd4b065d168a612f3f6bd42470270b78a42c18.lock
2026-01-22 18:38:46,953 - filelock - DEBUG - Lock 140518078951552 acquired on /home/xjh/.cache/huggingface/datasets/_home_xjh_.cache_huggingface_datasets_json_default-6a9cca7ecda2bde3_0.0.0_ff8895240c1c6d49c1ae5a8af7cd4b065d168a612f3f6bd42470270b78a42c18.lock
2026-01-22 18:38:46,953 - filelock - DEBUG - Attempting to release lock 140518078951552 on /home/xjh/.cache/huggingface/datasets/_home_xjh_.cache_huggingface_datasets_json_default-6a9cca7ecda2bde3_0.0.0_ff8895240c1c6d49c1ae5a8af7cd4b065d168a612f3f6bd42470270b78a42c18.lock
2026-01-22 18:38:46,953 - filelock - DEBUG - Lock 140518078951552 released on /home/xjh/.cache/huggingface/datasets/_home_xjh_.cache_huggingface_datasets_json_default-6a9cca7ecda2bde3_0.0.0_ff8895240c1c6d49c1ae5a8af7cd4b065d168a612f3f6bd42470270b78a42c18.lock
2026-01-22 18:38:46,953 - filelock - DEBUG - Attempting to acquire lock 140518078951552 on /home/xjh/.cache/huggingface/datasets/json/default-6a9cca7ecda2bde3/0.0.0/8bb11242116d547c741b2e8a1f18598ffdd40a1d4f2a2872c7a28b697434bc96_builder.lock
2026-01-22 18:38:46,953 - filelock - DEBUG - Lock 140518078951552 acquired on /home/xjh/.cache/huggingface/datasets/json/default-6a9cca7ecda2bde3/0.0.0/8bb11242116d547c741b2e8a1f18598ffdd40a1d4f2a2872c7a28b697434bc96_builder.lock
2026-01-22 18:38:46,953 - fsspec.local - DEBUG - open file: /home/xjh/.cache/huggingface/datasets/json/default-6a9cca7ecda2bde3/0.0.0/8bb11242116d547c741b2e8a1f18598ffdd40a1d4f2a2872c7a28b697434bc96/dataset_info.json
2026-01-22 18:38:46,953 - filelock - DEBUG - Attempting to release lock 140518078951552 on /home/xjh/.cache/huggingface/datasets/json/default-6a9cca7ecda2bde3/0.0.0/8bb11242116d547c741b2e8a1f18598ffdd40a1d4f2a2872c7a28b697434bc96_builder.lock
2026-01-22 18:38:46,954 - filelock - DEBUG - Lock 140518078951552 released on /home/xjh/.cache/huggingface/datasets/json/default-6a9cca7ecda2bde3/0.0.0/8bb11242116d547c741b2e8a1f18598ffdd40a1d4f2a2872c7a28b697434bc96_builder.lock
2026-01-22 18:38:55,586 - root - INFO - 0 self_attn.q_proj
2026-01-22 18:38:55,586 - root - INFO - Quantizing ...
2026-01-22 18:38:56,078 - root - INFO - mask1 ratio: 0.01, mask2 ratio: 0.05, mask3 ratio: 0.10, mask4 ratio: 0.85
2026-01-22 18:38:56,297 - root - INFO - mask1 ratio: 0.00, mask2 ratio: 0.03, mask3 ratio: 0.10, mask4 ratio: 0.87
2026-01-22 18:38:56,515 - root - INFO - mask1 ratio: 0.00, mask2 ratio: 0.03, mask3 ratio: 0.10, mask4 ratio: 0.87
2026-01-22 18:38:56,728 - root - INFO - mask1 ratio: 0.00, mask2 ratio: 0.04, mask3 ratio: 0.10, mask4 ratio: 0.85
2026-01-22 18:38:56,940 - root - INFO - mask1 ratio: 0.00, mask2 ratio: 0.04, mask3 ratio: 0.10, mask4 ratio: 0.86
2026-01-22 18:38:57,152 - root - INFO - mask1 ratio: 0.00, mask2 ratio: 0.03, mask3 ratio: 0.10, mask4 ratio: 0.87
2026-01-22 18:38:57,372 - root - INFO - mask1 ratio: 0.00, mask2 ratio: 0.03, mask3 ratio: 0.10, mask4 ratio: 0.87
2026-01-22 18:38:57,584 - root - INFO - mask1 ratio: 0.00, mask2 ratio: 0.03, mask3 ratio: 0.10, mask4 ratio: 0.86
2026-01-22 18:38:57,796 - root - INFO - mask1 ratio: 0.00, mask2 ratio: 0.03, mask3 ratio: 0.10, mask4 ratio: 0.86
2026-01-22 18:38:58,008 - root - INFO - mask1 ratio: 0.01, mask2 ratio: 0.00, mask3 ratio: 0.10, mask4 ratio: 0.88
2026-01-22 18:38:58,225 - root - INFO - mask1 ratio: 0.00, mask2 ratio: 0.02, mask3 ratio: 0.10, mask4 ratio: 0.88
2026-01-22 18:38:58,441 - root - INFO - mask1 ratio: 0.00, mask2 ratio: 0.03, mask3 ratio: 0.10, mask4 ratio: 0.87
2026-01-22 18:38:58,654 - root - INFO - mask1 ratio: 0.01, mask2 ratio: 0.05, mask3 ratio: 0.10, mask4 ratio: 0.85
2026-01-22 18:38:58,871 - root - INFO - mask1 ratio: 0.00, mask2 ratio: 0.03, mask3 ratio: 0.10, mask4 ratio: 0.87
2026-01-22 18:38:59,090 - root - INFO - mask1 ratio: 0.00, mask2 ratio: 0.04, mask3 ratio: 0.10, mask4 ratio: 0.86
2026-01-22 18:38:59,307 - root - INFO - mask1 ratio: 0.00, mask2 ratio: 0.02, mask3 ratio: 0.10, mask4 ratio: 0.88
2026-01-22 18:38:59,588 - root - INFO - mask1 ratio: 0.00, mask2 ratio: 0.02, mask3 ratio: 0.10, mask4 ratio: 0.88
2026-01-22 18:38:59,805 - root - INFO - mask1 ratio: 0.00, mask2 ratio: 0.04, mask3 ratio: 0.10, mask4 ratio: 0.85
2026-01-22 18:39:00,020 - root - INFO - mask1 ratio: 0.00, mask2 ratio: 0.03, mask3 ratio: 0.10, mask4 ratio: 0.87
2026-01-22 18:39:00,235 - root - INFO - mask1 ratio: 0.00, mask2 ratio: 0.03, mask3 ratio: 0.10, mask4 ratio: 0.87
2026-01-22 18:39:00,451 - root - INFO - mask1 ratio: 0.00, mask2 ratio: 0.03, mask3 ratio: 0.10, mask4 ratio: 0.87
2026-01-22 18:39:00,669 - root - INFO - mask1 ratio: 0.00, mask2 ratio: 0.04, mask3 ratio: 0.10, mask4 ratio: 0.85
2026-01-22 18:39:00,885 - root - INFO - mask1 ratio: 0.01, mask2 ratio: 0.03, mask3 ratio: 0.10, mask4 ratio: 0.86
2026-01-22 18:39:01,105 - root - INFO - mask1 ratio: 0.00, mask2 ratio: 0.03, mask3 ratio: 0.10, mask4 ratio: 0.87
2026-01-22 18:39:01,193 - root - INFO - time 5.61
2026-01-22 18:39:01,216 - root - INFO - 0 self_attn.k_proj
2026-01-22 18:39:01,217 - root - INFO - Quantizing ...
2026-01-22 18:39:01,417 - root - INFO - mask1 ratio: 0.00, mask2 ratio: 0.04, mask3 ratio: 0.10, mask4 ratio: 0.85
2026-01-22 18:39:01,634 - root - INFO - mask1 ratio: 0.00, mask2 ratio: 0.03, mask3 ratio: 0.10, mask4 ratio: 0.87
2026-01-22 18:39:01,833 - root - INFO - mask1 ratio: 0.00, mask2 ratio: 0.03, mask3 ratio: 0.10, mask4 ratio: 0.87
2026-01-22 18:39:02,033 - root - INFO - mask1 ratio: 0.00, mask2 ratio: 0.03, mask3 ratio: 0.10, mask4 ratio: 0.87
2026-01-22 18:39:02,233 - root - INFO - mask1 ratio: 0.00, mask2 ratio: 0.03, mask3 ratio: 0.10, mask4 ratio: 0.86
2026-01-22 18:39:02,430 - root - INFO - mask1 ratio: 0.00, mask2 ratio: 0.03, mask3 ratio: 0.10, mask4 ratio: 0.87
2026-01-22 18:39:02,628 - root - INFO - mask1 ratio: 0.00, mask2 ratio: 0.03, mask3 ratio: 0.10, mask4 ratio: 0.87
2026-01-22 18:39:02,825 - root - INFO - mask1 ratio: 0.00, mask2 ratio: 0.03, mask3 ratio: 0.10, mask4 ratio: 0.86
2026-01-22 18:39:03,025 - root - INFO - mask1 ratio: 0.00, mask2 ratio: 0.03, mask3 ratio: 0.10, mask4 ratio: 0.87
2026-01-22 18:39:03,253 - root - INFO - mask1 ratio: 0.01, mask2 ratio: 0.00, mask3 ratio: 0.10, mask4 ratio: 0.88
2026-01-22 18:39:03,520 - root - INFO - mask1 ratio: 0.00, mask2 ratio: 0.03, mask3 ratio: 0.10, mask4 ratio: 0.87
2026-01-22 18:39:03,720 - root - INFO - mask1 ratio: 0.00, mask2 ratio: 0.03, mask3 ratio: 0.10, mask4 ratio: 0.87
2026-01-22 18:39:03,918 - root - INFO - mask1 ratio: 0.01, mask2 ratio: 0.05, mask3 ratio: 0.10, mask4 ratio: 0.85
2026-01-22 18:39:04,117 - root - INFO - mask1 ratio: 0.01, mask2 ratio: 0.05, mask3 ratio: 0.10, mask4 ratio: 0.85
2026-01-22 18:39:04,315 - root - INFO - mask1 ratio: 0.00, mask2 ratio: 0.03, mask3 ratio: 0.10, mask4 ratio: 0.87
2026-01-22 18:39:04,513 - root - INFO - mask1 ratio: 0.00, mask2 ratio: 0.02, mask3 ratio: 0.10, mask4 ratio: 0.88
2026-01-22 18:39:04,712 - root - INFO - mask1 ratio: 0.00, mask2 ratio: 0.03, mask3 ratio: 0.10, mask4 ratio: 0.87
2026-01-22 18:39:04,926 - root - INFO - mask1 ratio: 0.01, mask2 ratio: 0.05, mask3 ratio: 0.10, mask4 ratio: 0.85
2026-01-22 18:39:05,143 - root - INFO - mask1 ratio: 0.00, mask2 ratio: 0.03, mask3 ratio: 0.10, mask4 ratio: 0.87
2026-01-22 18:39:05,359 - root - INFO - mask1 ratio: 0.01, mask2 ratio: 0.04, mask3 ratio: 0.10, mask4 ratio: 0.85
2026-01-22 18:39:05,576 - root - INFO - mask1 ratio: 0.00, mask2 ratio: 0.03, mask3 ratio: 0.10, mask4 ratio: 0.87
2026-01-22 18:39:05,794 - root - INFO - mask1 ratio: 0.00, mask2 ratio: 0.04, mask3 ratio: 0.10, mask4 ratio: 0.85
2026-01-22 18:39:05,980 - root - INFO - mask1 ratio: 0.00, mask2 ratio: 0.04, mask3 ratio: 0.10, mask4 ratio: 0.86
2026-01-22 18:39:06,152 - root - INFO - mask1 ratio: 0.00, mask2 ratio: 0.02, mask3 ratio: 0.10, mask4 ratio: 0.88
2026-01-22 18:39:06,178 - root - INFO - time 4.96
2026-01-22 18:39:06,182 - root - INFO - 0 self_attn.v_proj
2026-01-22 18:39:06,182 - root - INFO - Quantizing ...
2026-01-22 18:39:06,363 - root - INFO - mask1 ratio: 0.01, mask2 ratio: 0.08, mask3 ratio: 0.10, mask4 ratio: 0.81
2026-01-22 18:39:06,562 - root - INFO - mask1 ratio: 0.00, mask2 ratio: 0.03, mask3 ratio: 0.10, mask4 ratio: 0.86
2026-01-22 18:39:06,761 - root - INFO - mask1 ratio: 0.01, mask2 ratio: 0.05, mask3 ratio: 0.10, mask4 ratio: 0.84
2026-01-22 18:39:06,959 - root - INFO - mask1 ratio: 0.01, mask2 ratio: 0.10, mask3 ratio: 0.10, mask4 ratio: 0.79
2026-01-22 18:39:07,157 - root - INFO - mask1 ratio: 0.01, mask2 ratio: 0.08, mask3 ratio: 0.10, mask4 ratio: 0.81
2026-01-22 18:39:07,354 - root - INFO - mask1 ratio: 0.00, mask2 ratio: 0.03, mask3 ratio: 0.10, mask4 ratio: 0.86
2026-01-22 18:39:07,551 - root - INFO - mask1 ratio: 0.00, mask2 ratio: 0.04, mask3 ratio: 0.10, mask4 ratio: 0.86
2026-01-22 18:39:07,815 - root - INFO - mask1 ratio: 0.01, mask2 ratio: 0.13, mask3 ratio: 0.10, mask4 ratio: 0.75
2026-01-22 18:39:08,013 - root - INFO - mask1 ratio: 0.01, mask2 ratio: 0.05, mask3 ratio: 0.10, mask4 ratio: 0.84
2026-01-22 18:39:08,212 - root - INFO - mask1 ratio: 0.00, mask2 ratio: 0.03, mask3 ratio: 0.10, mask4 ratio: 0.87
2026-01-22 18:39:08,416 - root - INFO - mask1 ratio: 0.01, mask2 ratio: 0.03, mask3 ratio: 0.10, mask4 ratio: 0.86
2026-01-22 18:39:08,613 - root - INFO - mask1 ratio: 0.02, mask2 ratio: 0.16, mask3 ratio: 0.10, mask4 ratio: 0.72
2026-01-22 18:39:08,813 - root - INFO - mask1 ratio: 0.01, mask2 ratio: 0.05, mask3 ratio: 0.10, mask4 ratio: 0.85
2026-01-22 18:39:09,010 - root - INFO - mask1 ratio: 0.01, mask2 ratio: 0.05, mask3 ratio: 0.10, mask4 ratio: 0.85
2026-01-22 18:39:09,209 - root - INFO - mask1 ratio: 0.00, mask2 ratio: 0.03, mask3 ratio: 0.10, mask4 ratio: 0.86
2026-01-22 18:39:09,406 - root - INFO - mask1 ratio: 0.00, mask2 ratio: 0.03, mask3 ratio: 0.10, mask4 ratio: 0.87
2026-01-22 18:39:09,604 - root - INFO - mask1 ratio: 0.01, mask2 ratio: 0.05, mask3 ratio: 0.10, mask4 ratio: 0.85
2026-01-22 18:39:09,805 - root - INFO - mask1 ratio: 0.01, mask2 ratio: 0.05, mask3 ratio: 0.10, mask4 ratio: 0.85
2026-01-22 18:39:10,003 - root - INFO - mask1 ratio: 0.01, mask2 ratio: 0.03, mask3 ratio: 0.10, mask4 ratio: 0.86
2026-01-22 18:39:10,202 - root - INFO - mask1 ratio: 0.02, mask2 ratio: 0.19, mask3 ratio: 0.10, mask4 ratio: 0.69
2026-01-22 18:39:10,399 - root - INFO - mask1 ratio: 0.01, mask2 ratio: 0.03, mask3 ratio: 0.10, mask4 ratio: 0.86
2026-01-22 18:39:10,596 - root - INFO - mask1 ratio: 0.01, mask2 ratio: 0.08, mask3 ratio: 0.10, mask4 ratio: 0.81
2026-01-22 18:39:10,797 - root - INFO - mask1 ratio: 0.01, mask2 ratio: 0.06, mask3 ratio: 0.10, mask4 ratio: 0.83
2026-01-22 18:39:10,997 - root - INFO - mask1 ratio: 0.00, mask2 ratio: 0.03, mask3 ratio: 0.10, mask4 ratio: 0.86
2026-01-22 18:39:11,024 - root - INFO - time 4.84
2026-01-22 18:39:11,028 - root - INFO - 0 self_attn.o_proj
2026-01-22 18:39:11,028 - root - INFO - Quantizing ...
2026-01-22 18:39:11,225 - root - INFO - mask1 ratio: 0.01, mask2 ratio: 0.03, mask3 ratio: 0.10, mask4 ratio: 0.86
2026-01-22 18:39:11,440 - root - INFO - mask1 ratio: 0.01, mask2 ratio: 0.06, mask3 ratio: 0.10, mask4 ratio: 0.84
2026-01-22 18:39:11,654 - root - INFO - mask1 ratio: 0.01, mask2 ratio: 0.05, mask3 ratio: 0.10, mask4 ratio: 0.85
2026-01-22 18:39:11,977 - root - INFO - mask1 ratio: 0.01, mask2 ratio: 0.02, mask3 ratio: 0.10, mask4 ratio: 0.88
2026-01-22 18:39:12,192 - root - INFO - mask1 ratio: 0.01, mask2 ratio: 0.00, mask3 ratio: 0.11, mask4 ratio: 0.87
2026-01-22 18:39:12,407 - root - INFO - mask1 ratio: 0.01, mask2 ratio: 0.03, mask3 ratio: 0.11, mask4 ratio: 0.85
2026-01-22 18:39:12,622 - root - INFO - mask1 ratio: 0.00, mask2 ratio: 0.03, mask3 ratio: 0.10, mask4 ratio: 0.86
2026-01-22 18:39:12,837 - root - INFO - mask1 ratio: 0.01, mask2 ratio: 0.06, mask3 ratio: 0.10, mask4 ratio: 0.84
2026-01-22 18:39:13,051 - root - INFO - mask1 ratio: 0.00, mask2 ratio: 0.03, mask3 ratio: 0.10, mask4 ratio: 0.86
2026-01-22 18:39:13,267 - root - INFO - mask1 ratio: 0.01, mask2 ratio: 0.06, mask3 ratio: 0.10, mask4 ratio: 0.82
2026-01-22 18:39:13,481 - root - INFO - mask1 ratio: 0.00, mask2 ratio: 0.02, mask3 ratio: 0.10, mask4 ratio: 0.88
2026-01-22 18:39:13,696 - root - INFO - mask1 ratio: 0.00, mask2 ratio: 0.04, mask3 ratio: 0.10, mask4 ratio: 0.86
2026-01-22 18:39:13,911 - root - INFO - mask1 ratio: 0.01, mask2 ratio: 0.03, mask3 ratio: 0.10, mask4 ratio: 0.86
2026-01-22 18:39:14,126 - root - INFO - mask1 ratio: 0.00, mask2 ratio: 0.03, mask3 ratio: 0.10, mask4 ratio: 0.87
2026-01-22 18:39:14,341 - root - INFO - mask1 ratio: 0.00, mask2 ratio: 0.02, mask3 ratio: 0.10, mask4 ratio: 0.88
2026-01-22 18:39:14,556 - root - INFO - mask1 ratio: 0.00, mask2 ratio: 0.04, mask3 ratio: 0.10, mask4 ratio: 0.85
2026-01-22 18:39:14,771 - root - INFO - mask1 ratio: 0.00, mask2 ratio: 0.03, mask3 ratio: 0.10, mask4 ratio: 0.87
2026-01-22 18:39:14,987 - root - INFO - mask1 ratio: 0.00, mask2 ratio: 0.02, mask3 ratio: 0.10, mask4 ratio: 0.88
2026-01-22 18:39:15,206 - root - INFO - mask1 ratio: 0.01, mask2 ratio: 0.00, mask3 ratio: 0.10, mask4 ratio: 0.88
2026-01-22 18:39:15,420 - root - INFO - mask1 ratio: 0.00, mask2 ratio: 0.03, mask3 ratio: 0.10, mask4 ratio: 0.87
2026-01-22 18:39:15,635 - root - INFO - mask1 ratio: 0.00, mask2 ratio: 0.03, mask3 ratio: 0.10, mask4 ratio: 0.87
2026-01-22 18:39:15,859 - root - INFO - mask1 ratio: 0.01, mask2 ratio: 0.00, mask3 ratio: 0.10, mask4 ratio: 0.88
2026-01-22 18:39:16,128 - root - INFO - mask1 ratio: 0.00, mask2 ratio: 0.02, mask3 ratio: 0.10, mask4 ratio: 0.88
2026-01-22 18:39:16,340 - root - INFO - mask1 ratio: 0.01, mask2 ratio: 0.00, mask3 ratio: 0.10, mask4 ratio: 0.88
2026-01-22 18:39:16,366 - root - INFO - time 5.34
2026-01-22 18:39:16,370 - root - INFO - 0 mlp.gate_proj
2026-01-22 18:39:16,371 - root - INFO - Quantizing ...
2026-01-22 18:39:16,614 - root - INFO - mask1 ratio: 0.02, mask2 ratio: 0.14, mask3 ratio: 0.10, mask4 ratio: 0.74
2026-01-22 18:39:16,877 - root - INFO - mask1 ratio: 0.01, mask2 ratio: 0.02, mask3 ratio: 0.10, mask4 ratio: 0.87
2026-01-22 18:39:17,142 - root - INFO - mask1 ratio: 0.01, mask2 ratio: 0.04, mask3 ratio: 0.10, mask4 ratio: 0.85
2026-01-22 18:39:17,408 - root - INFO - mask1 ratio: 0.01, mask2 ratio: 0.12, mask3 ratio: 0.10, mask4 ratio: 0.77
2026-01-22 18:39:17,671 - root - INFO - mask1 ratio: 0.01, mask2 ratio: 0.04, mask3 ratio: 0.10, mask4 ratio: 0.85
2026-01-22 18:39:17,935 - root - INFO - mask1 ratio: 0.01, mask2 ratio: 0.05, mask3 ratio: 0.10, mask4 ratio: 0.84
2026-01-22 18:39:18,200 - root - INFO - mask1 ratio: 0.01, mask2 ratio: 0.10, mask3 ratio: 0.10, mask4 ratio: 0.79
2026-01-22 18:39:18,459 - root - INFO - mask1 ratio: 0.01, mask2 ratio: 0.03, mask3 ratio: 0.10, mask4 ratio: 0.87
2026-01-22 18:39:18,723 - root - INFO - mask1 ratio: 0.01, mask2 ratio: 0.08, mask3 ratio: 0.10, mask4 ratio: 0.81
2026-01-22 18:39:18,985 - root - INFO - mask1 ratio: 0.01, mask2 ratio: 0.03, mask3 ratio: 0.10, mask4 ratio: 0.87
2026-01-22 18:39:19,247 - root - INFO - mask1 ratio: 0.00, mask2 ratio: 0.03, mask3 ratio: 0.10, mask4 ratio: 0.87
2026-01-22 18:39:19,545 - root - INFO - mask1 ratio: 0.01, mask2 ratio: 0.04, mask3 ratio: 0.10, mask4 ratio: 0.85
2026-01-22 18:39:19,875 - root - INFO - mask1 ratio: 0.01, mask2 ratio: 0.08, mask3 ratio: 0.10, mask4 ratio: 0.81
2026-01-22 18:39:20,136 - root - INFO - mask1 ratio: 0.01, mask2 ratio: 0.02, mask3 ratio: 0.10, mask4 ratio: 0.87
2026-01-22 18:39:20,399 - root - INFO - mask1 ratio: 0.01, mask2 ratio: 0.07, mask3 ratio: 0.10, mask4 ratio: 0.82
2026-01-22 18:39:20,659 - root - INFO - mask1 ratio: 0.00, mask2 ratio: 0.02, mask3 ratio: 0.10, mask4 ratio: 0.88
2026-01-22 18:39:20,920 - root - INFO - mask1 ratio: 0.01, mask2 ratio: 0.05, mask3 ratio: 0.10, mask4 ratio: 0.85
2026-01-22 18:39:21,184 - root - INFO - mask1 ratio: 0.01, mask2 ratio: 0.07, mask3 ratio: 0.10, mask4 ratio: 0.81
2026-01-22 18:39:21,443 - root - INFO - mask1 ratio: 0.01, mask2 ratio: 0.04, mask3 ratio: 0.10, mask4 ratio: 0.85
2026-01-22 18:39:21,706 - root - INFO - mask1 ratio: 0.01, mask2 ratio: 0.07, mask3 ratio: 0.10, mask4 ratio: 0.82
2026-01-22 18:39:21,969 - root - INFO - mask1 ratio: 0.01, mask2 ratio: 0.04, mask3 ratio: 0.10, mask4 ratio: 0.85
2026-01-22 18:39:22,234 - root - INFO - mask1 ratio: 0.01, mask2 ratio: 0.04, mask3 ratio: 0.10, mask4 ratio: 0.85
2026-01-22 18:39:22,495 - root - INFO - mask1 ratio: 0.01, mask2 ratio: 0.02, mask3 ratio: 0.10, mask4 ratio: 0.87
2026-01-22 18:39:22,756 - root - INFO - mask1 ratio: 0.01, mask2 ratio: 0.04, mask3 ratio: 0.10, mask4 ratio: 0.85
2026-01-22 18:39:22,785 - root - INFO - time 6.41
2026-01-22 18:39:22,793 - root - INFO - 0 mlp.up_proj
2026-01-22 18:39:22,793 - root - INFO - Quantizing ...
2026-01-22 18:39:23,035 - root - INFO - mask1 ratio: 0.01, mask2 ratio: 0.06, mask3 ratio: 0.10, mask4 ratio: 0.83
2026-01-22 18:39:23,332 - root - INFO - mask1 ratio: 0.01, mask2 ratio: 0.05, mask3 ratio: 0.10, mask4 ratio: 0.84
2026-01-22 18:39:23,623 - root - INFO - mask1 ratio: 0.01, mask2 ratio: 0.04, mask3 ratio: 0.10, mask4 ratio: 0.85
2026-01-22 18:39:23,892 - root - INFO - mask1 ratio: 0.03, mask2 ratio: 0.17, mask3 ratio: 0.10, mask4 ratio: 0.70
2026-01-22 18:39:24,156 - root - INFO - mask1 ratio: 0.02, mask2 ratio: 0.06, mask3 ratio: 0.10, mask4 ratio: 0.82
2026-01-22 18:39:24,419 - root - INFO - mask1 ratio: 0.01, mask2 ratio: 0.03, mask3 ratio: 0.10, mask4 ratio: 0.86
2026-01-22 18:39:24,680 - root - INFO - mask1 ratio: 0.01, mask2 ratio: 0.04, mask3 ratio: 0.10, mask4 ratio: 0.85
2026-01-22 18:39:24,943 - root - INFO - mask1 ratio: 0.01, mask2 ratio: 0.04, mask3 ratio: 0.10, mask4 ratio: 0.85
2026-01-22 18:39:25,209 - root - INFO - mask1 ratio: 0.04, mask2 ratio: 0.32, mask3 ratio: 0.10, mask4 ratio: 0.54
2026-01-22 18:39:25,470 - root - INFO - mask1 ratio: 0.01, mask2 ratio: 0.03, mask3 ratio: 0.10, mask4 ratio: 0.86
2026-01-22 18:39:25,732 - root - INFO - mask1 ratio: 0.02, mask2 ratio: 0.15, mask3 ratio: 0.10, mask4 ratio: 0.73
2026-01-22 18:39:25,994 - root - INFO - mask1 ratio: 0.01, mask2 ratio: 0.04, mask3 ratio: 0.10, mask4 ratio: 0.85
2026-01-22 18:39:26,260 - root - INFO - mask1 ratio: 0.03, mask2 ratio: 0.20, mask3 ratio: 0.10, mask4 ratio: 0.67
2026-01-22 18:39:26,521 - root - INFO - mask1 ratio: 0.01, mask2 ratio: 0.03, mask3 ratio: 0.10, mask4 ratio: 0.87
2026-01-22 18:39:26,781 - root - INFO - mask1 ratio: 0.01, mask2 ratio: 0.04, mask3 ratio: 0.10, mask4 ratio: 0.85
2026-01-22 18:39:27,153 - root - INFO - mask1 ratio: 0.02, mask2 ratio: 0.09, mask3 ratio: 0.10, mask4 ratio: 0.79
2026-01-22 18:39:27,418 - root - INFO - mask1 ratio: 0.01, mask2 ratio: 0.03, mask3 ratio: 0.10, mask4 ratio: 0.86
2026-01-22 18:39:27,680 - root - INFO - mask1 ratio: 0.01, mask2 ratio: 0.06, mask3 ratio: 0.10, mask4 ratio: 0.83
2026-01-22 18:39:27,945 - root - INFO - mask1 ratio: 0.01, mask2 ratio: 0.04, mask3 ratio: 0.10, mask4 ratio: 0.85
2026-01-22 18:39:28,210 - root - INFO - mask1 ratio: 0.01, mask2 ratio: 0.04, mask3 ratio: 0.10, mask4 ratio: 0.85
2026-01-22 18:39:28,475 - root - INFO - mask1 ratio: 0.01, mask2 ratio: 0.08, mask3 ratio: 0.10, mask4 ratio: 0.81
2026-01-22 18:39:28,739 - root - INFO - mask1 ratio: 0.02, mask2 ratio: 0.07, mask3 ratio: 0.10, mask4 ratio: 0.81
2026-01-22 18:39:29,000 - root - INFO - mask1 ratio: 0.01, mask2 ratio: 0.03, mask3 ratio: 0.10, mask4 ratio: 0.86
2026-01-22 18:39:29,260 - root - INFO - mask1 ratio: 0.01, mask2 ratio: 0.03, mask3 ratio: 0.10, mask4 ratio: 0.87
2026-01-22 18:39:29,291 - root - INFO - time 6.50
2026-01-22 18:39:29,298 - root - INFO - 0 mlp.down_proj
2026-01-22 18:39:29,298 - root - INFO - Quantizing ...
2026-01-22 18:39:29,552 - root - INFO - mask1 ratio: 0.01, mask2 ratio: 0.05, mask3 ratio: 0.10, mask4 ratio: 0.85
2026-01-22 18:39:29,768 - root - INFO - mask1 ratio: 0.02, mask2 ratio: 0.14, mask3 ratio: 0.10, mask4 ratio: 0.74
2026-01-22 18:39:29,983 - root - INFO - mask1 ratio: 0.01, mask2 ratio: 0.00, mask3 ratio: 0.10, mask4 ratio: 0.88
2026-01-22 18:39:30,205 - root - INFO - mask1 ratio: 0.01, mask2 ratio: 0.06, mask3 ratio: 0.10, mask4 ratio: 0.84
2026-01-22 18:39:30,425 - root - INFO - mask1 ratio: 0.01, mask2 ratio: 0.04, mask3 ratio: 0.10, mask4 ratio: 0.85
2026-01-22 18:39:30,643 - root - INFO - mask1 ratio: 0.01, mask2 ratio: 0.04, mask3 ratio: 0.10, mask4 ratio: 0.85
2026-01-22 18:39:30,927 - root - INFO - mask1 ratio: 0.01, mask2 ratio: 0.02, mask3 ratio: 0.10, mask4 ratio: 0.87
2026-01-22 18:39:31,141 - root - INFO - mask1 ratio: 0.00, mask2 ratio: 0.03, mask3 ratio: 0.10, mask4 ratio: 0.87
2026-01-22 18:39:31,355 - root - INFO - mask1 ratio: 0.01, mask2 ratio: 0.04, mask3 ratio: 0.10, mask4 ratio: 0.85
2026-01-22 18:39:31,569 - root - INFO - mask1 ratio: 0.01, mask2 ratio: 0.03, mask3 ratio: 0.10, mask4 ratio: 0.86
2026-01-22 18:39:31,785 - root - INFO - mask1 ratio: 0.01, mask2 ratio: 0.05, mask3 ratio: 0.10, mask4 ratio: 0.85
2026-01-22 18:39:31,999 - root - INFO - mask1 ratio: 0.01, mask2 ratio: 0.08, mask3 ratio: 0.10, mask4 ratio: 0.81
2026-01-22 18:39:32,212 - root - INFO - mask1 ratio: 0.01, mask2 ratio: 0.06, mask3 ratio: 0.10, mask4 ratio: 0.83
2026-01-22 18:39:32,427 - root - INFO - mask1 ratio: 0.01, mask2 ratio: 0.05, mask3 ratio: 0.10, mask4 ratio: 0.84
2026-01-22 18:39:32,651 - root - INFO - mask1 ratio: 0.01, mask2 ratio: 0.05, mask3 ratio: 0.10, mask4 ratio: 0.84
2026-01-22 18:39:32,865 - root - INFO - mask1 ratio: 0.01, mask2 ratio: 0.13, mask3 ratio: 0.10, mask4 ratio: 0.75
2026-01-22 18:39:33,078 - root - INFO - mask1 ratio: 0.01, mask2 ratio: 0.02, mask3 ratio: 0.10, mask4 ratio: 0.87
2026-01-22 18:39:33,293 - root - INFO - mask1 ratio: 0.01, mask2 ratio: 0.11, mask3 ratio: 0.10, mask4 ratio: 0.77
2026-01-22 18:39:33,507 - root - INFO - mask1 ratio: 0.02, mask2 ratio: 0.15, mask3 ratio: 0.10, mask4 ratio: 0.73
2026-01-22 18:39:33,721 - root - INFO - mask1 ratio: 0.00, mask2 ratio: 0.02, mask3 ratio: 0.10, mask4 ratio: 0.88
2026-01-22 18:39:33,934 - root - INFO - mask1 ratio: 0.01, mask2 ratio: 0.07, mask3 ratio: 0.10, mask4 ratio: 0.82
2026-01-22 18:39:34,148 - root - INFO - mask1 ratio: 0.01, mask2 ratio: 0.13, mask3 ratio: 0.10, mask4 ratio: 0.75
2026-01-22 18:39:34,363 - root - INFO - mask1 ratio: 0.01, mask2 ratio: 0.08, mask3 ratio: 0.10, mask4 ratio: 0.81
2026-01-22 18:39:34,576 - root - INFO - mask1 ratio: 0.01, mask2 ratio: 0.05, mask3 ratio: 0.10, mask4 ratio: 0.85
2026-01-22 18:39:34,820 - root - INFO - mask1 ratio: 0.02, mask2 ratio: 0.16, mask3 ratio: 0.10, mask4 ratio: 0.72
2026-01-22 18:39:35,109 - root - INFO - mask1 ratio: 0.01, mask2 ratio: 0.06, mask3 ratio: 0.10, mask4 ratio: 0.82
2026-01-22 18:39:35,324 - root - INFO - mask1 ratio: 0.01, mask2 ratio: 0.04, mask3 ratio: 0.10, mask4 ratio: 0.85
2026-01-22 18:39:35,541 - root - INFO - mask1 ratio: 0.02, mask2 ratio: 0.17, mask3 ratio: 0.10, mask4 ratio: 0.71
2026-01-22 18:39:35,757 - root - INFO - mask1 ratio: 0.01, mask2 ratio: 0.10, mask3 ratio: 0.10, mask4 ratio: 0.79
2026-01-22 18:39:35,971 - root - INFO - mask1 ratio: 0.01, mask2 ratio: 0.04, mask3 ratio: 0.10, mask4 ratio: 0.85
2026-01-22 18:39:36,186 - root - INFO - mask1 ratio: 0.01, mask2 ratio: 0.04, mask3 ratio: 0.10, mask4 ratio: 0.85
2026-01-22 18:39:36,400 - root - INFO - mask1 ratio: 0.01, mask2 ratio: 0.11, mask3 ratio: 0.10, mask4 ratio: 0.78
2026-01-22 18:39:36,614 - root - INFO - mask1 ratio: 0.01, mask2 ratio: 0.02, mask3 ratio: 0.10, mask4 ratio: 0.87
2026-01-22 18:39:36,829 - root - INFO - mask1 ratio: 0.01, mask2 ratio: 0.05, mask3 ratio: 0.10, mask4 ratio: 0.85
2026-01-22 18:39:37,043 - root - INFO - mask1 ratio: 0.00, mask2 ratio: 0.02, mask3 ratio: 0.10, mask4 ratio: 0.88
2026-01-22 18:39:37,258 - root - INFO - mask1 ratio: 0.01, mask2 ratio: 0.10, mask3 ratio: 0.10, mask4 ratio: 0.79
2026-01-22 18:39:37,473 - root - INFO - mask1 ratio: 0.01, mask2 ratio: 0.00, mask3 ratio: 0.10, mask4 ratio: 0.88
2026-01-22 18:39:37,689 - root - INFO - mask1 ratio: 0.00, mask2 ratio: 0.02, mask3 ratio: 0.10, mask4 ratio: 0.88
2026-01-22 18:39:37,905 - root - INFO - mask1 ratio: 0.00, mask2 ratio: 0.02, mask3 ratio: 0.10, mask4 ratio: 0.88
2026-01-22 18:39:38,121 - root - INFO - mask1 ratio: 0.01, mask2 ratio: 0.05, mask3 ratio: 0.10, mask4 ratio: 0.84
2026-01-22 18:39:38,336 - root - INFO - mask1 ratio: 0.01, mask2 ratio: 0.04, mask3 ratio: 0.10, mask4 ratio: 0.85
2026-01-22 18:39:38,551 - root - INFO - mask1 ratio: 0.01, mask2 ratio: 0.11, mask3 ratio: 0.10, mask4 ratio: 0.77
2026-01-22 18:39:38,767 - root - INFO - mask1 ratio: 0.00, mask2 ratio: 0.03, mask3 ratio: 0.10, mask4 ratio: 0.87
2026-01-22 18:39:39,033 - root - INFO - mask1 ratio: 0.01, mask2 ratio: 0.08, mask3 ratio: 0.10, mask4 ratio: 0.81
2026-01-22 18:39:39,258 - root - INFO - mask1 ratio: 0.00, mask2 ratio: 0.02, mask3 ratio: 0.10, mask4 ratio: 0.88
2026-01-22 18:39:39,470 - root - INFO - mask1 ratio: 0.00, mask2 ratio: 0.03, mask3 ratio: 0.10, mask4 ratio: 0.87
2026-01-22 18:39:39,685 - root - INFO - mask1 ratio: 0.01, mask2 ratio: 0.04, mask3 ratio: 0.10, mask4 ratio: 0.85
2026-01-22 18:39:39,899 - root - INFO - mask1 ratio: 0.01, mask2 ratio: 0.00, mask3 ratio: 0.10, mask4 ratio: 0.88
2026-01-22 18:39:40,113 - root - INFO - mask1 ratio: 0.00, mask2 ratio: 0.02, mask3 ratio: 0.10, mask4 ratio: 0.88
2026-01-22 18:39:40,328 - root - INFO - mask1 ratio: 0.01, mask2 ratio: 0.09, mask3 ratio: 0.10, mask4 ratio: 0.80
2026-01-22 18:39:40,542 - root - INFO - mask1 ratio: 0.02, mask2 ratio: 0.09, mask3 ratio: 0.10, mask4 ratio: 0.80
2026-01-22 18:39:40,756 - root - INFO - mask1 ratio: 0.00, mask2 ratio: 0.02, mask3 ratio: 0.10, mask4 ratio: 0.88
2026-01-22 18:39:40,969 - root - INFO - mask1 ratio: 0.00, mask2 ratio: 0.02, mask3 ratio: 0.10, mask4 ratio: 0.88
2026-01-22 18:39:41,184 - root - INFO - mask1 ratio: 0.00, mask2 ratio: 0.02, mask3 ratio: 0.10, mask4 ratio: 0.88
2026-01-22 18:39:41,397 - root - INFO - mask1 ratio: 0.00, mask2 ratio: 0.03, mask3 ratio: 0.10, mask4 ratio: 0.87
2026-01-22 18:39:41,610 - root - INFO - mask1 ratio: 0.00, mask2 ratio: 0.03, mask3 ratio: 0.10, mask4 ratio: 0.87
2026-01-22 18:39:41,825 - root - INFO - mask1 ratio: 0.01, mask2 ratio: 0.03, mask3 ratio: 0.10, mask4 ratio: 0.87
2026-01-22 18:39:42,039 - root - INFO - mask1 ratio: 0.00, mask2 ratio: 0.02, mask3 ratio: 0.10, mask4 ratio: 0.88
2026-01-22 18:39:42,253 - root - INFO - mask1 ratio: 0.01, mask2 ratio: 0.08, mask3 ratio: 0.10, mask4 ratio: 0.81
2026-01-22 18:39:42,468 - root - INFO - mask1 ratio: 0.01, mask2 ratio: 0.06, mask3 ratio: 0.10, mask4 ratio: 0.84
2026-01-22 18:39:42,682 - root - INFO - mask1 ratio: 0.01, mask2 ratio: 0.09, mask3 ratio: 0.10, mask4 ratio: 0.80
2026-01-22 18:39:42,896 - root - INFO - mask1 ratio: 0.01, mask2 ratio: 0.03, mask3 ratio: 0.10, mask4 ratio: 0.86
2026-01-22 18:39:43,219 - root - INFO - mask1 ratio: 0.00, mask2 ratio: 0.02, mask3 ratio: 0.10, mask4 ratio: 0.88
2026-01-22 18:39:43,433 - root - INFO - mask1 ratio: 0.00, mask2 ratio: 0.02, mask3 ratio: 0.10, mask4 ratio: 0.88
2026-01-22 18:39:43,459 - root - INFO - time 14.16
2026-01-22 18:39:46,044 - root - INFO - 1 self_attn.q_proj
2026-01-22 18:39:46,044 - root - INFO - Quantizing ...
2026-01-22 18:39:46,443 - root - INFO - mask1 ratio: 0.01, mask2 ratio: 0.08, mask3 ratio: 0.10, mask4 ratio: 0.81
2026-01-22 18:39:46,659 - root - INFO - mask1 ratio: 0.01, mask2 ratio: 0.06, mask3 ratio: 0.10, mask4 ratio: 0.84
2026-01-22 18:39:46,875 - root - INFO - mask1 ratio: 0.00, mask2 ratio: 0.04, mask3 ratio: 0.10, mask4 ratio: 0.85
2026-01-22 18:39:47,090 - root - INFO - mask1 ratio: 0.00, mask2 ratio: 0.04, mask3 ratio: 0.10, mask4 ratio: 0.85
2026-01-22 18:39:47,305 - root - INFO - mask1 ratio: 0.00, mask2 ratio: 0.03, mask3 ratio: 0.10, mask4 ratio: 0.86
2026-01-22 18:39:47,520 - root - INFO - mask1 ratio: 0.01, mask2 ratio: 0.06, mask3 ratio: 0.10, mask4 ratio: 0.84
2026-01-22 18:39:47,735 - root - INFO - mask1 ratio: 0.01, mask2 ratio: 0.06, mask3 ratio: 0.10, mask4 ratio: 0.84
2026-01-22 18:39:47,950 - root - INFO - mask1 ratio: 0.00, mask2 ratio: 0.03, mask3 ratio: 0.10, mask4 ratio: 0.87
2026-01-22 18:39:48,164 - root - INFO - mask1 ratio: 0.01, mask2 ratio: 0.05, mask3 ratio: 0.10, mask4 ratio: 0.85
2026-01-22 18:39:48,378 - root - INFO - mask1 ratio: 0.01, mask2 ratio: 0.08, mask3 ratio: 0.10, mask4 ratio: 0.81
2026-01-22 18:39:48,597 - root - INFO - mask1 ratio: 0.01, mask2 ratio: 0.05, mask3 ratio: 0.10, mask4 ratio: 0.85
2026-01-22 18:39:48,812 - root - INFO - mask1 ratio: 0.01, mask2 ratio: 0.07, mask3 ratio: 0.10, mask4 ratio: 0.82
2026-01-22 18:39:49,028 - root - INFO - mask1 ratio: 0.00, mask2 ratio: 0.04, mask3 ratio: 0.10, mask4 ratio: 0.85
2026-01-22 18:39:49,310 - root - INFO - mask1 ratio: 0.01, mask2 ratio: 0.08, mask3 ratio: 0.10, mask4 ratio: 0.81
2026-01-22 18:39:49,523 - root - INFO - mask1 ratio: 0.01, mask2 ratio: 0.05, mask3 ratio: 0.10, mask4 ratio: 0.85
2026-01-22 18:39:49,735 - root - INFO - mask1 ratio: 0.00, mask2 ratio: 0.04, mask3 ratio: 0.10, mask4 ratio: 0.85
2026-01-22 18:39:49,950 - root - INFO - mask1 ratio: 0.01, mask2 ratio: 0.06, mask3 ratio: 0.10, mask4 ratio: 0.84
2026-01-22 18:39:50,164 - root - INFO - mask1 ratio: 0.01, mask2 ratio: 0.06, mask3 ratio: 0.10, mask4 ratio: 0.84
2026-01-22 18:39:50,376 - root - INFO - mask1 ratio: 0.00, mask2 ratio: 0.03, mask3 ratio: 0.10, mask4 ratio: 0.87
2026-01-22 18:39:50,589 - root - INFO - mask1 ratio: 0.01, mask2 ratio: 0.04, mask3 ratio: 0.10, mask4 ratio: 0.85
2026-01-22 18:39:50,805 - root - INFO - mask1 ratio: 0.01, mask2 ratio: 0.05, mask3 ratio: 0.10, mask4 ratio: 0.85
2026-01-22 18:39:51,018 - root - INFO - mask1 ratio: 0.00, mask2 ratio: 0.04, mask3 ratio: 0.10, mask4 ratio: 0.85
2026-01-22 18:39:51,244 - root - INFO - mask1 ratio: 0.01, mask2 ratio: 0.04, mask3 ratio: 0.10, mask4 ratio: 0.85
2026-01-22 18:39:51,457 - root - INFO - mask1 ratio: 0.00, mask2 ratio: 0.03, mask3 ratio: 0.10, mask4 ratio: 0.87
2026-01-22 18:39:51,484 - root - INFO - time 5.44
2026-01-22 18:39:51,493 - root - INFO - 1 self_attn.k_proj
2026-01-22 18:39:51,493 - root - INFO - Quantizing ...
2026-01-22 18:39:51,675 - root - INFO - mask1 ratio: 0.01, mask2 ratio: 0.08, mask3 ratio: 0.10, mask4 ratio: 0.81
2026-01-22 18:39:51,871 - root - INFO - mask1 ratio: 0.01, mask2 ratio: 0.05, mask3 ratio: 0.10, mask4 ratio: 0.84
2026-01-22 18:39:52,072 - root - INFO - mask1 ratio: 0.01, mask2 ratio: 0.05, mask3 ratio: 0.10, mask4 ratio: 0.85
2026-01-22 18:39:52,270 - root - INFO - mask1 ratio: 0.01, mask2 ratio: 0.05, mask3 ratio: 0.10, mask4 ratio: 0.85
2026-01-22 18:39:52,468 - root - INFO - mask1 ratio: 0.00, mask2 ratio: 0.03, mask3 ratio: 0.10, mask4 ratio: 0.86
2026-01-22 18:39:52,669 - root - INFO - mask1 ratio: 0.01, mask2 ratio: 0.08, mask3 ratio: 0.10, mask4 ratio: 0.81
2026-01-22 18:39:52,885 - root - INFO - mask1 ratio: 0.01, mask2 ratio: 0.06, mask3 ratio: 0.10, mask4 ratio: 0.84
2026-01-22 18:39:53,085 - root - INFO - mask1 ratio: 0.00, mask2 ratio: 0.03, mask3 ratio: 0.10, mask4 ratio: 0.87
2026-01-22 18:39:53,352 - root - INFO - mask1 ratio: 0.01, mask2 ratio: 0.05, mask3 ratio: 0.10, mask4 ratio: 0.85
2026-01-22 18:39:53,577 - root - INFO - mask1 ratio: 0.01, mask2 ratio: 0.08, mask3 ratio: 0.10, mask4 ratio: 0.81
2026-01-22 18:39:53,775 - root - INFO - mask1 ratio: 0.01, mask2 ratio: 0.06, mask3 ratio: 0.10, mask4 ratio: 0.83
2026-01-22 18:39:53,972 - root - INFO - mask1 ratio: 0.01, mask2 ratio: 0.06, mask3 ratio: 0.10, mask4 ratio: 0.83
2026-01-22 18:39:54,175 - root - INFO - mask1 ratio: 0.00, mask2 ratio: 0.03, mask3 ratio: 0.10, mask4 ratio: 0.86
2026-01-22 18:39:54,373 - root - INFO - mask1 ratio: 0.01, mask2 ratio: 0.07, mask3 ratio: 0.10, mask4 ratio: 0.82
2026-01-22 18:39:54,570 - root - INFO - mask1 ratio: 0.01, mask2 ratio: 0.04, mask3 ratio: 0.10, mask4 ratio: 0.85
2026-01-22 18:39:54,768 - root - INFO - mask1 ratio: 0.01, mask2 ratio: 0.04, mask3 ratio: 0.10, mask4 ratio: 0.85
2026-01-22 18:39:54,966 - root - INFO - mask1 ratio: 0.01, mask2 ratio: 0.05, mask3 ratio: 0.10, mask4 ratio: 0.85
2026-01-22 18:39:55,165 - root - INFO - mask1 ratio: 0.01, mask2 ratio: 0.06, mask3 ratio: 0.10, mask4 ratio: 0.83
2026-01-22 18:39:55,369 - root - INFO - mask1 ratio: 0.00, mask2 ratio: 0.03, mask3 ratio: 0.10, mask4 ratio: 0.87
2026-01-22 18:39:55,569 - root - INFO - mask1 ratio: 0.01, mask2 ratio: 0.04, mask3 ratio: 0.10, mask4 ratio: 0.85
2026-01-22 18:39:55,774 - root - INFO - mask1 ratio: 0.01, mask2 ratio: 0.04, mask3 ratio: 0.10, mask4 ratio: 0.85
2026-01-22 18:39:55,992 - root - INFO - mask1 ratio: 0.01, mask2 ratio: 0.04, mask3 ratio: 0.10, mask4 ratio: 0.85
2026-01-22 18:39:56,207 - root - INFO - mask1 ratio: 0.01, mask2 ratio: 0.04, mask3 ratio: 0.10, mask4 ratio: 0.85
2026-01-22 18:39:56,416 - root - INFO - mask1 ratio: 0.00, mask2 ratio: 0.03, mask3 ratio: 0.10, mask4 ratio: 0.87
2026-01-22 18:39:56,449 - root - INFO - time 4.96
2026-01-22 18:39:56,453 - root - INFO - 1 self_attn.v_proj
2026-01-22 18:39:56,453 - root - INFO - Quantizing ...
2026-01-22 18:39:56,654 - root - INFO - mask1 ratio: 0.01, mask2 ratio: 0.06, mask3 ratio: 0.10, mask4 ratio: 0.83
2026-01-22 18:39:56,878 - root - INFO - mask1 ratio: 0.01, mask2 ratio: 0.04, mask3 ratio: 0.10, mask4 ratio: 0.85
2026-01-22 18:39:57,099 - root - INFO - mask1 ratio: 0.01, mask2 ratio: 0.03, mask3 ratio: 0.10, mask4 ratio: 0.86
2026-01-22 18:39:57,318 - root - INFO - mask1 ratio: 0.01, mask2 ratio: 0.04, mask3 ratio: 0.10, mask4 ratio: 0.85
2026-01-22 18:39:57,570 - root - INFO - mask1 ratio: 0.01, mask2 ratio: 0.05, mask3 ratio: 0.10, mask4 ratio: 0.84
2026-01-22 18:39:57,799 - root - INFO - mask1 ratio: 0.01, mask2 ratio: 0.06, mask3 ratio: 0.10, mask4 ratio: 0.83
2026-01-22 18:39:58,001 - root - INFO - mask1 ratio: 0.01, mask2 ratio: 0.03, mask3 ratio: 0.10, mask4 ratio: 0.86
2026-01-22 18:39:58,219 - root - INFO - mask1 ratio: 0.01, mask2 ratio: 0.11, mask3 ratio: 0.10, mask4 ratio: 0.77
2026-01-22 18:39:58,435 - root - INFO - mask1 ratio: 0.01, mask2 ratio: 0.08, mask3 ratio: 0.10, mask4 ratio: 0.81
2026-01-22 18:39:58,642 - root - INFO - mask1 ratio: 0.01, mask2 ratio: 0.04, mask3 ratio: 0.10, mask4 ratio: 0.85
2026-01-22 18:39:58,868 - root - INFO - mask1 ratio: 0.01, mask2 ratio: 0.05, mask3 ratio: 0.10, mask4 ratio: 0.85
2026-01-22 18:39:59,099 - root - INFO - mask1 ratio: 0.01, mask2 ratio: 0.04, mask3 ratio: 0.10, mask4 ratio: 0.85
2026-01-22 18:39:59,308 - root - INFO - mask1 ratio: 0.01, mask2 ratio: 0.07, mask3 ratio: 0.10, mask4 ratio: 0.82
2026-01-22 18:39:59,509 - root - INFO - mask1 ratio: 0.01, mask2 ratio: 0.08, mask3 ratio: 0.10, mask4 ratio: 0.81
2026-01-22 18:39:59,718 - root - INFO - mask1 ratio: 0.01, mask2 ratio: 0.05, mask3 ratio: 0.10, mask4 ratio: 0.85
2026-01-22 18:39:59,944 - root - INFO - mask1 ratio: 0.01, mask2 ratio: 0.03, mask3 ratio: 0.10, mask4 ratio: 0.86
2026-01-22 18:40:00,151 - root - INFO - mask1 ratio: 0.01, mask2 ratio: 0.05, mask3 ratio: 0.10, mask4 ratio: 0.85
2026-01-22 18:40:00,377 - root - INFO - mask1 ratio: 0.01, mask2 ratio: 0.06, mask3 ratio: 0.10, mask4 ratio: 0.83
2026-01-22 18:40:00,600 - root - INFO - mask1 ratio: 0.01, mask2 ratio: 0.05, mask3 ratio: 0.10, mask4 ratio: 0.85
2026-01-22 18:40:00,826 - root - INFO - mask1 ratio: 0.01, mask2 ratio: 0.04, mask3 ratio: 0.10, mask4 ratio: 0.85
2026-01-22 18:40:01,036 - root - INFO - mask1 ratio: 0.01, mask2 ratio: 0.06, mask3 ratio: 0.10, mask4 ratio: 0.83
2026-01-22 18:40:01,242 - root - INFO - mask1 ratio: 0.01, mask2 ratio: 0.06, mask3 ratio: 0.10, mask4 ratio: 0.83
2026-01-22 18:40:01,464 - root - INFO - mask1 ratio: 0.01, mask2 ratio: 0.06, mask3 ratio: 0.10, mask4 ratio: 0.83
2026-01-22 18:40:01,730 - root - INFO - mask1 ratio: 0.01, mask2 ratio: 0.04, mask3 ratio: 0.10, mask4 ratio: 0.85
2026-01-22 18:40:01,760 - root - INFO - time 5.31
2026-01-22 18:40:01,765 - root - INFO - 1 self_attn.o_proj
2026-01-22 18:40:01,765 - root - INFO - Quantizing ...
2026-01-22 18:40:02,037 - root - INFO - mask1 ratio: 0.00, mask2 ratio: 0.04, mask3 ratio: 0.10, mask4 ratio: 0.86
2026-01-22 18:40:02,280 - root - INFO - mask1 ratio: 0.01, mask2 ratio: 0.05, mask3 ratio: 0.10, mask4 ratio: 0.85
2026-01-22 18:40:02,508 - root - INFO - mask1 ratio: 0.00, mask2 ratio: 0.03, mask3 ratio: 0.10, mask4 ratio: 0.87
2026-01-22 18:40:02,728 - root - INFO - mask1 ratio: 0.01, mask2 ratio: 0.03, mask3 ratio: 0.11, mask4 ratio: 0.86
2026-01-22 18:40:02,947 - root - INFO - mask1 ratio: 0.00, mask2 ratio: 0.02, mask3 ratio: 0.10, mask4 ratio: 0.88
2026-01-22 18:40:03,160 - root - INFO - mask1 ratio: 0.01, mask2 ratio: 0.00, mask3 ratio: 0.11, mask4 ratio: 0.87
2026-01-22 18:40:03,375 - root - INFO - mask1 ratio: 0.01, mask2 ratio: 0.07, mask3 ratio: 0.10, mask4 ratio: 0.82
2026-01-22 18:40:03,589 - root - INFO - mask1 ratio: 0.00, mask2 ratio: 0.03, mask3 ratio: 0.10, mask4 ratio: 0.87
2026-01-22 18:40:03,803 - root - INFO - mask1 ratio: 0.00, mask2 ratio: 0.03, mask3 ratio: 0.10, mask4 ratio: 0.87
2026-01-22 18:40:04,016 - root - INFO - mask1 ratio: 0.00, mask2 ratio: 0.02, mask3 ratio: 0.10, mask4 ratio: 0.88
2026-01-22 18:40:04,229 - root - INFO - mask1 ratio: 0.01, mask2 ratio: 0.03, mask3 ratio: 0.10, mask4 ratio: 0.87
2026-01-22 18:40:04,445 - root - INFO - mask1 ratio: 0.00, mask2 ratio: 0.02, mask3 ratio: 0.10, mask4 ratio: 0.88
2026-01-22 18:40:04,658 - root - INFO - mask1 ratio: 0.01, mask2 ratio: 0.03, mask3 ratio: 0.10, mask4 ratio: 0.87
2026-01-22 18:40:04,873 - root - INFO - mask1 ratio: 0.00, mask2 ratio: 0.02, mask3 ratio: 0.10, mask4 ratio: 0.88
2026-01-22 18:40:05,090 - root - INFO - mask1 ratio: 0.01, mask2 ratio: 0.00, mask3 ratio: 0.10, mask4 ratio: 0.88
2026-01-22 18:40:05,309 - root - INFO - mask1 ratio: 0.01, mask2 ratio: 0.13, mask3 ratio: 0.10, mask4 ratio: 0.75
2026-01-22 18:40:05,523 - root - INFO - mask1 ratio: 0.02, mask2 ratio: 0.18, mask3 ratio: 0.10, mask4 ratio: 0.70
2026-01-22 18:40:05,737 - root - INFO - mask1 ratio: 0.01, mask2 ratio: 0.03, mask3 ratio: 0.10, mask4 ratio: 0.87
2026-01-22 18:40:06,024 - root - INFO - mask1 ratio: 0.01, mask2 ratio: 0.06, mask3 ratio: 0.10, mask4 ratio: 0.84
2026-01-22 18:40:06,239 - root - INFO - mask1 ratio: 0.02, mask2 ratio: 0.15, mask3 ratio: 0.10, mask4 ratio: 0.74
2026-01-22 18:40:06,456 - root - INFO - mask1 ratio: 0.02, mask2 ratio: 0.19, mask3 ratio: 0.10, mask4 ratio: 0.69
2026-01-22 18:40:06,674 - root - INFO - mask1 ratio: 0.00, mask2 ratio: 0.03, mask3 ratio: 0.10, mask4 ratio: 0.87
2026-01-22 18:40:06,890 - root - INFO - mask1 ratio: 0.01, mask2 ratio: 0.05, mask3 ratio: 0.10, mask4 ratio: 0.85
2026-01-22 18:40:07,105 - root - INFO - mask1 ratio: 0.00, mask2 ratio: 0.03, mask3 ratio: 0.10, mask4 ratio: 0.87
2026-01-22 18:40:07,131 - root - INFO - time 5.37
2026-01-22 18:40:07,136 - root - INFO - 1 mlp.gate_proj
2026-01-22 18:40:07,136 - root - INFO - Quantizing ...
2026-01-22 18:40:07,378 - root - INFO - mask1 ratio: 0.01, mask2 ratio: 0.00, mask3 ratio: 0.10, mask4 ratio: 0.88
2026-01-22 18:40:07,641 - root - INFO - mask1 ratio: 0.01, mask2 ratio: 0.03, mask3 ratio: 0.10, mask4 ratio: 0.86
2026-01-22 18:40:07,903 - root - INFO - mask1 ratio: 0.01, mask2 ratio: 0.06, mask3 ratio: 0.10, mask4 ratio: 0.82
2026-01-22 18:40:08,168 - root - INFO - mask1 ratio: 0.01, mask2 ratio: 0.13, mask3 ratio: 0.10, mask4 ratio: 0.75
2026-01-22 18:40:08,429 - root - INFO - mask1 ratio: 0.01, mask2 ratio: 0.00, mask3 ratio: 0.10, mask4 ratio: 0.88
2026-01-22 18:40:08,695 - root - INFO - mask1 ratio: 0.01, mask2 ratio: 0.06, mask3 ratio: 0.10, mask4 ratio: 0.82
2026-01-22 18:40:08,959 - root - INFO - mask1 ratio: 0.02, mask2 ratio: 0.11, mask3 ratio: 0.10, mask4 ratio: 0.77
2026-01-22 18:40:09,221 - root - INFO - mask1 ratio: 0.01, mask2 ratio: 0.03, mask3 ratio: 0.10, mask4 ratio: 0.86
2026-01-22 18:40:09,485 - root - INFO - mask1 ratio: 0.01, mask2 ratio: 0.02, mask3 ratio: 0.10, mask4 ratio: 0.88
2026-01-22 18:40:09,856 - root - INFO - mask1 ratio: 0.01, mask2 ratio: 0.04, mask3 ratio: 0.10, mask4 ratio: 0.85
2026-01-22 18:40:10,122 - root - INFO - mask1 ratio: 0.01, mask2 ratio: 0.03, mask3 ratio: 0.10, mask4 ratio: 0.86
2026-01-22 18:40:10,385 - root - INFO - mask1 ratio: 0.00, mask2 ratio: 0.02, mask3 ratio: 0.10, mask4 ratio: 0.88
2026-01-22 18:40:10,648 - root - INFO - mask1 ratio: 0.01, mask2 ratio: 0.04, mask3 ratio: 0.10, mask4 ratio: 0.85
2026-01-22 18:40:10,913 - root - INFO - mask1 ratio: 0.01, mask2 ratio: 0.08, mask3 ratio: 0.10, mask4 ratio: 0.81
2026-01-22 18:40:11,176 - root - INFO - mask1 ratio: 0.01, mask2 ratio: 0.07, mask3 ratio: 0.10, mask4 ratio: 0.82
2026-01-22 18:40:11,437 - root - INFO - mask1 ratio: 0.01, mask2 ratio: 0.02, mask3 ratio: 0.10, mask4 ratio: 0.87
2026-01-22 18:40:11,705 - root - INFO - mask1 ratio: 0.01, mask2 ratio: 0.04, mask3 ratio: 0.10, mask4 ratio: 0.85
2026-01-22 18:40:11,967 - root - INFO - mask1 ratio: 0.01, mask2 ratio: 0.04, mask3 ratio: 0.10, mask4 ratio: 0.85
2026-01-22 18:40:12,229 - root - INFO - mask1 ratio: 0.01, mask2 ratio: 0.08, mask3 ratio: 0.10, mask4 ratio: 0.81
2026-01-22 18:40:12,492 - root - INFO - mask1 ratio: 0.01, mask2 ratio: 0.13, mask3 ratio: 0.10, mask4 ratio: 0.75
2026-01-22 18:40:12,756 - root - INFO - mask1 ratio: 0.01, mask2 ratio: 0.05, mask3 ratio: 0.10, mask4 ratio: 0.85
2026-01-22 18:40:13,017 - root - INFO - mask1 ratio: 0.01, mask2 ratio: 0.06, mask3 ratio: 0.10, mask4 ratio: 0.83
2026-01-22 18:40:13,316 - root - INFO - mask1 ratio: 0.02, mask2 ratio: 0.17, mask3 ratio: 0.10, mask4 ratio: 0.71
2026-01-22 18:40:13,609 - root - INFO - mask1 ratio: 0.01, mask2 ratio: 0.05, mask3 ratio: 0.10, mask4 ratio: 0.85
2026-01-22 18:40:13,639 - root - INFO - time 6.50
2026-01-22 18:40:13,646 - root - INFO - 1 mlp.up_proj
2026-01-22 18:40:13,646 - root - INFO - Quantizing ...
2026-01-22 18:40:13,887 - root - INFO - mask1 ratio: 0.01, mask2 ratio: 0.00, mask3 ratio: 0.10, mask4 ratio: 0.88
2026-01-22 18:40:14,148 - root - INFO - mask1 ratio: 0.01, mask2 ratio: 0.02, mask3 ratio: 0.10, mask4 ratio: 0.88
2026-01-22 18:40:14,412 - root - INFO - mask1 ratio: 0.02, mask2 ratio: 0.07, mask3 ratio: 0.10, mask4 ratio: 0.81
2026-01-22 18:40:14,678 - root - INFO - mask1 ratio: 0.03, mask2 ratio: 0.18, mask3 ratio: 0.10, mask4 ratio: 0.69
2026-01-22 18:40:14,938 - root - INFO - mask1 ratio: 0.01, mask2 ratio: 0.00, mask3 ratio: 0.10, mask4 ratio: 0.88
2026-01-22 18:40:15,201 - root - INFO - mask1 ratio: 0.01, mask2 ratio: 0.05, mask3 ratio: 0.10, mask4 ratio: 0.84
2026-01-22 18:40:15,464 - root - INFO - mask1 ratio: 0.01, mask2 ratio: 0.05, mask3 ratio: 0.10, mask4 ratio: 0.84
2026-01-22 18:40:15,728 - root - INFO - mask1 ratio: 0.01, mask2 ratio: 0.03, mask3 ratio: 0.10, mask4 ratio: 0.86
2026-01-22 18:40:15,992 - root - INFO - mask1 ratio: 0.01, mask2 ratio: 0.03, mask3 ratio: 0.10, mask4 ratio: 0.86
2026-01-22 18:40:16,253 - root - INFO - mask1 ratio: 0.01, mask2 ratio: 0.05, mask3 ratio: 0.10, mask4 ratio: 0.85
2026-01-22 18:40:16,515 - root - INFO - mask1 ratio: 0.01, mask2 ratio: 0.00, mask3 ratio: 0.10, mask4 ratio: 0.88
2026-01-22 18:40:16,778 - root - INFO - mask1 ratio: 0.01, mask2 ratio: 0.00, mask3 ratio: 0.10, mask4 ratio: 0.88
2026-01-22 18:40:17,141 - root - INFO - mask1 ratio: 0.02, mask2 ratio: 0.09, mask3 ratio: 0.10, mask4 ratio: 0.79
2026-01-22 18:40:17,405 - root - INFO - mask1 ratio: 0.01, mask2 ratio: 0.10, mask3 ratio: 0.10, mask4 ratio: 0.79
2026-01-22 18:40:17,667 - root - INFO - mask1 ratio: 0.01, mask2 ratio: 0.04, mask3 ratio: 0.10, mask4 ratio: 0.85
2026-01-22 18:40:17,930 - root - INFO - mask1 ratio: 0.01, mask2 ratio: 0.02, mask3 ratio: 0.10, mask4 ratio: 0.88
2026-01-22 18:40:18,192 - root - INFO - mask1 ratio: 0.01, mask2 ratio: 0.06, mask3 ratio: 0.10, mask4 ratio: 0.83
2026-01-22 18:40:18,454 - root - INFO - mask1 ratio: 0.00, mask2 ratio: 0.04, mask3 ratio: 0.10, mask4 ratio: 0.86
2026-01-22 18:40:18,723 - root - INFO - mask1 ratio: 0.01, mask2 ratio: 0.06, mask3 ratio: 0.10, mask4 ratio: 0.83
2026-01-22 18:40:18,988 - root - INFO - mask1 ratio: 0.01, mask2 ratio: 0.08, mask3 ratio: 0.10, mask4 ratio: 0.81
2026-01-22 18:40:19,255 - root - INFO - mask1 ratio: 0.01, mask2 ratio: 0.06, mask3 ratio: 0.10, mask4 ratio: 0.84
2026-01-22 18:40:19,518 - root - INFO - mask1 ratio: 0.01, mask2 ratio: 0.07, mask3 ratio: 0.10, mask4 ratio: 0.82
2026-01-22 18:40:19,782 - root - INFO - mask1 ratio: 0.01, mask2 ratio: 0.13, mask3 ratio: 0.10, mask4 ratio: 0.76
2026-01-22 18:40:20,050 - root - INFO - mask1 ratio: 0.01, mask2 ratio: 0.05, mask3 ratio: 0.10, mask4 ratio: 0.85
2026-01-22 18:40:20,080 - root - INFO - time 6.43
2026-01-22 18:40:20,088 - root - INFO - 1 mlp.down_proj
2026-01-22 18:40:20,088 - root - INFO - Quantizing ...
2026-01-22 18:40:20,341 - root - INFO - mask1 ratio: 0.01, mask2 ratio: 0.00, mask3 ratio: 0.10, mask4 ratio: 0.88
2026-01-22 18:40:20,556 - root - INFO - mask1 ratio: 0.02, mask2 ratio: 0.09, mask3 ratio: 0.10, mask4 ratio: 0.79
2026-01-22 18:40:20,793 - root - INFO - mask1 ratio: 0.01, mask2 ratio: 0.08, mask3 ratio: 0.10, mask4 ratio: 0.81
2026-01-22 18:40:21,048 - root - INFO - mask1 ratio: 0.01, mask2 ratio: 0.05, mask3 ratio: 0.10, mask4 ratio: 0.84
2026-01-22 18:40:21,263 - root - INFO - mask1 ratio: 0.01, mask2 ratio: 0.05, mask3 ratio: 0.10, mask4 ratio: 0.84
2026-01-22 18:40:21,478 - root - INFO - mask1 ratio: 0.01, mask2 ratio: 0.04, mask3 ratio: 0.10, mask4 ratio: 0.85
2026-01-22 18:40:21,694 - root - INFO - mask1 ratio: 0.01, mask2 ratio: 0.04, mask3 ratio: 0.10, mask4 ratio: 0.85
2026-01-22 18:40:21,911 - root - INFO - mask1 ratio: 0.02, mask2 ratio: 0.13, mask3 ratio: 0.10, mask4 ratio: 0.75
2026-01-22 18:40:22,127 - root - INFO - mask1 ratio: 0.01, mask2 ratio: 0.06, mask3 ratio: 0.10, mask4 ratio: 0.82
2026-01-22 18:40:22,341 - root - INFO - mask1 ratio: 0.01, mask2 ratio: 0.03, mask3 ratio: 0.10, mask4 ratio: 0.86
2026-01-22 18:40:22,557 - root - INFO - mask1 ratio: 0.01, mask2 ratio: 0.10, mask3 ratio: 0.10, mask4 ratio: 0.78
2026-01-22 18:40:22,770 - root - INFO - mask1 ratio: 0.01, mask2 ratio: 0.00, mask3 ratio: 0.10, mask4 ratio: 0.88
2026-01-22 18:40:22,986 - root - INFO - mask1 ratio: 0.01, mask2 ratio: 0.02, mask3 ratio: 0.10, mask4 ratio: 0.88
2026-01-22 18:40:23,201 - root - INFO - mask1 ratio: 0.01, mask2 ratio: 0.03, mask3 ratio: 0.10, mask4 ratio: 0.86
2026-01-22 18:40:23,415 - root - INFO - mask1 ratio: 0.00, mask2 ratio: 0.02, mask3 ratio: 0.10, mask4 ratio: 0.88
2026-01-22 18:40:23,629 - root - INFO - mask1 ratio: 0.00, mask2 ratio: 0.02, mask3 ratio: 0.10, mask4 ratio: 0.88
2026-01-22 18:40:23,844 - root - INFO - mask1 ratio: 0.02, mask2 ratio: 0.09, mask3 ratio: 0.10, mask4 ratio: 0.79
2026-01-22 18:40:24,060 - root - INFO - mask1 ratio: 0.01, mask2 ratio: 0.06, mask3 ratio: 0.10, mask4 ratio: 0.83
2026-01-22 18:40:24,274 - root - INFO - mask1 ratio: 0.01, mask2 ratio: 0.03, mask3 ratio: 0.10, mask4 ratio: 0.86
2026-01-22 18:40:24,489 - root - INFO - mask1 ratio: 0.01, mask2 ratio: 0.02, mask3 ratio: 0.10, mask4 ratio: 0.87
2026-01-22 18:40:24,704 - root - INFO - mask1 ratio: 0.02, mask2 ratio: 0.07, mask3 ratio: 0.10, mask4 ratio: 0.81
2026-01-22 18:40:25,022 - root - INFO - mask1 ratio: 0.01, mask2 ratio: 0.04, mask3 ratio: 0.10, mask4 ratio: 0.85
2026-01-22 18:40:25,237 - root - INFO - mask1 ratio: 0.01, mask2 ratio: 0.00, mask3 ratio: 0.10, mask4 ratio: 0.88
2026-01-22 18:40:25,453 - root - INFO - mask1 ratio: 0.01, mask2 ratio: 0.10, mask3 ratio: 0.10, mask4 ratio: 0.78
2026-01-22 18:40:25,669 - root - INFO - mask1 ratio: 0.01, mask2 ratio: 0.06, mask3 ratio: 0.10, mask4 ratio: 0.83
2026-01-22 18:40:25,884 - root - INFO - mask1 ratio: 0.01, mask2 ratio: 0.02, mask3 ratio: 0.10, mask4 ratio: 0.87
2026-01-22 18:40:26,101 - root - INFO - mask1 ratio: 0.01, mask2 ratio: 0.06, mask3 ratio: 0.10, mask4 ratio: 0.83
2026-01-22 18:40:26,315 - root - INFO - mask1 ratio: 0.00, mask2 ratio: 0.02, mask3 ratio: 0.10, mask4 ratio: 0.88
2026-01-22 18:40:26,531 - root - INFO - mask1 ratio: 0.02, mask2 ratio: 0.07, mask3 ratio: 0.10, mask4 ratio: 0.81
2026-01-22 18:40:26,745 - root - INFO - mask1 ratio: 0.01, mask2 ratio: 0.02, mask3 ratio: 0.10, mask4 ratio: 0.87
2026-01-22 18:40:26,959 - root - INFO - mask1 ratio: 0.01, mask2 ratio: 0.03, mask3 ratio: 0.10, mask4 ratio: 0.86
2026-01-22 18:40:27,174 - root - INFO - mask1 ratio: 0.01, mask2 ratio: 0.05, mask3 ratio: 0.10, mask4 ratio: 0.84
2026-01-22 18:40:27,391 - root - INFO - mask1 ratio: 0.02, mask2 ratio: 0.13, mask3 ratio: 0.10, mask4 ratio: 0.74
2026-01-22 18:40:27,606 - root - INFO - mask1 ratio: 0.02, mask2 ratio: 0.16, mask3 ratio: 0.10, mask4 ratio: 0.72
2026-01-22 18:40:27,821 - root - INFO - mask1 ratio: 0.01, mask2 ratio: 0.04, mask3 ratio: 0.10, mask4 ratio: 0.85
2026-01-22 18:40:28,035 - root - INFO - mask1 ratio: 0.01, mask2 ratio: 0.02, mask3 ratio: 0.10, mask4 ratio: 0.88
2026-01-22 18:40:28,250 - root - INFO - mask1 ratio: 0.00, mask2 ratio: 0.03, mask3 ratio: 0.10, mask4 ratio: 0.87
2026-01-22 18:40:28,465 - root - INFO - mask1 ratio: 0.01, mask2 ratio: 0.04, mask3 ratio: 0.10, mask4 ratio: 0.85
2026-01-22 18:40:28,684 - root - INFO - mask1 ratio: 0.02, mask2 ratio: 0.15, mask3 ratio: 0.10, mask4 ratio: 0.74
2026-01-22 18:40:28,899 - root - INFO - mask1 ratio: 0.00, mask2 ratio: 0.03, mask3 ratio: 0.10, mask4 ratio: 0.87
2026-01-22 18:40:29,176 - root - INFO - mask1 ratio: 0.01, mask2 ratio: 0.06, mask3 ratio: 0.10, mask4 ratio: 0.82
2026-01-22 18:40:29,391 - root - INFO - mask1 ratio: 0.01, mask2 ratio: 0.02, mask3 ratio: 0.10, mask4 ratio: 0.88
2026-01-22 18:40:29,606 - root - INFO - mask1 ratio: 0.01, mask2 ratio: 0.05, mask3 ratio: 0.10, mask4 ratio: 0.84
2026-01-22 18:40:29,819 - root - INFO - mask1 ratio: 0.01, mask2 ratio: 0.02, mask3 ratio: 0.10, mask4 ratio: 0.87
2026-01-22 18:40:30,032 - root - INFO - mask1 ratio: 0.01, mask2 ratio: 0.04, mask3 ratio: 0.10, mask4 ratio: 0.85
2026-01-22 18:40:30,246 - root - INFO - mask1 ratio: 0.01, mask2 ratio: 0.05, mask3 ratio: 0.10, mask4 ratio: 0.84
2026-01-22 18:40:30,461 - root - INFO - mask1 ratio: 0.01, mask2 ratio: 0.06, mask3 ratio: 0.10, mask4 ratio: 0.83
2026-01-22 18:40:30,676 - root - INFO - mask1 ratio: 0.01, mask2 ratio: 0.11, mask3 ratio: 0.10, mask4 ratio: 0.77
2026-01-22 18:40:30,890 - root - INFO - mask1 ratio: 0.01, mask2 ratio: 0.04, mask3 ratio: 0.10, mask4 ratio: 0.85
2026-01-22 18:40:31,104 - root - INFO - mask1 ratio: 0.01, mask2 ratio: 0.06, mask3 ratio: 0.10, mask4 ratio: 0.83
2026-01-22 18:40:31,318 - root - INFO - mask1 ratio: 0.02, mask2 ratio: 0.14, mask3 ratio: 0.10, mask4 ratio: 0.74
2026-01-22 18:40:31,532 - root - INFO - mask1 ratio: 0.01, mask2 ratio: 0.02, mask3 ratio: 0.10, mask4 ratio: 0.87
2026-01-22 18:40:31,745 - root - INFO - mask1 ratio: 0.01, mask2 ratio: 0.03, mask3 ratio: 0.10, mask4 ratio: 0.86
2026-01-22 18:40:31,960 - root - INFO - mask1 ratio: 0.02, mask2 ratio: 0.09, mask3 ratio: 0.10, mask4 ratio: 0.79
2026-01-22 18:40:32,186 - root - INFO - mask1 ratio: 0.02, mask2 ratio: 0.08, mask3 ratio: 0.10, mask4 ratio: 0.81
2026-01-22 18:40:32,402 - root - INFO - mask1 ratio: 0.02, mask2 ratio: 0.05, mask3 ratio: 0.10, mask4 ratio: 0.83
2026-01-22 18:40:32,617 - root - INFO - mask1 ratio: 0.01, mask2 ratio: 0.00, mask3 ratio: 0.10, mask4 ratio: 0.88
2026-01-22 18:40:32,832 - root - INFO - mask1 ratio: 0.01, mask2 ratio: 0.07, mask3 ratio: 0.10, mask4 ratio: 0.82
2026-01-22 18:40:33,151 - root - INFO - mask1 ratio: 0.01, mask2 ratio: 0.08, mask3 ratio: 0.10, mask4 ratio: 0.81
2026-01-22 18:40:33,367 - root - INFO - mask1 ratio: 0.01, mask2 ratio: 0.03, mask3 ratio: 0.10, mask4 ratio: 0.86
2026-01-22 18:40:33,581 - root - INFO - mask1 ratio: 0.01, mask2 ratio: 0.02, mask3 ratio: 0.10, mask4 ratio: 0.87
2026-01-22 18:40:33,796 - root - INFO - mask1 ratio: 0.02, mask2 ratio: 0.10, mask3 ratio: 0.10, mask4 ratio: 0.78
2026-01-22 18:40:34,011 - root - INFO - mask1 ratio: 0.01, mask2 ratio: 0.02, mask3 ratio: 0.10, mask4 ratio: 0.88
2026-01-22 18:40:34,227 - root - INFO - mask1 ratio: 0.01, mask2 ratio: 0.08, mask3 ratio: 0.10, mask4 ratio: 0.81
2026-01-22 18:40:34,254 - root - INFO - time 14.17
2026-01-22 18:40:36,825 - root - INFO - 2 self_attn.q_proj
2026-01-22 18:40:36,825 - root - INFO - Quantizing ...
2026-01-22 18:40:37,223 - root - INFO - mask1 ratio: 0.01, mask2 ratio: 0.07, mask3 ratio: 0.10, mask4 ratio: 0.82
2026-01-22 18:40:37,440 - root - INFO - mask1 ratio: 0.00, mask2 ratio: 0.04, mask3 ratio: 0.10, mask4 ratio: 0.85
2026-01-22 18:40:37,655 - root - INFO - mask1 ratio: 0.00, mask2 ratio: 0.04, mask3 ratio: 0.10, mask4 ratio: 0.85
2026-01-22 18:40:37,869 - root - INFO - mask1 ratio: 0.01, mask2 ratio: 0.05, mask3 ratio: 0.10, mask4 ratio: 0.85
2026-01-22 18:40:38,082 - root - INFO - mask1 ratio: 0.00, mask2 ratio: 0.03, mask3 ratio: 0.10, mask4 ratio: 0.87
2026-01-22 18:40:38,296 - root - INFO - mask1 ratio: 0.01, mask2 ratio: 0.06, mask3 ratio: 0.10, mask4 ratio: 0.84
2026-01-22 18:40:38,511 - root - INFO - mask1 ratio: 0.00, mask2 ratio: 0.04, mask3 ratio: 0.10, mask4 ratio: 0.86
2026-01-22 18:40:38,725 - root - INFO - mask1 ratio: 0.00, mask2 ratio: 0.03, mask3 ratio: 0.10, mask4 ratio: 0.87
2026-01-22 18:40:38,938 - root - INFO - mask1 ratio: 0.00, mask2 ratio: 0.03, mask3 ratio: 0.10, mask4 ratio: 0.86
2026-01-22 18:40:39,183 - root - INFO - mask1 ratio: 0.00, mask2 ratio: 0.04, mask3 ratio: 0.10, mask4 ratio: 0.85
2026-01-22 18:40:39,432 - root - INFO - mask1 ratio: 0.00, mask2 ratio: 0.04, mask3 ratio: 0.10, mask4 ratio: 0.86
2026-01-22 18:40:39,646 - root - INFO - mask1 ratio: 0.01, mask2 ratio: 0.07, mask3 ratio: 0.10, mask4 ratio: 0.82
2026-01-22 18:40:39,860 - root - INFO - mask1 ratio: 0.00, mask2 ratio: 0.03, mask3 ratio: 0.10, mask4 ratio: 0.87
2026-01-22 18:40:40,072 - root - INFO - mask1 ratio: 0.00, mask2 ratio: 0.04, mask3 ratio: 0.10, mask4 ratio: 0.85
2026-01-22 18:40:40,288 - root - INFO - mask1 ratio: 0.00, mask2 ratio: 0.04, mask3 ratio: 0.10, mask4 ratio: 0.86
2026-01-22 18:40:40,501 - root - INFO - mask1 ratio: 0.00, mask2 ratio: 0.04, mask3 ratio: 0.10, mask4 ratio: 0.85
2026-01-22 18:40:40,716 - root - INFO - mask1 ratio: 0.00, mask2 ratio: 0.04, mask3 ratio: 0.10, mask4 ratio: 0.85
2026-01-22 18:40:40,928 - root - INFO - mask1 ratio: 0.00, mask2 ratio: 0.03, mask3 ratio: 0.10, mask4 ratio: 0.87
2026-01-22 18:40:41,140 - root - INFO - mask1 ratio: 0.00, mask2 ratio: 0.04, mask3 ratio: 0.10, mask4 ratio: 0.85
2026-01-22 18:40:41,354 - root - INFO - mask1 ratio: 0.00, mask2 ratio: 0.04, mask3 ratio: 0.10, mask4 ratio: 0.85
2026-01-22 18:40:41,569 - root - INFO - mask1 ratio: 0.00, mask2 ratio: 0.04, mask3 ratio: 0.10, mask4 ratio: 0.85
2026-01-22 18:40:41,782 - root - INFO - mask1 ratio: 0.00, mask2 ratio: 0.04, mask3 ratio: 0.10, mask4 ratio: 0.85
2026-01-22 18:40:41,998 - root - INFO - mask1 ratio: 0.00, mask2 ratio: 0.04, mask3 ratio: 0.10, mask4 ratio: 0.85
2026-01-22 18:40:42,212 - root - INFO - mask1 ratio: 0.00, mask2 ratio: 0.04, mask3 ratio: 0.10, mask4 ratio: 0.85
2026-01-22 18:40:42,238 - root - INFO - time 5.41
2026-01-22 18:40:42,248 - root - INFO - 2 self_attn.k_proj
2026-01-22 18:40:42,248 - root - INFO - Quantizing ...
2026-01-22 18:40:42,430 - root - INFO - mask1 ratio: 0.01, mask2 ratio: 0.08, mask3 ratio: 0.10, mask4 ratio: 0.81
2026-01-22 18:40:42,628 - root - INFO - mask1 ratio: 0.00, mask2 ratio: 0.03, mask3 ratio: 0.10, mask4 ratio: 0.87
2026-01-22 18:40:42,826 - root - INFO - mask1 ratio: 0.00, mask2 ratio: 0.03, mask3 ratio: 0.10, mask4 ratio: 0.87
2026-01-22 18:40:43,022 - root - INFO - mask1 ratio: 0.00, mask2 ratio: 0.03, mask3 ratio: 0.10, mask4 ratio: 0.87
2026-01-22 18:40:43,267 - root - INFO - mask1 ratio: 0.00, mask2 ratio: 0.03, mask3 ratio: 0.10, mask4 ratio: 0.87
2026-01-22 18:40:43,515 - root - INFO - mask1 ratio: 0.00, mask2 ratio: 0.03, mask3 ratio: 0.10, mask4 ratio: 0.86
2026-01-22 18:40:43,720 - root - INFO - mask1 ratio: 0.01, mask2 ratio: 0.06, mask3 ratio: 0.10, mask4 ratio: 0.84
2026-01-22 18:40:43,917 - root - INFO - mask1 ratio: 0.00, mask2 ratio: 0.03, mask3 ratio: 0.10, mask4 ratio: 0.87
2026-01-22 18:40:44,117 - root - INFO - mask1 ratio: 0.00, mask2 ratio: 0.04, mask3 ratio: 0.10, mask4 ratio: 0.86
2026-01-22 18:40:44,315 - root - INFO - mask1 ratio: 0.01, mask2 ratio: 0.05, mask3 ratio: 0.10, mask4 ratio: 0.85
2026-01-22 18:40:44,513 - root - INFO - mask1 ratio: 0.00, mask2 ratio: 0.03, mask3 ratio: 0.10, mask4 ratio: 0.87
2026-01-22 18:40:44,715 - root - INFO - mask1 ratio: 0.01, mask2 ratio: 0.06, mask3 ratio: 0.10, mask4 ratio: 0.83
2026-01-22 18:40:44,913 - root - INFO - mask1 ratio: 0.00, mask2 ratio: 0.03, mask3 ratio: 0.10, mask4 ratio: 0.87
2026-01-22 18:40:45,113 - root - INFO - mask1 ratio: 0.01, mask2 ratio: 0.06, mask3 ratio: 0.10, mask4 ratio: 0.84
2026-01-22 18:40:45,313 - root - INFO - mask1 ratio: 0.00, mask2 ratio: 0.03, mask3 ratio: 0.10, mask4 ratio: 0.87
2026-01-22 18:40:45,511 - root - INFO - mask1 ratio: 0.00, mask2 ratio: 0.03, mask3 ratio: 0.10, mask4 ratio: 0.87
2026-01-22 18:40:45,709 - root - INFO - mask1 ratio: 0.00, mask2 ratio: 0.03, mask3 ratio: 0.10, mask4 ratio: 0.87
2026-01-22 18:40:45,909 - root - INFO - mask1 ratio: 0.00, mask2 ratio: 0.03, mask3 ratio: 0.10, mask4 ratio: 0.87
2026-01-22 18:40:46,109 - root - INFO - mask1 ratio: 0.00, mask2 ratio: 0.03, mask3 ratio: 0.10, mask4 ratio: 0.87
2026-01-22 18:40:46,308 - root - INFO - mask1 ratio: 0.00, mask2 ratio: 0.03, mask3 ratio: 0.10, mask4 ratio: 0.87
2026-01-22 18:40:46,494 - root - INFO - mask1 ratio: 0.00, mask2 ratio: 0.04, mask3 ratio: 0.10, mask4 ratio: 0.85
2026-01-22 18:40:46,669 - root - INFO - mask1 ratio: 0.01, mask2 ratio: 0.05, mask3 ratio: 0.10, mask4 ratio: 0.85
2026-01-22 18:40:46,870 - root - INFO - mask1 ratio: 0.00, mask2 ratio: 0.04, mask3 ratio: 0.10, mask4 ratio: 0.86
2026-01-22 18:40:47,069 - root - INFO - mask1 ratio: 0.00, mask2 ratio: 0.03, mask3 ratio: 0.10, mask4 ratio: 0.86
2026-01-22 18:40:47,096 - root - INFO - time 4.85
2026-01-22 18:40:47,099 - root - INFO - 2 self_attn.v_proj
2026-01-22 18:40:47,099 - root - INFO - Quantizing ...
2026-01-22 18:40:47,281 - root - INFO - mask1 ratio: 0.01, mask2 ratio: 0.08, mask3 ratio: 0.10, mask4 ratio: 0.81
2026-01-22 18:40:47,481 - root - INFO - mask1 ratio: 0.01, mask2 ratio: 0.07, mask3 ratio: 0.10, mask4 ratio: 0.82
2026-01-22 18:40:47,752 - root - INFO - mask1 ratio: 0.01, mask2 ratio: 0.08, mask3 ratio: 0.10, mask4 ratio: 0.81
2026-01-22 18:40:47,952 - root - INFO - mask1 ratio: 0.01, mask2 ratio: 0.07, mask3 ratio: 0.10, mask4 ratio: 0.81
2026-01-22 18:40:48,150 - root - INFO - mask1 ratio: 0.01, mask2 ratio: 0.05, mask3 ratio: 0.10, mask4 ratio: 0.84
2026-01-22 18:40:48,348 - root - INFO - mask1 ratio: 0.01, mask2 ratio: 0.12, mask3 ratio: 0.10, mask4 ratio: 0.77
2026-01-22 18:40:48,548 - root - INFO - mask1 ratio: 0.01, mask2 ratio: 0.07, mask3 ratio: 0.10, mask4 ratio: 0.82
2026-01-22 18:40:48,748 - root - INFO - mask1 ratio: 0.01, mask2 ratio: 0.07, mask3 ratio: 0.10, mask4 ratio: 0.82
2026-01-22 18:40:48,947 - root - INFO - mask1 ratio: 0.01, mask2 ratio: 0.07, mask3 ratio: 0.10, mask4 ratio: 0.81
2026-01-22 18:40:49,145 - root - INFO - mask1 ratio: 0.01, mask2 ratio: 0.12, mask3 ratio: 0.10, mask4 ratio: 0.77
2026-01-22 18:40:49,341 - root - INFO - mask1 ratio: 0.02, mask2 ratio: 0.11, mask3 ratio: 0.10, mask4 ratio: 0.77
2026-01-22 18:40:49,539 - root - INFO - mask1 ratio: 0.01, mask2 ratio: 0.07, mask3 ratio: 0.10, mask4 ratio: 0.81
2026-01-22 18:40:49,736 - root - INFO - mask1 ratio: 0.01, mask2 ratio: 0.10, mask3 ratio: 0.10, mask4 ratio: 0.78
2026-01-22 18:40:49,936 - root - INFO - mask1 ratio: 0.01, mask2 ratio: 0.08, mask3 ratio: 0.10, mask4 ratio: 0.81
2026-01-22 18:40:50,133 - root - INFO - mask1 ratio: 0.01, mask2 ratio: 0.06, mask3 ratio: 0.10, mask4 ratio: 0.83
2026-01-22 18:40:50,330 - root - INFO - mask1 ratio: 0.01, mask2 ratio: 0.07, mask3 ratio: 0.10, mask4 ratio: 0.82
2026-01-22 18:40:50,526 - root - INFO - mask1 ratio: 0.01, mask2 ratio: 0.07, mask3 ratio: 0.10, mask4 ratio: 0.81
2026-01-22 18:40:50,723 - root - INFO - mask1 ratio: 0.01, mask2 ratio: 0.07, mask3 ratio: 0.10, mask4 ratio: 0.82
2026-01-22 18:40:50,923 - root - INFO - mask1 ratio: 0.01, mask2 ratio: 0.08, mask3 ratio: 0.10, mask4 ratio: 0.81
2026-01-22 18:40:51,121 - root - INFO - mask1 ratio: 0.01, mask2 ratio: 0.05, mask3 ratio: 0.10, mask4 ratio: 0.85
2026-01-22 18:40:51,320 - root - INFO - mask1 ratio: 0.01, mask2 ratio: 0.07, mask3 ratio: 0.10, mask4 ratio: 0.82
2026-01-22 18:40:51,517 - root - INFO - mask1 ratio: 0.01, mask2 ratio: 0.06, mask3 ratio: 0.10, mask4 ratio: 0.83
2026-01-22 18:40:51,715 - root - INFO - mask1 ratio: 0.01, mask2 ratio: 0.05, mask3 ratio: 0.10, mask4 ratio: 0.85
2026-01-22 18:40:52,018 - root - INFO - mask1 ratio: 0.01, mask2 ratio: 0.04, mask3 ratio: 0.10, mask4 ratio: 0.85
2026-01-22 18:40:52,044 - root - INFO - time 4.94
2026-01-22 18:40:52,048 - root - INFO - 2 self_attn.o_proj
2026-01-22 18:40:52,048 - root - INFO - Quantizing ...
2026-01-22 18:40:52,245 - root - INFO - mask1 ratio: 0.01, mask2 ratio: 0.03, mask3 ratio: 0.10, mask4 ratio: 0.86
2026-01-22 18:40:52,458 - root - INFO - mask1 ratio: 0.01, mask2 ratio: 0.02, mask3 ratio: 0.10, mask4 ratio: 0.88
2026-01-22 18:40:52,672 - root - INFO - mask1 ratio: 0.01, mask2 ratio: 0.02, mask3 ratio: 0.10, mask4 ratio: 0.88
2026-01-22 18:40:52,885 - root - INFO - mask1 ratio: 0.00, mask2 ratio: 0.03, mask3 ratio: 0.10, mask4 ratio: 0.87
2026-01-22 18:40:53,100 - root - INFO - mask1 ratio: 0.00, mask2 ratio: 0.03, mask3 ratio: 0.10, mask4 ratio: 0.87
2026-01-22 18:40:53,313 - root - INFO - mask1 ratio: 0.00, mask2 ratio: 0.02, mask3 ratio: 0.10, mask4 ratio: 0.88
2026-01-22 18:40:53,526 - root - INFO - mask1 ratio: 0.01, mask2 ratio: 0.00, mask3 ratio: 0.10, mask4 ratio: 0.88
2026-01-22 18:40:53,740 - root - INFO - mask1 ratio: 0.00, mask2 ratio: 0.03, mask3 ratio: 0.10, mask4 ratio: 0.87
2026-01-22 18:40:53,954 - root - INFO - mask1 ratio: 0.01, mask2 ratio: 0.02, mask3 ratio: 0.10, mask4 ratio: 0.87
2026-01-22 18:40:54,168 - root - INFO - mask1 ratio: 0.01, mask2 ratio: 0.02, mask3 ratio: 0.10, mask4 ratio: 0.88
2026-01-22 18:40:54,384 - root - INFO - mask1 ratio: 0.01, mask2 ratio: 0.08, mask3 ratio: 0.10, mask4 ratio: 0.81
2026-01-22 18:40:54,598 - root - INFO - mask1 ratio: 0.01, mask2 ratio: 0.03, mask3 ratio: 0.10, mask4 ratio: 0.86
2026-01-22 18:40:54,815 - root - INFO - mask1 ratio: 0.00, mask2 ratio: 0.03, mask3 ratio: 0.10, mask4 ratio: 0.86
2026-01-22 18:40:55,028 - root - INFO - mask1 ratio: 0.00, mask2 ratio: 0.02, mask3 ratio: 0.10, mask4 ratio: 0.88
2026-01-22 18:40:55,243 - root - INFO - mask1 ratio: 0.01, mask2 ratio: 0.08, mask3 ratio: 0.10, mask4 ratio: 0.81
2026-01-22 18:40:55,460 - root - INFO - mask1 ratio: 0.00, mask2 ratio: 0.02, mask3 ratio: 0.10, mask4 ratio: 0.88
2026-01-22 18:40:55,681 - root - INFO - mask1 ratio: 0.00, mask2 ratio: 0.03, mask3 ratio: 0.10, mask4 ratio: 0.87
2026-01-22 18:40:55,904 - root - INFO - mask1 ratio: 0.01, mask2 ratio: 0.03, mask3 ratio: 0.10, mask4 ratio: 0.87
2026-01-22 18:40:56,184 - root - INFO - mask1 ratio: 0.00, mask2 ratio: 0.02, mask3 ratio: 0.10, mask4 ratio: 0.88
2026-01-22 18:40:56,406 - root - INFO - mask1 ratio: 0.00, mask2 ratio: 0.02, mask3 ratio: 0.10, mask4 ratio: 0.88
2026-01-22 18:40:56,620 - root - INFO - mask1 ratio: 0.00, mask2 ratio: 0.02, mask3 ratio: 0.10, mask4 ratio: 0.88
2026-01-22 18:40:56,835 - root - INFO - mask1 ratio: 0.01, mask2 ratio: 0.04, mask3 ratio: 0.10, mask4 ratio: 0.85
2026-01-22 18:40:57,048 - root - INFO - mask1 ratio: 0.01, mask2 ratio: 0.03, mask3 ratio: 0.10, mask4 ratio: 0.86
2026-01-22 18:40:57,262 - root - INFO - mask1 ratio: 0.01, mask2 ratio: 0.02, mask3 ratio: 0.10, mask4 ratio: 0.87
2026-01-22 18:40:57,291 - root - INFO - time 5.24
2026-01-22 18:40:57,295 - root - INFO - 2 mlp.gate_proj
2026-01-22 18:40:57,296 - root - INFO - Quantizing ...
2026-01-22 18:40:57,536 - root - INFO - mask1 ratio: 0.01, mask2 ratio: 0.04, mask3 ratio: 0.10, mask4 ratio: 0.85
2026-01-22 18:40:57,799 - root - INFO - mask1 ratio: 0.01, mask2 ratio: 0.04, mask3 ratio: 0.10, mask4 ratio: 0.85
2026-01-22 18:40:58,064 - root - INFO - mask1 ratio: 0.01, mask2 ratio: 0.03, mask3 ratio: 0.10, mask4 ratio: 0.86
2026-01-22 18:40:58,327 - root - INFO - mask1 ratio: 0.01, mask2 ratio: 0.05, mask3 ratio: 0.10, mask4 ratio: 0.85
2026-01-22 18:40:58,591 - root - INFO - mask1 ratio: 0.01, mask2 ratio: 0.05, mask3 ratio: 0.10, mask4 ratio: 0.84
2026-01-22 18:40:58,852 - root - INFO - mask1 ratio: 0.02, mask2 ratio: 0.08, mask3 ratio: 0.10, mask4 ratio: 0.80
2026-01-22 18:40:59,116 - root - INFO - mask1 ratio: 0.02, mask2 ratio: 0.08, mask3 ratio: 0.10, mask4 ratio: 0.81
2026-01-22 18:40:59,381 - root - INFO - mask1 ratio: 0.01, mask2 ratio: 0.05, mask3 ratio: 0.10, mask4 ratio: 0.84
2026-01-22 18:40:59,661 - root - INFO - mask1 ratio: 0.00, mask2 ratio: 0.03, mask3 ratio: 0.10, mask4 ratio: 0.86
2026-01-22 18:41:00,006 - root - INFO - mask1 ratio: 0.01, mask2 ratio: 0.04, mask3 ratio: 0.10, mask4 ratio: 0.85
2026-01-22 18:41:00,271 - root - INFO - mask1 ratio: 0.02, mask2 ratio: 0.10, mask3 ratio: 0.10, mask4 ratio: 0.78
2026-01-22 18:41:00,539 - root - INFO - mask1 ratio: 0.01, mask2 ratio: 0.05, mask3 ratio: 0.10, mask4 ratio: 0.84
2026-01-22 18:41:00,802 - root - INFO - mask1 ratio: 0.02, mask2 ratio: 0.07, mask3 ratio: 0.10, mask4 ratio: 0.81
2026-01-22 18:41:01,063 - root - INFO - mask1 ratio: 0.01, mask2 ratio: 0.06, mask3 ratio: 0.10, mask4 ratio: 0.83
2026-01-22 18:41:01,325 - root - INFO - mask1 ratio: 0.01, mask2 ratio: 0.04, mask3 ratio: 0.10, mask4 ratio: 0.85
2026-01-22 18:41:01,587 - root - INFO - mask1 ratio: 0.01, mask2 ratio: 0.02, mask3 ratio: 0.10, mask4 ratio: 0.87
2026-01-22 18:41:01,848 - root - INFO - mask1 ratio: 0.00, mask2 ratio: 0.03, mask3 ratio: 0.10, mask4 ratio: 0.86
2026-01-22 18:41:02,110 - root - INFO - mask1 ratio: 0.01, mask2 ratio: 0.04, mask3 ratio: 0.10, mask4 ratio: 0.85
2026-01-22 18:41:02,373 - root - INFO - mask1 ratio: 0.01, mask2 ratio: 0.06, mask3 ratio: 0.10, mask4 ratio: 0.83
2026-01-22 18:41:02,635 - root - INFO - mask1 ratio: 0.01, mask2 ratio: 0.03, mask3 ratio: 0.10, mask4 ratio: 0.86
2026-01-22 18:41:02,898 - root - INFO - mask1 ratio: 0.01, mask2 ratio: 0.07, mask3 ratio: 0.10, mask4 ratio: 0.82
2026-01-22 18:41:03,161 - root - INFO - mask1 ratio: 0.01, mask2 ratio: 0.05, mask3 ratio: 0.10, mask4 ratio: 0.85
2026-01-22 18:41:03,459 - root - INFO - mask1 ratio: 0.00, mask2 ratio: 0.03, mask3 ratio: 0.10, mask4 ratio: 0.87
2026-01-22 18:41:03,756 - root - INFO - mask1 ratio: 0.01, mask2 ratio: 0.04, mask3 ratio: 0.10, mask4 ratio: 0.85
2026-01-22 18:41:03,785 - root - INFO - time 6.49
2026-01-22 18:41:03,793 - root - INFO - 2 mlp.up_proj
2026-01-22 18:41:03,793 - root - INFO - Quantizing ...
2026-01-22 18:41:04,039 - root - INFO - mask1 ratio: 0.05, mask2 ratio: 0.34, mask3 ratio: 0.10, mask4 ratio: 0.52
2026-01-22 18:41:04,305 - root - INFO - mask1 ratio: 0.04, mask2 ratio: 0.34, mask3 ratio: 0.10, mask4 ratio: 0.52
2026-01-22 18:41:04,570 - root - INFO - mask1 ratio: 0.05, mask2 ratio: 0.34, mask3 ratio: 0.10, mask4 ratio: 0.52
2026-01-22 18:41:04,836 - root - INFO - mask1 ratio: 0.04, mask2 ratio: 0.34, mask3 ratio: 0.10, mask4 ratio: 0.52
2026-01-22 18:41:05,100 - root - INFO - mask1 ratio: 0.01, mask2 ratio: 0.05, mask3 ratio: 0.10, mask4 ratio: 0.84
2026-01-22 18:41:05,378 - root - INFO - mask1 ratio: 0.04, mask2 ratio: 0.33, mask3 ratio: 0.10, mask4 ratio: 0.52
2026-01-22 18:41:05,650 - root - INFO - mask1 ratio: 0.04, mask2 ratio: 0.34, mask3 ratio: 0.10, mask4 ratio: 0.52
2026-01-22 18:41:05,922 - root - INFO - mask1 ratio: 0.02, mask2 ratio: 0.05, mask3 ratio: 0.10, mask4 ratio: 0.83
2026-01-22 18:41:06,196 - root - INFO - mask1 ratio: 0.02, mask2 ratio: 0.12, mask3 ratio: 0.10, mask4 ratio: 0.75
2026-01-22 18:41:06,474 - root - INFO - mask1 ratio: 0.04, mask2 ratio: 0.34, mask3 ratio: 0.10, mask4 ratio: 0.52
2026-01-22 18:41:06,755 - root - INFO - mask1 ratio: 0.02, mask2 ratio: 0.14, mask3 ratio: 0.10, mask4 ratio: 0.74
2026-01-22 18:41:07,071 - root - INFO - mask1 ratio: 0.01, mask2 ratio: 0.05, mask3 ratio: 0.10, mask4 ratio: 0.84
2026-01-22 18:41:07,412 - root - INFO - mask1 ratio: 0.01, mask2 ratio: 0.05, mask3 ratio: 0.10, mask4 ratio: 0.84
2026-01-22 18:41:07,693 - root - INFO - mask1 ratio: 0.01, mask2 ratio: 0.05, mask3 ratio: 0.10, mask4 ratio: 0.84
2026-01-22 18:41:07,964 - root - INFO - mask1 ratio: 0.02, mask2 ratio: 0.06, mask3 ratio: 0.10, mask4 ratio: 0.82
2026-01-22 18:41:08,238 - root - INFO - mask1 ratio: 0.01, mask2 ratio: 0.06, mask3 ratio: 0.10, mask4 ratio: 0.83
2026-01-22 18:41:08,507 - root - INFO - mask1 ratio: 0.01, mask2 ratio: 0.05, mask3 ratio: 0.10, mask4 ratio: 0.84
2026-01-22 18:41:08,785 - root - INFO - mask1 ratio: 0.01, mask2 ratio: 0.05, mask3 ratio: 0.10, mask4 ratio: 0.85
2026-01-22 18:41:09,058 - root - INFO - mask1 ratio: 0.01, mask2 ratio: 0.05, mask3 ratio: 0.10, mask4 ratio: 0.84
2026-01-22 18:41:09,326 - root - INFO - mask1 ratio: 0.01, mask2 ratio: 0.04, mask3 ratio: 0.10, mask4 ratio: 0.85
2026-01-22 18:41:09,606 - root - INFO - mask1 ratio: 0.01, mask2 ratio: 0.06, mask3 ratio: 0.10, mask4 ratio: 0.83
2026-01-22 18:41:09,875 - root - INFO - mask1 ratio: 0.02, mask2 ratio: 0.08, mask3 ratio: 0.10, mask4 ratio: 0.81
2026-01-22 18:41:10,140 - root - INFO - mask1 ratio: 0.01, mask2 ratio: 0.05, mask3 ratio: 0.10, mask4 ratio: 0.85
2026-01-22 18:41:10,408 - root - INFO - mask1 ratio: 0.00, mask2 ratio: 0.04, mask3 ratio: 0.10, mask4 ratio: 0.85
2026-01-22 18:41:10,442 - root - INFO - time 6.65
2026-01-22 18:41:10,450 - root - INFO - 2 mlp.down_proj
2026-01-22 18:41:10,450 - root - INFO - Quantizing ...
2026-01-22 18:41:10,708 - root - INFO - mask1 ratio: 0.01, mask2 ratio: 0.02, mask3 ratio: 0.10, mask4 ratio: 0.87
2026-01-22 18:41:10,959 - root - INFO - mask1 ratio: 0.00, mask2 ratio: 0.02, mask3 ratio: 0.10, mask4 ratio: 0.88
2026-01-22 18:41:11,221 - root - INFO - mask1 ratio: 0.01, mask2 ratio: 0.02, mask3 ratio: 0.10, mask4 ratio: 0.87
2026-01-22 18:41:11,443 - root - INFO - mask1 ratio: 0.01, mask2 ratio: 0.02, mask3 ratio: 0.10, mask4 ratio: 0.87
2026-01-22 18:41:11,662 - root - INFO - mask1 ratio: 0.01, mask2 ratio: 0.03, mask3 ratio: 0.10, mask4 ratio: 0.86
2026-01-22 18:41:11,884 - root - INFO - mask1 ratio: 0.02, mask2 ratio: 0.08, mask3 ratio: 0.10, mask4 ratio: 0.81
2026-01-22 18:41:12,108 - root - INFO - mask1 ratio: 0.02, mask2 ratio: 0.14, mask3 ratio: 0.10, mask4 ratio: 0.74
2026-01-22 18:41:12,349 - root - INFO - mask1 ratio: 0.02, mask2 ratio: 0.10, mask3 ratio: 0.10, mask4 ratio: 0.78
2026-01-22 18:41:12,572 - root - INFO - mask1 ratio: 0.00, mask2 ratio: 0.02, mask3 ratio: 0.10, mask4 ratio: 0.88
2026-01-22 18:41:12,789 - root - INFO - mask1 ratio: 0.00, mask2 ratio: 0.03, mask3 ratio: 0.10, mask4 ratio: 0.87
2026-01-22 18:41:13,005 - root - INFO - mask1 ratio: 0.01, mask2 ratio: 0.05, mask3 ratio: 0.10, mask4 ratio: 0.84
2026-01-22 18:41:13,220 - root - INFO - mask1 ratio: 0.01, mask2 ratio: 0.04, mask3 ratio: 0.10, mask4 ratio: 0.85
2026-01-22 18:41:13,435 - root - INFO - mask1 ratio: 0.00, mask2 ratio: 0.02, mask3 ratio: 0.10, mask4 ratio: 0.88
2026-01-22 18:41:13,651 - root - INFO - mask1 ratio: 0.00, mask2 ratio: 0.03, mask3 ratio: 0.10, mask4 ratio: 0.87
2026-01-22 18:41:13,866 - root - INFO - mask1 ratio: 0.01, mask2 ratio: 0.03, mask3 ratio: 0.10, mask4 ratio: 0.86
2026-01-22 18:41:14,082 - root - INFO - mask1 ratio: 0.00, mask2 ratio: 0.02, mask3 ratio: 0.10, mask4 ratio: 0.88
2026-01-22 18:41:14,297 - root - INFO - mask1 ratio: 0.01, mask2 ratio: 0.02, mask3 ratio: 0.10, mask4 ratio: 0.88
2026-01-22 18:41:14,515 - root - INFO - mask1 ratio: 0.02, mask2 ratio: 0.08, mask3 ratio: 0.10, mask4 ratio: 0.81
2026-01-22 18:41:14,734 - root - INFO - mask1 ratio: 0.01, mask2 ratio: 0.02, mask3 ratio: 0.10, mask4 ratio: 0.88
2026-01-22 18:41:14,995 - root - INFO - mask1 ratio: 0.01, mask2 ratio: 0.04, mask3 ratio: 0.10, mask4 ratio: 0.85
2026-01-22 18:41:15,283 - root - INFO - mask1 ratio: 0.01, mask2 ratio: 0.00, mask3 ratio: 0.10, mask4 ratio: 0.88
2026-01-22 18:41:15,501 - root - INFO - mask1 ratio: 0.00, mask2 ratio: 0.02, mask3 ratio: 0.10, mask4 ratio: 0.88
2026-01-22 18:41:15,726 - root - INFO - mask1 ratio: 0.02, mask2 ratio: 0.07, mask3 ratio: 0.10, mask4 ratio: 0.81
2026-01-22 18:41:15,944 - root - INFO - mask1 ratio: 0.01, mask2 ratio: 0.03, mask3 ratio: 0.10, mask4 ratio: 0.86
2026-01-22 18:41:16,161 - root - INFO - mask1 ratio: 0.01, mask2 ratio: 0.08, mask3 ratio: 0.10, mask4 ratio: 0.81
2026-01-22 18:41:16,378 - root - INFO - mask1 ratio: 0.01, mask2 ratio: 0.03, mask3 ratio: 0.10, mask4 ratio: 0.86
2026-01-22 18:41:16,594 - root - INFO - mask1 ratio: 0.01, mask2 ratio: 0.00, mask3 ratio: 0.10, mask4 ratio: 0.88
2026-01-22 18:41:16,813 - root - INFO - mask1 ratio: 0.02, mask2 ratio: 0.09, mask3 ratio: 0.10, mask4 ratio: 0.79
2026-01-22 18:41:17,028 - root - INFO - mask1 ratio: 0.00, mask2 ratio: 0.02, mask3 ratio: 0.10, mask4 ratio: 0.88
2026-01-22 18:41:17,243 - root - INFO - mask1 ratio: 0.02, mask2 ratio: 0.11, mask3 ratio: 0.10, mask4 ratio: 0.77
2026-01-22 18:41:17,459 - root - INFO - mask1 ratio: 0.01, mask2 ratio: 0.07, mask3 ratio: 0.10, mask4 ratio: 0.82
2026-01-22 18:41:17,679 - root - INFO - mask1 ratio: 0.01, mask2 ratio: 0.06, mask3 ratio: 0.10, mask4 ratio: 0.83
2026-01-22 18:41:17,895 - root - INFO - mask1 ratio: 0.01, mask2 ratio: 0.09, mask3 ratio: 0.10, mask4 ratio: 0.80
2026-01-22 18:41:18,111 - root - INFO - mask1 ratio: 0.01, mask2 ratio: 0.04, mask3 ratio: 0.10, mask4 ratio: 0.85
2026-01-22 18:41:18,325 - root - INFO - mask1 ratio: 0.01, mask2 ratio: 0.03, mask3 ratio: 0.10, mask4 ratio: 0.86
2026-01-22 18:41:18,540 - root - INFO - mask1 ratio: 0.01, mask2 ratio: 0.03, mask3 ratio: 0.10, mask4 ratio: 0.86
2026-01-22 18:41:18,755 - root - INFO - mask1 ratio: 0.01, mask2 ratio: 0.02, mask3 ratio: 0.10, mask4 ratio: 0.87
2026-01-22 18:41:18,975 - root - INFO - mask1 ratio: 0.01, mask2 ratio: 0.03, mask3 ratio: 0.10, mask4 ratio: 0.87
2026-01-22 18:41:19,258 - root - INFO - mask1 ratio: 0.01, mask2 ratio: 0.04, mask3 ratio: 0.10, mask4 ratio: 0.85
2026-01-22 18:41:19,471 - root - INFO - mask1 ratio: 0.01, mask2 ratio: 0.03, mask3 ratio: 0.10, mask4 ratio: 0.86
2026-01-22 18:41:19,683 - root - INFO - mask1 ratio: 0.01, mask2 ratio: 0.00, mask3 ratio: 0.10, mask4 ratio: 0.88
2026-01-22 18:41:19,898 - root - INFO - mask1 ratio: 0.00, mask2 ratio: 0.02, mask3 ratio: 0.10, mask4 ratio: 0.88
2026-01-22 18:41:20,120 - root - INFO - mask1 ratio: 0.01, mask2 ratio: 0.04, mask3 ratio: 0.10, mask4 ratio: 0.85
2026-01-22 18:41:20,333 - root - INFO - mask1 ratio: 0.00, mask2 ratio: 0.02, mask3 ratio: 0.10, mask4 ratio: 0.88
2026-01-22 18:41:20,546 - root - INFO - mask1 ratio: 0.01, mask2 ratio: 0.03, mask3 ratio: 0.10, mask4 ratio: 0.86
2026-01-22 18:41:20,760 - root - INFO - mask1 ratio: 0.01, mask2 ratio: 0.03, mask3 ratio: 0.10, mask4 ratio: 0.87
2026-01-22 18:41:20,987 - root - INFO - mask1 ratio: 0.00, mask2 ratio: 0.03, mask3 ratio: 0.10, mask4 ratio: 0.87
2026-01-22 18:41:21,201 - root - INFO - mask1 ratio: 0.00, mask2 ratio: 0.02, mask3 ratio: 0.10, mask4 ratio: 0.88
2026-01-22 18:41:21,414 - root - INFO - mask1 ratio: 0.00, mask2 ratio: 0.02, mask3 ratio: 0.10, mask4 ratio: 0.88
2026-01-22 18:41:21,628 - root - INFO - mask1 ratio: 0.01, mask2 ratio: 0.04, mask3 ratio: 0.10, mask4 ratio: 0.85
2026-01-22 18:41:21,844 - root - INFO - mask1 ratio: 0.02, mask2 ratio: 0.07, mask3 ratio: 0.10, mask4 ratio: 0.81
2026-01-22 18:41:22,062 - root - INFO - mask1 ratio: 0.01, mask2 ratio: 0.04, mask3 ratio: 0.10, mask4 ratio: 0.85
2026-01-22 18:41:22,275 - root - INFO - mask1 ratio: 0.00, mask2 ratio: 0.02, mask3 ratio: 0.10, mask4 ratio: 0.88
2026-01-22 18:41:22,491 - root - INFO - mask1 ratio: 0.01, mask2 ratio: 0.06, mask3 ratio: 0.10, mask4 ratio: 0.83
2026-01-22 18:41:22,716 - root - INFO - mask1 ratio: 0.01, mask2 ratio: 0.03, mask3 ratio: 0.10, mask4 ratio: 0.86
2026-01-22 18:41:22,932 - root - INFO - mask1 ratio: 0.00, mask2 ratio: 0.02, mask3 ratio: 0.10, mask4 ratio: 0.88
2026-01-22 18:41:23,192 - root - INFO - mask1 ratio: 0.00, mask2 ratio: 0.02, mask3 ratio: 0.10, mask4 ratio: 0.88
2026-01-22 18:41:23,459 - root - INFO - mask1 ratio: 0.01, mask2 ratio: 0.03, mask3 ratio: 0.10, mask4 ratio: 0.86
2026-01-22 18:41:23,674 - root - INFO - mask1 ratio: 0.01, mask2 ratio: 0.04, mask3 ratio: 0.10, mask4 ratio: 0.85
2026-01-22 18:41:23,891 - root - INFO - mask1 ratio: 0.02, mask2 ratio: 0.12, mask3 ratio: 0.10, mask4 ratio: 0.76
2026-01-22 18:41:24,107 - root - INFO - mask1 ratio: 0.00, mask2 ratio: 0.02, mask3 ratio: 0.10, mask4 ratio: 0.88
2026-01-22 18:41:24,322 - root - INFO - mask1 ratio: 0.01, mask2 ratio: 0.03, mask3 ratio: 0.10, mask4 ratio: 0.86
2026-01-22 18:41:24,539 - root - INFO - mask1 ratio: 0.01, mask2 ratio: 0.02, mask3 ratio: 0.10, mask4 ratio: 0.88
2026-01-22 18:41:24,753 - root - INFO - mask1 ratio: 0.01, mask2 ratio: 0.03, mask3 ratio: 0.10, mask4 ratio: 0.86
2026-01-22 18:41:24,781 - root - INFO - time 14.33
2026-01-22 18:41:27,323 - root - INFO - 3 self_attn.q_proj
2026-01-22 18:41:27,323 - root - INFO - Quantizing ...
2026-01-22 18:41:27,720 - root - INFO - mask1 ratio: 0.00, mask2 ratio: 0.04, mask3 ratio: 0.10, mask4 ratio: 0.86
2026-01-22 18:41:27,951 - root - INFO - mask1 ratio: 0.00, mask2 ratio: 0.02, mask3 ratio: 0.10, mask4 ratio: 0.88
2026-01-22 18:41:28,171 - root - INFO - mask1 ratio: 0.00, mask2 ratio: 0.03, mask3 ratio: 0.10, mask4 ratio: 0.86
2026-01-22 18:41:28,385 - root - INFO - mask1 ratio: 0.01, mask2 ratio: 0.03, mask3 ratio: 0.10, mask4 ratio: 0.87
2026-01-22 18:41:28,601 - root - INFO - mask1 ratio: 0.00, mask2 ratio: 0.03, mask3 ratio: 0.10, mask4 ratio: 0.87
2026-01-22 18:41:28,815 - root - INFO - mask1 ratio: 0.01, mask2 ratio: 0.09, mask3 ratio: 0.10, mask4 ratio: 0.80
2026-01-22 18:41:29,039 - root - INFO - mask1 ratio: 0.01, mask2 ratio: 0.06, mask3 ratio: 0.10, mask4 ratio: 0.83
2026-01-22 18:41:29,262 - root - INFO - mask1 ratio: 0.01, mask2 ratio: 0.03, mask3 ratio: 0.10, mask4 ratio: 0.86
2026-01-22 18:41:29,552 - root - INFO - mask1 ratio: 0.01, mask2 ratio: 0.06, mask3 ratio: 0.10, mask4 ratio: 0.83
2026-01-22 18:41:29,765 - root - INFO - mask1 ratio: 0.01, mask2 ratio: 0.03, mask3 ratio: 0.10, mask4 ratio: 0.86
2026-01-22 18:41:29,979 - root - INFO - mask1 ratio: 0.01, mask2 ratio: 0.07, mask3 ratio: 0.10, mask4 ratio: 0.82
2026-01-22 18:41:30,193 - root - INFO - mask1 ratio: 0.01, mask2 ratio: 0.08, mask3 ratio: 0.10, mask4 ratio: 0.81
2026-01-22 18:41:30,406 - root - INFO - mask1 ratio: 0.00, mask2 ratio: 0.03, mask3 ratio: 0.10, mask4 ratio: 0.87
2026-01-22 18:41:30,628 - root - INFO - mask1 ratio: 0.01, mask2 ratio: 0.03, mask3 ratio: 0.10, mask4 ratio: 0.86
2026-01-22 18:41:30,844 - root - INFO - mask1 ratio: 0.00, mask2 ratio: 0.04, mask3 ratio: 0.10, mask4 ratio: 0.85
2026-01-22 18:41:31,057 - root - INFO - mask1 ratio: 0.01, mask2 ratio: 0.06, mask3 ratio: 0.10, mask4 ratio: 0.84
2026-01-22 18:41:31,272 - root - INFO - mask1 ratio: 0.01, mask2 ratio: 0.04, mask3 ratio: 0.10, mask4 ratio: 0.85
2026-01-22 18:41:31,486 - root - INFO - mask1 ratio: 0.01, mask2 ratio: 0.05, mask3 ratio: 0.10, mask4 ratio: 0.85
2026-01-22 18:41:31,700 - root - INFO - mask1 ratio: 0.00, mask2 ratio: 0.03, mask3 ratio: 0.10, mask4 ratio: 0.87
2026-01-22 18:41:31,913 - root - INFO - mask1 ratio: 0.01, mask2 ratio: 0.04, mask3 ratio: 0.10, mask4 ratio: 0.85
2026-01-22 18:41:32,129 - root - INFO - mask1 ratio: 0.01, mask2 ratio: 0.08, mask3 ratio: 0.10, mask4 ratio: 0.81
2026-01-22 18:41:32,344 - root - INFO - mask1 ratio: 0.01, mask2 ratio: 0.05, mask3 ratio: 0.10, mask4 ratio: 0.85
2026-01-22 18:41:32,560 - root - INFO - mask1 ratio: 0.00, mask2 ratio: 0.03, mask3 ratio: 0.10, mask4 ratio: 0.87
2026-01-22 18:41:32,773 - root - INFO - mask1 ratio: 0.00, mask2 ratio: 0.04, mask3 ratio: 0.10, mask4 ratio: 0.85
2026-01-22 18:41:32,799 - root - INFO - time 5.48
2026-01-22 18:41:32,810 - root - INFO - 3 self_attn.k_proj
2026-01-22 18:41:32,810 - root - INFO - Quantizing ...
2026-01-22 18:41:32,990 - root - INFO - mask1 ratio: 0.01, mask2 ratio: 0.06, mask3 ratio: 0.10, mask4 ratio: 0.83
2026-01-22 18:41:33,189 - root - INFO - mask1 ratio: 0.01, mask2 ratio: 0.05, mask3 ratio: 0.10, mask4 ratio: 0.85
2026-01-22 18:41:33,447 - root - INFO - mask1 ratio: 0.01, mask2 ratio: 0.03, mask3 ratio: 0.10, mask4 ratio: 0.86
2026-01-22 18:41:33,684 - root - INFO - mask1 ratio: 0.01, mask2 ratio: 0.06, mask3 ratio: 0.10, mask4 ratio: 0.83
2026-01-22 18:41:33,882 - root - INFO - mask1 ratio: 0.01, mask2 ratio: 0.05, mask3 ratio: 0.10, mask4 ratio: 0.84
2026-01-22 18:41:34,080 - root - INFO - mask1 ratio: 0.02, mask2 ratio: 0.09, mask3 ratio: 0.10, mask4 ratio: 0.79
2026-01-22 18:41:34,278 - root - INFO - mask1 ratio: 0.01, mask2 ratio: 0.05, mask3 ratio: 0.10, mask4 ratio: 0.85
2026-01-22 18:41:34,477 - root - INFO - mask1 ratio: 0.01, mask2 ratio: 0.05, mask3 ratio: 0.10, mask4 ratio: 0.85
2026-01-22 18:41:34,676 - root - INFO - mask1 ratio: 0.01, mask2 ratio: 0.06, mask3 ratio: 0.10, mask4 ratio: 0.83
2026-01-22 18:41:34,874 - root - INFO - mask1 ratio: 0.01, mask2 ratio: 0.07, mask3 ratio: 0.10, mask4 ratio: 0.81
2026-01-22 18:41:35,072 - root - INFO - mask1 ratio: 0.01, mask2 ratio: 0.03, mask3 ratio: 0.10, mask4 ratio: 0.86
2026-01-22 18:41:35,271 - root - INFO - mask1 ratio: 0.01, mask2 ratio: 0.07, mask3 ratio: 0.10, mask4 ratio: 0.81
2026-01-22 18:41:35,470 - root - INFO - mask1 ratio: 0.01, mask2 ratio: 0.04, mask3 ratio: 0.10, mask4 ratio: 0.85
2026-01-22 18:41:35,668 - root - INFO - mask1 ratio: 0.01, mask2 ratio: 0.07, mask3 ratio: 0.10, mask4 ratio: 0.81
2026-01-22 18:41:35,866 - root - INFO - mask1 ratio: 0.01, mask2 ratio: 0.05, mask3 ratio: 0.10, mask4 ratio: 0.85
2026-01-22 18:41:36,064 - root - INFO - mask1 ratio: 0.02, mask2 ratio: 0.09, mask3 ratio: 0.10, mask4 ratio: 0.79
2026-01-22 18:41:36,262 - root - INFO - mask1 ratio: 0.01, mask2 ratio: 0.04, mask3 ratio: 0.10, mask4 ratio: 0.85
2026-01-22 18:41:36,477 - root - INFO - mask1 ratio: 0.01, mask2 ratio: 0.04, mask3 ratio: 0.10, mask4 ratio: 0.85
2026-01-22 18:41:36,675 - root - INFO - mask1 ratio: 0.01, mask2 ratio: 0.03, mask3 ratio: 0.10, mask4 ratio: 0.87
2026-01-22 18:41:36,873 - root - INFO - mask1 ratio: 0.02, mask2 ratio: 0.08, mask3 ratio: 0.10, mask4 ratio: 0.81
2026-01-22 18:41:37,071 - root - INFO - mask1 ratio: 0.01, mask2 ratio: 0.08, mask3 ratio: 0.10, mask4 ratio: 0.81
2026-01-22 18:41:37,269 - root - INFO - mask1 ratio: 0.01, mask2 ratio: 0.03, mask3 ratio: 0.10, mask4 ratio: 0.86
2026-01-22 18:41:37,469 - root - INFO - mask1 ratio: 0.01, mask2 ratio: 0.05, mask3 ratio: 0.10, mask4 ratio: 0.85
2026-01-22 18:41:37,710 - root - INFO - mask1 ratio: 0.00, mask2 ratio: 0.04, mask3 ratio: 0.10, mask4 ratio: 0.85
2026-01-22 18:41:37,739 - root - INFO - time 4.93
2026-01-22 18:41:37,742 - root - INFO - 3 self_attn.v_proj
2026-01-22 18:41:37,742 - root - INFO - Quantizing ...
2026-01-22 18:41:37,939 - root - INFO - mask1 ratio: 0.01, mask2 ratio: 0.06, mask3 ratio: 0.10, mask4 ratio: 0.83
2026-01-22 18:41:38,136 - root - INFO - mask1 ratio: 0.01, mask2 ratio: 0.05, mask3 ratio: 0.10, mask4 ratio: 0.84
2026-01-22 18:41:38,334 - root - INFO - mask1 ratio: 0.01, mask2 ratio: 0.05, mask3 ratio: 0.10, mask4 ratio: 0.85
2026-01-22 18:41:38,532 - root - INFO - mask1 ratio: 0.01, mask2 ratio: 0.05, mask3 ratio: 0.10, mask4 ratio: 0.84
2026-01-22 18:41:38,729 - root - INFO - mask1 ratio: 0.01, mask2 ratio: 0.07, mask3 ratio: 0.10, mask4 ratio: 0.82
2026-01-22 18:41:38,928 - root - INFO - mask1 ratio: 0.02, mask2 ratio: 0.12, mask3 ratio: 0.10, mask4 ratio: 0.76
2026-01-22 18:41:39,125 - root - INFO - mask1 ratio: 0.01, mask2 ratio: 0.12, mask3 ratio: 0.10, mask4 ratio: 0.77
2026-01-22 18:41:39,324 - root - INFO - mask1 ratio: 0.01, mask2 ratio: 0.06, mask3 ratio: 0.10, mask4 ratio: 0.83
2026-01-22 18:41:39,523 - root - INFO - mask1 ratio: 0.01, mask2 ratio: 0.06, mask3 ratio: 0.10, mask4 ratio: 0.83
2026-01-22 18:41:39,721 - root - INFO - mask1 ratio: 0.01, mask2 ratio: 0.07, mask3 ratio: 0.10, mask4 ratio: 0.81
2026-01-22 18:41:39,918 - root - INFO - mask1 ratio: 0.02, mask2 ratio: 0.11, mask3 ratio: 0.10, mask4 ratio: 0.77
2026-01-22 18:41:40,115 - root - INFO - mask1 ratio: 0.01, mask2 ratio: 0.07, mask3 ratio: 0.10, mask4 ratio: 0.82
2026-01-22 18:41:40,312 - root - INFO - mask1 ratio: 0.01, mask2 ratio: 0.10, mask3 ratio: 0.10, mask4 ratio: 0.79
2026-01-22 18:41:40,516 - root - INFO - mask1 ratio: 0.01, mask2 ratio: 0.06, mask3 ratio: 0.10, mask4 ratio: 0.83
2026-01-22 18:41:40,713 - root - INFO - mask1 ratio: 0.01, mask2 ratio: 0.07, mask3 ratio: 0.10, mask4 ratio: 0.81
2026-01-22 18:41:40,910 - root - INFO - mask1 ratio: 0.01, mask2 ratio: 0.08, mask3 ratio: 0.10, mask4 ratio: 0.81
2026-01-22 18:41:41,106 - root - INFO - mask1 ratio: 0.01, mask2 ratio: 0.07, mask3 ratio: 0.10, mask4 ratio: 0.81
2026-01-22 18:41:41,302 - root - INFO - mask1 ratio: 0.01, mask2 ratio: 0.04, mask3 ratio: 0.10, mask4 ratio: 0.85
2026-01-22 18:41:41,501 - root - INFO - mask1 ratio: 0.01, mask2 ratio: 0.03, mask3 ratio: 0.10, mask4 ratio: 0.86
2026-01-22 18:41:41,700 - root - INFO - mask1 ratio: 0.01, mask2 ratio: 0.04, mask3 ratio: 0.10, mask4 ratio: 0.85
2026-01-22 18:41:41,941 - root - INFO - mask1 ratio: 0.01, mask2 ratio: 0.11, mask3 ratio: 0.10, mask4 ratio: 0.77
2026-01-22 18:41:42,196 - root - INFO - mask1 ratio: 0.01, mask2 ratio: 0.05, mask3 ratio: 0.10, mask4 ratio: 0.84
2026-01-22 18:41:42,419 - root - INFO - mask1 ratio: 0.01, mask2 ratio: 0.07, mask3 ratio: 0.10, mask4 ratio: 0.82
2026-01-22 18:41:42,625 - root - INFO - mask1 ratio: 0.01, mask2 ratio: 0.05, mask3 ratio: 0.10, mask4 ratio: 0.85
2026-01-22 18:41:42,659 - root - INFO - time 4.92
2026-01-22 18:41:42,663 - root - INFO - 3 self_attn.o_proj
2026-01-22 18:41:42,663 - root - INFO - Quantizing ...
2026-01-22 18:41:42,864 - root - INFO - mask1 ratio: 0.01, mask2 ratio: 0.03, mask3 ratio: 0.10, mask4 ratio: 0.86
2026-01-22 18:41:43,078 - root - INFO - mask1 ratio: 0.02, mask2 ratio: 0.08, mask3 ratio: 0.10, mask4 ratio: 0.81
2026-01-22 18:41:43,292 - root - INFO - mask1 ratio: 0.01, mask2 ratio: 0.05, mask3 ratio: 0.10, mask4 ratio: 0.84
2026-01-22 18:41:43,507 - root - INFO - mask1 ratio: 0.01, mask2 ratio: 0.00, mask3 ratio: 0.10, mask4 ratio: 0.88
2026-01-22 18:41:43,722 - root - INFO - mask1 ratio: 0.01, mask2 ratio: 0.00, mask3 ratio: 0.11, mask4 ratio: 0.87
2026-01-22 18:41:43,936 - root - INFO - mask1 ratio: 0.01, mask2 ratio: 0.00, mask3 ratio: 0.10, mask4 ratio: 0.88
2026-01-22 18:41:44,150 - root - INFO - mask1 ratio: 0.00, mask2 ratio: 0.03, mask3 ratio: 0.10, mask4 ratio: 0.87
2026-01-22 18:41:44,366 - root - INFO - mask1 ratio: 0.01, mask2 ratio: 0.04, mask3 ratio: 0.10, mask4 ratio: 0.85
2026-01-22 18:41:44,580 - root - INFO - mask1 ratio: 0.00, mask2 ratio: 0.02, mask3 ratio: 0.11, mask4 ratio: 0.87
2026-01-22 18:41:44,795 - root - INFO - mask1 ratio: 0.00, mask2 ratio: 0.03, mask3 ratio: 0.10, mask4 ratio: 0.87
2026-01-22 18:41:45,009 - root - INFO - mask1 ratio: 0.01, mask2 ratio: 0.05, mask3 ratio: 0.10, mask4 ratio: 0.84
2026-01-22 18:41:45,222 - root - INFO - mask1 ratio: 0.00, mask2 ratio: 0.02, mask3 ratio: 0.11, mask4 ratio: 0.87
2026-01-22 18:41:45,436 - root - INFO - mask1 ratio: 0.00, mask2 ratio: 0.03, mask3 ratio: 0.10, mask4 ratio: 0.87
2026-01-22 18:41:45,652 - root - INFO - mask1 ratio: 0.01, mask2 ratio: 0.02, mask3 ratio: 0.10, mask4 ratio: 0.87
2026-01-22 18:41:45,866 - root - INFO - mask1 ratio: 0.01, mask2 ratio: 0.02, mask3 ratio: 0.10, mask4 ratio: 0.88
2026-01-22 18:41:46,149 - root - INFO - mask1 ratio: 0.03, mask2 ratio: 0.22, mask3 ratio: 0.10, mask4 ratio: 0.65
2026-01-22 18:41:46,364 - root - INFO - mask1 ratio: 0.02, mask2 ratio: 0.09, mask3 ratio: 0.10, mask4 ratio: 0.80
2026-01-22 18:41:46,578 - root - INFO - mask1 ratio: 0.01, mask2 ratio: 0.03, mask3 ratio: 0.10, mask4 ratio: 0.86
2026-01-22 18:41:46,793 - root - INFO - mask1 ratio: 0.01, mask2 ratio: 0.02, mask3 ratio: 0.11, mask4 ratio: 0.86
2026-01-22 18:41:47,007 - root - INFO - mask1 ratio: 0.01, mask2 ratio: 0.05, mask3 ratio: 0.10, mask4 ratio: 0.84
2026-01-22 18:41:47,220 - root - INFO - mask1 ratio: 0.01, mask2 ratio: 0.03, mask3 ratio: 0.10, mask4 ratio: 0.86
2026-01-22 18:41:47,433 - root - INFO - mask1 ratio: 0.01, mask2 ratio: 0.00, mask3 ratio: 0.10, mask4 ratio: 0.88
2026-01-22 18:41:47,648 - root - INFO - mask1 ratio: 0.01, mask2 ratio: 0.03, mask3 ratio: 0.10, mask4 ratio: 0.86
2026-01-22 18:41:47,862 - root - INFO - mask1 ratio: 0.01, mask2 ratio: 0.02, mask3 ratio: 0.10, mask4 ratio: 0.87
2026-01-22 18:41:47,888 - root - INFO - time 5.22
2026-01-22 18:41:47,893 - root - INFO - 3 mlp.gate_proj
2026-01-22 18:41:47,893 - root - INFO - Quantizing ...
2026-01-22 18:41:48,134 - root - INFO - mask1 ratio: 0.01, mask2 ratio: 0.03, mask3 ratio: 0.10, mask4 ratio: 0.86
2026-01-22 18:41:48,395 - root - INFO - mask1 ratio: 0.01, mask2 ratio: 0.02, mask3 ratio: 0.10, mask4 ratio: 0.87
2026-01-22 18:41:48,657 - root - INFO - mask1 ratio: 0.01, mask2 ratio: 0.04, mask3 ratio: 0.10, mask4 ratio: 0.85
2026-01-22 18:41:48,923 - root - INFO - mask1 ratio: 0.01, mask2 ratio: 0.04, mask3 ratio: 0.10, mask4 ratio: 0.85
2026-01-22 18:41:49,182 - root - INFO - mask1 ratio: 0.01, mask2 ratio: 0.05, mask3 ratio: 0.10, mask4 ratio: 0.84
2026-01-22 18:41:49,446 - root - INFO - mask1 ratio: 0.01, mask2 ratio: 0.05, mask3 ratio: 0.10, mask4 ratio: 0.85
2026-01-22 18:41:49,711 - root - INFO - mask1 ratio: 0.01, mask2 ratio: 0.08, mask3 ratio: 0.10, mask4 ratio: 0.81
2026-01-22 18:41:50,083 - root - INFO - mask1 ratio: 0.01, mask2 ratio: 0.10, mask3 ratio: 0.10, mask4 ratio: 0.79
2026-01-22 18:41:50,343 - root - INFO - mask1 ratio: 0.01, mask2 ratio: 0.02, mask3 ratio: 0.10, mask4 ratio: 0.87
2026-01-22 18:41:50,605 - root - INFO - mask1 ratio: 0.01, mask2 ratio: 0.09, mask3 ratio: 0.10, mask4 ratio: 0.80
2026-01-22 18:41:50,871 - root - INFO - mask1 ratio: 0.01, mask2 ratio: 0.09, mask3 ratio: 0.10, mask4 ratio: 0.80
2026-01-22 18:41:51,134 - root - INFO - mask1 ratio: 0.01, mask2 ratio: 0.06, mask3 ratio: 0.10, mask4 ratio: 0.83
2026-01-22 18:41:51,395 - root - INFO - mask1 ratio: 0.01, mask2 ratio: 0.04, mask3 ratio: 0.10, mask4 ratio: 0.85
2026-01-22 18:41:51,661 - root - INFO - mask1 ratio: 0.02, mask2 ratio: 0.10, mask3 ratio: 0.10, mask4 ratio: 0.78
2026-01-22 18:41:51,923 - root - INFO - mask1 ratio: 0.00, mask2 ratio: 0.03, mask3 ratio: 0.10, mask4 ratio: 0.86
2026-01-22 18:41:52,185 - root - INFO - mask1 ratio: 0.01, mask2 ratio: 0.04, mask3 ratio: 0.10, mask4 ratio: 0.85
2026-01-22 18:41:52,447 - root - INFO - mask1 ratio: 0.01, mask2 ratio: 0.02, mask3 ratio: 0.10, mask4 ratio: 0.87
2026-01-22 18:41:52,708 - root - INFO - mask1 ratio: 0.00, mask2 ratio: 0.03, mask3 ratio: 0.10, mask4 ratio: 0.87
2026-01-22 18:41:52,971 - root - INFO - mask1 ratio: 0.00, mask2 ratio: 0.03, mask3 ratio: 0.10, mask4 ratio: 0.87
2026-01-22 18:41:53,234 - root - INFO - mask1 ratio: 0.01, mask2 ratio: 0.04, mask3 ratio: 0.10, mask4 ratio: 0.85
2026-01-22 18:41:53,513 - root - INFO - mask1 ratio: 0.01, mask2 ratio: 0.06, mask3 ratio: 0.10, mask4 ratio: 0.83
2026-01-22 18:41:53,825 - root - INFO - mask1 ratio: 0.01, mask2 ratio: 0.06, mask3 ratio: 0.10, mask4 ratio: 0.83
2026-01-22 18:41:54,088 - root - INFO - mask1 ratio: 0.01, mask2 ratio: 0.04, mask3 ratio: 0.10, mask4 ratio: 0.85
2026-01-22 18:41:54,349 - root - INFO - mask1 ratio: 0.01, mask2 ratio: 0.04, mask3 ratio: 0.10, mask4 ratio: 0.85
2026-01-22 18:41:54,379 - root - INFO - time 6.49
2026-01-22 18:41:54,386 - root - INFO - 3 mlp.up_proj
2026-01-22 18:41:54,386 - root - INFO - Quantizing ...
2026-01-22 18:41:54,632 - root - INFO - mask1 ratio: 0.05, mask2 ratio: 0.34, mask3 ratio: 0.10, mask4 ratio: 0.52
2026-01-22 18:41:54,893 - root - INFO - mask1 ratio: 0.01, mask2 ratio: 0.05, mask3 ratio: 0.10, mask4 ratio: 0.84
2026-01-22 18:41:55,158 - root - INFO - mask1 ratio: 0.02, mask2 ratio: 0.13, mask3 ratio: 0.10, mask4 ratio: 0.75
2026-01-22 18:41:55,421 - root - INFO - mask1 ratio: 0.03, mask2 ratio: 0.19, mask3 ratio: 0.10, mask4 ratio: 0.68
2026-01-22 18:41:55,684 - root - INFO - mask1 ratio: 0.02, mask2 ratio: 0.10, mask3 ratio: 0.10, mask4 ratio: 0.78
2026-01-22 18:41:55,950 - root - INFO - mask1 ratio: 0.04, mask2 ratio: 0.34, mask3 ratio: 0.10, mask4 ratio: 0.52
2026-01-22 18:41:56,215 - root - INFO - mask1 ratio: 0.01, mask2 ratio: 0.06, mask3 ratio: 0.10, mask4 ratio: 0.83
2026-01-22 18:41:56,478 - root - INFO - mask1 ratio: 0.02, mask2 ratio: 0.07, mask3 ratio: 0.10, mask4 ratio: 0.81
2026-01-22 18:41:56,739 - root - INFO - mask1 ratio: 0.01, mask2 ratio: 0.06, mask3 ratio: 0.10, mask4 ratio: 0.83
2026-01-22 18:41:57,003 - root - INFO - mask1 ratio: 0.02, mask2 ratio: 0.08, mask3 ratio: 0.10, mask4 ratio: 0.80
2026-01-22 18:41:57,374 - root - INFO - mask1 ratio: 0.03, mask2 ratio: 0.27, mask3 ratio: 0.10, mask4 ratio: 0.60
2026-01-22 18:41:57,640 - root - INFO - mask1 ratio: 0.01, mask2 ratio: 0.05, mask3 ratio: 0.10, mask4 ratio: 0.84
2026-01-22 18:41:57,905 - root - INFO - mask1 ratio: 0.01, mask2 ratio: 0.04, mask3 ratio: 0.10, mask4 ratio: 0.85
2026-01-22 18:41:58,170 - root - INFO - mask1 ratio: 0.01, mask2 ratio: 0.09, mask3 ratio: 0.10, mask4 ratio: 0.80
2026-01-22 18:41:58,432 - root - INFO - mask1 ratio: 0.01, mask2 ratio: 0.04, mask3 ratio: 0.10, mask4 ratio: 0.85
2026-01-22 18:41:58,695 - root - INFO - mask1 ratio: 0.01, mask2 ratio: 0.08, mask3 ratio: 0.10, mask4 ratio: 0.81
2026-01-22 18:41:58,956 - root - INFO - mask1 ratio: 0.01, mask2 ratio: 0.05, mask3 ratio: 0.10, mask4 ratio: 0.84
2026-01-22 18:41:59,217 - root - INFO - mask1 ratio: 0.00, mask2 ratio: 0.02, mask3 ratio: 0.10, mask4 ratio: 0.88
2026-01-22 18:41:59,481 - root - INFO - mask1 ratio: 0.01, mask2 ratio: 0.04, mask3 ratio: 0.10, mask4 ratio: 0.85
2026-01-22 18:41:59,743 - root - INFO - mask1 ratio: 0.01, mask2 ratio: 0.03, mask3 ratio: 0.11, mask4 ratio: 0.85
2026-01-22 18:42:00,004 - root - INFO - mask1 ratio: 0.00, mask2 ratio: 0.02, mask3 ratio: 0.10, mask4 ratio: 0.88
2026-01-22 18:42:00,267 - root - INFO - mask1 ratio: 0.01, mask2 ratio: 0.08, mask3 ratio: 0.10, mask4 ratio: 0.81
2026-01-22 18:42:00,528 - root - INFO - mask1 ratio: 0.01, mask2 ratio: 0.04, mask3 ratio: 0.10, mask4 ratio: 0.85
2026-01-22 18:42:00,800 - root - INFO - mask1 ratio: 0.01, mask2 ratio: 0.05, mask3 ratio: 0.10, mask4 ratio: 0.85
2026-01-22 18:42:00,841 - root - INFO - time 6.45
2026-01-22 18:42:00,851 - root - INFO - 3 mlp.down_proj
2026-01-22 18:42:00,851 - root - INFO - Quantizing ...
2026-01-22 18:42:01,164 - root - INFO - mask1 ratio: 0.01, mask2 ratio: 0.02, mask3 ratio: 0.10, mask4 ratio: 0.88
2026-01-22 18:42:01,378 - root - INFO - mask1 ratio: 0.01, mask2 ratio: 0.02, mask3 ratio: 0.10, mask4 ratio: 0.87
2026-01-22 18:42:01,592 - root - INFO - mask1 ratio: 0.02, mask2 ratio: 0.06, mask3 ratio: 0.10, mask4 ratio: 0.82
2026-01-22 18:42:01,806 - root - INFO - mask1 ratio: 0.01, mask2 ratio: 0.03, mask3 ratio: 0.10, mask4 ratio: 0.87
2026-01-22 18:42:02,021 - root - INFO - mask1 ratio: 0.02, mask2 ratio: 0.07, mask3 ratio: 0.10, mask4 ratio: 0.81
2026-01-22 18:42:02,235 - root - INFO - mask1 ratio: 0.01, mask2 ratio: 0.04, mask3 ratio: 0.10, mask4 ratio: 0.85
2026-01-22 18:42:02,450 - root - INFO - mask1 ratio: 0.02, mask2 ratio: 0.10, mask3 ratio: 0.10, mask4 ratio: 0.78
2026-01-22 18:42:02,664 - root - INFO - mask1 ratio: 0.01, mask2 ratio: 0.06, mask3 ratio: 0.10, mask4 ratio: 0.83
2026-01-22 18:42:02,878 - root - INFO - mask1 ratio: 0.01, mask2 ratio: 0.02, mask3 ratio: 0.10, mask4 ratio: 0.87
2026-01-22 18:42:03,092 - root - INFO - mask1 ratio: 0.02, mask2 ratio: 0.07, mask3 ratio: 0.10, mask4 ratio: 0.81
2026-01-22 18:42:03,308 - root - INFO - mask1 ratio: 0.01, mask2 ratio: 0.04, mask3 ratio: 0.10, mask4 ratio: 0.85
2026-01-22 18:42:03,524 - root - INFO - mask1 ratio: 0.01, mask2 ratio: 0.04, mask3 ratio: 0.10, mask4 ratio: 0.85
2026-01-22 18:42:03,738 - root - INFO - mask1 ratio: 0.01, mask2 ratio: 0.02, mask3 ratio: 0.10, mask4 ratio: 0.87
2026-01-22 18:42:03,954 - root - INFO - mask1 ratio: 0.01, mask2 ratio: 0.02, mask3 ratio: 0.10, mask4 ratio: 0.87
2026-01-22 18:42:04,174 - root - INFO - mask1 ratio: 0.02, mask2 ratio: 0.10, mask3 ratio: 0.10, mask4 ratio: 0.78
2026-01-22 18:42:04,389 - root - INFO - mask1 ratio: 0.01, mask2 ratio: 0.06, mask3 ratio: 0.10, mask4 ratio: 0.82
2026-01-22 18:42:04,604 - root - INFO - mask1 ratio: 0.01, mask2 ratio: 0.04, mask3 ratio: 0.10, mask4 ratio: 0.85
2026-01-22 18:42:04,848 - root - INFO - mask1 ratio: 0.00, mask2 ratio: 0.02, mask3 ratio: 0.10, mask4 ratio: 0.88
2026-01-22 18:42:05,132 - root - INFO - mask1 ratio: 0.01, mask2 ratio: 0.03, mask3 ratio: 0.10, mask4 ratio: 0.85
2026-01-22 18:42:05,353 - root - INFO - mask1 ratio: 0.01, mask2 ratio: 0.05, mask3 ratio: 0.10, mask4 ratio: 0.84
2026-01-22 18:42:05,570 - root - INFO - mask1 ratio: 0.02, mask2 ratio: 0.08, mask3 ratio: 0.10, mask4 ratio: 0.81
2026-01-22 18:42:05,786 - root - INFO - mask1 ratio: 0.01, mask2 ratio: 0.04, mask3 ratio: 0.10, mask4 ratio: 0.85
2026-01-22 18:42:06,002 - root - INFO - mask1 ratio: 0.01, mask2 ratio: 0.04, mask3 ratio: 0.10, mask4 ratio: 0.85
2026-01-22 18:42:06,218 - root - INFO - mask1 ratio: 0.01, mask2 ratio: 0.06, mask3 ratio: 0.10, mask4 ratio: 0.83
2026-01-22 18:42:06,434 - root - INFO - mask1 ratio: 0.01, mask2 ratio: 0.03, mask3 ratio: 0.10, mask4 ratio: 0.87
2026-01-22 18:42:06,649 - root - INFO - mask1 ratio: 0.01, mask2 ratio: 0.07, mask3 ratio: 0.10, mask4 ratio: 0.82
2026-01-22 18:42:06,864 - root - INFO - mask1 ratio: 0.01, mask2 ratio: 0.06, mask3 ratio: 0.10, mask4 ratio: 0.82
2026-01-22 18:42:07,078 - root - INFO - mask1 ratio: 0.01, mask2 ratio: 0.05, mask3 ratio: 0.10, mask4 ratio: 0.84
2026-01-22 18:42:07,294 - root - INFO - mask1 ratio: 0.01, mask2 ratio: 0.03, mask3 ratio: 0.10, mask4 ratio: 0.87
2026-01-22 18:42:07,510 - root - INFO - mask1 ratio: 0.01, mask2 ratio: 0.04, mask3 ratio: 0.10, mask4 ratio: 0.85
2026-01-22 18:42:07,725 - root - INFO - mask1 ratio: 0.01, mask2 ratio: 0.04, mask3 ratio: 0.10, mask4 ratio: 0.85
2026-01-22 18:42:07,942 - root - INFO - mask1 ratio: 0.01, mask2 ratio: 0.00, mask3 ratio: 0.10, mask4 ratio: 0.88
2026-01-22 18:42:08,157 - root - INFO - mask1 ratio: 0.01, mask2 ratio: 0.04, mask3 ratio: 0.10, mask4 ratio: 0.85
2026-01-22 18:42:08,373 - root - INFO - mask1 ratio: 0.01, mask2 ratio: 0.02, mask3 ratio: 0.10, mask4 ratio: 0.87
2026-01-22 18:42:08,589 - root - INFO - mask1 ratio: 0.00, mask2 ratio: 0.03, mask3 ratio: 0.10, mask4 ratio: 0.87
2026-01-22 18:42:08,802 - root - INFO - mask1 ratio: 0.01, mask2 ratio: 0.03, mask3 ratio: 0.10, mask4 ratio: 0.86
2026-01-22 18:42:09,070 - root - INFO - mask1 ratio: 0.00, mask2 ratio: 0.03, mask3 ratio: 0.10, mask4 ratio: 0.87
2026-01-22 18:42:09,292 - root - INFO - mask1 ratio: 0.02, mask2 ratio: 0.05, mask3 ratio: 0.10, mask4 ratio: 0.84
2026-01-22 18:42:09,507 - root - INFO - mask1 ratio: 0.01, mask2 ratio: 0.06, mask3 ratio: 0.10, mask4 ratio: 0.83
2026-01-22 18:42:09,721 - root - INFO - mask1 ratio: 0.01, mask2 ratio: 0.03, mask3 ratio: 0.10, mask4 ratio: 0.86
2026-01-22 18:42:09,934 - root - INFO - mask1 ratio: 0.01, mask2 ratio: 0.02, mask3 ratio: 0.10, mask4 ratio: 0.87
2026-01-22 18:42:10,150 - root - INFO - mask1 ratio: 0.01, mask2 ratio: 0.02, mask3 ratio: 0.10, mask4 ratio: 0.87
2026-01-22 18:42:10,365 - root - INFO - mask1 ratio: 0.01, mask2 ratio: 0.06, mask3 ratio: 0.10, mask4 ratio: 0.82
2026-01-22 18:42:10,580 - root - INFO - mask1 ratio: 0.00, mask2 ratio: 0.03, mask3 ratio: 0.10, mask4 ratio: 0.87
2026-01-22 18:42:10,798 - root - INFO - mask1 ratio: 0.01, mask2 ratio: 0.06, mask3 ratio: 0.10, mask4 ratio: 0.84
2026-01-22 18:42:11,012 - root - INFO - mask1 ratio: 0.01, mask2 ratio: 0.02, mask3 ratio: 0.10, mask4 ratio: 0.87
2026-01-22 18:42:11,227 - root - INFO - mask1 ratio: 0.01, mask2 ratio: 0.03, mask3 ratio: 0.10, mask4 ratio: 0.86
2026-01-22 18:42:11,441 - root - INFO - mask1 ratio: 0.01, mask2 ratio: 0.05, mask3 ratio: 0.10, mask4 ratio: 0.84
2026-01-22 18:42:11,656 - root - INFO - mask1 ratio: 0.01, mask2 ratio: 0.02, mask3 ratio: 0.10, mask4 ratio: 0.87
2026-01-22 18:42:11,871 - root - INFO - mask1 ratio: 0.01, mask2 ratio: 0.06, mask3 ratio: 0.10, mask4 ratio: 0.83
2026-01-22 18:42:12,087 - root - INFO - mask1 ratio: 0.02, mask2 ratio: 0.08, mask3 ratio: 0.10, mask4 ratio: 0.80
2026-01-22 18:42:12,302 - root - INFO - mask1 ratio: 0.01, mask2 ratio: 0.04, mask3 ratio: 0.10, mask4 ratio: 0.85
2026-01-22 18:42:12,519 - root - INFO - mask1 ratio: 0.01, mask2 ratio: 0.05, mask3 ratio: 0.10, mask4 ratio: 0.84
2026-01-22 18:42:12,733 - root - INFO - mask1 ratio: 0.01, mask2 ratio: 0.03, mask3 ratio: 0.10, mask4 ratio: 0.86
2026-01-22 18:42:12,961 - root - INFO - mask1 ratio: 0.02, mask2 ratio: 0.12, mask3 ratio: 0.10, mask4 ratio: 0.76
2026-01-22 18:42:13,261 - root - INFO - mask1 ratio: 0.02, mask2 ratio: 0.08, mask3 ratio: 0.10, mask4 ratio: 0.81
2026-01-22 18:42:13,478 - root - INFO - mask1 ratio: 0.00, mask2 ratio: 0.02, mask3 ratio: 0.10, mask4 ratio: 0.88
2026-01-22 18:42:13,693 - root - INFO - mask1 ratio: 0.01, mask2 ratio: 0.04, mask3 ratio: 0.10, mask4 ratio: 0.85
2026-01-22 18:42:13,907 - root - INFO - mask1 ratio: 0.01, mask2 ratio: 0.04, mask3 ratio: 0.10, mask4 ratio: 0.85
2026-01-22 18:42:14,122 - root - INFO - mask1 ratio: 0.01, mask2 ratio: 0.03, mask3 ratio: 0.10, mask4 ratio: 0.85
2026-01-22 18:42:14,338 - root - INFO - mask1 ratio: 0.00, mask2 ratio: 0.02, mask3 ratio: 0.10, mask4 ratio: 0.88
2026-01-22 18:42:14,556 - root - INFO - mask1 ratio: 0.02, mask2 ratio: 0.08, mask3 ratio: 0.10, mask4 ratio: 0.81
2026-01-22 18:42:14,776 - root - INFO - mask1 ratio: 0.01, mask2 ratio: 0.06, mask3 ratio: 0.10, mask4 ratio: 0.82
2026-01-22 18:42:14,994 - root - INFO - mask1 ratio: 0.00, mask2 ratio: 0.02, mask3 ratio: 0.10, mask4 ratio: 0.88
2026-01-22 18:42:15,021 - root - INFO - time 14.17
2026-01-22 18:42:17,564 - root - INFO - 4 self_attn.q_proj
2026-01-22 18:42:17,564 - root - INFO - Quantizing ...
2026-01-22 18:42:17,966 - root - INFO - mask1 ratio: 0.01, mask2 ratio: 0.06, mask3 ratio: 0.10, mask4 ratio: 0.83
2026-01-22 18:42:18,184 - root - INFO - mask1 ratio: 0.00, mask2 ratio: 0.04, mask3 ratio: 0.10, mask4 ratio: 0.86
2026-01-22 18:42:18,412 - root - INFO - mask1 ratio: 0.00, mask2 ratio: 0.04, mask3 ratio: 0.10, mask4 ratio: 0.86
2026-01-22 18:42:18,636 - root - INFO - mask1 ratio: 0.00, mask2 ratio: 0.04, mask3 ratio: 0.10, mask4 ratio: 0.85
2026-01-22 18:42:18,868 - root - INFO - mask1 ratio: 0.00, mask2 ratio: 0.02, mask3 ratio: 0.10, mask4 ratio: 0.88
2026-01-22 18:42:19,092 - root - INFO - mask1 ratio: 0.00, mask2 ratio: 0.03, mask3 ratio: 0.10, mask4 ratio: 0.87
2026-01-22 18:42:19,356 - root - INFO - mask1 ratio: 0.00, mask2 ratio: 0.04, mask3 ratio: 0.10, mask4 ratio: 0.86
2026-01-22 18:42:19,596 - root - INFO - mask1 ratio: 0.00, mask2 ratio: 0.03, mask3 ratio: 0.10, mask4 ratio: 0.87
2026-01-22 18:42:19,815 - root - INFO - mask1 ratio: 0.00, mask2 ratio: 0.03, mask3 ratio: 0.10, mask4 ratio: 0.87
2026-01-22 18:42:20,051 - root - INFO - mask1 ratio: 0.00, mask2 ratio: 0.04, mask3 ratio: 0.10, mask4 ratio: 0.86
2026-01-22 18:42:20,278 - root - INFO - mask1 ratio: 0.01, mask2 ratio: 0.05, mask3 ratio: 0.10, mask4 ratio: 0.85
2026-01-22 18:42:20,496 - root - INFO - mask1 ratio: 0.01, mask2 ratio: 0.05, mask3 ratio: 0.10, mask4 ratio: 0.85
2026-01-22 18:42:20,730 - root - INFO - mask1 ratio: 0.00, mask2 ratio: 0.02, mask3 ratio: 0.10, mask4 ratio: 0.88
2026-01-22 18:42:20,965 - root - INFO - mask1 ratio: 0.01, mask2 ratio: 0.05, mask3 ratio: 0.10, mask4 ratio: 0.85
2026-01-22 18:42:21,185 - root - INFO - mask1 ratio: 0.01, mask2 ratio: 0.05, mask3 ratio: 0.10, mask4 ratio: 0.85
2026-01-22 18:42:21,406 - root - INFO - mask1 ratio: 0.01, mask2 ratio: 0.06, mask3 ratio: 0.10, mask4 ratio: 0.84
2026-01-22 18:42:21,627 - root - INFO - mask1 ratio: 0.00, mask2 ratio: 0.04, mask3 ratio: 0.10, mask4 ratio: 0.85
2026-01-22 18:42:21,868 - root - INFO - mask1 ratio: 0.01, mask2 ratio: 0.05, mask3 ratio: 0.10, mask4 ratio: 0.85
2026-01-22 18:42:22,085 - root - INFO - mask1 ratio: 0.01, mask2 ratio: 0.05, mask3 ratio: 0.10, mask4 ratio: 0.85
2026-01-22 18:42:22,298 - root - INFO - mask1 ratio: 0.01, mask2 ratio: 0.05, mask3 ratio: 0.10, mask4 ratio: 0.85
2026-01-22 18:42:22,514 - root - INFO - mask1 ratio: 0.01, mask2 ratio: 0.08, mask3 ratio: 0.10, mask4 ratio: 0.81
2026-01-22 18:42:22,728 - root - INFO - mask1 ratio: 0.00, mask2 ratio: 0.04, mask3 ratio: 0.10, mask4 ratio: 0.85
2026-01-22 18:42:22,942 - root - INFO - mask1 ratio: 0.00, mask2 ratio: 0.04, mask3 ratio: 0.10, mask4 ratio: 0.86
2026-01-22 18:42:23,155 - root - INFO - mask1 ratio: 0.00, mask2 ratio: 0.04, mask3 ratio: 0.10, mask4 ratio: 0.85
2026-01-22 18:42:23,181 - root - INFO - time 5.62
2026-01-22 18:42:23,191 - root - INFO - 4 self_attn.k_proj
2026-01-22 18:42:23,191 - root - INFO - Quantizing ...
2026-01-22 18:42:23,479 - root - INFO - mask1 ratio: 0.01, mask2 ratio: 0.06, mask3 ratio: 0.10, mask4 ratio: 0.83
2026-01-22 18:42:23,677 - root - INFO - mask1 ratio: 0.00, mask2 ratio: 0.03, mask3 ratio: 0.10, mask4 ratio: 0.86
2026-01-22 18:42:23,876 - root - INFO - mask1 ratio: 0.00, mask2 ratio: 0.03, mask3 ratio: 0.10, mask4 ratio: 0.86
2026-01-22 18:42:24,081 - root - INFO - mask1 ratio: 0.00, mask2 ratio: 0.03, mask3 ratio: 0.10, mask4 ratio: 0.86
2026-01-22 18:42:24,284 - root - INFO - mask1 ratio: 0.00, mask2 ratio: 0.03, mask3 ratio: 0.10, mask4 ratio: 0.87
2026-01-22 18:42:24,484 - root - INFO - mask1 ratio: 0.01, mask2 ratio: 0.03, mask3 ratio: 0.10, mask4 ratio: 0.86
2026-01-22 18:42:24,687 - root - INFO - mask1 ratio: 0.01, mask2 ratio: 0.04, mask3 ratio: 0.10, mask4 ratio: 0.85
2026-01-22 18:42:24,887 - root - INFO - mask1 ratio: 0.01, mask2 ratio: 0.04, mask3 ratio: 0.10, mask4 ratio: 0.85
2026-01-22 18:42:25,088 - root - INFO - mask1 ratio: 0.00, mask2 ratio: 0.03, mask3 ratio: 0.10, mask4 ratio: 0.87
2026-01-22 18:42:25,289 - root - INFO - mask1 ratio: 0.01, mask2 ratio: 0.03, mask3 ratio: 0.10, mask4 ratio: 0.86
2026-01-22 18:42:25,488 - root - INFO - mask1 ratio: 0.01, mask2 ratio: 0.05, mask3 ratio: 0.10, mask4 ratio: 0.85
2026-01-22 18:42:25,688 - root - INFO - mask1 ratio: 0.01, mask2 ratio: 0.05, mask3 ratio: 0.10, mask4 ratio: 0.85
2026-01-22 18:42:25,889 - root - INFO - mask1 ratio: 0.01, mask2 ratio: 0.05, mask3 ratio: 0.10, mask4 ratio: 0.85
2026-01-22 18:42:26,088 - root - INFO - mask1 ratio: 0.01, mask2 ratio: 0.07, mask3 ratio: 0.10, mask4 ratio: 0.82
2026-01-22 18:42:26,287 - root - INFO - mask1 ratio: 0.01, mask2 ratio: 0.04, mask3 ratio: 0.10, mask4 ratio: 0.85
2026-01-22 18:42:26,486 - root - INFO - mask1 ratio: 0.01, mask2 ratio: 0.04, mask3 ratio: 0.10, mask4 ratio: 0.85
2026-01-22 18:42:26,685 - root - INFO - mask1 ratio: 0.01, mask2 ratio: 0.05, mask3 ratio: 0.10, mask4 ratio: 0.85
2026-01-22 18:42:26,885 - root - INFO - mask1 ratio: 0.01, mask2 ratio: 0.05, mask3 ratio: 0.10, mask4 ratio: 0.85
2026-01-22 18:42:27,085 - root - INFO - mask1 ratio: 0.00, mask2 ratio: 0.03, mask3 ratio: 0.10, mask4 ratio: 0.86
2026-01-22 18:42:27,286 - root - INFO - mask1 ratio: 0.00, mask2 ratio: 0.03, mask3 ratio: 0.10, mask4 ratio: 0.86
2026-01-22 18:42:27,487 - root - INFO - mask1 ratio: 0.01, mask2 ratio: 0.06, mask3 ratio: 0.10, mask4 ratio: 0.84
2026-01-22 18:42:27,759 - root - INFO - mask1 ratio: 0.01, mask2 ratio: 0.04, mask3 ratio: 0.10, mask4 ratio: 0.85
2026-01-22 18:42:27,959 - root - INFO - mask1 ratio: 0.01, mask2 ratio: 0.04, mask3 ratio: 0.10, mask4 ratio: 0.85
2026-01-22 18:42:28,156 - root - INFO - mask1 ratio: 0.00, mask2 ratio: 0.03, mask3 ratio: 0.10, mask4 ratio: 0.86
2026-01-22 18:42:28,182 - root - INFO - time 4.99
2026-01-22 18:42:28,185 - root - INFO - 4 self_attn.v_proj
2026-01-22 18:42:28,185 - root - INFO - Quantizing ...
2026-01-22 18:42:28,366 - root - INFO - mask1 ratio: 0.01, mask2 ratio: 0.13, mask3 ratio: 0.10, mask4 ratio: 0.76
2026-01-22 18:42:28,570 - root - INFO - mask1 ratio: 0.01, mask2 ratio: 0.05, mask3 ratio: 0.10, mask4 ratio: 0.85
2026-01-22 18:42:28,767 - root - INFO - mask1 ratio: 0.01, mask2 ratio: 0.05, mask3 ratio: 0.10, mask4 ratio: 0.84
2026-01-22 18:42:28,966 - root - INFO - mask1 ratio: 0.01, mask2 ratio: 0.06, mask3 ratio: 0.10, mask4 ratio: 0.84
2026-01-22 18:42:29,163 - root - INFO - mask1 ratio: 0.01, mask2 ratio: 0.05, mask3 ratio: 0.10, mask4 ratio: 0.85
2026-01-22 18:42:29,360 - root - INFO - mask1 ratio: 0.00, mask2 ratio: 0.04, mask3 ratio: 0.10, mask4 ratio: 0.85
2026-01-22 18:42:29,557 - root - INFO - mask1 ratio: 0.00, mask2 ratio: 0.04, mask3 ratio: 0.10, mask4 ratio: 0.85
2026-01-22 18:42:29,754 - root - INFO - mask1 ratio: 0.02, mask2 ratio: 0.09, mask3 ratio: 0.10, mask4 ratio: 0.79
2026-01-22 18:42:29,952 - root - INFO - mask1 ratio: 0.01, mask2 ratio: 0.07, mask3 ratio: 0.10, mask4 ratio: 0.81
2026-01-22 18:42:30,150 - root - INFO - mask1 ratio: 0.01, mask2 ratio: 0.08, mask3 ratio: 0.10, mask4 ratio: 0.81
2026-01-22 18:42:30,347 - root - INFO - mask1 ratio: 0.01, mask2 ratio: 0.10, mask3 ratio: 0.10, mask4 ratio: 0.79
2026-01-22 18:42:30,545 - root - INFO - mask1 ratio: 0.01, mask2 ratio: 0.08, mask3 ratio: 0.10, mask4 ratio: 0.81
2026-01-22 18:42:30,742 - root - INFO - mask1 ratio: 0.01, mask2 ratio: 0.12, mask3 ratio: 0.10, mask4 ratio: 0.77
2026-01-22 18:42:30,940 - root - INFO - mask1 ratio: 0.01, mask2 ratio: 0.06, mask3 ratio: 0.10, mask4 ratio: 0.83
2026-01-22 18:42:31,140 - root - INFO - mask1 ratio: 0.01, mask2 ratio: 0.06, mask3 ratio: 0.10, mask4 ratio: 0.84
2026-01-22 18:42:31,337 - root - INFO - mask1 ratio: 0.01, mask2 ratio: 0.05, mask3 ratio: 0.10, mask4 ratio: 0.85
2026-01-22 18:42:31,537 - root - INFO - mask1 ratio: 0.01, mask2 ratio: 0.06, mask3 ratio: 0.10, mask4 ratio: 0.84
2026-01-22 18:42:31,748 - root - INFO - mask1 ratio: 0.01, mask2 ratio: 0.03, mask3 ratio: 0.10, mask4 ratio: 0.87
2026-01-22 18:42:32,052 - root - INFO - mask1 ratio: 0.01, mask2 ratio: 0.05, mask3 ratio: 0.10, mask4 ratio: 0.85
2026-01-22 18:42:32,270 - root - INFO - mask1 ratio: 0.00, mask2 ratio: 0.03, mask3 ratio: 0.10, mask4 ratio: 0.87
2026-01-22 18:42:32,470 - root - INFO - mask1 ratio: 0.01, mask2 ratio: 0.10, mask3 ratio: 0.10, mask4 ratio: 0.79
2026-01-22 18:42:32,677 - root - INFO - mask1 ratio: 0.01, mask2 ratio: 0.05, mask3 ratio: 0.10, mask4 ratio: 0.85
2026-01-22 18:42:32,875 - root - INFO - mask1 ratio: 0.00, mask2 ratio: 0.03, mask3 ratio: 0.10, mask4 ratio: 0.86
2026-01-22 18:42:33,074 - root - INFO - mask1 ratio: 0.00, mask2 ratio: 0.04, mask3 ratio: 0.10, mask4 ratio: 0.86
2026-01-22 18:42:33,101 - root - INFO - time 4.92
2026-01-22 18:42:33,105 - root - INFO - 4 self_attn.o_proj
2026-01-22 18:42:33,105 - root - INFO - Quantizing ...
2026-01-22 18:42:33,303 - root - INFO - mask1 ratio: 0.02, mask2 ratio: 0.11, mask3 ratio: 0.10, mask4 ratio: 0.77
2026-01-22 18:42:33,516 - root - INFO - mask1 ratio: 0.01, mask2 ratio: 0.03, mask3 ratio: 0.10, mask4 ratio: 0.87
2026-01-22 18:42:33,731 - root - INFO - mask1 ratio: 0.02, mask2 ratio: 0.08, mask3 ratio: 0.10, mask4 ratio: 0.80
2026-01-22 18:42:33,944 - root - INFO - mask1 ratio: 0.01, mask2 ratio: 0.04, mask3 ratio: 0.10, mask4 ratio: 0.85
2026-01-22 18:42:34,158 - root - INFO - mask1 ratio: 0.01, mask2 ratio: 0.02, mask3 ratio: 0.10, mask4 ratio: 0.88
2026-01-22 18:42:34,372 - root - INFO - mask1 ratio: 0.01, mask2 ratio: 0.03, mask3 ratio: 0.10, mask4 ratio: 0.86
2026-01-22 18:42:34,585 - root - INFO - mask1 ratio: 0.01, mask2 ratio: 0.05, mask3 ratio: 0.10, mask4 ratio: 0.85
2026-01-22 18:42:34,799 - root - INFO - mask1 ratio: 0.00, mask2 ratio: 0.02, mask3 ratio: 0.10, mask4 ratio: 0.88
2026-01-22 18:42:35,013 - root - INFO - mask1 ratio: 0.01, mask2 ratio: 0.02, mask3 ratio: 0.10, mask4 ratio: 0.88
2026-01-22 18:42:35,227 - root - INFO - mask1 ratio: 0.01, mask2 ratio: 0.03, mask3 ratio: 0.10, mask4 ratio: 0.86
2026-01-22 18:42:35,441 - root - INFO - mask1 ratio: 0.01, mask2 ratio: 0.12, mask3 ratio: 0.10, mask4 ratio: 0.77
2026-01-22 18:42:35,659 - root - INFO - mask1 ratio: 0.01, mask2 ratio: 0.04, mask3 ratio: 0.10, mask4 ratio: 0.85
2026-01-22 18:42:35,882 - root - INFO - mask1 ratio: 0.01, mask2 ratio: 0.11, mask3 ratio: 0.10, mask4 ratio: 0.78
2026-01-22 18:42:36,173 - root - INFO - mask1 ratio: 0.01, mask2 ratio: 0.02, mask3 ratio: 0.10, mask4 ratio: 0.87
2026-01-22 18:42:36,387 - root - INFO - mask1 ratio: 0.00, mask2 ratio: 0.04, mask3 ratio: 0.10, mask4 ratio: 0.86
2026-01-22 18:42:36,601 - root - INFO - mask1 ratio: 0.01, mask2 ratio: 0.10, mask3 ratio: 0.10, mask4 ratio: 0.79
2026-01-22 18:42:36,814 - root - INFO - mask1 ratio: 0.01, mask2 ratio: 0.02, mask3 ratio: 0.10, mask4 ratio: 0.87
2026-01-22 18:42:37,027 - root - INFO - mask1 ratio: 0.01, mask2 ratio: 0.04, mask3 ratio: 0.10, mask4 ratio: 0.85
2026-01-22 18:42:37,240 - root - INFO - mask1 ratio: 0.01, mask2 ratio: 0.03, mask3 ratio: 0.10, mask4 ratio: 0.86
2026-01-22 18:42:37,454 - root - INFO - mask1 ratio: 0.01, mask2 ratio: 0.02, mask3 ratio: 0.10, mask4 ratio: 0.87
2026-01-22 18:42:37,697 - root - INFO - mask1 ratio: 0.01, mask2 ratio: 0.02, mask3 ratio: 0.10, mask4 ratio: 0.87
2026-01-22 18:42:37,914 - root - INFO - mask1 ratio: 0.01, mask2 ratio: 0.04, mask3 ratio: 0.10, mask4 ratio: 0.85
2026-01-22 18:42:38,128 - root - INFO - mask1 ratio: 0.01, mask2 ratio: 0.00, mask3 ratio: 0.10, mask4 ratio: 0.88
2026-01-22 18:42:38,344 - root - INFO - mask1 ratio: 0.01, mask2 ratio: 0.00, mask3 ratio: 0.11, mask4 ratio: 0.87
2026-01-22 18:42:38,370 - root - INFO - time 5.26
2026-01-22 18:42:38,375 - root - INFO - 4 mlp.gate_proj
2026-01-22 18:42:38,375 - root - INFO - Quantizing ...
2026-01-22 18:42:38,615 - root - INFO - mask1 ratio: 0.01, mask2 ratio: 0.05, mask3 ratio: 0.10, mask4 ratio: 0.84
2026-01-22 18:42:38,878 - root - INFO - mask1 ratio: 0.01, mask2 ratio: 0.04, mask3 ratio: 0.10, mask4 ratio: 0.85
2026-01-22 18:42:39,143 - root - INFO - mask1 ratio: 0.04, mask2 ratio: 0.33, mask3 ratio: 0.10, mask4 ratio: 0.52
2026-01-22 18:42:39,406 - root - INFO - mask1 ratio: 0.01, mask2 ratio: 0.06, mask3 ratio: 0.10, mask4 ratio: 0.82
2026-01-22 18:42:39,666 - root - INFO - mask1 ratio: 0.01, mask2 ratio: 0.03, mask3 ratio: 0.10, mask4 ratio: 0.86
2026-01-22 18:42:40,027 - root - INFO - mask1 ratio: 0.01, mask2 ratio: 0.04, mask3 ratio: 0.10, mask4 ratio: 0.85
2026-01-22 18:42:40,287 - root - INFO - mask1 ratio: 0.01, mask2 ratio: 0.06, mask3 ratio: 0.10, mask4 ratio: 0.83
2026-01-22 18:42:40,549 - root - INFO - mask1 ratio: 0.01, mask2 ratio: 0.04, mask3 ratio: 0.10, mask4 ratio: 0.85
2026-01-22 18:42:40,815 - root - INFO - mask1 ratio: 0.01, mask2 ratio: 0.04, mask3 ratio: 0.10, mask4 ratio: 0.85
2026-01-22 18:42:41,077 - root - INFO - mask1 ratio: 0.01, mask2 ratio: 0.03, mask3 ratio: 0.10, mask4 ratio: 0.86
2026-01-22 18:42:41,340 - root - INFO - mask1 ratio: 0.00, mask2 ratio: 0.04, mask3 ratio: 0.10, mask4 ratio: 0.86
2026-01-22 18:42:41,603 - root - INFO - mask1 ratio: 0.01, mask2 ratio: 0.05, mask3 ratio: 0.10, mask4 ratio: 0.85
2026-01-22 18:42:41,863 - root - INFO - mask1 ratio: 0.01, mask2 ratio: 0.04, mask3 ratio: 0.10, mask4 ratio: 0.85
2026-01-22 18:42:42,127 - root - INFO - mask1 ratio: 0.02, mask2 ratio: 0.10, mask3 ratio: 0.10, mask4 ratio: 0.78
2026-01-22 18:42:42,391 - root - INFO - mask1 ratio: 0.00, mask2 ratio: 0.03, mask3 ratio: 0.10, mask4 ratio: 0.86
2026-01-22 18:42:42,656 - root - INFO - mask1 ratio: 0.01, mask2 ratio: 0.03, mask3 ratio: 0.10, mask4 ratio: 0.87
2026-01-22 18:42:42,919 - root - INFO - mask1 ratio: 0.02, mask2 ratio: 0.12, mask3 ratio: 0.10, mask4 ratio: 0.77
2026-01-22 18:42:43,180 - root - INFO - mask1 ratio: 0.00, mask2 ratio: 0.04, mask3 ratio: 0.10, mask4 ratio: 0.86
2026-01-22 18:42:43,443 - root - INFO - mask1 ratio: 0.00, mask2 ratio: 0.04, mask3 ratio: 0.10, mask4 ratio: 0.86
2026-01-22 18:42:43,761 - root - INFO - mask1 ratio: 0.01, mask2 ratio: 0.03, mask3 ratio: 0.10, mask4 ratio: 0.86
2026-01-22 18:42:44,041 - root - INFO - mask1 ratio: 0.01, mask2 ratio: 0.07, mask3 ratio: 0.10, mask4 ratio: 0.81
2026-01-22 18:42:44,307 - root - INFO - mask1 ratio: 0.01, mask2 ratio: 0.09, mask3 ratio: 0.10, mask4 ratio: 0.80
2026-01-22 18:42:44,572 - root - INFO - mask1 ratio: 0.01, mask2 ratio: 0.04, mask3 ratio: 0.10, mask4 ratio: 0.85
2026-01-22 18:42:44,832 - root - INFO - mask1 ratio: 0.01, mask2 ratio: 0.06, mask3 ratio: 0.10, mask4 ratio: 0.83
2026-01-22 18:42:44,862 - root - INFO - time 6.49
2026-01-22 18:42:44,869 - root - INFO - 4 mlp.up_proj
2026-01-22 18:42:44,869 - root - INFO - Quantizing ...
2026-01-22 18:42:45,114 - root - INFO - mask1 ratio: 0.05, mask2 ratio: 0.34, mask3 ratio: 0.10, mask4 ratio: 0.52
2026-01-22 18:42:45,380 - root - INFO - mask1 ratio: 0.05, mask2 ratio: 0.34, mask3 ratio: 0.10, mask4 ratio: 0.52
2026-01-22 18:42:45,644 - root - INFO - mask1 ratio: 0.05, mask2 ratio: 0.34, mask3 ratio: 0.10, mask4 ratio: 0.52
2026-01-22 18:42:45,908 - root - INFO - mask1 ratio: 0.04, mask2 ratio: 0.34, mask3 ratio: 0.10, mask4 ratio: 0.52
2026-01-22 18:42:46,171 - root - INFO - mask1 ratio: 0.04, mask2 ratio: 0.34, mask3 ratio: 0.10, mask4 ratio: 0.52
2026-01-22 18:42:46,431 - root - INFO - mask1 ratio: 0.01, mask2 ratio: 0.02, mask3 ratio: 0.10, mask4 ratio: 0.87
2026-01-22 18:42:46,695 - root - INFO - mask1 ratio: 0.02, mask2 ratio: 0.11, mask3 ratio: 0.10, mask4 ratio: 0.77
2026-01-22 18:42:46,959 - root - INFO - mask1 ratio: 0.04, mask2 ratio: 0.34, mask3 ratio: 0.10, mask4 ratio: 0.52
2026-01-22 18:42:47,261 - root - INFO - mask1 ratio: 0.05, mask2 ratio: 0.34, mask3 ratio: 0.10, mask4 ratio: 0.52
2026-01-22 18:42:47,588 - root - INFO - mask1 ratio: 0.01, mask2 ratio: 0.02, mask3 ratio: 0.10, mask4 ratio: 0.87
2026-01-22 18:42:47,850 - root - INFO - mask1 ratio: 0.01, mask2 ratio: 0.07, mask3 ratio: 0.10, mask4 ratio: 0.81
2026-01-22 18:42:48,112 - root - INFO - mask1 ratio: 0.01, mask2 ratio: 0.03, mask3 ratio: 0.10, mask4 ratio: 0.86
2026-01-22 18:42:48,376 - root - INFO - mask1 ratio: 0.04, mask2 ratio: 0.34, mask3 ratio: 0.10, mask4 ratio: 0.52
2026-01-22 18:42:48,641 - root - INFO - mask1 ratio: 0.01, mask2 ratio: 0.07, mask3 ratio: 0.10, mask4 ratio: 0.82
2026-01-22 18:42:48,901 - root - INFO - mask1 ratio: 0.01, mask2 ratio: 0.06, mask3 ratio: 0.10, mask4 ratio: 0.82
2026-01-22 18:42:49,164 - root - INFO - mask1 ratio: 0.01, mask2 ratio: 0.06, mask3 ratio: 0.10, mask4 ratio: 0.83
2026-01-22 18:42:49,427 - root - INFO - mask1 ratio: 0.01, mask2 ratio: 0.10, mask3 ratio: 0.10, mask4 ratio: 0.79
2026-01-22 18:42:49,693 - root - INFO - mask1 ratio: 0.01, mask2 ratio: 0.06, mask3 ratio: 0.10, mask4 ratio: 0.83
2026-01-22 18:42:49,954 - root - INFO - mask1 ratio: 0.01, mask2 ratio: 0.03, mask3 ratio: 0.10, mask4 ratio: 0.86
2026-01-22 18:42:50,217 - root - INFO - mask1 ratio: 0.01, mask2 ratio: 0.06, mask3 ratio: 0.10, mask4 ratio: 0.84
2026-01-22 18:42:50,479 - root - INFO - mask1 ratio: 0.01, mask2 ratio: 0.05, mask3 ratio: 0.10, mask4 ratio: 0.85
2026-01-22 18:42:50,743 - root - INFO - mask1 ratio: 0.01, mask2 ratio: 0.08, mask3 ratio: 0.10, mask4 ratio: 0.81
2026-01-22 18:42:51,041 - root - INFO - mask1 ratio: 0.01, mask2 ratio: 0.06, mask3 ratio: 0.10, mask4 ratio: 0.84
2026-01-22 18:42:51,326 - root - INFO - mask1 ratio: 0.01, mask2 ratio: 0.05, mask3 ratio: 0.10, mask4 ratio: 0.85
2026-01-22 18:42:51,355 - root - INFO - time 6.49
2026-01-22 18:42:51,364 - root - INFO - 4 mlp.down_proj
2026-01-22 18:42:51,364 - root - INFO - Quantizing ...
2026-01-22 18:42:51,615 - root - INFO - mask1 ratio: 0.01, mask2 ratio: 0.03, mask3 ratio: 0.10, mask4 ratio: 0.86
2026-01-22 18:42:51,830 - root - INFO - mask1 ratio: 0.00, mask2 ratio: 0.03, mask3 ratio: 0.10, mask4 ratio: 0.86
2026-01-22 18:42:52,044 - root - INFO - mask1 ratio: 0.01, mask2 ratio: 0.03, mask3 ratio: 0.10, mask4 ratio: 0.87
2026-01-22 18:42:52,258 - root - INFO - mask1 ratio: 0.01, mask2 ratio: 0.02, mask3 ratio: 0.10, mask4 ratio: 0.87
2026-01-22 18:42:52,481 - root - INFO - mask1 ratio: 0.01, mask2 ratio: 0.02, mask3 ratio: 0.10, mask4 ratio: 0.87
2026-01-22 18:42:52,700 - root - INFO - mask1 ratio: 0.01, mask2 ratio: 0.02, mask3 ratio: 0.10, mask4 ratio: 0.87
2026-01-22 18:42:52,923 - root - INFO - mask1 ratio: 0.01, mask2 ratio: 0.06, mask3 ratio: 0.10, mask4 ratio: 0.82
2026-01-22 18:42:53,121 - root - INFO - mask1 ratio: 0.02, mask2 ratio: 0.08, mask3 ratio: 0.10, mask4 ratio: 0.81
2026-01-22 18:42:53,314 - root - INFO - mask1 ratio: 0.02, mask2 ratio: 0.19, mask3 ratio: 0.10, mask4 ratio: 0.68
2026-01-22 18:42:53,529 - root - INFO - mask1 ratio: 0.01, mask2 ratio: 0.04, mask3 ratio: 0.10, mask4 ratio: 0.85
2026-01-22 18:42:53,743 - root - INFO - mask1 ratio: 0.02, mask2 ratio: 0.10, mask3 ratio: 0.10, mask4 ratio: 0.77
2026-01-22 18:42:53,962 - root - INFO - mask1 ratio: 0.01, mask2 ratio: 0.04, mask3 ratio: 0.10, mask4 ratio: 0.85
2026-01-22 18:42:54,176 - root - INFO - mask1 ratio: 0.01, mask2 ratio: 0.05, mask3 ratio: 0.10, mask4 ratio: 0.84
2026-01-22 18:42:54,389 - root - INFO - mask1 ratio: 0.01, mask2 ratio: 0.03, mask3 ratio: 0.10, mask4 ratio: 0.86
2026-01-22 18:42:54,603 - root - INFO - mask1 ratio: 0.00, mask2 ratio: 0.03, mask3 ratio: 0.10, mask4 ratio: 0.87
2026-01-22 18:42:54,819 - root - INFO - mask1 ratio: 0.02, mask2 ratio: 0.13, mask3 ratio: 0.10, mask4 ratio: 0.74
2026-01-22 18:42:55,038 - root - INFO - mask1 ratio: 0.01, mask2 ratio: 0.06, mask3 ratio: 0.10, mask4 ratio: 0.83
2026-01-22 18:42:55,362 - root - INFO - mask1 ratio: 0.01, mask2 ratio: 0.02, mask3 ratio: 0.10, mask4 ratio: 0.88
2026-01-22 18:42:55,577 - root - INFO - mask1 ratio: 0.01, mask2 ratio: 0.05, mask3 ratio: 0.10, mask4 ratio: 0.84
2026-01-22 18:42:55,794 - root - INFO - mask1 ratio: 0.02, mask2 ratio: 0.07, mask3 ratio: 0.10, mask4 ratio: 0.81
2026-01-22 18:42:56,012 - root - INFO - mask1 ratio: 0.02, mask2 ratio: 0.12, mask3 ratio: 0.10, mask4 ratio: 0.77
2026-01-22 18:42:56,228 - root - INFO - mask1 ratio: 0.01, mask2 ratio: 0.06, mask3 ratio: 0.10, mask4 ratio: 0.83
2026-01-22 18:42:56,445 - root - INFO - mask1 ratio: 0.02, mask2 ratio: 0.13, mask3 ratio: 0.10, mask4 ratio: 0.74
2026-01-22 18:42:56,660 - root - INFO - mask1 ratio: 0.02, mask2 ratio: 0.12, mask3 ratio: 0.10, mask4 ratio: 0.75
2026-01-22 18:42:56,877 - root - INFO - mask1 ratio: 0.01, mask2 ratio: 0.04, mask3 ratio: 0.10, mask4 ratio: 0.85
2026-01-22 18:42:57,094 - root - INFO - mask1 ratio: 0.01, mask2 ratio: 0.02, mask3 ratio: 0.10, mask4 ratio: 0.88
2026-01-22 18:42:57,310 - root - INFO - mask1 ratio: 0.01, mask2 ratio: 0.02, mask3 ratio: 0.10, mask4 ratio: 0.87
2026-01-22 18:42:57,526 - root - INFO - mask1 ratio: 0.01, mask2 ratio: 0.04, mask3 ratio: 0.10, mask4 ratio: 0.85
2026-01-22 18:42:57,750 - root - INFO - mask1 ratio: 0.01, mask2 ratio: 0.02, mask3 ratio: 0.10, mask4 ratio: 0.87
2026-01-22 18:42:57,967 - root - INFO - mask1 ratio: 0.02, mask2 ratio: 0.07, mask3 ratio: 0.10, mask4 ratio: 0.81
2026-01-22 18:42:58,182 - root - INFO - mask1 ratio: 0.02, mask2 ratio: 0.11, mask3 ratio: 0.10, mask4 ratio: 0.77
2026-01-22 18:42:58,397 - root - INFO - mask1 ratio: 0.01, mask2 ratio: 0.07, mask3 ratio: 0.10, mask4 ratio: 0.82
2026-01-22 18:42:58,612 - root - INFO - mask1 ratio: 0.01, mask2 ratio: 0.06, mask3 ratio: 0.10, mask4 ratio: 0.84
2026-01-22 18:42:58,827 - root - INFO - mask1 ratio: 0.03, mask2 ratio: 0.16, mask3 ratio: 0.10, mask4 ratio: 0.71
2026-01-22 18:42:59,041 - root - INFO - mask1 ratio: 0.01, mask2 ratio: 0.02, mask3 ratio: 0.10, mask4 ratio: 0.87
2026-01-22 18:42:59,295 - root - INFO - mask1 ratio: 0.02, mask2 ratio: 0.05, mask3 ratio: 0.10, mask4 ratio: 0.84
2026-01-22 18:42:59,530 - root - INFO - mask1 ratio: 0.01, mask2 ratio: 0.06, mask3 ratio: 0.10, mask4 ratio: 0.83
2026-01-22 18:42:59,744 - root - INFO - mask1 ratio: 0.01, mask2 ratio: 0.04, mask3 ratio: 0.10, mask4 ratio: 0.85
2026-01-22 18:42:59,959 - root - INFO - mask1 ratio: 0.01, mask2 ratio: 0.02, mask3 ratio: 0.10, mask4 ratio: 0.87
2026-01-22 18:43:00,174 - root - INFO - mask1 ratio: 0.03, mask2 ratio: 0.16, mask3 ratio: 0.10, mask4 ratio: 0.71
2026-01-22 18:43:00,389 - root - INFO - mask1 ratio: 0.01, mask2 ratio: 0.05, mask3 ratio: 0.10, mask4 ratio: 0.84
2026-01-22 18:43:00,603 - root - INFO - mask1 ratio: 0.01, mask2 ratio: 0.04, mask3 ratio: 0.10, mask4 ratio: 0.85
2026-01-22 18:43:00,817 - root - INFO - mask1 ratio: 0.02, mask2 ratio: 0.07, mask3 ratio: 0.10, mask4 ratio: 0.81
2026-01-22 18:43:01,031 - root - INFO - mask1 ratio: 0.02, mask2 ratio: 0.12, mask3 ratio: 0.10, mask4 ratio: 0.76
2026-01-22 18:43:01,245 - root - INFO - mask1 ratio: 0.01, mask2 ratio: 0.02, mask3 ratio: 0.10, mask4 ratio: 0.87
2026-01-22 18:43:01,459 - root - INFO - mask1 ratio: 0.00, mask2 ratio: 0.02, mask3 ratio: 0.10, mask4 ratio: 0.88
2026-01-22 18:43:01,674 - root - INFO - mask1 ratio: 0.01, mask2 ratio: 0.04, mask3 ratio: 0.10, mask4 ratio: 0.85
2026-01-22 18:43:01,889 - root - INFO - mask1 ratio: 0.01, mask2 ratio: 0.04, mask3 ratio: 0.10, mask4 ratio: 0.85
2026-01-22 18:43:02,104 - root - INFO - mask1 ratio: 0.01, mask2 ratio: 0.02, mask3 ratio: 0.10, mask4 ratio: 0.88
2026-01-22 18:43:02,325 - root - INFO - mask1 ratio: 0.01, mask2 ratio: 0.04, mask3 ratio: 0.10, mask4 ratio: 0.85
2026-01-22 18:43:02,540 - root - INFO - mask1 ratio: 0.03, mask2 ratio: 0.16, mask3 ratio: 0.10, mask4 ratio: 0.71
2026-01-22 18:43:02,753 - root - INFO - mask1 ratio: 0.01, mask2 ratio: 0.05, mask3 ratio: 0.10, mask4 ratio: 0.85
2026-01-22 18:43:02,968 - root - INFO - mask1 ratio: 0.01, mask2 ratio: 0.04, mask3 ratio: 0.10, mask4 ratio: 0.85
2026-01-22 18:43:03,189 - root - INFO - mask1 ratio: 0.02, mask2 ratio: 0.05, mask3 ratio: 0.10, mask4 ratio: 0.83
2026-01-22 18:43:03,599 - root - INFO - mask1 ratio: 0.01, mask2 ratio: 0.02, mask3 ratio: 0.10, mask4 ratio: 0.87
2026-01-22 18:43:03,813 - root - INFO - mask1 ratio: 0.01, mask2 ratio: 0.06, mask3 ratio: 0.10, mask4 ratio: 0.83
2026-01-22 18:43:04,027 - root - INFO - mask1 ratio: 0.01, mask2 ratio: 0.03, mask3 ratio: 0.10, mask4 ratio: 0.86
2026-01-22 18:43:04,243 - root - INFO - mask1 ratio: 0.01, mask2 ratio: 0.03, mask3 ratio: 0.10, mask4 ratio: 0.86
2026-01-22 18:43:04,457 - root - INFO - mask1 ratio: 0.01, mask2 ratio: 0.02, mask3 ratio: 0.10, mask4 ratio: 0.88
2026-01-22 18:43:04,671 - root - INFO - mask1 ratio: 0.03, mask2 ratio: 0.19, mask3 ratio: 0.10, mask4 ratio: 0.68
2026-01-22 18:43:04,885 - root - INFO - mask1 ratio: 0.01, mask2 ratio: 0.02, mask3 ratio: 0.10, mask4 ratio: 0.88
2026-01-22 18:43:05,127 - root - INFO - mask1 ratio: 0.01, mask2 ratio: 0.06, mask3 ratio: 0.10, mask4 ratio: 0.82
2026-01-22 18:43:05,342 - root - INFO - mask1 ratio: 0.02, mask2 ratio: 0.13, mask3 ratio: 0.10, mask4 ratio: 0.75
2026-01-22 18:43:05,555 - root - INFO - mask1 ratio: 0.01, mask2 ratio: 0.04, mask3 ratio: 0.10, mask4 ratio: 0.85
2026-01-22 18:43:05,581 - root - INFO - time 14.22
2026-01-22 18:43:08,125 - root - INFO - 5 self_attn.q_proj
2026-01-22 18:43:08,125 - root - INFO - Quantizing ...
2026-01-22 18:43:08,523 - root - INFO - mask1 ratio: 0.01, mask2 ratio: 0.07, mask3 ratio: 0.10, mask4 ratio: 0.82
2026-01-22 18:43:08,779 - root - INFO - mask1 ratio: 0.00, mask2 ratio: 0.04, mask3 ratio: 0.10, mask4 ratio: 0.86
2026-01-22 18:43:08,994 - root - INFO - mask1 ratio: 0.00, mask2 ratio: 0.04, mask3 ratio: 0.10, mask4 ratio: 0.85
2026-01-22 18:43:09,208 - root - INFO - mask1 ratio: 0.01, mask2 ratio: 0.05, mask3 ratio: 0.10, mask4 ratio: 0.85
2026-01-22 18:43:09,427 - root - INFO - mask1 ratio: 0.00, mask2 ratio: 0.02, mask3 ratio: 0.10, mask4 ratio: 0.88
2026-01-22 18:43:09,653 - root - INFO - mask1 ratio: 0.00, mask2 ratio: 0.04, mask3 ratio: 0.10, mask4 ratio: 0.86
2026-01-22 18:43:09,876 - root - INFO - mask1 ratio: 0.00, mask2 ratio: 0.04, mask3 ratio: 0.10, mask4 ratio: 0.85
2026-01-22 18:43:10,101 - root - INFO - mask1 ratio: 0.01, mask2 ratio: 0.03, mask3 ratio: 0.10, mask4 ratio: 0.86
2026-01-22 18:43:10,343 - root - INFO - mask1 ratio: 0.00, mask2 ratio: 0.04, mask3 ratio: 0.10, mask4 ratio: 0.85
2026-01-22 18:43:10,579 - root - INFO - mask1 ratio: 0.01, mask2 ratio: 0.05, mask3 ratio: 0.10, mask4 ratio: 0.85
2026-01-22 18:43:10,793 - root - INFO - mask1 ratio: 0.01, mask2 ratio: 0.06, mask3 ratio: 0.10, mask4 ratio: 0.83
2026-01-22 18:43:11,007 - root - INFO - mask1 ratio: 0.01, mask2 ratio: 0.07, mask3 ratio: 0.10, mask4 ratio: 0.82
2026-01-22 18:43:11,219 - root - INFO - mask1 ratio: 0.00, mask2 ratio: 0.02, mask3 ratio: 0.10, mask4 ratio: 0.88
2026-01-22 18:43:11,434 - root - INFO - mask1 ratio: 0.01, mask2 ratio: 0.05, mask3 ratio: 0.10, mask4 ratio: 0.85
2026-01-22 18:43:11,690 - root - INFO - mask1 ratio: 0.00, mask2 ratio: 0.04, mask3 ratio: 0.10, mask4 ratio: 0.85
2026-01-22 18:43:11,903 - root - INFO - mask1 ratio: 0.01, mask2 ratio: 0.05, mask3 ratio: 0.10, mask4 ratio: 0.85
2026-01-22 18:43:12,117 - root - INFO - mask1 ratio: 0.01, mask2 ratio: 0.05, mask3 ratio: 0.10, mask4 ratio: 0.85
2026-01-22 18:43:12,331 - root - INFO - mask1 ratio: 0.01, mask2 ratio: 0.05, mask3 ratio: 0.10, mask4 ratio: 0.85
2026-01-22 18:43:12,567 - root - INFO - mask1 ratio: 0.01, mask2 ratio: 0.05, mask3 ratio: 0.10, mask4 ratio: 0.85
2026-01-22 18:43:12,781 - root - INFO - mask1 ratio: 0.01, mask2 ratio: 0.05, mask3 ratio: 0.10, mask4 ratio: 0.85
2026-01-22 18:43:12,995 - root - INFO - mask1 ratio: 0.01, mask2 ratio: 0.07, mask3 ratio: 0.10, mask4 ratio: 0.82
2026-01-22 18:43:13,232 - root - INFO - mask1 ratio: 0.00, mask2 ratio: 0.04, mask3 ratio: 0.10, mask4 ratio: 0.85
2026-01-22 18:43:13,447 - root - INFO - mask1 ratio: 0.01, mask2 ratio: 0.05, mask3 ratio: 0.10, mask4 ratio: 0.85
2026-01-22 18:43:13,661 - root - INFO - mask1 ratio: 0.00, mask2 ratio: 0.04, mask3 ratio: 0.10, mask4 ratio: 0.85
2026-01-22 18:43:13,686 - root - INFO - time 5.56
2026-01-22 18:43:13,696 - root - INFO - 5 self_attn.k_proj
2026-01-22 18:43:13,696 - root - INFO - Quantizing ...
2026-01-22 18:43:13,877 - root - INFO - mask1 ratio: 0.00, mask2 ratio: 0.03, mask3 ratio: 0.10, mask4 ratio: 0.86
2026-01-22 18:43:14,074 - root - INFO - mask1 ratio: 0.01, mask2 ratio: 0.03, mask3 ratio: 0.10, mask4 ratio: 0.86
2026-01-22 18:43:14,271 - root - INFO - mask1 ratio: 0.00, mask2 ratio: 0.03, mask3 ratio: 0.10, mask4 ratio: 0.87
2026-01-22 18:43:14,469 - root - INFO - mask1 ratio: 0.00, mask2 ratio: 0.03, mask3 ratio: 0.10, mask4 ratio: 0.87
2026-01-22 18:43:14,668 - root - INFO - mask1 ratio: 0.00, mask2 ratio: 0.04, mask3 ratio: 0.10, mask4 ratio: 0.86
2026-01-22 18:43:14,904 - root - INFO - mask1 ratio: 0.01, mask2 ratio: 0.06, mask3 ratio: 0.10, mask4 ratio: 0.83
2026-01-22 18:43:15,102 - root - INFO - mask1 ratio: 0.00, mask2 ratio: 0.03, mask3 ratio: 0.10, mask4 ratio: 0.86
2026-01-22 18:43:15,313 - root - INFO - mask1 ratio: 0.00, mask2 ratio: 0.02, mask3 ratio: 0.10, mask4 ratio: 0.88
2026-01-22 18:43:15,512 - root - INFO - mask1 ratio: 0.00, mask2 ratio: 0.03, mask3 ratio: 0.10, mask4 ratio: 0.87
2026-01-22 18:43:15,712 - root - INFO - mask1 ratio: 0.00, mask2 ratio: 0.03, mask3 ratio: 0.10, mask4 ratio: 0.87
2026-01-22 18:43:15,932 - root - INFO - mask1 ratio: 0.00, mask2 ratio: 0.02, mask3 ratio: 0.10, mask4 ratio: 0.88
2026-01-22 18:43:16,137 - root - INFO - mask1 ratio: 0.01, mask2 ratio: 0.05, mask3 ratio: 0.10, mask4 ratio: 0.84
2026-01-22 18:43:16,380 - root - INFO - mask1 ratio: 0.00, mask2 ratio: 0.03, mask3 ratio: 0.10, mask4 ratio: 0.87
2026-01-22 18:43:16,578 - root - INFO - mask1 ratio: 0.00, mask2 ratio: 0.04, mask3 ratio: 0.10, mask4 ratio: 0.86
2026-01-22 18:43:16,777 - root - INFO - mask1 ratio: 0.00, mask2 ratio: 0.03, mask3 ratio: 0.10, mask4 ratio: 0.86
2026-01-22 18:43:16,975 - root - INFO - mask1 ratio: 0.01, mask2 ratio: 0.06, mask3 ratio: 0.10, mask4 ratio: 0.84
2026-01-22 18:43:17,172 - root - INFO - mask1 ratio: 0.00, mask2 ratio: 0.03, mask3 ratio: 0.10, mask4 ratio: 0.87
2026-01-22 18:43:17,369 - root - INFO - mask1 ratio: 0.00, mask2 ratio: 0.02, mask3 ratio: 0.10, mask4 ratio: 0.88
2026-01-22 18:43:17,567 - root - INFO - mask1 ratio: 0.01, mask2 ratio: 0.05, mask3 ratio: 0.10, mask4 ratio: 0.85
2026-01-22 18:43:17,765 - root - INFO - mask1 ratio: 0.00, mask2 ratio: 0.03, mask3 ratio: 0.10, mask4 ratio: 0.87
2026-01-22 18:43:18,002 - root - INFO - mask1 ratio: 0.00, mask2 ratio: 0.04, mask3 ratio: 0.10, mask4 ratio: 0.86
2026-01-22 18:43:18,200 - root - INFO - mask1 ratio: 0.00, mask2 ratio: 0.04, mask3 ratio: 0.10, mask4 ratio: 0.86
2026-01-22 18:43:18,398 - root - INFO - mask1 ratio: 0.00, mask2 ratio: 0.03, mask3 ratio: 0.10, mask4 ratio: 0.87
2026-01-22 18:43:18,596 - root - INFO - mask1 ratio: 0.01, mask2 ratio: 0.03, mask3 ratio: 0.10, mask4 ratio: 0.87
2026-01-22 18:43:18,623 - root - INFO - time 4.93
2026-01-22 18:43:18,626 - root - INFO - 5 self_attn.v_proj
2026-01-22 18:43:18,626 - root - INFO - Quantizing ...
2026-01-22 18:43:18,808 - root - INFO - mask1 ratio: 0.01, mask2 ratio: 0.10, mask3 ratio: 0.10, mask4 ratio: 0.79
2026-01-22 18:43:19,006 - root - INFO - mask1 ratio: 0.01, mask2 ratio: 0.04, mask3 ratio: 0.10, mask4 ratio: 0.85
2026-01-22 18:43:19,205 - root - INFO - mask1 ratio: 0.01, mask2 ratio: 0.04, mask3 ratio: 0.10, mask4 ratio: 0.85
2026-01-22 18:43:19,402 - root - INFO - mask1 ratio: 0.01, mask2 ratio: 0.08, mask3 ratio: 0.10, mask4 ratio: 0.81
2026-01-22 18:43:19,628 - root - INFO - mask1 ratio: 0.01, mask2 ratio: 0.10, mask3 ratio: 0.10, mask4 ratio: 0.79
2026-01-22 18:43:19,828 - root - INFO - mask1 ratio: 0.01, mask2 ratio: 0.12, mask3 ratio: 0.10, mask4 ratio: 0.77
2026-01-22 18:43:20,024 - root - INFO - mask1 ratio: 0.00, mask2 ratio: 0.03, mask3 ratio: 0.10, mask4 ratio: 0.87
2026-01-22 18:43:20,222 - root - INFO - mask1 ratio: 0.01, mask2 ratio: 0.11, mask3 ratio: 0.10, mask4 ratio: 0.77
2026-01-22 18:43:20,419 - root - INFO - mask1 ratio: 0.02, mask2 ratio: 0.13, mask3 ratio: 0.10, mask4 ratio: 0.76
2026-01-22 18:43:20,616 - root - INFO - mask1 ratio: 0.01, mask2 ratio: 0.10, mask3 ratio: 0.10, mask4 ratio: 0.79
2026-01-22 18:43:20,815 - root - INFO - mask1 ratio: 0.01, mask2 ratio: 0.06, mask3 ratio: 0.10, mask4 ratio: 0.84
2026-01-22 18:43:21,012 - root - INFO - mask1 ratio: 0.01, mask2 ratio: 0.07, mask3 ratio: 0.10, mask4 ratio: 0.82
2026-01-22 18:43:21,251 - root - INFO - mask1 ratio: 0.01, mask2 ratio: 0.04, mask3 ratio: 0.10, mask4 ratio: 0.85
2026-01-22 18:43:21,448 - root - INFO - mask1 ratio: 0.00, mask2 ratio: 0.03, mask3 ratio: 0.10, mask4 ratio: 0.86
2026-01-22 18:43:21,669 - root - INFO - mask1 ratio: 0.01, mask2 ratio: 0.05, mask3 ratio: 0.10, mask4 ratio: 0.85
2026-01-22 18:43:21,871 - root - INFO - mask1 ratio: 0.01, mask2 ratio: 0.06, mask3 ratio: 0.10, mask4 ratio: 0.83
2026-01-22 18:43:22,069 - root - INFO - mask1 ratio: 0.01, mask2 ratio: 0.05, mask3 ratio: 0.10, mask4 ratio: 0.84
2026-01-22 18:43:22,268 - root - INFO - mask1 ratio: 0.00, mask2 ratio: 0.04, mask3 ratio: 0.10, mask4 ratio: 0.85
2026-01-22 18:43:22,467 - root - INFO - mask1 ratio: 0.01, mask2 ratio: 0.04, mask3 ratio: 0.10, mask4 ratio: 0.85
2026-01-22 18:43:22,668 - root - INFO - mask1 ratio: 0.01, mask2 ratio: 0.06, mask3 ratio: 0.10, mask4 ratio: 0.83
2026-01-22 18:43:22,881 - root - INFO - mask1 ratio: 0.01, mask2 ratio: 0.11, mask3 ratio: 0.10, mask4 ratio: 0.78
2026-01-22 18:43:23,078 - root - INFO - mask1 ratio: 0.01, mask2 ratio: 0.05, mask3 ratio: 0.10, mask4 ratio: 0.85
2026-01-22 18:43:23,276 - root - INFO - mask1 ratio: 0.00, mask2 ratio: 0.04, mask3 ratio: 0.10, mask4 ratio: 0.86
2026-01-22 18:43:23,472 - root - INFO - mask1 ratio: 0.01, mask2 ratio: 0.03, mask3 ratio: 0.10, mask4 ratio: 0.87
2026-01-22 18:43:23,498 - root - INFO - time 4.87
2026-01-22 18:43:23,502 - root - INFO - 5 self_attn.o_proj
2026-01-22 18:43:23,502 - root - INFO - Quantizing ...
2026-01-22 18:43:23,698 - root - INFO - mask1 ratio: 0.01, mask2 ratio: 0.03, mask3 ratio: 0.10, mask4 ratio: 0.86
2026-01-22 18:43:23,913 - root - INFO - mask1 ratio: 0.01, mask2 ratio: 0.02, mask3 ratio: 0.10, mask4 ratio: 0.87
2026-01-22 18:43:24,127 - root - INFO - mask1 ratio: 0.01, mask2 ratio: 0.03, mask3 ratio: 0.10, mask4 ratio: 0.86
2026-01-22 18:43:24,386 - root - INFO - mask1 ratio: 0.01, mask2 ratio: 0.02, mask3 ratio: 0.10, mask4 ratio: 0.87
2026-01-22 18:43:24,610 - root - INFO - mask1 ratio: 0.01, mask2 ratio: 0.03, mask3 ratio: 0.10, mask4 ratio: 0.86
2026-01-22 18:43:24,830 - root - INFO - mask1 ratio: 0.01, mask2 ratio: 0.04, mask3 ratio: 0.10, mask4 ratio: 0.85
2026-01-22 18:43:25,068 - root - INFO - mask1 ratio: 0.00, mask2 ratio: 0.03, mask3 ratio: 0.10, mask4 ratio: 0.87
2026-01-22 18:43:25,293 - root - INFO - mask1 ratio: 0.00, mask2 ratio: 0.04, mask3 ratio: 0.10, mask4 ratio: 0.85
2026-01-22 18:43:25,525 - root - INFO - mask1 ratio: 0.01, mask2 ratio: 0.03, mask3 ratio: 0.10, mask4 ratio: 0.86
2026-01-22 18:43:25,762 - root - INFO - mask1 ratio: 0.01, mask2 ratio: 0.04, mask3 ratio: 0.10, mask4 ratio: 0.85
2026-01-22 18:43:25,999 - root - INFO - mask1 ratio: 0.01, mask2 ratio: 0.03, mask3 ratio: 0.10, mask4 ratio: 0.86
2026-01-22 18:43:26,220 - root - INFO - mask1 ratio: 0.01, mask2 ratio: 0.03, mask3 ratio: 0.10, mask4 ratio: 0.86
2026-01-22 18:43:26,455 - root - INFO - mask1 ratio: 0.01, mask2 ratio: 0.02, mask3 ratio: 0.10, mask4 ratio: 0.87
2026-01-22 18:43:26,674 - root - INFO - mask1 ratio: 0.01, mask2 ratio: 0.06, mask3 ratio: 0.10, mask4 ratio: 0.83
2026-01-22 18:43:26,894 - root - INFO - mask1 ratio: 0.01, mask2 ratio: 0.03, mask3 ratio: 0.10, mask4 ratio: 0.86
2026-01-22 18:43:27,124 - root - INFO - mask1 ratio: 0.01, mask2 ratio: 0.02, mask3 ratio: 0.10, mask4 ratio: 0.87
2026-01-22 18:43:27,386 - root - INFO - mask1 ratio: 0.01, mask2 ratio: 0.02, mask3 ratio: 0.10, mask4 ratio: 0.88
2026-01-22 18:43:27,608 - root - INFO - mask1 ratio: 0.01, mask2 ratio: 0.04, mask3 ratio: 0.10, mask4 ratio: 0.85
2026-01-22 18:43:27,846 - root - INFO - mask1 ratio: 0.01, mask2 ratio: 0.04, mask3 ratio: 0.10, mask4 ratio: 0.85
2026-01-22 18:43:28,072 - root - INFO - mask1 ratio: 0.01, mask2 ratio: 0.04, mask3 ratio: 0.10, mask4 ratio: 0.85
2026-01-22 18:43:28,301 - root - INFO - mask1 ratio: 0.01, mask2 ratio: 0.02, mask3 ratio: 0.10, mask4 ratio: 0.87
2026-01-22 18:43:28,525 - root - INFO - mask1 ratio: 0.00, mask2 ratio: 0.03, mask3 ratio: 0.10, mask4 ratio: 0.87
2026-01-22 18:43:28,747 - root - INFO - mask1 ratio: 0.01, mask2 ratio: 0.02, mask3 ratio: 0.10, mask4 ratio: 0.87
2026-01-22 18:43:29,001 - root - INFO - mask1 ratio: 0.00, mask2 ratio: 0.02, mask3 ratio: 0.10, mask4 ratio: 0.88
2026-01-22 18:43:29,030 - root - INFO - time 5.53
2026-01-22 18:43:29,034 - root - INFO - 5 mlp.gate_proj
2026-01-22 18:43:29,034 - root - INFO - Quantizing ...
2026-01-22 18:43:29,287 - root - INFO - mask1 ratio: 0.01, mask2 ratio: 0.04, mask3 ratio: 0.10, mask4 ratio: 0.85
2026-01-22 18:43:29,562 - root - INFO - mask1 ratio: 0.01, mask2 ratio: 0.06, mask3 ratio: 0.10, mask4 ratio: 0.83
2026-01-22 18:43:29,827 - root - INFO - mask1 ratio: 0.01, mask2 ratio: 0.03, mask3 ratio: 0.10, mask4 ratio: 0.86
2026-01-22 18:43:30,104 - root - INFO - mask1 ratio: 0.01, mask2 ratio: 0.05, mask3 ratio: 0.10, mask4 ratio: 0.84
2026-01-22 18:43:30,412 - root - INFO - mask1 ratio: 0.01, mask2 ratio: 0.04, mask3 ratio: 0.10, mask4 ratio: 0.85
2026-01-22 18:43:30,677 - root - INFO - mask1 ratio: 0.01, mask2 ratio: 0.04, mask3 ratio: 0.10, mask4 ratio: 0.85
2026-01-22 18:43:30,949 - root - INFO - mask1 ratio: 0.01, mask2 ratio: 0.09, mask3 ratio: 0.10, mask4 ratio: 0.80
2026-01-22 18:43:31,230 - root - INFO - mask1 ratio: 0.02, mask2 ratio: 0.07, mask3 ratio: 0.10, mask4 ratio: 0.81
2026-01-22 18:43:31,494 - root - INFO - mask1 ratio: 0.01, mask2 ratio: 0.03, mask3 ratio: 0.10, mask4 ratio: 0.86
2026-01-22 18:43:31,776 - root - INFO - mask1 ratio: 0.01, mask2 ratio: 0.03, mask3 ratio: 0.10, mask4 ratio: 0.87
2026-01-22 18:43:32,039 - root - INFO - mask1 ratio: 0.01, mask2 ratio: 0.05, mask3 ratio: 0.10, mask4 ratio: 0.85
2026-01-22 18:43:32,299 - root - INFO - mask1 ratio: 0.01, mask2 ratio: 0.03, mask3 ratio: 0.10, mask4 ratio: 0.87
2026-01-22 18:43:32,562 - root - INFO - mask1 ratio: 0.00, mask2 ratio: 0.03, mask3 ratio: 0.10, mask4 ratio: 0.86
2026-01-22 18:43:32,825 - root - INFO - mask1 ratio: 0.01, mask2 ratio: 0.05, mask3 ratio: 0.10, mask4 ratio: 0.85
2026-01-22 18:43:33,131 - root - INFO - mask1 ratio: 0.01, mask2 ratio: 0.08, mask3 ratio: 0.10, mask4 ratio: 0.81
2026-01-22 18:43:33,395 - root - INFO - mask1 ratio: 0.01, mask2 ratio: 0.03, mask3 ratio: 0.10, mask4 ratio: 0.86
2026-01-22 18:43:33,666 - root - INFO - mask1 ratio: 0.02, mask2 ratio: 0.20, mask3 ratio: 0.10, mask4 ratio: 0.68
2026-01-22 18:43:33,934 - root - INFO - mask1 ratio: 0.00, mask2 ratio: 0.03, mask3 ratio: 0.10, mask4 ratio: 0.87
2026-01-22 18:43:34,198 - root - INFO - mask1 ratio: 0.00, mask2 ratio: 0.03, mask3 ratio: 0.10, mask4 ratio: 0.87
2026-01-22 18:43:34,459 - root - INFO - mask1 ratio: 0.01, mask2 ratio: 0.04, mask3 ratio: 0.10, mask4 ratio: 0.85
2026-01-22 18:43:34,743 - root - INFO - mask1 ratio: 0.01, mask2 ratio: 0.08, mask3 ratio: 0.10, mask4 ratio: 0.81
2026-01-22 18:43:35,006 - root - INFO - mask1 ratio: 0.01, mask2 ratio: 0.07, mask3 ratio: 0.10, mask4 ratio: 0.81
2026-01-22 18:43:35,271 - root - INFO - mask1 ratio: 0.01, mask2 ratio: 0.05, mask3 ratio: 0.10, mask4 ratio: 0.85
2026-01-22 18:43:35,531 - root - INFO - mask1 ratio: 0.01, mask2 ratio: 0.03, mask3 ratio: 0.10, mask4 ratio: 0.86
2026-01-22 18:43:35,560 - root - INFO - time 6.53
2026-01-22 18:43:35,568 - root - INFO - 5 mlp.up_proj
2026-01-22 18:43:35,568 - root - INFO - Quantizing ...
2026-01-22 18:43:35,840 - root - INFO - mask1 ratio: 0.04, mask2 ratio: 0.34, mask3 ratio: 0.10, mask4 ratio: 0.52
2026-01-22 18:43:36,121 - root - INFO - mask1 ratio: 0.05, mask2 ratio: 0.34, mask3 ratio: 0.10, mask4 ratio: 0.52
2026-01-22 18:43:36,387 - root - INFO - mask1 ratio: 0.04, mask2 ratio: 0.34, mask3 ratio: 0.10, mask4 ratio: 0.52
2026-01-22 18:43:36,653 - root - INFO - mask1 ratio: 0.05, mask2 ratio: 0.34, mask3 ratio: 0.10, mask4 ratio: 0.52
2026-01-22 18:43:36,919 - root - INFO - mask1 ratio: 0.05, mask2 ratio: 0.34, mask3 ratio: 0.10, mask4 ratio: 0.52
2026-01-22 18:43:37,212 - root - INFO - mask1 ratio: 0.05, mask2 ratio: 0.34, mask3 ratio: 0.10, mask4 ratio: 0.52
2026-01-22 18:43:37,478 - root - INFO - mask1 ratio: 0.05, mask2 ratio: 0.33, mask3 ratio: 0.10, mask4 ratio: 0.52
2026-01-22 18:43:37,742 - root - INFO - mask1 ratio: 0.02, mask2 ratio: 0.08, mask3 ratio: 0.10, mask4 ratio: 0.81
2026-01-22 18:43:38,009 - root - INFO - mask1 ratio: 0.04, mask2 ratio: 0.34, mask3 ratio: 0.10, mask4 ratio: 0.52
2026-01-22 18:43:38,273 - root - INFO - mask1 ratio: 0.01, mask2 ratio: 0.10, mask3 ratio: 0.10, mask4 ratio: 0.79
2026-01-22 18:43:38,576 - root - INFO - mask1 ratio: 0.01, mask2 ratio: 0.06, mask3 ratio: 0.10, mask4 ratio: 0.83
2026-01-22 18:43:38,846 - root - INFO - mask1 ratio: 0.02, mask2 ratio: 0.07, mask3 ratio: 0.10, mask4 ratio: 0.81
2026-01-22 18:43:39,111 - root - INFO - mask1 ratio: 0.01, mask2 ratio: 0.13, mask3 ratio: 0.10, mask4 ratio: 0.75
2026-01-22 18:43:39,373 - root - INFO - mask1 ratio: 0.00, mask2 ratio: 0.03, mask3 ratio: 0.10, mask4 ratio: 0.87
2026-01-22 18:43:39,638 - root - INFO - mask1 ratio: 0.03, mask2 ratio: 0.22, mask3 ratio: 0.10, mask4 ratio: 0.65
2026-01-22 18:43:39,917 - root - INFO - mask1 ratio: 0.01, mask2 ratio: 0.04, mask3 ratio: 0.10, mask4 ratio: 0.85
2026-01-22 18:43:40,197 - root - INFO - mask1 ratio: 0.04, mask2 ratio: 0.34, mask3 ratio: 0.10, mask4 ratio: 0.52
2026-01-22 18:43:40,459 - root - INFO - mask1 ratio: 0.00, mask2 ratio: 0.02, mask3 ratio: 0.10, mask4 ratio: 0.88
2026-01-22 18:43:40,721 - root - INFO - mask1 ratio: 0.02, mask2 ratio: 0.14, mask3 ratio: 0.10, mask4 ratio: 0.74
2026-01-22 18:43:40,982 - root - INFO - mask1 ratio: 0.01, mask2 ratio: 0.03, mask3 ratio: 0.10, mask4 ratio: 0.86
2026-01-22 18:43:41,287 - root - INFO - mask1 ratio: 0.01, mask2 ratio: 0.08, mask3 ratio: 0.10, mask4 ratio: 0.81
2026-01-22 18:43:41,549 - root - INFO - mask1 ratio: 0.01, mask2 ratio: 0.04, mask3 ratio: 0.10, mask4 ratio: 0.85
2026-01-22 18:43:41,809 - root - INFO - mask1 ratio: 0.01, mask2 ratio: 0.03, mask3 ratio: 0.10, mask4 ratio: 0.86
2026-01-22 18:43:42,073 - root - INFO - mask1 ratio: 0.01, mask2 ratio: 0.04, mask3 ratio: 0.10, mask4 ratio: 0.85
2026-01-22 18:43:42,102 - root - INFO - time 6.53
2026-01-22 18:43:42,110 - root - INFO - 5 mlp.down_proj
2026-01-22 18:43:42,110 - root - INFO - Quantizing ...
2026-01-22 18:43:42,363 - root - INFO - mask1 ratio: 0.01, mask2 ratio: 0.03, mask3 ratio: 0.10, mask4 ratio: 0.87
2026-01-22 18:43:42,580 - root - INFO - mask1 ratio: 0.01, mask2 ratio: 0.02, mask3 ratio: 0.10, mask4 ratio: 0.87
2026-01-22 18:43:42,820 - root - INFO - mask1 ratio: 0.00, mask2 ratio: 0.02, mask3 ratio: 0.10, mask4 ratio: 0.88
2026-01-22 18:43:43,033 - root - INFO - mask1 ratio: 0.01, mask2 ratio: 0.06, mask3 ratio: 0.10, mask4 ratio: 0.83
2026-01-22 18:43:43,246 - root - INFO - mask1 ratio: 0.00, mask2 ratio: 0.03, mask3 ratio: 0.10, mask4 ratio: 0.86
2026-01-22 18:43:43,460 - root - INFO - mask1 ratio: 0.00, mask2 ratio: 0.02, mask3 ratio: 0.10, mask4 ratio: 0.88
2026-01-22 18:43:43,673 - root - INFO - mask1 ratio: 0.01, mask2 ratio: 0.03, mask3 ratio: 0.10, mask4 ratio: 0.86
2026-01-22 18:43:43,887 - root - INFO - mask1 ratio: 0.01, mask2 ratio: 0.05, mask3 ratio: 0.10, mask4 ratio: 0.85
2026-01-22 18:43:44,099 - root - INFO - mask1 ratio: 0.01, mask2 ratio: 0.04, mask3 ratio: 0.10, mask4 ratio: 0.85
2026-01-22 18:43:44,354 - root - INFO - mask1 ratio: 0.01, mask2 ratio: 0.03, mask3 ratio: 0.10, mask4 ratio: 0.86
2026-01-22 18:43:44,579 - root - INFO - mask1 ratio: 0.01, mask2 ratio: 0.02, mask3 ratio: 0.10, mask4 ratio: 0.87
2026-01-22 18:43:44,797 - root - INFO - mask1 ratio: 0.01, mask2 ratio: 0.03, mask3 ratio: 0.10, mask4 ratio: 0.86
2026-01-22 18:43:45,011 - root - INFO - mask1 ratio: 0.01, mask2 ratio: 0.03, mask3 ratio: 0.10, mask4 ratio: 0.85
2026-01-22 18:43:45,238 - root - INFO - mask1 ratio: 0.00, mask2 ratio: 0.02, mask3 ratio: 0.10, mask4 ratio: 0.88
2026-01-22 18:43:45,463 - root - INFO - mask1 ratio: 0.02, mask2 ratio: 0.08, mask3 ratio: 0.10, mask4 ratio: 0.80
2026-01-22 18:43:45,685 - root - INFO - mask1 ratio: 0.01, mask2 ratio: 0.05, mask3 ratio: 0.10, mask4 ratio: 0.85
2026-01-22 18:43:45,937 - root - INFO - mask1 ratio: 0.03, mask2 ratio: 0.18, mask3 ratio: 0.10, mask4 ratio: 0.69
2026-01-22 18:43:46,160 - root - INFO - mask1 ratio: 0.01, mask2 ratio: 0.02, mask3 ratio: 0.10, mask4 ratio: 0.88
2026-01-22 18:43:46,383 - root - INFO - mask1 ratio: 0.03, mask2 ratio: 0.21, mask3 ratio: 0.10, mask4 ratio: 0.66
2026-01-22 18:43:46,599 - root - INFO - mask1 ratio: 0.02, mask2 ratio: 0.06, mask3 ratio: 0.10, mask4 ratio: 0.82
2026-01-22 18:43:46,813 - root - INFO - mask1 ratio: 0.01, mask2 ratio: 0.02, mask3 ratio: 0.10, mask4 ratio: 0.87
2026-01-22 18:43:47,027 - root - INFO - mask1 ratio: 0.01, mask2 ratio: 0.02, mask3 ratio: 0.10, mask4 ratio: 0.88
2026-01-22 18:43:47,241 - root - INFO - mask1 ratio: 0.01, mask2 ratio: 0.04, mask3 ratio: 0.10, mask4 ratio: 0.85
2026-01-22 18:43:47,503 - root - INFO - mask1 ratio: 0.01, mask2 ratio: 0.00, mask3 ratio: 0.10, mask4 ratio: 0.88
2026-01-22 18:43:47,725 - root - INFO - mask1 ratio: 0.00, mask2 ratio: 0.03, mask3 ratio: 0.10, mask4 ratio: 0.87
2026-01-22 18:43:47,940 - root - INFO - mask1 ratio: 0.01, mask2 ratio: 0.02, mask3 ratio: 0.10, mask4 ratio: 0.88
2026-01-22 18:43:48,154 - root - INFO - mask1 ratio: 0.00, mask2 ratio: 0.02, mask3 ratio: 0.10, mask4 ratio: 0.88
2026-01-22 18:43:48,369 - root - INFO - mask1 ratio: 0.01, mask2 ratio: 0.03, mask3 ratio: 0.10, mask4 ratio: 0.85
2026-01-22 18:43:48,585 - root - INFO - mask1 ratio: 0.01, mask2 ratio: 0.00, mask3 ratio: 0.10, mask4 ratio: 0.88
2026-01-22 18:43:48,822 - root - INFO - mask1 ratio: 0.01, mask2 ratio: 0.02, mask3 ratio: 0.10, mask4 ratio: 0.87
2026-01-22 18:43:49,049 - root - INFO - mask1 ratio: 0.00, mask2 ratio: 0.02, mask3 ratio: 0.10, mask4 ratio: 0.88
2026-01-22 18:43:49,267 - root - INFO - mask1 ratio: 0.00, mask2 ratio: 0.02, mask3 ratio: 0.10, mask4 ratio: 0.88
2026-01-22 18:43:49,479 - root - INFO - mask1 ratio: 0.00, mask2 ratio: 0.02, mask3 ratio: 0.10, mask4 ratio: 0.88
2026-01-22 18:43:49,696 - root - INFO - mask1 ratio: 0.01, mask2 ratio: 0.03, mask3 ratio: 0.10, mask4 ratio: 0.87
2026-01-22 18:43:49,909 - root - INFO - mask1 ratio: 0.01, mask2 ratio: 0.00, mask3 ratio: 0.10, mask4 ratio: 0.88
2026-01-22 18:43:50,122 - root - INFO - mask1 ratio: 0.00, mask2 ratio: 0.02, mask3 ratio: 0.10, mask4 ratio: 0.88
2026-01-22 18:43:50,375 - root - INFO - mask1 ratio: 0.01, mask2 ratio: 0.02, mask3 ratio: 0.10, mask4 ratio: 0.88
2026-01-22 18:43:50,590 - root - INFO - mask1 ratio: 0.01, mask2 ratio: 0.02, mask3 ratio: 0.10, mask4 ratio: 0.87
2026-01-22 18:43:50,806 - root - INFO - mask1 ratio: 0.01, mask2 ratio: 0.04, mask3 ratio: 0.10, mask4 ratio: 0.85
2026-01-22 18:43:51,020 - root - INFO - mask1 ratio: 0.00, mask2 ratio: 0.02, mask3 ratio: 0.10, mask4 ratio: 0.88
2026-01-22 18:43:51,234 - root - INFO - mask1 ratio: 0.01, mask2 ratio: 0.03, mask3 ratio: 0.10, mask4 ratio: 0.87
2026-01-22 18:43:51,449 - root - INFO - mask1 ratio: 0.01, mask2 ratio: 0.03, mask3 ratio: 0.10, mask4 ratio: 0.87
2026-01-22 18:43:51,664 - root - INFO - mask1 ratio: 0.01, mask2 ratio: 0.00, mask3 ratio: 0.10, mask4 ratio: 0.88
2026-01-22 18:43:51,907 - root - INFO - mask1 ratio: 0.01, mask2 ratio: 0.04, mask3 ratio: 0.10, mask4 ratio: 0.85
2026-01-22 18:43:52,121 - root - INFO - mask1 ratio: 0.01, mask2 ratio: 0.03, mask3 ratio: 0.10, mask4 ratio: 0.86
2026-01-22 18:43:52,336 - root - INFO - mask1 ratio: 0.03, mask2 ratio: 0.17, mask3 ratio: 0.10, mask4 ratio: 0.70
2026-01-22 18:43:52,567 - root - INFO - mask1 ratio: 0.01, mask2 ratio: 0.03, mask3 ratio: 0.10, mask4 ratio: 0.86
2026-01-22 18:43:52,784 - root - INFO - mask1 ratio: 0.01, mask2 ratio: 0.03, mask3 ratio: 0.10, mask4 ratio: 0.86
2026-01-22 18:43:52,998 - root - INFO - mask1 ratio: 0.00, mask2 ratio: 0.02, mask3 ratio: 0.10, mask4 ratio: 0.88
2026-01-22 18:43:53,213 - root - INFO - mask1 ratio: 0.00, mask2 ratio: 0.03, mask3 ratio: 0.10, mask4 ratio: 0.87
2026-01-22 18:43:53,463 - root - INFO - mask1 ratio: 0.00, mask2 ratio: 0.03, mask3 ratio: 0.10, mask4 ratio: 0.87
2026-01-22 18:43:53,680 - root - INFO - mask1 ratio: 0.01, mask2 ratio: 0.04, mask3 ratio: 0.10, mask4 ratio: 0.85
2026-01-22 18:43:53,897 - root - INFO - mask1 ratio: 0.01, mask2 ratio: 0.06, mask3 ratio: 0.10, mask4 ratio: 0.83
2026-01-22 18:43:54,113 - root - INFO - mask1 ratio: 0.03, mask2 ratio: 0.15, mask3 ratio: 0.10, mask4 ratio: 0.73
2026-01-22 18:43:54,326 - root - INFO - mask1 ratio: 0.00, mask2 ratio: 0.02, mask3 ratio: 0.10, mask4 ratio: 0.88
2026-01-22 18:43:54,539 - root - INFO - mask1 ratio: 0.01, mask2 ratio: 0.02, mask3 ratio: 0.10, mask4 ratio: 0.87
2026-01-22 18:43:54,754 - root - INFO - mask1 ratio: 0.01, mask2 ratio: 0.03, mask3 ratio: 0.10, mask4 ratio: 0.86
2026-01-22 18:43:54,992 - root - INFO - mask1 ratio: 0.01, mask2 ratio: 0.03, mask3 ratio: 0.10, mask4 ratio: 0.85
2026-01-22 18:43:55,206 - root - INFO - mask1 ratio: 0.01, mask2 ratio: 0.00, mask3 ratio: 0.10, mask4 ratio: 0.88
2026-01-22 18:43:55,419 - root - INFO - mask1 ratio: 0.01, mask2 ratio: 0.03, mask3 ratio: 0.10, mask4 ratio: 0.86
2026-01-22 18:43:55,633 - root - INFO - mask1 ratio: 0.01, mask2 ratio: 0.05, mask3 ratio: 0.10, mask4 ratio: 0.85
2026-01-22 18:43:55,854 - root - INFO - mask1 ratio: 0.01, mask2 ratio: 0.04, mask3 ratio: 0.10, mask4 ratio: 0.85
2026-01-22 18:43:56,069 - root - INFO - mask1 ratio: 0.01, mask2 ratio: 0.03, mask3 ratio: 0.10, mask4 ratio: 0.86
2026-01-22 18:43:56,282 - root - INFO - mask1 ratio: 0.01, mask2 ratio: 0.03, mask3 ratio: 0.10, mask4 ratio: 0.87
2026-01-22 18:43:56,308 - root - INFO - time 14.20
2026-01-22 18:43:58,851 - root - INFO - 6 self_attn.q_proj
2026-01-22 18:43:58,851 - root - INFO - Quantizing ...
2026-01-22 18:43:59,249 - root - INFO - mask1 ratio: 0.01, mask2 ratio: 0.06, mask3 ratio: 0.10, mask4 ratio: 0.84
2026-01-22 18:43:59,464 - root - INFO - mask1 ratio: 0.00, mask2 ratio: 0.04, mask3 ratio: 0.10, mask4 ratio: 0.85
2026-01-22 18:43:59,679 - root - INFO - mask1 ratio: 0.01, mask2 ratio: 0.05, mask3 ratio: 0.10, mask4 ratio: 0.85
2026-01-22 18:43:59,893 - root - INFO - mask1 ratio: 0.00, mask2 ratio: 0.03, mask3 ratio: 0.10, mask4 ratio: 0.87
2026-01-22 18:44:00,108 - root - INFO - mask1 ratio: 0.00, mask2 ratio: 0.03, mask3 ratio: 0.10, mask4 ratio: 0.87
2026-01-22 18:44:00,333 - root - INFO - mask1 ratio: 0.01, mask2 ratio: 0.08, mask3 ratio: 0.10, mask4 ratio: 0.81
2026-01-22 18:44:00,557 - root - INFO - mask1 ratio: 0.01, mask2 ratio: 0.06, mask3 ratio: 0.10, mask4 ratio: 0.84
2026-01-22 18:44:00,771 - root - INFO - mask1 ratio: 0.00, mask2 ratio: 0.03, mask3 ratio: 0.10, mask4 ratio: 0.87
2026-01-22 18:44:00,986 - root - INFO - mask1 ratio: 0.01, mask2 ratio: 0.07, mask3 ratio: 0.10, mask4 ratio: 0.82
2026-01-22 18:44:01,201 - root - INFO - mask1 ratio: 0.01, mask2 ratio: 0.08, mask3 ratio: 0.10, mask4 ratio: 0.81
2026-01-22 18:44:01,414 - root - INFO - mask1 ratio: 0.01, mask2 ratio: 0.10, mask3 ratio: 0.10, mask4 ratio: 0.79
2026-01-22 18:44:01,628 - root - INFO - mask1 ratio: 0.01, mask2 ratio: 0.07, mask3 ratio: 0.10, mask4 ratio: 0.82
2026-01-22 18:44:01,887 - root - INFO - mask1 ratio: 0.00, mask2 ratio: 0.02, mask3 ratio: 0.10, mask4 ratio: 0.88
2026-01-22 18:44:02,104 - root - INFO - mask1 ratio: 0.00, mask2 ratio: 0.04, mask3 ratio: 0.10, mask4 ratio: 0.86
2026-01-22 18:44:02,320 - root - INFO - mask1 ratio: 0.00, mask2 ratio: 0.04, mask3 ratio: 0.10, mask4 ratio: 0.85
2026-01-22 18:44:02,534 - root - INFO - mask1 ratio: 0.01, mask2 ratio: 0.05, mask3 ratio: 0.10, mask4 ratio: 0.85
2026-01-22 18:44:02,750 - root - INFO - mask1 ratio: 0.00, mask2 ratio: 0.04, mask3 ratio: 0.10, mask4 ratio: 0.85
2026-01-22 18:44:02,964 - root - INFO - mask1 ratio: 0.01, mask2 ratio: 0.04, mask3 ratio: 0.10, mask4 ratio: 0.85
2026-01-22 18:44:03,182 - root - INFO - mask1 ratio: 0.00, mask2 ratio: 0.04, mask3 ratio: 0.10, mask4 ratio: 0.85
2026-01-22 18:44:03,420 - root - INFO - mask1 ratio: 0.00, mask2 ratio: 0.03, mask3 ratio: 0.10, mask4 ratio: 0.87
2026-01-22 18:44:03,635 - root - INFO - mask1 ratio: 0.01, mask2 ratio: 0.06, mask3 ratio: 0.10, mask4 ratio: 0.84
2026-01-22 18:44:03,848 - root - INFO - mask1 ratio: 0.01, mask2 ratio: 0.05, mask3 ratio: 0.10, mask4 ratio: 0.85
2026-01-22 18:44:04,062 - root - INFO - mask1 ratio: 0.00, mask2 ratio: 0.03, mask3 ratio: 0.10, mask4 ratio: 0.87
2026-01-22 18:44:04,276 - root - INFO - mask1 ratio: 0.00, mask2 ratio: 0.03, mask3 ratio: 0.10, mask4 ratio: 0.87
2026-01-22 18:44:04,302 - root - INFO - time 5.45
2026-01-22 18:44:04,312 - root - INFO - 6 self_attn.k_proj
2026-01-22 18:44:04,312 - root - INFO - Quantizing ...
2026-01-22 18:44:04,494 - root - INFO - mask1 ratio: 0.01, mask2 ratio: 0.06, mask3 ratio: 0.10, mask4 ratio: 0.83
2026-01-22 18:44:04,693 - root - INFO - mask1 ratio: 0.01, mask2 ratio: 0.05, mask3 ratio: 0.10, mask4 ratio: 0.85
2026-01-22 18:44:04,932 - root - INFO - mask1 ratio: 0.00, mask2 ratio: 0.04, mask3 ratio: 0.10, mask4 ratio: 0.86
2026-01-22 18:44:05,131 - root - INFO - mask1 ratio: 0.01, mask2 ratio: 0.08, mask3 ratio: 0.10, mask4 ratio: 0.81
2026-01-22 18:44:05,329 - root - INFO - mask1 ratio: 0.00, mask2 ratio: 0.04, mask3 ratio: 0.10, mask4 ratio: 0.85
2026-01-22 18:44:05,527 - root - INFO - mask1 ratio: 0.01, mask2 ratio: 0.12, mask3 ratio: 0.10, mask4 ratio: 0.77
2026-01-22 18:44:05,726 - root - INFO - mask1 ratio: 0.01, mask2 ratio: 0.05, mask3 ratio: 0.10, mask4 ratio: 0.85
2026-01-22 18:44:05,925 - root - INFO - mask1 ratio: 0.01, mask2 ratio: 0.08, mask3 ratio: 0.10, mask4 ratio: 0.81
2026-01-22 18:44:06,124 - root - INFO - mask1 ratio: 0.01, mask2 ratio: 0.06, mask3 ratio: 0.10, mask4 ratio: 0.83
2026-01-22 18:44:06,323 - root - INFO - mask1 ratio: 0.01, mask2 ratio: 0.09, mask3 ratio: 0.10, mask4 ratio: 0.80
2026-01-22 18:44:06,547 - root - INFO - mask1 ratio: 0.01, mask2 ratio: 0.05, mask3 ratio: 0.10, mask4 ratio: 0.85
2026-01-22 18:44:06,760 - root - INFO - mask1 ratio: 0.01, mask2 ratio: 0.06, mask3 ratio: 0.10, mask4 ratio: 0.84
2026-01-22 18:44:06,976 - root - INFO - mask1 ratio: 0.01, mask2 ratio: 0.03, mask3 ratio: 0.10, mask4 ratio: 0.87
2026-01-22 18:44:07,193 - root - INFO - mask1 ratio: 0.01, mask2 ratio: 0.05, mask3 ratio: 0.10, mask4 ratio: 0.84
2026-01-22 18:44:07,409 - root - INFO - mask1 ratio: 0.01, mask2 ratio: 0.06, mask3 ratio: 0.10, mask4 ratio: 0.83
2026-01-22 18:44:07,626 - root - INFO - mask1 ratio: 0.01, mask2 ratio: 0.05, mask3 ratio: 0.10, mask4 ratio: 0.85
2026-01-22 18:44:07,824 - root - INFO - mask1 ratio: 0.01, mask2 ratio: 0.05, mask3 ratio: 0.10, mask4 ratio: 0.84
2026-01-22 18:44:08,034 - root - INFO - mask1 ratio: 0.01, mask2 ratio: 0.07, mask3 ratio: 0.10, mask4 ratio: 0.82
2026-01-22 18:44:08,258 - root - INFO - mask1 ratio: 0.01, mask2 ratio: 0.03, mask3 ratio: 0.10, mask4 ratio: 0.86
2026-01-22 18:44:08,456 - root - INFO - mask1 ratio: 0.00, mask2 ratio: 0.03, mask3 ratio: 0.10, mask4 ratio: 0.87
2026-01-22 18:44:08,656 - root - INFO - mask1 ratio: 0.01, mask2 ratio: 0.06, mask3 ratio: 0.10, mask4 ratio: 0.83
2026-01-22 18:44:08,856 - root - INFO - mask1 ratio: 0.01, mask2 ratio: 0.06, mask3 ratio: 0.10, mask4 ratio: 0.84
2026-01-22 18:44:09,055 - root - INFO - mask1 ratio: 0.01, mask2 ratio: 0.03, mask3 ratio: 0.10, mask4 ratio: 0.86
2026-01-22 18:44:09,256 - root - INFO - mask1 ratio: 0.00, mask2 ratio: 0.03, mask3 ratio: 0.10, mask4 ratio: 0.87
2026-01-22 18:44:09,283 - root - INFO - time 4.97
2026-01-22 18:44:09,286 - root - INFO - 6 self_attn.v_proj
2026-01-22 18:44:09,286 - root - INFO - Quantizing ...
2026-01-22 18:44:09,467 - root - INFO - mask1 ratio: 0.02, mask2 ratio: 0.14, mask3 ratio: 0.10, mask4 ratio: 0.74
2026-01-22 18:44:09,691 - root - INFO - mask1 ratio: 0.01, mask2 ratio: 0.04, mask3 ratio: 0.10, mask4 ratio: 0.85
2026-01-22 18:44:09,892 - root - INFO - mask1 ratio: 0.01, mask2 ratio: 0.06, mask3 ratio: 0.10, mask4 ratio: 0.82
2026-01-22 18:44:10,090 - root - INFO - mask1 ratio: 0.02, mask2 ratio: 0.08, mask3 ratio: 0.10, mask4 ratio: 0.81
2026-01-22 18:44:10,290 - root - INFO - mask1 ratio: 0.03, mask2 ratio: 0.13, mask3 ratio: 0.10, mask4 ratio: 0.74
2026-01-22 18:44:10,488 - root - INFO - mask1 ratio: 0.02, mask2 ratio: 0.16, mask3 ratio: 0.10, mask4 ratio: 0.72
2026-01-22 18:44:10,687 - root - INFO - mask1 ratio: 0.01, mask2 ratio: 0.06, mask3 ratio: 0.10, mask4 ratio: 0.82
2026-01-22 18:44:10,890 - root - INFO - mask1 ratio: 0.02, mask2 ratio: 0.09, mask3 ratio: 0.10, mask4 ratio: 0.79
2026-01-22 18:44:11,088 - root - INFO - mask1 ratio: 0.01, mask2 ratio: 0.12, mask3 ratio: 0.10, mask4 ratio: 0.77
2026-01-22 18:44:11,328 - root - INFO - mask1 ratio: 0.02, mask2 ratio: 0.11, mask3 ratio: 0.10, mask4 ratio: 0.77
2026-01-22 18:44:11,526 - root - INFO - mask1 ratio: 0.01, mask2 ratio: 0.03, mask3 ratio: 0.10, mask4 ratio: 0.86
2026-01-22 18:44:11,724 - root - INFO - mask1 ratio: 0.01, mask2 ratio: 0.04, mask3 ratio: 0.10, mask4 ratio: 0.85
2026-01-22 18:44:11,930 - root - INFO - mask1 ratio: 0.02, mask2 ratio: 0.14, mask3 ratio: 0.10, mask4 ratio: 0.74
2026-01-22 18:44:12,130 - root - INFO - mask1 ratio: 0.01, mask2 ratio: 0.05, mask3 ratio: 0.10, mask4 ratio: 0.84
2026-01-22 18:44:12,328 - root - INFO - mask1 ratio: 0.02, mask2 ratio: 0.14, mask3 ratio: 0.10, mask4 ratio: 0.74
2026-01-22 18:44:12,527 - root - INFO - mask1 ratio: 0.02, mask2 ratio: 0.11, mask3 ratio: 0.10, mask4 ratio: 0.77
2026-01-22 18:44:12,725 - root - INFO - mask1 ratio: 0.01, mask2 ratio: 0.10, mask3 ratio: 0.10, mask4 ratio: 0.78
2026-01-22 18:44:12,948 - root - INFO - mask1 ratio: 0.01, mask2 ratio: 0.04, mask3 ratio: 0.10, mask4 ratio: 0.85
2026-01-22 18:44:13,148 - root - INFO - mask1 ratio: 0.01, mask2 ratio: 0.04, mask3 ratio: 0.10, mask4 ratio: 0.85
2026-01-22 18:44:13,346 - root - INFO - mask1 ratio: 0.02, mask2 ratio: 0.05, mask3 ratio: 0.10, mask4 ratio: 0.83
2026-01-22 18:44:13,545 - root - INFO - mask1 ratio: 0.01, mask2 ratio: 0.05, mask3 ratio: 0.10, mask4 ratio: 0.84
2026-01-22 18:44:13,744 - root - INFO - mask1 ratio: 0.02, mask2 ratio: 0.10, mask3 ratio: 0.10, mask4 ratio: 0.78
2026-01-22 18:44:13,942 - root - INFO - mask1 ratio: 0.02, mask2 ratio: 0.14, mask3 ratio: 0.10, mask4 ratio: 0.74
2026-01-22 18:44:14,141 - root - INFO - mask1 ratio: 0.01, mask2 ratio: 0.04, mask3 ratio: 0.10, mask4 ratio: 0.85
2026-01-22 18:44:14,167 - root - INFO - time 4.88
2026-01-22 18:44:14,172 - root - INFO - 6 self_attn.o_proj
2026-01-22 18:44:14,172 - root - INFO - Quantizing ...
2026-01-22 18:44:14,412 - root - INFO - mask1 ratio: 0.01, mask2 ratio: 0.02, mask3 ratio: 0.11, mask4 ratio: 0.86
2026-01-22 18:44:14,626 - root - INFO - mask1 ratio: 0.01, mask2 ratio: 0.04, mask3 ratio: 0.10, mask4 ratio: 0.85
2026-01-22 18:44:14,847 - root - INFO - mask1 ratio: 0.01, mask2 ratio: 0.02, mask3 ratio: 0.10, mask4 ratio: 0.87
2026-01-22 18:44:15,071 - root - INFO - mask1 ratio: 0.01, mask2 ratio: 0.02, mask3 ratio: 0.10, mask4 ratio: 0.88
2026-01-22 18:44:15,293 - root - INFO - mask1 ratio: 0.01, mask2 ratio: 0.02, mask3 ratio: 0.10, mask4 ratio: 0.88
2026-01-22 18:44:15,509 - root - INFO - mask1 ratio: 0.01, mask2 ratio: 0.04, mask3 ratio: 0.10, mask4 ratio: 0.85
2026-01-22 18:44:15,723 - root - INFO - mask1 ratio: 0.01, mask2 ratio: 0.02, mask3 ratio: 0.10, mask4 ratio: 0.87
2026-01-22 18:44:15,961 - root - INFO - mask1 ratio: 0.01, mask2 ratio: 0.03, mask3 ratio: 0.10, mask4 ratio: 0.86
2026-01-22 18:44:16,174 - root - INFO - mask1 ratio: 0.01, mask2 ratio: 0.03, mask3 ratio: 0.10, mask4 ratio: 0.86
2026-01-22 18:44:16,389 - root - INFO - mask1 ratio: 0.01, mask2 ratio: 0.02, mask3 ratio: 0.10, mask4 ratio: 0.88
2026-01-22 18:44:16,603 - root - INFO - mask1 ratio: 0.01, mask2 ratio: 0.04, mask3 ratio: 0.10, mask4 ratio: 0.85
2026-01-22 18:44:16,816 - root - INFO - mask1 ratio: 0.01, mask2 ratio: 0.02, mask3 ratio: 0.10, mask4 ratio: 0.87
2026-01-22 18:44:17,030 - root - INFO - mask1 ratio: 0.01, mask2 ratio: 0.04, mask3 ratio: 0.11, mask4 ratio: 0.84
2026-01-22 18:44:17,242 - root - INFO - mask1 ratio: 0.00, mask2 ratio: 0.03, mask3 ratio: 0.10, mask4 ratio: 0.87
2026-01-22 18:44:17,495 - root - INFO - mask1 ratio: 0.01, mask2 ratio: 0.02, mask3 ratio: 0.10, mask4 ratio: 0.87
2026-01-22 18:44:17,709 - root - INFO - mask1 ratio: 0.01, mask2 ratio: 0.03, mask3 ratio: 0.10, mask4 ratio: 0.86
2026-01-22 18:44:17,923 - root - INFO - mask1 ratio: 0.02, mask2 ratio: 0.11, mask3 ratio: 0.10, mask4 ratio: 0.77
2026-01-22 18:44:18,137 - root - INFO - mask1 ratio: 0.01, mask2 ratio: 0.03, mask3 ratio: 0.10, mask4 ratio: 0.86
2026-01-22 18:44:18,351 - root - INFO - mask1 ratio: 0.01, mask2 ratio: 0.02, mask3 ratio: 0.10, mask4 ratio: 0.87
2026-01-22 18:44:18,567 - root - INFO - mask1 ratio: 0.01, mask2 ratio: 0.02, mask3 ratio: 0.10, mask4 ratio: 0.87
2026-01-22 18:44:18,781 - root - INFO - mask1 ratio: 0.01, mask2 ratio: 0.02, mask3 ratio: 0.10, mask4 ratio: 0.88
2026-01-22 18:44:19,022 - root - INFO - mask1 ratio: 0.01, mask2 ratio: 0.04, mask3 ratio: 0.10, mask4 ratio: 0.85
2026-01-22 18:44:19,236 - root - INFO - mask1 ratio: 0.01, mask2 ratio: 0.02, mask3 ratio: 0.10, mask4 ratio: 0.88
2026-01-22 18:44:19,449 - root - INFO - mask1 ratio: 0.01, mask2 ratio: 0.02, mask3 ratio: 0.10, mask4 ratio: 0.87
2026-01-22 18:44:19,477 - root - INFO - time 5.30
2026-01-22 18:44:19,481 - root - INFO - 6 mlp.gate_proj
2026-01-22 18:44:19,481 - root - INFO - Quantizing ...
2026-01-22 18:44:19,736 - root - INFO - mask1 ratio: 0.02, mask2 ratio: 0.15, mask3 ratio: 0.10, mask4 ratio: 0.73
2026-01-22 18:44:19,998 - root - INFO - mask1 ratio: 0.01, mask2 ratio: 0.04, mask3 ratio: 0.10, mask4 ratio: 0.85
2026-01-22 18:44:20,259 - root - INFO - mask1 ratio: 0.00, mask2 ratio: 0.03, mask3 ratio: 0.10, mask4 ratio: 0.86
2026-01-22 18:44:20,564 - root - INFO - mask1 ratio: 0.02, mask2 ratio: 0.10, mask3 ratio: 0.10, mask4 ratio: 0.78
2026-01-22 18:44:20,824 - root - INFO - mask1 ratio: 0.00, mask2 ratio: 0.02, mask3 ratio: 0.10, mask4 ratio: 0.88
2026-01-22 18:44:21,088 - root - INFO - mask1 ratio: 0.01, mask2 ratio: 0.10, mask3 ratio: 0.10, mask4 ratio: 0.79
2026-01-22 18:44:21,352 - root - INFO - mask1 ratio: 0.01, mask2 ratio: 0.10, mask3 ratio: 0.10, mask4 ratio: 0.79
2026-01-22 18:44:21,618 - root - INFO - mask1 ratio: 0.01, mask2 ratio: 0.04, mask3 ratio: 0.10, mask4 ratio: 0.85
2026-01-22 18:44:21,908 - root - INFO - mask1 ratio: 0.01, mask2 ratio: 0.03, mask3 ratio: 0.10, mask4 ratio: 0.86
2026-01-22 18:44:22,169 - root - INFO - mask1 ratio: 0.01, mask2 ratio: 0.03, mask3 ratio: 0.10, mask4 ratio: 0.86
2026-01-22 18:44:22,430 - root - INFO - mask1 ratio: 0.01, mask2 ratio: 0.03, mask3 ratio: 0.10, mask4 ratio: 0.86
2026-01-22 18:44:22,694 - root - INFO - mask1 ratio: 0.01, mask2 ratio: 0.04, mask3 ratio: 0.10, mask4 ratio: 0.85
2026-01-22 18:44:22,955 - root - INFO - mask1 ratio: 0.00, mask2 ratio: 0.02, mask3 ratio: 0.10, mask4 ratio: 0.88
2026-01-22 18:44:23,247 - root - INFO - mask1 ratio: 0.01, mask2 ratio: 0.04, mask3 ratio: 0.10, mask4 ratio: 0.85
2026-01-22 18:44:23,509 - root - INFO - mask1 ratio: 0.01, mask2 ratio: 0.06, mask3 ratio: 0.10, mask4 ratio: 0.83
2026-01-22 18:44:23,772 - root - INFO - mask1 ratio: 0.00, mask2 ratio: 0.04, mask3 ratio: 0.10, mask4 ratio: 0.85
2026-01-22 18:44:24,035 - root - INFO - mask1 ratio: 0.01, mask2 ratio: 0.11, mask3 ratio: 0.10, mask4 ratio: 0.77
2026-01-22 18:44:24,298 - root - INFO - mask1 ratio: 0.01, mask2 ratio: 0.03, mask3 ratio: 0.10, mask4 ratio: 0.86
2026-01-22 18:44:24,583 - root - INFO - mask1 ratio: 0.01, mask2 ratio: 0.04, mask3 ratio: 0.10, mask4 ratio: 0.85
2026-01-22 18:44:24,845 - root - INFO - mask1 ratio: 0.00, mask2 ratio: 0.03, mask3 ratio: 0.10, mask4 ratio: 0.86
2026-01-22 18:44:25,108 - root - INFO - mask1 ratio: 0.01, mask2 ratio: 0.04, mask3 ratio: 0.10, mask4 ratio: 0.85
2026-01-22 18:44:25,367 - root - INFO - mask1 ratio: 0.01, mask2 ratio: 0.04, mask3 ratio: 0.10, mask4 ratio: 0.85
2026-01-22 18:44:25,629 - root - INFO - mask1 ratio: 0.01, mask2 ratio: 0.07, mask3 ratio: 0.10, mask4 ratio: 0.82
2026-01-22 18:44:25,933 - root - INFO - mask1 ratio: 0.01, mask2 ratio: 0.03, mask3 ratio: 0.10, mask4 ratio: 0.86
2026-01-22 18:44:25,963 - root - INFO - time 6.48
2026-01-22 18:44:25,970 - root - INFO - 6 mlp.up_proj
2026-01-22 18:44:25,970 - root - INFO - Quantizing ...
2026-01-22 18:44:26,215 - root - INFO - mask1 ratio: 0.04, mask2 ratio: 0.33, mask3 ratio: 0.10, mask4 ratio: 0.52
2026-01-22 18:44:26,478 - root - INFO - mask1 ratio: 0.01, mask2 ratio: 0.05, mask3 ratio: 0.10, mask4 ratio: 0.84
2026-01-22 18:44:26,744 - root - INFO - mask1 ratio: 0.03, mask2 ratio: 0.23, mask3 ratio: 0.10, mask4 ratio: 0.63
2026-01-22 18:44:27,012 - root - INFO - mask1 ratio: 0.04, mask2 ratio: 0.34, mask3 ratio: 0.10, mask4 ratio: 0.52
2026-01-22 18:44:27,305 - root - INFO - mask1 ratio: 0.04, mask2 ratio: 0.33, mask3 ratio: 0.10, mask4 ratio: 0.52
2026-01-22 18:44:27,573 - root - INFO - mask1 ratio: 0.04, mask2 ratio: 0.34, mask3 ratio: 0.10, mask4 ratio: 0.52
2026-01-22 18:44:27,838 - root - INFO - mask1 ratio: 0.05, mask2 ratio: 0.34, mask3 ratio: 0.10, mask4 ratio: 0.52
2026-01-22 18:44:28,098 - root - INFO - mask1 ratio: 0.01, mask2 ratio: 0.03, mask3 ratio: 0.10, mask4 ratio: 0.86
2026-01-22 18:44:28,361 - root - INFO - mask1 ratio: 0.03, mask2 ratio: 0.18, mask3 ratio: 0.10, mask4 ratio: 0.69
2026-01-22 18:44:28,664 - root - INFO - mask1 ratio: 0.01, mask2 ratio: 0.02, mask3 ratio: 0.10, mask4 ratio: 0.87
2026-01-22 18:44:28,929 - root - INFO - mask1 ratio: 0.00, mask2 ratio: 0.03, mask3 ratio: 0.10, mask4 ratio: 0.86
2026-01-22 18:44:29,193 - root - INFO - mask1 ratio: 0.01, mask2 ratio: 0.04, mask3 ratio: 0.10, mask4 ratio: 0.85
2026-01-22 18:44:29,455 - root - INFO - mask1 ratio: 0.01, mask2 ratio: 0.03, mask3 ratio: 0.10, mask4 ratio: 0.86
2026-01-22 18:44:29,718 - root - INFO - mask1 ratio: 0.01, mask2 ratio: 0.04, mask3 ratio: 0.10, mask4 ratio: 0.85
2026-01-22 18:44:29,981 - root - INFO - mask1 ratio: 0.01, mask2 ratio: 0.03, mask3 ratio: 0.10, mask4 ratio: 0.86
2026-01-22 18:44:30,267 - root - INFO - mask1 ratio: 0.01, mask2 ratio: 0.06, mask3 ratio: 0.10, mask4 ratio: 0.83
2026-01-22 18:44:30,532 - root - INFO - mask1 ratio: 0.04, mask2 ratio: 0.34, mask3 ratio: 0.10, mask4 ratio: 0.52
2026-01-22 18:44:30,791 - root - INFO - mask1 ratio: 0.00, mask2 ratio: 0.03, mask3 ratio: 0.10, mask4 ratio: 0.87
2026-01-22 18:44:31,054 - root - INFO - mask1 ratio: 0.00, mask2 ratio: 0.03, mask3 ratio: 0.10, mask4 ratio: 0.86
2026-01-22 18:44:31,315 - root - INFO - mask1 ratio: 0.01, mask2 ratio: 0.04, mask3 ratio: 0.10, mask4 ratio: 0.85
2026-01-22 18:44:31,615 - root - INFO - mask1 ratio: 0.01, mask2 ratio: 0.05, mask3 ratio: 0.10, mask4 ratio: 0.85
2026-01-22 18:44:31,877 - root - INFO - mask1 ratio: 0.01, mask2 ratio: 0.04, mask3 ratio: 0.10, mask4 ratio: 0.85
2026-01-22 18:44:32,139 - root - INFO - mask1 ratio: 0.00, mask2 ratio: 0.02, mask3 ratio: 0.10, mask4 ratio: 0.88
2026-01-22 18:44:32,402 - root - INFO - mask1 ratio: 0.01, mask2 ratio: 0.05, mask3 ratio: 0.10, mask4 ratio: 0.85
2026-01-22 18:44:32,432 - root - INFO - time 6.46
2026-01-22 18:44:32,440 - root - INFO - 6 mlp.down_proj
2026-01-22 18:44:32,440 - root - INFO - Quantizing ...
2026-01-22 18:44:32,691 - root - INFO - mask1 ratio: 0.01, mask2 ratio: 0.02, mask3 ratio: 0.10, mask4 ratio: 0.87
2026-01-22 18:44:32,931 - root - INFO - mask1 ratio: 0.01, mask2 ratio: 0.03, mask3 ratio: 0.10, mask4 ratio: 0.86
2026-01-22 18:44:33,145 - root - INFO - mask1 ratio: 0.01, mask2 ratio: 0.02, mask3 ratio: 0.10, mask4 ratio: 0.87
2026-01-22 18:44:33,361 - root - INFO - mask1 ratio: 0.01, mask2 ratio: 0.04, mask3 ratio: 0.10, mask4 ratio: 0.85
2026-01-22 18:44:33,577 - root - INFO - mask1 ratio: 0.01, mask2 ratio: 0.05, mask3 ratio: 0.10, mask4 ratio: 0.84
2026-01-22 18:44:33,794 - root - INFO - mask1 ratio: 0.01, mask2 ratio: 0.02, mask3 ratio: 0.10, mask4 ratio: 0.88
2026-01-22 18:44:34,010 - root - INFO - mask1 ratio: 0.01, mask2 ratio: 0.02, mask3 ratio: 0.10, mask4 ratio: 0.87
2026-01-22 18:44:34,232 - root - INFO - mask1 ratio: 0.01, mask2 ratio: 0.10, mask3 ratio: 0.10, mask4 ratio: 0.79
2026-01-22 18:44:34,493 - root - INFO - mask1 ratio: 0.01, mask2 ratio: 0.03, mask3 ratio: 0.10, mask4 ratio: 0.86
2026-01-22 18:44:34,728 - root - INFO - mask1 ratio: 0.00, mask2 ratio: 0.03, mask3 ratio: 0.10, mask4 ratio: 0.86
2026-01-22 18:44:34,952 - root - INFO - mask1 ratio: 0.02, mask2 ratio: 0.08, mask3 ratio: 0.10, mask4 ratio: 0.80
2026-01-22 18:44:35,177 - root - INFO - mask1 ratio: 0.01, mask2 ratio: 0.03, mask3 ratio: 0.10, mask4 ratio: 0.86
2026-01-22 18:44:35,407 - root - INFO - mask1 ratio: 0.01, mask2 ratio: 0.03, mask3 ratio: 0.10, mask4 ratio: 0.86
2026-01-22 18:44:35,645 - root - INFO - mask1 ratio: 0.01, mask2 ratio: 0.04, mask3 ratio: 0.10, mask4 ratio: 0.85
2026-01-22 18:44:35,879 - root - INFO - mask1 ratio: 0.01, mask2 ratio: 0.02, mask3 ratio: 0.10, mask4 ratio: 0.87
2026-01-22 18:44:36,135 - root - INFO - mask1 ratio: 0.02, mask2 ratio: 0.06, mask3 ratio: 0.10, mask4 ratio: 0.82
2026-01-22 18:44:36,358 - root - INFO - mask1 ratio: 0.01, mask2 ratio: 0.04, mask3 ratio: 0.10, mask4 ratio: 0.85
2026-01-22 18:44:36,581 - root - INFO - mask1 ratio: 0.02, mask2 ratio: 0.09, mask3 ratio: 0.10, mask4 ratio: 0.79
2026-01-22 18:44:36,801 - root - INFO - mask1 ratio: 0.01, mask2 ratio: 0.02, mask3 ratio: 0.10, mask4 ratio: 0.87
2026-01-22 18:44:37,043 - root - INFO - mask1 ratio: 0.01, mask2 ratio: 0.03, mask3 ratio: 0.10, mask4 ratio: 0.86
2026-01-22 18:44:37,286 - root - INFO - mask1 ratio: 0.01, mask2 ratio: 0.06, mask3 ratio: 0.10, mask4 ratio: 0.84
2026-01-22 18:44:37,537 - root - INFO - mask1 ratio: 0.01, mask2 ratio: 0.04, mask3 ratio: 0.10, mask4 ratio: 0.85
2026-01-22 18:44:37,771 - root - INFO - mask1 ratio: 0.01, mask2 ratio: 0.08, mask3 ratio: 0.10, mask4 ratio: 0.81
2026-01-22 18:44:37,991 - root - INFO - mask1 ratio: 0.01, mask2 ratio: 0.02, mask3 ratio: 0.10, mask4 ratio: 0.88
2026-01-22 18:44:38,219 - root - INFO - mask1 ratio: 0.01, mask2 ratio: 0.06, mask3 ratio: 0.10, mask4 ratio: 0.82
2026-01-22 18:44:38,444 - root - INFO - mask1 ratio: 0.03, mask2 ratio: 0.17, mask3 ratio: 0.10, mask4 ratio: 0.70
2026-01-22 18:44:38,665 - root - INFO - mask1 ratio: 0.01, mask2 ratio: 0.02, mask3 ratio: 0.10, mask4 ratio: 0.88
2026-01-22 18:44:38,905 - root - INFO - mask1 ratio: 0.02, mask2 ratio: 0.14, mask3 ratio: 0.10, mask4 ratio: 0.74
2026-01-22 18:44:39,165 - root - INFO - mask1 ratio: 0.01, mask2 ratio: 0.04, mask3 ratio: 0.10, mask4 ratio: 0.85
2026-01-22 18:44:39,392 - root - INFO - mask1 ratio: 0.02, mask2 ratio: 0.08, mask3 ratio: 0.10, mask4 ratio: 0.80
2026-01-22 18:44:39,613 - root - INFO - mask1 ratio: 0.01, mask2 ratio: 0.04, mask3 ratio: 0.10, mask4 ratio: 0.85
2026-01-22 18:44:39,832 - root - INFO - mask1 ratio: 0.01, mask2 ratio: 0.02, mask3 ratio: 0.10, mask4 ratio: 0.88
2026-01-22 18:44:40,058 - root - INFO - mask1 ratio: 0.01, mask2 ratio: 0.04, mask3 ratio: 0.10, mask4 ratio: 0.85
2026-01-22 18:44:40,282 - root - INFO - mask1 ratio: 0.02, mask2 ratio: 0.08, mask3 ratio: 0.10, mask4 ratio: 0.81
2026-01-22 18:44:40,501 - root - INFO - mask1 ratio: 0.01, mask2 ratio: 0.03, mask3 ratio: 0.10, mask4 ratio: 0.86
2026-01-22 18:44:40,777 - root - INFO - mask1 ratio: 0.01, mask2 ratio: 0.07, mask3 ratio: 0.10, mask4 ratio: 0.82
2026-01-22 18:44:41,010 - root - INFO - mask1 ratio: 0.01, mask2 ratio: 0.04, mask3 ratio: 0.10, mask4 ratio: 0.85
2026-01-22 18:44:41,230 - root - INFO - mask1 ratio: 0.01, mask2 ratio: 0.03, mask3 ratio: 0.10, mask4 ratio: 0.86
2026-01-22 18:44:41,446 - root - INFO - mask1 ratio: 0.01, mask2 ratio: 0.00, mask3 ratio: 0.10, mask4 ratio: 0.88
2026-01-22 18:44:41,662 - root - INFO - mask1 ratio: 0.01, mask2 ratio: 0.02, mask3 ratio: 0.10, mask4 ratio: 0.87
2026-01-22 18:44:41,878 - root - INFO - mask1 ratio: 0.02, mask2 ratio: 0.08, mask3 ratio: 0.10, mask4 ratio: 0.80
2026-01-22 18:44:42,093 - root - INFO - mask1 ratio: 0.00, mask2 ratio: 0.02, mask3 ratio: 0.10, mask4 ratio: 0.88
2026-01-22 18:44:42,334 - root - INFO - mask1 ratio: 0.02, mask2 ratio: 0.10, mask3 ratio: 0.10, mask4 ratio: 0.77
2026-01-22 18:44:42,551 - root - INFO - mask1 ratio: 0.01, mask2 ratio: 0.04, mask3 ratio: 0.10, mask4 ratio: 0.85
2026-01-22 18:44:42,766 - root - INFO - mask1 ratio: 0.01, mask2 ratio: 0.05, mask3 ratio: 0.10, mask4 ratio: 0.84
2026-01-22 18:44:42,982 - root - INFO - mask1 ratio: 0.01, mask2 ratio: 0.04, mask3 ratio: 0.10, mask4 ratio: 0.85
2026-01-22 18:44:43,197 - root - INFO - mask1 ratio: 0.01, mask2 ratio: 0.02, mask3 ratio: 0.10, mask4 ratio: 0.87
2026-01-22 18:44:43,415 - root - INFO - mask1 ratio: 0.00, mask2 ratio: 0.02, mask3 ratio: 0.10, mask4 ratio: 0.88
2026-01-22 18:44:43,633 - root - INFO - mask1 ratio: 0.01, mask2 ratio: 0.00, mask3 ratio: 0.10, mask4 ratio: 0.88
2026-01-22 18:44:43,886 - root - INFO - mask1 ratio: 0.01, mask2 ratio: 0.03, mask3 ratio: 0.10, mask4 ratio: 0.86
2026-01-22 18:44:44,103 - root - INFO - mask1 ratio: 0.02, mask2 ratio: 0.08, mask3 ratio: 0.10, mask4 ratio: 0.81
2026-01-22 18:44:44,319 - root - INFO - mask1 ratio: 0.01, mask2 ratio: 0.05, mask3 ratio: 0.10, mask4 ratio: 0.84
2026-01-22 18:44:44,536 - root - INFO - mask1 ratio: 0.02, mask2 ratio: 0.09, mask3 ratio: 0.10, mask4 ratio: 0.79
2026-01-22 18:44:44,752 - root - INFO - mask1 ratio: 0.01, mask2 ratio: 0.02, mask3 ratio: 0.10, mask4 ratio: 0.87
2026-01-22 18:44:44,966 - root - INFO - mask1 ratio: 0.01, mask2 ratio: 0.03, mask3 ratio: 0.10, mask4 ratio: 0.86
2026-01-22 18:44:45,215 - root - INFO - mask1 ratio: 0.02, mask2 ratio: 0.07, mask3 ratio: 0.10, mask4 ratio: 0.81
2026-01-22 18:44:45,428 - root - INFO - mask1 ratio: 0.01, mask2 ratio: 0.02, mask3 ratio: 0.10, mask4 ratio: 0.87
2026-01-22 18:44:45,645 - root - INFO - mask1 ratio: 0.01, mask2 ratio: 0.02, mask3 ratio: 0.10, mask4 ratio: 0.87
2026-01-22 18:44:45,858 - root - INFO - mask1 ratio: 0.01, mask2 ratio: 0.02, mask3 ratio: 0.10, mask4 ratio: 0.87
2026-01-22 18:44:46,072 - root - INFO - mask1 ratio: 0.02, mask2 ratio: 0.08, mask3 ratio: 0.10, mask4 ratio: 0.80
2026-01-22 18:44:46,287 - root - INFO - mask1 ratio: 0.01, mask2 ratio: 0.06, mask3 ratio: 0.10, mask4 ratio: 0.83
2026-01-22 18:44:46,502 - root - INFO - mask1 ratio: 0.02, mask2 ratio: 0.06, mask3 ratio: 0.10, mask4 ratio: 0.82
2026-01-22 18:44:46,754 - root - INFO - mask1 ratio: 0.01, mask2 ratio: 0.02, mask3 ratio: 0.10, mask4 ratio: 0.88
2026-01-22 18:44:46,969 - root - INFO - mask1 ratio: 0.01, mask2 ratio: 0.04, mask3 ratio: 0.10, mask4 ratio: 0.85
2026-01-22 18:44:46,995 - root - INFO - time 14.55
2026-01-22 18:44:49,536 - root - INFO - 7 self_attn.q_proj
2026-01-22 18:44:49,536 - root - INFO - Quantizing ...
2026-01-22 18:44:49,933 - root - INFO - mask1 ratio: 0.01, mask2 ratio: 0.04, mask3 ratio: 0.10, mask4 ratio: 0.85
2026-01-22 18:44:50,147 - root - INFO - mask1 ratio: 0.00, mask2 ratio: 0.02, mask3 ratio: 0.10, mask4 ratio: 0.88
2026-01-22 18:44:50,362 - root - INFO - mask1 ratio: 0.01, mask2 ratio: 0.03, mask3 ratio: 0.10, mask4 ratio: 0.86
2026-01-22 18:44:50,598 - root - INFO - mask1 ratio: 0.00, mask2 ratio: 0.03, mask3 ratio: 0.10, mask4 ratio: 0.87
2026-01-22 18:44:50,824 - root - INFO - mask1 ratio: 0.01, mask2 ratio: 0.04, mask3 ratio: 0.10, mask4 ratio: 0.85
2026-01-22 18:44:51,050 - root - INFO - mask1 ratio: 0.01, mask2 ratio: 0.06, mask3 ratio: 0.10, mask4 ratio: 0.84
2026-01-22 18:44:51,272 - root - INFO - mask1 ratio: 0.01, mask2 ratio: 0.06, mask3 ratio: 0.10, mask4 ratio: 0.83
2026-01-22 18:44:51,495 - root - INFO - mask1 ratio: 0.00, mask2 ratio: 0.03, mask3 ratio: 0.10, mask4 ratio: 0.87
2026-01-22 18:44:51,718 - root - INFO - mask1 ratio: 0.01, mask2 ratio: 0.05, mask3 ratio: 0.10, mask4 ratio: 0.85
2026-01-22 18:44:51,974 - root - INFO - mask1 ratio: 0.01, mask2 ratio: 0.08, mask3 ratio: 0.10, mask4 ratio: 0.81
2026-01-22 18:44:52,187 - root - INFO - mask1 ratio: 0.01, mask2 ratio: 0.06, mask3 ratio: 0.10, mask4 ratio: 0.84
2026-01-22 18:44:52,401 - root - INFO - mask1 ratio: 0.00, mask2 ratio: 0.03, mask3 ratio: 0.10, mask4 ratio: 0.87
2026-01-22 18:44:52,619 - root - INFO - mask1 ratio: 0.00, mask2 ratio: 0.02, mask3 ratio: 0.10, mask4 ratio: 0.88
2026-01-22 18:44:52,833 - root - INFO - mask1 ratio: 0.00, mask2 ratio: 0.03, mask3 ratio: 0.10, mask4 ratio: 0.87
2026-01-22 18:44:53,047 - root - INFO - mask1 ratio: 0.00, mask2 ratio: 0.02, mask3 ratio: 0.10, mask4 ratio: 0.88
2026-01-22 18:44:53,260 - root - INFO - mask1 ratio: 0.01, mask2 ratio: 0.03, mask3 ratio: 0.10, mask4 ratio: 0.86
2026-01-22 18:44:53,502 - root - INFO - mask1 ratio: 0.01, mask2 ratio: 0.04, mask3 ratio: 0.10, mask4 ratio: 0.85
2026-01-22 18:44:53,717 - root - INFO - mask1 ratio: 0.01, mask2 ratio: 0.04, mask3 ratio: 0.10, mask4 ratio: 0.85
2026-01-22 18:44:53,934 - root - INFO - mask1 ratio: 0.00, mask2 ratio: 0.03, mask3 ratio: 0.10, mask4 ratio: 0.87
2026-01-22 18:44:54,147 - root - INFO - mask1 ratio: 0.01, mask2 ratio: 0.03, mask3 ratio: 0.10, mask4 ratio: 0.87
2026-01-22 18:44:54,359 - root - INFO - mask1 ratio: 0.00, mask2 ratio: 0.03, mask3 ratio: 0.10, mask4 ratio: 0.87
2026-01-22 18:44:54,572 - root - INFO - mask1 ratio: 0.01, mask2 ratio: 0.04, mask3 ratio: 0.10, mask4 ratio: 0.85
2026-01-22 18:44:54,786 - root - INFO - mask1 ratio: 0.00, mask2 ratio: 0.03, mask3 ratio: 0.10, mask4 ratio: 0.87
2026-01-22 18:44:55,040 - root - INFO - mask1 ratio: 0.00, mask2 ratio: 0.03, mask3 ratio: 0.10, mask4 ratio: 0.87
2026-01-22 18:44:55,066 - root - INFO - time 5.53
2026-01-22 18:44:55,077 - root - INFO - 7 self_attn.k_proj
2026-01-22 18:44:55,077 - root - INFO - Quantizing ...
2026-01-22 18:44:55,258 - root - INFO - mask1 ratio: 0.01, mask2 ratio: 0.11, mask3 ratio: 0.10, mask4 ratio: 0.77
2026-01-22 18:44:55,455 - root - INFO - mask1 ratio: 0.00, mask2 ratio: 0.03, mask3 ratio: 0.10, mask4 ratio: 0.86
2026-01-22 18:44:55,662 - root - INFO - mask1 ratio: 0.01, mask2 ratio: 0.04, mask3 ratio: 0.10, mask4 ratio: 0.85
2026-01-22 18:44:55,861 - root - INFO - mask1 ratio: 0.01, mask2 ratio: 0.04, mask3 ratio: 0.10, mask4 ratio: 0.85
2026-01-22 18:44:56,059 - root - INFO - mask1 ratio: 0.02, mask2 ratio: 0.11, mask3 ratio: 0.10, mask4 ratio: 0.77
2026-01-22 18:44:56,257 - root - INFO - mask1 ratio: 0.01, mask2 ratio: 0.08, mask3 ratio: 0.10, mask4 ratio: 0.81
2026-01-22 18:44:56,484 - root - INFO - mask1 ratio: 0.01, mask2 ratio: 0.07, mask3 ratio: 0.10, mask4 ratio: 0.82
2026-01-22 18:44:56,681 - root - INFO - mask1 ratio: 0.01, mask2 ratio: 0.03, mask3 ratio: 0.10, mask4 ratio: 0.86
2026-01-22 18:44:56,879 - root - INFO - mask1 ratio: 0.01, mask2 ratio: 0.07, mask3 ratio: 0.10, mask4 ratio: 0.82
2026-01-22 18:44:57,076 - root - INFO - mask1 ratio: 0.01, mask2 ratio: 0.11, mask3 ratio: 0.10, mask4 ratio: 0.77
2026-01-22 18:44:57,273 - root - INFO - mask1 ratio: 0.01, mask2 ratio: 0.05, mask3 ratio: 0.10, mask4 ratio: 0.85
2026-01-22 18:44:57,470 - root - INFO - mask1 ratio: 0.01, mask2 ratio: 0.04, mask3 ratio: 0.10, mask4 ratio: 0.85
2026-01-22 18:44:57,694 - root - INFO - mask1 ratio: 0.01, mask2 ratio: 0.03, mask3 ratio: 0.10, mask4 ratio: 0.87
2026-01-22 18:44:57,895 - root - INFO - mask1 ratio: 0.01, mask2 ratio: 0.04, mask3 ratio: 0.10, mask4 ratio: 0.85
2026-01-22 18:44:58,134 - root - INFO - mask1 ratio: 0.01, mask2 ratio: 0.07, mask3 ratio: 0.10, mask4 ratio: 0.82
2026-01-22 18:44:58,333 - root - INFO - mask1 ratio: 0.01, mask2 ratio: 0.03, mask3 ratio: 0.10, mask4 ratio: 0.86
2026-01-22 18:44:58,533 - root - INFO - mask1 ratio: 0.01, mask2 ratio: 0.02, mask3 ratio: 0.10, mask4 ratio: 0.87
2026-01-22 18:44:58,732 - root - INFO - mask1 ratio: 0.01, mask2 ratio: 0.06, mask3 ratio: 0.10, mask4 ratio: 0.83
2026-01-22 18:44:58,932 - root - INFO - mask1 ratio: 0.01, mask2 ratio: 0.03, mask3 ratio: 0.10, mask4 ratio: 0.86
2026-01-22 18:44:59,131 - root - INFO - mask1 ratio: 0.01, mask2 ratio: 0.05, mask3 ratio: 0.10, mask4 ratio: 0.84
2026-01-22 18:44:59,330 - root - INFO - mask1 ratio: 0.01, mask2 ratio: 0.05, mask3 ratio: 0.10, mask4 ratio: 0.84
2026-01-22 18:44:59,528 - root - INFO - mask1 ratio: 0.01, mask2 ratio: 0.03, mask3 ratio: 0.10, mask4 ratio: 0.86
2026-01-22 18:44:59,752 - root - INFO - mask1 ratio: 0.01, mask2 ratio: 0.03, mask3 ratio: 0.10, mask4 ratio: 0.87
2026-01-22 18:44:59,954 - root - INFO - mask1 ratio: 0.00, mask2 ratio: 0.04, mask3 ratio: 0.10, mask4 ratio: 0.86
2026-01-22 18:44:59,981 - root - INFO - time 4.90
2026-01-22 18:44:59,984 - root - INFO - 7 self_attn.v_proj
2026-01-22 18:44:59,984 - root - INFO - Quantizing ...
2026-01-22 18:45:00,165 - root - INFO - mask1 ratio: 0.02, mask2 ratio: 0.18, mask3 ratio: 0.10, mask4 ratio: 0.70
2026-01-22 18:45:00,363 - root - INFO - mask1 ratio: 0.01, mask2 ratio: 0.07, mask3 ratio: 0.10, mask4 ratio: 0.82
2026-01-22 18:45:00,562 - root - INFO - mask1 ratio: 0.02, mask2 ratio: 0.09, mask3 ratio: 0.10, mask4 ratio: 0.80
2026-01-22 18:45:00,760 - root - INFO - mask1 ratio: 0.01, mask2 ratio: 0.04, mask3 ratio: 0.10, mask4 ratio: 0.85
2026-01-22 18:45:00,959 - root - INFO - mask1 ratio: 0.02, mask2 ratio: 0.10, mask3 ratio: 0.10, mask4 ratio: 0.78
2026-01-22 18:45:01,168 - root - INFO - mask1 ratio: 0.02, mask2 ratio: 0.09, mask3 ratio: 0.10, mask4 ratio: 0.80
2026-01-22 18:45:01,387 - root - INFO - mask1 ratio: 0.01, mask2 ratio: 0.04, mask3 ratio: 0.10, mask4 ratio: 0.85
2026-01-22 18:45:01,586 - root - INFO - mask1 ratio: 0.01, mask2 ratio: 0.03, mask3 ratio: 0.10, mask4 ratio: 0.86
2026-01-22 18:45:01,785 - root - INFO - mask1 ratio: 0.03, mask2 ratio: 0.24, mask3 ratio: 0.10, mask4 ratio: 0.63
2026-01-22 18:45:01,986 - root - INFO - mask1 ratio: 0.03, mask2 ratio: 0.16, mask3 ratio: 0.10, mask4 ratio: 0.71
2026-01-22 18:45:02,184 - root - INFO - mask1 ratio: 0.01, mask2 ratio: 0.03, mask3 ratio: 0.10, mask4 ratio: 0.87
2026-01-22 18:45:02,383 - root - INFO - mask1 ratio: 0.01, mask2 ratio: 0.08, mask3 ratio: 0.10, mask4 ratio: 0.81
2026-01-22 18:45:02,585 - root - INFO - mask1 ratio: 0.01, mask2 ratio: 0.03, mask3 ratio: 0.10, mask4 ratio: 0.86
2026-01-22 18:45:02,810 - root - INFO - mask1 ratio: 0.01, mask2 ratio: 0.05, mask3 ratio: 0.10, mask4 ratio: 0.85
2026-01-22 18:45:03,010 - root - INFO - mask1 ratio: 0.01, mask2 ratio: 0.02, mask3 ratio: 0.10, mask4 ratio: 0.87
2026-01-22 18:45:03,227 - root - INFO - mask1 ratio: 0.01, mask2 ratio: 0.05, mask3 ratio: 0.10, mask4 ratio: 0.84
2026-01-22 18:45:03,443 - root - INFO - mask1 ratio: 0.01, mask2 ratio: 0.07, mask3 ratio: 0.10, mask4 ratio: 0.82
2026-01-22 18:45:03,643 - root - INFO - mask1 ratio: 0.01, mask2 ratio: 0.05, mask3 ratio: 0.10, mask4 ratio: 0.85
2026-01-22 18:45:03,841 - root - INFO - mask1 ratio: 0.01, mask2 ratio: 0.05, mask3 ratio: 0.10, mask4 ratio: 0.85
2026-01-22 18:45:04,041 - root - INFO - mask1 ratio: 0.01, mask2 ratio: 0.06, mask3 ratio: 0.10, mask4 ratio: 0.83
2026-01-22 18:45:04,240 - root - INFO - mask1 ratio: 0.01, mask2 ratio: 0.04, mask3 ratio: 0.10, mask4 ratio: 0.85
2026-01-22 18:45:04,479 - root - INFO - mask1 ratio: 0.01, mask2 ratio: 0.04, mask3 ratio: 0.10, mask4 ratio: 0.85
2026-01-22 18:45:04,678 - root - INFO - mask1 ratio: 0.01, mask2 ratio: 0.06, mask3 ratio: 0.10, mask4 ratio: 0.83
2026-01-22 18:45:04,878 - root - INFO - mask1 ratio: 0.01, mask2 ratio: 0.05, mask3 ratio: 0.10, mask4 ratio: 0.84
2026-01-22 18:45:04,905 - root - INFO - time 4.92
2026-01-22 18:45:04,909 - root - INFO - 7 self_attn.o_proj
2026-01-22 18:45:04,910 - root - INFO - Quantizing ...
2026-01-22 18:45:05,109 - root - INFO - mask1 ratio: 0.01, mask2 ratio: 0.04, mask3 ratio: 0.10, mask4 ratio: 0.85
2026-01-22 18:45:05,323 - root - INFO - mask1 ratio: 0.01, mask2 ratio: 0.02, mask3 ratio: 0.10, mask4 ratio: 0.88
2026-01-22 18:45:05,537 - root - INFO - mask1 ratio: 0.01, mask2 ratio: 0.02, mask3 ratio: 0.10, mask4 ratio: 0.88
2026-01-22 18:45:05,751 - root - INFO - mask1 ratio: 0.01, mask2 ratio: 0.05, mask3 ratio: 0.10, mask4 ratio: 0.84
2026-01-22 18:45:05,994 - root - INFO - mask1 ratio: 0.01, mask2 ratio: 0.05, mask3 ratio: 0.10, mask4 ratio: 0.84
2026-01-22 18:45:06,208 - root - INFO - mask1 ratio: 0.01, mask2 ratio: 0.05, mask3 ratio: 0.10, mask4 ratio: 0.84
2026-01-22 18:45:06,421 - root - INFO - mask1 ratio: 0.01, mask2 ratio: 0.03, mask3 ratio: 0.10, mask4 ratio: 0.86
2026-01-22 18:45:06,634 - root - INFO - mask1 ratio: 0.01, mask2 ratio: 0.02, mask3 ratio: 0.10, mask4 ratio: 0.88
2026-01-22 18:45:06,846 - root - INFO - mask1 ratio: 0.01, mask2 ratio: 0.02, mask3 ratio: 0.10, mask4 ratio: 0.87
2026-01-22 18:45:07,061 - root - INFO - mask1 ratio: 0.03, mask2 ratio: 0.25, mask3 ratio: 0.10, mask4 ratio: 0.61
2026-01-22 18:45:07,274 - root - INFO - mask1 ratio: 0.01, mask2 ratio: 0.06, mask3 ratio: 0.10, mask4 ratio: 0.82
2026-01-22 18:45:07,531 - root - INFO - mask1 ratio: 0.01, mask2 ratio: 0.03, mask3 ratio: 0.10, mask4 ratio: 0.85
2026-01-22 18:45:07,744 - root - INFO - mask1 ratio: 0.00, mask2 ratio: 0.02, mask3 ratio: 0.10, mask4 ratio: 0.88
2026-01-22 18:45:07,958 - root - INFO - mask1 ratio: 0.01, mask2 ratio: 0.06, mask3 ratio: 0.10, mask4 ratio: 0.83
2026-01-22 18:45:08,172 - root - INFO - mask1 ratio: 0.01, mask2 ratio: 0.02, mask3 ratio: 0.10, mask4 ratio: 0.88
2026-01-22 18:45:08,388 - root - INFO - mask1 ratio: 0.01, mask2 ratio: 0.12, mask3 ratio: 0.10, mask4 ratio: 0.77
2026-01-22 18:45:08,607 - root - INFO - mask1 ratio: 0.01, mask2 ratio: 0.12, mask3 ratio: 0.10, mask4 ratio: 0.77
2026-01-22 18:45:08,821 - root - INFO - mask1 ratio: 0.01, mask2 ratio: 0.00, mask3 ratio: 0.10, mask4 ratio: 0.88
2026-01-22 18:45:09,065 - root - INFO - mask1 ratio: 0.00, mask2 ratio: 0.03, mask3 ratio: 0.10, mask4 ratio: 0.87
2026-01-22 18:45:09,280 - root - INFO - mask1 ratio: 0.01, mask2 ratio: 0.03, mask3 ratio: 0.10, mask4 ratio: 0.86
2026-01-22 18:45:09,493 - root - INFO - mask1 ratio: 0.01, mask2 ratio: 0.02, mask3 ratio: 0.10, mask4 ratio: 0.87
2026-01-22 18:45:09,707 - root - INFO - mask1 ratio: 0.01, mask2 ratio: 0.04, mask3 ratio: 0.10, mask4 ratio: 0.85
2026-01-22 18:45:09,923 - root - INFO - mask1 ratio: 0.01, mask2 ratio: 0.03, mask3 ratio: 0.10, mask4 ratio: 0.86
2026-01-22 18:45:10,137 - root - INFO - mask1 ratio: 0.01, mask2 ratio: 0.03, mask3 ratio: 0.10, mask4 ratio: 0.86
2026-01-22 18:45:10,163 - root - INFO - time 5.25
2026-01-22 18:45:10,168 - root - INFO - 7 mlp.gate_proj
2026-01-22 18:45:10,168 - root - INFO - Quantizing ...
2026-01-22 18:45:10,447 - root - INFO - mask1 ratio: 0.04, mask2 ratio: 0.29, mask3 ratio: 0.10, mask4 ratio: 0.57
2026-01-22 18:45:10,708 - root - INFO - mask1 ratio: 0.01, mask2 ratio: 0.03, mask3 ratio: 0.10, mask4 ratio: 0.86
2026-01-22 18:45:10,971 - root - INFO - mask1 ratio: 0.01, mask2 ratio: 0.03, mask3 ratio: 0.10, mask4 ratio: 0.86
2026-01-22 18:45:11,234 - root - INFO - mask1 ratio: 0.01, mask2 ratio: 0.04, mask3 ratio: 0.10, mask4 ratio: 0.85
2026-01-22 18:45:11,496 - root - INFO - mask1 ratio: 0.00, mask2 ratio: 0.02, mask3 ratio: 0.10, mask4 ratio: 0.88
2026-01-22 18:45:11,758 - root - INFO - mask1 ratio: 0.01, mask2 ratio: 0.03, mask3 ratio: 0.10, mask4 ratio: 0.86
2026-01-22 18:45:12,042 - root - INFO - mask1 ratio: 0.01, mask2 ratio: 0.03, mask3 ratio: 0.10, mask4 ratio: 0.86
2026-01-22 18:45:12,305 - root - INFO - mask1 ratio: 0.01, mask2 ratio: 0.04, mask3 ratio: 0.10, mask4 ratio: 0.85
2026-01-22 18:45:12,567 - root - INFO - mask1 ratio: 0.01, mask2 ratio: 0.03, mask3 ratio: 0.10, mask4 ratio: 0.86
2026-01-22 18:45:12,830 - root - INFO - mask1 ratio: 0.00, mask2 ratio: 0.03, mask3 ratio: 0.10, mask4 ratio: 0.87
2026-01-22 18:45:13,092 - root - INFO - mask1 ratio: 0.01, mask2 ratio: 0.03, mask3 ratio: 0.10, mask4 ratio: 0.86
2026-01-22 18:45:13,396 - root - INFO - mask1 ratio: 0.01, mask2 ratio: 0.03, mask3 ratio: 0.10, mask4 ratio: 0.87
2026-01-22 18:45:13,657 - root - INFO - mask1 ratio: 0.00, mask2 ratio: 0.03, mask3 ratio: 0.10, mask4 ratio: 0.87
2026-01-22 18:45:13,920 - root - INFO - mask1 ratio: 0.01, mask2 ratio: 0.05, mask3 ratio: 0.10, mask4 ratio: 0.85
2026-01-22 18:45:14,184 - root - INFO - mask1 ratio: 0.01, mask2 ratio: 0.11, mask3 ratio: 0.10, mask4 ratio: 0.78
2026-01-22 18:45:14,447 - root - INFO - mask1 ratio: 0.00, mask2 ratio: 0.04, mask3 ratio: 0.10, mask4 ratio: 0.85
2026-01-22 18:45:14,737 - root - INFO - mask1 ratio: 0.01, mask2 ratio: 0.06, mask3 ratio: 0.10, mask4 ratio: 0.83
2026-01-22 18:45:15,003 - root - INFO - mask1 ratio: 0.01, mask2 ratio: 0.05, mask3 ratio: 0.10, mask4 ratio: 0.85
2026-01-22 18:45:15,266 - root - INFO - mask1 ratio: 0.01, mask2 ratio: 0.04, mask3 ratio: 0.10, mask4 ratio: 0.85
2026-01-22 18:45:15,530 - root - INFO - mask1 ratio: 0.01, mask2 ratio: 0.08, mask3 ratio: 0.10, mask4 ratio: 0.81
2026-01-22 18:45:15,795 - root - INFO - mask1 ratio: 0.01, mask2 ratio: 0.04, mask3 ratio: 0.10, mask4 ratio: 0.85
2026-01-22 18:45:16,098 - root - INFO - mask1 ratio: 0.01, mask2 ratio: 0.05, mask3 ratio: 0.10, mask4 ratio: 0.85
2026-01-22 18:45:16,361 - root - INFO - mask1 ratio: 0.01, mask2 ratio: 0.05, mask3 ratio: 0.10, mask4 ratio: 0.85
2026-01-22 18:45:16,623 - root - INFO - mask1 ratio: 0.01, mask2 ratio: 0.03, mask3 ratio: 0.10, mask4 ratio: 0.86
2026-01-22 18:45:16,653 - root - INFO - time 6.49
2026-01-22 18:45:16,661 - root - INFO - 7 mlp.up_proj
2026-01-22 18:45:16,661 - root - INFO - Quantizing ...
2026-01-22 18:45:16,908 - root - INFO - mask1 ratio: 0.04, mask2 ratio: 0.34, mask3 ratio: 0.10, mask4 ratio: 0.52
2026-01-22 18:45:17,169 - root - INFO - mask1 ratio: 0.00, mask2 ratio: 0.02, mask3 ratio: 0.10, mask4 ratio: 0.88
2026-01-22 18:45:17,459 - root - INFO - mask1 ratio: 0.01, mask2 ratio: 0.03, mask3 ratio: 0.10, mask4 ratio: 0.87
2026-01-22 18:45:17,720 - root - INFO - mask1 ratio: 0.01, mask2 ratio: 0.04, mask3 ratio: 0.10, mask4 ratio: 0.85
2026-01-22 18:45:17,982 - root - INFO - mask1 ratio: 0.01, mask2 ratio: 0.06, mask3 ratio: 0.10, mask4 ratio: 0.83
2026-01-22 18:45:18,248 - root - INFO - mask1 ratio: 0.04, mask2 ratio: 0.34, mask3 ratio: 0.10, mask4 ratio: 0.52
2026-01-22 18:45:18,510 - root - INFO - mask1 ratio: 0.01, mask2 ratio: 0.03, mask3 ratio: 0.10, mask4 ratio: 0.86
2026-01-22 18:45:18,813 - root - INFO - mask1 ratio: 0.01, mask2 ratio: 0.03, mask3 ratio: 0.10, mask4 ratio: 0.87
2026-01-22 18:45:19,079 - root - INFO - mask1 ratio: 0.04, mask2 ratio: 0.30, mask3 ratio: 0.10, mask4 ratio: 0.56
2026-01-22 18:45:19,344 - root - INFO - mask1 ratio: 0.04, mask2 ratio: 0.34, mask3 ratio: 0.10, mask4 ratio: 0.52
2026-01-22 18:45:19,609 - root - INFO - mask1 ratio: 0.01, mask2 ratio: 0.03, mask3 ratio: 0.10, mask4 ratio: 0.86
2026-01-22 18:45:19,871 - root - INFO - mask1 ratio: 0.01, mask2 ratio: 0.03, mask3 ratio: 0.10, mask4 ratio: 0.86
2026-01-22 18:45:20,160 - root - INFO - mask1 ratio: 0.01, mask2 ratio: 0.03, mask3 ratio: 0.10, mask4 ratio: 0.86
2026-01-22 18:45:20,421 - root - INFO - mask1 ratio: 0.01, mask2 ratio: 0.04, mask3 ratio: 0.10, mask4 ratio: 0.85
2026-01-22 18:45:20,681 - root - INFO - mask1 ratio: 0.00, mask2 ratio: 0.03, mask3 ratio: 0.10, mask4 ratio: 0.87
2026-01-22 18:45:20,942 - root - INFO - mask1 ratio: 0.00, mask2 ratio: 0.03, mask3 ratio: 0.10, mask4 ratio: 0.87
2026-01-22 18:45:21,207 - root - INFO - mask1 ratio: 0.02, mask2 ratio: 0.10, mask3 ratio: 0.10, mask4 ratio: 0.78
2026-01-22 18:45:21,512 - root - INFO - mask1 ratio: 0.00, mask2 ratio: 0.04, mask3 ratio: 0.10, mask4 ratio: 0.86
2026-01-22 18:45:21,775 - root - INFO - mask1 ratio: 0.00, mask2 ratio: 0.04, mask3 ratio: 0.10, mask4 ratio: 0.86
2026-01-22 18:45:22,041 - root - INFO - mask1 ratio: 0.01, mask2 ratio: 0.05, mask3 ratio: 0.10, mask4 ratio: 0.85
2026-01-22 18:45:22,303 - root - INFO - mask1 ratio: 0.00, mask2 ratio: 0.03, mask3 ratio: 0.10, mask4 ratio: 0.87
2026-01-22 18:45:22,567 - root - INFO - mask1 ratio: 0.01, mask2 ratio: 0.04, mask3 ratio: 0.10, mask4 ratio: 0.85
2026-01-22 18:45:22,847 - root - INFO - mask1 ratio: 0.00, mask2 ratio: 0.03, mask3 ratio: 0.10, mask4 ratio: 0.87
2026-01-22 18:45:23,107 - root - INFO - mask1 ratio: 0.00, mask2 ratio: 0.02, mask3 ratio: 0.10, mask4 ratio: 0.88
2026-01-22 18:45:23,136 - root - INFO - time 6.47
2026-01-22 18:45:23,144 - root - INFO - 7 mlp.down_proj
2026-01-22 18:45:23,144 - root - INFO - Quantizing ...
2026-01-22 18:45:23,399 - root - INFO - mask1 ratio: 0.03, mask2 ratio: 0.18, mask3 ratio: 0.10, mask4 ratio: 0.69
2026-01-22 18:45:23,615 - root - INFO - mask1 ratio: 0.01, mask2 ratio: 0.03, mask3 ratio: 0.10, mask4 ratio: 0.86
2026-01-22 18:45:23,834 - root - INFO - mask1 ratio: 0.01, mask2 ratio: 0.07, mask3 ratio: 0.10, mask4 ratio: 0.82
2026-01-22 18:45:24,050 - root - INFO - mask1 ratio: 0.02, mask2 ratio: 0.09, mask3 ratio: 0.10, mask4 ratio: 0.79
2026-01-22 18:45:24,265 - root - INFO - mask1 ratio: 0.01, mask2 ratio: 0.02, mask3 ratio: 0.10, mask4 ratio: 0.87
2026-01-22 18:45:24,520 - root - INFO - mask1 ratio: 0.01, mask2 ratio: 0.03, mask3 ratio: 0.10, mask4 ratio: 0.86
2026-01-22 18:45:24,737 - root - INFO - mask1 ratio: 0.01, mask2 ratio: 0.02, mask3 ratio: 0.10, mask4 ratio: 0.87
2026-01-22 18:45:24,955 - root - INFO - mask1 ratio: 0.01, mask2 ratio: 0.04, mask3 ratio: 0.10, mask4 ratio: 0.85
2026-01-22 18:45:25,169 - root - INFO - mask1 ratio: 0.01, mask2 ratio: 0.02, mask3 ratio: 0.10, mask4 ratio: 0.87
2026-01-22 18:45:25,383 - root - INFO - mask1 ratio: 0.01, mask2 ratio: 0.07, mask3 ratio: 0.10, mask4 ratio: 0.81
2026-01-22 18:45:25,598 - root - INFO - mask1 ratio: 0.00, mask2 ratio: 0.02, mask3 ratio: 0.10, mask4 ratio: 0.88
2026-01-22 18:45:25,814 - root - INFO - mask1 ratio: 0.01, mask2 ratio: 0.02, mask3 ratio: 0.10, mask4 ratio: 0.87
2026-01-22 18:45:26,047 - root - INFO - mask1 ratio: 0.01, mask2 ratio: 0.02, mask3 ratio: 0.10, mask4 ratio: 0.88
2026-01-22 18:45:26,260 - root - INFO - mask1 ratio: 0.00, mask2 ratio: 0.04, mask3 ratio: 0.10, mask4 ratio: 0.86
2026-01-22 18:45:26,474 - root - INFO - mask1 ratio: 0.01, mask2 ratio: 0.03, mask3 ratio: 0.10, mask4 ratio: 0.86
2026-01-22 18:45:26,688 - root - INFO - mask1 ratio: 0.01, mask2 ratio: 0.02, mask3 ratio: 0.10, mask4 ratio: 0.87
2026-01-22 18:45:26,902 - root - INFO - mask1 ratio: 0.01, mask2 ratio: 0.00, mask3 ratio: 0.10, mask4 ratio: 0.88
2026-01-22 18:45:27,115 - root - INFO - mask1 ratio: 0.01, mask2 ratio: 0.03, mask3 ratio: 0.10, mask4 ratio: 0.86
2026-01-22 18:45:27,346 - root - INFO - mask1 ratio: 0.02, mask2 ratio: 0.08, mask3 ratio: 0.10, mask4 ratio: 0.81
2026-01-22 18:45:27,578 - root - INFO - mask1 ratio: 0.01, mask2 ratio: 0.05, mask3 ratio: 0.10, mask4 ratio: 0.85
2026-01-22 18:45:27,795 - root - INFO - mask1 ratio: 0.03, mask2 ratio: 0.24, mask3 ratio: 0.10, mask4 ratio: 0.63
2026-01-22 18:45:28,010 - root - INFO - mask1 ratio: 0.02, mask2 ratio: 0.13, mask3 ratio: 0.10, mask4 ratio: 0.75
2026-01-22 18:45:28,225 - root - INFO - mask1 ratio: 0.01, mask2 ratio: 0.11, mask3 ratio: 0.10, mask4 ratio: 0.78
2026-01-22 18:45:28,439 - root - INFO - mask1 ratio: 0.01, mask2 ratio: 0.11, mask3 ratio: 0.10, mask4 ratio: 0.78
2026-01-22 18:45:28,653 - root - INFO - mask1 ratio: 0.01, mask2 ratio: 0.04, mask3 ratio: 0.10, mask4 ratio: 0.85
2026-01-22 18:45:28,896 - root - INFO - mask1 ratio: 0.01, mask2 ratio: 0.06, mask3 ratio: 0.10, mask4 ratio: 0.83
2026-01-22 18:45:29,111 - root - INFO - mask1 ratio: 0.03, mask2 ratio: 0.26, mask3 ratio: 0.10, mask4 ratio: 0.61
2026-01-22 18:45:29,324 - root - INFO - mask1 ratio: 0.01, mask2 ratio: 0.03, mask3 ratio: 0.10, mask4 ratio: 0.86
2026-01-22 18:45:29,537 - root - INFO - mask1 ratio: 0.01, mask2 ratio: 0.05, mask3 ratio: 0.10, mask4 ratio: 0.84
2026-01-22 18:45:29,752 - root - INFO - mask1 ratio: 0.00, mask2 ratio: 0.03, mask3 ratio: 0.10, mask4 ratio: 0.87
2026-01-22 18:45:29,966 - root - INFO - mask1 ratio: 0.01, mask2 ratio: 0.03, mask3 ratio: 0.10, mask4 ratio: 0.87
2026-01-22 18:45:30,181 - root - INFO - mask1 ratio: 0.01, mask2 ratio: 0.08, mask3 ratio: 0.10, mask4 ratio: 0.81
2026-01-22 18:45:30,434 - root - INFO - mask1 ratio: 0.01, mask2 ratio: 0.12, mask3 ratio: 0.10, mask4 ratio: 0.77
2026-01-22 18:45:30,650 - root - INFO - mask1 ratio: 0.01, mask2 ratio: 0.03, mask3 ratio: 0.10, mask4 ratio: 0.86
2026-01-22 18:45:30,866 - root - INFO - mask1 ratio: 0.02, mask2 ratio: 0.05, mask3 ratio: 0.10, mask4 ratio: 0.83
2026-01-22 18:45:31,081 - root - INFO - mask1 ratio: 0.01, mask2 ratio: 0.05, mask3 ratio: 0.10, mask4 ratio: 0.84
2026-01-22 18:45:31,297 - root - INFO - mask1 ratio: 0.02, mask2 ratio: 0.13, mask3 ratio: 0.10, mask4 ratio: 0.75
2026-01-22 18:45:31,511 - root - INFO - mask1 ratio: 0.01, mask2 ratio: 0.02, mask3 ratio: 0.10, mask4 ratio: 0.88
2026-01-22 18:45:31,727 - root - INFO - mask1 ratio: 0.00, mask2 ratio: 0.02, mask3 ratio: 0.10, mask4 ratio: 0.88
2026-01-22 18:45:31,970 - root - INFO - mask1 ratio: 0.01, mask2 ratio: 0.02, mask3 ratio: 0.10, mask4 ratio: 0.87
2026-01-22 18:45:32,186 - root - INFO - mask1 ratio: 0.01, mask2 ratio: 0.02, mask3 ratio: 0.10, mask4 ratio: 0.88
2026-01-22 18:45:32,401 - root - INFO - mask1 ratio: 0.01, mask2 ratio: 0.09, mask3 ratio: 0.10, mask4 ratio: 0.80
2026-01-22 18:45:32,614 - root - INFO - mask1 ratio: 0.01, mask2 ratio: 0.03, mask3 ratio: 0.10, mask4 ratio: 0.86
2026-01-22 18:45:32,828 - root - INFO - mask1 ratio: 0.01, mask2 ratio: 0.08, mask3 ratio: 0.10, mask4 ratio: 0.81
2026-01-22 18:45:33,043 - root - INFO - mask1 ratio: 0.01, mask2 ratio: 0.03, mask3 ratio: 0.10, mask4 ratio: 0.86
2026-01-22 18:45:33,258 - root - INFO - mask1 ratio: 0.02, mask2 ratio: 0.10, mask3 ratio: 0.10, mask4 ratio: 0.77
2026-01-22 18:45:33,510 - root - INFO - mask1 ratio: 0.01, mask2 ratio: 0.03, mask3 ratio: 0.10, mask4 ratio: 0.87
2026-01-22 18:45:33,725 - root - INFO - mask1 ratio: 0.01, mask2 ratio: 0.04, mask3 ratio: 0.10, mask4 ratio: 0.85
2026-01-22 18:45:33,939 - root - INFO - mask1 ratio: 0.01, mask2 ratio: 0.06, mask3 ratio: 0.10, mask4 ratio: 0.83
2026-01-22 18:45:34,154 - root - INFO - mask1 ratio: 0.02, mask2 ratio: 0.13, mask3 ratio: 0.10, mask4 ratio: 0.75
2026-01-22 18:45:34,369 - root - INFO - mask1 ratio: 0.02, mask2 ratio: 0.07, mask3 ratio: 0.10, mask4 ratio: 0.81
2026-01-22 18:45:34,583 - root - INFO - mask1 ratio: 0.02, mask2 ratio: 0.08, mask3 ratio: 0.10, mask4 ratio: 0.81
2026-01-22 18:45:34,803 - root - INFO - mask1 ratio: 0.01, mask2 ratio: 0.02, mask3 ratio: 0.10, mask4 ratio: 0.87
2026-01-22 18:45:35,051 - root - INFO - mask1 ratio: 0.01, mask2 ratio: 0.03, mask3 ratio: 0.10, mask4 ratio: 0.86
2026-01-22 18:45:35,265 - root - INFO - mask1 ratio: 0.02, mask2 ratio: 0.09, mask3 ratio: 0.10, mask4 ratio: 0.80
2026-01-22 18:45:35,479 - root - INFO - mask1 ratio: 0.02, mask2 ratio: 0.12, mask3 ratio: 0.10, mask4 ratio: 0.76
2026-01-22 18:45:35,693 - root - INFO - mask1 ratio: 0.00, mask2 ratio: 0.03, mask3 ratio: 0.10, mask4 ratio: 0.87
2026-01-22 18:45:35,908 - root - INFO - mask1 ratio: 0.01, mask2 ratio: 0.04, mask3 ratio: 0.10, mask4 ratio: 0.85
2026-01-22 18:45:36,122 - root - INFO - mask1 ratio: 0.01, mask2 ratio: 0.04, mask3 ratio: 0.10, mask4 ratio: 0.85
2026-01-22 18:45:36,336 - root - INFO - mask1 ratio: 0.01, mask2 ratio: 0.04, mask3 ratio: 0.10, mask4 ratio: 0.85
2026-01-22 18:45:36,586 - root - INFO - mask1 ratio: 0.01, mask2 ratio: 0.02, mask3 ratio: 0.10, mask4 ratio: 0.87
2026-01-22 18:45:36,801 - root - INFO - mask1 ratio: 0.02, mask2 ratio: 0.06, mask3 ratio: 0.10, mask4 ratio: 0.82
2026-01-22 18:45:37,019 - root - INFO - mask1 ratio: 0.01, mask2 ratio: 0.03, mask3 ratio: 0.10, mask4 ratio: 0.86
2026-01-22 18:45:37,237 - root - INFO - mask1 ratio: 0.01, mask2 ratio: 0.03, mask3 ratio: 0.10, mask4 ratio: 0.86
2026-01-22 18:45:37,263 - root - INFO - time 14.12
2026-01-22 18:45:39,799 - root - INFO - 8 self_attn.q_proj
2026-01-22 18:45:39,799 - root - INFO - Quantizing ...
2026-01-22 18:45:40,216 - root - INFO - mask1 ratio: 0.01, mask2 ratio: 0.08, mask3 ratio: 0.10, mask4 ratio: 0.81
2026-01-22 18:45:40,434 - root - INFO - mask1 ratio: 0.01, mask2 ratio: 0.05, mask3 ratio: 0.10, mask4 ratio: 0.85
2026-01-22 18:45:40,647 - root - INFO - mask1 ratio: 0.00, mask2 ratio: 0.04, mask3 ratio: 0.10, mask4 ratio: 0.86
2026-01-22 18:45:40,861 - root - INFO - mask1 ratio: 0.00, mask2 ratio: 0.04, mask3 ratio: 0.10, mask4 ratio: 0.85
2026-01-22 18:45:41,075 - root - INFO - mask1 ratio: 0.00, mask2 ratio: 0.04, mask3 ratio: 0.10, mask4 ratio: 0.85
2026-01-22 18:45:41,311 - root - INFO - mask1 ratio: 0.01, mask2 ratio: 0.05, mask3 ratio: 0.10, mask4 ratio: 0.85
2026-01-22 18:45:41,525 - root - INFO - mask1 ratio: 0.01, mask2 ratio: 0.06, mask3 ratio: 0.10, mask4 ratio: 0.83
2026-01-22 18:45:41,779 - root - INFO - mask1 ratio: 0.00, mask2 ratio: 0.02, mask3 ratio: 0.10, mask4 ratio: 0.88
2026-01-22 18:45:42,022 - root - INFO - mask1 ratio: 0.01, mask2 ratio: 0.08, mask3 ratio: 0.10, mask4 ratio: 0.81
2026-01-22 18:45:42,240 - root - INFO - mask1 ratio: 0.01, mask2 ratio: 0.09, mask3 ratio: 0.10, mask4 ratio: 0.80
2026-01-22 18:45:42,455 - root - INFO - mask1 ratio: 0.01, mask2 ratio: 0.08, mask3 ratio: 0.10, mask4 ratio: 0.81
2026-01-22 18:45:42,670 - root - INFO - mask1 ratio: 0.01, mask2 ratio: 0.07, mask3 ratio: 0.10, mask4 ratio: 0.82
2026-01-22 18:45:42,883 - root - INFO - mask1 ratio: 0.00, mask2 ratio: 0.02, mask3 ratio: 0.10, mask4 ratio: 0.88
2026-01-22 18:45:43,097 - root - INFO - mask1 ratio: 0.01, mask2 ratio: 0.06, mask3 ratio: 0.10, mask4 ratio: 0.84
2026-01-22 18:45:43,344 - root - INFO - mask1 ratio: 0.01, mask2 ratio: 0.05, mask3 ratio: 0.10, mask4 ratio: 0.85
2026-01-22 18:45:43,573 - root - INFO - mask1 ratio: 0.00, mask2 ratio: 0.04, mask3 ratio: 0.10, mask4 ratio: 0.86
2026-01-22 18:45:43,801 - root - INFO - mask1 ratio: 0.00, mask2 ratio: 0.04, mask3 ratio: 0.10, mask4 ratio: 0.86
2026-01-22 18:45:44,026 - root - INFO - mask1 ratio: 0.00, mask2 ratio: 0.04, mask3 ratio: 0.10, mask4 ratio: 0.85
2026-01-22 18:45:44,269 - root - INFO - mask1 ratio: 0.01, mask2 ratio: 0.04, mask3 ratio: 0.10, mask4 ratio: 0.85
2026-01-22 18:45:44,499 - root - INFO - mask1 ratio: 0.00, mask2 ratio: 0.03, mask3 ratio: 0.10, mask4 ratio: 0.86
2026-01-22 18:45:44,763 - root - INFO - mask1 ratio: 0.00, mask2 ratio: 0.03, mask3 ratio: 0.10, mask4 ratio: 0.87
2026-01-22 18:45:45,004 - root - INFO - mask1 ratio: 0.01, mask2 ratio: 0.05, mask3 ratio: 0.10, mask4 ratio: 0.85
2026-01-22 18:45:45,239 - root - INFO - mask1 ratio: 0.01, mask2 ratio: 0.06, mask3 ratio: 0.10, mask4 ratio: 0.83
2026-01-22 18:45:45,464 - root - INFO - mask1 ratio: 0.01, mask2 ratio: 0.06, mask3 ratio: 0.10, mask4 ratio: 0.84
2026-01-22 18:45:45,492 - root - INFO - time 5.69
2026-01-22 18:45:45,501 - root - INFO - 8 self_attn.k_proj
2026-01-22 18:45:45,502 - root - INFO - Quantizing ...
2026-01-22 18:45:45,696 - root - INFO - mask1 ratio: 0.00, mask2 ratio: 0.04, mask3 ratio: 0.10, mask4 ratio: 0.85
2026-01-22 18:45:45,903 - root - INFO - mask1 ratio: 0.01, mask2 ratio: 0.05, mask3 ratio: 0.10, mask4 ratio: 0.85
2026-01-22 18:45:46,109 - root - INFO - mask1 ratio: 0.00, mask2 ratio: 0.03, mask3 ratio: 0.10, mask4 ratio: 0.87
2026-01-22 18:45:46,355 - root - INFO - mask1 ratio: 0.01, mask2 ratio: 0.06, mask3 ratio: 0.10, mask4 ratio: 0.83
2026-01-22 18:45:46,572 - root - INFO - mask1 ratio: 0.00, mask2 ratio: 0.04, mask3 ratio: 0.10, mask4 ratio: 0.86
2026-01-22 18:45:46,793 - root - INFO - mask1 ratio: 0.01, mask2 ratio: 0.05, mask3 ratio: 0.10, mask4 ratio: 0.85
2026-01-22 18:45:47,004 - root - INFO - mask1 ratio: 0.01, mask2 ratio: 0.06, mask3 ratio: 0.10, mask4 ratio: 0.83
2026-01-22 18:45:47,218 - root - INFO - mask1 ratio: 0.00, mask2 ratio: 0.03, mask3 ratio: 0.10, mask4 ratio: 0.87
2026-01-22 18:45:47,434 - root - INFO - mask1 ratio: 0.01, mask2 ratio: 0.08, mask3 ratio: 0.10, mask4 ratio: 0.81
2026-01-22 18:45:47,641 - root - INFO - mask1 ratio: 0.00, mask2 ratio: 0.04, mask3 ratio: 0.10, mask4 ratio: 0.85
2026-01-22 18:45:47,891 - root - INFO - mask1 ratio: 0.01, mask2 ratio: 0.08, mask3 ratio: 0.10, mask4 ratio: 0.81
2026-01-22 18:45:48,118 - root - INFO - mask1 ratio: 0.01, mask2 ratio: 0.08, mask3 ratio: 0.10, mask4 ratio: 0.81
2026-01-22 18:45:48,323 - root - INFO - mask1 ratio: 0.01, mask2 ratio: 0.03, mask3 ratio: 0.10, mask4 ratio: 0.87
2026-01-22 18:45:48,529 - root - INFO - mask1 ratio: 0.01, mask2 ratio: 0.07, mask3 ratio: 0.10, mask4 ratio: 0.82
2026-01-22 18:45:48,732 - root - INFO - mask1 ratio: 0.01, mask2 ratio: 0.06, mask3 ratio: 0.10, mask4 ratio: 0.83
2026-01-22 18:45:48,958 - root - INFO - mask1 ratio: 0.00, mask2 ratio: 0.03, mask3 ratio: 0.10, mask4 ratio: 0.86
2026-01-22 18:45:49,167 - root - INFO - mask1 ratio: 0.00, mask2 ratio: 0.03, mask3 ratio: 0.10, mask4 ratio: 0.87
2026-01-22 18:45:49,380 - root - INFO - mask1 ratio: 0.01, mask2 ratio: 0.03, mask3 ratio: 0.10, mask4 ratio: 0.86
2026-01-22 18:45:49,607 - root - INFO - mask1 ratio: 0.01, mask2 ratio: 0.04, mask3 ratio: 0.10, mask4 ratio: 0.85
2026-01-22 18:45:49,807 - root - INFO - mask1 ratio: 0.01, mask2 ratio: 0.05, mask3 ratio: 0.10, mask4 ratio: 0.85
2026-01-22 18:45:50,014 - root - INFO - mask1 ratio: 0.00, mask2 ratio: 0.04, mask3 ratio: 0.10, mask4 ratio: 0.86
2026-01-22 18:45:50,222 - root - INFO - mask1 ratio: 0.01, mask2 ratio: 0.05, mask3 ratio: 0.10, mask4 ratio: 0.85
2026-01-22 18:45:50,424 - root - INFO - mask1 ratio: 0.00, mask2 ratio: 0.03, mask3 ratio: 0.10, mask4 ratio: 0.86
2026-01-22 18:45:50,629 - root - INFO - mask1 ratio: 0.00, mask2 ratio: 0.03, mask3 ratio: 0.10, mask4 ratio: 0.86
2026-01-22 18:45:50,659 - root - INFO - time 5.16
2026-01-22 18:45:50,662 - root - INFO - 8 self_attn.v_proj
2026-01-22 18:45:50,662 - root - INFO - Quantizing ...
2026-01-22 18:45:50,847 - root - INFO - mask1 ratio: 0.01, mask2 ratio: 0.03, mask3 ratio: 0.10, mask4 ratio: 0.86
2026-01-22 18:45:51,090 - root - INFO - mask1 ratio: 0.01, mask2 ratio: 0.03, mask3 ratio: 0.10, mask4 ratio: 0.87
2026-01-22 18:45:51,288 - root - INFO - mask1 ratio: 0.01, mask2 ratio: 0.03, mask3 ratio: 0.10, mask4 ratio: 0.87
2026-01-22 18:45:51,487 - root - INFO - mask1 ratio: 0.01, mask2 ratio: 0.04, mask3 ratio: 0.10, mask4 ratio: 0.85
2026-01-22 18:45:51,686 - root - INFO - mask1 ratio: 0.01, mask2 ratio: 0.06, mask3 ratio: 0.10, mask4 ratio: 0.83
2026-01-22 18:45:51,883 - root - INFO - mask1 ratio: 0.01, mask2 ratio: 0.03, mask3 ratio: 0.10, mask4 ratio: 0.86
2026-01-22 18:45:52,082 - root - INFO - mask1 ratio: 0.00, mask2 ratio: 0.03, mask3 ratio: 0.10, mask4 ratio: 0.87
2026-01-22 18:45:52,279 - root - INFO - mask1 ratio: 0.01, mask2 ratio: 0.02, mask3 ratio: 0.10, mask4 ratio: 0.87
2026-01-22 18:45:52,480 - root - INFO - mask1 ratio: 0.01, mask2 ratio: 0.05, mask3 ratio: 0.10, mask4 ratio: 0.84
2026-01-22 18:45:52,704 - root - INFO - mask1 ratio: 0.02, mask2 ratio: 0.16, mask3 ratio: 0.10, mask4 ratio: 0.71
2026-01-22 18:45:52,900 - root - INFO - mask1 ratio: 0.01, mask2 ratio: 0.03, mask3 ratio: 0.10, mask4 ratio: 0.86
2026-01-22 18:45:53,102 - root - INFO - mask1 ratio: 0.01, mask2 ratio: 0.04, mask3 ratio: 0.10, mask4 ratio: 0.85
2026-01-22 18:45:53,319 - root - INFO - mask1 ratio: 0.01, mask2 ratio: 0.02, mask3 ratio: 0.10, mask4 ratio: 0.87
2026-01-22 18:45:53,519 - root - INFO - mask1 ratio: 0.02, mask2 ratio: 0.12, mask3 ratio: 0.10, mask4 ratio: 0.76
2026-01-22 18:45:53,716 - root - INFO - mask1 ratio: 0.00, mask2 ratio: 0.03, mask3 ratio: 0.10, mask4 ratio: 0.87
2026-01-22 18:45:53,915 - root - INFO - mask1 ratio: 0.01, mask2 ratio: 0.02, mask3 ratio: 0.10, mask4 ratio: 0.87
2026-01-22 18:45:54,112 - root - INFO - mask1 ratio: 0.00, mask2 ratio: 0.03, mask3 ratio: 0.10, mask4 ratio: 0.87
2026-01-22 18:45:54,349 - root - INFO - mask1 ratio: 0.01, mask2 ratio: 0.03, mask3 ratio: 0.10, mask4 ratio: 0.86
2026-01-22 18:45:54,555 - root - INFO - mask1 ratio: 0.01, mask2 ratio: 0.04, mask3 ratio: 0.10, mask4 ratio: 0.85
2026-01-22 18:45:54,753 - root - INFO - mask1 ratio: 0.01, mask2 ratio: 0.05, mask3 ratio: 0.10, mask4 ratio: 0.84
2026-01-22 18:45:54,951 - root - INFO - mask1 ratio: 0.01, mask2 ratio: 0.03, mask3 ratio: 0.10, mask4 ratio: 0.87
2026-01-22 18:45:55,148 - root - INFO - mask1 ratio: 0.01, mask2 ratio: 0.04, mask3 ratio: 0.10, mask4 ratio: 0.85
2026-01-22 18:45:55,346 - root - INFO - mask1 ratio: 0.00, mask2 ratio: 0.02, mask3 ratio: 0.10, mask4 ratio: 0.88
2026-01-22 18:45:55,544 - root - INFO - mask1 ratio: 0.01, mask2 ratio: 0.03, mask3 ratio: 0.10, mask4 ratio: 0.86
2026-01-22 18:45:55,570 - root - INFO - time 4.91
2026-01-22 18:45:55,574 - root - INFO - 8 self_attn.o_proj
2026-01-22 18:45:55,574 - root - INFO - Quantizing ...
2026-01-22 18:45:55,793 - root - INFO - mask1 ratio: 0.02, mask2 ratio: 0.09, mask3 ratio: 0.10, mask4 ratio: 0.80
2026-01-22 18:45:56,011 - root - INFO - mask1 ratio: 0.01, mask2 ratio: 0.05, mask3 ratio: 0.10, mask4 ratio: 0.84
2026-01-22 18:45:56,225 - root - INFO - mask1 ratio: 0.02, mask2 ratio: 0.08, mask3 ratio: 0.10, mask4 ratio: 0.81
2026-01-22 18:45:56,437 - root - INFO - mask1 ratio: 0.02, mask2 ratio: 0.01, mask3 ratio: 0.10, mask4 ratio: 0.87
2026-01-22 18:45:56,665 - root - INFO - mask1 ratio: 0.01, mask2 ratio: 0.06, mask3 ratio: 0.10, mask4 ratio: 0.84
2026-01-22 18:45:56,878 - root - INFO - mask1 ratio: 0.03, mask2 ratio: 0.15, mask3 ratio: 0.10, mask4 ratio: 0.72
2026-01-22 18:45:57,091 - root - INFO - mask1 ratio: 0.01, mask2 ratio: 0.02, mask3 ratio: 0.10, mask4 ratio: 0.88
2026-01-22 18:45:57,339 - root - INFO - mask1 ratio: 0.01, mask2 ratio: 0.02, mask3 ratio: 0.10, mask4 ratio: 0.88
2026-01-22 18:45:57,554 - root - INFO - mask1 ratio: 0.00, mask2 ratio: 0.02, mask3 ratio: 0.10, mask4 ratio: 0.88
2026-01-22 18:45:57,788 - root - INFO - mask1 ratio: 0.01, mask2 ratio: 0.02, mask3 ratio: 0.10, mask4 ratio: 0.87
2026-01-22 18:45:58,005 - root - INFO - mask1 ratio: 0.01, mask2 ratio: 0.04, mask3 ratio: 0.10, mask4 ratio: 0.85
2026-01-22 18:45:58,218 - root - INFO - mask1 ratio: 0.01, mask2 ratio: 0.02, mask3 ratio: 0.10, mask4 ratio: 0.87
2026-01-22 18:45:58,432 - root - INFO - mask1 ratio: 0.01, mask2 ratio: 0.02, mask3 ratio: 0.10, mask4 ratio: 0.88
2026-01-22 18:45:58,646 - root - INFO - mask1 ratio: 0.01, mask2 ratio: 0.04, mask3 ratio: 0.10, mask4 ratio: 0.85
2026-01-22 18:45:58,883 - root - INFO - mask1 ratio: 0.01, mask2 ratio: 0.02, mask3 ratio: 0.10, mask4 ratio: 0.87
2026-01-22 18:45:59,096 - root - INFO - mask1 ratio: 0.01, mask2 ratio: 0.03, mask3 ratio: 0.10, mask4 ratio: 0.86
2026-01-22 18:45:59,308 - root - INFO - mask1 ratio: 0.01, mask2 ratio: 0.07, mask3 ratio: 0.10, mask4 ratio: 0.82
2026-01-22 18:45:59,522 - root - INFO - mask1 ratio: 0.02, mask2 ratio: 0.20, mask3 ratio: 0.10, mask4 ratio: 0.68
2026-01-22 18:45:59,737 - root - INFO - mask1 ratio: 0.01, mask2 ratio: 0.02, mask3 ratio: 0.10, mask4 ratio: 0.88
2026-01-22 18:45:59,951 - root - INFO - mask1 ratio: 0.01, mask2 ratio: 0.02, mask3 ratio: 0.10, mask4 ratio: 0.87
2026-01-22 18:46:00,167 - root - INFO - mask1 ratio: 0.01, mask2 ratio: 0.02, mask3 ratio: 0.10, mask4 ratio: 0.87
2026-01-22 18:46:00,417 - root - INFO - mask1 ratio: 0.01, mask2 ratio: 0.02, mask3 ratio: 0.10, mask4 ratio: 0.87
2026-01-22 18:46:00,631 - root - INFO - mask1 ratio: 0.00, mask2 ratio: 0.02, mask3 ratio: 0.10, mask4 ratio: 0.88
2026-01-22 18:46:00,849 - root - INFO - mask1 ratio: 0.01, mask2 ratio: 0.08, mask3 ratio: 0.10, mask4 ratio: 0.81
2026-01-22 18:46:00,887 - root - INFO - time 5.31
2026-01-22 18:46:00,890 - root - INFO - 8 mlp.gate_proj
2026-01-22 18:46:00,891 - root - INFO - Quantizing ...
2026-01-22 18:46:01,138 - root - INFO - mask1 ratio: 0.04, mask2 ratio: 0.34, mask3 ratio: 0.10, mask4 ratio: 0.52
2026-01-22 18:46:01,399 - root - INFO - mask1 ratio: 0.01, mask2 ratio: 0.03, mask3 ratio: 0.10, mask4 ratio: 0.86
2026-01-22 18:46:01,662 - root - INFO - mask1 ratio: 0.01, mask2 ratio: 0.03, mask3 ratio: 0.10, mask4 ratio: 0.86
2026-01-22 18:46:01,949 - root - INFO - mask1 ratio: 0.01, mask2 ratio: 0.06, mask3 ratio: 0.10, mask4 ratio: 0.84
2026-01-22 18:46:02,209 - root - INFO - mask1 ratio: 0.00, mask2 ratio: 0.03, mask3 ratio: 0.10, mask4 ratio: 0.87
2026-01-22 18:46:02,473 - root - INFO - mask1 ratio: 0.01, mask2 ratio: 0.03, mask3 ratio: 0.10, mask4 ratio: 0.86
2026-01-22 18:46:02,738 - root - INFO - mask1 ratio: 0.01, mask2 ratio: 0.04, mask3 ratio: 0.10, mask4 ratio: 0.85
2026-01-22 18:46:03,001 - root - INFO - mask1 ratio: 0.01, mask2 ratio: 0.04, mask3 ratio: 0.10, mask4 ratio: 0.85
2026-01-22 18:46:03,302 - root - INFO - mask1 ratio: 0.01, mask2 ratio: 0.03, mask3 ratio: 0.10, mask4 ratio: 0.87
2026-01-22 18:46:03,565 - root - INFO - mask1 ratio: 0.00, mask2 ratio: 0.03, mask3 ratio: 0.10, mask4 ratio: 0.87
2026-01-22 18:46:03,829 - root - INFO - mask1 ratio: 0.01, mask2 ratio: 0.03, mask3 ratio: 0.10, mask4 ratio: 0.86
2026-01-22 18:46:04,093 - root - INFO - mask1 ratio: 0.01, mask2 ratio: 0.03, mask3 ratio: 0.10, mask4 ratio: 0.87
2026-01-22 18:46:04,356 - root - INFO - mask1 ratio: 0.01, mask2 ratio: 0.04, mask3 ratio: 0.10, mask4 ratio: 0.85
2026-01-22 18:46:04,646 - root - INFO - mask1 ratio: 0.01, mask2 ratio: 0.03, mask3 ratio: 0.10, mask4 ratio: 0.86
2026-01-22 18:46:04,907 - root - INFO - mask1 ratio: 0.01, mask2 ratio: 0.03, mask3 ratio: 0.10, mask4 ratio: 0.86
2026-01-22 18:46:05,170 - root - INFO - mask1 ratio: 0.00, mask2 ratio: 0.04, mask3 ratio: 0.10, mask4 ratio: 0.85
2026-01-22 18:46:05,433 - root - INFO - mask1 ratio: 0.01, mask2 ratio: 0.03, mask3 ratio: 0.10, mask4 ratio: 0.86
2026-01-22 18:46:05,695 - root - INFO - mask1 ratio: 0.00, mask2 ratio: 0.03, mask3 ratio: 0.10, mask4 ratio: 0.87
2026-01-22 18:46:06,002 - root - INFO - mask1 ratio: 0.00, mask2 ratio: 0.02, mask3 ratio: 0.10, mask4 ratio: 0.88
2026-01-22 18:46:06,265 - root - INFO - mask1 ratio: 0.01, mask2 ratio: 0.05, mask3 ratio: 0.10, mask4 ratio: 0.84
2026-01-22 18:46:06,528 - root - INFO - mask1 ratio: 0.01, mask2 ratio: 0.05, mask3 ratio: 0.10, mask4 ratio: 0.85
2026-01-22 18:46:06,791 - root - INFO - mask1 ratio: 0.01, mask2 ratio: 0.07, mask3 ratio: 0.10, mask4 ratio: 0.82
2026-01-22 18:46:07,053 - root - INFO - mask1 ratio: 0.01, mask2 ratio: 0.04, mask3 ratio: 0.10, mask4 ratio: 0.85
2026-01-22 18:46:07,332 - root - INFO - mask1 ratio: 0.01, mask2 ratio: 0.04, mask3 ratio: 0.10, mask4 ratio: 0.85
2026-01-22 18:46:07,362 - root - INFO - time 6.47
2026-01-22 18:46:07,369 - root - INFO - 8 mlp.up_proj
2026-01-22 18:46:07,369 - root - INFO - Quantizing ...
2026-01-22 18:46:07,616 - root - INFO - mask1 ratio: 0.04, mask2 ratio: 0.34, mask3 ratio: 0.10, mask4 ratio: 0.52
2026-01-22 18:46:07,882 - root - INFO - mask1 ratio: 0.04, mask2 ratio: 0.34, mask3 ratio: 0.10, mask4 ratio: 0.52
2026-01-22 18:46:08,147 - root - INFO - mask1 ratio: 0.02, mask2 ratio: 0.13, mask3 ratio: 0.10, mask4 ratio: 0.76
2026-01-22 18:46:08,413 - root - INFO - mask1 ratio: 0.04, mask2 ratio: 0.34, mask3 ratio: 0.10, mask4 ratio: 0.52
2026-01-22 18:46:08,711 - root - INFO - mask1 ratio: 0.04, mask2 ratio: 0.34, mask3 ratio: 0.10, mask4 ratio: 0.52
2026-01-22 18:46:08,976 - root - INFO - mask1 ratio: 0.01, mask2 ratio: 0.04, mask3 ratio: 0.10, mask4 ratio: 0.85
2026-01-22 18:46:09,240 - root - INFO - mask1 ratio: 0.04, mask2 ratio: 0.34, mask3 ratio: 0.10, mask4 ratio: 0.52
2026-01-22 18:46:09,502 - root - INFO - mask1 ratio: 0.01, mask2 ratio: 0.02, mask3 ratio: 0.10, mask4 ratio: 0.87
2026-01-22 18:46:09,764 - root - INFO - mask1 ratio: 0.05, mask2 ratio: 0.33, mask3 ratio: 0.10, mask4 ratio: 0.52
2026-01-22 18:46:10,035 - root - INFO - mask1 ratio: 0.02, mask2 ratio: 0.18, mask3 ratio: 0.10, mask4 ratio: 0.70
2026-01-22 18:46:10,313 - root - INFO - mask1 ratio: 0.04, mask2 ratio: 0.33, mask3 ratio: 0.10, mask4 ratio: 0.53
2026-01-22 18:46:10,574 - root - INFO - mask1 ratio: 0.01, mask2 ratio: 0.04, mask3 ratio: 0.10, mask4 ratio: 0.85
2026-01-22 18:46:10,835 - root - INFO - mask1 ratio: 0.01, mask2 ratio: 0.03, mask3 ratio: 0.10, mask4 ratio: 0.86
2026-01-22 18:46:11,100 - root - INFO - mask1 ratio: 0.02, mask2 ratio: 0.11, mask3 ratio: 0.10, mask4 ratio: 0.77
2026-01-22 18:46:11,364 - root - INFO - mask1 ratio: 0.00, mask2 ratio: 0.02, mask3 ratio: 0.10, mask4 ratio: 0.88
2026-01-22 18:46:11,656 - root - INFO - mask1 ratio: 0.01, mask2 ratio: 0.02, mask3 ratio: 0.10, mask4 ratio: 0.87
2026-01-22 18:46:11,916 - root - INFO - mask1 ratio: 0.00, mask2 ratio: 0.03, mask3 ratio: 0.10, mask4 ratio: 0.87
2026-01-22 18:46:12,178 - root - INFO - mask1 ratio: 0.00, mask2 ratio: 0.03, mask3 ratio: 0.10, mask4 ratio: 0.87
2026-01-22 18:46:12,441 - root - INFO - mask1 ratio: 0.00, mask2 ratio: 0.03, mask3 ratio: 0.10, mask4 ratio: 0.87
2026-01-22 18:46:12,716 - root - INFO - mask1 ratio: 0.01, mask2 ratio: 0.10, mask3 ratio: 0.10, mask4 ratio: 0.79
2026-01-22 18:46:13,004 - root - INFO - mask1 ratio: 0.00, mask2 ratio: 0.03, mask3 ratio: 0.10, mask4 ratio: 0.86
2026-01-22 18:46:13,264 - root - INFO - mask1 ratio: 0.01, mask2 ratio: 0.04, mask3 ratio: 0.10, mask4 ratio: 0.85
2026-01-22 18:46:13,524 - root - INFO - mask1 ratio: 0.00, mask2 ratio: 0.02, mask3 ratio: 0.10, mask4 ratio: 0.88
2026-01-22 18:46:13,786 - root - INFO - mask1 ratio: 0.01, mask2 ratio: 0.05, mask3 ratio: 0.10, mask4 ratio: 0.85
2026-01-22 18:46:13,816 - root - INFO - time 6.45
2026-01-22 18:46:13,824 - root - INFO - 8 mlp.down_proj
2026-01-22 18:46:13,824 - root - INFO - Quantizing ...
2026-01-22 18:46:14,077 - root - INFO - mask1 ratio: 0.01, mask2 ratio: 0.05, mask3 ratio: 0.10, mask4 ratio: 0.85
2026-01-22 18:46:14,327 - root - INFO - mask1 ratio: 0.01, mask2 ratio: 0.00, mask3 ratio: 0.10, mask4 ratio: 0.88
2026-01-22 18:46:14,542 - root - INFO - mask1 ratio: 0.01, mask2 ratio: 0.03, mask3 ratio: 0.10, mask4 ratio: 0.86
2026-01-22 18:46:14,757 - root - INFO - mask1 ratio: 0.01, mask2 ratio: 0.02, mask3 ratio: 0.10, mask4 ratio: 0.88
2026-01-22 18:46:14,972 - root - INFO - mask1 ratio: 0.01, mask2 ratio: 0.03, mask3 ratio: 0.10, mask4 ratio: 0.87
2026-01-22 18:46:15,187 - root - INFO - mask1 ratio: 0.01, mask2 ratio: 0.02, mask3 ratio: 0.10, mask4 ratio: 0.88
2026-01-22 18:46:15,410 - root - INFO - mask1 ratio: 0.01, mask2 ratio: 0.04, mask3 ratio: 0.10, mask4 ratio: 0.85
2026-01-22 18:46:15,632 - root - INFO - mask1 ratio: 0.01, mask2 ratio: 0.08, mask3 ratio: 0.10, mask4 ratio: 0.81
2026-01-22 18:46:15,880 - root - INFO - mask1 ratio: 0.01, mask2 ratio: 0.03, mask3 ratio: 0.10, mask4 ratio: 0.86
2026-01-22 18:46:16,105 - root - INFO - mask1 ratio: 0.01, mask2 ratio: 0.02, mask3 ratio: 0.10, mask4 ratio: 0.87
2026-01-22 18:46:16,331 - root - INFO - mask1 ratio: 0.01, mask2 ratio: 0.08, mask3 ratio: 0.10, mask4 ratio: 0.81
2026-01-22 18:46:16,556 - root - INFO - mask1 ratio: 0.01, mask2 ratio: 0.04, mask3 ratio: 0.10, mask4 ratio: 0.85
2026-01-22 18:46:16,778 - root - INFO - mask1 ratio: 0.01, mask2 ratio: 0.02, mask3 ratio: 0.10, mask4 ratio: 0.88
2026-01-22 18:46:17,000 - root - INFO - mask1 ratio: 0.01, mask2 ratio: 0.04, mask3 ratio: 0.10, mask4 ratio: 0.85
2026-01-22 18:46:17,216 - root - INFO - mask1 ratio: 0.03, mask2 ratio: 0.22, mask3 ratio: 0.10, mask4 ratio: 0.66
2026-01-22 18:46:17,470 - root - INFO - mask1 ratio: 0.01, mask2 ratio: 0.04, mask3 ratio: 0.10, mask4 ratio: 0.85
2026-01-22 18:46:17,685 - root - INFO - mask1 ratio: 0.01, mask2 ratio: 0.06, mask3 ratio: 0.10, mask4 ratio: 0.83
2026-01-22 18:46:17,900 - root - INFO - mask1 ratio: 0.01, mask2 ratio: 0.04, mask3 ratio: 0.10, mask4 ratio: 0.85
2026-01-22 18:46:18,121 - root - INFO - mask1 ratio: 0.01, mask2 ratio: 0.04, mask3 ratio: 0.10, mask4 ratio: 0.85
2026-01-22 18:46:18,350 - root - INFO - mask1 ratio: 0.02, mask2 ratio: 0.07, mask3 ratio: 0.10, mask4 ratio: 0.81
2026-01-22 18:46:18,565 - root - INFO - mask1 ratio: 0.01, mask2 ratio: 0.03, mask3 ratio: 0.10, mask4 ratio: 0.87
2026-01-22 18:46:18,780 - root - INFO - mask1 ratio: 0.02, mask2 ratio: 0.11, mask3 ratio: 0.10, mask4 ratio: 0.77
2026-01-22 18:46:19,013 - root - INFO - mask1 ratio: 0.02, mask2 ratio: 0.06, mask3 ratio: 0.10, mask4 ratio: 0.82
2026-01-22 18:46:19,227 - root - INFO - mask1 ratio: 0.01, mask2 ratio: 0.04, mask3 ratio: 0.10, mask4 ratio: 0.85
2026-01-22 18:46:19,443 - root - INFO - mask1 ratio: 0.02, mask2 ratio: 0.14, mask3 ratio: 0.10, mask4 ratio: 0.74
2026-01-22 18:46:19,657 - root - INFO - mask1 ratio: 0.02, mask2 ratio: 0.07, mask3 ratio: 0.10, mask4 ratio: 0.81
2026-01-22 18:46:19,870 - root - INFO - mask1 ratio: 0.01, mask2 ratio: 0.04, mask3 ratio: 0.10, mask4 ratio: 0.85
2026-01-22 18:46:20,085 - root - INFO - mask1 ratio: 0.02, mask2 ratio: 0.12, mask3 ratio: 0.10, mask4 ratio: 0.76
2026-01-22 18:46:20,317 - root - INFO - mask1 ratio: 0.01, mask2 ratio: 0.03, mask3 ratio: 0.10, mask4 ratio: 0.87
2026-01-22 18:46:20,545 - root - INFO - mask1 ratio: 0.01, mask2 ratio: 0.02, mask3 ratio: 0.10, mask4 ratio: 0.87
2026-01-22 18:46:20,758 - root - INFO - mask1 ratio: 0.01, mask2 ratio: 0.03, mask3 ratio: 0.10, mask4 ratio: 0.86
2026-01-22 18:46:20,973 - root - INFO - mask1 ratio: 0.01, mask2 ratio: 0.05, mask3 ratio: 0.10, mask4 ratio: 0.84
2026-01-22 18:46:21,187 - root - INFO - mask1 ratio: 0.01, mask2 ratio: 0.00, mask3 ratio: 0.10, mask4 ratio: 0.88
2026-01-22 18:46:21,402 - root - INFO - mask1 ratio: 0.01, mask2 ratio: 0.00, mask3 ratio: 0.10, mask4 ratio: 0.88
2026-01-22 18:46:21,615 - root - INFO - mask1 ratio: 0.01, mask2 ratio: 0.04, mask3 ratio: 0.10, mask4 ratio: 0.85
2026-01-22 18:46:21,846 - root - INFO - mask1 ratio: 0.01, mask2 ratio: 0.04, mask3 ratio: 0.10, mask4 ratio: 0.85
2026-01-22 18:46:22,063 - root - INFO - mask1 ratio: 0.01, mask2 ratio: 0.03, mask3 ratio: 0.10, mask4 ratio: 0.86
2026-01-22 18:46:22,278 - root - INFO - mask1 ratio: 0.01, mask2 ratio: 0.04, mask3 ratio: 0.10, mask4 ratio: 0.85
2026-01-22 18:46:22,495 - root - INFO - mask1 ratio: 0.02, mask2 ratio: 0.10, mask3 ratio: 0.10, mask4 ratio: 0.78
2026-01-22 18:46:22,709 - root - INFO - mask1 ratio: 0.01, mask2 ratio: 0.07, mask3 ratio: 0.10, mask4 ratio: 0.81
2026-01-22 18:46:22,922 - root - INFO - mask1 ratio: 0.01, mask2 ratio: 0.03, mask3 ratio: 0.10, mask4 ratio: 0.87
2026-01-22 18:46:23,134 - root - INFO - mask1 ratio: 0.00, mask2 ratio: 0.03, mask3 ratio: 0.10, mask4 ratio: 0.87
2026-01-22 18:46:23,391 - root - INFO - mask1 ratio: 0.03, mask2 ratio: 0.19, mask3 ratio: 0.10, mask4 ratio: 0.69
2026-01-22 18:46:23,607 - root - INFO - mask1 ratio: 0.02, mask2 ratio: 0.17, mask3 ratio: 0.10, mask4 ratio: 0.71
2026-01-22 18:46:23,822 - root - INFO - mask1 ratio: 0.00, mask2 ratio: 0.04, mask3 ratio: 0.10, mask4 ratio: 0.85
2026-01-22 18:46:24,037 - root - INFO - mask1 ratio: 0.01, mask2 ratio: 0.07, mask3 ratio: 0.10, mask4 ratio: 0.82
2026-01-22 18:46:24,252 - root - INFO - mask1 ratio: 0.01, mask2 ratio: 0.04, mask3 ratio: 0.10, mask4 ratio: 0.85
2026-01-22 18:46:24,469 - root - INFO - mask1 ratio: 0.02, mask2 ratio: 0.14, mask3 ratio: 0.10, mask4 ratio: 0.74
2026-01-22 18:46:24,685 - root - INFO - mask1 ratio: 0.01, mask2 ratio: 0.03, mask3 ratio: 0.10, mask4 ratio: 0.86
2026-01-22 18:46:24,925 - root - INFO - mask1 ratio: 0.01, mask2 ratio: 0.02, mask3 ratio: 0.10, mask4 ratio: 0.88
2026-01-22 18:46:25,138 - root - INFO - mask1 ratio: 0.01, mask2 ratio: 0.02, mask3 ratio: 0.10, mask4 ratio: 0.88
2026-01-22 18:46:25,351 - root - INFO - mask1 ratio: 0.01, mask2 ratio: 0.03, mask3 ratio: 0.10, mask4 ratio: 0.86
2026-01-22 18:46:25,566 - root - INFO - mask1 ratio: 0.01, mask2 ratio: 0.02, mask3 ratio: 0.10, mask4 ratio: 0.88
2026-01-22 18:46:25,781 - root - INFO - mask1 ratio: 0.01, mask2 ratio: 0.02, mask3 ratio: 0.10, mask4 ratio: 0.87
2026-01-22 18:46:25,995 - root - INFO - mask1 ratio: 0.01, mask2 ratio: 0.04, mask3 ratio: 0.10, mask4 ratio: 0.85
2026-01-22 18:46:26,209 - root - INFO - mask1 ratio: 0.01, mask2 ratio: 0.04, mask3 ratio: 0.10, mask4 ratio: 0.85
2026-01-22 18:46:26,462 - root - INFO - mask1 ratio: 0.01, mask2 ratio: 0.06, mask3 ratio: 0.10, mask4 ratio: 0.83
2026-01-22 18:46:26,678 - root - INFO - mask1 ratio: 0.02, mask2 ratio: 0.09, mask3 ratio: 0.10, mask4 ratio: 0.79
2026-01-22 18:46:26,892 - root - INFO - mask1 ratio: 0.00, mask2 ratio: 0.03, mask3 ratio: 0.10, mask4 ratio: 0.87
2026-01-22 18:46:27,107 - root - INFO - mask1 ratio: 0.01, mask2 ratio: 0.03, mask3 ratio: 0.10, mask4 ratio: 0.86
2026-01-22 18:46:27,338 - root - INFO - mask1 ratio: 0.01, mask2 ratio: 0.04, mask3 ratio: 0.10, mask4 ratio: 0.85
2026-01-22 18:46:27,562 - root - INFO - mask1 ratio: 0.01, mask2 ratio: 0.12, mask3 ratio: 0.10, mask4 ratio: 0.77
2026-01-22 18:46:27,776 - root - INFO - mask1 ratio: 0.01, mask2 ratio: 0.02, mask3 ratio: 0.10, mask4 ratio: 0.87
2026-01-22 18:46:28,014 - root - INFO - mask1 ratio: 0.01, mask2 ratio: 0.07, mask3 ratio: 0.10, mask4 ratio: 0.82
2026-01-22 18:46:28,042 - root - INFO - time 14.22
2026-01-22 18:46:30,577 - root - INFO - 9 self_attn.q_proj
2026-01-22 18:46:30,577 - root - INFO - Quantizing ...
2026-01-22 18:46:30,972 - root - INFO - mask1 ratio: 0.00, mask2 ratio: 0.03, mask3 ratio: 0.10, mask4 ratio: 0.87
2026-01-22 18:46:31,188 - root - INFO - mask1 ratio: 0.00, mask2 ratio: 0.02, mask3 ratio: 0.10, mask4 ratio: 0.88
2026-01-22 18:46:31,402 - root - INFO - mask1 ratio: 0.00, mask2 ratio: 0.03, mask3 ratio: 0.10, mask4 ratio: 0.87
2026-01-22 18:46:31,657 - root - INFO - mask1 ratio: 0.00, mask2 ratio: 0.03, mask3 ratio: 0.10, mask4 ratio: 0.87
2026-01-22 18:46:31,873 - root - INFO - mask1 ratio: 0.00, mask2 ratio: 0.03, mask3 ratio: 0.10, mask4 ratio: 0.87
2026-01-22 18:46:32,087 - root - INFO - mask1 ratio: 0.00, mask2 ratio: 0.04, mask3 ratio: 0.10, mask4 ratio: 0.86
2026-01-22 18:46:32,302 - root - INFO - mask1 ratio: 0.00, mask2 ratio: 0.04, mask3 ratio: 0.10, mask4 ratio: 0.86
2026-01-22 18:46:32,516 - root - INFO - mask1 ratio: 0.00, mask2 ratio: 0.02, mask3 ratio: 0.10, mask4 ratio: 0.88
2026-01-22 18:46:32,730 - root - INFO - mask1 ratio: 0.01, mask2 ratio: 0.04, mask3 ratio: 0.10, mask4 ratio: 0.85
2026-01-22 18:46:32,945 - root - INFO - mask1 ratio: 0.01, mask2 ratio: 0.06, mask3 ratio: 0.10, mask4 ratio: 0.83
2026-01-22 18:46:33,187 - root - INFO - mask1 ratio: 0.00, mask2 ratio: 0.04, mask3 ratio: 0.10, mask4 ratio: 0.85
2026-01-22 18:46:33,400 - root - INFO - mask1 ratio: 0.00, mask2 ratio: 0.02, mask3 ratio: 0.10, mask4 ratio: 0.88
2026-01-22 18:46:33,614 - root - INFO - mask1 ratio: 0.00, mask2 ratio: 0.02, mask3 ratio: 0.10, mask4 ratio: 0.88
2026-01-22 18:46:33,829 - root - INFO - mask1 ratio: 0.00, mask2 ratio: 0.03, mask3 ratio: 0.10, mask4 ratio: 0.87
2026-01-22 18:46:34,045 - root - INFO - mask1 ratio: 0.00, mask2 ratio: 0.02, mask3 ratio: 0.10, mask4 ratio: 0.88
2026-01-22 18:46:34,258 - root - INFO - mask1 ratio: 0.00, mask2 ratio: 0.03, mask3 ratio: 0.10, mask4 ratio: 0.87
2026-01-22 18:46:34,471 - root - INFO - mask1 ratio: 0.00, mask2 ratio: 0.02, mask3 ratio: 0.10, mask4 ratio: 0.88
2026-01-22 18:46:34,722 - root - INFO - mask1 ratio: 0.00, mask2 ratio: 0.03, mask3 ratio: 0.10, mask4 ratio: 0.86
2026-01-22 18:46:34,937 - root - INFO - mask1 ratio: 0.00, mask2 ratio: 0.03, mask3 ratio: 0.10, mask4 ratio: 0.87
2026-01-22 18:46:35,150 - root - INFO - mask1 ratio: 0.00, mask2 ratio: 0.03, mask3 ratio: 0.10, mask4 ratio: 0.87
2026-01-22 18:46:35,364 - root - INFO - mask1 ratio: 0.00, mask2 ratio: 0.02, mask3 ratio: 0.10, mask4 ratio: 0.88
2026-01-22 18:46:35,578 - root - INFO - mask1 ratio: 0.00, mask2 ratio: 0.04, mask3 ratio: 0.10, mask4 ratio: 0.86
2026-01-22 18:46:35,793 - root - INFO - mask1 ratio: 0.00, mask2 ratio: 0.02, mask3 ratio: 0.10, mask4 ratio: 0.88
2026-01-22 18:46:36,008 - root - INFO - mask1 ratio: 0.00, mask2 ratio: 0.03, mask3 ratio: 0.10, mask4 ratio: 0.86
2026-01-22 18:46:36,035 - root - INFO - time 5.46
2026-01-22 18:46:36,045 - root - INFO - 9 self_attn.k_proj
2026-01-22 18:46:36,045 - root - INFO - Quantizing ...
2026-01-22 18:46:36,253 - root - INFO - mask1 ratio: 0.00, mask2 ratio: 0.02, mask3 ratio: 0.10, mask4 ratio: 0.88
2026-01-22 18:46:36,450 - root - INFO - mask1 ratio: 0.00, mask2 ratio: 0.02, mask3 ratio: 0.10, mask4 ratio: 0.88
2026-01-22 18:46:36,647 - root - INFO - mask1 ratio: 0.00, mask2 ratio: 0.02, mask3 ratio: 0.10, mask4 ratio: 0.88
2026-01-22 18:46:36,846 - root - INFO - mask1 ratio: 0.01, mask2 ratio: 0.03, mask3 ratio: 0.10, mask4 ratio: 0.86
2026-01-22 18:46:37,045 - root - INFO - mask1 ratio: 0.01, mask2 ratio: 0.04, mask3 ratio: 0.10, mask4 ratio: 0.85
2026-01-22 18:46:37,243 - root - INFO - mask1 ratio: 0.00, mask2 ratio: 0.03, mask3 ratio: 0.10, mask4 ratio: 0.87
2026-01-22 18:46:37,441 - root - INFO - mask1 ratio: 0.00, mask2 ratio: 0.04, mask3 ratio: 0.10, mask4 ratio: 0.86
2026-01-22 18:46:37,640 - root - INFO - mask1 ratio: 0.00, mask2 ratio: 0.02, mask3 ratio: 0.10, mask4 ratio: 0.88
2026-01-22 18:46:37,878 - root - INFO - mask1 ratio: 0.01, mask2 ratio: 0.06, mask3 ratio: 0.10, mask4 ratio: 0.83
2026-01-22 18:46:38,078 - root - INFO - mask1 ratio: 0.00, mask2 ratio: 0.03, mask3 ratio: 0.10, mask4 ratio: 0.87
2026-01-22 18:46:38,281 - root - INFO - mask1 ratio: 0.00, mask2 ratio: 0.03, mask3 ratio: 0.10, mask4 ratio: 0.87
2026-01-22 18:46:38,480 - root - INFO - mask1 ratio: 0.00, mask2 ratio: 0.03, mask3 ratio: 0.10, mask4 ratio: 0.86
2026-01-22 18:46:38,679 - root - INFO - mask1 ratio: 0.00, mask2 ratio: 0.03, mask3 ratio: 0.10, mask4 ratio: 0.87
2026-01-22 18:46:38,878 - root - INFO - mask1 ratio: 0.01, mask2 ratio: 0.04, mask3 ratio: 0.10, mask4 ratio: 0.85
2026-01-22 18:46:39,077 - root - INFO - mask1 ratio: 0.00, mask2 ratio: 0.02, mask3 ratio: 0.10, mask4 ratio: 0.88
2026-01-22 18:46:39,277 - root - INFO - mask1 ratio: 0.00, mask2 ratio: 0.03, mask3 ratio: 0.10, mask4 ratio: 0.87
2026-01-22 18:46:39,503 - root - INFO - mask1 ratio: 0.00, mask2 ratio: 0.02, mask3 ratio: 0.10, mask4 ratio: 0.88
2026-01-22 18:46:39,700 - root - INFO - mask1 ratio: 0.00, mask2 ratio: 0.03, mask3 ratio: 0.10, mask4 ratio: 0.87
2026-01-22 18:46:39,900 - root - INFO - mask1 ratio: 0.00, mask2 ratio: 0.03, mask3 ratio: 0.10, mask4 ratio: 0.87
2026-01-22 18:46:40,098 - root - INFO - mask1 ratio: 0.01, mask2 ratio: 0.04, mask3 ratio: 0.10, mask4 ratio: 0.85
2026-01-22 18:46:40,298 - root - INFO - mask1 ratio: 0.00, mask2 ratio: 0.02, mask3 ratio: 0.10, mask4 ratio: 0.88
2026-01-22 18:46:40,496 - root - INFO - mask1 ratio: 0.00, mask2 ratio: 0.03, mask3 ratio: 0.10, mask4 ratio: 0.87
2026-01-22 18:46:40,693 - root - INFO - mask1 ratio: 0.00, mask2 ratio: 0.02, mask3 ratio: 0.10, mask4 ratio: 0.88
2026-01-22 18:46:40,892 - root - INFO - mask1 ratio: 0.01, mask2 ratio: 0.04, mask3 ratio: 0.10, mask4 ratio: 0.85
2026-01-22 18:46:40,920 - root - INFO - time 4.87
2026-01-22 18:46:40,923 - root - INFO - 9 self_attn.v_proj
2026-01-22 18:46:40,923 - root - INFO - Quantizing ...
2026-01-22 18:46:41,142 - root - INFO - mask1 ratio: 0.03, mask2 ratio: 0.25, mask3 ratio: 0.10, mask4 ratio: 0.63
2026-01-22 18:46:41,341 - root - INFO - mask1 ratio: 0.01, mask2 ratio: 0.05, mask3 ratio: 0.10, mask4 ratio: 0.85
2026-01-22 18:46:41,542 - root - INFO - mask1 ratio: 0.02, mask2 ratio: 0.11, mask3 ratio: 0.10, mask4 ratio: 0.77
2026-01-22 18:46:41,741 - root - INFO - mask1 ratio: 0.01, mask2 ratio: 0.05, mask3 ratio: 0.10, mask4 ratio: 0.85
2026-01-22 18:46:41,941 - root - INFO - mask1 ratio: 0.02, mask2 ratio: 0.12, mask3 ratio: 0.10, mask4 ratio: 0.77
2026-01-22 18:46:42,142 - root - INFO - mask1 ratio: 0.03, mask2 ratio: 0.26, mask3 ratio: 0.10, mask4 ratio: 0.61
2026-01-22 18:46:42,342 - root - INFO - mask1 ratio: 0.01, mask2 ratio: 0.08, mask3 ratio: 0.10, mask4 ratio: 0.81
2026-01-22 18:46:42,572 - root - INFO - mask1 ratio: 0.01, mask2 ratio: 0.04, mask3 ratio: 0.10, mask4 ratio: 0.85
2026-01-22 18:46:42,772 - root - INFO - mask1 ratio: 0.04, mask2 ratio: 0.34, mask3 ratio: 0.10, mask4 ratio: 0.52
2026-01-22 18:46:42,989 - root - INFO - mask1 ratio: 0.02, mask2 ratio: 0.18, mask3 ratio: 0.10, mask4 ratio: 0.70
2026-01-22 18:46:43,206 - root - INFO - mask1 ratio: 0.03, mask2 ratio: 0.25, mask3 ratio: 0.10, mask4 ratio: 0.63
2026-01-22 18:46:43,405 - root - INFO - mask1 ratio: 0.04, mask2 ratio: 0.34, mask3 ratio: 0.10, mask4 ratio: 0.52
2026-01-22 18:46:43,602 - root - INFO - mask1 ratio: 0.03, mask2 ratio: 0.23, mask3 ratio: 0.10, mask4 ratio: 0.64
2026-01-22 18:46:43,800 - root - INFO - mask1 ratio: 0.02, mask2 ratio: 0.09, mask3 ratio: 0.10, mask4 ratio: 0.79
2026-01-22 18:46:43,997 - root - INFO - mask1 ratio: 0.01, mask2 ratio: 0.03, mask3 ratio: 0.10, mask4 ratio: 0.86
2026-01-22 18:46:44,236 - root - INFO - mask1 ratio: 0.01, mask2 ratio: 0.04, mask3 ratio: 0.10, mask4 ratio: 0.85
2026-01-22 18:46:44,434 - root - INFO - mask1 ratio: 0.02, mask2 ratio: 0.10, mask3 ratio: 0.10, mask4 ratio: 0.78
2026-01-22 18:46:44,633 - root - INFO - mask1 ratio: 0.02, mask2 ratio: 0.22, mask3 ratio: 0.10, mask4 ratio: 0.66
2026-01-22 18:46:44,830 - root - INFO - mask1 ratio: 0.01, mask2 ratio: 0.13, mask3 ratio: 0.10, mask4 ratio: 0.75
2026-01-22 18:46:45,028 - root - INFO - mask1 ratio: 0.02, mask2 ratio: 0.10, mask3 ratio: 0.10, mask4 ratio: 0.78
2026-01-22 18:46:45,227 - root - INFO - mask1 ratio: 0.01, mask2 ratio: 0.08, mask3 ratio: 0.10, mask4 ratio: 0.81
2026-01-22 18:46:45,424 - root - INFO - mask1 ratio: 0.01, mask2 ratio: 0.10, mask3 ratio: 0.10, mask4 ratio: 0.78
2026-01-22 18:46:45,622 - root - INFO - mask1 ratio: 0.00, mask2 ratio: 0.03, mask3 ratio: 0.10, mask4 ratio: 0.87
2026-01-22 18:46:45,846 - root - INFO - mask1 ratio: 0.01, mask2 ratio: 0.09, mask3 ratio: 0.10, mask4 ratio: 0.80
2026-01-22 18:46:45,872 - root - INFO - time 4.95
2026-01-22 18:46:45,876 - root - INFO - 9 self_attn.o_proj
2026-01-22 18:46:45,876 - root - INFO - Quantizing ...
2026-01-22 18:46:46,073 - root - INFO - mask1 ratio: 0.01, mask2 ratio: 0.03, mask3 ratio: 0.10, mask4 ratio: 0.87
2026-01-22 18:46:46,287 - root - INFO - mask1 ratio: 0.01, mask2 ratio: 0.02, mask3 ratio: 0.10, mask4 ratio: 0.87
2026-01-22 18:46:46,500 - root - INFO - mask1 ratio: 0.01, mask2 ratio: 0.02, mask3 ratio: 0.10, mask4 ratio: 0.87
2026-01-22 18:46:46,715 - root - INFO - mask1 ratio: 0.03, mask2 ratio: 0.15, mask3 ratio: 0.10, mask4 ratio: 0.73
2026-01-22 18:46:46,928 - root - INFO - mask1 ratio: 0.01, mask2 ratio: 0.02, mask3 ratio: 0.11, mask4 ratio: 0.87
2026-01-22 18:46:47,143 - root - INFO - mask1 ratio: 0.01, mask2 ratio: 0.05, mask3 ratio: 0.10, mask4 ratio: 0.84
2026-01-22 18:46:47,395 - root - INFO - mask1 ratio: 0.01, mask2 ratio: 0.03, mask3 ratio: 0.10, mask4 ratio: 0.86
2026-01-22 18:46:47,610 - root - INFO - mask1 ratio: 0.01, mask2 ratio: 0.03, mask3 ratio: 0.10, mask4 ratio: 0.87
2026-01-22 18:46:47,825 - root - INFO - mask1 ratio: 0.01, mask2 ratio: 0.02, mask3 ratio: 0.10, mask4 ratio: 0.87
2026-01-22 18:46:48,040 - root - INFO - mask1 ratio: 0.01, mask2 ratio: 0.03, mask3 ratio: 0.10, mask4 ratio: 0.86
2026-01-22 18:46:48,256 - root - INFO - mask1 ratio: 0.01, mask2 ratio: 0.03, mask3 ratio: 0.10, mask4 ratio: 0.87
2026-01-22 18:46:48,472 - root - INFO - mask1 ratio: 0.01, mask2 ratio: 0.03, mask3 ratio: 0.10, mask4 ratio: 0.86
2026-01-22 18:46:48,687 - root - INFO - mask1 ratio: 0.01, mask2 ratio: 0.02, mask3 ratio: 0.10, mask4 ratio: 0.88
2026-01-22 18:46:48,918 - root - INFO - mask1 ratio: 0.02, mask2 ratio: 0.15, mask3 ratio: 0.10, mask4 ratio: 0.74
2026-01-22 18:46:49,132 - root - INFO - mask1 ratio: 0.00, mask2 ratio: 0.03, mask3 ratio: 0.10, mask4 ratio: 0.87
2026-01-22 18:46:49,348 - root - INFO - mask1 ratio: 0.01, mask2 ratio: 0.03, mask3 ratio: 0.10, mask4 ratio: 0.86
2026-01-22 18:46:49,560 - root - INFO - mask1 ratio: 0.01, mask2 ratio: 0.02, mask3 ratio: 0.10, mask4 ratio: 0.87
2026-01-22 18:46:49,774 - root - INFO - mask1 ratio: 0.01, mask2 ratio: 0.06, mask3 ratio: 0.10, mask4 ratio: 0.84
2026-01-22 18:46:50,000 - root - INFO - mask1 ratio: 0.02, mask2 ratio: 0.08, mask3 ratio: 0.10, mask4 ratio: 0.81
2026-01-22 18:46:50,254 - root - INFO - mask1 ratio: 0.01, mask2 ratio: 0.02, mask3 ratio: 0.10, mask4 ratio: 0.88
2026-01-22 18:46:50,469 - root - INFO - mask1 ratio: 0.01, mask2 ratio: 0.06, mask3 ratio: 0.10, mask4 ratio: 0.83
2026-01-22 18:46:50,685 - root - INFO - mask1 ratio: 0.01, mask2 ratio: 0.12, mask3 ratio: 0.10, mask4 ratio: 0.77
2026-01-22 18:46:50,899 - root - INFO - mask1 ratio: 0.01, mask2 ratio: 0.12, mask3 ratio: 0.10, mask4 ratio: 0.77
2026-01-22 18:46:51,112 - root - INFO - mask1 ratio: 0.01, mask2 ratio: 0.03, mask3 ratio: 0.10, mask4 ratio: 0.87
2026-01-22 18:46:51,138 - root - INFO - time 5.26
2026-01-22 18:46:51,142 - root - INFO - 9 mlp.gate_proj
2026-01-22 18:46:51,142 - root - INFO - Quantizing ...
2026-01-22 18:46:51,389 - root - INFO - mask1 ratio: 0.04, mask2 ratio: 0.34, mask3 ratio: 0.10, mask4 ratio: 0.52
2026-01-22 18:46:51,676 - root - INFO - mask1 ratio: 0.01, mask2 ratio: 0.03, mask3 ratio: 0.10, mask4 ratio: 0.86
2026-01-22 18:46:51,940 - root - INFO - mask1 ratio: 0.00, mask2 ratio: 0.03, mask3 ratio: 0.10, mask4 ratio: 0.87
2026-01-22 18:46:52,202 - root - INFO - mask1 ratio: 0.01, mask2 ratio: 0.05, mask3 ratio: 0.10, mask4 ratio: 0.85
2026-01-22 18:46:52,462 - root - INFO - mask1 ratio: 0.00, mask2 ratio: 0.02, mask3 ratio: 0.10, mask4 ratio: 0.88
2026-01-22 18:46:52,723 - root - INFO - mask1 ratio: 0.01, mask2 ratio: 0.03, mask3 ratio: 0.10, mask4 ratio: 0.86
2026-01-22 18:46:52,991 - root - INFO - mask1 ratio: 0.01, mask2 ratio: 0.04, mask3 ratio: 0.10, mask4 ratio: 0.85
2026-01-22 18:46:53,289 - root - INFO - mask1 ratio: 0.01, mask2 ratio: 0.06, mask3 ratio: 0.10, mask4 ratio: 0.83
2026-01-22 18:46:53,562 - root - INFO - mask1 ratio: 0.01, mask2 ratio: 0.03, mask3 ratio: 0.10, mask4 ratio: 0.86
2026-01-22 18:46:53,833 - root - INFO - mask1 ratio: 0.00, mask2 ratio: 0.03, mask3 ratio: 0.10, mask4 ratio: 0.87
2026-01-22 18:46:54,115 - root - INFO - mask1 ratio: 0.00, mask2 ratio: 0.03, mask3 ratio: 0.10, mask4 ratio: 0.87
2026-01-22 18:46:54,387 - root - INFO - mask1 ratio: 0.02, mask2 ratio: 0.14, mask3 ratio: 0.10, mask4 ratio: 0.74
2026-01-22 18:46:54,679 - root - INFO - mask1 ratio: 0.00, mask2 ratio: 0.03, mask3 ratio: 0.10, mask4 ratio: 0.87
2026-01-22 18:46:54,968 - root - INFO - mask1 ratio: 0.01, mask2 ratio: 0.03, mask3 ratio: 0.10, mask4 ratio: 0.86
2026-01-22 18:46:55,242 - root - INFO - mask1 ratio: 0.00, mask2 ratio: 0.04, mask3 ratio: 0.10, mask4 ratio: 0.85
2026-01-22 18:46:55,529 - root - INFO - mask1 ratio: 0.00, mask2 ratio: 0.04, mask3 ratio: 0.10, mask4 ratio: 0.86
2026-01-22 18:46:55,796 - root - INFO - mask1 ratio: 0.01, mask2 ratio: 0.03, mask3 ratio: 0.10, mask4 ratio: 0.86
2026-01-22 18:46:56,101 - root - INFO - mask1 ratio: 0.00, mask2 ratio: 0.03, mask3 ratio: 0.10, mask4 ratio: 0.87
2026-01-22 18:46:56,366 - root - INFO - mask1 ratio: 0.01, mask2 ratio: 0.03, mask3 ratio: 0.10, mask4 ratio: 0.86
2026-01-22 18:46:56,637 - root - INFO - mask1 ratio: 0.01, mask2 ratio: 0.08, mask3 ratio: 0.10, mask4 ratio: 0.81
2026-01-22 18:46:56,915 - root - INFO - mask1 ratio: 0.01, mask2 ratio: 0.04, mask3 ratio: 0.10, mask4 ratio: 0.85
2026-01-22 18:46:57,185 - root - INFO - mask1 ratio: 0.01, mask2 ratio: 0.10, mask3 ratio: 0.10, mask4 ratio: 0.78
2026-01-22 18:46:57,478 - root - INFO - mask1 ratio: 0.01, mask2 ratio: 0.07, mask3 ratio: 0.10, mask4 ratio: 0.82
2026-01-22 18:46:57,746 - root - INFO - mask1 ratio: 0.01, mask2 ratio: 0.02, mask3 ratio: 0.10, mask4 ratio: 0.88
2026-01-22 18:46:57,778 - root - INFO - time 6.63
2026-01-22 18:46:57,785 - root - INFO - 9 mlp.up_proj
2026-01-22 18:46:57,785 - root - INFO - Quantizing ...
2026-01-22 18:46:58,036 - root - INFO - mask1 ratio: 0.04, mask2 ratio: 0.34, mask3 ratio: 0.10, mask4 ratio: 0.52
2026-01-22 18:46:58,299 - root - INFO - mask1 ratio: 0.04, mask2 ratio: 0.34, mask3 ratio: 0.10, mask4 ratio: 0.52
2026-01-22 18:46:58,581 - root - INFO - mask1 ratio: 0.04, mask2 ratio: 0.34, mask3 ratio: 0.10, mask4 ratio: 0.52
2026-01-22 18:46:58,909 - root - INFO - mask1 ratio: 0.04, mask2 ratio: 0.34, mask3 ratio: 0.10, mask4 ratio: 0.52
2026-01-22 18:46:59,184 - root - INFO - mask1 ratio: 0.04, mask2 ratio: 0.34, mask3 ratio: 0.10, mask4 ratio: 0.52
2026-01-22 18:46:59,473 - root - INFO - mask1 ratio: 0.05, mask2 ratio: 0.34, mask3 ratio: 0.10, mask4 ratio: 0.52
2026-01-22 18:46:59,741 - root - INFO - mask1 ratio: 0.01, mask2 ratio: 0.10, mask3 ratio: 0.10, mask4 ratio: 0.79
2026-01-22 18:47:00,043 - root - INFO - mask1 ratio: 0.02, mask2 ratio: 0.10, mask3 ratio: 0.10, mask4 ratio: 0.78
2026-01-22 18:47:00,328 - root - INFO - mask1 ratio: 0.04, mask2 ratio: 0.34, mask3 ratio: 0.10, mask4 ratio: 0.52
2026-01-22 18:47:00,597 - root - INFO - mask1 ratio: 0.01, mask2 ratio: 0.06, mask3 ratio: 0.10, mask4 ratio: 0.83
2026-01-22 18:47:00,861 - root - INFO - mask1 ratio: 0.01, mask2 ratio: 0.03, mask3 ratio: 0.10, mask4 ratio: 0.86
2026-01-22 18:47:01,122 - root - INFO - mask1 ratio: 0.01, mask2 ratio: 0.03, mask3 ratio: 0.10, mask4 ratio: 0.86
2026-01-22 18:47:01,425 - root - INFO - mask1 ratio: 0.00, mask2 ratio: 0.03, mask3 ratio: 0.10, mask4 ratio: 0.87
2026-01-22 18:47:01,690 - root - INFO - mask1 ratio: 0.02, mask2 ratio: 0.07, mask3 ratio: 0.10, mask4 ratio: 0.81
2026-01-22 18:47:01,951 - root - INFO - mask1 ratio: 0.01, mask2 ratio: 0.03, mask3 ratio: 0.10, mask4 ratio: 0.86
2026-01-22 18:47:02,211 - root - INFO - mask1 ratio: 0.01, mask2 ratio: 0.06, mask3 ratio: 0.10, mask4 ratio: 0.83
2026-01-22 18:47:02,474 - root - INFO - mask1 ratio: 0.04, mask2 ratio: 0.31, mask3 ratio: 0.10, mask4 ratio: 0.55
2026-01-22 18:47:02,738 - root - INFO - mask1 ratio: 0.00, mask2 ratio: 0.03, mask3 ratio: 0.10, mask4 ratio: 0.87
2026-01-22 18:47:03,026 - root - INFO - mask1 ratio: 0.00, mask2 ratio: 0.03, mask3 ratio: 0.10, mask4 ratio: 0.87
2026-01-22 18:47:03,287 - root - INFO - mask1 ratio: 0.02, mask2 ratio: 0.07, mask3 ratio: 0.10, mask4 ratio: 0.81
2026-01-22 18:47:03,546 - root - INFO - mask1 ratio: 0.00, mask2 ratio: 0.04, mask3 ratio: 0.10, mask4 ratio: 0.86
2026-01-22 18:47:03,810 - root - INFO - mask1 ratio: 0.01, mask2 ratio: 0.04, mask3 ratio: 0.10, mask4 ratio: 0.85
2026-01-22 18:47:04,071 - root - INFO - mask1 ratio: 0.00, mask2 ratio: 0.03, mask3 ratio: 0.10, mask4 ratio: 0.87
2026-01-22 18:47:04,371 - root - INFO - mask1 ratio: 0.00, mask2 ratio: 0.02, mask3 ratio: 0.10, mask4 ratio: 0.88
2026-01-22 18:47:04,401 - root - INFO - time 6.61
2026-01-22 18:47:04,409 - root - INFO - 9 mlp.down_proj
2026-01-22 18:47:04,409 - root - INFO - Quantizing ...
2026-01-22 18:47:04,662 - root - INFO - mask1 ratio: 0.01, mask2 ratio: 0.06, mask3 ratio: 0.10, mask4 ratio: 0.82
2026-01-22 18:47:04,878 - root - INFO - mask1 ratio: 0.03, mask2 ratio: 0.21, mask3 ratio: 0.10, mask4 ratio: 0.66
2026-01-22 18:47:05,093 - root - INFO - mask1 ratio: 0.01, mask2 ratio: 0.04, mask3 ratio: 0.10, mask4 ratio: 0.85
2026-01-22 18:47:05,308 - root - INFO - mask1 ratio: 0.02, mask2 ratio: 0.14, mask3 ratio: 0.10, mask4 ratio: 0.74
2026-01-22 18:47:05,523 - root - INFO - mask1 ratio: 0.02, mask2 ratio: 0.06, mask3 ratio: 0.10, mask4 ratio: 0.82
2026-01-22 18:47:05,766 - root - INFO - mask1 ratio: 0.02, mask2 ratio: 0.06, mask3 ratio: 0.10, mask4 ratio: 0.82
2026-01-22 18:47:05,981 - root - INFO - mask1 ratio: 0.01, mask2 ratio: 0.04, mask3 ratio: 0.10, mask4 ratio: 0.85
2026-01-22 18:47:06,196 - root - INFO - mask1 ratio: 0.02, mask2 ratio: 0.16, mask3 ratio: 0.10, mask4 ratio: 0.71
2026-01-22 18:47:06,409 - root - INFO - mask1 ratio: 0.01, mask2 ratio: 0.06, mask3 ratio: 0.10, mask4 ratio: 0.83
2026-01-22 18:47:06,624 - root - INFO - mask1 ratio: 0.01, mask2 ratio: 0.02, mask3 ratio: 0.10, mask4 ratio: 0.87
2026-01-22 18:47:06,839 - root - INFO - mask1 ratio: 0.01, mask2 ratio: 0.04, mask3 ratio: 0.10, mask4 ratio: 0.85
2026-01-22 18:47:07,053 - root - INFO - mask1 ratio: 0.01, mask2 ratio: 0.02, mask3 ratio: 0.10, mask4 ratio: 0.88
2026-01-22 18:47:07,306 - root - INFO - mask1 ratio: 0.01, mask2 ratio: 0.13, mask3 ratio: 0.10, mask4 ratio: 0.76
2026-01-22 18:47:07,523 - root - INFO - mask1 ratio: 0.02, mask2 ratio: 0.07, mask3 ratio: 0.10, mask4 ratio: 0.81
2026-01-22 18:47:07,741 - root - INFO - mask1 ratio: 0.03, mask2 ratio: 0.19, mask3 ratio: 0.10, mask4 ratio: 0.68
2026-01-22 18:47:07,957 - root - INFO - mask1 ratio: 0.01, mask2 ratio: 0.04, mask3 ratio: 0.10, mask4 ratio: 0.85
2026-01-22 18:47:08,173 - root - INFO - mask1 ratio: 0.02, mask2 ratio: 0.12, mask3 ratio: 0.10, mask4 ratio: 0.75
2026-01-22 18:47:08,388 - root - INFO - mask1 ratio: 0.02, mask2 ratio: 0.05, mask3 ratio: 0.10, mask4 ratio: 0.83
2026-01-22 18:47:08,603 - root - INFO - mask1 ratio: 0.00, mask2 ratio: 0.03, mask3 ratio: 0.10, mask4 ratio: 0.87
2026-01-22 18:47:08,844 - root - INFO - mask1 ratio: 0.01, mask2 ratio: 0.03, mask3 ratio: 0.10, mask4 ratio: 0.86
2026-01-22 18:47:09,058 - root - INFO - mask1 ratio: 0.00, mask2 ratio: 0.02, mask3 ratio: 0.10, mask4 ratio: 0.88
2026-01-22 18:47:09,272 - root - INFO - mask1 ratio: 0.01, mask2 ratio: 0.02, mask3 ratio: 0.10, mask4 ratio: 0.88
2026-01-22 18:47:09,487 - root - INFO - mask1 ratio: 0.02, mask2 ratio: 0.11, mask3 ratio: 0.10, mask4 ratio: 0.77
2026-01-22 18:47:09,704 - root - INFO - mask1 ratio: 0.01, mask2 ratio: 0.02, mask3 ratio: 0.10, mask4 ratio: 0.88
2026-01-22 18:47:09,918 - root - INFO - mask1 ratio: 0.01, mask2 ratio: 0.03, mask3 ratio: 0.10, mask4 ratio: 0.87
2026-01-22 18:47:10,133 - root - INFO - mask1 ratio: 0.01, mask2 ratio: 0.02, mask3 ratio: 0.10, mask4 ratio: 0.88
2026-01-22 18:47:10,385 - root - INFO - mask1 ratio: 0.01, mask2 ratio: 0.02, mask3 ratio: 0.10, mask4 ratio: 0.87
2026-01-22 18:47:10,600 - root - INFO - mask1 ratio: 0.03, mask2 ratio: 0.20, mask3 ratio: 0.10, mask4 ratio: 0.67
2026-01-22 18:47:10,815 - root - INFO - mask1 ratio: 0.01, mask2 ratio: 0.05, mask3 ratio: 0.10, mask4 ratio: 0.84
2026-01-22 18:47:11,032 - root - INFO - mask1 ratio: 0.02, mask2 ratio: 0.07, mask3 ratio: 0.10, mask4 ratio: 0.81
2026-01-22 18:47:11,246 - root - INFO - mask1 ratio: 0.01, mask2 ratio: 0.02, mask3 ratio: 0.10, mask4 ratio: 0.87
2026-01-22 18:47:11,462 - root - INFO - mask1 ratio: 0.02, mask2 ratio: 0.13, mask3 ratio: 0.10, mask4 ratio: 0.75
2026-01-22 18:47:11,677 - root - INFO - mask1 ratio: 0.01, mask2 ratio: 0.04, mask3 ratio: 0.10, mask4 ratio: 0.85
2026-01-22 18:47:11,919 - root - INFO - mask1 ratio: 0.01, mask2 ratio: 0.09, mask3 ratio: 0.10, mask4 ratio: 0.80
2026-01-22 18:47:12,132 - root - INFO - mask1 ratio: 0.01, mask2 ratio: 0.02, mask3 ratio: 0.10, mask4 ratio: 0.88
2026-01-22 18:47:12,347 - root - INFO - mask1 ratio: 0.01, mask2 ratio: 0.02, mask3 ratio: 0.10, mask4 ratio: 0.87
2026-01-22 18:47:12,562 - root - INFO - mask1 ratio: 0.01, mask2 ratio: 0.06, mask3 ratio: 0.10, mask4 ratio: 0.84
2026-01-22 18:47:12,779 - root - INFO - mask1 ratio: 0.03, mask2 ratio: 0.21, mask3 ratio: 0.10, mask4 ratio: 0.66
2026-01-22 18:47:12,968 - root - INFO - mask1 ratio: 0.02, mask2 ratio: 0.09, mask3 ratio: 0.10, mask4 ratio: 0.79
2026-01-22 18:47:13,173 - root - INFO - mask1 ratio: 0.01, mask2 ratio: 0.02, mask3 ratio: 0.10, mask4 ratio: 0.88
2026-01-22 18:47:13,388 - root - INFO - mask1 ratio: 0.01, mask2 ratio: 0.03, mask3 ratio: 0.10, mask4 ratio: 0.86
2026-01-22 18:47:13,646 - root - INFO - mask1 ratio: 0.01, mask2 ratio: 0.04, mask3 ratio: 0.10, mask4 ratio: 0.85
2026-01-22 18:47:13,869 - root - INFO - mask1 ratio: 0.01, mask2 ratio: 0.02, mask3 ratio: 0.10, mask4 ratio: 0.87
2026-01-22 18:47:14,090 - root - INFO - mask1 ratio: 0.02, mask2 ratio: 0.07, mask3 ratio: 0.10, mask4 ratio: 0.81
2026-01-22 18:47:14,305 - root - INFO - mask1 ratio: 0.01, mask2 ratio: 0.03, mask3 ratio: 0.10, mask4 ratio: 0.87
2026-01-22 18:47:14,520 - root - INFO - mask1 ratio: 0.03, mask2 ratio: 0.18, mask3 ratio: 0.10, mask4 ratio: 0.69
2026-01-22 18:47:14,757 - root - INFO - mask1 ratio: 0.01, mask2 ratio: 0.03, mask3 ratio: 0.10, mask4 ratio: 0.86
2026-01-22 18:47:14,973 - root - INFO - mask1 ratio: 0.02, mask2 ratio: 0.13, mask3 ratio: 0.10, mask4 ratio: 0.75
2026-01-22 18:47:15,208 - root - INFO - mask1 ratio: 0.01, mask2 ratio: 0.03, mask3 ratio: 0.10, mask4 ratio: 0.86
2026-01-22 18:47:15,423 - root - INFO - mask1 ratio: 0.02, mask2 ratio: 0.13, mask3 ratio: 0.10, mask4 ratio: 0.75
2026-01-22 18:47:15,637 - root - INFO - mask1 ratio: 0.01, mask2 ratio: 0.02, mask3 ratio: 0.10, mask4 ratio: 0.88
2026-01-22 18:47:15,851 - root - INFO - mask1 ratio: 0.01, mask2 ratio: 0.05, mask3 ratio: 0.10, mask4 ratio: 0.84
2026-01-22 18:47:16,065 - root - INFO - mask1 ratio: 0.01, mask2 ratio: 0.00, mask3 ratio: 0.10, mask4 ratio: 0.88
2026-01-22 18:47:16,279 - root - INFO - mask1 ratio: 0.01, mask2 ratio: 0.02, mask3 ratio: 0.10, mask4 ratio: 0.88
2026-01-22 18:47:16,512 - root - INFO - mask1 ratio: 0.02, mask2 ratio: 0.17, mask3 ratio: 0.10, mask4 ratio: 0.70
2026-01-22 18:47:16,741 - root - INFO - mask1 ratio: 0.01, mask2 ratio: 0.02, mask3 ratio: 0.10, mask4 ratio: 0.87
2026-01-22 18:47:16,955 - root - INFO - mask1 ratio: 0.00, mask2 ratio: 0.02, mask3 ratio: 0.10, mask4 ratio: 0.88
2026-01-22 18:47:17,171 - root - INFO - mask1 ratio: 0.01, mask2 ratio: 0.02, mask3 ratio: 0.10, mask4 ratio: 0.87
2026-01-22 18:47:17,385 - root - INFO - mask1 ratio: 0.01, mask2 ratio: 0.02, mask3 ratio: 0.10, mask4 ratio: 0.87
2026-01-22 18:47:17,605 - root - INFO - mask1 ratio: 0.01, mask2 ratio: 0.02, mask3 ratio: 0.10, mask4 ratio: 0.87
2026-01-22 18:47:17,820 - root - INFO - mask1 ratio: 0.01, mask2 ratio: 0.11, mask3 ratio: 0.10, mask4 ratio: 0.78
2026-01-22 18:47:18,061 - root - INFO - mask1 ratio: 0.01, mask2 ratio: 0.05, mask3 ratio: 0.10, mask4 ratio: 0.84
2026-01-22 18:47:18,277 - root - INFO - mask1 ratio: 0.02, mask2 ratio: 0.11, mask3 ratio: 0.10, mask4 ratio: 0.77
2026-01-22 18:47:18,489 - root - INFO - mask1 ratio: 0.01, mask2 ratio: 0.02, mask3 ratio: 0.10, mask4 ratio: 0.87
2026-01-22 18:47:18,515 - root - INFO - time 14.11
2026-01-22 18:47:21,054 - root - INFO - 10 self_attn.q_proj
2026-01-22 18:47:21,055 - root - INFO - Quantizing ...
2026-01-22 18:47:21,450 - root - INFO - mask1 ratio: 0.00, mask2 ratio: 0.02, mask3 ratio: 0.10, mask4 ratio: 0.88
2026-01-22 18:47:21,688 - root - INFO - mask1 ratio: 0.00, mask2 ratio: 0.02, mask3 ratio: 0.10, mask4 ratio: 0.88
2026-01-22 18:47:21,911 - root - INFO - mask1 ratio: 0.00, mask2 ratio: 0.03, mask3 ratio: 0.10, mask4 ratio: 0.87
2026-01-22 18:47:22,124 - root - INFO - mask1 ratio: 0.01, mask2 ratio: 0.03, mask3 ratio: 0.10, mask4 ratio: 0.87
2026-01-22 18:47:22,339 - root - INFO - mask1 ratio: 0.01, mask2 ratio: 0.03, mask3 ratio: 0.10, mask4 ratio: 0.86
2026-01-22 18:47:22,556 - root - INFO - mask1 ratio: 0.00, mask2 ratio: 0.04, mask3 ratio: 0.10, mask4 ratio: 0.86
2026-01-22 18:47:22,771 - root - INFO - mask1 ratio: 0.00, mask2 ratio: 0.03, mask3 ratio: 0.10, mask4 ratio: 0.86
2026-01-22 18:47:22,985 - root - INFO - mask1 ratio: 0.00, mask2 ratio: 0.02, mask3 ratio: 0.10, mask4 ratio: 0.88
2026-01-22 18:47:23,221 - root - INFO - mask1 ratio: 0.00, mask2 ratio: 0.04, mask3 ratio: 0.10, mask4 ratio: 0.86
2026-01-22 18:47:23,440 - root - INFO - mask1 ratio: 0.01, mask2 ratio: 0.06, mask3 ratio: 0.10, mask4 ratio: 0.83
2026-01-22 18:47:23,655 - root - INFO - mask1 ratio: 0.00, mask2 ratio: 0.03, mask3 ratio: 0.10, mask4 ratio: 0.87
2026-01-22 18:47:23,870 - root - INFO - mask1 ratio: 0.01, mask2 ratio: 0.03, mask3 ratio: 0.10, mask4 ratio: 0.87
2026-01-22 18:47:24,085 - root - INFO - mask1 ratio: 0.00, mask2 ratio: 0.03, mask3 ratio: 0.10, mask4 ratio: 0.87
2026-01-22 18:47:24,300 - root - INFO - mask1 ratio: 0.01, mask2 ratio: 0.04, mask3 ratio: 0.10, mask4 ratio: 0.85
2026-01-22 18:47:24,516 - root - INFO - mask1 ratio: 0.01, mask2 ratio: 0.03, mask3 ratio: 0.10, mask4 ratio: 0.87
2026-01-22 18:47:24,767 - root - INFO - mask1 ratio: 0.00, mask2 ratio: 0.03, mask3 ratio: 0.10, mask4 ratio: 0.87
2026-01-22 18:47:24,982 - root - INFO - mask1 ratio: 0.00, mask2 ratio: 0.02, mask3 ratio: 0.10, mask4 ratio: 0.88
2026-01-22 18:47:25,214 - root - INFO - mask1 ratio: 0.00, mask2 ratio: 0.03, mask3 ratio: 0.10, mask4 ratio: 0.87
2026-01-22 18:47:25,430 - root - INFO - mask1 ratio: 0.00, mask2 ratio: 0.03, mask3 ratio: 0.10, mask4 ratio: 0.87
2026-01-22 18:47:25,645 - root - INFO - mask1 ratio: 0.01, mask2 ratio: 0.03, mask3 ratio: 0.10, mask4 ratio: 0.87
2026-01-22 18:47:25,859 - root - INFO - mask1 ratio: 0.00, mask2 ratio: 0.02, mask3 ratio: 0.10, mask4 ratio: 0.88
2026-01-22 18:47:26,073 - root - INFO - mask1 ratio: 0.00, mask2 ratio: 0.04, mask3 ratio: 0.10, mask4 ratio: 0.86
2026-01-22 18:47:26,312 - root - INFO - mask1 ratio: 0.00, mask2 ratio: 0.03, mask3 ratio: 0.10, mask4 ratio: 0.87
2026-01-22 18:47:26,526 - root - INFO - mask1 ratio: 0.01, mask2 ratio: 0.03, mask3 ratio: 0.10, mask4 ratio: 0.86
2026-01-22 18:47:26,553 - root - INFO - time 5.50
2026-01-22 18:47:26,563 - root - INFO - 10 self_attn.k_proj
2026-01-22 18:47:26,563 - root - INFO - Quantizing ...
2026-01-22 18:47:26,743 - root - INFO - mask1 ratio: 0.00, mask2 ratio: 0.03, mask3 ratio: 0.10, mask4 ratio: 0.87
2026-01-22 18:47:26,940 - root - INFO - mask1 ratio: 0.00, mask2 ratio: 0.03, mask3 ratio: 0.10, mask4 ratio: 0.87
2026-01-22 18:47:27,137 - root - INFO - mask1 ratio: 0.00, mask2 ratio: 0.02, mask3 ratio: 0.10, mask4 ratio: 0.88
2026-01-22 18:47:27,335 - root - INFO - mask1 ratio: 0.01, mask2 ratio: 0.05, mask3 ratio: 0.10, mask4 ratio: 0.85
2026-01-22 18:47:27,533 - root - INFO - mask1 ratio: 0.00, mask2 ratio: 0.03, mask3 ratio: 0.10, mask4 ratio: 0.86
2026-01-22 18:47:27,730 - root - INFO - mask1 ratio: 0.00, mask2 ratio: 0.03, mask3 ratio: 0.10, mask4 ratio: 0.86
2026-01-22 18:47:27,967 - root - INFO - mask1 ratio: 0.00, mask2 ratio: 0.04, mask3 ratio: 0.10, mask4 ratio: 0.86
2026-01-22 18:47:28,164 - root - INFO - mask1 ratio: 0.00, mask2 ratio: 0.02, mask3 ratio: 0.10, mask4 ratio: 0.88
2026-01-22 18:47:28,363 - root - INFO - mask1 ratio: 0.01, mask2 ratio: 0.09, mask3 ratio: 0.10, mask4 ratio: 0.80
2026-01-22 18:47:28,563 - root - INFO - mask1 ratio: 0.00, mask2 ratio: 0.03, mask3 ratio: 0.10, mask4 ratio: 0.87
2026-01-22 18:47:28,761 - root - INFO - mask1 ratio: 0.00, mask2 ratio: 0.03, mask3 ratio: 0.10, mask4 ratio: 0.86
2026-01-22 18:47:28,959 - root - INFO - mask1 ratio: 0.00, mask2 ratio: 0.03, mask3 ratio: 0.10, mask4 ratio: 0.87
2026-01-22 18:47:29,157 - root - INFO - mask1 ratio: 0.00, mask2 ratio: 0.03, mask3 ratio: 0.10, mask4 ratio: 0.87
2026-01-22 18:47:29,357 - root - INFO - mask1 ratio: 0.00, mask2 ratio: 0.04, mask3 ratio: 0.10, mask4 ratio: 0.86
2026-01-22 18:47:29,582 - root - INFO - mask1 ratio: 0.00, mask2 ratio: 0.03, mask3 ratio: 0.10, mask4 ratio: 0.87
2026-01-22 18:47:29,779 - root - INFO - mask1 ratio: 0.00, mask2 ratio: 0.03, mask3 ratio: 0.10, mask4 ratio: 0.87
2026-01-22 18:47:29,975 - root - INFO - mask1 ratio: 0.00, mask2 ratio: 0.02, mask3 ratio: 0.10, mask4 ratio: 0.88
2026-01-22 18:47:30,173 - root - INFO - mask1 ratio: 0.00, mask2 ratio: 0.04, mask3 ratio: 0.10, mask4 ratio: 0.85
2026-01-22 18:47:30,370 - root - INFO - mask1 ratio: 0.00, mask2 ratio: 0.02, mask3 ratio: 0.10, mask4 ratio: 0.88
2026-01-22 18:47:30,569 - root - INFO - mask1 ratio: 0.01, mask2 ratio: 0.05, mask3 ratio: 0.10, mask4 ratio: 0.85
2026-01-22 18:47:30,766 - root - INFO - mask1 ratio: 0.00, mask2 ratio: 0.02, mask3 ratio: 0.10, mask4 ratio: 0.88
2026-01-22 18:47:30,963 - root - INFO - mask1 ratio: 0.00, mask2 ratio: 0.03, mask3 ratio: 0.10, mask4 ratio: 0.87
2026-01-22 18:47:31,198 - root - INFO - mask1 ratio: 0.00, mask2 ratio: 0.02, mask3 ratio: 0.10, mask4 ratio: 0.88
2026-01-22 18:47:31,395 - root - INFO - mask1 ratio: 0.01, mask2 ratio: 0.05, mask3 ratio: 0.10, mask4 ratio: 0.85
2026-01-22 18:47:31,422 - root - INFO - time 4.86
2026-01-22 18:47:31,425 - root - INFO - 10 self_attn.v_proj
2026-01-22 18:47:31,425 - root - INFO - Quantizing ...
2026-01-22 18:47:31,607 - root - INFO - mask1 ratio: 0.01, mask2 ratio: 0.03, mask3 ratio: 0.10, mask4 ratio: 0.86
2026-01-22 18:47:31,806 - root - INFO - mask1 ratio: 0.00, mask2 ratio: 0.02, mask3 ratio: 0.10, mask4 ratio: 0.88
2026-01-22 18:47:32,004 - root - INFO - mask1 ratio: 0.00, mask2 ratio: 0.02, mask3 ratio: 0.10, mask4 ratio: 0.88
2026-01-22 18:47:32,201 - root - INFO - mask1 ratio: 0.01, mask2 ratio: 0.04, mask3 ratio: 0.10, mask4 ratio: 0.85
2026-01-22 18:47:32,399 - root - INFO - mask1 ratio: 0.01, mask2 ratio: 0.07, mask3 ratio: 0.10, mask4 ratio: 0.81
2026-01-22 18:47:32,607 - root - INFO - mask1 ratio: 0.01, mask2 ratio: 0.03, mask3 ratio: 0.10, mask4 ratio: 0.86
2026-01-22 18:47:32,815 - root - INFO - mask1 ratio: 0.00, mask2 ratio: 0.02, mask3 ratio: 0.10, mask4 ratio: 0.88
2026-01-22 18:47:33,012 - root - INFO - mask1 ratio: 0.00, mask2 ratio: 0.02, mask3 ratio: 0.10, mask4 ratio: 0.88
2026-01-22 18:47:33,211 - root - INFO - mask1 ratio: 0.03, mask2 ratio: 0.18, mask3 ratio: 0.10, mask4 ratio: 0.70
2026-01-22 18:47:33,410 - root - INFO - mask1 ratio: 0.02, mask2 ratio: 0.12, mask3 ratio: 0.10, mask4 ratio: 0.76
2026-01-22 18:47:33,608 - root - INFO - mask1 ratio: 0.00, mask2 ratio: 0.03, mask3 ratio: 0.10, mask4 ratio: 0.87
2026-01-22 18:47:33,806 - root - INFO - mask1 ratio: 0.01, mask2 ratio: 0.03, mask3 ratio: 0.10, mask4 ratio: 0.86
2026-01-22 18:47:34,004 - root - INFO - mask1 ratio: 0.00, mask2 ratio: 0.03, mask3 ratio: 0.10, mask4 ratio: 0.86
2026-01-22 18:47:34,229 - root - INFO - mask1 ratio: 0.01, mask2 ratio: 0.06, mask3 ratio: 0.10, mask4 ratio: 0.83
2026-01-22 18:47:35,245 - root - INFO - mask1 ratio: 0.00, mask2 ratio: 0.02, mask3 ratio: 0.10, mask4 ratio: 0.88
2026-01-22 18:47:35,392 - root - INFO - mask1 ratio: 0.00, mask2 ratio: 0.02, mask3 ratio: 0.10, mask4 ratio: 0.88
2026-01-22 18:47:35,580 - root - INFO - mask1 ratio: 0.00, mask2 ratio: 0.02, mask3 ratio: 0.10, mask4 ratio: 0.88
2026-01-22 18:47:37,842 - root - INFO - mask1 ratio: 0.01, mask2 ratio: 0.05, mask3 ratio: 0.10, mask4 ratio: 0.84
2026-01-22 18:47:39,425 - root - INFO - mask1 ratio: 0.00, mask2 ratio: 0.03, mask3 ratio: 0.10, mask4 ratio: 0.87
2026-01-22 18:47:39,625 - root - INFO - mask1 ratio: 0.01, mask2 ratio: 0.03, mask3 ratio: 0.10, mask4 ratio: 0.86
2026-01-22 18:47:39,825 - root - INFO - mask1 ratio: 0.00, mask2 ratio: 0.03, mask3 ratio: 0.10, mask4 ratio: 0.87
2026-01-22 18:47:40,024 - root - INFO - mask1 ratio: 0.01, mask2 ratio: 0.04, mask3 ratio: 0.10, mask4 ratio: 0.85
2026-01-22 18:47:40,222 - root - INFO - mask1 ratio: 0.00, mask2 ratio: 0.02, mask3 ratio: 0.10, mask4 ratio: 0.88
2026-01-22 18:47:40,422 - root - INFO - mask1 ratio: 0.02, mask2 ratio: 0.11, mask3 ratio: 0.10, mask4 ratio: 0.77
2026-01-22 18:47:40,448 - root - INFO - time 9.02
2026-01-22 18:47:40,453 - root - INFO - 10 self_attn.o_proj
2026-01-22 18:47:40,453 - root - INFO - Quantizing ...
2026-01-22 18:47:40,651 - root - INFO - mask1 ratio: 0.01, mask2 ratio: 0.05, mask3 ratio: 0.10, mask4 ratio: 0.84
2026-01-22 18:47:40,877 - root - INFO - mask1 ratio: 0.02, mask2 ratio: 0.08, mask3 ratio: 0.10, mask4 ratio: 0.81
2026-01-22 18:47:41,102 - root - INFO - mask1 ratio: 0.01, mask2 ratio: 0.05, mask3 ratio: 0.10, mask4 ratio: 0.85
2026-01-22 18:47:41,318 - root - INFO - mask1 ratio: 0.01, mask2 ratio: 0.05, mask3 ratio: 0.10, mask4 ratio: 0.84
2026-01-22 18:47:41,532 - root - INFO - mask1 ratio: 0.01, mask2 ratio: 0.05, mask3 ratio: 0.10, mask4 ratio: 0.84
2026-01-22 18:47:41,746 - root - INFO - mask1 ratio: 0.01, mask2 ratio: 0.02, mask3 ratio: 0.10, mask4 ratio: 0.87
2026-01-22 18:47:41,961 - root - INFO - mask1 ratio: 0.01, mask2 ratio: 0.03, mask3 ratio: 0.10, mask4 ratio: 0.86
2026-01-22 18:47:42,175 - root - INFO - mask1 ratio: 0.01, mask2 ratio: 0.07, mask3 ratio: 0.10, mask4 ratio: 0.81
2026-01-22 18:47:42,429 - root - INFO - mask1 ratio: 0.01, mask2 ratio: 0.04, mask3 ratio: 0.10, mask4 ratio: 0.85
2026-01-22 18:47:42,642 - root - INFO - mask1 ratio: 0.01, mask2 ratio: 0.05, mask3 ratio: 0.10, mask4 ratio: 0.85
2026-01-22 18:47:42,858 - root - INFO - mask1 ratio: 0.01, mask2 ratio: 0.03, mask3 ratio: 0.10, mask4 ratio: 0.86
2026-01-22 18:47:43,074 - root - INFO - mask1 ratio: 0.02, mask2 ratio: 0.16, mask3 ratio: 0.10, mask4 ratio: 0.72
2026-01-22 18:47:43,289 - root - INFO - mask1 ratio: 0.01, mask2 ratio: 0.03, mask3 ratio: 0.10, mask4 ratio: 0.86
2026-01-22 18:47:43,502 - root - INFO - mask1 ratio: 0.01, mask2 ratio: 0.03, mask3 ratio: 0.10, mask4 ratio: 0.87
2026-01-22 18:47:43,717 - root - INFO - mask1 ratio: 0.01, mask2 ratio: 0.07, mask3 ratio: 0.10, mask4 ratio: 0.82
2026-01-22 18:47:43,956 - root - INFO - mask1 ratio: 0.02, mask2 ratio: 0.16, mask3 ratio: 0.10, mask4 ratio: 0.72
2026-01-22 18:47:44,173 - root - INFO - mask1 ratio: 0.01, mask2 ratio: 0.02, mask3 ratio: 0.10, mask4 ratio: 0.88
2026-01-22 18:47:44,396 - root - INFO - mask1 ratio: 0.03, mask2 ratio: 0.24, mask3 ratio: 0.10, mask4 ratio: 0.63
2026-01-22 18:47:44,611 - root - INFO - mask1 ratio: 0.01, mask2 ratio: 0.05, mask3 ratio: 0.10, mask4 ratio: 0.84
2026-01-22 18:47:44,827 - root - INFO - mask1 ratio: 0.01, mask2 ratio: 0.05, mask3 ratio: 0.10, mask4 ratio: 0.84
2026-01-22 18:47:45,041 - root - INFO - mask1 ratio: 0.01, mask2 ratio: 0.05, mask3 ratio: 0.10, mask4 ratio: 0.84
2026-01-22 18:47:45,255 - root - INFO - mask1 ratio: 0.01, mask2 ratio: 0.02, mask3 ratio: 0.10, mask4 ratio: 0.87
2026-01-22 18:47:45,513 - root - INFO - mask1 ratio: 0.01, mask2 ratio: 0.05, mask3 ratio: 0.10, mask4 ratio: 0.84
2026-01-22 18:47:45,727 - root - INFO - mask1 ratio: 0.01, mask2 ratio: 0.02, mask3 ratio: 0.10, mask4 ratio: 0.87
2026-01-22 18:47:45,754 - root - INFO - time 5.30
2026-01-22 18:47:45,758 - root - INFO - 10 mlp.gate_proj
2026-01-22 18:47:45,758 - root - INFO - Quantizing ...
2026-01-22 18:47:46,004 - root - INFO - mask1 ratio: 0.01, mask2 ratio: 0.06, mask3 ratio: 0.10, mask4 ratio: 0.84
2026-01-22 18:47:46,267 - root - INFO - mask1 ratio: 0.01, mask2 ratio: 0.03, mask3 ratio: 0.10, mask4 ratio: 0.86
2026-01-22 18:47:46,529 - root - INFO - mask1 ratio: 0.00, mask2 ratio: 0.03, mask3 ratio: 0.10, mask4 ratio: 0.87
2026-01-22 18:47:46,812 - root - INFO - mask1 ratio: 0.01, mask2 ratio: 0.04, mask3 ratio: 0.10, mask4 ratio: 0.85
2026-01-22 18:47:47,085 - root - INFO - mask1 ratio: 0.00, mask2 ratio: 0.03, mask3 ratio: 0.10, mask4 ratio: 0.87
2026-01-22 18:47:47,349 - root - INFO - mask1 ratio: 0.01, mask2 ratio: 0.06, mask3 ratio: 0.10, mask4 ratio: 0.84
2026-01-22 18:47:47,611 - root - INFO - mask1 ratio: 0.01, mask2 ratio: 0.06, mask3 ratio: 0.10, mask4 ratio: 0.84
2026-01-22 18:47:47,874 - root - INFO - mask1 ratio: 0.02, mask2 ratio: 0.17, mask3 ratio: 0.10, mask4 ratio: 0.71
2026-01-22 18:47:48,178 - root - INFO - mask1 ratio: 0.00, mask2 ratio: 0.03, mask3 ratio: 0.10, mask4 ratio: 0.87
2026-01-22 18:47:48,441 - root - INFO - mask1 ratio: 0.00, mask2 ratio: 0.03, mask3 ratio: 0.10, mask4 ratio: 0.87
2026-01-22 18:47:48,704 - root - INFO - mask1 ratio: 0.01, mask2 ratio: 0.04, mask3 ratio: 0.10, mask4 ratio: 0.85
2026-01-22 18:47:48,969 - root - INFO - mask1 ratio: 0.00, mask2 ratio: 0.04, mask3 ratio: 0.10, mask4 ratio: 0.86
2026-01-22 18:47:49,230 - root - INFO - mask1 ratio: 0.00, mask2 ratio: 0.03, mask3 ratio: 0.10, mask4 ratio: 0.87
2026-01-22 18:47:49,499 - root - INFO - mask1 ratio: 0.00, mask2 ratio: 0.03, mask3 ratio: 0.10, mask4 ratio: 0.87
2026-01-22 18:47:49,784 - root - INFO - mask1 ratio: 0.01, mask2 ratio: 0.05, mask3 ratio: 0.10, mask4 ratio: 0.85
2026-01-22 18:47:50,044 - root - INFO - mask1 ratio: 0.00, mask2 ratio: 0.04, mask3 ratio: 0.10, mask4 ratio: 0.86
2026-01-22 18:47:50,308 - root - INFO - mask1 ratio: 0.01, mask2 ratio: 0.07, mask3 ratio: 0.10, mask4 ratio: 0.82
2026-01-22 18:47:50,570 - root - INFO - mask1 ratio: 0.00, mask2 ratio: 0.03, mask3 ratio: 0.10, mask4 ratio: 0.86
2026-01-22 18:47:50,877 - root - INFO - mask1 ratio: 0.00, mask2 ratio: 0.03, mask3 ratio: 0.10, mask4 ratio: 0.87
2026-01-22 18:47:51,143 - root - INFO - mask1 ratio: 0.01, mask2 ratio: 0.09, mask3 ratio: 0.10, mask4 ratio: 0.80
2026-01-22 18:47:51,404 - root - INFO - mask1 ratio: 0.00, mask2 ratio: 0.04, mask3 ratio: 0.10, mask4 ratio: 0.85
2026-01-22 18:47:51,666 - root - INFO - mask1 ratio: 0.01, mask2 ratio: 0.06, mask3 ratio: 0.10, mask4 ratio: 0.84
2026-01-22 18:47:51,929 - root - INFO - mask1 ratio: 0.00, mask2 ratio: 0.04, mask3 ratio: 0.10, mask4 ratio: 0.85
2026-01-22 18:47:52,197 - root - INFO - mask1 ratio: 0.01, mask2 ratio: 0.04, mask3 ratio: 0.10, mask4 ratio: 0.85
2026-01-22 18:47:52,238 - root - INFO - time 6.48
2026-01-22 18:47:52,247 - root - INFO - 10 mlp.up_proj
2026-01-22 18:47:52,247 - root - INFO - Quantizing ...
2026-01-22 18:47:52,496 - root - INFO - mask1 ratio: 0.04, mask2 ratio: 0.34, mask3 ratio: 0.10, mask4 ratio: 0.52
2026-01-22 18:47:52,759 - root - INFO - mask1 ratio: 0.01, mask2 ratio: 0.06, mask3 ratio: 0.10, mask4 ratio: 0.83
2026-01-22 18:47:53,023 - root - INFO - mask1 ratio: 0.04, mask2 ratio: 0.34, mask3 ratio: 0.10, mask4 ratio: 0.52
2026-01-22 18:47:53,289 - root - INFO - mask1 ratio: 0.04, mask2 ratio: 0.34, mask3 ratio: 0.10, mask4 ratio: 0.52
2026-01-22 18:47:53,595 - root - INFO - mask1 ratio: 0.04, mask2 ratio: 0.34, mask3 ratio: 0.10, mask4 ratio: 0.52
2026-01-22 18:47:53,857 - root - INFO - mask1 ratio: 0.01, mask2 ratio: 0.03, mask3 ratio: 0.10, mask4 ratio: 0.86
2026-01-22 18:47:54,123 - root - INFO - mask1 ratio: 0.04, mask2 ratio: 0.34, mask3 ratio: 0.10, mask4 ratio: 0.52
2026-01-22 18:47:54,391 - root - INFO - mask1 ratio: 0.04, mask2 ratio: 0.34, mask3 ratio: 0.10, mask4 ratio: 0.52
2026-01-22 18:47:54,652 - root - INFO - mask1 ratio: 0.01, mask2 ratio: 0.02, mask3 ratio: 0.10, mask4 ratio: 0.87
2026-01-22 18:47:54,944 - root - INFO - mask1 ratio: 0.04, mask2 ratio: 0.34, mask3 ratio: 0.10, mask4 ratio: 0.52
2026-01-22 18:47:55,205 - root - INFO - mask1 ratio: 0.01, mask2 ratio: 0.03, mask3 ratio: 0.10, mask4 ratio: 0.87
2026-01-22 18:47:55,468 - root - INFO - mask1 ratio: 0.01, mask2 ratio: 0.04, mask3 ratio: 0.10, mask4 ratio: 0.85
2026-01-22 18:47:55,729 - root - INFO - mask1 ratio: 0.00, mask2 ratio: 0.03, mask3 ratio: 0.10, mask4 ratio: 0.87
2026-01-22 18:47:55,989 - root - INFO - mask1 ratio: 0.01, mask2 ratio: 0.04, mask3 ratio: 0.10, mask4 ratio: 0.85
2026-01-22 18:47:56,271 - root - INFO - mask1 ratio: 0.00, mask2 ratio: 0.03, mask3 ratio: 0.10, mask4 ratio: 0.87
2026-01-22 18:47:56,550 - root - INFO - mask1 ratio: 0.00, mask2 ratio: 0.03, mask3 ratio: 0.10, mask4 ratio: 0.86
2026-01-22 18:47:56,812 - root - INFO - mask1 ratio: 0.01, mask2 ratio: 0.05, mask3 ratio: 0.10, mask4 ratio: 0.85
2026-01-22 18:47:57,072 - root - INFO - mask1 ratio: 0.00, mask2 ratio: 0.02, mask3 ratio: 0.10, mask4 ratio: 0.88
2026-01-22 18:47:57,333 - root - INFO - mask1 ratio: 0.00, mask2 ratio: 0.03, mask3 ratio: 0.10, mask4 ratio: 0.87
2026-01-22 18:47:57,597 - root - INFO - mask1 ratio: 0.01, mask2 ratio: 0.06, mask3 ratio: 0.10, mask4 ratio: 0.83
2026-01-22 18:47:57,883 - root - INFO - mask1 ratio: 0.00, mask2 ratio: 0.03, mask3 ratio: 0.10, mask4 ratio: 0.86
2026-01-22 18:47:58,145 - root - INFO - mask1 ratio: 0.01, mask2 ratio: 0.10, mask3 ratio: 0.10, mask4 ratio: 0.79
2026-01-22 18:47:58,409 - root - INFO - mask1 ratio: 0.01, mask2 ratio: 0.04, mask3 ratio: 0.10, mask4 ratio: 0.85
2026-01-22 18:47:58,671 - root - INFO - mask1 ratio: 0.01, mask2 ratio: 0.00, mask3 ratio: 0.10, mask4 ratio: 0.88
2026-01-22 18:47:58,700 - root - INFO - time 6.45
2026-01-22 18:47:58,708 - root - INFO - 10 mlp.down_proj
2026-01-22 18:47:58,708 - root - INFO - Quantizing ...
2026-01-22 18:47:58,959 - root - INFO - mask1 ratio: 0.01, mask2 ratio: 0.02, mask3 ratio: 0.10, mask4 ratio: 0.88
2026-01-22 18:47:59,215 - root - INFO - mask1 ratio: 0.01, mask2 ratio: 0.03, mask3 ratio: 0.10, mask4 ratio: 0.86
2026-01-22 18:47:59,430 - root - INFO - mask1 ratio: 0.01, mask2 ratio: 0.04, mask3 ratio: 0.10, mask4 ratio: 0.85
2026-01-22 18:47:59,646 - root - INFO - mask1 ratio: 0.01, mask2 ratio: 0.02, mask3 ratio: 0.10, mask4 ratio: 0.87
2026-01-22 18:47:59,862 - root - INFO - mask1 ratio: 0.01, mask2 ratio: 0.02, mask3 ratio: 0.10, mask4 ratio: 0.87
2026-01-22 18:48:00,078 - root - INFO - mask1 ratio: 0.01, mask2 ratio: 0.05, mask3 ratio: 0.10, mask4 ratio: 0.84
2026-01-22 18:48:00,294 - root - INFO - mask1 ratio: 0.01, mask2 ratio: 0.05, mask3 ratio: 0.10, mask4 ratio: 0.84
2026-01-22 18:48:00,511 - root - INFO - mask1 ratio: 0.01, mask2 ratio: 0.03, mask3 ratio: 0.10, mask4 ratio: 0.85
2026-01-22 18:48:00,753 - root - INFO - mask1 ratio: 0.01, mask2 ratio: 0.06, mask3 ratio: 0.10, mask4 ratio: 0.83
2026-01-22 18:48:00,967 - root - INFO - mask1 ratio: 0.01, mask2 ratio: 0.05, mask3 ratio: 0.10, mask4 ratio: 0.84
2026-01-22 18:48:01,182 - root - INFO - mask1 ratio: 0.02, mask2 ratio: 0.08, mask3 ratio: 0.10, mask4 ratio: 0.80
2026-01-22 18:48:01,397 - root - INFO - mask1 ratio: 0.01, mask2 ratio: 0.06, mask3 ratio: 0.10, mask4 ratio: 0.83
2026-01-22 18:48:01,615 - root - INFO - mask1 ratio: 0.00, mask2 ratio: 0.03, mask3 ratio: 0.10, mask4 ratio: 0.86
2026-01-22 18:48:01,830 - root - INFO - mask1 ratio: 0.01, mask2 ratio: 0.04, mask3 ratio: 0.10, mask4 ratio: 0.85
2026-01-22 18:48:02,043 - root - INFO - mask1 ratio: 0.02, mask2 ratio: 0.07, mask3 ratio: 0.10, mask4 ratio: 0.81
2026-01-22 18:48:02,297 - root - INFO - mask1 ratio: 0.02, mask2 ratio: 0.08, mask3 ratio: 0.10, mask4 ratio: 0.80
2026-01-22 18:48:02,513 - root - INFO - mask1 ratio: 0.01, mask2 ratio: 0.04, mask3 ratio: 0.10, mask4 ratio: 0.85
2026-01-22 18:48:02,728 - root - INFO - mask1 ratio: 0.01, mask2 ratio: 0.02, mask3 ratio: 0.10, mask4 ratio: 0.88
2026-01-22 18:48:02,953 - root - INFO - mask1 ratio: 0.02, mask2 ratio: 0.08, mask3 ratio: 0.10, mask4 ratio: 0.81
2026-01-22 18:48:03,170 - root - INFO - mask1 ratio: 0.01, mask2 ratio: 0.08, mask3 ratio: 0.10, mask4 ratio: 0.81
2026-01-22 18:48:03,402 - root - INFO - mask1 ratio: 0.01, mask2 ratio: 0.06, mask3 ratio: 0.10, mask4 ratio: 0.82
2026-01-22 18:48:03,672 - root - INFO - mask1 ratio: 0.02, mask2 ratio: 0.07, mask3 ratio: 0.10, mask4 ratio: 0.81
2026-01-22 18:48:03,895 - root - INFO - mask1 ratio: 0.01, mask2 ratio: 0.02, mask3 ratio: 0.10, mask4 ratio: 0.88
2026-01-22 18:48:04,121 - root - INFO - mask1 ratio: 0.03, mask2 ratio: 0.20, mask3 ratio: 0.10, mask4 ratio: 0.67
2026-01-22 18:48:04,371 - root - INFO - mask1 ratio: 0.01, mask2 ratio: 0.02, mask3 ratio: 0.10, mask4 ratio: 0.87
2026-01-22 18:48:04,606 - root - INFO - mask1 ratio: 0.01, mask2 ratio: 0.02, mask3 ratio: 0.10, mask4 ratio: 0.87
2026-01-22 18:48:04,834 - root - INFO - mask1 ratio: 0.01, mask2 ratio: 0.02, mask3 ratio: 0.10, mask4 ratio: 0.87
2026-01-22 18:48:05,056 - root - INFO - mask1 ratio: 0.01, mask2 ratio: 0.04, mask3 ratio: 0.10, mask4 ratio: 0.85
2026-01-22 18:48:05,315 - root - INFO - mask1 ratio: 0.02, mask2 ratio: 0.09, mask3 ratio: 0.10, mask4 ratio: 0.79
2026-01-22 18:48:05,543 - root - INFO - mask1 ratio: 0.00, mask2 ratio: 0.02, mask3 ratio: 0.10, mask4 ratio: 0.88
2026-01-22 18:48:05,773 - root - INFO - mask1 ratio: 0.01, mask2 ratio: 0.02, mask3 ratio: 0.10, mask4 ratio: 0.87
2026-01-22 18:48:06,009 - root - INFO - mask1 ratio: 0.01, mask2 ratio: 0.02, mask3 ratio: 0.10, mask4 ratio: 0.87
2026-01-22 18:48:06,253 - root - INFO - mask1 ratio: 0.02, mask2 ratio: 0.08, mask3 ratio: 0.10, mask4 ratio: 0.80
2026-01-22 18:48:06,477 - root - INFO - mask1 ratio: 0.02, mask2 ratio: 0.13, mask3 ratio: 0.10, mask4 ratio: 0.74
2026-01-22 18:48:06,736 - root - INFO - mask1 ratio: 0.01, mask2 ratio: 0.02, mask3 ratio: 0.10, mask4 ratio: 0.88
2026-01-22 18:48:06,958 - root - INFO - mask1 ratio: 0.01, mask2 ratio: 0.02, mask3 ratio: 0.10, mask4 ratio: 0.87
2026-01-22 18:48:07,179 - root - INFO - mask1 ratio: 0.00, mask2 ratio: 0.02, mask3 ratio: 0.10, mask4 ratio: 0.88
2026-01-22 18:48:07,397 - root - INFO - mask1 ratio: 0.01, mask2 ratio: 0.03, mask3 ratio: 0.10, mask4 ratio: 0.87
2026-01-22 18:48:07,635 - root - INFO - mask1 ratio: 0.01, mask2 ratio: 0.07, mask3 ratio: 0.10, mask4 ratio: 0.81
2026-01-22 18:48:07,874 - root - INFO - mask1 ratio: 0.00, mask2 ratio: 0.03, mask3 ratio: 0.10, mask4 ratio: 0.86
2026-01-22 18:48:08,091 - root - INFO - mask1 ratio: 0.01, mask2 ratio: 0.04, mask3 ratio: 0.10, mask4 ratio: 0.85
2026-01-22 18:48:08,369 - root - INFO - mask1 ratio: 0.01, mask2 ratio: 0.03, mask3 ratio: 0.10, mask4 ratio: 0.86
2026-01-22 18:48:08,590 - root - INFO - mask1 ratio: 0.02, mask2 ratio: 0.12, mask3 ratio: 0.10, mask4 ratio: 0.77
2026-01-22 18:48:08,813 - root - INFO - mask1 ratio: 0.01, mask2 ratio: 0.03, mask3 ratio: 0.10, mask4 ratio: 0.86
2026-01-22 18:48:09,035 - root - INFO - mask1 ratio: 0.01, mask2 ratio: 0.02, mask3 ratio: 0.10, mask4 ratio: 0.87
2026-01-22 18:48:09,254 - root - INFO - mask1 ratio: 0.01, mask2 ratio: 0.10, mask3 ratio: 0.10, mask4 ratio: 0.79
2026-01-22 18:48:09,477 - root - INFO - mask1 ratio: 0.01, mask2 ratio: 0.03, mask3 ratio: 0.10, mask4 ratio: 0.87
2026-01-22 18:48:09,700 - root - INFO - mask1 ratio: 0.02, mask2 ratio: 0.08, mask3 ratio: 0.10, mask4 ratio: 0.80
2026-01-22 18:48:09,951 - root - INFO - mask1 ratio: 0.01, mask2 ratio: 0.04, mask3 ratio: 0.10, mask4 ratio: 0.85
2026-01-22 18:48:10,187 - root - INFO - mask1 ratio: 0.01, mask2 ratio: 0.02, mask3 ratio: 0.10, mask4 ratio: 0.88
2026-01-22 18:48:10,408 - root - INFO - mask1 ratio: 0.01, mask2 ratio: 0.03, mask3 ratio: 0.10, mask4 ratio: 0.86
2026-01-22 18:48:10,625 - root - INFO - mask1 ratio: 0.02, mask2 ratio: 0.11, mask3 ratio: 0.10, mask4 ratio: 0.77
2026-01-22 18:48:10,840 - root - INFO - mask1 ratio: 0.01, mask2 ratio: 0.05, mask3 ratio: 0.10, mask4 ratio: 0.84
2026-01-22 18:48:11,053 - root - INFO - mask1 ratio: 0.01, mask2 ratio: 0.04, mask3 ratio: 0.10, mask4 ratio: 0.85
2026-01-22 18:48:11,309 - root - INFO - mask1 ratio: 0.01, mask2 ratio: 0.05, mask3 ratio: 0.10, mask4 ratio: 0.84
2026-01-22 18:48:11,523 - root - INFO - mask1 ratio: 0.01, mask2 ratio: 0.04, mask3 ratio: 0.10, mask4 ratio: 0.85
2026-01-22 18:48:11,738 - root - INFO - mask1 ratio: 0.02, mask2 ratio: 0.10, mask3 ratio: 0.10, mask4 ratio: 0.78
2026-01-22 18:48:11,954 - root - INFO - mask1 ratio: 0.02, mask2 ratio: 0.07, mask3 ratio: 0.10, mask4 ratio: 0.81
2026-01-22 18:48:12,170 - root - INFO - mask1 ratio: 0.01, mask2 ratio: 0.04, mask3 ratio: 0.10, mask4 ratio: 0.85
2026-01-22 18:48:12,386 - root - INFO - mask1 ratio: 0.02, mask2 ratio: 0.10, mask3 ratio: 0.10, mask4 ratio: 0.78
2026-01-22 18:48:12,605 - root - INFO - mask1 ratio: 0.02, mask2 ratio: 0.08, mask3 ratio: 0.10, mask4 ratio: 0.80
2026-01-22 18:48:12,847 - root - INFO - mask1 ratio: 0.01, mask2 ratio: 0.04, mask3 ratio: 0.10, mask4 ratio: 0.85
2026-01-22 18:48:13,063 - root - INFO - mask1 ratio: 0.02, mask2 ratio: 0.12, mask3 ratio: 0.10, mask4 ratio: 0.76
2026-01-22 18:48:13,277 - root - INFO - mask1 ratio: 0.02, mask2 ratio: 0.08, mask3 ratio: 0.10, mask4 ratio: 0.80
2026-01-22 18:48:13,303 - root - INFO - time 14.59
2026-01-22 18:48:15,844 - root - INFO - 11 self_attn.q_proj
2026-01-22 18:48:15,844 - root - INFO - Quantizing ...
2026-01-22 18:48:16,241 - root - INFO - mask1 ratio: 0.00, mask2 ratio: 0.03, mask3 ratio: 0.10, mask4 ratio: 0.87
2026-01-22 18:48:16,496 - root - INFO - mask1 ratio: 0.00, mask2 ratio: 0.02, mask3 ratio: 0.10, mask4 ratio: 0.88
2026-01-22 18:48:16,716 - root - INFO - mask1 ratio: 0.00, mask2 ratio: 0.02, mask3 ratio: 0.10, mask4 ratio: 0.88
2026-01-22 18:48:16,930 - root - INFO - mask1 ratio: 0.00, mask2 ratio: 0.02, mask3 ratio: 0.10, mask4 ratio: 0.88
2026-01-22 18:48:17,148 - root - INFO - mask1 ratio: 0.01, mask2 ratio: 0.04, mask3 ratio: 0.10, mask4 ratio: 0.85
2026-01-22 18:48:17,363 - root - INFO - mask1 ratio: 0.00, mask2 ratio: 0.03, mask3 ratio: 0.10, mask4 ratio: 0.87
2026-01-22 18:48:17,581 - root - INFO - mask1 ratio: 0.01, mask2 ratio: 0.03, mask3 ratio: 0.10, mask4 ratio: 0.87
2026-01-22 18:48:17,795 - root - INFO - mask1 ratio: 0.00, mask2 ratio: 0.02, mask3 ratio: 0.10, mask4 ratio: 0.88
2026-01-22 18:48:18,033 - root - INFO - mask1 ratio: 0.01, mask2 ratio: 0.05, mask3 ratio: 0.10, mask4 ratio: 0.85
2026-01-22 18:48:18,247 - root - INFO - mask1 ratio: 0.01, mask2 ratio: 0.04, mask3 ratio: 0.10, mask4 ratio: 0.85
2026-01-22 18:48:18,463 - root - INFO - mask1 ratio: 0.01, mask2 ratio: 0.03, mask3 ratio: 0.10, mask4 ratio: 0.86
2026-01-22 18:48:18,678 - root - INFO - mask1 ratio: 0.01, mask2 ratio: 0.03, mask3 ratio: 0.10, mask4 ratio: 0.86
2026-01-22 18:48:18,893 - root - INFO - mask1 ratio: 0.00, mask2 ratio: 0.03, mask3 ratio: 0.10, mask4 ratio: 0.87
2026-01-22 18:48:19,108 - root - INFO - mask1 ratio: 0.01, mask2 ratio: 0.03, mask3 ratio: 0.10, mask4 ratio: 0.87
2026-01-22 18:48:19,323 - root - INFO - mask1 ratio: 0.01, mask2 ratio: 0.03, mask3 ratio: 0.10, mask4 ratio: 0.87
2026-01-22 18:48:19,578 - root - INFO - mask1 ratio: 0.00, mask2 ratio: 0.02, mask3 ratio: 0.10, mask4 ratio: 0.88
2026-01-22 18:48:19,791 - root - INFO - mask1 ratio: 0.00, mask2 ratio: 0.02, mask3 ratio: 0.10, mask4 ratio: 0.88
2026-01-22 18:48:20,007 - root - INFO - mask1 ratio: 0.00, mask2 ratio: 0.03, mask3 ratio: 0.10, mask4 ratio: 0.87
2026-01-22 18:48:20,223 - root - INFO - mask1 ratio: 0.00, mask2 ratio: 0.02, mask3 ratio: 0.10, mask4 ratio: 0.88
2026-01-22 18:48:20,439 - root - INFO - mask1 ratio: 0.01, mask2 ratio: 0.05, mask3 ratio: 0.10, mask4 ratio: 0.84
2026-01-22 18:48:20,664 - root - INFO - mask1 ratio: 0.00, mask2 ratio: 0.02, mask3 ratio: 0.10, mask4 ratio: 0.88
2026-01-22 18:48:20,884 - root - INFO - mask1 ratio: 0.00, mask2 ratio: 0.03, mask3 ratio: 0.10, mask4 ratio: 0.87
2026-01-22 18:48:21,127 - root - INFO - mask1 ratio: 0.00, mask2 ratio: 0.02, mask3 ratio: 0.10, mask4 ratio: 0.88
2026-01-22 18:48:21,342 - root - INFO - mask1 ratio: 0.00, mask2 ratio: 0.02, mask3 ratio: 0.10, mask4 ratio: 0.88
2026-01-22 18:48:21,369 - root - INFO - time 5.52
2026-01-22 18:48:21,379 - root - INFO - 11 self_attn.k_proj
2026-01-22 18:48:21,379 - root - INFO - Quantizing ...
2026-01-22 18:48:21,561 - root - INFO - mask1 ratio: 0.00, mask2 ratio: 0.03, mask3 ratio: 0.10, mask4 ratio: 0.87
2026-01-22 18:48:21,758 - root - INFO - mask1 ratio: 0.00, mask2 ratio: 0.02, mask3 ratio: 0.10, mask4 ratio: 0.88
2026-01-22 18:48:21,955 - root - INFO - mask1 ratio: 0.00, mask2 ratio: 0.02, mask3 ratio: 0.10, mask4 ratio: 0.88
2026-01-22 18:48:22,172 - root - INFO - mask1 ratio: 0.00, mask2 ratio: 0.03, mask3 ratio: 0.10, mask4 ratio: 0.86
2026-01-22 18:48:22,390 - root - INFO - mask1 ratio: 0.01, mask2 ratio: 0.03, mask3 ratio: 0.10, mask4 ratio: 0.86
2026-01-22 18:48:22,649 - root - INFO - mask1 ratio: 0.00, mask2 ratio: 0.03, mask3 ratio: 0.10, mask4 ratio: 0.87
2026-01-22 18:48:22,867 - root - INFO - mask1 ratio: 0.00, mask2 ratio: 0.04, mask3 ratio: 0.10, mask4 ratio: 0.86
2026-01-22 18:48:23,066 - root - INFO - mask1 ratio: 0.00, mask2 ratio: 0.02, mask3 ratio: 0.10, mask4 ratio: 0.88
2026-01-22 18:48:23,266 - root - INFO - mask1 ratio: 0.02, mask2 ratio: 0.14, mask3 ratio: 0.10, mask4 ratio: 0.74
2026-01-22 18:48:23,489 - root - INFO - mask1 ratio: 0.00, mask2 ratio: 0.04, mask3 ratio: 0.10, mask4 ratio: 0.86
2026-01-22 18:48:23,690 - root - INFO - mask1 ratio: 0.00, mask2 ratio: 0.03, mask3 ratio: 0.10, mask4 ratio: 0.87
2026-01-22 18:48:23,890 - root - INFO - mask1 ratio: 0.01, mask2 ratio: 0.03, mask3 ratio: 0.10, mask4 ratio: 0.86
2026-01-22 18:48:24,116 - root - INFO - mask1 ratio: 0.01, mask2 ratio: 0.02, mask3 ratio: 0.10, mask4 ratio: 0.87
2026-01-22 18:48:24,316 - root - INFO - mask1 ratio: 0.02, mask2 ratio: 0.15, mask3 ratio: 0.10, mask4 ratio: 0.74
2026-01-22 18:48:24,514 - root - INFO - mask1 ratio: 0.01, mask2 ratio: 0.03, mask3 ratio: 0.10, mask4 ratio: 0.87
2026-01-22 18:48:24,713 - root - INFO - mask1 ratio: 0.00, mask2 ratio: 0.03, mask3 ratio: 0.10, mask4 ratio: 0.87
2026-01-22 18:48:24,911 - root - INFO - mask1 ratio: 0.00, mask2 ratio: 0.02, mask3 ratio: 0.10, mask4 ratio: 0.88
2026-01-22 18:48:25,112 - root - INFO - mask1 ratio: 0.01, mask2 ratio: 0.02, mask3 ratio: 0.10, mask4 ratio: 0.87
2026-01-22 18:48:25,311 - root - INFO - mask1 ratio: 0.01, mask2 ratio: 0.02, mask3 ratio: 0.10, mask4 ratio: 0.88
2026-01-22 18:48:25,510 - root - INFO - mask1 ratio: 0.01, mask2 ratio: 0.06, mask3 ratio: 0.10, mask4 ratio: 0.83
2026-01-22 18:48:25,751 - root - INFO - mask1 ratio: 0.01, mask2 ratio: 0.02, mask3 ratio: 0.10, mask4 ratio: 0.88
2026-01-22 18:48:25,950 - root - INFO - mask1 ratio: 0.00, mask2 ratio: 0.02, mask3 ratio: 0.10, mask4 ratio: 0.88
2026-01-22 18:48:26,148 - root - INFO - mask1 ratio: 0.00, mask2 ratio: 0.02, mask3 ratio: 0.10, mask4 ratio: 0.88
2026-01-22 18:48:26,348 - root - INFO - mask1 ratio: 0.00, mask2 ratio: 0.02, mask3 ratio: 0.10, mask4 ratio: 0.88
2026-01-22 18:48:26,374 - root - INFO - time 4.99
2026-01-22 18:48:26,377 - root - INFO - 11 self_attn.v_proj
2026-01-22 18:48:26,377 - root - INFO - Quantizing ...
2026-01-22 18:48:26,558 - root - INFO - mask1 ratio: 0.02, mask2 ratio: 0.19, mask3 ratio: 0.10, mask4 ratio: 0.69
2026-01-22 18:48:26,756 - root - INFO - mask1 ratio: 0.00, mask2 ratio: 0.03, mask3 ratio: 0.10, mask4 ratio: 0.87
2026-01-22 18:48:26,954 - root - INFO - mask1 ratio: 0.01, mask2 ratio: 0.05, mask3 ratio: 0.10, mask4 ratio: 0.85
2026-01-22 18:48:27,152 - root - INFO - mask1 ratio: 0.01, mask2 ratio: 0.05, mask3 ratio: 0.10, mask4 ratio: 0.84
2026-01-22 18:48:27,378 - root - INFO - mask1 ratio: 0.03, mask2 ratio: 0.28, mask3 ratio: 0.10, mask4 ratio: 0.59
2026-01-22 18:48:27,578 - root - INFO - mask1 ratio: 0.03, mask2 ratio: 0.24, mask3 ratio: 0.10, mask4 ratio: 0.63
2026-01-22 18:48:27,777 - root - INFO - mask1 ratio: 0.01, mask2 ratio: 0.08, mask3 ratio: 0.10, mask4 ratio: 0.81
2026-01-22 18:48:27,975 - root - INFO - mask1 ratio: 0.01, mask2 ratio: 0.03, mask3 ratio: 0.10, mask4 ratio: 0.86
2026-01-22 18:48:28,172 - root - INFO - mask1 ratio: 0.01, mask2 ratio: 0.05, mask3 ratio: 0.10, mask4 ratio: 0.84
2026-01-22 18:48:28,372 - root - INFO - mask1 ratio: 0.02, mask2 ratio: 0.09, mask3 ratio: 0.10, mask4 ratio: 0.79
2026-01-22 18:48:28,570 - root - INFO - mask1 ratio: 0.04, mask2 ratio: 0.34, mask3 ratio: 0.10, mask4 ratio: 0.52
2026-01-22 18:48:28,767 - root - INFO - mask1 ratio: 0.01, mask2 ratio: 0.05, mask3 ratio: 0.10, mask4 ratio: 0.84
2026-01-22 18:48:29,003 - root - INFO - mask1 ratio: 0.01, mask2 ratio: 0.04, mask3 ratio: 0.10, mask4 ratio: 0.85
2026-01-22 18:48:29,202 - root - INFO - mask1 ratio: 0.02, mask2 ratio: 0.08, mask3 ratio: 0.10, mask4 ratio: 0.80
2026-01-22 18:48:29,407 - root - INFO - mask1 ratio: 0.00, mask2 ratio: 0.03, mask3 ratio: 0.10, mask4 ratio: 0.86
2026-01-22 18:48:29,614 - root - INFO - mask1 ratio: 0.01, mask2 ratio: 0.03, mask3 ratio: 0.10, mask4 ratio: 0.86
2026-01-22 18:48:29,813 - root - INFO - mask1 ratio: 0.01, mask2 ratio: 0.03, mask3 ratio: 0.10, mask4 ratio: 0.86
2026-01-22 18:48:30,012 - root - INFO - mask1 ratio: 0.02, mask2 ratio: 0.09, mask3 ratio: 0.10, mask4 ratio: 0.79
2026-01-22 18:48:30,211 - root - INFO - mask1 ratio: 0.00, mask2 ratio: 0.03, mask3 ratio: 0.10, mask4 ratio: 0.87
2026-01-22 18:48:30,431 - root - INFO - mask1 ratio: 0.01, mask2 ratio: 0.05, mask3 ratio: 0.10, mask4 ratio: 0.84
2026-01-22 18:48:30,633 - root - INFO - mask1 ratio: 0.01, mask2 ratio: 0.04, mask3 ratio: 0.10, mask4 ratio: 0.85
2026-01-22 18:48:30,843 - root - INFO - mask1 ratio: 0.02, mask2 ratio: 0.08, mask3 ratio: 0.10, mask4 ratio: 0.81
2026-01-22 18:48:31,040 - root - INFO - mask1 ratio: 0.01, mask2 ratio: 0.06, mask3 ratio: 0.10, mask4 ratio: 0.83
2026-01-22 18:48:31,239 - root - INFO - mask1 ratio: 0.01, mask2 ratio: 0.06, mask3 ratio: 0.10, mask4 ratio: 0.83
2026-01-22 18:48:31,266 - root - INFO - time 4.89
2026-01-22 18:48:31,270 - root - INFO - 11 self_attn.o_proj
2026-01-22 18:48:31,270 - root - INFO - Quantizing ...
2026-01-22 18:48:31,470 - root - INFO - mask1 ratio: 0.01, mask2 ratio: 0.08, mask3 ratio: 0.10, mask4 ratio: 0.81
2026-01-22 18:48:31,686 - root - INFO - mask1 ratio: 0.01, mask2 ratio: 0.05, mask3 ratio: 0.10, mask4 ratio: 0.85
2026-01-22 18:48:31,943 - root - INFO - mask1 ratio: 0.01, mask2 ratio: 0.12, mask3 ratio: 0.10, mask4 ratio: 0.77
2026-01-22 18:48:32,160 - root - INFO - mask1 ratio: 0.01, mask2 ratio: 0.02, mask3 ratio: 0.10, mask4 ratio: 0.87
2026-01-22 18:48:32,377 - root - INFO - mask1 ratio: 0.01, mask2 ratio: 0.05, mask3 ratio: 0.10, mask4 ratio: 0.84
2026-01-22 18:48:32,595 - root - INFO - mask1 ratio: 0.01, mask2 ratio: 0.02, mask3 ratio: 0.10, mask4 ratio: 0.87
2026-01-22 18:48:32,815 - root - INFO - mask1 ratio: 0.01, mask2 ratio: 0.07, mask3 ratio: 0.10, mask4 ratio: 0.82
2026-01-22 18:48:33,032 - root - INFO - mask1 ratio: 0.01, mask2 ratio: 0.04, mask3 ratio: 0.10, mask4 ratio: 0.85
2026-01-22 18:48:33,247 - root - INFO - mask1 ratio: 0.01, mask2 ratio: 0.04, mask3 ratio: 0.10, mask4 ratio: 0.85
2026-01-22 18:48:33,488 - root - INFO - mask1 ratio: 0.02, mask2 ratio: 0.18, mask3 ratio: 0.10, mask4 ratio: 0.70
2026-01-22 18:48:33,703 - root - INFO - mask1 ratio: 0.01, mask2 ratio: 0.13, mask3 ratio: 0.10, mask4 ratio: 0.75
2026-01-22 18:48:33,918 - root - INFO - mask1 ratio: 0.02, mask2 ratio: 0.14, mask3 ratio: 0.10, mask4 ratio: 0.74
2026-01-22 18:48:34,133 - root - INFO - mask1 ratio: 0.01, mask2 ratio: 0.05, mask3 ratio: 0.10, mask4 ratio: 0.84
2026-01-22 18:48:34,349 - root - INFO - mask1 ratio: 0.01, mask2 ratio: 0.06, mask3 ratio: 0.10, mask4 ratio: 0.82
2026-01-22 18:48:34,564 - root - INFO - mask1 ratio: 0.01, mask2 ratio: 0.03, mask3 ratio: 0.10, mask4 ratio: 0.86
2026-01-22 18:48:34,778 - root - INFO - mask1 ratio: 0.02, mask2 ratio: 0.12, mask3 ratio: 0.10, mask4 ratio: 0.77
2026-01-22 18:48:35,037 - root - INFO - mask1 ratio: 0.01, mask2 ratio: 0.06, mask3 ratio: 0.10, mask4 ratio: 0.82
2026-01-22 18:48:35,250 - root - INFO - mask1 ratio: 0.01, mask2 ratio: 0.04, mask3 ratio: 0.10, mask4 ratio: 0.85
2026-01-22 18:48:35,467 - root - INFO - mask1 ratio: 0.02, mask2 ratio: 0.07, mask3 ratio: 0.10, mask4 ratio: 0.81
2026-01-22 18:48:35,683 - root - INFO - mask1 ratio: 0.02, mask2 ratio: 0.07, mask3 ratio: 0.10, mask4 ratio: 0.81
2026-01-22 18:48:35,906 - root - INFO - mask1 ratio: 0.01, mask2 ratio: 0.05, mask3 ratio: 0.10, mask4 ratio: 0.84
2026-01-22 18:48:36,119 - root - INFO - mask1 ratio: 0.01, mask2 ratio: 0.06, mask3 ratio: 0.10, mask4 ratio: 0.82
2026-01-22 18:48:36,334 - root - INFO - mask1 ratio: 0.01, mask2 ratio: 0.12, mask3 ratio: 0.10, mask4 ratio: 0.77
2026-01-22 18:48:36,575 - root - INFO - mask1 ratio: 0.00, mask2 ratio: 0.02, mask3 ratio: 0.10, mask4 ratio: 0.88
2026-01-22 18:48:36,601 - root - INFO - time 5.33
2026-01-22 18:48:36,606 - root - INFO - 11 mlp.gate_proj
2026-01-22 18:48:36,606 - root - INFO - Quantizing ...
2026-01-22 18:48:36,850 - root - INFO - mask1 ratio: 0.01, mask2 ratio: 0.06, mask3 ratio: 0.10, mask4 ratio: 0.83
2026-01-22 18:48:37,111 - root - INFO - mask1 ratio: 0.01, mask2 ratio: 0.03, mask3 ratio: 0.10, mask4 ratio: 0.86
2026-01-22 18:48:37,374 - root - INFO - mask1 ratio: 0.01, mask2 ratio: 0.05, mask3 ratio: 0.10, mask4 ratio: 0.85
2026-01-22 18:48:37,638 - root - INFO - mask1 ratio: 0.01, mask2 ratio: 0.08, mask3 ratio: 0.10, mask4 ratio: 0.81
2026-01-22 18:48:37,942 - root - INFO - mask1 ratio: 0.00, mask2 ratio: 0.03, mask3 ratio: 0.10, mask4 ratio: 0.87
2026-01-22 18:48:38,205 - root - INFO - mask1 ratio: 0.01, mask2 ratio: 0.06, mask3 ratio: 0.10, mask4 ratio: 0.84
2026-01-22 18:48:38,471 - root - INFO - mask1 ratio: 0.01, mask2 ratio: 0.08, mask3 ratio: 0.10, mask4 ratio: 0.81
2026-01-22 18:48:38,737 - root - INFO - mask1 ratio: 0.01, mask2 ratio: 0.12, mask3 ratio: 0.10, mask4 ratio: 0.77
2026-01-22 18:48:39,000 - root - INFO - mask1 ratio: 0.00, mask2 ratio: 0.03, mask3 ratio: 0.10, mask4 ratio: 0.86
2026-01-22 18:48:39,291 - root - INFO - mask1 ratio: 0.01, mask2 ratio: 0.08, mask3 ratio: 0.10, mask4 ratio: 0.81
2026-01-22 18:48:39,557 - root - INFO - mask1 ratio: 0.01, mask2 ratio: 0.11, mask3 ratio: 0.10, mask4 ratio: 0.77
2026-01-22 18:48:39,821 - root - INFO - mask1 ratio: 0.01, mask2 ratio: 0.08, mask3 ratio: 0.10, mask4 ratio: 0.81
2026-01-22 18:48:40,082 - root - INFO - mask1 ratio: 0.01, mask2 ratio: 0.06, mask3 ratio: 0.10, mask4 ratio: 0.84
2026-01-22 18:48:40,344 - root - INFO - mask1 ratio: 0.01, mask2 ratio: 0.07, mask3 ratio: 0.10, mask4 ratio: 0.82
2026-01-22 18:48:40,648 - root - INFO - mask1 ratio: 0.01, mask2 ratio: 0.08, mask3 ratio: 0.10, mask4 ratio: 0.81
2026-01-22 18:48:40,909 - root - INFO - mask1 ratio: 0.00, mask2 ratio: 0.04, mask3 ratio: 0.10, mask4 ratio: 0.85
2026-01-22 18:48:41,172 - root - INFO - mask1 ratio: 0.01, mask2 ratio: 0.07, mask3 ratio: 0.10, mask4 ratio: 0.82
2026-01-22 18:48:41,434 - root - INFO - mask1 ratio: 0.01, mask2 ratio: 0.04, mask3 ratio: 0.10, mask4 ratio: 0.85
2026-01-22 18:48:41,695 - root - INFO - mask1 ratio: 0.00, mask2 ratio: 0.04, mask3 ratio: 0.10, mask4 ratio: 0.86
2026-01-22 18:48:41,985 - root - INFO - mask1 ratio: 0.00, mask2 ratio: 0.04, mask3 ratio: 0.10, mask4 ratio: 0.86
2026-01-22 18:48:42,248 - root - INFO - mask1 ratio: 0.01, mask2 ratio: 0.08, mask3 ratio: 0.10, mask4 ratio: 0.81
2026-01-22 18:48:42,510 - root - INFO - mask1 ratio: 0.01, mask2 ratio: 0.09, mask3 ratio: 0.10, mask4 ratio: 0.80
2026-01-22 18:48:42,771 - root - INFO - mask1 ratio: 0.00, mask2 ratio: 0.04, mask3 ratio: 0.10, mask4 ratio: 0.85
2026-01-22 18:48:43,034 - root - INFO - mask1 ratio: 0.01, mask2 ratio: 0.07, mask3 ratio: 0.10, mask4 ratio: 0.82
2026-01-22 18:48:43,064 - root - INFO - time 6.46
2026-01-22 18:48:43,071 - root - INFO - 11 mlp.up_proj
2026-01-22 18:48:43,071 - root - INFO - Quantizing ...
2026-01-22 18:48:43,356 - root - INFO - mask1 ratio: 0.00, mask2 ratio: 0.03, mask3 ratio: 0.10, mask4 ratio: 0.87
2026-01-22 18:48:43,616 - root - INFO - mask1 ratio: 0.00, mask2 ratio: 0.03, mask3 ratio: 0.10, mask4 ratio: 0.87
2026-01-22 18:48:43,881 - root - INFO - mask1 ratio: 0.00, mask2 ratio: 0.03, mask3 ratio: 0.10, mask4 ratio: 0.87
2026-01-22 18:48:44,141 - root - INFO - mask1 ratio: 0.01, mask2 ratio: 0.02, mask3 ratio: 0.10, mask4 ratio: 0.87
2026-01-22 18:48:44,404 - root - INFO - mask1 ratio: 0.01, mask2 ratio: 0.06, mask3 ratio: 0.10, mask4 ratio: 0.84
2026-01-22 18:48:44,686 - root - INFO - mask1 ratio: 0.00, mask2 ratio: 0.03, mask3 ratio: 0.10, mask4 ratio: 0.87
2026-01-22 18:48:44,949 - root - INFO - mask1 ratio: 0.01, mask2 ratio: 0.06, mask3 ratio: 0.10, mask4 ratio: 0.84
2026-01-22 18:48:45,208 - root - INFO - mask1 ratio: 0.00, mask2 ratio: 0.03, mask3 ratio: 0.10, mask4 ratio: 0.86
2026-01-22 18:48:45,470 - root - INFO - mask1 ratio: 0.01, mask2 ratio: 0.07, mask3 ratio: 0.10, mask4 ratio: 0.82
2026-01-22 18:48:45,731 - root - INFO - mask1 ratio: 0.01, mask2 ratio: 0.06, mask3 ratio: 0.10, mask4 ratio: 0.84
2026-01-22 18:48:46,029 - root - INFO - mask1 ratio: 0.01, mask2 ratio: 0.05, mask3 ratio: 0.10, mask4 ratio: 0.85
2026-01-22 18:48:46,292 - root - INFO - mask1 ratio: 0.01, mask2 ratio: 0.06, mask3 ratio: 0.10, mask4 ratio: 0.84
2026-01-22 18:48:46,555 - root - INFO - mask1 ratio: 0.01, mask2 ratio: 0.11, mask3 ratio: 0.10, mask4 ratio: 0.77
2026-01-22 18:48:46,816 - root - INFO - mask1 ratio: 0.01, mask2 ratio: 0.03, mask3 ratio: 0.10, mask4 ratio: 0.86
2026-01-22 18:48:47,078 - root - INFO - mask1 ratio: 0.01, mask2 ratio: 0.04, mask3 ratio: 0.10, mask4 ratio: 0.85
2026-01-22 18:48:47,352 - root - INFO - mask1 ratio: 0.01, mask2 ratio: 0.03, mask3 ratio: 0.10, mask4 ratio: 0.86
2026-01-22 18:48:47,625 - root - INFO - mask1 ratio: 0.01, mask2 ratio: 0.05, mask3 ratio: 0.10, mask4 ratio: 0.84
2026-01-22 18:48:47,887 - root - INFO - mask1 ratio: 0.00, mask2 ratio: 0.03, mask3 ratio: 0.10, mask4 ratio: 0.87
2026-01-22 18:48:48,153 - root - INFO - mask1 ratio: 0.00, mask2 ratio: 0.04, mask3 ratio: 0.10, mask4 ratio: 0.86
2026-01-22 18:48:48,415 - root - INFO - mask1 ratio: 0.01, mask2 ratio: 0.03, mask3 ratio: 0.10, mask4 ratio: 0.86
2026-01-22 18:48:48,702 - root - INFO - mask1 ratio: 0.00, mask2 ratio: 0.04, mask3 ratio: 0.10, mask4 ratio: 0.85
2026-01-22 18:48:48,980 - root - INFO - mask1 ratio: 0.01, mask2 ratio: 0.06, mask3 ratio: 0.10, mask4 ratio: 0.83
2026-01-22 18:48:49,242 - root - INFO - mask1 ratio: 0.00, mask2 ratio: 0.04, mask3 ratio: 0.10, mask4 ratio: 0.85
2026-01-22 18:48:49,501 - root - INFO - mask1 ratio: 0.01, mask2 ratio: 0.03, mask3 ratio: 0.10, mask4 ratio: 0.87
2026-01-22 18:48:49,531 - root - INFO - time 6.46
2026-01-22 18:48:49,539 - root - INFO - 11 mlp.down_proj
2026-01-22 18:48:49,539 - root - INFO - Quantizing ...
2026-01-22 18:48:49,795 - root - INFO - mask1 ratio: 0.02, mask2 ratio: 0.06, mask3 ratio: 0.10, mask4 ratio: 0.82
2026-01-22 18:48:50,010 - root - INFO - mask1 ratio: 0.01, mask2 ratio: 0.02, mask3 ratio: 0.10, mask4 ratio: 0.87
2026-01-22 18:48:50,249 - root - INFO - mask1 ratio: 0.00, mask2 ratio: 0.02, mask3 ratio: 0.10, mask4 ratio: 0.88
2026-01-22 18:48:50,465 - root - INFO - mask1 ratio: 0.01, mask2 ratio: 0.04, mask3 ratio: 0.10, mask4 ratio: 0.85
2026-01-22 18:48:50,679 - root - INFO - mask1 ratio: 0.00, mask2 ratio: 0.02, mask3 ratio: 0.10, mask4 ratio: 0.88
2026-01-22 18:48:50,893 - root - INFO - mask1 ratio: 0.02, mask2 ratio: 0.07, mask3 ratio: 0.10, mask4 ratio: 0.81
2026-01-22 18:48:51,109 - root - INFO - mask1 ratio: 0.00, mask2 ratio: 0.02, mask3 ratio: 0.10, mask4 ratio: 0.88
2026-01-22 18:48:51,323 - root - INFO - mask1 ratio: 0.01, mask2 ratio: 0.00, mask3 ratio: 0.10, mask4 ratio: 0.88
2026-01-22 18:48:51,539 - root - INFO - mask1 ratio: 0.03, mask2 ratio: 0.24, mask3 ratio: 0.10, mask4 ratio: 0.63
2026-01-22 18:48:51,791 - root - INFO - mask1 ratio: 0.02, mask2 ratio: 0.12, mask3 ratio: 0.10, mask4 ratio: 0.76
2026-01-22 18:48:52,007 - root - INFO - mask1 ratio: 0.01, mask2 ratio: 0.04, mask3 ratio: 0.10, mask4 ratio: 0.85
2026-01-22 18:48:52,245 - root - INFO - mask1 ratio: 0.02, mask2 ratio: 0.09, mask3 ratio: 0.10, mask4 ratio: 0.79
2026-01-22 18:48:52,461 - root - INFO - mask1 ratio: 0.02, mask2 ratio: 0.08, mask3 ratio: 0.10, mask4 ratio: 0.81
2026-01-22 18:48:52,679 - root - INFO - mask1 ratio: 0.01, mask2 ratio: 0.03, mask3 ratio: 0.10, mask4 ratio: 0.87
2026-01-22 18:48:52,893 - root - INFO - mask1 ratio: 0.01, mask2 ratio: 0.02, mask3 ratio: 0.10, mask4 ratio: 0.87
2026-01-22 18:48:53,110 - root - INFO - mask1 ratio: 0.01, mask2 ratio: 0.02, mask3 ratio: 0.10, mask4 ratio: 0.87
2026-01-22 18:48:53,354 - root - INFO - mask1 ratio: 0.02, mask2 ratio: 0.15, mask3 ratio: 0.10, mask4 ratio: 0.73
2026-01-22 18:48:53,570 - root - INFO - mask1 ratio: 0.02, mask2 ratio: 0.18, mask3 ratio: 0.10, mask4 ratio: 0.70
2026-01-22 18:48:53,784 - root - INFO - mask1 ratio: 0.01, mask2 ratio: 0.02, mask3 ratio: 0.10, mask4 ratio: 0.87
2026-01-22 18:48:53,998 - root - INFO - mask1 ratio: 0.01, mask2 ratio: 0.02, mask3 ratio: 0.10, mask4 ratio: 0.87
2026-01-22 18:48:54,213 - root - INFO - mask1 ratio: 0.00, mask2 ratio: 0.02, mask3 ratio: 0.10, mask4 ratio: 0.88
2026-01-22 18:48:54,429 - root - INFO - mask1 ratio: 0.01, mask2 ratio: 0.02, mask3 ratio: 0.10, mask4 ratio: 0.87
2026-01-22 18:48:54,642 - root - INFO - mask1 ratio: 0.01, mask2 ratio: 0.04, mask3 ratio: 0.10, mask4 ratio: 0.85
2026-01-22 18:48:54,896 - root - INFO - mask1 ratio: 0.01, mask2 ratio: 0.02, mask3 ratio: 0.10, mask4 ratio: 0.88
2026-01-22 18:48:55,112 - root - INFO - mask1 ratio: 0.01, mask2 ratio: 0.03, mask3 ratio: 0.10, mask4 ratio: 0.87
2026-01-22 18:48:55,330 - root - INFO - mask1 ratio: 0.02, mask2 ratio: 0.15, mask3 ratio: 0.10, mask4 ratio: 0.73
2026-01-22 18:48:55,556 - root - INFO - mask1 ratio: 0.02, mask2 ratio: 0.13, mask3 ratio: 0.10, mask4 ratio: 0.74
2026-01-22 18:48:55,786 - root - INFO - mask1 ratio: 0.01, mask2 ratio: 0.04, mask3 ratio: 0.10, mask4 ratio: 0.85
2026-01-22 18:48:56,002 - root - INFO - mask1 ratio: 0.00, mask2 ratio: 0.02, mask3 ratio: 0.10, mask4 ratio: 0.88
2026-01-22 18:48:56,231 - root - INFO - mask1 ratio: 0.01, mask2 ratio: 0.04, mask3 ratio: 0.10, mask4 ratio: 0.85
2026-01-22 18:48:56,451 - root - INFO - mask1 ratio: 0.00, mask2 ratio: 0.02, mask3 ratio: 0.10, mask4 ratio: 0.88
2026-01-22 18:48:56,667 - root - INFO - mask1 ratio: 0.01, mask2 ratio: 0.06, mask3 ratio: 0.10, mask4 ratio: 0.83
2026-01-22 18:48:56,889 - root - INFO - mask1 ratio: 0.02, mask2 ratio: 0.08, mask3 ratio: 0.10, mask4 ratio: 0.81
2026-01-22 18:48:57,105 - root - INFO - mask1 ratio: 0.01, mask2 ratio: 0.04, mask3 ratio: 0.10, mask4 ratio: 0.85
2026-01-22 18:48:57,322 - root - INFO - mask1 ratio: 0.02, mask2 ratio: 0.06, mask3 ratio: 0.10, mask4 ratio: 0.82
2026-01-22 18:48:57,536 - root - INFO - mask1 ratio: 0.01, mask2 ratio: 0.02, mask3 ratio: 0.10, mask4 ratio: 0.88
2026-01-22 18:48:57,789 - root - INFO - mask1 ratio: 0.01, mask2 ratio: 0.05, mask3 ratio: 0.10, mask4 ratio: 0.84
2026-01-22 18:48:58,003 - root - INFO - mask1 ratio: 0.00, mask2 ratio: 0.02, mask3 ratio: 0.10, mask4 ratio: 0.88
2026-01-22 18:48:58,219 - root - INFO - mask1 ratio: 0.02, mask2 ratio: 0.08, mask3 ratio: 0.10, mask4 ratio: 0.81
2026-01-22 18:48:58,434 - root - INFO - mask1 ratio: 0.01, mask2 ratio: 0.02, mask3 ratio: 0.10, mask4 ratio: 0.88
2026-01-22 18:48:58,648 - root - INFO - mask1 ratio: 0.01, mask2 ratio: 0.04, mask3 ratio: 0.10, mask4 ratio: 0.85
2026-01-22 18:48:58,863 - root - INFO - mask1 ratio: 0.01, mask2 ratio: 0.04, mask3 ratio: 0.10, mask4 ratio: 0.85
2026-01-22 18:48:59,077 - root - INFO - mask1 ratio: 0.01, mask2 ratio: 0.03, mask3 ratio: 0.10, mask4 ratio: 0.86
2026-01-22 18:48:59,318 - root - INFO - mask1 ratio: 0.01, mask2 ratio: 0.04, mask3 ratio: 0.10, mask4 ratio: 0.85
2026-01-22 18:48:59,531 - root - INFO - mask1 ratio: 0.01, mask2 ratio: 0.02, mask3 ratio: 0.10, mask4 ratio: 0.88
2026-01-22 18:48:59,746 - root - INFO - mask1 ratio: 0.02, mask2 ratio: 0.13, mask3 ratio: 0.10, mask4 ratio: 0.74
2026-01-22 18:48:59,958 - root - INFO - mask1 ratio: 0.01, mask2 ratio: 0.03, mask3 ratio: 0.10, mask4 ratio: 0.86
2026-01-22 18:49:00,172 - root - INFO - mask1 ratio: 0.01, mask2 ratio: 0.02, mask3 ratio: 0.10, mask4 ratio: 0.87
2026-01-22 18:49:00,387 - root - INFO - mask1 ratio: 0.01, mask2 ratio: 0.02, mask3 ratio: 0.10, mask4 ratio: 0.88
2026-01-22 18:49:00,601 - root - INFO - mask1 ratio: 0.01, mask2 ratio: 0.04, mask3 ratio: 0.10, mask4 ratio: 0.85
2026-01-22 18:49:00,853 - root - INFO - mask1 ratio: 0.01, mask2 ratio: 0.03, mask3 ratio: 0.10, mask4 ratio: 0.86
2026-01-22 18:49:01,068 - root - INFO - mask1 ratio: 0.01, mask2 ratio: 0.04, mask3 ratio: 0.10, mask4 ratio: 0.85
2026-01-22 18:49:01,283 - root - INFO - mask1 ratio: 0.01, mask2 ratio: 0.04, mask3 ratio: 0.10, mask4 ratio: 0.85
2026-01-22 18:49:01,501 - root - INFO - mask1 ratio: 0.01, mask2 ratio: 0.06, mask3 ratio: 0.10, mask4 ratio: 0.83
2026-01-22 18:49:01,715 - root - INFO - mask1 ratio: 0.01, mask2 ratio: 0.04, mask3 ratio: 0.10, mask4 ratio: 0.85
2026-01-22 18:49:01,930 - root - INFO - mask1 ratio: 0.01, mask2 ratio: 0.04, mask3 ratio: 0.10, mask4 ratio: 0.85
2026-01-22 18:49:02,147 - root - INFO - mask1 ratio: 0.02, mask2 ratio: 0.12, mask3 ratio: 0.10, mask4 ratio: 0.76
2026-01-22 18:49:02,388 - root - INFO - mask1 ratio: 0.02, mask2 ratio: 0.10, mask3 ratio: 0.10, mask4 ratio: 0.78
2026-01-22 18:49:02,603 - root - INFO - mask1 ratio: 0.01, mask2 ratio: 0.04, mask3 ratio: 0.10, mask4 ratio: 0.85
2026-01-22 18:49:02,819 - root - INFO - mask1 ratio: 0.02, mask2 ratio: 0.10, mask3 ratio: 0.10, mask4 ratio: 0.78
2026-01-22 18:49:03,034 - root - INFO - mask1 ratio: 0.01, mask2 ratio: 0.02, mask3 ratio: 0.10, mask4 ratio: 0.87
2026-01-22 18:49:03,249 - root - INFO - mask1 ratio: 0.01, mask2 ratio: 0.02, mask3 ratio: 0.10, mask4 ratio: 0.88
2026-01-22 18:49:03,467 - root - INFO - mask1 ratio: 0.02, mask2 ratio: 0.02, mask3 ratio: 0.10, mask4 ratio: 0.87
2026-01-22 18:49:03,682 - root - INFO - mask1 ratio: 0.01, mask2 ratio: 0.03, mask3 ratio: 0.10, mask4 ratio: 0.86
2026-01-22 18:49:03,708 - root - INFO - time 14.17
2026-01-22 18:49:06,244 - root - INFO - 12 self_attn.q_proj
2026-01-22 18:49:06,245 - root - INFO - Quantizing ...
2026-01-22 18:49:06,642 - root - INFO - mask1 ratio: 0.00, mask2 ratio: 0.02, mask3 ratio: 0.10, mask4 ratio: 0.88
2026-01-22 18:49:06,856 - root - INFO - mask1 ratio: 0.00, mask2 ratio: 0.02, mask3 ratio: 0.10, mask4 ratio: 0.88
2026-01-22 18:49:07,070 - root - INFO - mask1 ratio: 0.00, mask2 ratio: 0.02, mask3 ratio: 0.10, mask4 ratio: 0.88
2026-01-22 18:49:07,284 - root - INFO - mask1 ratio: 0.00, mask2 ratio: 0.03, mask3 ratio: 0.10, mask4 ratio: 0.86
2026-01-22 18:49:07,499 - root - INFO - mask1 ratio: 0.00, mask2 ratio: 0.03, mask3 ratio: 0.10, mask4 ratio: 0.87
2026-01-22 18:49:07,732 - root - INFO - mask1 ratio: 0.00, mask2 ratio: 0.03, mask3 ratio: 0.10, mask4 ratio: 0.87
2026-01-22 18:49:07,949 - root - INFO - mask1 ratio: 0.00, mask2 ratio: 0.03, mask3 ratio: 0.10, mask4 ratio: 0.87
2026-01-22 18:49:08,163 - root - INFO - mask1 ratio: 0.00, mask2 ratio: 0.02, mask3 ratio: 0.10, mask4 ratio: 0.88
2026-01-22 18:49:08,379 - root - INFO - mask1 ratio: 0.01, mask2 ratio: 0.04, mask3 ratio: 0.10, mask4 ratio: 0.85
2026-01-22 18:49:08,595 - root - INFO - mask1 ratio: 0.00, mask2 ratio: 0.04, mask3 ratio: 0.10, mask4 ratio: 0.85
2026-01-22 18:49:08,810 - root - INFO - mask1 ratio: 0.00, mask2 ratio: 0.02, mask3 ratio: 0.10, mask4 ratio: 0.88
2026-01-22 18:49:09,024 - root - INFO - mask1 ratio: 0.01, mask2 ratio: 0.03, mask3 ratio: 0.10, mask4 ratio: 0.87
2026-01-22 18:49:09,277 - root - INFO - mask1 ratio: 0.00, mask2 ratio: 0.03, mask3 ratio: 0.10, mask4 ratio: 0.87
2026-01-22 18:49:09,494 - root - INFO - mask1 ratio: 0.01, mask2 ratio: 0.03, mask3 ratio: 0.10, mask4 ratio: 0.86
2026-01-22 18:49:09,711 - root - INFO - mask1 ratio: 0.00, mask2 ratio: 0.02, mask3 ratio: 0.10, mask4 ratio: 0.88
2026-01-22 18:49:09,925 - root - INFO - mask1 ratio: 0.00, mask2 ratio: 0.02, mask3 ratio: 0.10, mask4 ratio: 0.88
2026-01-22 18:49:10,139 - root - INFO - mask1 ratio: 0.00, mask2 ratio: 0.02, mask3 ratio: 0.10, mask4 ratio: 0.88
2026-01-22 18:49:10,353 - root - INFO - mask1 ratio: 0.00, mask2 ratio: 0.03, mask3 ratio: 0.10, mask4 ratio: 0.87
2026-01-22 18:49:10,567 - root - INFO - mask1 ratio: 0.00, mask2 ratio: 0.02, mask3 ratio: 0.10, mask4 ratio: 0.88
2026-01-22 18:49:10,810 - root - INFO - mask1 ratio: 0.01, mask2 ratio: 0.04, mask3 ratio: 0.10, mask4 ratio: 0.85
2026-01-22 18:49:11,023 - root - INFO - mask1 ratio: 0.00, mask2 ratio: 0.02, mask3 ratio: 0.10, mask4 ratio: 0.88
2026-01-22 18:49:11,236 - root - INFO - mask1 ratio: 0.00, mask2 ratio: 0.03, mask3 ratio: 0.10, mask4 ratio: 0.86
2026-01-22 18:49:11,449 - root - INFO - mask1 ratio: 0.00, mask2 ratio: 0.02, mask3 ratio: 0.10, mask4 ratio: 0.88
2026-01-22 18:49:11,663 - root - INFO - mask1 ratio: 0.00, mask2 ratio: 0.02, mask3 ratio: 0.10, mask4 ratio: 0.88
2026-01-22 18:49:11,690 - root - INFO - time 5.45
2026-01-22 18:49:11,700 - root - INFO - 12 self_attn.k_proj
2026-01-22 18:49:11,700 - root - INFO - Quantizing ...
2026-01-22 18:49:11,904 - root - INFO - mask1 ratio: 0.00, mask2 ratio: 0.02, mask3 ratio: 0.10, mask4 ratio: 0.88
2026-01-22 18:49:12,104 - root - INFO - mask1 ratio: 0.00, mask2 ratio: 0.02, mask3 ratio: 0.10, mask4 ratio: 0.88
2026-01-22 18:49:12,345 - root - INFO - mask1 ratio: 0.00, mask2 ratio: 0.02, mask3 ratio: 0.10, mask4 ratio: 0.88
2026-01-22 18:49:12,557 - root - INFO - mask1 ratio: 0.01, mask2 ratio: 0.02, mask3 ratio: 0.10, mask4 ratio: 0.87
2026-01-22 18:49:12,761 - root - INFO - mask1 ratio: 0.00, mask2 ratio: 0.02, mask3 ratio: 0.10, mask4 ratio: 0.88
2026-01-22 18:49:12,974 - root - INFO - mask1 ratio: 0.00, mask2 ratio: 0.02, mask3 ratio: 0.10, mask4 ratio: 0.88
2026-01-22 18:49:13,202 - root - INFO - mask1 ratio: 0.00, mask2 ratio: 0.04, mask3 ratio: 0.10, mask4 ratio: 0.86
2026-01-22 18:49:13,421 - root - INFO - mask1 ratio: 0.00, mask2 ratio: 0.02, mask3 ratio: 0.10, mask4 ratio: 0.88
2026-01-22 18:49:13,641 - root - INFO - mask1 ratio: 0.01, mask2 ratio: 0.04, mask3 ratio: 0.10, mask4 ratio: 0.85
2026-01-22 18:49:13,880 - root - INFO - mask1 ratio: 0.00, mask2 ratio: 0.02, mask3 ratio: 0.10, mask4 ratio: 0.88
2026-01-22 18:49:14,100 - root - INFO - mask1 ratio: 0.00, mask2 ratio: 0.02, mask3 ratio: 0.10, mask4 ratio: 0.88
2026-01-22 18:49:14,315 - root - INFO - mask1 ratio: 0.00, mask2 ratio: 0.03, mask3 ratio: 0.10, mask4 ratio: 0.87
2026-01-22 18:49:14,527 - root - INFO - mask1 ratio: 0.00, mask2 ratio: 0.03, mask3 ratio: 0.10, mask4 ratio: 0.87
2026-01-22 18:49:14,752 - root - INFO - mask1 ratio: 0.01, mask2 ratio: 0.03, mask3 ratio: 0.10, mask4 ratio: 0.86
2026-01-22 18:49:14,965 - root - INFO - mask1 ratio: 0.00, mask2 ratio: 0.02, mask3 ratio: 0.10, mask4 ratio: 0.88
2026-01-22 18:49:15,179 - root - INFO - mask1 ratio: 0.00, mask2 ratio: 0.02, mask3 ratio: 0.10, mask4 ratio: 0.88
2026-01-22 18:49:15,401 - root - INFO - mask1 ratio: 0.01, mask2 ratio: 0.00, mask3 ratio: 0.10, mask4 ratio: 0.88
2026-01-22 18:49:15,621 - root - INFO - mask1 ratio: 0.00, mask2 ratio: 0.03, mask3 ratio: 0.10, mask4 ratio: 0.87
2026-01-22 18:49:15,845 - root - INFO - mask1 ratio: 0.00, mask2 ratio: 0.02, mask3 ratio: 0.10, mask4 ratio: 0.88
2026-01-22 18:49:16,070 - root - INFO - mask1 ratio: 0.01, mask2 ratio: 0.06, mask3 ratio: 0.10, mask4 ratio: 0.83
2026-01-22 18:49:16,282 - root - INFO - mask1 ratio: 0.00, mask2 ratio: 0.02, mask3 ratio: 0.10, mask4 ratio: 0.88
2026-01-22 18:49:16,492 - root - INFO - mask1 ratio: 0.00, mask2 ratio: 0.03, mask3 ratio: 0.10, mask4 ratio: 0.87
2026-01-22 18:49:16,700 - root - INFO - mask1 ratio: 0.00, mask2 ratio: 0.02, mask3 ratio: 0.10, mask4 ratio: 0.88
2026-01-22 18:49:16,909 - root - INFO - mask1 ratio: 0.01, mask2 ratio: 0.02, mask3 ratio: 0.10, mask4 ratio: 0.87
2026-01-22 18:49:16,938 - root - INFO - time 5.24
2026-01-22 18:49:16,941 - root - INFO - 12 self_attn.v_proj
2026-01-22 18:49:16,941 - root - INFO - Quantizing ...
2026-01-22 18:49:17,149 - root - INFO - mask1 ratio: 0.01, mask2 ratio: 0.02, mask3 ratio: 0.10, mask4 ratio: 0.87
2026-01-22 18:49:17,354 - root - INFO - mask1 ratio: 0.00, mask2 ratio: 0.04, mask3 ratio: 0.10, mask4 ratio: 0.85
2026-01-22 18:49:17,563 - root - INFO - mask1 ratio: 0.01, mask2 ratio: 0.02, mask3 ratio: 0.10, mask4 ratio: 0.88
2026-01-22 18:49:17,768 - root - INFO - mask1 ratio: 0.01, mask2 ratio: 0.03, mask3 ratio: 0.10, mask4 ratio: 0.86
2026-01-22 18:49:17,989 - root - INFO - mask1 ratio: 0.01, mask2 ratio: 0.06, mask3 ratio: 0.10, mask4 ratio: 0.82
2026-01-22 18:49:18,202 - root - INFO - mask1 ratio: 0.01, mask2 ratio: 0.02, mask3 ratio: 0.10, mask4 ratio: 0.87
2026-01-22 18:49:18,404 - root - INFO - mask1 ratio: 0.00, mask2 ratio: 0.02, mask3 ratio: 0.10, mask4 ratio: 0.88
2026-01-22 18:49:18,656 - root - INFO - mask1 ratio: 0.00, mask2 ratio: 0.02, mask3 ratio: 0.10, mask4 ratio: 0.88
2026-01-22 18:49:18,864 - root - INFO - mask1 ratio: 0.02, mask2 ratio: 0.10, mask3 ratio: 0.10, mask4 ratio: 0.78
2026-01-22 18:49:19,067 - root - INFO - mask1 ratio: 0.02, mask2 ratio: 0.06, mask3 ratio: 0.10, mask4 ratio: 0.82
2026-01-22 18:49:19,273 - root - INFO - mask1 ratio: 0.01, mask2 ratio: 0.02, mask3 ratio: 0.10, mask4 ratio: 0.87
2026-01-22 18:49:19,481 - root - INFO - mask1 ratio: 0.01, mask2 ratio: 0.02, mask3 ratio: 0.10, mask4 ratio: 0.87
2026-01-22 18:49:19,703 - root - INFO - mask1 ratio: 0.01, mask2 ratio: 0.03, mask3 ratio: 0.10, mask4 ratio: 0.87
2026-01-22 18:49:19,914 - root - INFO - mask1 ratio: 0.01, mask2 ratio: 0.06, mask3 ratio: 0.10, mask4 ratio: 0.83
2026-01-22 18:49:20,120 - root - INFO - mask1 ratio: 0.00, mask2 ratio: 0.02, mask3 ratio: 0.10, mask4 ratio: 0.88
2026-01-22 18:49:20,345 - root - INFO - mask1 ratio: 0.00, mask2 ratio: 0.02, mask3 ratio: 0.10, mask4 ratio: 0.88
2026-01-22 18:49:20,542 - root - INFO - mask1 ratio: 0.00, mask2 ratio: 0.02, mask3 ratio: 0.10, mask4 ratio: 0.88
2026-01-22 18:49:20,739 - root - INFO - mask1 ratio: 0.02, mask2 ratio: 0.09, mask3 ratio: 0.10, mask4 ratio: 0.80
2026-01-22 18:49:20,937 - root - INFO - mask1 ratio: 0.00, mask2 ratio: 0.03, mask3 ratio: 0.10, mask4 ratio: 0.86
2026-01-22 18:49:21,136 - root - INFO - mask1 ratio: 0.01, mask2 ratio: 0.05, mask3 ratio: 0.10, mask4 ratio: 0.84
2026-01-22 18:49:21,337 - root - INFO - mask1 ratio: 0.00, mask2 ratio: 0.03, mask3 ratio: 0.10, mask4 ratio: 0.87
2026-01-22 18:49:21,534 - root - INFO - mask1 ratio: 0.01, mask2 ratio: 0.03, mask3 ratio: 0.10, mask4 ratio: 0.86
2026-01-22 18:49:21,746 - root - INFO - mask1 ratio: 0.00, mask2 ratio: 0.02, mask3 ratio: 0.10, mask4 ratio: 0.88
2026-01-22 18:49:21,961 - root - INFO - mask1 ratio: 0.01, mask2 ratio: 0.02, mask3 ratio: 0.10, mask4 ratio: 0.87
2026-01-22 18:49:21,988 - root - INFO - time 5.05
2026-01-22 18:49:21,992 - root - INFO - 12 self_attn.o_proj
2026-01-22 18:49:21,992 - root - INFO - Quantizing ...
2026-01-22 18:49:22,191 - root - INFO - mask1 ratio: 0.02, mask2 ratio: 0.17, mask3 ratio: 0.10, mask4 ratio: 0.71
2026-01-22 18:49:22,410 - root - INFO - mask1 ratio: 0.02, mask2 ratio: 0.17, mask3 ratio: 0.10, mask4 ratio: 0.70
2026-01-22 18:49:22,629 - root - INFO - mask1 ratio: 0.02, mask2 ratio: 0.14, mask3 ratio: 0.10, mask4 ratio: 0.74
2026-01-22 18:49:22,847 - root - INFO - mask1 ratio: 0.02, mask2 ratio: 0.12, mask3 ratio: 0.10, mask4 ratio: 0.76
2026-01-22 18:49:23,062 - root - INFO - mask1 ratio: 0.02, mask2 ratio: 0.10, mask3 ratio: 0.10, mask4 ratio: 0.78
2026-01-22 18:49:23,305 - root - INFO - mask1 ratio: 0.02, mask2 ratio: 0.07, mask3 ratio: 0.10, mask4 ratio: 0.81
2026-01-22 18:49:23,519 - root - INFO - mask1 ratio: 0.01, mask2 ratio: 0.06, mask3 ratio: 0.10, mask4 ratio: 0.83
2026-01-22 18:49:23,732 - root - INFO - mask1 ratio: 0.01, mask2 ratio: 0.04, mask3 ratio: 0.10, mask4 ratio: 0.85
2026-01-22 18:49:23,945 - root - INFO - mask1 ratio: 0.01, mask2 ratio: 0.04, mask3 ratio: 0.10, mask4 ratio: 0.85
2026-01-22 18:49:24,160 - root - INFO - mask1 ratio: 0.01, mask2 ratio: 0.03, mask3 ratio: 0.10, mask4 ratio: 0.86
2026-01-22 18:49:24,373 - root - INFO - mask1 ratio: 0.01, mask2 ratio: 0.03, mask3 ratio: 0.10, mask4 ratio: 0.86
2026-01-22 18:49:24,587 - root - INFO - mask1 ratio: 0.01, mask2 ratio: 0.04, mask3 ratio: 0.10, mask4 ratio: 0.85
2026-01-22 18:49:24,838 - root - INFO - mask1 ratio: 0.02, mask2 ratio: 0.15, mask3 ratio: 0.10, mask4 ratio: 0.74
2026-01-22 18:49:25,054 - root - INFO - mask1 ratio: 0.02, mask2 ratio: 0.15, mask3 ratio: 0.10, mask4 ratio: 0.74
2026-01-22 18:49:25,270 - root - INFO - mask1 ratio: 0.02, mask2 ratio: 0.13, mask3 ratio: 0.10, mask4 ratio: 0.75
2026-01-22 18:49:25,485 - root - INFO - mask1 ratio: 0.01, mask2 ratio: 0.03, mask3 ratio: 0.10, mask4 ratio: 0.86
2026-01-22 18:49:25,700 - root - INFO - mask1 ratio: 0.01, mask2 ratio: 0.03, mask3 ratio: 0.10, mask4 ratio: 0.86
2026-01-22 18:49:25,914 - root - INFO - mask1 ratio: 0.02, mask2 ratio: 0.09, mask3 ratio: 0.10, mask4 ratio: 0.80
2026-01-22 18:49:26,129 - root - INFO - mask1 ratio: 0.01, mask2 ratio: 0.04, mask3 ratio: 0.10, mask4 ratio: 0.85
2026-01-22 18:49:26,368 - root - INFO - mask1 ratio: 0.01, mask2 ratio: 0.04, mask3 ratio: 0.10, mask4 ratio: 0.85
2026-01-22 18:49:26,582 - root - INFO - mask1 ratio: 0.01, mask2 ratio: 0.02, mask3 ratio: 0.10, mask4 ratio: 0.87
2026-01-22 18:49:26,799 - root - INFO - mask1 ratio: 0.00, mask2 ratio: 0.02, mask3 ratio: 0.10, mask4 ratio: 0.88
2026-01-22 18:49:27,012 - root - INFO - mask1 ratio: 0.01, mask2 ratio: 0.02, mask3 ratio: 0.10, mask4 ratio: 0.87
2026-01-22 18:49:27,244 - root - INFO - mask1 ratio: 0.01, mask2 ratio: 0.09, mask3 ratio: 0.10, mask4 ratio: 0.80
2026-01-22 18:49:27,270 - root - INFO - time 5.28
2026-01-22 18:49:27,274 - root - INFO - 12 mlp.gate_proj
2026-01-22 18:49:27,275 - root - INFO - Quantizing ...
2026-01-22 18:49:27,516 - root - INFO - mask1 ratio: 0.01, mask2 ratio: 0.06, mask3 ratio: 0.10, mask4 ratio: 0.84
2026-01-22 18:49:27,817 - root - INFO - mask1 ratio: 0.00, mask2 ratio: 0.04, mask3 ratio: 0.10, mask4 ratio: 0.85
2026-01-22 18:49:28,081 - root - INFO - mask1 ratio: 0.00, mask2 ratio: 0.04, mask3 ratio: 0.10, mask4 ratio: 0.85
2026-01-22 18:49:28,347 - root - INFO - mask1 ratio: 0.01, mask2 ratio: 0.11, mask3 ratio: 0.10, mask4 ratio: 0.77
2026-01-22 18:49:28,610 - root - INFO - mask1 ratio: 0.01, mask2 ratio: 0.03, mask3 ratio: 0.10, mask4 ratio: 0.86
2026-01-22 18:49:28,872 - root - INFO - mask1 ratio: 0.01, mask2 ratio: 0.05, mask3 ratio: 0.10, mask4 ratio: 0.85
2026-01-22 18:49:29,145 - root - INFO - mask1 ratio: 0.01, mask2 ratio: 0.06, mask3 ratio: 0.10, mask4 ratio: 0.84
2026-01-22 18:49:29,419 - root - INFO - mask1 ratio: 0.00, mask2 ratio: 0.04, mask3 ratio: 0.10, mask4 ratio: 0.86
2026-01-22 18:49:29,680 - root - INFO - mask1 ratio: 0.01, mask2 ratio: 0.05, mask3 ratio: 0.10, mask4 ratio: 0.85
2026-01-22 18:49:29,943 - root - INFO - mask1 ratio: 0.01, mask2 ratio: 0.07, mask3 ratio: 0.10, mask4 ratio: 0.82
2026-01-22 18:49:30,204 - root - INFO - mask1 ratio: 0.01, mask2 ratio: 0.08, mask3 ratio: 0.10, mask4 ratio: 0.81
2026-01-22 18:49:30,486 - root - INFO - mask1 ratio: 0.01, mask2 ratio: 0.08, mask3 ratio: 0.10, mask4 ratio: 0.81
2026-01-22 18:49:30,764 - root - INFO - mask1 ratio: 0.00, mask2 ratio: 0.02, mask3 ratio: 0.10, mask4 ratio: 0.88
2026-01-22 18:49:31,027 - root - INFO - mask1 ratio: 0.01, mask2 ratio: 0.06, mask3 ratio: 0.10, mask4 ratio: 0.84
2026-01-22 18:49:31,292 - root - INFO - mask1 ratio: 0.00, mask2 ratio: 0.02, mask3 ratio: 0.10, mask4 ratio: 0.88
2026-01-22 18:49:31,553 - root - INFO - mask1 ratio: 0.00, mask2 ratio: 0.04, mask3 ratio: 0.10, mask4 ratio: 0.86
2026-01-22 18:49:31,816 - root - INFO - mask1 ratio: 0.01, mask2 ratio: 0.05, mask3 ratio: 0.10, mask4 ratio: 0.85
2026-01-22 18:49:32,102 - root - INFO - mask1 ratio: 0.01, mask2 ratio: 0.05, mask3 ratio: 0.10, mask4 ratio: 0.85
2026-01-22 18:49:32,363 - root - INFO - mask1 ratio: 0.00, mask2 ratio: 0.04, mask3 ratio: 0.10, mask4 ratio: 0.85
2026-01-22 18:49:32,629 - root - INFO - mask1 ratio: 0.00, mask2 ratio: 0.03, mask3 ratio: 0.10, mask4 ratio: 0.87
2026-01-22 18:49:32,892 - root - INFO - mask1 ratio: 0.01, mask2 ratio: 0.07, mask3 ratio: 0.10, mask4 ratio: 0.82
2026-01-22 18:49:33,154 - root - INFO - mask1 ratio: 0.01, mask2 ratio: 0.08, mask3 ratio: 0.10, mask4 ratio: 0.81
2026-01-22 18:49:33,458 - root - INFO - mask1 ratio: 0.00, mask2 ratio: 0.04, mask3 ratio: 0.10, mask4 ratio: 0.85
2026-01-22 18:49:33,721 - root - INFO - mask1 ratio: 0.01, mask2 ratio: 0.04, mask3 ratio: 0.10, mask4 ratio: 0.85
2026-01-22 18:49:33,750 - root - INFO - time 6.48
2026-01-22 18:49:33,758 - root - INFO - 12 mlp.up_proj
2026-01-22 18:49:33,758 - root - INFO - Quantizing ...
2026-01-22 18:49:34,001 - root - INFO - mask1 ratio: 0.00, mask2 ratio: 0.04, mask3 ratio: 0.10, mask4 ratio: 0.86
2026-01-22 18:49:34,265 - root - INFO - mask1 ratio: 0.01, mask2 ratio: 0.10, mask3 ratio: 0.10, mask4 ratio: 0.79
2026-01-22 18:49:34,527 - root - INFO - mask1 ratio: 0.01, mask2 ratio: 0.04, mask3 ratio: 0.10, mask4 ratio: 0.85
2026-01-22 18:49:34,814 - root - INFO - mask1 ratio: 0.01, mask2 ratio: 0.08, mask3 ratio: 0.10, mask4 ratio: 0.81
2026-01-22 18:49:35,075 - root - INFO - mask1 ratio: 0.01, mask2 ratio: 0.05, mask3 ratio: 0.10, mask4 ratio: 0.85
2026-01-22 18:49:35,337 - root - INFO - mask1 ratio: 0.00, mask2 ratio: 0.03, mask3 ratio: 0.10, mask4 ratio: 0.87
2026-01-22 18:49:35,602 - root - INFO - mask1 ratio: 0.01, mask2 ratio: 0.06, mask3 ratio: 0.10, mask4 ratio: 0.84
2026-01-22 18:49:35,863 - root - INFO - mask1 ratio: 0.01, mask2 ratio: 0.03, mask3 ratio: 0.10, mask4 ratio: 0.86
2026-01-22 18:49:36,166 - root - INFO - mask1 ratio: 0.00, mask2 ratio: 0.04, mask3 ratio: 0.10, mask4 ratio: 0.86
2026-01-22 18:49:36,428 - root - INFO - mask1 ratio: 0.00, mask2 ratio: 0.03, mask3 ratio: 0.10, mask4 ratio: 0.86
2026-01-22 18:49:36,692 - root - INFO - mask1 ratio: 0.01, mask2 ratio: 0.08, mask3 ratio: 0.10, mask4 ratio: 0.81
2026-01-22 18:49:36,953 - root - INFO - mask1 ratio: 0.01, mask2 ratio: 0.07, mask3 ratio: 0.10, mask4 ratio: 0.82
2026-01-22 18:49:37,217 - root - INFO - mask1 ratio: 0.01, mask2 ratio: 0.05, mask3 ratio: 0.10, mask4 ratio: 0.85
2026-01-22 18:49:37,510 - root - INFO - mask1 ratio: 0.00, mask2 ratio: 0.04, mask3 ratio: 0.10, mask4 ratio: 0.86
2026-01-22 18:49:37,772 - root - INFO - mask1 ratio: 0.01, mask2 ratio: 0.04, mask3 ratio: 0.10, mask4 ratio: 0.85
2026-01-22 18:49:38,034 - root - INFO - mask1 ratio: 0.01, mask2 ratio: 0.05, mask3 ratio: 0.10, mask4 ratio: 0.85
2026-01-22 18:49:38,298 - root - INFO - mask1 ratio: 0.01, mask2 ratio: 0.06, mask3 ratio: 0.10, mask4 ratio: 0.84
2026-01-22 18:49:38,561 - root - INFO - mask1 ratio: 0.00, mask2 ratio: 0.03, mask3 ratio: 0.10, mask4 ratio: 0.87
2026-01-22 18:49:38,864 - root - INFO - mask1 ratio: 0.00, mask2 ratio: 0.03, mask3 ratio: 0.10, mask4 ratio: 0.86
2026-01-22 18:49:39,124 - root - INFO - mask1 ratio: 0.00, mask2 ratio: 0.03, mask3 ratio: 0.10, mask4 ratio: 0.87
2026-01-22 18:49:39,386 - root - INFO - mask1 ratio: 0.01, mask2 ratio: 0.07, mask3 ratio: 0.10, mask4 ratio: 0.82
2026-01-22 18:49:39,650 - root - INFO - mask1 ratio: 0.01, mask2 ratio: 0.08, mask3 ratio: 0.10, mask4 ratio: 0.81
2026-01-22 18:49:39,912 - root - INFO - mask1 ratio: 0.01, mask2 ratio: 0.04, mask3 ratio: 0.10, mask4 ratio: 0.85
2026-01-22 18:49:40,189 - root - INFO - mask1 ratio: 0.00, mask2 ratio: 0.02, mask3 ratio: 0.10, mask4 ratio: 0.88
2026-01-22 18:49:40,218 - root - INFO - time 6.46
2026-01-22 18:49:40,226 - root - INFO - 12 mlp.down_proj
2026-01-22 18:49:40,226 - root - INFO - Quantizing ...
2026-01-22 18:49:40,480 - root - INFO - mask1 ratio: 0.02, mask2 ratio: 0.10, mask3 ratio: 0.10, mask4 ratio: 0.77
2026-01-22 18:49:40,701 - root - INFO - mask1 ratio: 0.02, mask2 ratio: 0.14, mask3 ratio: 0.10, mask4 ratio: 0.74
2026-01-22 18:49:40,915 - root - INFO - mask1 ratio: 0.01, mask2 ratio: 0.06, mask3 ratio: 0.10, mask4 ratio: 0.83
2026-01-22 18:49:41,130 - root - INFO - mask1 ratio: 0.01, mask2 ratio: 0.04, mask3 ratio: 0.10, mask4 ratio: 0.85
2026-01-22 18:49:41,344 - root - INFO - mask1 ratio: 0.01, mask2 ratio: 0.04, mask3 ratio: 0.10, mask4 ratio: 0.85
2026-01-22 18:49:41,560 - root - INFO - mask1 ratio: 0.01, mask2 ratio: 0.07, mask3 ratio: 0.10, mask4 ratio: 0.81
2026-01-22 18:49:41,816 - root - INFO - mask1 ratio: 0.03, mask2 ratio: 0.15, mask3 ratio: 0.10, mask4 ratio: 0.73
2026-01-22 18:49:42,031 - root - INFO - mask1 ratio: 0.02, mask2 ratio: 0.13, mask3 ratio: 0.10, mask4 ratio: 0.75
2026-01-22 18:49:42,246 - root - INFO - mask1 ratio: 0.01, mask2 ratio: 0.05, mask3 ratio: 0.10, mask4 ratio: 0.85
2026-01-22 18:49:42,461 - root - INFO - mask1 ratio: 0.02, mask2 ratio: 0.07, mask3 ratio: 0.10, mask4 ratio: 0.81
2026-01-22 18:49:42,681 - root - INFO - mask1 ratio: 0.02, mask2 ratio: 0.11, mask3 ratio: 0.10, mask4 ratio: 0.77
2026-01-22 18:49:42,898 - root - INFO - mask1 ratio: 0.01, mask2 ratio: 0.02, mask3 ratio: 0.10, mask4 ratio: 0.88
2026-01-22 18:49:43,114 - root - INFO - mask1 ratio: 0.01, mask2 ratio: 0.04, mask3 ratio: 0.10, mask4 ratio: 0.85
2026-01-22 18:49:43,355 - root - INFO - mask1 ratio: 0.01, mask2 ratio: 0.06, mask3 ratio: 0.10, mask4 ratio: 0.83
2026-01-22 18:49:43,571 - root - INFO - mask1 ratio: 0.01, mask2 ratio: 0.07, mask3 ratio: 0.10, mask4 ratio: 0.82
2026-01-22 18:49:43,788 - root - INFO - mask1 ratio: 0.01, mask2 ratio: 0.02, mask3 ratio: 0.10, mask4 ratio: 0.87
2026-01-22 18:49:44,002 - root - INFO - mask1 ratio: 0.01, mask2 ratio: 0.06, mask3 ratio: 0.10, mask4 ratio: 0.83
2026-01-22 18:49:44,216 - root - INFO - mask1 ratio: 0.02, mask2 ratio: 0.06, mask3 ratio: 0.10, mask4 ratio: 0.82
2026-01-22 18:49:44,430 - root - INFO - mask1 ratio: 0.02, mask2 ratio: 0.09, mask3 ratio: 0.10, mask4 ratio: 0.79
2026-01-22 18:49:44,666 - root - INFO - mask1 ratio: 0.01, mask2 ratio: 0.03, mask3 ratio: 0.10, mask4 ratio: 0.86
2026-01-22 18:49:44,908 - root - INFO - mask1 ratio: 0.02, mask2 ratio: 0.08, mask3 ratio: 0.10, mask4 ratio: 0.80
2026-01-22 18:49:45,124 - root - INFO - mask1 ratio: 0.01, mask2 ratio: 0.04, mask3 ratio: 0.10, mask4 ratio: 0.85
2026-01-22 18:49:45,338 - root - INFO - mask1 ratio: 0.01, mask2 ratio: 0.02, mask3 ratio: 0.10, mask4 ratio: 0.87
2026-01-22 18:49:45,553 - root - INFO - mask1 ratio: 0.01, mask2 ratio: 0.02, mask3 ratio: 0.10, mask4 ratio: 0.88
2026-01-22 18:49:45,768 - root - INFO - mask1 ratio: 0.01, mask2 ratio: 0.03, mask3 ratio: 0.10, mask4 ratio: 0.86
2026-01-22 18:49:45,984 - root - INFO - mask1 ratio: 0.01, mask2 ratio: 0.05, mask3 ratio: 0.10, mask4 ratio: 0.84
2026-01-22 18:49:46,228 - root - INFO - mask1 ratio: 0.02, mask2 ratio: 0.10, mask3 ratio: 0.10, mask4 ratio: 0.78
2026-01-22 18:49:46,442 - root - INFO - mask1 ratio: 0.02, mask2 ratio: 0.16, mask3 ratio: 0.10, mask4 ratio: 0.72
2026-01-22 18:49:46,655 - root - INFO - mask1 ratio: 0.01, mask2 ratio: 0.03, mask3 ratio: 0.10, mask4 ratio: 0.86
2026-01-22 18:49:46,870 - root - INFO - mask1 ratio: 0.01, mask2 ratio: 0.04, mask3 ratio: 0.10, mask4 ratio: 0.85
2026-01-22 18:49:47,085 - root - INFO - mask1 ratio: 0.01, mask2 ratio: 0.05, mask3 ratio: 0.10, mask4 ratio: 0.84
2026-01-22 18:49:47,299 - root - INFO - mask1 ratio: 0.02, mask2 ratio: 0.08, mask3 ratio: 0.10, mask4 ratio: 0.81
2026-01-22 18:49:47,514 - root - INFO - mask1 ratio: 0.01, mask2 ratio: 0.04, mask3 ratio: 0.10, mask4 ratio: 0.85
2026-01-22 18:49:47,766 - root - INFO - mask1 ratio: 0.02, mask2 ratio: 0.13, mask3 ratio: 0.10, mask4 ratio: 0.74
2026-01-22 18:49:47,983 - root - INFO - mask1 ratio: 0.01, mask2 ratio: 0.06, mask3 ratio: 0.10, mask4 ratio: 0.82
2026-01-22 18:49:48,198 - root - INFO - mask1 ratio: 0.01, mask2 ratio: 0.03, mask3 ratio: 0.10, mask4 ratio: 0.86
2026-01-22 18:49:48,413 - root - INFO - mask1 ratio: 0.01, mask2 ratio: 0.06, mask3 ratio: 0.10, mask4 ratio: 0.83
2026-01-22 18:49:48,627 - root - INFO - mask1 ratio: 0.01, mask2 ratio: 0.00, mask3 ratio: 0.10, mask4 ratio: 0.88
2026-01-22 18:49:48,846 - root - INFO - mask1 ratio: 0.01, mask2 ratio: 0.04, mask3 ratio: 0.10, mask4 ratio: 0.85
2026-01-22 18:49:49,062 - root - INFO - mask1 ratio: 0.01, mask2 ratio: 0.02, mask3 ratio: 0.10, mask4 ratio: 0.88
2026-01-22 18:49:49,303 - root - INFO - mask1 ratio: 0.01, mask2 ratio: 0.04, mask3 ratio: 0.10, mask4 ratio: 0.85
2026-01-22 18:49:49,517 - root - INFO - mask1 ratio: 0.01, mask2 ratio: 0.06, mask3 ratio: 0.10, mask4 ratio: 0.83
2026-01-22 18:49:49,733 - root - INFO - mask1 ratio: 0.02, mask2 ratio: 0.12, mask3 ratio: 0.10, mask4 ratio: 0.76
2026-01-22 18:49:49,950 - root - INFO - mask1 ratio: 0.02, mask2 ratio: 0.09, mask3 ratio: 0.10, mask4 ratio: 0.79
2026-01-22 18:49:50,164 - root - INFO - mask1 ratio: 0.02, mask2 ratio: 0.13, mask3 ratio: 0.10, mask4 ratio: 0.75
2026-01-22 18:49:50,378 - root - INFO - mask1 ratio: 0.01, mask2 ratio: 0.09, mask3 ratio: 0.10, mask4 ratio: 0.80
2026-01-22 18:49:50,591 - root - INFO - mask1 ratio: 0.01, mask2 ratio: 0.04, mask3 ratio: 0.10, mask4 ratio: 0.85
2026-01-22 18:49:50,843 - root - INFO - mask1 ratio: 0.01, mask2 ratio: 0.03, mask3 ratio: 0.10, mask4 ratio: 0.86
2026-01-22 18:49:51,067 - root - INFO - mask1 ratio: 0.02, mask2 ratio: 0.13, mask3 ratio: 0.10, mask4 ratio: 0.75
2026-01-22 18:49:51,282 - root - INFO - mask1 ratio: 0.01, mask2 ratio: 0.03, mask3 ratio: 0.10, mask4 ratio: 0.86
2026-01-22 18:49:51,497 - root - INFO - mask1 ratio: 0.01, mask2 ratio: 0.02, mask3 ratio: 0.10, mask4 ratio: 0.87
2026-01-22 18:49:51,718 - root - INFO - mask1 ratio: 0.02, mask2 ratio: 0.15, mask3 ratio: 0.10, mask4 ratio: 0.73
2026-01-22 18:49:51,933 - root - INFO - mask1 ratio: 0.02, mask2 ratio: 0.10, mask3 ratio: 0.10, mask4 ratio: 0.77
2026-01-22 18:49:52,147 - root - INFO - mask1 ratio: 0.01, mask2 ratio: 0.03, mask3 ratio: 0.10, mask4 ratio: 0.86
2026-01-22 18:49:52,393 - root - INFO - mask1 ratio: 0.03, mask2 ratio: 0.21, mask3 ratio: 0.10, mask4 ratio: 0.66
2026-01-22 18:49:52,606 - root - INFO - mask1 ratio: 0.01, mask2 ratio: 0.02, mask3 ratio: 0.10, mask4 ratio: 0.87
2026-01-22 18:49:52,819 - root - INFO - mask1 ratio: 0.01, mask2 ratio: 0.04, mask3 ratio: 0.10, mask4 ratio: 0.85
2026-01-22 18:49:53,033 - root - INFO - mask1 ratio: 0.01, mask2 ratio: 0.03, mask3 ratio: 0.10, mask4 ratio: 0.86
2026-01-22 18:49:53,247 - root - INFO - mask1 ratio: 0.01, mask2 ratio: 0.04, mask3 ratio: 0.10, mask4 ratio: 0.85
2026-01-22 18:49:53,462 - root - INFO - mask1 ratio: 0.01, mask2 ratio: 0.02, mask3 ratio: 0.10, mask4 ratio: 0.87
2026-01-22 18:49:53,675 - root - INFO - mask1 ratio: 0.01, mask2 ratio: 0.06, mask3 ratio: 0.10, mask4 ratio: 0.82
2026-01-22 18:49:53,931 - root - INFO - mask1 ratio: 0.01, mask2 ratio: 0.04, mask3 ratio: 0.10, mask4 ratio: 0.85
2026-01-22 18:49:54,168 - root - INFO - mask1 ratio: 0.01, mask2 ratio: 0.03, mask3 ratio: 0.10, mask4 ratio: 0.86
2026-01-22 18:49:54,382 - root - INFO - mask1 ratio: 0.00, mask2 ratio: 0.02, mask3 ratio: 0.10, mask4 ratio: 0.88
2026-01-22 18:49:54,408 - root - INFO - time 14.18
2026-01-22 18:49:56,946 - root - INFO - 13 self_attn.q_proj
2026-01-22 18:49:56,946 - root - INFO - Quantizing ...
2026-01-22 18:49:57,344 - root - INFO - mask1 ratio: 0.01, mask2 ratio: 0.05, mask3 ratio: 0.10, mask4 ratio: 0.85
2026-01-22 18:49:57,588 - root - INFO - mask1 ratio: 0.00, mask2 ratio: 0.04, mask3 ratio: 0.10, mask4 ratio: 0.85
2026-01-22 18:49:57,802 - root - INFO - mask1 ratio: 0.01, mask2 ratio: 0.06, mask3 ratio: 0.10, mask4 ratio: 0.84
2026-01-22 18:49:58,016 - root - INFO - mask1 ratio: 0.00, mask2 ratio: 0.04, mask3 ratio: 0.10, mask4 ratio: 0.85
2026-01-22 18:49:58,231 - root - INFO - mask1 ratio: 0.00, mask2 ratio: 0.03, mask3 ratio: 0.10, mask4 ratio: 0.87
2026-01-22 18:49:58,445 - root - INFO - mask1 ratio: 0.00, mask2 ratio: 0.04, mask3 ratio: 0.10, mask4 ratio: 0.85
2026-01-22 18:49:58,660 - root - INFO - mask1 ratio: 0.01, mask2 ratio: 0.06, mask3 ratio: 0.10, mask4 ratio: 0.83
2026-01-22 18:49:58,873 - root - INFO - mask1 ratio: 0.00, mask2 ratio: 0.02, mask3 ratio: 0.10, mask4 ratio: 0.88
2026-01-22 18:49:59,128 - root - INFO - mask1 ratio: 0.01, mask2 ratio: 0.04, mask3 ratio: 0.10, mask4 ratio: 0.85
2026-01-22 18:49:59,345 - root - INFO - mask1 ratio: 0.00, mask2 ratio: 0.04, mask3 ratio: 0.10, mask4 ratio: 0.86
2026-01-22 18:49:59,559 - root - INFO - mask1 ratio: 0.01, mask2 ratio: 0.06, mask3 ratio: 0.10, mask4 ratio: 0.84
2026-01-22 18:49:59,773 - root - INFO - mask1 ratio: 0.01, mask2 ratio: 0.06, mask3 ratio: 0.10, mask4 ratio: 0.84
2026-01-22 18:49:59,987 - root - INFO - mask1 ratio: 0.00, mask2 ratio: 0.02, mask3 ratio: 0.10, mask4 ratio: 0.88
2026-01-22 18:50:00,201 - root - INFO - mask1 ratio: 0.00, mask2 ratio: 0.04, mask3 ratio: 0.10, mask4 ratio: 0.86
2026-01-22 18:50:00,416 - root - INFO - mask1 ratio: 0.01, mask2 ratio: 0.05, mask3 ratio: 0.10, mask4 ratio: 0.85
2026-01-22 18:50:00,655 - root - INFO - mask1 ratio: 0.00, mask2 ratio: 0.03, mask3 ratio: 0.10, mask4 ratio: 0.87
2026-01-22 18:50:00,870 - root - INFO - mask1 ratio: 0.00, mask2 ratio: 0.04, mask3 ratio: 0.10, mask4 ratio: 0.85
2026-01-22 18:50:01,084 - root - INFO - mask1 ratio: 0.00, mask2 ratio: 0.03, mask3 ratio: 0.10, mask4 ratio: 0.87
2026-01-22 18:50:01,299 - root - INFO - mask1 ratio: 0.01, mask2 ratio: 0.05, mask3 ratio: 0.10, mask4 ratio: 0.85
2026-01-22 18:50:01,512 - root - INFO - mask1 ratio: 0.00, mask2 ratio: 0.02, mask3 ratio: 0.10, mask4 ratio: 0.88
2026-01-22 18:50:01,725 - root - INFO - mask1 ratio: 0.00, mask2 ratio: 0.04, mask3 ratio: 0.10, mask4 ratio: 0.85
2026-01-22 18:50:01,953 - root - INFO - mask1 ratio: 0.00, mask2 ratio: 0.04, mask3 ratio: 0.10, mask4 ratio: 0.86
2026-01-22 18:50:02,185 - root - INFO - mask1 ratio: 0.00, mask2 ratio: 0.04, mask3 ratio: 0.10, mask4 ratio: 0.85
2026-01-22 18:50:02,401 - root - INFO - mask1 ratio: 0.00, mask2 ratio: 0.03, mask3 ratio: 0.10, mask4 ratio: 0.87
2026-01-22 18:50:02,427 - root - INFO - time 5.48
2026-01-22 18:50:02,437 - root - INFO - 13 self_attn.k_proj
2026-01-22 18:50:02,437 - root - INFO - Quantizing ...
2026-01-22 18:50:02,619 - root - INFO - mask1 ratio: 0.00, mask2 ratio: 0.03, mask3 ratio: 0.10, mask4 ratio: 0.87
2026-01-22 18:50:02,818 - root - INFO - mask1 ratio: 0.00, mask2 ratio: 0.04, mask3 ratio: 0.10, mask4 ratio: 0.85
2026-01-22 18:50:03,016 - root - INFO - mask1 ratio: 0.00, mask2 ratio: 0.02, mask3 ratio: 0.10, mask4 ratio: 0.88
2026-01-22 18:50:03,213 - root - INFO - mask1 ratio: 0.00, mask2 ratio: 0.04, mask3 ratio: 0.10, mask4 ratio: 0.85
2026-01-22 18:50:03,417 - root - INFO - mask1 ratio: 0.00, mask2 ratio: 0.03, mask3 ratio: 0.10, mask4 ratio: 0.87
2026-01-22 18:50:03,642 - root - INFO - mask1 ratio: 0.00, mask2 ratio: 0.03, mask3 ratio: 0.10, mask4 ratio: 0.87
2026-01-22 18:50:03,839 - root - INFO - mask1 ratio: 0.00, mask2 ratio: 0.03, mask3 ratio: 0.10, mask4 ratio: 0.87
2026-01-22 18:50:04,036 - root - INFO - mask1 ratio: 0.00, mask2 ratio: 0.02, mask3 ratio: 0.10, mask4 ratio: 0.88
2026-01-22 18:50:04,232 - root - INFO - mask1 ratio: 0.00, mask2 ratio: 0.04, mask3 ratio: 0.10, mask4 ratio: 0.86
2026-01-22 18:50:04,431 - root - INFO - mask1 ratio: 0.00, mask2 ratio: 0.04, mask3 ratio: 0.10, mask4 ratio: 0.85
2026-01-22 18:50:04,628 - root - INFO - mask1 ratio: 0.00, mask2 ratio: 0.04, mask3 ratio: 0.10, mask4 ratio: 0.85
2026-01-22 18:50:04,828 - root - INFO - mask1 ratio: 0.01, mask2 ratio: 0.06, mask3 ratio: 0.10, mask4 ratio: 0.84
2026-01-22 18:50:05,025 - root - INFO - mask1 ratio: 0.01, mask2 ratio: 0.03, mask3 ratio: 0.10, mask4 ratio: 0.86
2026-01-22 18:50:05,262 - root - INFO - mask1 ratio: 0.01, mask2 ratio: 0.05, mask3 ratio: 0.10, mask4 ratio: 0.85
2026-01-22 18:50:05,461 - root - INFO - mask1 ratio: 0.00, mask2 ratio: 0.04, mask3 ratio: 0.10, mask4 ratio: 0.86
2026-01-22 18:50:05,661 - root - INFO - mask1 ratio: 0.00, mask2 ratio: 0.03, mask3 ratio: 0.10, mask4 ratio: 0.87
2026-01-22 18:50:05,861 - root - INFO - mask1 ratio: 0.00, mask2 ratio: 0.02, mask3 ratio: 0.10, mask4 ratio: 0.88
2026-01-22 18:50:06,060 - root - INFO - mask1 ratio: 0.01, mask2 ratio: 0.04, mask3 ratio: 0.10, mask4 ratio: 0.85
2026-01-22 18:50:06,257 - root - INFO - mask1 ratio: 0.00, mask2 ratio: 0.03, mask3 ratio: 0.10, mask4 ratio: 0.87
2026-01-22 18:50:06,457 - root - INFO - mask1 ratio: 0.00, mask2 ratio: 0.03, mask3 ratio: 0.10, mask4 ratio: 0.87
2026-01-22 18:50:06,681 - root - INFO - mask1 ratio: 0.00, mask2 ratio: 0.02, mask3 ratio: 0.10, mask4 ratio: 0.88
2026-01-22 18:50:06,878 - root - INFO - mask1 ratio: 0.00, mask2 ratio: 0.04, mask3 ratio: 0.10, mask4 ratio: 0.86
2026-01-22 18:50:07,075 - root - INFO - mask1 ratio: 0.00, mask2 ratio: 0.03, mask3 ratio: 0.10, mask4 ratio: 0.86
2026-01-22 18:50:07,273 - root - INFO - mask1 ratio: 0.00, mask2 ratio: 0.03, mask3 ratio: 0.10, mask4 ratio: 0.87
2026-01-22 18:50:07,299 - root - INFO - time 4.86
2026-01-22 18:50:07,302 - root - INFO - 13 self_attn.v_proj
2026-01-22 18:50:07,302 - root - INFO - Quantizing ...
2026-01-22 18:50:07,483 - root - INFO - mask1 ratio: 0.00, mask2 ratio: 0.04, mask3 ratio: 0.10, mask4 ratio: 0.85
2026-01-22 18:50:07,681 - root - INFO - mask1 ratio: 0.01, mask2 ratio: 0.07, mask3 ratio: 0.10, mask4 ratio: 0.82
2026-01-22 18:50:07,880 - root - INFO - mask1 ratio: 0.01, mask2 ratio: 0.04, mask3 ratio: 0.10, mask4 ratio: 0.85
2026-01-22 18:50:08,081 - root - INFO - mask1 ratio: 0.00, mask2 ratio: 0.04, mask3 ratio: 0.10, mask4 ratio: 0.85
2026-01-22 18:50:08,323 - root - INFO - mask1 ratio: 0.01, mask2 ratio: 0.05, mask3 ratio: 0.10, mask4 ratio: 0.85
2026-01-22 18:50:08,528 - root - INFO - mask1 ratio: 0.01, mask2 ratio: 0.05, mask3 ratio: 0.10, mask4 ratio: 0.85
2026-01-22 18:50:08,731 - root - INFO - mask1 ratio: 0.00, mask2 ratio: 0.04, mask3 ratio: 0.10, mask4 ratio: 0.85
2026-01-22 18:50:08,948 - root - INFO - mask1 ratio: 0.00, mask2 ratio: 0.03, mask3 ratio: 0.10, mask4 ratio: 0.87
2026-01-22 18:50:09,158 - root - INFO - mask1 ratio: 0.01, mask2 ratio: 0.04, mask3 ratio: 0.10, mask4 ratio: 0.85
2026-01-22 18:50:09,356 - root - INFO - mask1 ratio: 0.02, mask2 ratio: 0.13, mask3 ratio: 0.10, mask4 ratio: 0.76
2026-01-22 18:50:09,571 - root - INFO - mask1 ratio: 0.01, mask2 ratio: 0.04, mask3 ratio: 0.10, mask4 ratio: 0.85
2026-01-22 18:50:09,814 - root - INFO - mask1 ratio: 0.01, mask2 ratio: 0.08, mask3 ratio: 0.10, mask4 ratio: 0.81
2026-01-22 18:50:10,031 - root - INFO - mask1 ratio: 0.01, mask2 ratio: 0.08, mask3 ratio: 0.10, mask4 ratio: 0.81
2026-01-22 18:50:10,247 - root - INFO - mask1 ratio: 0.01, mask2 ratio: 0.05, mask3 ratio: 0.10, mask4 ratio: 0.85
2026-01-22 18:50:10,463 - root - INFO - mask1 ratio: 0.01, mask2 ratio: 0.05, mask3 ratio: 0.10, mask4 ratio: 0.85
2026-01-22 18:50:10,680 - root - INFO - mask1 ratio: 0.00, mask2 ratio: 0.03, mask3 ratio: 0.10, mask4 ratio: 0.86
2026-01-22 18:50:10,896 - root - INFO - mask1 ratio: 0.00, mask2 ratio: 0.04, mask3 ratio: 0.10, mask4 ratio: 0.86
2026-01-22 18:50:11,111 - root - INFO - mask1 ratio: 0.01, mask2 ratio: 0.04, mask3 ratio: 0.10, mask4 ratio: 0.85
2026-01-22 18:50:11,367 - root - INFO - mask1 ratio: 0.01, mask2 ratio: 0.06, mask3 ratio: 0.10, mask4 ratio: 0.84
2026-01-22 18:50:11,585 - root - INFO - mask1 ratio: 0.01, mask2 ratio: 0.03, mask3 ratio: 0.10, mask4 ratio: 0.86
2026-01-22 18:50:11,802 - root - INFO - mask1 ratio: 0.00, mask2 ratio: 0.04, mask3 ratio: 0.10, mask4 ratio: 0.85
2026-01-22 18:50:12,019 - root - INFO - mask1 ratio: 0.00, mask2 ratio: 0.03, mask3 ratio: 0.10, mask4 ratio: 0.86
2026-01-22 18:50:12,235 - root - INFO - mask1 ratio: 0.00, mask2 ratio: 0.04, mask3 ratio: 0.10, mask4 ratio: 0.85
2026-01-22 18:50:12,436 - root - INFO - mask1 ratio: 0.00, mask2 ratio: 0.04, mask3 ratio: 0.10, mask4 ratio: 0.86
2026-01-22 18:50:12,462 - root - INFO - time 5.16
2026-01-22 18:50:12,466 - root - INFO - 13 self_attn.o_proj
2026-01-22 18:50:12,466 - root - INFO - Quantizing ...
2026-01-22 18:50:12,664 - root - INFO - mask1 ratio: 0.01, mask2 ratio: 0.06, mask3 ratio: 0.10, mask4 ratio: 0.82
2026-01-22 18:50:12,906 - root - INFO - mask1 ratio: 0.01, mask2 ratio: 0.06, mask3 ratio: 0.10, mask4 ratio: 0.83
2026-01-22 18:50:13,120 - root - INFO - mask1 ratio: 0.01, mask2 ratio: 0.06, mask3 ratio: 0.10, mask4 ratio: 0.83
2026-01-22 18:50:13,334 - root - INFO - mask1 ratio: 0.01, mask2 ratio: 0.04, mask3 ratio: 0.10, mask4 ratio: 0.85
2026-01-22 18:50:13,547 - root - INFO - mask1 ratio: 0.01, mask2 ratio: 0.05, mask3 ratio: 0.10, mask4 ratio: 0.84
2026-01-22 18:50:13,765 - root - INFO - mask1 ratio: 0.01, mask2 ratio: 0.05, mask3 ratio: 0.10, mask4 ratio: 0.84
2026-01-22 18:50:13,979 - root - INFO - mask1 ratio: 0.02, mask2 ratio: 0.18, mask3 ratio: 0.10, mask4 ratio: 0.70
2026-01-22 18:50:14,193 - root - INFO - mask1 ratio: 0.01, mask2 ratio: 0.08, mask3 ratio: 0.10, mask4 ratio: 0.81
2026-01-22 18:50:14,443 - root - INFO - mask1 ratio: 0.01, mask2 ratio: 0.05, mask3 ratio: 0.10, mask4 ratio: 0.85
2026-01-22 18:50:14,660 - root - INFO - mask1 ratio: 0.01, mask2 ratio: 0.04, mask3 ratio: 0.10, mask4 ratio: 0.85
2026-01-22 18:50:14,877 - root - INFO - mask1 ratio: 0.01, mask2 ratio: 0.03, mask3 ratio: 0.10, mask4 ratio: 0.86
2026-01-22 18:50:15,090 - root - INFO - mask1 ratio: 0.01, mask2 ratio: 0.03, mask3 ratio: 0.10, mask4 ratio: 0.86
2026-01-22 18:50:15,316 - root - INFO - mask1 ratio: 0.01, mask2 ratio: 0.08, mask3 ratio: 0.10, mask4 ratio: 0.81
2026-01-22 18:50:15,529 - root - INFO - mask1 ratio: 0.01, mask2 ratio: 0.03, mask3 ratio: 0.10, mask4 ratio: 0.86
2026-01-22 18:50:15,745 - root - INFO - mask1 ratio: 0.00, mask2 ratio: 0.02, mask3 ratio: 0.10, mask4 ratio: 0.88
2026-01-22 18:50:15,987 - root - INFO - mask1 ratio: 0.01, mask2 ratio: 0.04, mask3 ratio: 0.10, mask4 ratio: 0.85
2026-01-22 18:50:16,200 - root - INFO - mask1 ratio: 0.02, mask2 ratio: 0.11, mask3 ratio: 0.10, mask4 ratio: 0.77
2026-01-22 18:50:16,413 - root - INFO - mask1 ratio: 0.02, mask2 ratio: 0.12, mask3 ratio: 0.10, mask4 ratio: 0.76
2026-01-22 18:50:16,627 - root - INFO - mask1 ratio: 0.01, mask2 ratio: 0.05, mask3 ratio: 0.10, mask4 ratio: 0.84
2026-01-22 18:50:16,852 - root - INFO - mask1 ratio: 0.01, mask2 ratio: 0.04, mask3 ratio: 0.10, mask4 ratio: 0.85
2026-01-22 18:50:17,066 - root - INFO - mask1 ratio: 0.01, mask2 ratio: 0.02, mask3 ratio: 0.10, mask4 ratio: 0.88
2026-01-22 18:50:17,280 - root - INFO - mask1 ratio: 0.02, mask2 ratio: 0.14, mask3 ratio: 0.10, mask4 ratio: 0.74
2026-01-22 18:50:17,539 - root - INFO - mask1 ratio: 0.02, mask2 ratio: 0.19, mask3 ratio: 0.10, mask4 ratio: 0.69
2026-01-22 18:50:17,754 - root - INFO - mask1 ratio: 0.02, mask2 ratio: 0.11, mask3 ratio: 0.10, mask4 ratio: 0.77
2026-01-22 18:50:17,781 - root - INFO - time 5.31
2026-01-22 18:50:17,786 - root - INFO - 13 mlp.gate_proj
2026-01-22 18:50:17,786 - root - INFO - Quantizing ...
2026-01-22 18:50:18,028 - root - INFO - mask1 ratio: 0.01, mask2 ratio: 0.05, mask3 ratio: 0.10, mask4 ratio: 0.85
2026-01-22 18:50:18,290 - root - INFO - mask1 ratio: 0.00, mask2 ratio: 0.04, mask3 ratio: 0.10, mask4 ratio: 0.85
2026-01-22 18:50:18,552 - root - INFO - mask1 ratio: 0.00, mask2 ratio: 0.04, mask3 ratio: 0.10, mask4 ratio: 0.85
2026-01-22 18:50:18,838 - root - INFO - mask1 ratio: 0.01, mask2 ratio: 0.08, mask3 ratio: 0.10, mask4 ratio: 0.81
2026-01-22 18:50:19,098 - root - INFO - mask1 ratio: 0.00, mask2 ratio: 0.04, mask3 ratio: 0.10, mask4 ratio: 0.85
2026-01-22 18:50:19,361 - root - INFO - mask1 ratio: 0.01, mask2 ratio: 0.05, mask3 ratio: 0.10, mask4 ratio: 0.85
2026-01-22 18:50:19,623 - root - INFO - mask1 ratio: 0.00, mask2 ratio: 0.04, mask3 ratio: 0.10, mask4 ratio: 0.86
2026-01-22 18:50:19,885 - root - INFO - mask1 ratio: 0.00, mask2 ratio: 0.04, mask3 ratio: 0.10, mask4 ratio: 0.85
2026-01-22 18:50:20,190 - root - INFO - mask1 ratio: 0.01, mask2 ratio: 0.06, mask3 ratio: 0.10, mask4 ratio: 0.84
2026-01-22 18:50:20,461 - root - INFO - mask1 ratio: 0.01, mask2 ratio: 0.06, mask3 ratio: 0.10, mask4 ratio: 0.84
2026-01-22 18:50:20,724 - root - INFO - mask1 ratio: 0.01, mask2 ratio: 0.05, mask3 ratio: 0.10, mask4 ratio: 0.85
2026-01-22 18:50:20,988 - root - INFO - mask1 ratio: 0.01, mask2 ratio: 0.06, mask3 ratio: 0.10, mask4 ratio: 0.84
2026-01-22 18:50:21,253 - root - INFO - mask1 ratio: 0.00, mask2 ratio: 0.03, mask3 ratio: 0.10, mask4 ratio: 0.87
2026-01-22 18:50:21,545 - root - INFO - mask1 ratio: 0.01, mask2 ratio: 0.06, mask3 ratio: 0.10, mask4 ratio: 0.84
2026-01-22 18:50:21,806 - root - INFO - mask1 ratio: 0.00, mask2 ratio: 0.03, mask3 ratio: 0.10, mask4 ratio: 0.87
2026-01-22 18:50:22,068 - root - INFO - mask1 ratio: 0.00, mask2 ratio: 0.04, mask3 ratio: 0.10, mask4 ratio: 0.85
2026-01-22 18:50:22,334 - root - INFO - mask1 ratio: 0.00, mask2 ratio: 0.03, mask3 ratio: 0.10, mask4 ratio: 0.87
2026-01-22 18:50:22,596 - root - INFO - mask1 ratio: 0.01, mask2 ratio: 0.05, mask3 ratio: 0.10, mask4 ratio: 0.85
2026-01-22 18:50:22,920 - root - INFO - mask1 ratio: 0.01, mask2 ratio: 0.05, mask3 ratio: 0.10, mask4 ratio: 0.85
2026-01-22 18:50:23,220 - root - INFO - mask1 ratio: 0.00, mask2 ratio: 0.03, mask3 ratio: 0.10, mask4 ratio: 0.87
2026-01-22 18:50:23,495 - root - INFO - mask1 ratio: 0.01, mask2 ratio: 0.08, mask3 ratio: 0.10, mask4 ratio: 0.81
2026-01-22 18:50:23,772 - root - INFO - mask1 ratio: 0.01, mask2 ratio: 0.06, mask3 ratio: 0.10, mask4 ratio: 0.83
2026-01-22 18:50:24,045 - root - INFO - mask1 ratio: 0.00, mask2 ratio: 0.03, mask3 ratio: 0.10, mask4 ratio: 0.87
2026-01-22 18:50:24,340 - root - INFO - mask1 ratio: 0.00, mask2 ratio: 0.04, mask3 ratio: 0.10, mask4 ratio: 0.85
2026-01-22 18:50:24,371 - root - INFO - time 6.58
2026-01-22 18:50:24,378 - root - INFO - 13 mlp.up_proj
2026-01-22 18:50:24,378 - root - INFO - Quantizing ...
2026-01-22 18:50:24,639 - root - INFO - mask1 ratio: 0.01, mask2 ratio: 0.05, mask3 ratio: 0.10, mask4 ratio: 0.85
2026-01-22 18:50:24,906 - root - INFO - mask1 ratio: 0.00, mask2 ratio: 0.04, mask3 ratio: 0.10, mask4 ratio: 0.85
2026-01-22 18:50:25,176 - root - INFO - mask1 ratio: 0.00, mask2 ratio: 0.03, mask3 ratio: 0.10, mask4 ratio: 0.86
2026-01-22 18:50:25,454 - root - INFO - mask1 ratio: 0.01, mask2 ratio: 0.06, mask3 ratio: 0.10, mask4 ratio: 0.83
2026-01-22 18:50:25,759 - root - INFO - mask1 ratio: 0.00, mask2 ratio: 0.04, mask3 ratio: 0.10, mask4 ratio: 0.85
2026-01-22 18:50:26,033 - root - INFO - mask1 ratio: 0.01, mask2 ratio: 0.06, mask3 ratio: 0.10, mask4 ratio: 0.83
2026-01-22 18:50:26,299 - root - INFO - mask1 ratio: 0.01, mask2 ratio: 0.05, mask3 ratio: 0.10, mask4 ratio: 0.85
2026-01-22 18:50:26,568 - root - INFO - mask1 ratio: 0.01, mask2 ratio: 0.04, mask3 ratio: 0.10, mask4 ratio: 0.85
2026-01-22 18:50:26,840 - root - INFO - mask1 ratio: 0.01, mask2 ratio: 0.06, mask3 ratio: 0.10, mask4 ratio: 0.84
2026-01-22 18:50:27,144 - root - INFO - mask1 ratio: 0.01, mask2 ratio: 0.06, mask3 ratio: 0.10, mask4 ratio: 0.83
2026-01-22 18:50:27,433 - root - INFO - mask1 ratio: 0.01, mask2 ratio: 0.06, mask3 ratio: 0.10, mask4 ratio: 0.83
2026-01-22 18:50:27,703 - root - INFO - mask1 ratio: 0.00, mask2 ratio: 0.04, mask3 ratio: 0.10, mask4 ratio: 0.85
2026-01-22 18:50:27,976 - root - INFO - mask1 ratio: 0.01, mask2 ratio: 0.05, mask3 ratio: 0.10, mask4 ratio: 0.85
2026-01-22 18:50:28,246 - root - INFO - mask1 ratio: 0.01, mask2 ratio: 0.05, mask3 ratio: 0.10, mask4 ratio: 0.85
2026-01-22 18:50:28,558 - root - INFO - mask1 ratio: 0.01, mask2 ratio: 0.05, mask3 ratio: 0.10, mask4 ratio: 0.85
2026-01-22 18:50:28,827 - root - INFO - mask1 ratio: 0.01, mask2 ratio: 0.05, mask3 ratio: 0.10, mask4 ratio: 0.85
2026-01-22 18:50:29,097 - root - INFO - mask1 ratio: 0.01, mask2 ratio: 0.04, mask3 ratio: 0.10, mask4 ratio: 0.85
2026-01-22 18:50:29,371 - root - INFO - mask1 ratio: 0.00, mask2 ratio: 0.04, mask3 ratio: 0.10, mask4 ratio: 0.86
2026-01-22 18:50:29,640 - root - INFO - mask1 ratio: 0.01, mask2 ratio: 0.07, mask3 ratio: 0.10, mask4 ratio: 0.82
2026-01-22 18:50:29,904 - root - INFO - mask1 ratio: 0.00, mask2 ratio: 0.04, mask3 ratio: 0.10, mask4 ratio: 0.86
2026-01-22 18:50:30,191 - root - INFO - mask1 ratio: 0.01, mask2 ratio: 0.12, mask3 ratio: 0.10, mask4 ratio: 0.77
2026-01-22 18:50:30,452 - root - INFO - mask1 ratio: 0.01, mask2 ratio: 0.06, mask3 ratio: 0.10, mask4 ratio: 0.83
2026-01-22 18:50:30,714 - root - INFO - mask1 ratio: 0.00, mask2 ratio: 0.03, mask3 ratio: 0.10, mask4 ratio: 0.86
2026-01-22 18:50:30,976 - root - INFO - mask1 ratio: 0.01, mask2 ratio: 0.04, mask3 ratio: 0.10, mask4 ratio: 0.85
2026-01-22 18:50:31,006 - root - INFO - time 6.63
2026-01-22 18:50:31,014 - root - INFO - 13 mlp.down_proj
2026-01-22 18:50:31,015 - root - INFO - Quantizing ...
2026-01-22 18:50:31,269 - root - INFO - mask1 ratio: 0.01, mask2 ratio: 0.06, mask3 ratio: 0.10, mask4 ratio: 0.83
2026-01-22 18:50:31,524 - root - INFO - mask1 ratio: 0.01, mask2 ratio: 0.03, mask3 ratio: 0.10, mask4 ratio: 0.86
2026-01-22 18:50:31,740 - root - INFO - mask1 ratio: 0.01, mask2 ratio: 0.03, mask3 ratio: 0.10, mask4 ratio: 0.86
2026-01-22 18:50:31,959 - root - INFO - mask1 ratio: 0.01, mask2 ratio: 0.04, mask3 ratio: 0.10, mask4 ratio: 0.85
2026-01-22 18:50:32,183 - root - INFO - mask1 ratio: 0.01, mask2 ratio: 0.05, mask3 ratio: 0.10, mask4 ratio: 0.84
2026-01-22 18:50:32,403 - root - INFO - mask1 ratio: 0.01, mask2 ratio: 0.04, mask3 ratio: 0.10, mask4 ratio: 0.85
2026-01-22 18:50:32,619 - root - INFO - mask1 ratio: 0.01, mask2 ratio: 0.06, mask3 ratio: 0.10, mask4 ratio: 0.82
2026-01-22 18:50:32,834 - root - INFO - mask1 ratio: 0.01, mask2 ratio: 0.04, mask3 ratio: 0.10, mask4 ratio: 0.85
2026-01-22 18:50:33,069 - root - INFO - mask1 ratio: 0.02, mask2 ratio: 0.09, mask3 ratio: 0.10, mask4 ratio: 0.80
2026-01-22 18:50:33,285 - root - INFO - mask1 ratio: 0.01, mask2 ratio: 0.03, mask3 ratio: 0.10, mask4 ratio: 0.86
2026-01-22 18:50:33,498 - root - INFO - mask1 ratio: 0.02, mask2 ratio: 0.06, mask3 ratio: 0.10, mask4 ratio: 0.82
2026-01-22 18:50:33,712 - root - INFO - mask1 ratio: 0.01, mask2 ratio: 0.03, mask3 ratio: 0.10, mask4 ratio: 0.86
2026-01-22 18:50:33,926 - root - INFO - mask1 ratio: 0.01, mask2 ratio: 0.03, mask3 ratio: 0.10, mask4 ratio: 0.86
2026-01-22 18:50:34,140 - root - INFO - mask1 ratio: 0.01, mask2 ratio: 0.06, mask3 ratio: 0.10, mask4 ratio: 0.83
2026-01-22 18:50:34,377 - root - INFO - mask1 ratio: 0.02, mask2 ratio: 0.07, mask3 ratio: 0.10, mask4 ratio: 0.81
2026-01-22 18:50:34,599 - root - INFO - mask1 ratio: 0.01, mask2 ratio: 0.03, mask3 ratio: 0.10, mask4 ratio: 0.86
2026-01-22 18:50:34,817 - root - INFO - mask1 ratio: 0.01, mask2 ratio: 0.02, mask3 ratio: 0.10, mask4 ratio: 0.88
2026-01-22 18:50:35,033 - root - INFO - mask1 ratio: 0.01, mask2 ratio: 0.04, mask3 ratio: 0.10, mask4 ratio: 0.85
2026-01-22 18:50:35,248 - root - INFO - mask1 ratio: 0.01, mask2 ratio: 0.02, mask3 ratio: 0.10, mask4 ratio: 0.87
2026-01-22 18:50:35,463 - root - INFO - mask1 ratio: 0.01, mask2 ratio: 0.02, mask3 ratio: 0.10, mask4 ratio: 0.87
2026-01-22 18:50:35,678 - root - INFO - mask1 ratio: 0.01, mask2 ratio: 0.06, mask3 ratio: 0.10, mask4 ratio: 0.83
2026-01-22 18:50:35,922 - root - INFO - mask1 ratio: 0.01, mask2 ratio: 0.04, mask3 ratio: 0.10, mask4 ratio: 0.85
2026-01-22 18:50:36,137 - root - INFO - mask1 ratio: 0.01, mask2 ratio: 0.05, mask3 ratio: 0.10, mask4 ratio: 0.84
2026-01-22 18:50:36,351 - root - INFO - mask1 ratio: 0.01, mask2 ratio: 0.04, mask3 ratio: 0.10, mask4 ratio: 0.85
2026-01-22 18:50:36,567 - root - INFO - mask1 ratio: 0.01, mask2 ratio: 0.04, mask3 ratio: 0.10, mask4 ratio: 0.85
2026-01-22 18:50:36,785 - root - INFO - mask1 ratio: 0.01, mask2 ratio: 0.04, mask3 ratio: 0.10, mask4 ratio: 0.85
2026-01-22 18:50:37,000 - root - INFO - mask1 ratio: 0.01, mask2 ratio: 0.04, mask3 ratio: 0.10, mask4 ratio: 0.85
2026-01-22 18:50:37,215 - root - INFO - mask1 ratio: 0.02, mask2 ratio: 0.13, mask3 ratio: 0.10, mask4 ratio: 0.74
2026-01-22 18:50:37,472 - root - INFO - mask1 ratio: 0.01, mask2 ratio: 0.04, mask3 ratio: 0.10, mask4 ratio: 0.85
2026-01-22 18:50:37,687 - root - INFO - mask1 ratio: 0.01, mask2 ratio: 0.05, mask3 ratio: 0.10, mask4 ratio: 0.84
2026-01-22 18:50:37,901 - root - INFO - mask1 ratio: 0.01, mask2 ratio: 0.03, mask3 ratio: 0.10, mask4 ratio: 0.86
2026-01-22 18:50:38,116 - root - INFO - mask1 ratio: 0.02, mask2 ratio: 0.13, mask3 ratio: 0.10, mask4 ratio: 0.74
2026-01-22 18:50:38,332 - root - INFO - mask1 ratio: 0.01, mask2 ratio: 0.04, mask3 ratio: 0.10, mask4 ratio: 0.85
2026-01-22 18:50:38,547 - root - INFO - mask1 ratio: 0.01, mask2 ratio: 0.03, mask3 ratio: 0.10, mask4 ratio: 0.86
2026-01-22 18:50:38,762 - root - INFO - mask1 ratio: 0.03, mask2 ratio: 0.25, mask3 ratio: 0.10, mask4 ratio: 0.62
2026-01-22 18:50:38,999 - root - INFO - mask1 ratio: 0.01, mask2 ratio: 0.03, mask3 ratio: 0.10, mask4 ratio: 0.86
2026-01-22 18:50:39,213 - root - INFO - mask1 ratio: 0.01, mask2 ratio: 0.03, mask3 ratio: 0.10, mask4 ratio: 0.86
2026-01-22 18:50:39,428 - root - INFO - mask1 ratio: 0.02, mask2 ratio: 0.13, mask3 ratio: 0.10, mask4 ratio: 0.75
2026-01-22 18:50:39,643 - root - INFO - mask1 ratio: 0.02, mask2 ratio: 0.07, mask3 ratio: 0.10, mask4 ratio: 0.81
2026-01-22 18:50:39,856 - root - INFO - mask1 ratio: 0.01, mask2 ratio: 0.02, mask3 ratio: 0.10, mask4 ratio: 0.88
2026-01-22 18:50:40,070 - root - INFO - mask1 ratio: 0.02, mask2 ratio: 0.08, mask3 ratio: 0.10, mask4 ratio: 0.81
2026-01-22 18:50:40,284 - root - INFO - mask1 ratio: 0.02, mask2 ratio: 0.14, mask3 ratio: 0.10, mask4 ratio: 0.74
2026-01-22 18:50:40,535 - root - INFO - mask1 ratio: 0.01, mask2 ratio: 0.04, mask3 ratio: 0.10, mask4 ratio: 0.85
2026-01-22 18:50:40,749 - root - INFO - mask1 ratio: 0.01, mask2 ratio: 0.04, mask3 ratio: 0.10, mask4 ratio: 0.85
2026-01-22 18:50:40,963 - root - INFO - mask1 ratio: 0.01, mask2 ratio: 0.06, mask3 ratio: 0.10, mask4 ratio: 0.82
2026-01-22 18:50:41,178 - root - INFO - mask1 ratio: 0.01, mask2 ratio: 0.09, mask3 ratio: 0.10, mask4 ratio: 0.80
2026-01-22 18:50:41,393 - root - INFO - mask1 ratio: 0.01, mask2 ratio: 0.04, mask3 ratio: 0.10, mask4 ratio: 0.85
2026-01-22 18:50:41,614 - root - INFO - mask1 ratio: 0.03, mask2 ratio: 0.16, mask3 ratio: 0.10, mask4 ratio: 0.71
2026-01-22 18:50:41,837 - root - INFO - mask1 ratio: 0.02, mask2 ratio: 0.11, mask3 ratio: 0.10, mask4 ratio: 0.77
2026-01-22 18:50:42,079 - root - INFO - mask1 ratio: 0.01, mask2 ratio: 0.02, mask3 ratio: 0.10, mask4 ratio: 0.87
2026-01-22 18:50:42,294 - root - INFO - mask1 ratio: 0.01, mask2 ratio: 0.06, mask3 ratio: 0.10, mask4 ratio: 0.83
2026-01-22 18:50:42,513 - root - INFO - mask1 ratio: 0.02, mask2 ratio: 0.13, mask3 ratio: 0.10, mask4 ratio: 0.74
2026-01-22 18:50:42,728 - root - INFO - mask1 ratio: 0.01, mask2 ratio: 0.04, mask3 ratio: 0.10, mask4 ratio: 0.85
2026-01-22 18:50:42,942 - root - INFO - mask1 ratio: 0.02, mask2 ratio: 0.08, mask3 ratio: 0.10, mask4 ratio: 0.81
2026-01-22 18:50:43,156 - root - INFO - mask1 ratio: 0.01, mask2 ratio: 0.04, mask3 ratio: 0.10, mask4 ratio: 0.85
2026-01-22 18:50:43,370 - root - INFO - mask1 ratio: 0.01, mask2 ratio: 0.04, mask3 ratio: 0.10, mask4 ratio: 0.85
2026-01-22 18:50:43,565 - root - INFO - mask1 ratio: 0.01, mask2 ratio: 0.00, mask3 ratio: 0.10, mask4 ratio: 0.88
2026-01-22 18:50:43,803 - root - INFO - mask1 ratio: 0.01, mask2 ratio: 0.04, mask3 ratio: 0.10, mask4 ratio: 0.85
2026-01-22 18:50:44,017 - root - INFO - mask1 ratio: 0.02, mask2 ratio: 0.07, mask3 ratio: 0.10, mask4 ratio: 0.81
2026-01-22 18:50:44,233 - root - INFO - mask1 ratio: 0.01, mask2 ratio: 0.02, mask3 ratio: 0.10, mask4 ratio: 0.87
2026-01-22 18:50:44,450 - root - INFO - mask1 ratio: 0.01, mask2 ratio: 0.05, mask3 ratio: 0.10, mask4 ratio: 0.84
2026-01-22 18:50:44,665 - root - INFO - mask1 ratio: 0.01, mask2 ratio: 0.02, mask3 ratio: 0.10, mask4 ratio: 0.87
2026-01-22 18:50:44,880 - root - INFO - mask1 ratio: 0.01, mask2 ratio: 0.05, mask3 ratio: 0.10, mask4 ratio: 0.84
2026-01-22 18:50:45,095 - root - INFO - mask1 ratio: 0.01, mask2 ratio: 0.11, mask3 ratio: 0.10, mask4 ratio: 0.77
2026-01-22 18:50:45,121 - root - INFO - time 14.11
2026-01-22 18:50:47,688 - root - INFO - 14 self_attn.q_proj
2026-01-22 18:50:47,688 - root - INFO - Quantizing ...
2026-01-22 18:50:48,084 - root - INFO - mask1 ratio: 0.00, mask2 ratio: 0.02, mask3 ratio: 0.10, mask4 ratio: 0.88
2026-01-22 18:50:48,299 - root - INFO - mask1 ratio: 0.00, mask2 ratio: 0.03, mask3 ratio: 0.10, mask4 ratio: 0.87
2026-01-22 18:50:48,513 - root - INFO - mask1 ratio: 0.00, mask2 ratio: 0.04, mask3 ratio: 0.10, mask4 ratio: 0.86
2026-01-22 18:50:48,729 - root - INFO - mask1 ratio: 0.01, mask2 ratio: 0.06, mask3 ratio: 0.10, mask4 ratio: 0.83
2026-01-22 18:50:48,983 - root - INFO - mask1 ratio: 0.00, mask2 ratio: 0.03, mask3 ratio: 0.10, mask4 ratio: 0.87
2026-01-22 18:50:49,216 - root - INFO - mask1 ratio: 0.01, mask2 ratio: 0.05, mask3 ratio: 0.10, mask4 ratio: 0.85
2026-01-22 18:50:49,430 - root - INFO - mask1 ratio: 0.00, mask2 ratio: 0.03, mask3 ratio: 0.10, mask4 ratio: 0.87
2026-01-22 18:50:49,644 - root - INFO - mask1 ratio: 0.00, mask2 ratio: 0.02, mask3 ratio: 0.10, mask4 ratio: 0.88
2026-01-22 18:50:49,861 - root - INFO - mask1 ratio: 0.01, mask2 ratio: 0.11, mask3 ratio: 0.10, mask4 ratio: 0.77
2026-01-22 18:50:50,074 - root - INFO - mask1 ratio: 0.00, mask2 ratio: 0.04, mask3 ratio: 0.10, mask4 ratio: 0.85
2026-01-22 18:50:50,296 - root - INFO - mask1 ratio: 0.00, mask2 ratio: 0.04, mask3 ratio: 0.10, mask4 ratio: 0.85
2026-01-22 18:50:50,520 - root - INFO - mask1 ratio: 0.01, mask2 ratio: 0.06, mask3 ratio: 0.10, mask4 ratio: 0.83
2026-01-22 18:50:50,734 - root - INFO - mask1 ratio: 0.00, mask2 ratio: 0.02, mask3 ratio: 0.10, mask4 ratio: 0.88
2026-01-22 18:50:50,970 - root - INFO - mask1 ratio: 0.00, mask2 ratio: 0.04, mask3 ratio: 0.10, mask4 ratio: 0.86
2026-01-22 18:50:51,186 - root - INFO - mask1 ratio: 0.00, mask2 ratio: 0.03, mask3 ratio: 0.10, mask4 ratio: 0.87
2026-01-22 18:50:51,400 - root - INFO - mask1 ratio: 0.00, mask2 ratio: 0.03, mask3 ratio: 0.10, mask4 ratio: 0.87
2026-01-22 18:50:51,612 - root - INFO - mask1 ratio: 0.00, mask2 ratio: 0.02, mask3 ratio: 0.10, mask4 ratio: 0.88
2026-01-22 18:50:51,863 - root - INFO - mask1 ratio: 0.00, mask2 ratio: 0.02, mask3 ratio: 0.10, mask4 ratio: 0.88
2026-01-22 18:50:52,077 - root - INFO - mask1 ratio: 0.00, mask2 ratio: 0.03, mask3 ratio: 0.10, mask4 ratio: 0.87
2026-01-22 18:50:52,291 - root - INFO - mask1 ratio: 0.00, mask2 ratio: 0.03, mask3 ratio: 0.10, mask4 ratio: 0.87
2026-01-22 18:50:52,508 - root - INFO - mask1 ratio: 0.00, mask2 ratio: 0.03, mask3 ratio: 0.10, mask4 ratio: 0.87
2026-01-22 18:50:52,721 - root - INFO - mask1 ratio: 0.00, mask2 ratio: 0.04, mask3 ratio: 0.10, mask4 ratio: 0.86
2026-01-22 18:50:52,937 - root - INFO - mask1 ratio: 0.00, mask2 ratio: 0.04, mask3 ratio: 0.10, mask4 ratio: 0.86
2026-01-22 18:50:53,150 - root - INFO - mask1 ratio: 0.00, mask2 ratio: 0.04, mask3 ratio: 0.10, mask4 ratio: 0.86
2026-01-22 18:50:53,176 - root - INFO - time 5.49
2026-01-22 18:50:53,186 - root - INFO - 14 self_attn.k_proj
2026-01-22 18:50:53,186 - root - INFO - Quantizing ...
2026-01-22 18:50:53,394 - root - INFO - mask1 ratio: 0.00, mask2 ratio: 0.02, mask3 ratio: 0.10, mask4 ratio: 0.88
2026-01-22 18:50:53,607 - root - INFO - mask1 ratio: 0.00, mask2 ratio: 0.02, mask3 ratio: 0.10, mask4 ratio: 0.88
2026-01-22 18:50:53,823 - root - INFO - mask1 ratio: 0.00, mask2 ratio: 0.02, mask3 ratio: 0.10, mask4 ratio: 0.88
2026-01-22 18:50:54,041 - root - INFO - mask1 ratio: 0.01, mask2 ratio: 0.03, mask3 ratio: 0.10, mask4 ratio: 0.87
2026-01-22 18:50:54,258 - root - INFO - mask1 ratio: 0.00, mask2 ratio: 0.02, mask3 ratio: 0.10, mask4 ratio: 0.88
2026-01-22 18:50:54,475 - root - INFO - mask1 ratio: 0.00, mask2 ratio: 0.02, mask3 ratio: 0.10, mask4 ratio: 0.88
2026-01-22 18:50:54,691 - root - INFO - mask1 ratio: 0.00, mask2 ratio: 0.04, mask3 ratio: 0.10, mask4 ratio: 0.86
2026-01-22 18:50:54,947 - root - INFO - mask1 ratio: 0.00, mask2 ratio: 0.02, mask3 ratio: 0.10, mask4 ratio: 0.88
2026-01-22 18:50:55,164 - root - INFO - mask1 ratio: 0.01, mask2 ratio: 0.05, mask3 ratio: 0.10, mask4 ratio: 0.84
2026-01-22 18:50:55,381 - root - INFO - mask1 ratio: 0.00, mask2 ratio: 0.02, mask3 ratio: 0.10, mask4 ratio: 0.88
2026-01-22 18:50:55,598 - root - INFO - mask1 ratio: 0.00, mask2 ratio: 0.02, mask3 ratio: 0.10, mask4 ratio: 0.88
2026-01-22 18:50:55,814 - root - INFO - mask1 ratio: 0.00, mask2 ratio: 0.02, mask3 ratio: 0.10, mask4 ratio: 0.88
2026-01-22 18:50:56,015 - root - INFO - mask1 ratio: 0.00, mask2 ratio: 0.03, mask3 ratio: 0.10, mask4 ratio: 0.87
2026-01-22 18:50:56,213 - root - INFO - mask1 ratio: 0.01, mask2 ratio: 0.03, mask3 ratio: 0.10, mask4 ratio: 0.86
2026-01-22 18:50:56,411 - root - INFO - mask1 ratio: 0.00, mask2 ratio: 0.02, mask3 ratio: 0.10, mask4 ratio: 0.88
2026-01-22 18:50:56,631 - root - INFO - mask1 ratio: 0.00, mask2 ratio: 0.02, mask3 ratio: 0.10, mask4 ratio: 0.88
2026-01-22 18:50:56,828 - root - INFO - mask1 ratio: 0.01, mask2 ratio: 0.00, mask3 ratio: 0.10, mask4 ratio: 0.88
2026-01-22 18:50:57,028 - root - INFO - mask1 ratio: 0.01, mask2 ratio: 0.02, mask3 ratio: 0.10, mask4 ratio: 0.88
2026-01-22 18:50:57,228 - root - INFO - mask1 ratio: 0.00, mask2 ratio: 0.02, mask3 ratio: 0.10, mask4 ratio: 0.88
2026-01-22 18:50:57,428 - root - INFO - mask1 ratio: 0.01, mask2 ratio: 0.05, mask3 ratio: 0.10, mask4 ratio: 0.84
2026-01-22 18:50:57,625 - root - INFO - mask1 ratio: 0.00, mask2 ratio: 0.02, mask3 ratio: 0.10, mask4 ratio: 0.88
2026-01-22 18:50:57,822 - root - INFO - mask1 ratio: 0.01, mask2 ratio: 0.03, mask3 ratio: 0.10, mask4 ratio: 0.86
2026-01-22 18:50:58,034 - root - INFO - mask1 ratio: 0.00, mask2 ratio: 0.02, mask3 ratio: 0.10, mask4 ratio: 0.88
2026-01-22 18:50:58,265 - root - INFO - mask1 ratio: 0.01, mask2 ratio: 0.03, mask3 ratio: 0.10, mask4 ratio: 0.86
2026-01-22 18:50:58,292 - root - INFO - time 5.11
2026-01-22 18:50:58,295 - root - INFO - 14 self_attn.v_proj
2026-01-22 18:50:58,295 - root - INFO - Quantizing ...
2026-01-22 18:50:58,476 - root - INFO - mask1 ratio: 0.01, mask2 ratio: 0.06, mask3 ratio: 0.10, mask4 ratio: 0.83
2026-01-22 18:50:58,674 - root - INFO - mask1 ratio: 0.00, mask2 ratio: 0.03, mask3 ratio: 0.10, mask4 ratio: 0.86
2026-01-22 18:50:58,871 - root - INFO - mask1 ratio: 0.01, mask2 ratio: 0.05, mask3 ratio: 0.10, mask4 ratio: 0.84
2026-01-22 18:50:59,070 - root - INFO - mask1 ratio: 0.01, mask2 ratio: 0.06, mask3 ratio: 0.10, mask4 ratio: 0.84
2026-01-22 18:50:59,269 - root - INFO - mask1 ratio: 0.01, mask2 ratio: 0.06, mask3 ratio: 0.10, mask4 ratio: 0.83
2026-01-22 18:50:59,467 - root - INFO - mask1 ratio: 0.01, mask2 ratio: 0.06, mask3 ratio: 0.10, mask4 ratio: 0.84
2026-01-22 18:50:59,694 - root - INFO - mask1 ratio: 0.01, mask2 ratio: 0.08, mask3 ratio: 0.10, mask4 ratio: 0.81
2026-01-22 18:50:59,890 - root - INFO - mask1 ratio: 0.01, mask2 ratio: 0.04, mask3 ratio: 0.10, mask4 ratio: 0.85
2026-01-22 18:51:00,088 - root - INFO - mask1 ratio: 0.01, mask2 ratio: 0.08, mask3 ratio: 0.10, mask4 ratio: 0.81
2026-01-22 18:51:00,286 - root - INFO - mask1 ratio: 0.01, mask2 ratio: 0.08, mask3 ratio: 0.10, mask4 ratio: 0.81
2026-01-22 18:51:00,483 - root - INFO - mask1 ratio: 0.01, mask2 ratio: 0.06, mask3 ratio: 0.10, mask4 ratio: 0.83
2026-01-22 18:51:00,680 - root - INFO - mask1 ratio: 0.01, mask2 ratio: 0.05, mask3 ratio: 0.10, mask4 ratio: 0.85
2026-01-22 18:51:00,881 - root - INFO - mask1 ratio: 0.01, mask2 ratio: 0.07, mask3 ratio: 0.10, mask4 ratio: 0.82
2026-01-22 18:51:01,081 - root - INFO - mask1 ratio: 0.01, mask2 ratio: 0.05, mask3 ratio: 0.10, mask4 ratio: 0.85
2026-01-22 18:51:01,323 - root - INFO - mask1 ratio: 0.01, mask2 ratio: 0.05, mask3 ratio: 0.10, mask4 ratio: 0.84
2026-01-22 18:51:01,521 - root - INFO - mask1 ratio: 0.01, mask2 ratio: 0.06, mask3 ratio: 0.10, mask4 ratio: 0.83
2026-01-22 18:51:01,719 - root - INFO - mask1 ratio: 0.01, mask2 ratio: 0.06, mask3 ratio: 0.10, mask4 ratio: 0.84
2026-01-22 18:51:01,916 - root - INFO - mask1 ratio: 0.01, mask2 ratio: 0.04, mask3 ratio: 0.10, mask4 ratio: 0.85
2026-01-22 18:51:02,115 - root - INFO - mask1 ratio: 0.01, mask2 ratio: 0.05, mask3 ratio: 0.10, mask4 ratio: 0.85
2026-01-22 18:51:02,314 - root - INFO - mask1 ratio: 0.01, mask2 ratio: 0.03, mask3 ratio: 0.10, mask4 ratio: 0.86
2026-01-22 18:51:02,513 - root - INFO - mask1 ratio: 0.01, mask2 ratio: 0.06, mask3 ratio: 0.10, mask4 ratio: 0.83
2026-01-22 18:51:02,712 - root - INFO - mask1 ratio: 0.01, mask2 ratio: 0.06, mask3 ratio: 0.10, mask4 ratio: 0.83
2026-01-22 18:51:02,935 - root - INFO - mask1 ratio: 0.01, mask2 ratio: 0.03, mask3 ratio: 0.10, mask4 ratio: 0.86
2026-01-22 18:51:03,132 - root - INFO - mask1 ratio: 0.01, mask2 ratio: 0.03, mask3 ratio: 0.10, mask4 ratio: 0.86
2026-01-22 18:51:03,160 - root - INFO - time 4.86
2026-01-22 18:51:03,164 - root - INFO - 14 self_attn.o_proj
2026-01-22 18:51:03,164 - root - INFO - Quantizing ...
2026-01-22 18:51:03,362 - root - INFO - mask1 ratio: 0.03, mask2 ratio: 0.22, mask3 ratio: 0.10, mask4 ratio: 0.66
2026-01-22 18:51:03,575 - root - INFO - mask1 ratio: 0.01, mask2 ratio: 0.03, mask3 ratio: 0.10, mask4 ratio: 0.86
2026-01-22 18:51:03,791 - root - INFO - mask1 ratio: 0.02, mask2 ratio: 0.21, mask3 ratio: 0.10, mask4 ratio: 0.67
2026-01-22 18:51:04,004 - root - INFO - mask1 ratio: 0.00, mask2 ratio: 0.03, mask3 ratio: 0.10, mask4 ratio: 0.87
2026-01-22 18:51:04,219 - root - INFO - mask1 ratio: 0.04, mask2 ratio: 0.34, mask3 ratio: 0.10, mask4 ratio: 0.52
2026-01-22 18:51:04,474 - root - INFO - mask1 ratio: 0.01, mask2 ratio: 0.04, mask3 ratio: 0.10, mask4 ratio: 0.85
2026-01-22 18:51:04,689 - root - INFO - mask1 ratio: 0.02, mask2 ratio: 0.08, mask3 ratio: 0.10, mask4 ratio: 0.80
2026-01-22 18:51:04,903 - root - INFO - mask1 ratio: 0.01, mask2 ratio: 0.11, mask3 ratio: 0.10, mask4 ratio: 0.77
2026-01-22 18:51:05,118 - root - INFO - mask1 ratio: 0.02, mask2 ratio: 0.09, mask3 ratio: 0.10, mask4 ratio: 0.80
2026-01-22 18:51:05,333 - root - INFO - mask1 ratio: 0.01, mask2 ratio: 0.02, mask3 ratio: 0.11, mask4 ratio: 0.87
2026-01-22 18:51:05,547 - root - INFO - mask1 ratio: 0.01, mask2 ratio: 0.02, mask3 ratio: 0.11, mask4 ratio: 0.87
2026-01-22 18:51:05,760 - root - INFO - mask1 ratio: 0.00, mask2 ratio: 0.02, mask3 ratio: 0.11, mask4 ratio: 0.87
2026-01-22 18:51:06,000 - root - INFO - mask1 ratio: 0.01, mask2 ratio: 0.02, mask3 ratio: 0.10, mask4 ratio: 0.87
2026-01-22 18:51:06,213 - root - INFO - mask1 ratio: 0.00, mask2 ratio: 0.02, mask3 ratio: 0.10, mask4 ratio: 0.88
2026-01-22 18:51:06,429 - root - INFO - mask1 ratio: 0.02, mask2 ratio: 0.18, mask3 ratio: 0.10, mask4 ratio: 0.70
2026-01-22 18:51:06,642 - root - INFO - mask1 ratio: 0.02, mask2 ratio: 0.08, mask3 ratio: 0.10, mask4 ratio: 0.81
2026-01-22 18:51:06,856 - root - INFO - mask1 ratio: 0.01, mask2 ratio: 0.05, mask3 ratio: 0.10, mask4 ratio: 0.85
2026-01-22 18:51:07,069 - root - INFO - mask1 ratio: 0.02, mask2 ratio: 0.06, mask3 ratio: 0.10, mask4 ratio: 0.82
2026-01-22 18:51:07,285 - root - INFO - mask1 ratio: 0.01, mask2 ratio: 0.02, mask3 ratio: 0.10, mask4 ratio: 0.87
2026-01-22 18:51:07,530 - root - INFO - mask1 ratio: 0.01, mask2 ratio: 0.03, mask3 ratio: 0.10, mask4 ratio: 0.86
2026-01-22 18:51:07,743 - root - INFO - mask1 ratio: 0.01, mask2 ratio: 0.03, mask3 ratio: 0.10, mask4 ratio: 0.86
2026-01-22 18:51:07,956 - root - INFO - mask1 ratio: 0.01, mask2 ratio: 0.04, mask3 ratio: 0.10, mask4 ratio: 0.85
2026-01-22 18:51:08,170 - root - INFO - mask1 ratio: 0.01, mask2 ratio: 0.03, mask3 ratio: 0.10, mask4 ratio: 0.86
2026-01-22 18:51:08,386 - root - INFO - mask1 ratio: 0.01, mask2 ratio: 0.02, mask3 ratio: 0.10, mask4 ratio: 0.87
2026-01-22 18:51:08,414 - root - INFO - time 5.25
2026-01-22 18:51:08,418 - root - INFO - 14 mlp.gate_proj
2026-01-22 18:51:08,418 - root - INFO - Quantizing ...
2026-01-22 18:51:08,660 - root - INFO - mask1 ratio: 0.01, mask2 ratio: 0.05, mask3 ratio: 0.10, mask4 ratio: 0.85
2026-01-22 18:51:08,951 - root - INFO - mask1 ratio: 0.00, mask2 ratio: 0.04, mask3 ratio: 0.10, mask4 ratio: 0.85
2026-01-22 18:51:09,213 - root - INFO - mask1 ratio: 0.00, mask2 ratio: 0.04, mask3 ratio: 0.10, mask4 ratio: 0.85
2026-01-22 18:51:09,479 - root - INFO - mask1 ratio: 0.01, mask2 ratio: 0.10, mask3 ratio: 0.10, mask4 ratio: 0.79
2026-01-22 18:51:09,741 - root - INFO - mask1 ratio: 0.00, mask2 ratio: 0.03, mask3 ratio: 0.10, mask4 ratio: 0.86
2026-01-22 18:51:10,004 - root - INFO - mask1 ratio: 0.01, mask2 ratio: 0.05, mask3 ratio: 0.10, mask4 ratio: 0.85
2026-01-22 18:51:10,308 - root - INFO - mask1 ratio: 0.00, mask2 ratio: 0.04, mask3 ratio: 0.10, mask4 ratio: 0.86
2026-01-22 18:51:10,572 - root - INFO - mask1 ratio: 0.01, mask2 ratio: 0.06, mask3 ratio: 0.10, mask4 ratio: 0.84
2026-01-22 18:51:10,838 - root - INFO - mask1 ratio: 0.00, mask2 ratio: 0.04, mask3 ratio: 0.10, mask4 ratio: 0.85
2026-01-22 18:51:11,104 - root - INFO - mask1 ratio: 0.01, mask2 ratio: 0.06, mask3 ratio: 0.10, mask4 ratio: 0.84
2026-01-22 18:51:11,366 - root - INFO - mask1 ratio: 0.00, mask2 ratio: 0.04, mask3 ratio: 0.10, mask4 ratio: 0.85
2026-01-22 18:51:11,658 - root - INFO - mask1 ratio: 0.01, mask2 ratio: 0.06, mask3 ratio: 0.10, mask4 ratio: 0.83
2026-01-22 18:51:11,920 - root - INFO - mask1 ratio: 0.00, mask2 ratio: 0.03, mask3 ratio: 0.10, mask4 ratio: 0.86
2026-01-22 18:51:12,183 - root - INFO - mask1 ratio: 0.01, mask2 ratio: 0.06, mask3 ratio: 0.10, mask4 ratio: 0.83
2026-01-22 18:51:12,445 - root - INFO - mask1 ratio: 0.00, mask2 ratio: 0.04, mask3 ratio: 0.10, mask4 ratio: 0.86
2026-01-22 18:51:12,707 - root - INFO - mask1 ratio: 0.01, mask2 ratio: 0.06, mask3 ratio: 0.10, mask4 ratio: 0.84
2026-01-22 18:51:13,011 - root - INFO - mask1 ratio: 0.00, mask2 ratio: 0.04, mask3 ratio: 0.10, mask4 ratio: 0.86
2026-01-22 18:51:13,273 - root - INFO - mask1 ratio: 0.01, mask2 ratio: 0.05, mask3 ratio: 0.10, mask4 ratio: 0.85
2026-01-22 18:51:13,537 - root - INFO - mask1 ratio: 0.01, mask2 ratio: 0.07, mask3 ratio: 0.10, mask4 ratio: 0.82
2026-01-22 18:51:13,799 - root - INFO - mask1 ratio: 0.00, mask2 ratio: 0.03, mask3 ratio: 0.10, mask4 ratio: 0.87
2026-01-22 18:51:14,061 - root - INFO - mask1 ratio: 0.01, mask2 ratio: 0.06, mask3 ratio: 0.10, mask4 ratio: 0.84
2026-01-22 18:51:14,354 - root - INFO - mask1 ratio: 0.01, mask2 ratio: 0.06, mask3 ratio: 0.10, mask4 ratio: 0.84
2026-01-22 18:51:14,617 - root - INFO - mask1 ratio: 0.00, mask2 ratio: 0.03, mask3 ratio: 0.10, mask4 ratio: 0.87
2026-01-22 18:51:14,879 - root - INFO - mask1 ratio: 0.00, mask2 ratio: 0.04, mask3 ratio: 0.10, mask4 ratio: 0.85
2026-01-22 18:51:14,908 - root - INFO - time 6.49
2026-01-22 18:51:14,916 - root - INFO - 14 mlp.up_proj
2026-01-22 18:51:14,916 - root - INFO - Quantizing ...
2026-01-22 18:51:15,158 - root - INFO - mask1 ratio: 0.01, mask2 ratio: 0.05, mask3 ratio: 0.10, mask4 ratio: 0.85
2026-01-22 18:51:15,421 - root - INFO - mask1 ratio: 0.01, mask2 ratio: 0.06, mask3 ratio: 0.10, mask4 ratio: 0.84
2026-01-22 18:51:15,728 - root - INFO - mask1 ratio: 0.01, mask2 ratio: 0.03, mask3 ratio: 0.10, mask4 ratio: 0.86
2026-01-22 18:51:15,990 - root - INFO - mask1 ratio: 0.01, mask2 ratio: 0.06, mask3 ratio: 0.10, mask4 ratio: 0.84
2026-01-22 18:51:16,253 - root - INFO - mask1 ratio: 0.01, mask2 ratio: 0.04, mask3 ratio: 0.10, mask4 ratio: 0.85
2026-01-22 18:51:16,515 - root - INFO - mask1 ratio: 0.01, mask2 ratio: 0.05, mask3 ratio: 0.10, mask4 ratio: 0.85
2026-01-22 18:51:16,777 - root - INFO - mask1 ratio: 0.01, mask2 ratio: 0.06, mask3 ratio: 0.10, mask4 ratio: 0.84
2026-01-22 18:51:17,067 - root - INFO - mask1 ratio: 0.01, mask2 ratio: 0.05, mask3 ratio: 0.10, mask4 ratio: 0.85
2026-01-22 18:51:17,327 - root - INFO - mask1 ratio: 0.01, mask2 ratio: 0.04, mask3 ratio: 0.10, mask4 ratio: 0.85
2026-01-22 18:51:17,589 - root - INFO - mask1 ratio: 0.01, mask2 ratio: 0.05, mask3 ratio: 0.10, mask4 ratio: 0.85
2026-01-22 18:51:17,858 - root - INFO - mask1 ratio: 0.01, mask2 ratio: 0.07, mask3 ratio: 0.10, mask4 ratio: 0.82
2026-01-22 18:51:18,123 - root - INFO - mask1 ratio: 0.01, mask2 ratio: 0.08, mask3 ratio: 0.10, mask4 ratio: 0.81
2026-01-22 18:51:18,410 - root - INFO - mask1 ratio: 0.01, mask2 ratio: 0.05, mask3 ratio: 0.10, mask4 ratio: 0.85
2026-01-22 18:51:18,675 - root - INFO - mask1 ratio: 0.01, mask2 ratio: 0.06, mask3 ratio: 0.10, mask4 ratio: 0.83
2026-01-22 18:51:18,936 - root - INFO - mask1 ratio: 0.01, mask2 ratio: 0.04, mask3 ratio: 0.10, mask4 ratio: 0.85
2026-01-22 18:51:19,196 - root - INFO - mask1 ratio: 0.01, mask2 ratio: 0.03, mask3 ratio: 0.10, mask4 ratio: 0.86
2026-01-22 18:51:19,458 - root - INFO - mask1 ratio: 0.01, mask2 ratio: 0.07, mask3 ratio: 0.10, mask4 ratio: 0.82
2026-01-22 18:51:19,751 - root - INFO - mask1 ratio: 0.01, mask2 ratio: 0.04, mask3 ratio: 0.10, mask4 ratio: 0.85
2026-01-22 18:51:20,011 - root - INFO - mask1 ratio: 0.01, mask2 ratio: 0.05, mask3 ratio: 0.10, mask4 ratio: 0.85
2026-01-22 18:51:20,271 - root - INFO - mask1 ratio: 0.01, mask2 ratio: 0.03, mask3 ratio: 0.10, mask4 ratio: 0.86
2026-01-22 18:51:20,533 - root - INFO - mask1 ratio: 0.01, mask2 ratio: 0.08, mask3 ratio: 0.10, mask4 ratio: 0.81
2026-01-22 18:51:20,796 - root - INFO - mask1 ratio: 0.01, mask2 ratio: 0.06, mask3 ratio: 0.10, mask4 ratio: 0.83
2026-01-22 18:51:21,099 - root - INFO - mask1 ratio: 0.00, mask2 ratio: 0.03, mask3 ratio: 0.10, mask4 ratio: 0.87
2026-01-22 18:51:21,361 - root - INFO - mask1 ratio: 0.01, mask2 ratio: 0.04, mask3 ratio: 0.10, mask4 ratio: 0.85
2026-01-22 18:51:21,391 - root - INFO - time 6.47
2026-01-22 18:51:21,398 - root - INFO - 14 mlp.down_proj
2026-01-22 18:51:21,399 - root - INFO - Quantizing ...
2026-01-22 18:51:21,652 - root - INFO - mask1 ratio: 0.01, mask2 ratio: 0.05, mask3 ratio: 0.10, mask4 ratio: 0.84
2026-01-22 18:51:21,872 - root - INFO - mask1 ratio: 0.01, mask2 ratio: 0.02, mask3 ratio: 0.10, mask4 ratio: 0.87
2026-01-22 18:51:22,086 - root - INFO - mask1 ratio: 0.02, mask2 ratio: 0.06, mask3 ratio: 0.10, mask4 ratio: 0.82
2026-01-22 18:51:22,302 - root - INFO - mask1 ratio: 0.02, mask2 ratio: 0.14, mask3 ratio: 0.10, mask4 ratio: 0.74
2026-01-22 18:51:22,518 - root - INFO - mask1 ratio: 0.01, mask2 ratio: 0.04, mask3 ratio: 0.10, mask4 ratio: 0.85
2026-01-22 18:51:22,760 - root - INFO - mask1 ratio: 0.02, mask2 ratio: 0.09, mask3 ratio: 0.10, mask4 ratio: 0.79
2026-01-22 18:51:22,976 - root - INFO - mask1 ratio: 0.01, mask2 ratio: 0.06, mask3 ratio: 0.10, mask4 ratio: 0.83
2026-01-22 18:51:23,189 - root - INFO - mask1 ratio: 0.01, mask2 ratio: 0.02, mask3 ratio: 0.10, mask4 ratio: 0.87
2026-01-22 18:51:23,404 - root - INFO - mask1 ratio: 0.01, mask2 ratio: 0.03, mask3 ratio: 0.10, mask4 ratio: 0.86
2026-01-22 18:51:23,617 - root - INFO - mask1 ratio: 0.01, mask2 ratio: 0.03, mask3 ratio: 0.10, mask4 ratio: 0.87
2026-01-22 18:51:23,831 - root - INFO - mask1 ratio: 0.02, mask2 ratio: 0.12, mask3 ratio: 0.10, mask4 ratio: 0.76
2026-01-22 18:51:24,047 - root - INFO - mask1 ratio: 0.02, mask2 ratio: 0.09, mask3 ratio: 0.10, mask4 ratio: 0.79
2026-01-22 18:51:24,299 - root - INFO - mask1 ratio: 0.01, mask2 ratio: 0.06, mask3 ratio: 0.10, mask4 ratio: 0.83
2026-01-22 18:51:24,514 - root - INFO - mask1 ratio: 0.01, mask2 ratio: 0.06, mask3 ratio: 0.10, mask4 ratio: 0.82
2026-01-22 18:51:24,729 - root - INFO - mask1 ratio: 0.01, mask2 ratio: 0.03, mask3 ratio: 0.10, mask4 ratio: 0.86
2026-01-22 18:51:24,958 - root - INFO - mask1 ratio: 0.01, mask2 ratio: 0.06, mask3 ratio: 0.10, mask4 ratio: 0.83
2026-01-22 18:51:25,183 - root - INFO - mask1 ratio: 0.02, mask2 ratio: 0.09, mask3 ratio: 0.10, mask4 ratio: 0.80
2026-01-22 18:51:25,397 - root - INFO - mask1 ratio: 0.01, mask2 ratio: 0.04, mask3 ratio: 0.10, mask4 ratio: 0.85
2026-01-22 18:51:25,636 - root - INFO - mask1 ratio: 0.01, mask2 ratio: 0.03, mask3 ratio: 0.10, mask4 ratio: 0.86
2026-01-22 18:51:25,852 - root - INFO - mask1 ratio: 0.01, mask2 ratio: 0.03, mask3 ratio: 0.10, mask4 ratio: 0.86
2026-01-22 18:51:26,068 - root - INFO - mask1 ratio: 0.02, mask2 ratio: 0.10, mask3 ratio: 0.10, mask4 ratio: 0.77
2026-01-22 18:51:26,282 - root - INFO - mask1 ratio: 0.01, mask2 ratio: 0.04, mask3 ratio: 0.10, mask4 ratio: 0.85
2026-01-22 18:51:26,496 - root - INFO - mask1 ratio: 0.01, mask2 ratio: 0.06, mask3 ratio: 0.10, mask4 ratio: 0.83
2026-01-22 18:51:26,709 - root - INFO - mask1 ratio: 0.01, mask2 ratio: 0.02, mask3 ratio: 0.10, mask4 ratio: 0.88
2026-01-22 18:51:26,923 - root - INFO - mask1 ratio: 0.02, mask2 ratio: 0.09, mask3 ratio: 0.10, mask4 ratio: 0.79
2026-01-22 18:51:27,177 - root - INFO - mask1 ratio: 0.01, mask2 ratio: 0.04, mask3 ratio: 0.10, mask4 ratio: 0.85
2026-01-22 18:51:27,393 - root - INFO - mask1 ratio: 0.03, mask2 ratio: 0.21, mask3 ratio: 0.10, mask4 ratio: 0.66
2026-01-22 18:51:27,606 - root - INFO - mask1 ratio: 0.01, mask2 ratio: 0.03, mask3 ratio: 0.10, mask4 ratio: 0.86
2026-01-22 18:51:27,821 - root - INFO - mask1 ratio: 0.01, mask2 ratio: 0.07, mask3 ratio: 0.10, mask4 ratio: 0.82
2026-01-22 18:51:28,036 - root - INFO - mask1 ratio: 0.02, mask2 ratio: 0.08, mask3 ratio: 0.10, mask4 ratio: 0.81
2026-01-22 18:51:28,251 - root - INFO - mask1 ratio: 0.02, mask2 ratio: 0.09, mask3 ratio: 0.10, mask4 ratio: 0.79
2026-01-22 18:51:28,465 - root - INFO - mask1 ratio: 0.01, mask2 ratio: 0.04, mask3 ratio: 0.10, mask4 ratio: 0.85
2026-01-22 18:51:28,706 - root - INFO - mask1 ratio: 0.01, mask2 ratio: 0.04, mask3 ratio: 0.10, mask4 ratio: 0.85
2026-01-22 18:51:28,919 - root - INFO - mask1 ratio: 0.01, mask2 ratio: 0.04, mask3 ratio: 0.10, mask4 ratio: 0.85
2026-01-22 18:51:29,135 - root - INFO - mask1 ratio: 0.00, mask2 ratio: 0.03, mask3 ratio: 0.10, mask4 ratio: 0.87
2026-01-22 18:51:29,349 - root - INFO - mask1 ratio: 0.02, mask2 ratio: 0.12, mask3 ratio: 0.10, mask4 ratio: 0.77
2026-01-22 18:51:29,562 - root - INFO - mask1 ratio: 0.01, mask2 ratio: 0.02, mask3 ratio: 0.10, mask4 ratio: 0.87
2026-01-22 18:51:29,776 - root - INFO - mask1 ratio: 0.02, mask2 ratio: 0.14, mask3 ratio: 0.10, mask4 ratio: 0.74
2026-01-22 18:51:29,991 - root - INFO - mask1 ratio: 0.03, mask2 ratio: 0.19, mask3 ratio: 0.10, mask4 ratio: 0.68
2026-01-22 18:51:30,244 - root - INFO - mask1 ratio: 0.02, mask2 ratio: 0.15, mask3 ratio: 0.10, mask4 ratio: 0.73
2026-01-22 18:51:30,460 - root - INFO - mask1 ratio: 0.01, mask2 ratio: 0.06, mask3 ratio: 0.10, mask4 ratio: 0.83
2026-01-22 18:51:30,675 - root - INFO - mask1 ratio: 0.02, mask2 ratio: 0.05, mask3 ratio: 0.10, mask4 ratio: 0.83
2026-01-22 18:51:30,889 - root - INFO - mask1 ratio: 0.01, mask2 ratio: 0.05, mask3 ratio: 0.10, mask4 ratio: 0.84
2026-01-22 18:51:31,104 - root - INFO - mask1 ratio: 0.01, mask2 ratio: 0.05, mask3 ratio: 0.10, mask4 ratio: 0.84
2026-01-22 18:51:31,321 - root - INFO - mask1 ratio: 0.01, mask2 ratio: 0.04, mask3 ratio: 0.10, mask4 ratio: 0.85
2026-01-22 18:51:31,536 - root - INFO - mask1 ratio: 0.01, mask2 ratio: 0.04, mask3 ratio: 0.10, mask4 ratio: 0.85
2026-01-22 18:51:31,775 - root - INFO - mask1 ratio: 0.03, mask2 ratio: 0.16, mask3 ratio: 0.10, mask4 ratio: 0.71
2026-01-22 18:51:31,998 - root - INFO - mask1 ratio: 0.01, mask2 ratio: 0.03, mask3 ratio: 0.10, mask4 ratio: 0.86
2026-01-22 18:51:32,223 - root - INFO - mask1 ratio: 0.01, mask2 ratio: 0.02, mask3 ratio: 0.10, mask4 ratio: 0.87
2026-01-22 18:51:32,461 - root - INFO - mask1 ratio: 0.01, mask2 ratio: 0.03, mask3 ratio: 0.10, mask4 ratio: 0.86
2026-01-22 18:51:32,708 - root - INFO - mask1 ratio: 0.01, mask2 ratio: 0.05, mask3 ratio: 0.10, mask4 ratio: 0.84
2026-01-22 18:51:32,943 - root - INFO - mask1 ratio: 0.01, mask2 ratio: 0.06, mask3 ratio: 0.10, mask4 ratio: 0.82
2026-01-22 18:51:33,165 - root - INFO - mask1 ratio: 0.01, mask2 ratio: 0.11, mask3 ratio: 0.10, mask4 ratio: 0.78
2026-01-22 18:51:33,432 - root - INFO - mask1 ratio: 0.01, mask2 ratio: 0.06, mask3 ratio: 0.10, mask4 ratio: 0.83
2026-01-22 18:51:33,664 - root - INFO - mask1 ratio: 0.02, mask2 ratio: 0.08, mask3 ratio: 0.10, mask4 ratio: 0.81
2026-01-22 18:51:33,892 - root - INFO - mask1 ratio: 0.01, mask2 ratio: 0.05, mask3 ratio: 0.10, mask4 ratio: 0.85
2026-01-22 18:51:34,125 - root - INFO - mask1 ratio: 0.00, mask2 ratio: 0.02, mask3 ratio: 0.10, mask4 ratio: 0.88
2026-01-22 18:51:34,347 - root - INFO - mask1 ratio: 0.01, mask2 ratio: 0.03, mask3 ratio: 0.10, mask4 ratio: 0.86
2026-01-22 18:51:34,569 - root - INFO - mask1 ratio: 0.01, mask2 ratio: 0.04, mask3 ratio: 0.10, mask4 ratio: 0.85
2026-01-22 18:51:34,830 - root - INFO - mask1 ratio: 0.01, mask2 ratio: 0.02, mask3 ratio: 0.10, mask4 ratio: 0.87
2026-01-22 18:51:35,056 - root - INFO - mask1 ratio: 0.01, mask2 ratio: 0.02, mask3 ratio: 0.10, mask4 ratio: 0.87
2026-01-22 18:51:35,277 - root - INFO - mask1 ratio: 0.01, mask2 ratio: 0.05, mask3 ratio: 0.10, mask4 ratio: 0.85
2026-01-22 18:51:35,501 - root - INFO - mask1 ratio: 0.01, mask2 ratio: 0.06, mask3 ratio: 0.10, mask4 ratio: 0.83
2026-01-22 18:51:35,745 - root - INFO - mask1 ratio: 0.01, mask2 ratio: 0.02, mask3 ratio: 0.10, mask4 ratio: 0.87
2026-01-22 18:51:35,775 - root - INFO - time 14.38
2026-01-22 18:51:38,361 - root - INFO - 15 self_attn.q_proj
2026-01-22 18:51:38,361 - root - INFO - Quantizing ...
2026-01-22 18:51:38,765 - root - INFO - mask1 ratio: 0.00, mask2 ratio: 0.02, mask3 ratio: 0.10, mask4 ratio: 0.88
2026-01-22 18:51:38,989 - root - INFO - mask1 ratio: 0.00, mask2 ratio: 0.02, mask3 ratio: 0.10, mask4 ratio: 0.88
2026-01-22 18:51:39,214 - root - INFO - mask1 ratio: 0.00, mask2 ratio: 0.03, mask3 ratio: 0.10, mask4 ratio: 0.87
2026-01-22 18:51:39,434 - root - INFO - mask1 ratio: 0.01, mask2 ratio: 0.07, mask3 ratio: 0.10, mask4 ratio: 0.82
2026-01-22 18:51:39,649 - root - INFO - mask1 ratio: 0.00, mask2 ratio: 0.04, mask3 ratio: 0.10, mask4 ratio: 0.86
2026-01-22 18:51:39,861 - root - INFO - mask1 ratio: 0.00, mask2 ratio: 0.03, mask3 ratio: 0.10, mask4 ratio: 0.87
2026-01-22 18:51:40,101 - root - INFO - mask1 ratio: 0.00, mask2 ratio: 0.03, mask3 ratio: 0.10, mask4 ratio: 0.87
2026-01-22 18:51:40,314 - root - INFO - mask1 ratio: 0.00, mask2 ratio: 0.02, mask3 ratio: 0.10, mask4 ratio: 0.88
2026-01-22 18:51:40,529 - root - INFO - mask1 ratio: 0.01, mask2 ratio: 0.05, mask3 ratio: 0.10, mask4 ratio: 0.85
2026-01-22 18:51:40,742 - root - INFO - mask1 ratio: 0.00, mask2 ratio: 0.04, mask3 ratio: 0.10, mask4 ratio: 0.85
2026-01-22 18:51:40,956 - root - INFO - mask1 ratio: 0.00, mask2 ratio: 0.02, mask3 ratio: 0.10, mask4 ratio: 0.88
2026-01-22 18:51:41,170 - root - INFO - mask1 ratio: 0.00, mask2 ratio: 0.03, mask3 ratio: 0.10, mask4 ratio: 0.86
2026-01-22 18:51:41,387 - root - INFO - mask1 ratio: 0.00, mask2 ratio: 0.03, mask3 ratio: 0.10, mask4 ratio: 0.87
2026-01-22 18:51:41,634 - root - INFO - mask1 ratio: 0.00, mask2 ratio: 0.04, mask3 ratio: 0.10, mask4 ratio: 0.86
2026-01-22 18:51:41,849 - root - INFO - mask1 ratio: 0.00, mask2 ratio: 0.03, mask3 ratio: 0.10, mask4 ratio: 0.87
2026-01-22 18:51:42,066 - root - INFO - mask1 ratio: 0.00, mask2 ratio: 0.02, mask3 ratio: 0.10, mask4 ratio: 0.88
2026-01-22 18:51:42,280 - root - INFO - mask1 ratio: 0.00, mask2 ratio: 0.02, mask3 ratio: 0.10, mask4 ratio: 0.88
2026-01-22 18:51:42,496 - root - INFO - mask1 ratio: 0.00, mask2 ratio: 0.02, mask3 ratio: 0.10, mask4 ratio: 0.88
2026-01-22 18:51:42,714 - root - INFO - mask1 ratio: 0.00, mask2 ratio: 0.02, mask3 ratio: 0.10, mask4 ratio: 0.88
2026-01-22 18:51:42,945 - root - INFO - mask1 ratio: 0.01, mask2 ratio: 0.04, mask3 ratio: 0.10, mask4 ratio: 0.85
2026-01-22 18:51:43,161 - root - INFO - mask1 ratio: 0.00, mask2 ratio: 0.02, mask3 ratio: 0.10, mask4 ratio: 0.88
2026-01-22 18:51:43,375 - root - INFO - mask1 ratio: 0.01, mask2 ratio: 0.04, mask3 ratio: 0.10, mask4 ratio: 0.85
2026-01-22 18:51:43,590 - root - INFO - mask1 ratio: 0.00, mask2 ratio: 0.03, mask3 ratio: 0.10, mask4 ratio: 0.87
2026-01-22 18:51:43,803 - root - INFO - mask1 ratio: 0.00, mask2 ratio: 0.03, mask3 ratio: 0.10, mask4 ratio: 0.86
2026-01-22 18:51:43,829 - root - INFO - time 5.47
2026-01-22 18:51:43,839 - root - INFO - 15 self_attn.k_proj
2026-01-22 18:51:43,839 - root - INFO - Quantizing ...
2026-01-22 18:51:44,020 - root - INFO - mask1 ratio: 0.00, mask2 ratio: 0.02, mask3 ratio: 0.10, mask4 ratio: 0.88
2026-01-22 18:51:44,220 - root - INFO - mask1 ratio: 0.00, mask2 ratio: 0.02, mask3 ratio: 0.10, mask4 ratio: 0.88
2026-01-22 18:51:44,429 - root - INFO - mask1 ratio: 0.00, mask2 ratio: 0.02, mask3 ratio: 0.10, mask4 ratio: 0.88
2026-01-22 18:51:44,647 - root - INFO - mask1 ratio: 0.01, mask2 ratio: 0.03, mask3 ratio: 0.10, mask4 ratio: 0.87
2026-01-22 18:51:44,845 - root - INFO - mask1 ratio: 0.00, mask2 ratio: 0.03, mask3 ratio: 0.10, mask4 ratio: 0.87
2026-01-22 18:51:45,043 - root - INFO - mask1 ratio: 0.00, mask2 ratio: 0.02, mask3 ratio: 0.10, mask4 ratio: 0.88
2026-01-22 18:51:45,240 - root - INFO - mask1 ratio: 0.00, mask2 ratio: 0.04, mask3 ratio: 0.10, mask4 ratio: 0.86
2026-01-22 18:51:45,438 - root - INFO - mask1 ratio: 0.00, mask2 ratio: 0.02, mask3 ratio: 0.10, mask4 ratio: 0.88
2026-01-22 18:51:45,638 - root - INFO - mask1 ratio: 0.01, mask2 ratio: 0.04, mask3 ratio: 0.10, mask4 ratio: 0.85
2026-01-22 18:51:45,838 - root - INFO - mask1 ratio: 0.00, mask2 ratio: 0.02, mask3 ratio: 0.10, mask4 ratio: 0.88
2026-01-22 18:51:46,083 - root - INFO - mask1 ratio: 0.00, mask2 ratio: 0.02, mask3 ratio: 0.10, mask4 ratio: 0.88
2026-01-22 18:51:46,287 - root - INFO - mask1 ratio: 0.00, mask2 ratio: 0.03, mask3 ratio: 0.10, mask4 ratio: 0.87
2026-01-22 18:51:46,486 - root - INFO - mask1 ratio: 0.00, mask2 ratio: 0.03, mask3 ratio: 0.10, mask4 ratio: 0.87
2026-01-22 18:51:46,688 - root - INFO - mask1 ratio: 0.01, mask2 ratio: 0.02, mask3 ratio: 0.10, mask4 ratio: 0.87
2026-01-22 18:51:46,886 - root - INFO - mask1 ratio: 0.00, mask2 ratio: 0.02, mask3 ratio: 0.10, mask4 ratio: 0.88
2026-01-22 18:51:47,086 - root - INFO - mask1 ratio: 0.00, mask2 ratio: 0.02, mask3 ratio: 0.10, mask4 ratio: 0.88
2026-01-22 18:51:47,283 - root - INFO - mask1 ratio: 0.01, mask2 ratio: 0.00, mask3 ratio: 0.10, mask4 ratio: 0.88
2026-01-22 18:51:47,482 - root - INFO - mask1 ratio: 0.01, mask2 ratio: 0.03, mask3 ratio: 0.10, mask4 ratio: 0.87
2026-01-22 18:51:47,729 - root - INFO - mask1 ratio: 0.00, mask2 ratio: 0.02, mask3 ratio: 0.10, mask4 ratio: 0.88
2026-01-22 18:51:47,927 - root - INFO - mask1 ratio: 0.01, mask2 ratio: 0.07, mask3 ratio: 0.10, mask4 ratio: 0.82
2026-01-22 18:51:48,126 - root - INFO - mask1 ratio: 0.00, mask2 ratio: 0.02, mask3 ratio: 0.10, mask4 ratio: 0.88
2026-01-22 18:51:48,325 - root - INFO - mask1 ratio: 0.00, mask2 ratio: 0.03, mask3 ratio: 0.10, mask4 ratio: 0.87
2026-01-22 18:51:48,526 - root - INFO - mask1 ratio: 0.00, mask2 ratio: 0.02, mask3 ratio: 0.10, mask4 ratio: 0.88
2026-01-22 18:51:48,727 - root - INFO - mask1 ratio: 0.00, mask2 ratio: 0.04, mask3 ratio: 0.10, mask4 ratio: 0.85
2026-01-22 18:51:48,753 - root - INFO - time 4.91
2026-01-22 18:51:48,756 - root - INFO - 15 self_attn.v_proj
2026-01-22 18:51:48,756 - root - INFO - Quantizing ...
2026-01-22 18:51:48,938 - root - INFO - mask1 ratio: 0.01, mask2 ratio: 0.10, mask3 ratio: 0.10, mask4 ratio: 0.78
2026-01-22 18:51:49,136 - root - INFO - mask1 ratio: 0.01, mask2 ratio: 0.08, mask3 ratio: 0.10, mask4 ratio: 0.81
2026-01-22 18:51:49,363 - root - INFO - mask1 ratio: 0.01, mask2 ratio: 0.07, mask3 ratio: 0.10, mask4 ratio: 0.82
2026-01-22 18:51:49,563 - root - INFO - mask1 ratio: 0.02, mask2 ratio: 0.10, mask3 ratio: 0.10, mask4 ratio: 0.78
2026-01-22 18:51:49,766 - root - INFO - mask1 ratio: 0.01, mask2 ratio: 0.07, mask3 ratio: 0.10, mask4 ratio: 0.81
2026-01-22 18:51:49,965 - root - INFO - mask1 ratio: 0.02, mask2 ratio: 0.17, mask3 ratio: 0.10, mask4 ratio: 0.71
2026-01-22 18:51:50,163 - root - INFO - mask1 ratio: 0.01, mask2 ratio: 0.04, mask3 ratio: 0.10, mask4 ratio: 0.85
2026-01-22 18:51:50,361 - root - INFO - mask1 ratio: 0.00, mask2 ratio: 0.03, mask3 ratio: 0.10, mask4 ratio: 0.87
2026-01-22 18:51:50,562 - root - INFO - mask1 ratio: 0.02, mask2 ratio: 0.10, mask3 ratio: 0.10, mask4 ratio: 0.78
2026-01-22 18:51:50,804 - root - INFO - mask1 ratio: 0.01, mask2 ratio: 0.09, mask3 ratio: 0.10, mask4 ratio: 0.80
2026-01-22 18:51:51,003 - root - INFO - mask1 ratio: 0.01, mask2 ratio: 0.07, mask3 ratio: 0.10, mask4 ratio: 0.82
2026-01-22 18:51:51,202 - root - INFO - mask1 ratio: 0.01, mask2 ratio: 0.07, mask3 ratio: 0.10, mask4 ratio: 0.81
2026-01-22 18:51:51,400 - root - INFO - mask1 ratio: 0.01, mask2 ratio: 0.07, mask3 ratio: 0.10, mask4 ratio: 0.82
2026-01-22 18:51:51,601 - root - INFO - mask1 ratio: 0.01, mask2 ratio: 0.06, mask3 ratio: 0.10, mask4 ratio: 0.84
2026-01-22 18:51:51,801 - root - INFO - mask1 ratio: 0.01, mask2 ratio: 0.09, mask3 ratio: 0.10, mask4 ratio: 0.80
2026-01-22 18:51:52,001 - root - INFO - mask1 ratio: 0.01, mask2 ratio: 0.05, mask3 ratio: 0.10, mask4 ratio: 0.85
2026-01-22 18:51:52,202 - root - INFO - mask1 ratio: 0.01, mask2 ratio: 0.07, mask3 ratio: 0.10, mask4 ratio: 0.81
2026-01-22 18:51:52,427 - root - INFO - mask1 ratio: 0.02, mask2 ratio: 0.08, mask3 ratio: 0.10, mask4 ratio: 0.81
2026-01-22 18:51:52,625 - root - INFO - mask1 ratio: 0.01, mask2 ratio: 0.06, mask3 ratio: 0.10, mask4 ratio: 0.83
2026-01-22 18:51:52,825 - root - INFO - mask1 ratio: 0.01, mask2 ratio: 0.04, mask3 ratio: 0.10, mask4 ratio: 0.85
2026-01-22 18:51:53,024 - root - INFO - mask1 ratio: 0.01, mask2 ratio: 0.06, mask3 ratio: 0.10, mask4 ratio: 0.84
2026-01-22 18:51:53,221 - root - INFO - mask1 ratio: 0.01, mask2 ratio: 0.07, mask3 ratio: 0.10, mask4 ratio: 0.81
2026-01-22 18:51:53,419 - root - INFO - mask1 ratio: 0.01, mask2 ratio: 0.06, mask3 ratio: 0.10, mask4 ratio: 0.83
2026-01-22 18:51:53,629 - root - INFO - mask1 ratio: 0.01, mask2 ratio: 0.07, mask3 ratio: 0.10, mask4 ratio: 0.82
2026-01-22 18:51:53,656 - root - INFO - time 4.90
2026-01-22 18:51:53,660 - root - INFO - 15 self_attn.o_proj
2026-01-22 18:51:53,660 - root - INFO - Quantizing ...
2026-01-22 18:51:53,863 - root - INFO - mask1 ratio: 0.00, mask2 ratio: 0.02, mask3 ratio: 0.10, mask4 ratio: 0.88
2026-01-22 18:51:54,115 - root - INFO - mask1 ratio: 0.01, mask2 ratio: 0.03, mask3 ratio: 0.10, mask4 ratio: 0.86
2026-01-22 18:51:54,329 - root - INFO - mask1 ratio: 0.01, mask2 ratio: 0.04, mask3 ratio: 0.10, mask4 ratio: 0.85
2026-01-22 18:51:54,544 - root - INFO - mask1 ratio: 0.01, mask2 ratio: 0.03, mask3 ratio: 0.10, mask4 ratio: 0.86
2026-01-22 18:51:54,758 - root - INFO - mask1 ratio: 0.01, mask2 ratio: 0.08, mask3 ratio: 0.10, mask4 ratio: 0.81
2026-01-22 18:51:54,973 - root - INFO - mask1 ratio: 0.01, mask2 ratio: 0.04, mask3 ratio: 0.10, mask4 ratio: 0.85
2026-01-22 18:51:55,187 - root - INFO - mask1 ratio: 0.01, mask2 ratio: 0.00, mask3 ratio: 0.10, mask4 ratio: 0.88
2026-01-22 18:51:55,402 - root - INFO - mask1 ratio: 0.01, mask2 ratio: 0.11, mask3 ratio: 0.10, mask4 ratio: 0.77
2026-01-22 18:51:55,634 - root - INFO - mask1 ratio: 0.01, mask2 ratio: 0.04, mask3 ratio: 0.11, mask4 ratio: 0.84
2026-01-22 18:51:55,850 - root - INFO - mask1 ratio: 0.02, mask2 ratio: 0.13, mask3 ratio: 0.10, mask4 ratio: 0.75
2026-01-22 18:51:56,065 - root - INFO - mask1 ratio: 0.02, mask2 ratio: 0.16, mask3 ratio: 0.10, mask4 ratio: 0.72
2026-01-22 18:51:56,281 - root - INFO - mask1 ratio: 0.04, mask2 ratio: 0.27, mask3 ratio: 0.10, mask4 ratio: 0.60
2026-01-22 18:51:56,495 - root - INFO - mask1 ratio: 0.01, mask2 ratio: 0.05, mask3 ratio: 0.10, mask4 ratio: 0.84
2026-01-22 18:51:56,708 - root - INFO - mask1 ratio: 0.01, mask2 ratio: 0.05, mask3 ratio: 0.10, mask4 ratio: 0.84
2026-01-22 18:51:56,965 - root - INFO - mask1 ratio: 0.01, mask2 ratio: 0.02, mask3 ratio: 0.10, mask4 ratio: 0.87
2026-01-22 18:51:57,182 - root - INFO - mask1 ratio: 0.02, mask2 ratio: 0.10, mask3 ratio: 0.10, mask4 ratio: 0.78
2026-01-22 18:51:57,398 - root - INFO - mask1 ratio: 0.01, mask2 ratio: 0.02, mask3 ratio: 0.10, mask4 ratio: 0.87
2026-01-22 18:51:57,614 - root - INFO - mask1 ratio: 0.01, mask2 ratio: 0.05, mask3 ratio: 0.10, mask4 ratio: 0.84
2026-01-22 18:51:57,828 - root - INFO - mask1 ratio: 0.00, mask2 ratio: 0.02, mask3 ratio: 0.10, mask4 ratio: 0.88
2026-01-22 18:51:58,043 - root - INFO - mask1 ratio: 0.01, mask2 ratio: 0.03, mask3 ratio: 0.10, mask4 ratio: 0.86
2026-01-22 18:51:58,257 - root - INFO - mask1 ratio: 0.00, mask2 ratio: 0.03, mask3 ratio: 0.10, mask4 ratio: 0.87
2026-01-22 18:51:58,497 - root - INFO - mask1 ratio: 0.01, mask2 ratio: 0.05, mask3 ratio: 0.10, mask4 ratio: 0.85
2026-01-22 18:51:58,710 - root - INFO - mask1 ratio: 0.01, mask2 ratio: 0.03, mask3 ratio: 0.10, mask4 ratio: 0.86
2026-01-22 18:51:58,924 - root - INFO - mask1 ratio: 0.01, mask2 ratio: 0.04, mask3 ratio: 0.10, mask4 ratio: 0.85
2026-01-22 18:51:58,951 - root - INFO - time 5.29
2026-01-22 18:51:58,955 - root - INFO - 15 mlp.gate_proj
2026-01-22 18:51:58,955 - root - INFO - Quantizing ...
2026-01-22 18:51:59,198 - root - INFO - mask1 ratio: 0.01, mask2 ratio: 0.06, mask3 ratio: 0.10, mask4 ratio: 0.84
2026-01-22 18:51:59,460 - root - INFO - mask1 ratio: 0.01, mask2 ratio: 0.06, mask3 ratio: 0.10, mask4 ratio: 0.84
2026-01-22 18:51:59,722 - root - INFO - mask1 ratio: 0.01, mask2 ratio: 0.05, mask3 ratio: 0.10, mask4 ratio: 0.85
2026-01-22 18:52:00,029 - root - INFO - mask1 ratio: 0.01, mask2 ratio: 0.11, mask3 ratio: 0.10, mask4 ratio: 0.78
2026-01-22 18:52:00,293 - root - INFO - mask1 ratio: 0.01, mask2 ratio: 0.05, mask3 ratio: 0.10, mask4 ratio: 0.85
2026-01-22 18:52:00,557 - root - INFO - mask1 ratio: 0.00, mask2 ratio: 0.04, mask3 ratio: 0.10, mask4 ratio: 0.85
2026-01-22 18:52:00,822 - root - INFO - mask1 ratio: 0.00, mask2 ratio: 0.04, mask3 ratio: 0.10, mask4 ratio: 0.86
2026-01-22 18:52:01,085 - root - INFO - mask1 ratio: 0.01, mask2 ratio: 0.03, mask3 ratio: 0.10, mask4 ratio: 0.86
2026-01-22 18:52:01,372 - root - INFO - mask1 ratio: 0.01, mask2 ratio: 0.05, mask3 ratio: 0.10, mask4 ratio: 0.85
2026-01-22 18:52:01,634 - root - INFO - mask1 ratio: 0.01, mask2 ratio: 0.06, mask3 ratio: 0.10, mask4 ratio: 0.83
2026-01-22 18:52:01,895 - root - INFO - mask1 ratio: 0.01, mask2 ratio: 0.06, mask3 ratio: 0.10, mask4 ratio: 0.83
2026-01-22 18:52:02,156 - root - INFO - mask1 ratio: 0.01, mask2 ratio: 0.07, mask3 ratio: 0.10, mask4 ratio: 0.82
2026-01-22 18:52:02,418 - root - INFO - mask1 ratio: 0.00, mask2 ratio: 0.04, mask3 ratio: 0.10, mask4 ratio: 0.85
2026-01-22 18:52:02,712 - root - INFO - mask1 ratio: 0.01, mask2 ratio: 0.06, mask3 ratio: 0.10, mask4 ratio: 0.84
2026-01-22 18:52:02,975 - root - INFO - mask1 ratio: 0.01, mask2 ratio: 0.08, mask3 ratio: 0.10, mask4 ratio: 0.81
2026-01-22 18:52:03,238 - root - INFO - mask1 ratio: 0.01, mask2 ratio: 0.03, mask3 ratio: 0.10, mask4 ratio: 0.87
2026-01-22 18:52:03,500 - root - INFO - mask1 ratio: 0.00, mask2 ratio: 0.04, mask3 ratio: 0.10, mask4 ratio: 0.85
2026-01-22 18:52:03,764 - root - INFO - mask1 ratio: 0.01, mask2 ratio: 0.07, mask3 ratio: 0.10, mask4 ratio: 0.82
2026-01-22 18:52:04,031 - root - INFO - mask1 ratio: 0.00, mask2 ratio: 0.04, mask3 ratio: 0.10, mask4 ratio: 0.85
2026-01-22 18:52:04,309 - root - INFO - mask1 ratio: 0.00, mask2 ratio: 0.03, mask3 ratio: 0.10, mask4 ratio: 0.87
2026-01-22 18:52:04,570 - root - INFO - mask1 ratio: 0.01, mask2 ratio: 0.06, mask3 ratio: 0.10, mask4 ratio: 0.84
2026-01-22 18:52:04,832 - root - INFO - mask1 ratio: 0.01, mask2 ratio: 0.08, mask3 ratio: 0.10, mask4 ratio: 0.81
2026-01-22 18:52:05,092 - root - INFO - mask1 ratio: 0.00, mask2 ratio: 0.03, mask3 ratio: 0.10, mask4 ratio: 0.87
2026-01-22 18:52:05,372 - root - INFO - mask1 ratio: 0.00, mask2 ratio: 0.04, mask3 ratio: 0.10, mask4 ratio: 0.85
2026-01-22 18:52:05,413 - root - INFO - time 6.46
2026-01-22 18:52:05,430 - root - INFO - 15 mlp.up_proj
2026-01-22 18:52:05,430 - root - INFO - Quantizing ...
2026-01-22 18:52:05,673 - root - INFO - mask1 ratio: 0.01, mask2 ratio: 0.08, mask3 ratio: 0.10, mask4 ratio: 0.81
2026-01-22 18:52:05,936 - root - INFO - mask1 ratio: 0.01, mask2 ratio: 0.05, mask3 ratio: 0.10, mask4 ratio: 0.85
2026-01-22 18:52:06,199 - root - INFO - mask1 ratio: 0.01, mask2 ratio: 0.06, mask3 ratio: 0.10, mask4 ratio: 0.83
2026-01-22 18:52:06,462 - root - INFO - mask1 ratio: 0.01, mask2 ratio: 0.06, mask3 ratio: 0.10, mask4 ratio: 0.83
2026-01-22 18:52:06,747 - root - INFO - mask1 ratio: 0.01, mask2 ratio: 0.05, mask3 ratio: 0.10, mask4 ratio: 0.85
2026-01-22 18:52:07,019 - root - INFO - mask1 ratio: 0.00, mask2 ratio: 0.03, mask3 ratio: 0.10, mask4 ratio: 0.86
2026-01-22 18:52:07,281 - root - INFO - mask1 ratio: 0.01, mask2 ratio: 0.04, mask3 ratio: 0.10, mask4 ratio: 0.85
2026-01-22 18:52:07,542 - root - INFO - mask1 ratio: 0.01, mask2 ratio: 0.03, mask3 ratio: 0.10, mask4 ratio: 0.86
2026-01-22 18:52:07,803 - root - INFO - mask1 ratio: 0.01, mask2 ratio: 0.05, mask3 ratio: 0.10, mask4 ratio: 0.85
2026-01-22 18:52:08,071 - root - INFO - mask1 ratio: 0.01, mask2 ratio: 0.06, mask3 ratio: 0.10, mask4 ratio: 0.83
2026-01-22 18:52:08,363 - root - INFO - mask1 ratio: 0.01, mask2 ratio: 0.06, mask3 ratio: 0.10, mask4 ratio: 0.83
2026-01-22 18:52:08,626 - root - INFO - mask1 ratio: 0.01, mask2 ratio: 0.06, mask3 ratio: 0.10, mask4 ratio: 0.83
2026-01-22 18:52:08,888 - root - INFO - mask1 ratio: 0.01, mask2 ratio: 0.05, mask3 ratio: 0.10, mask4 ratio: 0.85
2026-01-22 18:52:09,151 - root - INFO - mask1 ratio: 0.01, mask2 ratio: 0.07, mask3 ratio: 0.10, mask4 ratio: 0.82
2026-01-22 18:52:09,415 - root - INFO - mask1 ratio: 0.01, mask2 ratio: 0.07, mask3 ratio: 0.10, mask4 ratio: 0.82
2026-01-22 18:52:09,701 - root - INFO - mask1 ratio: 0.01, mask2 ratio: 0.03, mask3 ratio: 0.10, mask4 ratio: 0.86
2026-01-22 18:52:09,965 - root - INFO - mask1 ratio: 0.01, mask2 ratio: 0.06, mask3 ratio: 0.10, mask4 ratio: 0.83
2026-01-22 18:52:10,234 - root - INFO - mask1 ratio: 0.01, mask2 ratio: 0.07, mask3 ratio: 0.10, mask4 ratio: 0.82
2026-01-22 18:52:10,496 - root - INFO - mask1 ratio: 0.01, mask2 ratio: 0.05, mask3 ratio: 0.10, mask4 ratio: 0.85
2026-01-22 18:52:10,768 - root - INFO - mask1 ratio: 0.01, mask2 ratio: 0.04, mask3 ratio: 0.10, mask4 ratio: 0.85
2026-01-22 18:52:11,056 - root - INFO - mask1 ratio: 0.01, mask2 ratio: 0.07, mask3 ratio: 0.10, mask4 ratio: 0.82
2026-01-22 18:52:11,321 - root - INFO - mask1 ratio: 0.01, mask2 ratio: 0.08, mask3 ratio: 0.10, mask4 ratio: 0.81
2026-01-22 18:52:11,583 - root - INFO - mask1 ratio: 0.01, mask2 ratio: 0.03, mask3 ratio: 0.10, mask4 ratio: 0.86
2026-01-22 18:52:11,844 - root - INFO - mask1 ratio: 0.00, mask2 ratio: 0.03, mask3 ratio: 0.10, mask4 ratio: 0.87
2026-01-22 18:52:11,874 - root - INFO - time 6.44
2026-01-22 18:52:11,882 - root - INFO - 15 mlp.down_proj
2026-01-22 18:52:11,882 - root - INFO - Quantizing ...
2026-01-22 18:52:12,134 - root - INFO - mask1 ratio: 0.00, mask2 ratio: 0.03, mask3 ratio: 0.10, mask4 ratio: 0.87
2026-01-22 18:52:12,378 - root - INFO - mask1 ratio: 0.02, mask2 ratio: 0.13, mask3 ratio: 0.10, mask4 ratio: 0.75
2026-01-22 18:52:12,593 - root - INFO - mask1 ratio: 0.02, mask2 ratio: 0.08, mask3 ratio: 0.10, mask4 ratio: 0.81
2026-01-22 18:52:12,807 - root - INFO - mask1 ratio: 0.01, mask2 ratio: 0.00, mask3 ratio: 0.10, mask4 ratio: 0.88
2026-01-22 18:52:13,020 - root - INFO - mask1 ratio: 0.01, mask2 ratio: 0.02, mask3 ratio: 0.10, mask4 ratio: 0.88
2026-01-22 18:52:13,234 - root - INFO - mask1 ratio: 0.01, mask2 ratio: 0.03, mask3 ratio: 0.10, mask4 ratio: 0.86
2026-01-22 18:52:13,450 - root - INFO - mask1 ratio: 0.00, mask2 ratio: 0.02, mask3 ratio: 0.10, mask4 ratio: 0.88
2026-01-22 18:52:13,664 - root - INFO - mask1 ratio: 0.01, mask2 ratio: 0.04, mask3 ratio: 0.10, mask4 ratio: 0.85
2026-01-22 18:52:13,917 - root - INFO - mask1 ratio: 0.02, mask2 ratio: 0.14, mask3 ratio: 0.10, mask4 ratio: 0.74
2026-01-22 18:52:14,132 - root - INFO - mask1 ratio: 0.01, mask2 ratio: 0.04, mask3 ratio: 0.10, mask4 ratio: 0.85
2026-01-22 18:52:14,346 - root - INFO - mask1 ratio: 0.01, mask2 ratio: 0.02, mask3 ratio: 0.10, mask4 ratio: 0.88
2026-01-22 18:52:14,562 - root - INFO - mask1 ratio: 0.01, mask2 ratio: 0.06, mask3 ratio: 0.10, mask4 ratio: 0.83
2026-01-22 18:52:14,776 - root - INFO - mask1 ratio: 0.01, mask2 ratio: 0.03, mask3 ratio: 0.10, mask4 ratio: 0.86
2026-01-22 18:52:14,990 - root - INFO - mask1 ratio: 0.01, mask2 ratio: 0.04, mask3 ratio: 0.10, mask4 ratio: 0.85
2026-01-22 18:52:15,206 - root - INFO - mask1 ratio: 0.01, mask2 ratio: 0.06, mask3 ratio: 0.10, mask4 ratio: 0.82
2026-01-22 18:52:15,448 - root - INFO - mask1 ratio: 0.01, mask2 ratio: 0.03, mask3 ratio: 0.10, mask4 ratio: 0.87
2026-01-22 18:52:15,684 - root - INFO - mask1 ratio: 0.01, mask2 ratio: 0.02, mask3 ratio: 0.10, mask4 ratio: 0.87
2026-01-22 18:52:15,904 - root - INFO - mask1 ratio: 0.01, mask2 ratio: 0.02, mask3 ratio: 0.10, mask4 ratio: 0.87
2026-01-22 18:52:16,120 - root - INFO - mask1 ratio: 0.01, mask2 ratio: 0.03, mask3 ratio: 0.10, mask4 ratio: 0.85
2026-01-22 18:52:16,334 - root - INFO - mask1 ratio: 0.01, mask2 ratio: 0.02, mask3 ratio: 0.10, mask4 ratio: 0.87
2026-01-22 18:52:16,549 - root - INFO - mask1 ratio: 0.01, mask2 ratio: 0.02, mask3 ratio: 0.10, mask4 ratio: 0.87
2026-01-22 18:52:16,805 - root - INFO - mask1 ratio: 0.01, mask2 ratio: 0.02, mask3 ratio: 0.10, mask4 ratio: 0.87
2026-01-22 18:52:17,020 - root - INFO - mask1 ratio: 0.01, mask2 ratio: 0.08, mask3 ratio: 0.10, mask4 ratio: 0.81
2026-01-22 18:52:17,236 - root - INFO - mask1 ratio: 0.01, mask2 ratio: 0.04, mask3 ratio: 0.10, mask4 ratio: 0.85
2026-01-22 18:52:17,451 - root - INFO - mask1 ratio: 0.01, mask2 ratio: 0.04, mask3 ratio: 0.10, mask4 ratio: 0.85
2026-01-22 18:52:17,673 - root - INFO - mask1 ratio: 0.02, mask2 ratio: 0.13, mask3 ratio: 0.10, mask4 ratio: 0.75
2026-01-22 18:52:17,887 - root - INFO - mask1 ratio: 0.01, mask2 ratio: 0.06, mask3 ratio: 0.10, mask4 ratio: 0.83
2026-01-22 18:52:18,102 - root - INFO - mask1 ratio: 0.01, mask2 ratio: 0.04, mask3 ratio: 0.10, mask4 ratio: 0.85
2026-01-22 18:52:18,342 - root - INFO - mask1 ratio: 0.01, mask2 ratio: 0.04, mask3 ratio: 0.10, mask4 ratio: 0.85
2026-01-22 18:52:18,558 - root - INFO - mask1 ratio: 0.00, mask2 ratio: 0.02, mask3 ratio: 0.10, mask4 ratio: 0.88
2026-01-22 18:52:18,775 - root - INFO - mask1 ratio: 0.02, mask2 ratio: 0.09, mask3 ratio: 0.10, mask4 ratio: 0.79
2026-01-22 18:52:19,010 - root - INFO - mask1 ratio: 0.01, mask2 ratio: 0.05, mask3 ratio: 0.10, mask4 ratio: 0.84
2026-01-22 18:52:19,225 - root - INFO - mask1 ratio: 0.01, mask2 ratio: 0.04, mask3 ratio: 0.10, mask4 ratio: 0.85
2026-01-22 18:52:19,439 - root - INFO - mask1 ratio: 0.02, mask2 ratio: 0.08, mask3 ratio: 0.10, mask4 ratio: 0.81
2026-01-22 18:52:19,654 - root - INFO - mask1 ratio: 0.00, mask2 ratio: 0.03, mask3 ratio: 0.10, mask4 ratio: 0.87
2026-01-22 18:52:19,903 - root - INFO - mask1 ratio: 0.01, mask2 ratio: 0.04, mask3 ratio: 0.10, mask4 ratio: 0.85
2026-01-22 18:52:20,118 - root - INFO - mask1 ratio: 0.01, mask2 ratio: 0.04, mask3 ratio: 0.10, mask4 ratio: 0.85
2026-01-22 18:52:20,333 - root - INFO - mask1 ratio: 0.00, mask2 ratio: 0.02, mask3 ratio: 0.10, mask4 ratio: 0.88
2026-01-22 18:52:20,549 - root - INFO - mask1 ratio: 0.01, mask2 ratio: 0.05, mask3 ratio: 0.10, mask4 ratio: 0.84
2026-01-22 18:52:20,766 - root - INFO - mask1 ratio: 0.01, mask2 ratio: 0.05, mask3 ratio: 0.10, mask4 ratio: 0.84
2026-01-22 18:52:20,982 - root - INFO - mask1 ratio: 0.00, mask2 ratio: 0.03, mask3 ratio: 0.10, mask4 ratio: 0.87
2026-01-22 18:52:21,198 - root - INFO - mask1 ratio: 0.02, mask2 ratio: 0.07, mask3 ratio: 0.10, mask4 ratio: 0.81
2026-01-22 18:52:21,437 - root - INFO - mask1 ratio: 0.00, mask2 ratio: 0.02, mask3 ratio: 0.10, mask4 ratio: 0.88
2026-01-22 18:52:21,653 - root - INFO - mask1 ratio: 0.01, mask2 ratio: 0.05, mask3 ratio: 0.10, mask4 ratio: 0.84
2026-01-22 18:52:21,868 - root - INFO - mask1 ratio: 0.01, mask2 ratio: 0.06, mask3 ratio: 0.10, mask4 ratio: 0.84
2026-01-22 18:52:22,082 - root - INFO - mask1 ratio: 0.01, mask2 ratio: 0.04, mask3 ratio: 0.10, mask4 ratio: 0.85
2026-01-22 18:52:22,296 - root - INFO - mask1 ratio: 0.01, mask2 ratio: 0.08, mask3 ratio: 0.10, mask4 ratio: 0.81
2026-01-22 18:52:22,511 - root - INFO - mask1 ratio: 0.03, mask2 ratio: 0.27, mask3 ratio: 0.10, mask4 ratio: 0.60
2026-01-22 18:52:22,725 - root - INFO - mask1 ratio: 0.01, mask2 ratio: 0.02, mask3 ratio: 0.10, mask4 ratio: 0.87
2026-01-22 18:52:22,970 - root - INFO - mask1 ratio: 0.01, mask2 ratio: 0.05, mask3 ratio: 0.10, mask4 ratio: 0.85
2026-01-22 18:52:23,186 - root - INFO - mask1 ratio: 0.03, mask2 ratio: 0.21, mask3 ratio: 0.10, mask4 ratio: 0.66
2026-01-22 18:52:23,404 - root - INFO - mask1 ratio: 0.01, mask2 ratio: 0.05, mask3 ratio: 0.10, mask4 ratio: 0.84
2026-01-22 18:52:23,619 - root - INFO - mask1 ratio: 0.02, mask2 ratio: 0.10, mask3 ratio: 0.10, mask4 ratio: 0.78
2026-01-22 18:52:23,837 - root - INFO - mask1 ratio: 0.00, mask2 ratio: 0.04, mask3 ratio: 0.10, mask4 ratio: 0.85
2026-01-22 18:52:24,052 - root - INFO - mask1 ratio: 0.01, mask2 ratio: 0.10, mask3 ratio: 0.10, mask4 ratio: 0.79
2026-01-22 18:52:24,266 - root - INFO - mask1 ratio: 0.01, mask2 ratio: 0.02, mask3 ratio: 0.10, mask4 ratio: 0.87
2026-01-22 18:52:24,508 - root - INFO - mask1 ratio: 0.01, mask2 ratio: 0.02, mask3 ratio: 0.10, mask4 ratio: 0.87
2026-01-22 18:52:24,724 - root - INFO - mask1 ratio: 0.02, mask2 ratio: 0.09, mask3 ratio: 0.10, mask4 ratio: 0.79
2026-01-22 18:52:24,939 - root - INFO - mask1 ratio: 0.01, mask2 ratio: 0.06, mask3 ratio: 0.10, mask4 ratio: 0.84
2026-01-22 18:52:25,152 - root - INFO - mask1 ratio: 0.00, mask2 ratio: 0.03, mask3 ratio: 0.10, mask4 ratio: 0.87
2026-01-22 18:52:25,366 - root - INFO - mask1 ratio: 0.01, mask2 ratio: 0.02, mask3 ratio: 0.10, mask4 ratio: 0.88
2026-01-22 18:52:25,578 - root - INFO - mask1 ratio: 0.01, mask2 ratio: 0.02, mask3 ratio: 0.10, mask4 ratio: 0.87
2026-01-22 18:52:25,793 - root - INFO - mask1 ratio: 0.01, mask2 ratio: 0.00, mask3 ratio: 0.10, mask4 ratio: 0.88
2026-01-22 18:52:26,049 - root - INFO - mask1 ratio: 0.01, mask2 ratio: 0.02, mask3 ratio: 0.10, mask4 ratio: 0.88
2026-01-22 18:52:26,075 - root - INFO - time 14.19
2026-01-22 18:52:28,610 - root - INFO - 16 self_attn.q_proj
2026-01-22 18:52:28,610 - root - INFO - Quantizing ...
2026-01-22 18:52:29,007 - root - INFO - mask1 ratio: 0.00, mask2 ratio: 0.02, mask3 ratio: 0.10, mask4 ratio: 0.88
2026-01-22 18:52:29,222 - root - INFO - mask1 ratio: 0.00, mask2 ratio: 0.03, mask3 ratio: 0.10, mask4 ratio: 0.87
2026-01-22 18:52:29,436 - root - INFO - mask1 ratio: 0.00, mask2 ratio: 0.02, mask3 ratio: 0.10, mask4 ratio: 0.88
2026-01-22 18:52:29,674 - root - INFO - mask1 ratio: 0.01, mask2 ratio: 0.05, mask3 ratio: 0.10, mask4 ratio: 0.85
2026-01-22 18:52:29,888 - root - INFO - mask1 ratio: 0.00, mask2 ratio: 0.03, mask3 ratio: 0.10, mask4 ratio: 0.87
2026-01-22 18:52:30,104 - root - INFO - mask1 ratio: 0.01, mask2 ratio: 0.06, mask3 ratio: 0.10, mask4 ratio: 0.84
2026-01-22 18:52:30,318 - root - INFO - mask1 ratio: 0.00, mask2 ratio: 0.03, mask3 ratio: 0.10, mask4 ratio: 0.87
2026-01-22 18:52:30,533 - root - INFO - mask1 ratio: 0.00, mask2 ratio: 0.02, mask3 ratio: 0.10, mask4 ratio: 0.88
2026-01-22 18:52:30,747 - root - INFO - mask1 ratio: 0.01, mask2 ratio: 0.04, mask3 ratio: 0.10, mask4 ratio: 0.85
2026-01-22 18:52:30,962 - root - INFO - mask1 ratio: 0.01, mask2 ratio: 0.05, mask3 ratio: 0.10, mask4 ratio: 0.85
2026-01-22 18:52:31,218 - root - INFO - mask1 ratio: 0.00, mask2 ratio: 0.04, mask3 ratio: 0.10, mask4 ratio: 0.85
2026-01-22 18:52:31,432 - root - INFO - mask1 ratio: 0.01, mask2 ratio: 0.06, mask3 ratio: 0.10, mask4 ratio: 0.83
2026-01-22 18:52:31,646 - root - INFO - mask1 ratio: 0.00, mask2 ratio: 0.02, mask3 ratio: 0.10, mask4 ratio: 0.88
2026-01-22 18:52:31,860 - root - INFO - mask1 ratio: 0.00, mask2 ratio: 0.04, mask3 ratio: 0.10, mask4 ratio: 0.86
2026-01-22 18:52:32,074 - root - INFO - mask1 ratio: 0.00, mask2 ratio: 0.03, mask3 ratio: 0.10, mask4 ratio: 0.87
2026-01-22 18:52:32,287 - root - INFO - mask1 ratio: 0.00, mask2 ratio: 0.03, mask3 ratio: 0.10, mask4 ratio: 0.87
2026-01-22 18:52:32,501 - root - INFO - mask1 ratio: 0.00, mask2 ratio: 0.02, mask3 ratio: 0.10, mask4 ratio: 0.88
2026-01-22 18:52:32,743 - root - INFO - mask1 ratio: 0.00, mask2 ratio: 0.02, mask3 ratio: 0.10, mask4 ratio: 0.88
2026-01-22 18:52:32,956 - root - INFO - mask1 ratio: 0.00, mask2 ratio: 0.03, mask3 ratio: 0.10, mask4 ratio: 0.87
2026-01-22 18:52:33,171 - root - INFO - mask1 ratio: 0.00, mask2 ratio: 0.03, mask3 ratio: 0.10, mask4 ratio: 0.87
2026-01-22 18:52:33,384 - root - INFO - mask1 ratio: 0.00, mask2 ratio: 0.02, mask3 ratio: 0.10, mask4 ratio: 0.88
2026-01-22 18:52:33,597 - root - INFO - mask1 ratio: 0.00, mask2 ratio: 0.03, mask3 ratio: 0.10, mask4 ratio: 0.87
2026-01-22 18:52:33,812 - root - INFO - mask1 ratio: 0.01, mask2 ratio: 0.04, mask3 ratio: 0.10, mask4 ratio: 0.85
2026-01-22 18:52:34,032 - root - INFO - mask1 ratio: 0.00, mask2 ratio: 0.04, mask3 ratio: 0.10, mask4 ratio: 0.86
2026-01-22 18:52:34,059 - root - INFO - time 5.45
2026-01-22 18:52:34,069 - root - INFO - 16 self_attn.k_proj
2026-01-22 18:52:34,069 - root - INFO - Quantizing ...
2026-01-22 18:52:34,291 - root - INFO - mask1 ratio: 0.00, mask2 ratio: 0.02, mask3 ratio: 0.10, mask4 ratio: 0.88
2026-01-22 18:52:34,489 - root - INFO - mask1 ratio: 0.00, mask2 ratio: 0.02, mask3 ratio: 0.10, mask4 ratio: 0.88
2026-01-22 18:52:34,707 - root - INFO - mask1 ratio: 0.00, mask2 ratio: 0.02, mask3 ratio: 0.10, mask4 ratio: 0.88
2026-01-22 18:52:34,924 - root - INFO - mask1 ratio: 0.01, mask2 ratio: 0.03, mask3 ratio: 0.10, mask4 ratio: 0.87
2026-01-22 18:52:35,140 - root - INFO - mask1 ratio: 0.00, mask2 ratio: 0.03, mask3 ratio: 0.10, mask4 ratio: 0.87
2026-01-22 18:52:35,357 - root - INFO - mask1 ratio: 0.00, mask2 ratio: 0.03, mask3 ratio: 0.10, mask4 ratio: 0.87
2026-01-22 18:52:35,574 - root - INFO - mask1 ratio: 0.00, mask2 ratio: 0.04, mask3 ratio: 0.10, mask4 ratio: 0.86
2026-01-22 18:52:35,808 - root - INFO - mask1 ratio: 0.00, mask2 ratio: 0.02, mask3 ratio: 0.10, mask4 ratio: 0.88
2026-01-22 18:52:36,024 - root - INFO - mask1 ratio: 0.01, mask2 ratio: 0.04, mask3 ratio: 0.10, mask4 ratio: 0.85
2026-01-22 18:52:36,237 - root - INFO - mask1 ratio: 0.01, mask2 ratio: 0.02, mask3 ratio: 0.10, mask4 ratio: 0.88
2026-01-22 18:52:36,433 - root - INFO - mask1 ratio: 0.00, mask2 ratio: 0.03, mask3 ratio: 0.10, mask4 ratio: 0.87
2026-01-22 18:52:36,631 - root - INFO - mask1 ratio: 0.01, mask2 ratio: 0.02, mask3 ratio: 0.10, mask4 ratio: 0.87
2026-01-22 18:52:36,828 - root - INFO - mask1 ratio: 0.00, mask2 ratio: 0.03, mask3 ratio: 0.10, mask4 ratio: 0.87
2026-01-22 18:52:37,024 - root - INFO - mask1 ratio: 0.00, mask2 ratio: 0.03, mask3 ratio: 0.10, mask4 ratio: 0.87
2026-01-22 18:52:37,296 - root - INFO - mask1 ratio: 0.00, mask2 ratio: 0.02, mask3 ratio: 0.10, mask4 ratio: 0.88
2026-01-22 18:52:37,497 - root - INFO - mask1 ratio: 0.00, mask2 ratio: 0.03, mask3 ratio: 0.10, mask4 ratio: 0.87
2026-01-22 18:52:37,697 - root - INFO - mask1 ratio: 0.00, mask2 ratio: 0.02, mask3 ratio: 0.10, mask4 ratio: 0.88
2026-01-22 18:52:37,894 - root - INFO - mask1 ratio: 0.01, mask2 ratio: 0.02, mask3 ratio: 0.10, mask4 ratio: 0.87
2026-01-22 18:52:38,092 - root - INFO - mask1 ratio: 0.00, mask2 ratio: 0.02, mask3 ratio: 0.10, mask4 ratio: 0.88
2026-01-22 18:52:38,291 - root - INFO - mask1 ratio: 0.01, mask2 ratio: 0.04, mask3 ratio: 0.10, mask4 ratio: 0.85
2026-01-22 18:52:38,490 - root - INFO - mask1 ratio: 0.00, mask2 ratio: 0.02, mask3 ratio: 0.10, mask4 ratio: 0.88
2026-01-22 18:52:38,708 - root - INFO - mask1 ratio: 0.01, mask2 ratio: 0.03, mask3 ratio: 0.10, mask4 ratio: 0.87
2026-01-22 18:52:38,944 - root - INFO - mask1 ratio: 0.00, mask2 ratio: 0.03, mask3 ratio: 0.10, mask4 ratio: 0.87
2026-01-22 18:52:39,160 - root - INFO - mask1 ratio: 0.01, mask2 ratio: 0.04, mask3 ratio: 0.10, mask4 ratio: 0.85
2026-01-22 18:52:39,187 - root - INFO - time 5.12
2026-01-22 18:52:39,190 - root - INFO - 16 self_attn.v_proj
2026-01-22 18:52:39,190 - root - INFO - Quantizing ...
2026-01-22 18:52:39,389 - root - INFO - mask1 ratio: 0.01, mask2 ratio: 0.06, mask3 ratio: 0.10, mask4 ratio: 0.84
2026-01-22 18:52:39,605 - root - INFO - mask1 ratio: 0.00, mask2 ratio: 0.03, mask3 ratio: 0.10, mask4 ratio: 0.86
2026-01-22 18:52:39,820 - root - INFO - mask1 ratio: 0.01, mask2 ratio: 0.03, mask3 ratio: 0.10, mask4 ratio: 0.86
2026-01-22 18:52:40,036 - root - INFO - mask1 ratio: 0.01, mask2 ratio: 0.05, mask3 ratio: 0.10, mask4 ratio: 0.84
2026-01-22 18:52:40,252 - root - INFO - mask1 ratio: 0.01, mask2 ratio: 0.04, mask3 ratio: 0.10, mask4 ratio: 0.85
2026-01-22 18:52:40,500 - root - INFO - mask1 ratio: 0.00, mask2 ratio: 0.04, mask3 ratio: 0.10, mask4 ratio: 0.85
2026-01-22 18:52:40,717 - root - INFO - mask1 ratio: 0.01, mask2 ratio: 0.06, mask3 ratio: 0.10, mask4 ratio: 0.84
2026-01-22 18:52:40,929 - root - INFO - mask1 ratio: 0.00, mask2 ratio: 0.04, mask3 ratio: 0.10, mask4 ratio: 0.86
2026-01-22 18:52:41,146 - root - INFO - mask1 ratio: 0.01, mask2 ratio: 0.05, mask3 ratio: 0.10, mask4 ratio: 0.85
2026-01-22 18:52:41,345 - root - INFO - mask1 ratio: 0.01, mask2 ratio: 0.06, mask3 ratio: 0.10, mask4 ratio: 0.83
2026-01-22 18:52:41,547 - root - INFO - mask1 ratio: 0.01, mask2 ratio: 0.05, mask3 ratio: 0.10, mask4 ratio: 0.85
2026-01-22 18:52:41,748 - root - INFO - mask1 ratio: 0.01, mask2 ratio: 0.06, mask3 ratio: 0.10, mask4 ratio: 0.84
2026-01-22 18:52:41,986 - root - INFO - mask1 ratio: 0.01, mask2 ratio: 0.06, mask3 ratio: 0.10, mask4 ratio: 0.84
2026-01-22 18:52:42,197 - root - INFO - mask1 ratio: 0.01, mask2 ratio: 0.05, mask3 ratio: 0.10, mask4 ratio: 0.85
2026-01-22 18:52:42,419 - root - INFO - mask1 ratio: 0.01, mask2 ratio: 0.05, mask3 ratio: 0.10, mask4 ratio: 0.85
2026-01-22 18:52:42,624 - root - INFO - mask1 ratio: 0.01, mask2 ratio: 0.04, mask3 ratio: 0.10, mask4 ratio: 0.85
2026-01-22 18:52:42,831 - root - INFO - mask1 ratio: 0.01, mask2 ratio: 0.05, mask3 ratio: 0.10, mask4 ratio: 0.84
2026-01-22 18:52:43,051 - root - INFO - mask1 ratio: 0.01, mask2 ratio: 0.05, mask3 ratio: 0.10, mask4 ratio: 0.85
2026-01-22 18:52:43,281 - root - INFO - mask1 ratio: 0.01, mask2 ratio: 0.06, mask3 ratio: 0.10, mask4 ratio: 0.84
2026-01-22 18:52:43,509 - root - INFO - mask1 ratio: 0.01, mask2 ratio: 0.03, mask3 ratio: 0.10, mask4 ratio: 0.87
2026-01-22 18:52:43,745 - root - INFO - mask1 ratio: 0.01, mask2 ratio: 0.06, mask3 ratio: 0.10, mask4 ratio: 0.83
2026-01-22 18:52:43,951 - root - INFO - mask1 ratio: 0.01, mask2 ratio: 0.06, mask3 ratio: 0.10, mask4 ratio: 0.84
2026-01-22 18:52:44,154 - root - INFO - mask1 ratio: 0.01, mask2 ratio: 0.05, mask3 ratio: 0.10, mask4 ratio: 0.84
2026-01-22 18:52:44,382 - root - INFO - mask1 ratio: 0.01, mask2 ratio: 0.04, mask3 ratio: 0.10, mask4 ratio: 0.85
2026-01-22 18:52:44,408 - root - INFO - time 5.22
2026-01-22 18:52:44,412 - root - INFO - 16 self_attn.o_proj
2026-01-22 18:52:44,412 - root - INFO - Quantizing ...
2026-01-22 18:52:44,612 - root - INFO - mask1 ratio: 0.01, mask2 ratio: 0.02, mask3 ratio: 0.11, mask4 ratio: 0.87
2026-01-22 18:52:44,833 - root - INFO - mask1 ratio: 0.01, mask2 ratio: 0.02, mask3 ratio: 0.10, mask4 ratio: 0.88
2026-01-22 18:52:45,073 - root - INFO - mask1 ratio: 0.01, mask2 ratio: 0.02, mask3 ratio: 0.10, mask4 ratio: 0.88
2026-01-22 18:52:45,303 - root - INFO - mask1 ratio: 0.01, mask2 ratio: 0.04, mask3 ratio: 0.10, mask4 ratio: 0.85
2026-01-22 18:52:45,523 - root - INFO - mask1 ratio: 0.01, mask2 ratio: 0.00, mask3 ratio: 0.11, mask4 ratio: 0.87
2026-01-22 18:52:45,744 - root - INFO - mask1 ratio: 0.01, mask2 ratio: 0.00, mask3 ratio: 0.10, mask4 ratio: 0.88
2026-01-22 18:52:45,962 - root - INFO - mask1 ratio: 0.02, mask2 ratio: 0.05, mask3 ratio: 0.10, mask4 ratio: 0.84
2026-01-22 18:52:46,196 - root - INFO - mask1 ratio: 0.01, mask2 ratio: 0.06, mask3 ratio: 0.10, mask4 ratio: 0.83
2026-01-22 18:52:46,424 - root - INFO - mask1 ratio: 0.01, mask2 ratio: 0.04, mask3 ratio: 0.10, mask4 ratio: 0.85
2026-01-22 18:52:46,697 - root - INFO - mask1 ratio: 0.01, mask2 ratio: 0.05, mask3 ratio: 0.10, mask4 ratio: 0.85
2026-01-22 18:52:46,920 - root - INFO - mask1 ratio: 0.00, mask2 ratio: 0.03, mask3 ratio: 0.10, mask4 ratio: 0.87
2026-01-22 18:52:47,141 - root - INFO - mask1 ratio: 0.01, mask2 ratio: 0.03, mask3 ratio: 0.10, mask4 ratio: 0.86
2026-01-22 18:52:47,362 - root - INFO - mask1 ratio: 0.01, mask2 ratio: 0.02, mask3 ratio: 0.10, mask4 ratio: 0.88
2026-01-22 18:52:47,583 - root - INFO - mask1 ratio: 0.01, mask2 ratio: 0.02, mask3 ratio: 0.10, mask4 ratio: 0.87
2026-01-22 18:52:47,804 - root - INFO - mask1 ratio: 0.01, mask2 ratio: 0.05, mask3 ratio: 0.10, mask4 ratio: 0.85
2026-01-22 18:52:48,024 - root - INFO - mask1 ratio: 0.02, mask2 ratio: 0.10, mask3 ratio: 0.10, mask4 ratio: 0.78
2026-01-22 18:52:48,275 - root - INFO - mask1 ratio: 0.01, mask2 ratio: 0.07, mask3 ratio: 0.10, mask4 ratio: 0.82
2026-01-22 18:52:48,510 - root - INFO - mask1 ratio: 0.01, mask2 ratio: 0.04, mask3 ratio: 0.10, mask4 ratio: 0.85
2026-01-22 18:52:48,746 - root - INFO - mask1 ratio: 0.01, mask2 ratio: 0.06, mask3 ratio: 0.10, mask4 ratio: 0.82
2026-01-22 18:52:48,966 - root - INFO - mask1 ratio: 0.01, mask2 ratio: 0.06, mask3 ratio: 0.10, mask4 ratio: 0.82
2026-01-22 18:52:49,180 - root - INFO - mask1 ratio: 0.02, mask2 ratio: 0.07, mask3 ratio: 0.10, mask4 ratio: 0.81
2026-01-22 18:52:49,393 - root - INFO - mask1 ratio: 0.01, mask2 ratio: 0.02, mask3 ratio: 0.10, mask4 ratio: 0.88
2026-01-22 18:52:49,650 - root - INFO - mask1 ratio: 0.01, mask2 ratio: 0.04, mask3 ratio: 0.10, mask4 ratio: 0.85
2026-01-22 18:52:49,876 - root - INFO - mask1 ratio: 0.01, mask2 ratio: 0.02, mask3 ratio: 0.10, mask4 ratio: 0.88
2026-01-22 18:52:49,902 - root - INFO - time 5.49
2026-01-22 18:52:49,906 - root - INFO - 16 mlp.gate_proj
2026-01-22 18:52:49,907 - root - INFO - Quantizing ...
2026-01-22 18:52:50,151 - root - INFO - mask1 ratio: 0.01, mask2 ratio: 0.06, mask3 ratio: 0.10, mask4 ratio: 0.84
2026-01-22 18:52:50,416 - root - INFO - mask1 ratio: 0.01, mask2 ratio: 0.06, mask3 ratio: 0.10, mask4 ratio: 0.83
2026-01-22 18:52:50,678 - root - INFO - mask1 ratio: 0.01, mask2 ratio: 0.05, mask3 ratio: 0.10, mask4 ratio: 0.85
2026-01-22 18:52:50,940 - root - INFO - mask1 ratio: 0.01, mask2 ratio: 0.06, mask3 ratio: 0.10, mask4 ratio: 0.83
2026-01-22 18:52:51,231 - root - INFO - mask1 ratio: 0.01, mask2 ratio: 0.04, mask3 ratio: 0.10, mask4 ratio: 0.85
2026-01-22 18:52:51,492 - root - INFO - mask1 ratio: 0.01, mask2 ratio: 0.04, mask3 ratio: 0.10, mask4 ratio: 0.85
2026-01-22 18:52:51,756 - root - INFO - mask1 ratio: 0.01, mask2 ratio: 0.06, mask3 ratio: 0.10, mask4 ratio: 0.84
2026-01-22 18:52:52,017 - root - INFO - mask1 ratio: 0.01, mask2 ratio: 0.03, mask3 ratio: 0.10, mask4 ratio: 0.87
2026-01-22 18:52:52,277 - root - INFO - mask1 ratio: 0.01, mask2 ratio: 0.05, mask3 ratio: 0.10, mask4 ratio: 0.85
2026-01-22 18:52:52,582 - root - INFO - mask1 ratio: 0.01, mask2 ratio: 0.06, mask3 ratio: 0.10, mask4 ratio: 0.83
2026-01-22 18:52:52,844 - root - INFO - mask1 ratio: 0.01, mask2 ratio: 0.06, mask3 ratio: 0.10, mask4 ratio: 0.83
2026-01-22 18:52:53,106 - root - INFO - mask1 ratio: 0.01, mask2 ratio: 0.07, mask3 ratio: 0.10, mask4 ratio: 0.82
2026-01-22 18:52:53,367 - root - INFO - mask1 ratio: 0.00, mask2 ratio: 0.03, mask3 ratio: 0.10, mask4 ratio: 0.86
2026-01-22 18:52:53,631 - root - INFO - mask1 ratio: 0.01, mask2 ratio: 0.06, mask3 ratio: 0.10, mask4 ratio: 0.83
2026-01-22 18:52:53,921 - root - INFO - mask1 ratio: 0.00, mask2 ratio: 0.03, mask3 ratio: 0.10, mask4 ratio: 0.86
2026-01-22 18:52:54,181 - root - INFO - mask1 ratio: 0.01, mask2 ratio: 0.04, mask3 ratio: 0.10, mask4 ratio: 0.85
2026-01-22 18:52:54,442 - root - INFO - mask1 ratio: 0.00, mask2 ratio: 0.03, mask3 ratio: 0.10, mask4 ratio: 0.87
2026-01-22 18:52:54,704 - root - INFO - mask1 ratio: 0.01, mask2 ratio: 0.04, mask3 ratio: 0.10, mask4 ratio: 0.85
2026-01-22 18:52:54,970 - root - INFO - mask1 ratio: 0.01, mask2 ratio: 0.05, mask3 ratio: 0.10, mask4 ratio: 0.85
2026-01-22 18:52:55,274 - root - INFO - mask1 ratio: 0.00, mask2 ratio: 0.03, mask3 ratio: 0.10, mask4 ratio: 0.86
2026-01-22 18:52:55,542 - root - INFO - mask1 ratio: 0.01, mask2 ratio: 0.06, mask3 ratio: 0.10, mask4 ratio: 0.83
2026-01-22 18:52:55,806 - root - INFO - mask1 ratio: 0.01, mask2 ratio: 0.06, mask3 ratio: 0.10, mask4 ratio: 0.83
2026-01-22 18:52:56,066 - root - INFO - mask1 ratio: 0.00, mask2 ratio: 0.04, mask3 ratio: 0.10, mask4 ratio: 0.86
2026-01-22 18:52:56,327 - root - INFO - mask1 ratio: 0.00, mask2 ratio: 0.04, mask3 ratio: 0.10, mask4 ratio: 0.85
2026-01-22 18:52:56,357 - root - INFO - time 6.45
2026-01-22 18:52:56,364 - root - INFO - 16 mlp.up_proj
2026-01-22 18:52:56,364 - root - INFO - Quantizing ...
2026-01-22 18:52:56,635 - root - INFO - mask1 ratio: 0.01, mask2 ratio: 0.04, mask3 ratio: 0.10, mask4 ratio: 0.85
2026-01-22 18:52:56,903 - root - INFO - mask1 ratio: 0.01, mask2 ratio: 0.07, mask3 ratio: 0.10, mask4 ratio: 0.82
2026-01-22 18:52:57,164 - root - INFO - mask1 ratio: 0.01, mask2 ratio: 0.04, mask3 ratio: 0.10, mask4 ratio: 0.85
2026-01-22 18:52:57,432 - root - INFO - mask1 ratio: 0.01, mask2 ratio: 0.07, mask3 ratio: 0.10, mask4 ratio: 0.81
2026-01-22 18:52:57,692 - root - INFO - mask1 ratio: 0.01, mask2 ratio: 0.04, mask3 ratio: 0.10, mask4 ratio: 0.85
2026-01-22 18:52:57,994 - root - INFO - mask1 ratio: 0.01, mask2 ratio: 0.04, mask3 ratio: 0.10, mask4 ratio: 0.85
2026-01-22 18:52:58,255 - root - INFO - mask1 ratio: 0.01, mask2 ratio: 0.05, mask3 ratio: 0.10, mask4 ratio: 0.85
2026-01-22 18:52:58,517 - root - INFO - mask1 ratio: 0.01, mask2 ratio: 0.04, mask3 ratio: 0.10, mask4 ratio: 0.85
2026-01-22 18:52:58,781 - root - INFO - mask1 ratio: 0.01, mask2 ratio: 0.05, mask3 ratio: 0.10, mask4 ratio: 0.84
2026-01-22 18:52:59,042 - root - INFO - mask1 ratio: 0.01, mask2 ratio: 0.04, mask3 ratio: 0.10, mask4 ratio: 0.85
2026-01-22 18:52:59,334 - root - INFO - mask1 ratio: 0.01, mask2 ratio: 0.06, mask3 ratio: 0.10, mask4 ratio: 0.83
2026-01-22 18:52:59,596 - root - INFO - mask1 ratio: 0.01, mask2 ratio: 0.06, mask3 ratio: 0.10, mask4 ratio: 0.83
2026-01-22 18:52:59,858 - root - INFO - mask1 ratio: 0.01, mask2 ratio: 0.04, mask3 ratio: 0.10, mask4 ratio: 0.85
2026-01-22 18:53:00,118 - root - INFO - mask1 ratio: 0.01, mask2 ratio: 0.04, mask3 ratio: 0.10, mask4 ratio: 0.85
2026-01-22 18:53:00,380 - root - INFO - mask1 ratio: 0.01, mask2 ratio: 0.04, mask3 ratio: 0.10, mask4 ratio: 0.85
2026-01-22 18:53:00,684 - root - INFO - mask1 ratio: 0.01, mask2 ratio: 0.04, mask3 ratio: 0.10, mask4 ratio: 0.85
2026-01-22 18:53:00,947 - root - INFO - mask1 ratio: 0.01, mask2 ratio: 0.05, mask3 ratio: 0.10, mask4 ratio: 0.84
2026-01-22 18:53:01,209 - root - INFO - mask1 ratio: 0.01, mask2 ratio: 0.04, mask3 ratio: 0.10, mask4 ratio: 0.85
2026-01-22 18:53:01,471 - root - INFO - mask1 ratio: 0.01, mask2 ratio: 0.05, mask3 ratio: 0.10, mask4 ratio: 0.85
2026-01-22 18:53:01,734 - root - INFO - mask1 ratio: 0.01, mask2 ratio: 0.04, mask3 ratio: 0.11, mask4 ratio: 0.84
2026-01-22 18:53:02,014 - root - INFO - mask1 ratio: 0.01, mask2 ratio: 0.05, mask3 ratio: 0.10, mask4 ratio: 0.85
2026-01-22 18:53:02,276 - root - INFO - mask1 ratio: 0.02, mask2 ratio: 0.08, mask3 ratio: 0.10, mask4 ratio: 0.81
2026-01-22 18:53:02,538 - root - INFO - mask1 ratio: 0.01, mask2 ratio: 0.05, mask3 ratio: 0.10, mask4 ratio: 0.85
2026-01-22 18:53:02,799 - root - INFO - mask1 ratio: 0.00, mask2 ratio: 0.03, mask3 ratio: 0.10, mask4 ratio: 0.87
2026-01-22 18:53:02,828 - root - INFO - time 6.46
2026-01-22 18:53:02,836 - root - INFO - 16 mlp.down_proj
2026-01-22 18:53:02,836 - root - INFO - Quantizing ...
2026-01-22 18:53:03,087 - root - INFO - mask1 ratio: 0.01, mask2 ratio: 0.03, mask3 ratio: 0.10, mask4 ratio: 0.86
2026-01-22 18:53:03,302 - root - INFO - mask1 ratio: 0.01, mask2 ratio: 0.04, mask3 ratio: 0.10, mask4 ratio: 0.85
2026-01-22 18:53:03,559 - root - INFO - mask1 ratio: 0.01, mask2 ratio: 0.02, mask3 ratio: 0.10, mask4 ratio: 0.87
2026-01-22 18:53:03,773 - root - INFO - mask1 ratio: 0.01, mask2 ratio: 0.03, mask3 ratio: 0.10, mask4 ratio: 0.85
2026-01-22 18:53:03,988 - root - INFO - mask1 ratio: 0.01, mask2 ratio: 0.02, mask3 ratio: 0.10, mask4 ratio: 0.88
2026-01-22 18:53:04,203 - root - INFO - mask1 ratio: 0.01, mask2 ratio: 0.03, mask3 ratio: 0.10, mask4 ratio: 0.86
2026-01-22 18:53:04,417 - root - INFO - mask1 ratio: 0.01, mask2 ratio: 0.00, mask3 ratio: 0.10, mask4 ratio: 0.88
2026-01-22 18:53:04,631 - root - INFO - mask1 ratio: 0.01, mask2 ratio: 0.02, mask3 ratio: 0.10, mask4 ratio: 0.87
2026-01-22 18:53:04,846 - root - INFO - mask1 ratio: 0.01, mask2 ratio: 0.03, mask3 ratio: 0.10, mask4 ratio: 0.86
2026-01-22 18:53:05,089 - root - INFO - mask1 ratio: 0.01, mask2 ratio: 0.06, mask3 ratio: 0.10, mask4 ratio: 0.83
2026-01-22 18:53:05,302 - root - INFO - mask1 ratio: 0.01, mask2 ratio: 0.03, mask3 ratio: 0.10, mask4 ratio: 0.86
2026-01-22 18:53:05,517 - root - INFO - mask1 ratio: 0.01, mask2 ratio: 0.04, mask3 ratio: 0.10, mask4 ratio: 0.85
2026-01-22 18:53:05,732 - root - INFO - mask1 ratio: 0.01, mask2 ratio: 0.04, mask3 ratio: 0.10, mask4 ratio: 0.85
2026-01-22 18:53:05,946 - root - INFO - mask1 ratio: 0.01, mask2 ratio: 0.04, mask3 ratio: 0.10, mask4 ratio: 0.85
2026-01-22 18:53:06,162 - root - INFO - mask1 ratio: 0.01, mask2 ratio: 0.04, mask3 ratio: 0.10, mask4 ratio: 0.85
2026-01-22 18:53:06,376 - root - INFO - mask1 ratio: 0.01, mask2 ratio: 0.04, mask3 ratio: 0.10, mask4 ratio: 0.85
2026-01-22 18:53:06,631 - root - INFO - mask1 ratio: 0.01, mask2 ratio: 0.02, mask3 ratio: 0.10, mask4 ratio: 0.87
2026-01-22 18:53:06,846 - root - INFO - mask1 ratio: 0.01, mask2 ratio: 0.02, mask3 ratio: 0.10, mask4 ratio: 0.88
2026-01-22 18:53:07,062 - root - INFO - mask1 ratio: 0.02, mask2 ratio: 0.06, mask3 ratio: 0.10, mask4 ratio: 0.82
2026-01-22 18:53:07,277 - root - INFO - mask1 ratio: 0.01, mask2 ratio: 0.05, mask3 ratio: 0.10, mask4 ratio: 0.84
2026-01-22 18:53:07,492 - root - INFO - mask1 ratio: 0.01, mask2 ratio: 0.04, mask3 ratio: 0.10, mask4 ratio: 0.85
2026-01-22 18:53:07,707 - root - INFO - mask1 ratio: 0.01, mask2 ratio: 0.02, mask3 ratio: 0.10, mask4 ratio: 0.87
2026-01-22 18:53:07,922 - root - INFO - mask1 ratio: 0.02, mask2 ratio: 0.14, mask3 ratio: 0.10, mask4 ratio: 0.74
2026-01-22 18:53:08,162 - root - INFO - mask1 ratio: 0.01, mask2 ratio: 0.03, mask3 ratio: 0.10, mask4 ratio: 0.87
2026-01-22 18:53:08,378 - root - INFO - mask1 ratio: 0.02, mask2 ratio: 0.07, mask3 ratio: 0.10, mask4 ratio: 0.81
2026-01-22 18:53:08,593 - root - INFO - mask1 ratio: 0.01, mask2 ratio: 0.03, mask3 ratio: 0.10, mask4 ratio: 0.86
2026-01-22 18:53:08,807 - root - INFO - mask1 ratio: 0.01, mask2 ratio: 0.03, mask3 ratio: 0.10, mask4 ratio: 0.86
2026-01-22 18:53:09,020 - root - INFO - mask1 ratio: 0.01, mask2 ratio: 0.03, mask3 ratio: 0.10, mask4 ratio: 0.86
2026-01-22 18:53:09,240 - root - INFO - mask1 ratio: 0.01, mask2 ratio: 0.03, mask3 ratio: 0.10, mask4 ratio: 0.86
2026-01-22 18:53:09,453 - root - INFO - mask1 ratio: 0.01, mask2 ratio: 0.02, mask3 ratio: 0.10, mask4 ratio: 0.87
2026-01-22 18:53:09,700 - root - INFO - mask1 ratio: 0.01, mask2 ratio: 0.04, mask3 ratio: 0.10, mask4 ratio: 0.85
2026-01-22 18:53:09,915 - root - INFO - mask1 ratio: 0.01, mask2 ratio: 0.02, mask3 ratio: 0.10, mask4 ratio: 0.88
2026-01-22 18:53:10,129 - root - INFO - mask1 ratio: 0.01, mask2 ratio: 0.04, mask3 ratio: 0.10, mask4 ratio: 0.85
2026-01-22 18:53:10,344 - root - INFO - mask1 ratio: 0.01, mask2 ratio: 0.04, mask3 ratio: 0.10, mask4 ratio: 0.85
2026-01-22 18:53:10,558 - root - INFO - mask1 ratio: 0.01, mask2 ratio: 0.03, mask3 ratio: 0.10, mask4 ratio: 0.86
2026-01-22 18:53:10,779 - root - INFO - mask1 ratio: 0.01, mask2 ratio: 0.03, mask3 ratio: 0.10, mask4 ratio: 0.86
2026-01-22 18:53:11,018 - root - INFO - mask1 ratio: 0.01, mask2 ratio: 0.02, mask3 ratio: 0.10, mask4 ratio: 0.87
2026-01-22 18:53:11,248 - root - INFO - mask1 ratio: 0.01, mask2 ratio: 0.03, mask3 ratio: 0.10, mask4 ratio: 0.86
2026-01-22 18:53:11,474 - root - INFO - mask1 ratio: 0.02, mask2 ratio: 0.08, mask3 ratio: 0.10, mask4 ratio: 0.81
2026-01-22 18:53:11,704 - root - INFO - mask1 ratio: 0.02, mask2 ratio: 0.06, mask3 ratio: 0.10, mask4 ratio: 0.82
2026-01-22 18:53:11,921 - root - INFO - mask1 ratio: 0.01, mask2 ratio: 0.03, mask3 ratio: 0.10, mask4 ratio: 0.86
2026-01-22 18:53:12,134 - root - INFO - mask1 ratio: 0.01, mask2 ratio: 0.04, mask3 ratio: 0.10, mask4 ratio: 0.85
2026-01-22 18:53:12,349 - root - INFO - mask1 ratio: 0.01, mask2 ratio: 0.03, mask3 ratio: 0.10, mask4 ratio: 0.86
2026-01-22 18:53:12,600 - root - INFO - mask1 ratio: 0.02, mask2 ratio: 0.10, mask3 ratio: 0.10, mask4 ratio: 0.78
2026-01-22 18:53:12,824 - root - INFO - mask1 ratio: 0.02, mask2 ratio: 0.12, mask3 ratio: 0.10, mask4 ratio: 0.76
2026-01-22 18:53:13,041 - root - INFO - mask1 ratio: 0.01, mask2 ratio: 0.04, mask3 ratio: 0.10, mask4 ratio: 0.85
2026-01-22 18:53:13,256 - root - INFO - mask1 ratio: 0.01, mask2 ratio: 0.02, mask3 ratio: 0.10, mask4 ratio: 0.87
2026-01-22 18:53:13,471 - root - INFO - mask1 ratio: 0.01, mask2 ratio: 0.03, mask3 ratio: 0.10, mask4 ratio: 0.86
2026-01-22 18:53:13,684 - root - INFO - mask1 ratio: 0.01, mask2 ratio: 0.04, mask3 ratio: 0.10, mask4 ratio: 0.85
2026-01-22 18:53:13,899 - root - INFO - mask1 ratio: 0.01, mask2 ratio: 0.05, mask3 ratio: 0.10, mask4 ratio: 0.84
2026-01-22 18:53:14,136 - root - INFO - mask1 ratio: 0.01, mask2 ratio: 0.03, mask3 ratio: 0.10, mask4 ratio: 0.86
2026-01-22 18:53:14,352 - root - INFO - mask1 ratio: 0.01, mask2 ratio: 0.04, mask3 ratio: 0.10, mask4 ratio: 0.85
2026-01-22 18:53:14,564 - root - INFO - mask1 ratio: 0.01, mask2 ratio: 0.02, mask3 ratio: 0.10, mask4 ratio: 0.87
2026-01-22 18:53:14,778 - root - INFO - mask1 ratio: 0.01, mask2 ratio: 0.07, mask3 ratio: 0.10, mask4 ratio: 0.81
2026-01-22 18:53:15,001 - root - INFO - mask1 ratio: 0.01, mask2 ratio: 0.03, mask3 ratio: 0.10, mask4 ratio: 0.86
2026-01-22 18:53:15,216 - root - INFO - mask1 ratio: 0.01, mask2 ratio: 0.02, mask3 ratio: 0.10, mask4 ratio: 0.88
2026-01-22 18:53:15,433 - root - INFO - mask1 ratio: 0.01, mask2 ratio: 0.03, mask3 ratio: 0.10, mask4 ratio: 0.86
2026-01-22 18:53:15,689 - root - INFO - mask1 ratio: 0.01, mask2 ratio: 0.00, mask3 ratio: 0.10, mask4 ratio: 0.88
2026-01-22 18:53:15,905 - root - INFO - mask1 ratio: 0.01, mask2 ratio: 0.03, mask3 ratio: 0.10, mask4 ratio: 0.85
2026-01-22 18:53:16,120 - root - INFO - mask1 ratio: 0.01, mask2 ratio: 0.03, mask3 ratio: 0.10, mask4 ratio: 0.86
2026-01-22 18:53:16,335 - root - INFO - mask1 ratio: 0.01, mask2 ratio: 0.04, mask3 ratio: 0.10, mask4 ratio: 0.85
2026-01-22 18:53:16,550 - root - INFO - mask1 ratio: 0.01, mask2 ratio: 0.03, mask3 ratio: 0.10, mask4 ratio: 0.86
2026-01-22 18:53:16,765 - root - INFO - mask1 ratio: 0.01, mask2 ratio: 0.06, mask3 ratio: 0.10, mask4 ratio: 0.83
2026-01-22 18:53:16,979 - root - INFO - mask1 ratio: 0.01, mask2 ratio: 0.05, mask3 ratio: 0.10, mask4 ratio: 0.84
2026-01-22 18:53:17,006 - root - INFO - time 14.17
2026-01-22 18:53:19,564 - root - INFO - 17 self_attn.q_proj
2026-01-22 18:53:19,564 - root - INFO - Quantizing ...
2026-01-22 18:53:19,959 - root - INFO - mask1 ratio: 0.00, mask2 ratio: 0.02, mask3 ratio: 0.10, mask4 ratio: 0.88
2026-01-22 18:53:20,172 - root - INFO - mask1 ratio: 0.00, mask2 ratio: 0.02, mask3 ratio: 0.10, mask4 ratio: 0.88
2026-01-22 18:53:20,386 - root - INFO - mask1 ratio: 0.00, mask2 ratio: 0.02, mask3 ratio: 0.10, mask4 ratio: 0.88
2026-01-22 18:53:20,600 - root - INFO - mask1 ratio: 0.01, mask2 ratio: 0.05, mask3 ratio: 0.10, mask4 ratio: 0.85
2026-01-22 18:53:20,853 - root - INFO - mask1 ratio: 0.00, mask2 ratio: 0.04, mask3 ratio: 0.10, mask4 ratio: 0.86
2026-01-22 18:53:21,067 - root - INFO - mask1 ratio: 0.01, mask2 ratio: 0.04, mask3 ratio: 0.10, mask4 ratio: 0.85
2026-01-22 18:53:21,282 - root - INFO - mask1 ratio: 0.00, mask2 ratio: 0.03, mask3 ratio: 0.10, mask4 ratio: 0.87
2026-01-22 18:53:21,498 - root - INFO - mask1 ratio: 0.00, mask2 ratio: 0.02, mask3 ratio: 0.10, mask4 ratio: 0.88
2026-01-22 18:53:21,712 - root - INFO - mask1 ratio: 0.01, mask2 ratio: 0.05, mask3 ratio: 0.10, mask4 ratio: 0.85
2026-01-22 18:53:21,932 - root - INFO - mask1 ratio: 0.00, mask2 ratio: 0.04, mask3 ratio: 0.10, mask4 ratio: 0.86
2026-01-22 18:53:22,146 - root - INFO - mask1 ratio: 0.00, mask2 ratio: 0.02, mask3 ratio: 0.10, mask4 ratio: 0.88
2026-01-22 18:53:22,389 - root - INFO - mask1 ratio: 0.01, mask2 ratio: 0.07, mask3 ratio: 0.10, mask4 ratio: 0.82
2026-01-22 18:53:22,606 - root - INFO - mask1 ratio: 0.00, mask2 ratio: 0.03, mask3 ratio: 0.10, mask4 ratio: 0.87
2026-01-22 18:53:22,821 - root - INFO - mask1 ratio: 0.00, mask2 ratio: 0.03, mask3 ratio: 0.10, mask4 ratio: 0.87
2026-01-22 18:53:23,035 - root - INFO - mask1 ratio: 0.00, mask2 ratio: 0.03, mask3 ratio: 0.10, mask4 ratio: 0.87
2026-01-22 18:53:23,249 - root - INFO - mask1 ratio: 0.00, mask2 ratio: 0.03, mask3 ratio: 0.10, mask4 ratio: 0.87
2026-01-22 18:53:23,463 - root - INFO - mask1 ratio: 0.00, mask2 ratio: 0.02, mask3 ratio: 0.10, mask4 ratio: 0.88
2026-01-22 18:53:23,703 - root - INFO - mask1 ratio: 0.00, mask2 ratio: 0.02, mask3 ratio: 0.10, mask4 ratio: 0.88
2026-01-22 18:53:23,929 - root - INFO - mask1 ratio: 0.00, mask2 ratio: 0.02, mask3 ratio: 0.10, mask4 ratio: 0.88
2026-01-22 18:53:24,144 - root - INFO - mask1 ratio: 0.01, mask2 ratio: 0.04, mask3 ratio: 0.10, mask4 ratio: 0.85
2026-01-22 18:53:24,357 - root - INFO - mask1 ratio: 0.00, mask2 ratio: 0.02, mask3 ratio: 0.10, mask4 ratio: 0.88
2026-01-22 18:53:24,572 - root - INFO - mask1 ratio: 0.01, mask2 ratio: 0.05, mask3 ratio: 0.10, mask4 ratio: 0.85
2026-01-22 18:53:24,788 - root - INFO - mask1 ratio: 0.00, mask2 ratio: 0.03, mask3 ratio: 0.10, mask4 ratio: 0.87
2026-01-22 18:53:25,003 - root - INFO - mask1 ratio: 0.01, mask2 ratio: 0.06, mask3 ratio: 0.10, mask4 ratio: 0.84
2026-01-22 18:53:25,029 - root - INFO - time 5.47
2026-01-22 18:53:25,039 - root - INFO - 17 self_attn.k_proj
2026-01-22 18:53:25,039 - root - INFO - Quantizing ...
2026-01-22 18:53:25,250 - root - INFO - mask1 ratio: 0.00, mask2 ratio: 0.02, mask3 ratio: 0.10, mask4 ratio: 0.88
2026-01-22 18:53:25,449 - root - INFO - mask1 ratio: 0.00, mask2 ratio: 0.03, mask3 ratio: 0.10, mask4 ratio: 0.87
2026-01-22 18:53:25,647 - root - INFO - mask1 ratio: 0.00, mask2 ratio: 0.02, mask3 ratio: 0.10, mask4 ratio: 0.88
2026-01-22 18:53:25,845 - root - INFO - mask1 ratio: 0.00, mask2 ratio: 0.03, mask3 ratio: 0.10, mask4 ratio: 0.87
2026-01-22 18:53:26,045 - root - INFO - mask1 ratio: 0.01, mask2 ratio: 0.03, mask3 ratio: 0.10, mask4 ratio: 0.87
2026-01-22 18:53:26,250 - root - INFO - mask1 ratio: 0.00, mask2 ratio: 0.03, mask3 ratio: 0.10, mask4 ratio: 0.87
2026-01-22 18:53:26,449 - root - INFO - mask1 ratio: 0.00, mask2 ratio: 0.04, mask3 ratio: 0.10, mask4 ratio: 0.86
2026-01-22 18:53:26,648 - root - INFO - mask1 ratio: 0.00, mask2 ratio: 0.02, mask3 ratio: 0.10, mask4 ratio: 0.88
2026-01-22 18:53:26,892 - root - INFO - mask1 ratio: 0.01, mask2 ratio: 0.04, mask3 ratio: 0.10, mask4 ratio: 0.85
2026-01-22 18:53:27,115 - root - INFO - mask1 ratio: 0.00, mask2 ratio: 0.02, mask3 ratio: 0.10, mask4 ratio: 0.88
2026-01-22 18:53:27,315 - root - INFO - mask1 ratio: 0.00, mask2 ratio: 0.03, mask3 ratio: 0.10, mask4 ratio: 0.87
2026-01-22 18:53:27,517 - root - INFO - mask1 ratio: 0.00, mask2 ratio: 0.03, mask3 ratio: 0.10, mask4 ratio: 0.87
2026-01-22 18:53:27,729 - root - INFO - mask1 ratio: 0.00, mask2 ratio: 0.03, mask3 ratio: 0.10, mask4 ratio: 0.87
2026-01-22 18:53:27,929 - root - INFO - mask1 ratio: 0.00, mask2 ratio: 0.03, mask3 ratio: 0.10, mask4 ratio: 0.87
2026-01-22 18:53:28,129 - root - INFO - mask1 ratio: 0.00, mask2 ratio: 0.03, mask3 ratio: 0.10, mask4 ratio: 0.87
2026-01-22 18:53:28,337 - root - INFO - mask1 ratio: 0.00, mask2 ratio: 0.03, mask3 ratio: 0.10, mask4 ratio: 0.87
2026-01-22 18:53:28,547 - root - INFO - mask1 ratio: 0.01, mask2 ratio: 0.00, mask3 ratio: 0.10, mask4 ratio: 0.88
2026-01-22 18:53:28,746 - root - INFO - mask1 ratio: 0.00, mask2 ratio: 0.03, mask3 ratio: 0.10, mask4 ratio: 0.87
2026-01-22 18:53:28,946 - root - INFO - mask1 ratio: 0.01, mask2 ratio: 0.02, mask3 ratio: 0.10, mask4 ratio: 0.88
2026-01-22 18:53:29,145 - root - INFO - mask1 ratio: 0.01, mask2 ratio: 0.04, mask3 ratio: 0.10, mask4 ratio: 0.85
2026-01-22 18:53:29,345 - root - INFO - mask1 ratio: 0.00, mask2 ratio: 0.02, mask3 ratio: 0.10, mask4 ratio: 0.88
2026-01-22 18:53:29,545 - root - INFO - mask1 ratio: 0.01, mask2 ratio: 0.02, mask3 ratio: 0.10, mask4 ratio: 0.87
2026-01-22 18:53:29,744 - root - INFO - mask1 ratio: 0.00, mask2 ratio: 0.03, mask3 ratio: 0.10, mask4 ratio: 0.87
2026-01-22 18:53:29,972 - root - INFO - mask1 ratio: 0.01, mask2 ratio: 0.04, mask3 ratio: 0.10, mask4 ratio: 0.85
2026-01-22 18:53:30,006 - root - INFO - time 4.97
2026-01-22 18:53:30,009 - root - INFO - 17 self_attn.v_proj
2026-01-22 18:53:30,009 - root - INFO - Quantizing ...
2026-01-22 18:53:30,191 - root - INFO - mask1 ratio: 0.01, mask2 ratio: 0.05, mask3 ratio: 0.10, mask4 ratio: 0.84
2026-01-22 18:53:30,392 - root - INFO - mask1 ratio: 0.01, mask2 ratio: 0.03, mask3 ratio: 0.10, mask4 ratio: 0.86
2026-01-22 18:53:30,612 - root - INFO - mask1 ratio: 0.01, mask2 ratio: 0.04, mask3 ratio: 0.10, mask4 ratio: 0.85
2026-01-22 18:53:30,832 - root - INFO - mask1 ratio: 0.01, mask2 ratio: 0.04, mask3 ratio: 0.10, mask4 ratio: 0.85
2026-01-22 18:53:31,036 - root - INFO - mask1 ratio: 0.01, mask2 ratio: 0.04, mask3 ratio: 0.10, mask4 ratio: 0.85
2026-01-22 18:53:31,237 - root - INFO - mask1 ratio: 0.01, mask2 ratio: 0.06, mask3 ratio: 0.10, mask4 ratio: 0.83
2026-01-22 18:53:31,437 - root - INFO - mask1 ratio: 0.01, mask2 ratio: 0.06, mask3 ratio: 0.10, mask4 ratio: 0.84
2026-01-22 18:53:31,663 - root - INFO - mask1 ratio: 0.01, mask2 ratio: 0.03, mask3 ratio: 0.10, mask4 ratio: 0.86
2026-01-22 18:53:31,865 - root - INFO - mask1 ratio: 0.01, mask2 ratio: 0.04, mask3 ratio: 0.10, mask4 ratio: 0.85
2026-01-22 18:53:32,066 - root - INFO - mask1 ratio: 0.01, mask2 ratio: 0.07, mask3 ratio: 0.10, mask4 ratio: 0.82
2026-01-22 18:53:32,268 - root - INFO - mask1 ratio: 0.01, mask2 ratio: 0.07, mask3 ratio: 0.10, mask4 ratio: 0.82
2026-01-22 18:53:32,471 - root - INFO - mask1 ratio: 0.01, mask2 ratio: 0.07, mask3 ratio: 0.10, mask4 ratio: 0.82
2026-01-22 18:53:32,671 - root - INFO - mask1 ratio: 0.01, mask2 ratio: 0.05, mask3 ratio: 0.10, mask4 ratio: 0.84
2026-01-22 18:53:32,872 - root - INFO - mask1 ratio: 0.01, mask2 ratio: 0.05, mask3 ratio: 0.10, mask4 ratio: 0.85
2026-01-22 18:53:33,079 - root - INFO - mask1 ratio: 0.01, mask2 ratio: 0.06, mask3 ratio: 0.10, mask4 ratio: 0.83
2026-01-22 18:53:33,302 - root - INFO - mask1 ratio: 0.01, mask2 ratio: 0.04, mask3 ratio: 0.10, mask4 ratio: 0.85
2026-01-22 18:53:33,502 - root - INFO - mask1 ratio: 0.01, mask2 ratio: 0.05, mask3 ratio: 0.10, mask4 ratio: 0.85
2026-01-22 18:53:33,704 - root - INFO - mask1 ratio: 0.01, mask2 ratio: 0.04, mask3 ratio: 0.10, mask4 ratio: 0.85
2026-01-22 18:53:33,906 - root - INFO - mask1 ratio: 0.01, mask2 ratio: 0.06, mask3 ratio: 0.10, mask4 ratio: 0.83
2026-01-22 18:53:34,108 - root - INFO - mask1 ratio: 0.01, mask2 ratio: 0.03, mask3 ratio: 0.10, mask4 ratio: 0.87
2026-01-22 18:53:34,308 - root - INFO - mask1 ratio: 0.01, mask2 ratio: 0.08, mask3 ratio: 0.10, mask4 ratio: 0.81
2026-01-22 18:53:34,519 - root - INFO - mask1 ratio: 0.01, mask2 ratio: 0.05, mask3 ratio: 0.10, mask4 ratio: 0.85
2026-01-22 18:53:34,744 - root - INFO - mask1 ratio: 0.01, mask2 ratio: 0.03, mask3 ratio: 0.10, mask4 ratio: 0.86
2026-01-22 18:53:34,944 - root - INFO - mask1 ratio: 0.01, mask2 ratio: 0.04, mask3 ratio: 0.10, mask4 ratio: 0.85
2026-01-22 18:53:34,972 - root - INFO - time 4.96
2026-01-22 18:53:34,976 - root - INFO - 17 self_attn.o_proj
2026-01-22 18:53:34,976 - root - INFO - Quantizing ...
2026-01-22 18:53:35,173 - root - INFO - mask1 ratio: 0.01, mask2 ratio: 0.02, mask3 ratio: 0.10, mask4 ratio: 0.87
2026-01-22 18:53:35,388 - root - INFO - mask1 ratio: 0.01, mask2 ratio: 0.07, mask3 ratio: 0.10, mask4 ratio: 0.82
2026-01-22 18:53:35,606 - root - INFO - mask1 ratio: 0.01, mask2 ratio: 0.09, mask3 ratio: 0.10, mask4 ratio: 0.80
2026-01-22 18:53:35,822 - root - INFO - mask1 ratio: 0.00, mask2 ratio: 0.03, mask3 ratio: 0.10, mask4 ratio: 0.86
2026-01-22 18:53:36,038 - root - INFO - mask1 ratio: 0.01, mask2 ratio: 0.06, mask3 ratio: 0.10, mask4 ratio: 0.83
2026-01-22 18:53:36,288 - root - INFO - mask1 ratio: 0.01, mask2 ratio: 0.03, mask3 ratio: 0.10, mask4 ratio: 0.86
2026-01-22 18:53:36,506 - root - INFO - mask1 ratio: 0.01, mask2 ratio: 0.05, mask3 ratio: 0.10, mask4 ratio: 0.84
2026-01-22 18:53:36,720 - root - INFO - mask1 ratio: 0.01, mask2 ratio: 0.02, mask3 ratio: 0.10, mask4 ratio: 0.87
2026-01-22 18:53:36,934 - root - INFO - mask1 ratio: 0.01, mask2 ratio: 0.02, mask3 ratio: 0.10, mask4 ratio: 0.87
2026-01-22 18:53:37,149 - root - INFO - mask1 ratio: 0.01, mask2 ratio: 0.02, mask3 ratio: 0.10, mask4 ratio: 0.87
2026-01-22 18:53:37,366 - root - INFO - mask1 ratio: 0.02, mask2 ratio: 0.12, mask3 ratio: 0.10, mask4 ratio: 0.76
2026-01-22 18:53:37,581 - root - INFO - mask1 ratio: 0.02, mask2 ratio: 0.17, mask3 ratio: 0.10, mask4 ratio: 0.71
2026-01-22 18:53:37,819 - root - INFO - mask1 ratio: 0.01, mask2 ratio: 0.06, mask3 ratio: 0.10, mask4 ratio: 0.83
2026-01-22 18:53:38,035 - root - INFO - mask1 ratio: 0.03, mask2 ratio: 0.15, mask3 ratio: 0.10, mask4 ratio: 0.73
2026-01-22 18:53:38,249 - root - INFO - mask1 ratio: 0.03, mask2 ratio: 0.21, mask3 ratio: 0.10, mask4 ratio: 0.67
2026-01-22 18:53:38,463 - root - INFO - mask1 ratio: 0.01, mask2 ratio: 0.03, mask3 ratio: 0.10, mask4 ratio: 0.86
2026-01-22 18:53:38,679 - root - INFO - mask1 ratio: 0.03, mask2 ratio: 0.20, mask3 ratio: 0.10, mask4 ratio: 0.67
2026-01-22 18:53:38,892 - root - INFO - mask1 ratio: 0.01, mask2 ratio: 0.03, mask3 ratio: 0.10, mask4 ratio: 0.86
2026-01-22 18:53:39,105 - root - INFO - mask1 ratio: 0.01, mask2 ratio: 0.02, mask3 ratio: 0.10, mask4 ratio: 0.87
2026-01-22 18:53:39,356 - root - INFO - mask1 ratio: 0.01, mask2 ratio: 0.04, mask3 ratio: 0.10, mask4 ratio: 0.85
2026-01-22 18:53:39,573 - root - INFO - mask1 ratio: 0.02, mask2 ratio: 0.14, mask3 ratio: 0.10, mask4 ratio: 0.74
2026-01-22 18:53:39,786 - root - INFO - mask1 ratio: 0.01, mask2 ratio: 0.00, mask3 ratio: 0.10, mask4 ratio: 0.88
2026-01-22 18:53:40,002 - root - INFO - mask1 ratio: 0.01, mask2 ratio: 0.02, mask3 ratio: 0.10, mask4 ratio: 0.88
2026-01-22 18:53:40,216 - root - INFO - mask1 ratio: 0.01, mask2 ratio: 0.00, mask3 ratio: 0.10, mask4 ratio: 0.88
2026-01-22 18:53:40,242 - root - INFO - time 5.27
2026-01-22 18:53:40,246 - root - INFO - 17 mlp.gate_proj
2026-01-22 18:53:40,246 - root - INFO - Quantizing ...
2026-01-22 18:53:40,487 - root - INFO - mask1 ratio: 0.01, mask2 ratio: 0.05, mask3 ratio: 0.10, mask4 ratio: 0.85
2026-01-22 18:53:40,778 - root - INFO - mask1 ratio: 0.01, mask2 ratio: 0.05, mask3 ratio: 0.10, mask4 ratio: 0.85
2026-01-22 18:53:41,040 - root - INFO - mask1 ratio: 0.01, mask2 ratio: 0.05, mask3 ratio: 0.10, mask4 ratio: 0.85
2026-01-22 18:53:41,304 - root - INFO - mask1 ratio: 0.01, mask2 ratio: 0.08, mask3 ratio: 0.10, mask4 ratio: 0.81
2026-01-22 18:53:41,565 - root - INFO - mask1 ratio: 0.00, mask2 ratio: 0.03, mask3 ratio: 0.10, mask4 ratio: 0.87
2026-01-22 18:53:41,826 - root - INFO - mask1 ratio: 0.01, mask2 ratio: 0.05, mask3 ratio: 0.10, mask4 ratio: 0.85
2026-01-22 18:53:42,131 - root - INFO - mask1 ratio: 0.01, mask2 ratio: 0.05, mask3 ratio: 0.10, mask4 ratio: 0.85
2026-01-22 18:53:42,394 - root - INFO - mask1 ratio: 0.01, mask2 ratio: 0.04, mask3 ratio: 0.10, mask4 ratio: 0.85
2026-01-22 18:53:42,656 - root - INFO - mask1 ratio: 0.00, mask2 ratio: 0.04, mask3 ratio: 0.10, mask4 ratio: 0.85
2026-01-22 18:53:42,926 - root - INFO - mask1 ratio: 0.01, mask2 ratio: 0.06, mask3 ratio: 0.10, mask4 ratio: 0.83
2026-01-22 18:53:43,192 - root - INFO - mask1 ratio: 0.01, mask2 ratio: 0.08, mask3 ratio: 0.10, mask4 ratio: 0.81
2026-01-22 18:53:43,477 - root - INFO - mask1 ratio: 0.01, mask2 ratio: 0.07, mask3 ratio: 0.10, mask4 ratio: 0.82
2026-01-22 18:53:43,748 - root - INFO - mask1 ratio: 0.01, mask2 ratio: 0.04, mask3 ratio: 0.10, mask4 ratio: 0.85
2026-01-22 18:53:44,009 - root - INFO - mask1 ratio: 0.01, mask2 ratio: 0.03, mask3 ratio: 0.10, mask4 ratio: 0.86
2026-01-22 18:53:44,274 - root - INFO - mask1 ratio: 0.01, mask2 ratio: 0.06, mask3 ratio: 0.10, mask4 ratio: 0.83
2026-01-22 18:53:44,536 - root - INFO - mask1 ratio: 0.01, mask2 ratio: 0.04, mask3 ratio: 0.10, mask4 ratio: 0.85
2026-01-22 18:53:44,839 - root - INFO - mask1 ratio: 0.01, mask2 ratio: 0.03, mask3 ratio: 0.10, mask4 ratio: 0.86
2026-01-22 18:53:45,099 - root - INFO - mask1 ratio: 0.01, mask2 ratio: 0.02, mask3 ratio: 0.10, mask4 ratio: 0.87
2026-01-22 18:53:45,361 - root - INFO - mask1 ratio: 0.01, mask2 ratio: 0.06, mask3 ratio: 0.10, mask4 ratio: 0.83
2026-01-22 18:53:45,621 - root - INFO - mask1 ratio: 0.00, mask2 ratio: 0.03, mask3 ratio: 0.10, mask4 ratio: 0.87
2026-01-22 18:53:45,884 - root - INFO - mask1 ratio: 0.01, mask2 ratio: 0.07, mask3 ratio: 0.10, mask4 ratio: 0.82
2026-01-22 18:53:46,145 - root - INFO - mask1 ratio: 0.01, mask2 ratio: 0.08, mask3 ratio: 0.10, mask4 ratio: 0.81
2026-01-22 18:53:46,432 - root - INFO - mask1 ratio: 0.01, mask2 ratio: 0.06, mask3 ratio: 0.10, mask4 ratio: 0.84
2026-01-22 18:53:46,695 - root - INFO - mask1 ratio: 0.01, mask2 ratio: 0.03, mask3 ratio: 0.10, mask4 ratio: 0.86
2026-01-22 18:53:46,724 - root - INFO - time 6.48
2026-01-22 18:53:46,731 - root - INFO - 17 mlp.up_proj
2026-01-22 18:53:46,731 - root - INFO - Quantizing ...
2026-01-22 18:53:46,974 - root - INFO - mask1 ratio: 0.02, mask2 ratio: 0.12, mask3 ratio: 0.10, mask4 ratio: 0.76
2026-01-22 18:53:47,236 - root - INFO - mask1 ratio: 0.01, mask2 ratio: 0.07, mask3 ratio: 0.10, mask4 ratio: 0.81
2026-01-22 18:53:47,502 - root - INFO - mask1 ratio: 0.01, mask2 ratio: 0.06, mask3 ratio: 0.11, mask4 ratio: 0.82
2026-01-22 18:53:47,799 - root - INFO - mask1 ratio: 0.01, mask2 ratio: 0.07, mask3 ratio: 0.10, mask4 ratio: 0.82
2026-01-22 18:53:48,060 - root - INFO - mask1 ratio: 0.02, mask2 ratio: 0.07, mask3 ratio: 0.10, mask4 ratio: 0.81
2026-01-22 18:53:48,325 - root - INFO - mask1 ratio: 0.01, mask2 ratio: 0.04, mask3 ratio: 0.11, mask4 ratio: 0.84
2026-01-22 18:53:48,588 - root - INFO - mask1 ratio: 0.01, mask2 ratio: 0.04, mask3 ratio: 0.10, mask4 ratio: 0.85
2026-01-22 18:53:48,849 - root - INFO - mask1 ratio: 0.01, mask2 ratio: 0.04, mask3 ratio: 0.10, mask4 ratio: 0.85
2026-01-22 18:53:49,136 - root - INFO - mask1 ratio: 0.01, mask2 ratio: 0.06, mask3 ratio: 0.10, mask4 ratio: 0.83
2026-01-22 18:53:49,399 - root - INFO - mask1 ratio: 0.01, mask2 ratio: 0.07, mask3 ratio: 0.10, mask4 ratio: 0.81
2026-01-22 18:53:49,663 - root - INFO - mask1 ratio: 0.01, mask2 ratio: 0.08, mask3 ratio: 0.10, mask4 ratio: 0.81
2026-01-22 18:53:49,924 - root - INFO - mask1 ratio: 0.01, mask2 ratio: 0.06, mask3 ratio: 0.10, mask4 ratio: 0.83
2026-01-22 18:53:50,185 - root - INFO - mask1 ratio: 0.01, mask2 ratio: 0.05, mask3 ratio: 0.10, mask4 ratio: 0.84
2026-01-22 18:53:50,489 - root - INFO - mask1 ratio: 0.01, mask2 ratio: 0.04, mask3 ratio: 0.11, mask4 ratio: 0.84
2026-01-22 18:53:50,751 - root - INFO - mask1 ratio: 0.01, mask2 ratio: 0.04, mask3 ratio: 0.10, mask4 ratio: 0.85
2026-01-22 18:53:51,012 - root - INFO - mask1 ratio: 0.01, mask2 ratio: 0.04, mask3 ratio: 0.10, mask4 ratio: 0.85
2026-01-22 18:53:51,283 - root - INFO - mask1 ratio: 0.01, mask2 ratio: 0.06, mask3 ratio: 0.10, mask4 ratio: 0.82
2026-01-22 18:53:51,554 - root - INFO - mask1 ratio: 0.01, mask2 ratio: 0.04, mask3 ratio: 0.10, mask4 ratio: 0.85
2026-01-22 18:53:51,845 - root - INFO - mask1 ratio: 0.01, mask2 ratio: 0.05, mask3 ratio: 0.10, mask4 ratio: 0.85
2026-01-22 18:53:52,124 - root - INFO - mask1 ratio: 0.01, mask2 ratio: 0.03, mask3 ratio: 0.11, mask4 ratio: 0.85
2026-01-22 18:53:52,392 - root - INFO - mask1 ratio: 0.01, mask2 ratio: 0.07, mask3 ratio: 0.10, mask4 ratio: 0.81
2026-01-22 18:53:52,670 - root - INFO - mask1 ratio: 0.02, mask2 ratio: 0.08, mask3 ratio: 0.10, mask4 ratio: 0.81
2026-01-22 18:53:52,952 - root - INFO - mask1 ratio: 0.01, mask2 ratio: 0.04, mask3 ratio: 0.10, mask4 ratio: 0.85
2026-01-22 18:53:53,268 - root - INFO - mask1 ratio: 0.00, mask2 ratio: 0.03, mask3 ratio: 0.10, mask4 ratio: 0.86
2026-01-22 18:53:53,300 - root - INFO - time 6.57
2026-01-22 18:53:53,309 - root - INFO - 17 mlp.down_proj
2026-01-22 18:53:53,309 - root - INFO - Quantizing ...
2026-01-22 18:53:53,575 - root - INFO - mask1 ratio: 0.01, mask2 ratio: 0.02, mask3 ratio: 0.10, mask4 ratio: 0.87
2026-01-22 18:53:53,808 - root - INFO - mask1 ratio: 0.01, mask2 ratio: 0.04, mask3 ratio: 0.10, mask4 ratio: 0.85
2026-01-22 18:53:54,038 - root - INFO - mask1 ratio: 0.01, mask2 ratio: 0.02, mask3 ratio: 0.10, mask4 ratio: 0.87
2026-01-22 18:53:54,254 - root - INFO - mask1 ratio: 0.01, mask2 ratio: 0.03, mask3 ratio: 0.10, mask4 ratio: 0.86
2026-01-22 18:53:54,477 - root - INFO - mask1 ratio: 0.00, mask2 ratio: 0.02, mask3 ratio: 0.10, mask4 ratio: 0.88
2026-01-22 18:53:54,722 - root - INFO - mask1 ratio: 0.02, mask2 ratio: 0.07, mask3 ratio: 0.10, mask4 ratio: 0.81
2026-01-22 18:53:54,959 - root - INFO - mask1 ratio: 0.01, mask2 ratio: 0.04, mask3 ratio: 0.10, mask4 ratio: 0.85
2026-01-22 18:53:55,183 - root - INFO - mask1 ratio: 0.01, mask2 ratio: 0.04, mask3 ratio: 0.10, mask4 ratio: 0.85
2026-01-22 18:53:55,412 - root - INFO - mask1 ratio: 0.00, mask2 ratio: 0.02, mask3 ratio: 0.10, mask4 ratio: 0.88
2026-01-22 18:53:55,633 - root - INFO - mask1 ratio: 0.01, mask2 ratio: 0.03, mask3 ratio: 0.10, mask4 ratio: 0.87
2026-01-22 18:53:55,855 - root - INFO - mask1 ratio: 0.01, mask2 ratio: 0.02, mask3 ratio: 0.10, mask4 ratio: 0.87
2026-01-22 18:53:56,133 - root - INFO - mask1 ratio: 0.01, mask2 ratio: 0.04, mask3 ratio: 0.10, mask4 ratio: 0.85
2026-01-22 18:53:56,352 - root - INFO - mask1 ratio: 0.02, mask2 ratio: 0.08, mask3 ratio: 0.10, mask4 ratio: 0.81
2026-01-22 18:53:56,589 - root - INFO - mask1 ratio: 0.01, mask2 ratio: 0.03, mask3 ratio: 0.10, mask4 ratio: 0.86
2026-01-22 18:53:56,821 - root - INFO - mask1 ratio: 0.01, mask2 ratio: 0.02, mask3 ratio: 0.10, mask4 ratio: 0.88
2026-01-22 18:53:57,059 - root - INFO - mask1 ratio: 0.01, mask2 ratio: 0.04, mask3 ratio: 0.10, mask4 ratio: 0.85
2026-01-22 18:53:57,281 - root - INFO - mask1 ratio: 0.01, mask2 ratio: 0.04, mask3 ratio: 0.10, mask4 ratio: 0.85
2026-01-22 18:53:57,515 - root - INFO - mask1 ratio: 0.01, mask2 ratio: 0.02, mask3 ratio: 0.10, mask4 ratio: 0.87
2026-01-22 18:53:57,762 - root - INFO - mask1 ratio: 0.01, mask2 ratio: 0.03, mask3 ratio: 0.10, mask4 ratio: 0.86
2026-01-22 18:53:57,989 - root - INFO - mask1 ratio: 0.02, mask2 ratio: 0.06, mask3 ratio: 0.10, mask4 ratio: 0.82
2026-01-22 18:53:58,225 - root - INFO - mask1 ratio: 0.01, mask2 ratio: 0.02, mask3 ratio: 0.10, mask4 ratio: 0.87
2026-01-22 18:53:58,456 - root - INFO - mask1 ratio: 0.01, mask2 ratio: 0.04, mask3 ratio: 0.10, mask4 ratio: 0.85
2026-01-22 18:53:58,675 - root - INFO - mask1 ratio: 0.02, mask2 ratio: 0.06, mask3 ratio: 0.10, mask4 ratio: 0.82
2026-01-22 18:53:58,889 - root - INFO - mask1 ratio: 0.01, mask2 ratio: 0.03, mask3 ratio: 0.10, mask4 ratio: 0.86
2026-01-22 18:53:59,114 - root - INFO - mask1 ratio: 0.01, mask2 ratio: 0.02, mask3 ratio: 0.10, mask4 ratio: 0.87
2026-01-22 18:53:59,347 - root - INFO - mask1 ratio: 0.01, mask2 ratio: 0.02, mask3 ratio: 0.10, mask4 ratio: 0.87
2026-01-22 18:53:59,561 - root - INFO - mask1 ratio: 0.01, mask2 ratio: 0.02, mask3 ratio: 0.10, mask4 ratio: 0.88
2026-01-22 18:53:59,776 - root - INFO - mask1 ratio: 0.01, mask2 ratio: 0.02, mask3 ratio: 0.10, mask4 ratio: 0.87
2026-01-22 18:53:59,994 - root - INFO - mask1 ratio: 0.02, mask2 ratio: 0.07, mask3 ratio: 0.10, mask4 ratio: 0.81
2026-01-22 18:54:00,209 - root - INFO - mask1 ratio: 0.00, mask2 ratio: 0.02, mask3 ratio: 0.10, mask4 ratio: 0.88
2026-01-22 18:54:00,426 - root - INFO - mask1 ratio: 0.01, mask2 ratio: 0.03, mask3 ratio: 0.10, mask4 ratio: 0.86
2026-01-22 18:54:00,677 - root - INFO - mask1 ratio: 0.01, mask2 ratio: 0.02, mask3 ratio: 0.10, mask4 ratio: 0.87
2026-01-22 18:54:00,895 - root - INFO - mask1 ratio: 0.01, mask2 ratio: 0.02, mask3 ratio: 0.10, mask4 ratio: 0.87
2026-01-22 18:54:01,111 - root - INFO - mask1 ratio: 0.01, mask2 ratio: 0.04, mask3 ratio: 0.10, mask4 ratio: 0.85
2026-01-22 18:54:01,350 - root - INFO - mask1 ratio: 0.01, mask2 ratio: 0.03, mask3 ratio: 0.10, mask4 ratio: 0.86
2026-01-22 18:54:01,564 - root - INFO - mask1 ratio: 0.00, mask2 ratio: 0.02, mask3 ratio: 0.10, mask4 ratio: 0.88
2026-01-22 18:54:01,779 - root - INFO - mask1 ratio: 0.01, mask2 ratio: 0.02, mask3 ratio: 0.10, mask4 ratio: 0.87
2026-01-22 18:54:01,993 - root - INFO - mask1 ratio: 0.01, mask2 ratio: 0.04, mask3 ratio: 0.10, mask4 ratio: 0.85
2026-01-22 18:54:02,237 - root - INFO - mask1 ratio: 0.01, mask2 ratio: 0.04, mask3 ratio: 0.10, mask4 ratio: 0.85
2026-01-22 18:54:02,452 - root - INFO - mask1 ratio: 0.01, mask2 ratio: 0.03, mask3 ratio: 0.10, mask4 ratio: 0.86
2026-01-22 18:54:02,667 - root - INFO - mask1 ratio: 0.01, mask2 ratio: 0.02, mask3 ratio: 0.10, mask4 ratio: 0.88
2026-01-22 18:54:02,886 - root - INFO - mask1 ratio: 0.01, mask2 ratio: 0.04, mask3 ratio: 0.10, mask4 ratio: 0.85
2026-01-22 18:54:03,100 - root - INFO - mask1 ratio: 0.01, mask2 ratio: 0.03, mask3 ratio: 0.10, mask4 ratio: 0.86
2026-01-22 18:54:03,314 - root - INFO - mask1 ratio: 0.01, mask2 ratio: 0.03, mask3 ratio: 0.10, mask4 ratio: 0.86
2026-01-22 18:54:03,529 - root - INFO - mask1 ratio: 0.01, mask2 ratio: 0.02, mask3 ratio: 0.10, mask4 ratio: 0.87
2026-01-22 18:54:03,766 - root - INFO - mask1 ratio: 0.01, mask2 ratio: 0.04, mask3 ratio: 0.10, mask4 ratio: 0.85
2026-01-22 18:54:03,987 - root - INFO - mask1 ratio: 0.01, mask2 ratio: 0.02, mask3 ratio: 0.10, mask4 ratio: 0.87
2026-01-22 18:54:04,202 - root - INFO - mask1 ratio: 0.01, mask2 ratio: 0.03, mask3 ratio: 0.10, mask4 ratio: 0.86
2026-01-22 18:54:04,416 - root - INFO - mask1 ratio: 0.01, mask2 ratio: 0.05, mask3 ratio: 0.10, mask4 ratio: 0.84
2026-01-22 18:54:04,631 - root - INFO - mask1 ratio: 0.02, mask2 ratio: 0.10, mask3 ratio: 0.10, mask4 ratio: 0.77
2026-01-22 18:54:04,855 - root - INFO - mask1 ratio: 0.01, mask2 ratio: 0.05, mask3 ratio: 0.10, mask4 ratio: 0.84
2026-01-22 18:54:05,068 - root - INFO - mask1 ratio: 0.01, mask2 ratio: 0.03, mask3 ratio: 0.10, mask4 ratio: 0.86
2026-01-22 18:54:05,324 - root - INFO - mask1 ratio: 0.01, mask2 ratio: 0.04, mask3 ratio: 0.10, mask4 ratio: 0.85
2026-01-22 18:54:05,539 - root - INFO - mask1 ratio: 0.01, mask2 ratio: 0.06, mask3 ratio: 0.10, mask4 ratio: 0.83
2026-01-22 18:54:05,754 - root - INFO - mask1 ratio: 0.01, mask2 ratio: 0.00, mask3 ratio: 0.10, mask4 ratio: 0.88
2026-01-22 18:54:05,970 - root - INFO - mask1 ratio: 0.01, mask2 ratio: 0.03, mask3 ratio: 0.10, mask4 ratio: 0.85
2026-01-22 18:54:06,187 - root - INFO - mask1 ratio: 0.01, mask2 ratio: 0.05, mask3 ratio: 0.10, mask4 ratio: 0.84
2026-01-22 18:54:06,404 - root - INFO - mask1 ratio: 0.01, mask2 ratio: 0.03, mask3 ratio: 0.10, mask4 ratio: 0.86
2026-01-22 18:54:06,619 - root - INFO - mask1 ratio: 0.01, mask2 ratio: 0.06, mask3 ratio: 0.10, mask4 ratio: 0.83
2026-01-22 18:54:06,863 - root - INFO - mask1 ratio: 0.01, mask2 ratio: 0.05, mask3 ratio: 0.10, mask4 ratio: 0.84
2026-01-22 18:54:07,079 - root - INFO - mask1 ratio: 0.01, mask2 ratio: 0.06, mask3 ratio: 0.10, mask4 ratio: 0.83
2026-01-22 18:54:07,293 - root - INFO - mask1 ratio: 0.01, mask2 ratio: 0.03, mask3 ratio: 0.10, mask4 ratio: 0.86
2026-01-22 18:54:07,508 - root - INFO - mask1 ratio: 0.01, mask2 ratio: 0.00, mask3 ratio: 0.10, mask4 ratio: 0.88
2026-01-22 18:54:07,723 - root - INFO - mask1 ratio: 0.01, mask2 ratio: 0.04, mask3 ratio: 0.10, mask4 ratio: 0.85
2026-01-22 18:54:07,749 - root - INFO - time 14.44
2026-01-22 18:54:10,329 - root - INFO - 18 self_attn.q_proj
2026-01-22 18:54:10,329 - root - INFO - Quantizing ...
2026-01-22 18:54:10,725 - root - INFO - mask1 ratio: 0.00, mask2 ratio: 0.02, mask3 ratio: 0.10, mask4 ratio: 0.88
2026-01-22 18:54:10,941 - root - INFO - mask1 ratio: 0.00, mask2 ratio: 0.02, mask3 ratio: 0.10, mask4 ratio: 0.88
2026-01-22 18:54:11,157 - root - INFO - mask1 ratio: 0.00, mask2 ratio: 0.02, mask3 ratio: 0.10, mask4 ratio: 0.88
2026-01-22 18:54:11,375 - root - INFO - mask1 ratio: 0.01, mask2 ratio: 0.05, mask3 ratio: 0.10, mask4 ratio: 0.84
2026-01-22 18:54:11,590 - root - INFO - mask1 ratio: 0.00, mask2 ratio: 0.03, mask3 ratio: 0.10, mask4 ratio: 0.87
2026-01-22 18:54:11,804 - root - INFO - mask1 ratio: 0.00, mask2 ratio: 0.03, mask3 ratio: 0.10, mask4 ratio: 0.86
2026-01-22 18:54:12,047 - root - INFO - mask1 ratio: 0.00, mask2 ratio: 0.03, mask3 ratio: 0.10, mask4 ratio: 0.87
2026-01-22 18:54:12,265 - root - INFO - mask1 ratio: 0.00, mask2 ratio: 0.02, mask3 ratio: 0.10, mask4 ratio: 0.88
2026-01-22 18:54:12,479 - root - INFO - mask1 ratio: 0.01, mask2 ratio: 0.05, mask3 ratio: 0.10, mask4 ratio: 0.85
2026-01-22 18:54:12,692 - root - INFO - mask1 ratio: 0.00, mask2 ratio: 0.03, mask3 ratio: 0.10, mask4 ratio: 0.87
2026-01-22 18:54:12,906 - root - INFO - mask1 ratio: 0.00, mask2 ratio: 0.02, mask3 ratio: 0.10, mask4 ratio: 0.88
2026-01-22 18:54:13,135 - root - INFO - mask1 ratio: 0.01, mask2 ratio: 0.04, mask3 ratio: 0.10, mask4 ratio: 0.85
2026-01-22 18:54:13,371 - root - INFO - mask1 ratio: 0.00, mask2 ratio: 0.03, mask3 ratio: 0.10, mask4 ratio: 0.87
2026-01-22 18:54:13,593 - root - INFO - mask1 ratio: 0.00, mask2 ratio: 0.03, mask3 ratio: 0.10, mask4 ratio: 0.87
2026-01-22 18:54:13,806 - root - INFO - mask1 ratio: 0.00, mask2 ratio: 0.03, mask3 ratio: 0.10, mask4 ratio: 0.87
2026-01-22 18:54:14,022 - root - INFO - mask1 ratio: 0.00, mask2 ratio: 0.02, mask3 ratio: 0.10, mask4 ratio: 0.88
2026-01-22 18:54:14,236 - root - INFO - mask1 ratio: 0.00, mask2 ratio: 0.02, mask3 ratio: 0.10, mask4 ratio: 0.88
2026-01-22 18:54:14,451 - root - INFO - mask1 ratio: 0.00, mask2 ratio: 0.02, mask3 ratio: 0.10, mask4 ratio: 0.88
2026-01-22 18:54:14,665 - root - INFO - mask1 ratio: 0.00, mask2 ratio: 0.02, mask3 ratio: 0.10, mask4 ratio: 0.88
2026-01-22 18:54:14,911 - root - INFO - mask1 ratio: 0.01, mask2 ratio: 0.04, mask3 ratio: 0.10, mask4 ratio: 0.85
2026-01-22 18:54:15,127 - root - INFO - mask1 ratio: 0.00, mask2 ratio: 0.02, mask3 ratio: 0.10, mask4 ratio: 0.88
2026-01-22 18:54:15,346 - root - INFO - mask1 ratio: 0.00, mask2 ratio: 0.03, mask3 ratio: 0.10, mask4 ratio: 0.87
2026-01-22 18:54:15,559 - root - INFO - mask1 ratio: 0.00, mask2 ratio: 0.03, mask3 ratio: 0.10, mask4 ratio: 0.87
2026-01-22 18:54:15,775 - root - INFO - mask1 ratio: 0.01, mask2 ratio: 0.04, mask3 ratio: 0.10, mask4 ratio: 0.85
2026-01-22 18:54:15,801 - root - INFO - time 5.47
2026-01-22 18:54:15,810 - root - INFO - 18 self_attn.k_proj
2026-01-22 18:54:15,811 - root - INFO - Quantizing ...
2026-01-22 18:54:15,991 - root - INFO - mask1 ratio: 0.00, mask2 ratio: 0.02, mask3 ratio: 0.10, mask4 ratio: 0.88
2026-01-22 18:54:16,192 - root - INFO - mask1 ratio: 0.00, mask2 ratio: 0.03, mask3 ratio: 0.10, mask4 ratio: 0.87
2026-01-22 18:54:16,465 - root - INFO - mask1 ratio: 0.00, mask2 ratio: 0.02, mask3 ratio: 0.10, mask4 ratio: 0.88
2026-01-22 18:54:16,663 - root - INFO - mask1 ratio: 0.01, mask2 ratio: 0.04, mask3 ratio: 0.10, mask4 ratio: 0.85
2026-01-22 18:54:16,864 - root - INFO - mask1 ratio: 0.01, mask2 ratio: 0.03, mask3 ratio: 0.10, mask4 ratio: 0.87
2026-01-22 18:54:17,062 - root - INFO - mask1 ratio: 0.00, mask2 ratio: 0.03, mask3 ratio: 0.10, mask4 ratio: 0.87
2026-01-22 18:54:17,262 - root - INFO - mask1 ratio: 0.00, mask2 ratio: 0.04, mask3 ratio: 0.10, mask4 ratio: 0.86
2026-01-22 18:54:17,461 - root - INFO - mask1 ratio: 0.00, mask2 ratio: 0.02, mask3 ratio: 0.10, mask4 ratio: 0.88
2026-01-22 18:54:17,660 - root - INFO - mask1 ratio: 0.01, mask2 ratio: 0.03, mask3 ratio: 0.10, mask4 ratio: 0.86
2026-01-22 18:54:17,858 - root - INFO - mask1 ratio: 0.00, mask2 ratio: 0.02, mask3 ratio: 0.10, mask4 ratio: 0.88
2026-01-22 18:54:18,056 - root - INFO - mask1 ratio: 0.00, mask2 ratio: 0.03, mask3 ratio: 0.10, mask4 ratio: 0.87
2026-01-22 18:54:18,255 - root - INFO - mask1 ratio: 0.00, mask2 ratio: 0.03, mask3 ratio: 0.10, mask4 ratio: 0.87
2026-01-22 18:54:18,453 - root - INFO - mask1 ratio: 0.01, mask2 ratio: 0.03, mask3 ratio: 0.10, mask4 ratio: 0.87
2026-01-22 18:54:18,652 - root - INFO - mask1 ratio: 0.01, mask2 ratio: 0.03, mask3 ratio: 0.10, mask4 ratio: 0.87
2026-01-22 18:54:18,849 - root - INFO - mask1 ratio: 0.00, mask2 ratio: 0.03, mask3 ratio: 0.10, mask4 ratio: 0.87
2026-01-22 18:54:19,049 - root - INFO - mask1 ratio: 0.00, mask2 ratio: 0.03, mask3 ratio: 0.10, mask4 ratio: 0.87
2026-01-22 18:54:19,248 - root - INFO - mask1 ratio: 0.00, mask2 ratio: 0.02, mask3 ratio: 0.10, mask4 ratio: 0.88
2026-01-22 18:54:19,446 - root - INFO - mask1 ratio: 0.01, mask2 ratio: 0.03, mask3 ratio: 0.10, mask4 ratio: 0.87
2026-01-22 18:54:19,644 - root - INFO - mask1 ratio: 0.00, mask2 ratio: 0.02, mask3 ratio: 0.10, mask4 ratio: 0.88
2026-01-22 18:54:19,844 - root - INFO - mask1 ratio: 0.01, mask2 ratio: 0.03, mask3 ratio: 0.10, mask4 ratio: 0.86
2026-01-22 18:54:20,041 - root - INFO - mask1 ratio: 0.00, mask2 ratio: 0.02, mask3 ratio: 0.10, mask4 ratio: 0.88
2026-01-22 18:54:20,239 - root - INFO - mask1 ratio: 0.00, mask2 ratio: 0.03, mask3 ratio: 0.10, mask4 ratio: 0.87
2026-01-22 18:54:20,438 - root - INFO - mask1 ratio: 0.00, mask2 ratio: 0.03, mask3 ratio: 0.10, mask4 ratio: 0.87
2026-01-22 18:54:20,692 - root - INFO - mask1 ratio: 0.01, mask2 ratio: 0.04, mask3 ratio: 0.10, mask4 ratio: 0.85
2026-01-22 18:54:20,719 - root - INFO - time 4.91
2026-01-22 18:54:20,722 - root - INFO - 18 self_attn.v_proj
2026-01-22 18:54:20,722 - root - INFO - Quantizing ...
2026-01-22 18:54:20,908 - root - INFO - mask1 ratio: 0.01, mask2 ratio: 0.06, mask3 ratio: 0.10, mask4 ratio: 0.83
2026-01-22 18:54:21,105 - root - INFO - mask1 ratio: 0.00, mask2 ratio: 0.03, mask3 ratio: 0.10, mask4 ratio: 0.86
2026-01-22 18:54:21,305 - root - INFO - mask1 ratio: 0.01, mask2 ratio: 0.03, mask3 ratio: 0.10, mask4 ratio: 0.86
2026-01-22 18:54:21,504 - root - INFO - mask1 ratio: 0.01, mask2 ratio: 0.05, mask3 ratio: 0.10, mask4 ratio: 0.85
2026-01-22 18:54:21,708 - root - INFO - mask1 ratio: 0.01, mask2 ratio: 0.05, mask3 ratio: 0.10, mask4 ratio: 0.85
2026-01-22 18:54:21,904 - root - INFO - mask1 ratio: 0.01, mask2 ratio: 0.07, mask3 ratio: 0.10, mask4 ratio: 0.82
2026-01-22 18:54:22,101 - root - INFO - mask1 ratio: 0.01, mask2 ratio: 0.06, mask3 ratio: 0.10, mask4 ratio: 0.84
2026-01-22 18:54:22,298 - root - INFO - mask1 ratio: 0.01, mask2 ratio: 0.04, mask3 ratio: 0.10, mask4 ratio: 0.85
2026-01-22 18:54:22,497 - root - INFO - mask1 ratio: 0.01, mask2 ratio: 0.03, mask3 ratio: 0.10, mask4 ratio: 0.86
2026-01-22 18:54:22,697 - root - INFO - mask1 ratio: 0.01, mask2 ratio: 0.08, mask3 ratio: 0.10, mask4 ratio: 0.81
2026-01-22 18:54:22,895 - root - INFO - mask1 ratio: 0.01, mask2 ratio: 0.06, mask3 ratio: 0.10, mask4 ratio: 0.84
2026-01-22 18:54:23,107 - root - INFO - mask1 ratio: 0.01, mask2 ratio: 0.07, mask3 ratio: 0.10, mask4 ratio: 0.82
2026-01-22 18:54:23,324 - root - INFO - mask1 ratio: 0.01, mask2 ratio: 0.06, mask3 ratio: 0.10, mask4 ratio: 0.84
2026-01-22 18:54:23,542 - root - INFO - mask1 ratio: 0.01, mask2 ratio: 0.05, mask3 ratio: 0.10, mask4 ratio: 0.85
2026-01-22 18:54:23,740 - root - INFO - mask1 ratio: 0.01, mask2 ratio: 0.07, mask3 ratio: 0.10, mask4 ratio: 0.82
2026-01-22 18:54:23,937 - root - INFO - mask1 ratio: 0.01, mask2 ratio: 0.06, mask3 ratio: 0.10, mask4 ratio: 0.84
2026-01-22 18:54:24,134 - root - INFO - mask1 ratio: 0.01, mask2 ratio: 0.06, mask3 ratio: 0.10, mask4 ratio: 0.84
2026-01-22 18:54:24,330 - root - INFO - mask1 ratio: 0.01, mask2 ratio: 0.05, mask3 ratio: 0.10, mask4 ratio: 0.85
2026-01-22 18:54:24,531 - root - INFO - mask1 ratio: 0.01, mask2 ratio: 0.06, mask3 ratio: 0.10, mask4 ratio: 0.84
2026-01-22 18:54:24,732 - root - INFO - mask1 ratio: 0.00, mask2 ratio: 0.03, mask3 ratio: 0.10, mask4 ratio: 0.87
2026-01-22 18:54:25,022 - root - INFO - mask1 ratio: 0.01, mask2 ratio: 0.08, mask3 ratio: 0.10, mask4 ratio: 0.81
2026-01-22 18:54:25,220 - root - INFO - mask1 ratio: 0.01, mask2 ratio: 0.06, mask3 ratio: 0.10, mask4 ratio: 0.83
2026-01-22 18:54:25,418 - root - INFO - mask1 ratio: 0.01, mask2 ratio: 0.03, mask3 ratio: 0.10, mask4 ratio: 0.86
2026-01-22 18:54:25,617 - root - INFO - mask1 ratio: 0.01, mask2 ratio: 0.04, mask3 ratio: 0.10, mask4 ratio: 0.85
2026-01-22 18:54:25,643 - root - INFO - time 4.92
2026-01-22 18:54:25,648 - root - INFO - 18 self_attn.o_proj
2026-01-22 18:54:25,648 - root - INFO - Quantizing ...
2026-01-22 18:54:25,845 - root - INFO - mask1 ratio: 0.01, mask2 ratio: 0.05, mask3 ratio: 0.10, mask4 ratio: 0.85
2026-01-22 18:54:26,059 - root - INFO - mask1 ratio: 0.02, mask2 ratio: 0.06, mask3 ratio: 0.10, mask4 ratio: 0.82
2026-01-22 18:54:26,273 - root - INFO - mask1 ratio: 0.01, mask2 ratio: 0.04, mask3 ratio: 0.11, mask4 ratio: 0.84
2026-01-22 18:54:26,489 - root - INFO - mask1 ratio: 0.02, mask2 ratio: 0.08, mask3 ratio: 0.10, mask4 ratio: 0.80
2026-01-22 18:54:26,704 - root - INFO - mask1 ratio: 0.01, mask2 ratio: 0.06, mask3 ratio: 0.10, mask4 ratio: 0.83
2026-01-22 18:54:26,918 - root - INFO - mask1 ratio: 0.01, mask2 ratio: 0.04, mask3 ratio: 0.10, mask4 ratio: 0.85
2026-01-22 18:54:27,132 - root - INFO - mask1 ratio: 0.01, mask2 ratio: 0.02, mask3 ratio: 0.10, mask4 ratio: 0.87
2026-01-22 18:54:27,346 - root - INFO - mask1 ratio: 0.02, mask2 ratio: 0.08, mask3 ratio: 0.10, mask4 ratio: 0.81
2026-01-22 18:54:27,562 - root - INFO - mask1 ratio: 0.01, mask2 ratio: 0.04, mask3 ratio: 0.11, mask4 ratio: 0.84
2026-01-22 18:54:27,777 - root - INFO - mask1 ratio: 0.01, mask2 ratio: 0.06, mask3 ratio: 0.10, mask4 ratio: 0.83
2026-01-22 18:54:27,992 - root - INFO - mask1 ratio: 0.01, mask2 ratio: 0.03, mask3 ratio: 0.10, mask4 ratio: 0.86
2026-01-22 18:54:28,206 - root - INFO - mask1 ratio: 0.01, mask2 ratio: 0.05, mask3 ratio: 0.10, mask4 ratio: 0.85
2026-01-22 18:54:28,422 - root - INFO - mask1 ratio: 0.01, mask2 ratio: 0.05, mask3 ratio: 0.10, mask4 ratio: 0.84
2026-01-22 18:54:28,638 - root - INFO - mask1 ratio: 0.01, mask2 ratio: 0.02, mask3 ratio: 0.10, mask4 ratio: 0.87
2026-01-22 18:54:28,852 - root - INFO - mask1 ratio: 0.01, mask2 ratio: 0.00, mask3 ratio: 0.10, mask4 ratio: 0.88
2026-01-22 18:54:29,133 - root - INFO - mask1 ratio: 0.03, mask2 ratio: 0.25, mask3 ratio: 0.10, mask4 ratio: 0.62
2026-01-22 18:54:29,348 - root - INFO - mask1 ratio: 0.01, mask2 ratio: 0.02, mask3 ratio: 0.10, mask4 ratio: 0.87
2026-01-22 18:54:29,562 - root - INFO - mask1 ratio: 0.02, mask2 ratio: 0.13, mask3 ratio: 0.10, mask4 ratio: 0.75
2026-01-22 18:54:29,776 - root - INFO - mask1 ratio: 0.01, mask2 ratio: 0.02, mask3 ratio: 0.10, mask4 ratio: 0.88
2026-01-22 18:54:29,989 - root - INFO - mask1 ratio: 0.01, mask2 ratio: 0.04, mask3 ratio: 0.10, mask4 ratio: 0.85
2026-01-22 18:54:30,202 - root - INFO - mask1 ratio: 0.01, mask2 ratio: 0.03, mask3 ratio: 0.10, mask4 ratio: 0.86
2026-01-22 18:54:30,416 - root - INFO - mask1 ratio: 0.02, mask2 ratio: 0.06, mask3 ratio: 0.10, mask4 ratio: 0.82
2026-01-22 18:54:30,632 - root - INFO - mask1 ratio: 0.02, mask2 ratio: 0.07, mask3 ratio: 0.10, mask4 ratio: 0.81
2026-01-22 18:54:30,848 - root - INFO - mask1 ratio: 0.01, mask2 ratio: 0.02, mask3 ratio: 0.10, mask4 ratio: 0.87
2026-01-22 18:54:30,874 - root - INFO - time 5.23
2026-01-22 18:54:30,879 - root - INFO - 18 mlp.gate_proj
2026-01-22 18:54:30,879 - root - INFO - Quantizing ...
2026-01-22 18:54:31,122 - root - INFO - mask1 ratio: 0.01, mask2 ratio: 0.06, mask3 ratio: 0.10, mask4 ratio: 0.83
2026-01-22 18:54:31,384 - root - INFO - mask1 ratio: 0.00, mask2 ratio: 0.03, mask3 ratio: 0.10, mask4 ratio: 0.87
2026-01-22 18:54:31,647 - root - INFO - mask1 ratio: 0.01, mask2 ratio: 0.03, mask3 ratio: 0.10, mask4 ratio: 0.86
2026-01-22 18:54:31,913 - root - INFO - mask1 ratio: 0.01, mask2 ratio: 0.06, mask3 ratio: 0.10, mask4 ratio: 0.84
2026-01-22 18:54:32,174 - root - INFO - mask1 ratio: 0.01, mask2 ratio: 0.03, mask3 ratio: 0.10, mask4 ratio: 0.86
2026-01-22 18:54:32,437 - root - INFO - mask1 ratio: 0.00, mask2 ratio: 0.03, mask3 ratio: 0.10, mask4 ratio: 0.86
2026-01-22 18:54:32,734 - root - INFO - mask1 ratio: 0.00, mask2 ratio: 0.04, mask3 ratio: 0.10, mask4 ratio: 0.85
2026-01-22 18:54:33,062 - root - INFO - mask1 ratio: 0.01, mask2 ratio: 0.04, mask3 ratio: 0.10, mask4 ratio: 0.85
2026-01-22 18:54:33,324 - root - INFO - mask1 ratio: 0.01, mask2 ratio: 0.05, mask3 ratio: 0.10, mask4 ratio: 0.85
2026-01-22 18:54:33,588 - root - INFO - mask1 ratio: 0.01, mask2 ratio: 0.06, mask3 ratio: 0.10, mask4 ratio: 0.84
2026-01-22 18:54:33,853 - root - INFO - mask1 ratio: 0.01, mask2 ratio: 0.06, mask3 ratio: 0.10, mask4 ratio: 0.84
2026-01-22 18:54:34,121 - root - INFO - mask1 ratio: 0.01, mask2 ratio: 0.06, mask3 ratio: 0.10, mask4 ratio: 0.83
2026-01-22 18:54:34,385 - root - INFO - mask1 ratio: 0.01, mask2 ratio: 0.04, mask3 ratio: 0.10, mask4 ratio: 0.85
2026-01-22 18:54:34,648 - root - INFO - mask1 ratio: 0.01, mask2 ratio: 0.06, mask3 ratio: 0.10, mask4 ratio: 0.84
2026-01-22 18:54:34,916 - root - INFO - mask1 ratio: 0.01, mask2 ratio: 0.07, mask3 ratio: 0.10, mask4 ratio: 0.82
2026-01-22 18:54:35,177 - root - INFO - mask1 ratio: 0.00, mask2 ratio: 0.03, mask3 ratio: 0.10, mask4 ratio: 0.86
2026-01-22 18:54:35,440 - root - INFO - mask1 ratio: 0.00, mask2 ratio: 0.03, mask3 ratio: 0.10, mask4 ratio: 0.87
2026-01-22 18:54:35,700 - root - INFO - mask1 ratio: 0.00, mask2 ratio: 0.03, mask3 ratio: 0.10, mask4 ratio: 0.86
2026-01-22 18:54:35,967 - root - INFO - mask1 ratio: 0.01, mask2 ratio: 0.06, mask3 ratio: 0.10, mask4 ratio: 0.83
2026-01-22 18:54:36,228 - root - INFO - mask1 ratio: 0.01, mask2 ratio: 0.04, mask3 ratio: 0.10, mask4 ratio: 0.85
2026-01-22 18:54:36,527 - root - INFO - mask1 ratio: 0.01, mask2 ratio: 0.08, mask3 ratio: 0.10, mask4 ratio: 0.81
2026-01-22 18:54:36,816 - root - INFO - mask1 ratio: 0.01, mask2 ratio: 0.06, mask3 ratio: 0.10, mask4 ratio: 0.83
2026-01-22 18:54:37,087 - root - INFO - mask1 ratio: 0.00, mask2 ratio: 0.03, mask3 ratio: 0.10, mask4 ratio: 0.87
2026-01-22 18:54:37,350 - root - INFO - mask1 ratio: 0.01, mask2 ratio: 0.04, mask3 ratio: 0.10, mask4 ratio: 0.85
2026-01-22 18:54:37,380 - root - INFO - time 6.50
2026-01-22 18:54:37,387 - root - INFO - 18 mlp.up_proj
2026-01-22 18:54:37,387 - root - INFO - Quantizing ...
2026-01-22 18:54:37,631 - root - INFO - mask1 ratio: 0.01, mask2 ratio: 0.07, mask3 ratio: 0.10, mask4 ratio: 0.81
2026-01-22 18:54:37,896 - root - INFO - mask1 ratio: 0.01, mask2 ratio: 0.05, mask3 ratio: 0.11, mask4 ratio: 0.84
2026-01-22 18:54:38,157 - root - INFO - mask1 ratio: 0.01, mask2 ratio: 0.04, mask3 ratio: 0.11, mask4 ratio: 0.84
2026-01-22 18:54:38,420 - root - INFO - mask1 ratio: 0.01, mask2 ratio: 0.05, mask3 ratio: 0.10, mask4 ratio: 0.84
2026-01-22 18:54:38,686 - root - INFO - mask1 ratio: 0.01, mask2 ratio: 0.05, mask3 ratio: 0.11, mask4 ratio: 0.83
2026-01-22 18:54:38,949 - root - INFO - mask1 ratio: 0.01, mask2 ratio: 0.04, mask3 ratio: 0.11, mask4 ratio: 0.84
2026-01-22 18:54:39,210 - root - INFO - mask1 ratio: 0.01, mask2 ratio: 0.04, mask3 ratio: 0.10, mask4 ratio: 0.85
2026-01-22 18:54:39,473 - root - INFO - mask1 ratio: 0.01, mask2 ratio: 0.04, mask3 ratio: 0.11, mask4 ratio: 0.84
2026-01-22 18:54:39,737 - root - INFO - mask1 ratio: 0.01, mask2 ratio: 0.05, mask3 ratio: 0.10, mask4 ratio: 0.84
2026-01-22 18:54:39,998 - root - INFO - mask1 ratio: 0.01, mask2 ratio: 0.06, mask3 ratio: 0.10, mask4 ratio: 0.83
2026-01-22 18:54:40,369 - root - INFO - mask1 ratio: 0.01, mask2 ratio: 0.06, mask3 ratio: 0.10, mask4 ratio: 0.83
2026-01-22 18:54:40,632 - root - INFO - mask1 ratio: 0.01, mask2 ratio: 0.05, mask3 ratio: 0.10, mask4 ratio: 0.84
2026-01-22 18:54:40,894 - root - INFO - mask1 ratio: 0.01, mask2 ratio: 0.05, mask3 ratio: 0.10, mask4 ratio: 0.85
2026-01-22 18:54:41,156 - root - INFO - mask1 ratio: 0.01, mask2 ratio: 0.04, mask3 ratio: 0.11, mask4 ratio: 0.84
2026-01-22 18:54:41,419 - root - INFO - mask1 ratio: 0.01, mask2 ratio: 0.04, mask3 ratio: 0.10, mask4 ratio: 0.85
2026-01-22 18:54:41,681 - root - INFO - mask1 ratio: 0.01, mask2 ratio: 0.04, mask3 ratio: 0.10, mask4 ratio: 0.85
2026-01-22 18:54:41,943 - root - INFO - mask1 ratio: 0.01, mask2 ratio: 0.03, mask3 ratio: 0.11, mask4 ratio: 0.85
2026-01-22 18:54:42,206 - root - INFO - mask1 ratio: 0.01, mask2 ratio: 0.04, mask3 ratio: 0.10, mask4 ratio: 0.85
2026-01-22 18:54:42,471 - root - INFO - mask1 ratio: 0.01, mask2 ratio: 0.05, mask3 ratio: 0.10, mask4 ratio: 0.85
2026-01-22 18:54:42,735 - root - INFO - mask1 ratio: 0.01, mask2 ratio: 0.04, mask3 ratio: 0.11, mask4 ratio: 0.84
2026-01-22 18:54:42,998 - root - INFO - mask1 ratio: 0.01, mask2 ratio: 0.05, mask3 ratio: 0.10, mask4 ratio: 0.85
2026-01-22 18:54:43,262 - root - INFO - mask1 ratio: 0.01, mask2 ratio: 0.07, mask3 ratio: 0.10, mask4 ratio: 0.81
2026-01-22 18:54:43,525 - root - INFO - mask1 ratio: 0.01, mask2 ratio: 0.03, mask3 ratio: 0.10, mask4 ratio: 0.86
2026-01-22 18:54:43,822 - root - INFO - mask1 ratio: 0.01, mask2 ratio: 0.02, mask3 ratio: 0.10, mask4 ratio: 0.87
2026-01-22 18:54:43,863 - root - INFO - time 6.48
2026-01-22 18:54:43,873 - root - INFO - 18 mlp.down_proj
2026-01-22 18:54:43,873 - root - INFO - Quantizing ...
2026-01-22 18:54:44,151 - root - INFO - mask1 ratio: 0.01, mask2 ratio: 0.03, mask3 ratio: 0.10, mask4 ratio: 0.86
2026-01-22 18:54:44,365 - root - INFO - mask1 ratio: 0.01, mask2 ratio: 0.02, mask3 ratio: 0.10, mask4 ratio: 0.87
2026-01-22 18:54:44,581 - root - INFO - mask1 ratio: 0.02, mask2 ratio: 0.09, mask3 ratio: 0.10, mask4 ratio: 0.79
2026-01-22 18:54:44,797 - root - INFO - mask1 ratio: 0.01, mask2 ratio: 0.02, mask3 ratio: 0.10, mask4 ratio: 0.87
2026-01-22 18:54:45,012 - root - INFO - mask1 ratio: 0.02, mask2 ratio: 0.05, mask3 ratio: 0.10, mask4 ratio: 0.84
2026-01-22 18:54:45,228 - root - INFO - mask1 ratio: 0.01, mask2 ratio: 0.03, mask3 ratio: 0.10, mask4 ratio: 0.86
2026-01-22 18:54:45,441 - root - INFO - mask1 ratio: 0.02, mask2 ratio: 0.09, mask3 ratio: 0.10, mask4 ratio: 0.79
2026-01-22 18:54:45,670 - root - INFO - mask1 ratio: 0.01, mask2 ratio: 0.05, mask3 ratio: 0.10, mask4 ratio: 0.84
2026-01-22 18:54:45,885 - root - INFO - mask1 ratio: 0.01, mask2 ratio: 0.04, mask3 ratio: 0.10, mask4 ratio: 0.85
2026-01-22 18:54:46,108 - root - INFO - mask1 ratio: 0.01, mask2 ratio: 0.04, mask3 ratio: 0.10, mask4 ratio: 0.85
2026-01-22 18:54:46,325 - root - INFO - mask1 ratio: 0.01, mask2 ratio: 0.03, mask3 ratio: 0.10, mask4 ratio: 0.86
2026-01-22 18:54:46,538 - root - INFO - mask1 ratio: 0.01, mask2 ratio: 0.04, mask3 ratio: 0.10, mask4 ratio: 0.85
2026-01-22 18:54:46,753 - root - INFO - mask1 ratio: 0.01, mask2 ratio: 0.02, mask3 ratio: 0.10, mask4 ratio: 0.87
2026-01-22 18:54:46,966 - root - INFO - mask1 ratio: 0.01, mask2 ratio: 0.05, mask3 ratio: 0.10, mask4 ratio: 0.84
2026-01-22 18:54:47,180 - root - INFO - mask1 ratio: 0.01, mask2 ratio: 0.04, mask3 ratio: 0.10, mask4 ratio: 0.85
2026-01-22 18:54:47,395 - root - INFO - mask1 ratio: 0.01, mask2 ratio: 0.04, mask3 ratio: 0.10, mask4 ratio: 0.85
2026-01-22 18:54:47,608 - root - INFO - mask1 ratio: 0.01, mask2 ratio: 0.03, mask3 ratio: 0.10, mask4 ratio: 0.86
2026-01-22 18:54:47,853 - root - INFO - mask1 ratio: 0.00, mask2 ratio: 0.02, mask3 ratio: 0.10, mask4 ratio: 0.88
2026-01-22 18:54:48,138 - root - INFO - mask1 ratio: 0.01, mask2 ratio: 0.04, mask3 ratio: 0.10, mask4 ratio: 0.85
2026-01-22 18:54:48,354 - root - INFO - mask1 ratio: 0.01, mask2 ratio: 0.04, mask3 ratio: 0.10, mask4 ratio: 0.85
2026-01-22 18:54:48,570 - root - INFO - mask1 ratio: 0.01, mask2 ratio: 0.03, mask3 ratio: 0.10, mask4 ratio: 0.86
2026-01-22 18:54:48,794 - root - INFO - mask1 ratio: 0.01, mask2 ratio: 0.04, mask3 ratio: 0.10, mask4 ratio: 0.85
2026-01-22 18:54:49,008 - root - INFO - mask1 ratio: 0.01, mask2 ratio: 0.04, mask3 ratio: 0.10, mask4 ratio: 0.85
2026-01-22 18:54:49,223 - root - INFO - mask1 ratio: 0.00, mask2 ratio: 0.02, mask3 ratio: 0.10, mask4 ratio: 0.88
2026-01-22 18:54:49,439 - root - INFO - mask1 ratio: 0.01, mask2 ratio: 0.03, mask3 ratio: 0.10, mask4 ratio: 0.86
2026-01-22 18:54:49,654 - root - INFO - mask1 ratio: 0.02, mask2 ratio: 0.08, mask3 ratio: 0.10, mask4 ratio: 0.81
2026-01-22 18:54:49,870 - root - INFO - mask1 ratio: 0.01, mask2 ratio: 0.02, mask3 ratio: 0.10, mask4 ratio: 0.87
2026-01-22 18:54:50,084 - root - INFO - mask1 ratio: 0.01, mask2 ratio: 0.05, mask3 ratio: 0.10, mask4 ratio: 0.85
2026-01-22 18:54:50,300 - root - INFO - mask1 ratio: 0.01, mask2 ratio: 0.03, mask3 ratio: 0.10, mask4 ratio: 0.85
2026-01-22 18:54:50,514 - root - INFO - mask1 ratio: 0.00, mask2 ratio: 0.02, mask3 ratio: 0.10, mask4 ratio: 0.88
2026-01-22 18:54:50,729 - root - INFO - mask1 ratio: 0.02, mask2 ratio: 0.16, mask3 ratio: 0.10, mask4 ratio: 0.71
2026-01-22 18:54:50,943 - root - INFO - mask1 ratio: 0.01, mask2 ratio: 0.03, mask3 ratio: 0.10, mask4 ratio: 0.86
2026-01-22 18:54:51,157 - root - INFO - mask1 ratio: 0.02, mask2 ratio: 0.07, mask3 ratio: 0.10, mask4 ratio: 0.81
2026-01-22 18:54:51,372 - root - INFO - mask1 ratio: 0.01, mask2 ratio: 0.02, mask3 ratio: 0.10, mask4 ratio: 0.87
2026-01-22 18:54:51,586 - root - INFO - mask1 ratio: 0.01, mask2 ratio: 0.04, mask3 ratio: 0.10, mask4 ratio: 0.85
2026-01-22 18:54:51,800 - root - INFO - mask1 ratio: 0.01, mask2 ratio: 0.04, mask3 ratio: 0.10, mask4 ratio: 0.85
2026-01-22 18:54:52,075 - root - INFO - mask1 ratio: 0.01, mask2 ratio: 0.03, mask3 ratio: 0.10, mask4 ratio: 0.86
2026-01-22 18:54:52,293 - root - INFO - mask1 ratio: 0.01, mask2 ratio: 0.02, mask3 ratio: 0.10, mask4 ratio: 0.87
2026-01-22 18:54:52,508 - root - INFO - mask1 ratio: 0.01, mask2 ratio: 0.06, mask3 ratio: 0.10, mask4 ratio: 0.82
2026-01-22 18:54:52,722 - root - INFO - mask1 ratio: 0.01, mask2 ratio: 0.04, mask3 ratio: 0.10, mask4 ratio: 0.85
2026-01-22 18:54:52,943 - root - INFO - mask1 ratio: 0.01, mask2 ratio: 0.02, mask3 ratio: 0.10, mask4 ratio: 0.87
2026-01-22 18:54:53,168 - root - INFO - mask1 ratio: 0.01, mask2 ratio: 0.03, mask3 ratio: 0.10, mask4 ratio: 0.86
2026-01-22 18:54:53,392 - root - INFO - mask1 ratio: 0.01, mask2 ratio: 0.03, mask3 ratio: 0.10, mask4 ratio: 0.87
2026-01-22 18:54:53,608 - root - INFO - mask1 ratio: 0.01, mask2 ratio: 0.02, mask3 ratio: 0.10, mask4 ratio: 0.87
2026-01-22 18:54:53,821 - root - INFO - mask1 ratio: 0.01, mask2 ratio: 0.04, mask3 ratio: 0.10, mask4 ratio: 0.85
2026-01-22 18:54:54,035 - root - INFO - mask1 ratio: 0.01, mask2 ratio: 0.04, mask3 ratio: 0.10, mask4 ratio: 0.85
2026-01-22 18:54:54,248 - root - INFO - mask1 ratio: 0.01, mask2 ratio: 0.02, mask3 ratio: 0.10, mask4 ratio: 0.87
2026-01-22 18:54:54,463 - root - INFO - mask1 ratio: 0.01, mask2 ratio: 0.02, mask3 ratio: 0.10, mask4 ratio: 0.88
2026-01-22 18:54:54,678 - root - INFO - mask1 ratio: 0.01, mask2 ratio: 0.04, mask3 ratio: 0.10, mask4 ratio: 0.85
2026-01-22 18:54:54,892 - root - INFO - mask1 ratio: 0.01, mask2 ratio: 0.03, mask3 ratio: 0.10, mask4 ratio: 0.85
2026-01-22 18:54:55,106 - root - INFO - mask1 ratio: 0.01, mask2 ratio: 0.02, mask3 ratio: 0.10, mask4 ratio: 0.88
2026-01-22 18:54:55,320 - root - INFO - mask1 ratio: 0.01, mask2 ratio: 0.04, mask3 ratio: 0.10, mask4 ratio: 0.85
2026-01-22 18:54:55,536 - root - INFO - mask1 ratio: 0.00, mask2 ratio: 0.02, mask3 ratio: 0.10, mask4 ratio: 0.88
2026-01-22 18:54:55,749 - root - INFO - mask1 ratio: 0.01, mask2 ratio: 0.03, mask3 ratio: 0.10, mask4 ratio: 0.86
2026-01-22 18:54:55,996 - root - INFO - mask1 ratio: 0.01, mask2 ratio: 0.03, mask3 ratio: 0.10, mask4 ratio: 0.86
2026-01-22 18:54:56,280 - root - INFO - mask1 ratio: 0.01, mask2 ratio: 0.04, mask3 ratio: 0.10, mask4 ratio: 0.85
2026-01-22 18:54:56,495 - root - INFO - mask1 ratio: 0.01, mask2 ratio: 0.02, mask3 ratio: 0.10, mask4 ratio: 0.87
2026-01-22 18:54:56,709 - root - INFO - mask1 ratio: 0.01, mask2 ratio: 0.02, mask3 ratio: 0.10, mask4 ratio: 0.87
2026-01-22 18:54:56,924 - root - INFO - mask1 ratio: 0.01, mask2 ratio: 0.06, mask3 ratio: 0.10, mask4 ratio: 0.83
2026-01-22 18:54:57,138 - root - INFO - mask1 ratio: 0.01, mask2 ratio: 0.03, mask3 ratio: 0.10, mask4 ratio: 0.86
2026-01-22 18:54:57,353 - root - INFO - mask1 ratio: 0.01, mask2 ratio: 0.04, mask3 ratio: 0.10, mask4 ratio: 0.85
2026-01-22 18:54:57,571 - root - INFO - mask1 ratio: 0.02, mask2 ratio: 0.09, mask3 ratio: 0.10, mask4 ratio: 0.79
2026-01-22 18:54:57,787 - root - INFO - mask1 ratio: 0.01, mask2 ratio: 0.02, mask3 ratio: 0.10, mask4 ratio: 0.88
2026-01-22 18:54:58,001 - root - INFO - mask1 ratio: 0.01, mask2 ratio: 0.02, mask3 ratio: 0.10, mask4 ratio: 0.87
2026-01-22 18:54:58,027 - root - INFO - time 14.15
2026-01-22 18:55:00,564 - root - INFO - 19 self_attn.q_proj
2026-01-22 18:55:00,564 - root - INFO - Quantizing ...
2026-01-22 18:55:00,967 - root - INFO - mask1 ratio: 0.00, mask2 ratio: 0.02, mask3 ratio: 0.10, mask4 ratio: 0.88
2026-01-22 18:55:01,194 - root - INFO - mask1 ratio: 0.00, mask2 ratio: 0.02, mask3 ratio: 0.10, mask4 ratio: 0.88
2026-01-22 18:55:01,414 - root - INFO - mask1 ratio: 0.00, mask2 ratio: 0.02, mask3 ratio: 0.10, mask4 ratio: 0.88
2026-01-22 18:55:01,646 - root - INFO - mask1 ratio: 0.01, mask2 ratio: 0.04, mask3 ratio: 0.10, mask4 ratio: 0.85
2026-01-22 18:55:01,876 - root - INFO - mask1 ratio: 0.01, mask2 ratio: 0.03, mask3 ratio: 0.10, mask4 ratio: 0.87
2026-01-22 18:55:02,111 - root - INFO - mask1 ratio: 0.01, mask2 ratio: 0.05, mask3 ratio: 0.10, mask4 ratio: 0.85
2026-01-22 18:55:02,393 - root - INFO - mask1 ratio: 0.00, mask2 ratio: 0.04, mask3 ratio: 0.10, mask4 ratio: 0.86
2026-01-22 18:55:02,625 - root - INFO - mask1 ratio: 0.00, mask2 ratio: 0.02, mask3 ratio: 0.10, mask4 ratio: 0.88
2026-01-22 18:55:02,856 - root - INFO - mask1 ratio: 0.01, mask2 ratio: 0.06, mask3 ratio: 0.10, mask4 ratio: 0.84
2026-01-22 18:55:03,085 - root - INFO - mask1 ratio: 0.01, mask2 ratio: 0.03, mask3 ratio: 0.10, mask4 ratio: 0.86
2026-01-22 18:55:03,303 - root - INFO - mask1 ratio: 0.00, mask2 ratio: 0.03, mask3 ratio: 0.10, mask4 ratio: 0.87
2026-01-22 18:55:03,527 - root - INFO - mask1 ratio: 0.01, mask2 ratio: 0.06, mask3 ratio: 0.10, mask4 ratio: 0.83
2026-01-22 18:55:03,754 - root - INFO - mask1 ratio: 0.00, mask2 ratio: 0.03, mask3 ratio: 0.10, mask4 ratio: 0.87
2026-01-22 18:55:03,981 - root - INFO - mask1 ratio: 0.00, mask2 ratio: 0.03, mask3 ratio: 0.10, mask4 ratio: 0.87
2026-01-22 18:55:04,203 - root - INFO - mask1 ratio: 0.00, mask2 ratio: 0.03, mask3 ratio: 0.10, mask4 ratio: 0.87
2026-01-22 18:55:04,422 - root - INFO - mask1 ratio: 0.00, mask2 ratio: 0.02, mask3 ratio: 0.10, mask4 ratio: 0.88
2026-01-22 18:55:04,649 - root - INFO - mask1 ratio: 0.00, mask2 ratio: 0.02, mask3 ratio: 0.10, mask4 ratio: 0.88
2026-01-22 18:55:04,868 - root - INFO - mask1 ratio: 0.00, mask2 ratio: 0.02, mask3 ratio: 0.10, mask4 ratio: 0.88
2026-01-22 18:55:05,091 - root - INFO - mask1 ratio: 0.00, mask2 ratio: 0.02, mask3 ratio: 0.10, mask4 ratio: 0.88
2026-01-22 18:55:05,323 - root - INFO - mask1 ratio: 0.00, mask2 ratio: 0.03, mask3 ratio: 0.10, mask4 ratio: 0.87
2026-01-22 18:55:05,543 - root - INFO - mask1 ratio: 0.00, mask2 ratio: 0.02, mask3 ratio: 0.10, mask4 ratio: 0.88
2026-01-22 18:55:05,763 - root - INFO - mask1 ratio: 0.00, mask2 ratio: 0.03, mask3 ratio: 0.10, mask4 ratio: 0.87
2026-01-22 18:55:05,985 - root - INFO - mask1 ratio: 0.00, mask2 ratio: 0.03, mask3 ratio: 0.10, mask4 ratio: 0.87
2026-01-22 18:55:06,232 - root - INFO - mask1 ratio: 0.00, mask2 ratio: 0.04, mask3 ratio: 0.10, mask4 ratio: 0.86
2026-01-22 18:55:06,263 - root - INFO - time 5.70
2026-01-22 18:55:06,274 - root - INFO - 19 self_attn.k_proj
2026-01-22 18:55:06,274 - root - INFO - Quantizing ...
2026-01-22 18:55:06,561 - root - INFO - mask1 ratio: 0.00, mask2 ratio: 0.02, mask3 ratio: 0.10, mask4 ratio: 0.88
2026-01-22 18:55:06,773 - root - INFO - mask1 ratio: 0.00, mask2 ratio: 0.02, mask3 ratio: 0.10, mask4 ratio: 0.88
2026-01-22 18:55:06,977 - root - INFO - mask1 ratio: 0.00, mask2 ratio: 0.02, mask3 ratio: 0.10, mask4 ratio: 0.88
2026-01-22 18:55:07,202 - root - INFO - mask1 ratio: 0.00, mask2 ratio: 0.03, mask3 ratio: 0.10, mask4 ratio: 0.87
2026-01-22 18:55:07,404 - root - INFO - mask1 ratio: 0.00, mask2 ratio: 0.03, mask3 ratio: 0.10, mask4 ratio: 0.87
2026-01-22 18:55:07,614 - root - INFO - mask1 ratio: 0.00, mask2 ratio: 0.03, mask3 ratio: 0.10, mask4 ratio: 0.87
2026-01-22 18:55:07,819 - root - INFO - mask1 ratio: 0.00, mask2 ratio: 0.04, mask3 ratio: 0.10, mask4 ratio: 0.86
2026-01-22 18:55:08,024 - root - INFO - mask1 ratio: 0.00, mask2 ratio: 0.02, mask3 ratio: 0.10, mask4 ratio: 0.88
2026-01-22 18:55:08,230 - root - INFO - mask1 ratio: 0.01, mask2 ratio: 0.04, mask3 ratio: 0.10, mask4 ratio: 0.85
2026-01-22 18:55:08,428 - root - INFO - mask1 ratio: 0.00, mask2 ratio: 0.02, mask3 ratio: 0.10, mask4 ratio: 0.88
2026-01-22 18:55:08,627 - root - INFO - mask1 ratio: 0.00, mask2 ratio: 0.03, mask3 ratio: 0.10, mask4 ratio: 0.87
2026-01-22 18:55:08,826 - root - INFO - mask1 ratio: 0.01, mask2 ratio: 0.03, mask3 ratio: 0.10, mask4 ratio: 0.86
2026-01-22 18:55:09,025 - root - INFO - mask1 ratio: 0.00, mask2 ratio: 0.03, mask3 ratio: 0.10, mask4 ratio: 0.87
2026-01-22 18:55:09,223 - root - INFO - mask1 ratio: 0.00, mask2 ratio: 0.03, mask3 ratio: 0.10, mask4 ratio: 0.87
2026-01-22 18:55:09,420 - root - INFO - mask1 ratio: 0.00, mask2 ratio: 0.03, mask3 ratio: 0.10, mask4 ratio: 0.87
2026-01-22 18:55:09,619 - root - INFO - mask1 ratio: 0.00, mask2 ratio: 0.03, mask3 ratio: 0.10, mask4 ratio: 0.87
2026-01-22 18:55:09,816 - root - INFO - mask1 ratio: 0.00, mask2 ratio: 0.02, mask3 ratio: 0.10, mask4 ratio: 0.88
2026-01-22 18:55:10,015 - root - INFO - mask1 ratio: 0.01, mask2 ratio: 0.03, mask3 ratio: 0.10, mask4 ratio: 0.86
2026-01-22 18:55:10,213 - root - INFO - mask1 ratio: 0.00, mask2 ratio: 0.02, mask3 ratio: 0.10, mask4 ratio: 0.88
2026-01-22 18:55:10,419 - root - INFO - mask1 ratio: 0.01, mask2 ratio: 0.02, mask3 ratio: 0.10, mask4 ratio: 0.87
2026-01-22 18:55:10,660 - root - INFO - mask1 ratio: 0.00, mask2 ratio: 0.02, mask3 ratio: 0.10, mask4 ratio: 0.88
2026-01-22 18:55:10,887 - root - INFO - mask1 ratio: 0.00, mask2 ratio: 0.02, mask3 ratio: 0.10, mask4 ratio: 0.88
2026-01-22 18:55:11,085 - root - INFO - mask1 ratio: 0.00, mask2 ratio: 0.02, mask3 ratio: 0.10, mask4 ratio: 0.88
2026-01-22 18:55:11,284 - root - INFO - mask1 ratio: 0.01, mask2 ratio: 0.04, mask3 ratio: 0.10, mask4 ratio: 0.85
2026-01-22 18:55:11,310 - root - INFO - time 5.04
2026-01-22 18:55:11,313 - root - INFO - 19 self_attn.v_proj
2026-01-22 18:55:11,313 - root - INFO - Quantizing ...
2026-01-22 18:55:11,494 - root - INFO - mask1 ratio: 0.01, mask2 ratio: 0.06, mask3 ratio: 0.10, mask4 ratio: 0.84
2026-01-22 18:55:11,691 - root - INFO - mask1 ratio: 0.01, mask2 ratio: 0.05, mask3 ratio: 0.10, mask4 ratio: 0.85
2026-01-22 18:55:11,888 - root - INFO - mask1 ratio: 0.01, mask2 ratio: 0.04, mask3 ratio: 0.10, mask4 ratio: 0.85
2026-01-22 18:55:12,086 - root - INFO - mask1 ratio: 0.00, mask2 ratio: 0.04, mask3 ratio: 0.10, mask4 ratio: 0.85
2026-01-22 18:55:12,282 - root - INFO - mask1 ratio: 0.01, mask2 ratio: 0.04, mask3 ratio: 0.10, mask4 ratio: 0.85
2026-01-22 18:55:12,480 - root - INFO - mask1 ratio: 0.01, mask2 ratio: 0.04, mask3 ratio: 0.10, mask4 ratio: 0.85
2026-01-22 18:55:12,678 - root - INFO - mask1 ratio: 0.01, mask2 ratio: 0.04, mask3 ratio: 0.10, mask4 ratio: 0.85
2026-01-22 18:55:12,875 - root - INFO - mask1 ratio: 0.00, mask2 ratio: 0.03, mask3 ratio: 0.10, mask4 ratio: 0.86
2026-01-22 18:55:13,075 - root - INFO - mask1 ratio: 0.00, mask2 ratio: 0.03, mask3 ratio: 0.10, mask4 ratio: 0.87
2026-01-22 18:55:13,272 - root - INFO - mask1 ratio: 0.01, mask2 ratio: 0.04, mask3 ratio: 0.10, mask4 ratio: 0.85
2026-01-22 18:55:13,472 - root - INFO - mask1 ratio: 0.01, mask2 ratio: 0.05, mask3 ratio: 0.10, mask4 ratio: 0.85
2026-01-22 18:55:13,670 - root - INFO - mask1 ratio: 0.00, mask2 ratio: 0.04, mask3 ratio: 0.10, mask4 ratio: 0.85
2026-01-22 18:55:13,866 - root - INFO - mask1 ratio: 0.01, mask2 ratio: 0.05, mask3 ratio: 0.10, mask4 ratio: 0.85
2026-01-22 18:55:14,065 - root - INFO - mask1 ratio: 0.01, mask2 ratio: 0.05, mask3 ratio: 0.10, mask4 ratio: 0.85
2026-01-22 18:55:14,262 - root - INFO - mask1 ratio: 0.01, mask2 ratio: 0.06, mask3 ratio: 0.10, mask4 ratio: 0.84
2026-01-22 18:55:14,458 - root - INFO - mask1 ratio: 0.01, mask2 ratio: 0.04, mask3 ratio: 0.10, mask4 ratio: 0.85
2026-01-22 18:55:14,656 - root - INFO - mask1 ratio: 0.01, mask2 ratio: 0.06, mask3 ratio: 0.10, mask4 ratio: 0.84
2026-01-22 18:55:14,899 - root - INFO - mask1 ratio: 0.01, mask2 ratio: 0.04, mask3 ratio: 0.10, mask4 ratio: 0.85
2026-01-22 18:55:15,155 - root - INFO - mask1 ratio: 0.00, mask2 ratio: 0.04, mask3 ratio: 0.10, mask4 ratio: 0.85
2026-01-22 18:55:15,354 - root - INFO - mask1 ratio: 0.00, mask2 ratio: 0.03, mask3 ratio: 0.10, mask4 ratio: 0.87
2026-01-22 18:55:15,558 - root - INFO - mask1 ratio: 0.01, mask2 ratio: 0.06, mask3 ratio: 0.10, mask4 ratio: 0.83
2026-01-22 18:55:15,759 - root - INFO - mask1 ratio: 0.00, mask2 ratio: 0.04, mask3 ratio: 0.10, mask4 ratio: 0.85
2026-01-22 18:55:15,961 - root - INFO - mask1 ratio: 0.00, mask2 ratio: 0.04, mask3 ratio: 0.10, mask4 ratio: 0.86
2026-01-22 18:55:16,162 - root - INFO - mask1 ratio: 0.00, mask2 ratio: 0.03, mask3 ratio: 0.10, mask4 ratio: 0.87
2026-01-22 18:55:16,188 - root - INFO - time 4.87
2026-01-22 18:55:16,191 - root - INFO - 19 self_attn.o_proj
2026-01-22 18:55:16,191 - root - INFO - Quantizing ...
2026-01-22 18:55:16,390 - root - INFO - mask1 ratio: 0.01, mask2 ratio: 0.03, mask3 ratio: 0.11, mask4 ratio: 0.85
2026-01-22 18:55:16,604 - root - INFO - mask1 ratio: 0.01, mask2 ratio: 0.03, mask3 ratio: 0.10, mask4 ratio: 0.86
2026-01-22 18:55:16,820 - root - INFO - mask1 ratio: 0.03, mask2 ratio: 0.17, mask3 ratio: 0.10, mask4 ratio: 0.70
2026-01-22 18:55:17,037 - root - INFO - mask1 ratio: 0.01, mask2 ratio: 0.06, mask3 ratio: 0.10, mask4 ratio: 0.83
2026-01-22 18:55:17,251 - root - INFO - mask1 ratio: 0.01, mask2 ratio: 0.02, mask3 ratio: 0.10, mask4 ratio: 0.88
2026-01-22 18:55:17,465 - root - INFO - mask1 ratio: 0.00, mask2 ratio: 0.02, mask3 ratio: 0.10, mask4 ratio: 0.88
2026-01-22 18:55:17,678 - root - INFO - mask1 ratio: 0.01, mask2 ratio: 0.02, mask3 ratio: 0.10, mask4 ratio: 0.87
2026-01-22 18:55:17,894 - root - INFO - mask1 ratio: 0.01, mask2 ratio: 0.08, mask3 ratio: 0.10, mask4 ratio: 0.81
2026-01-22 18:55:18,108 - root - INFO - mask1 ratio: 0.01, mask2 ratio: 0.03, mask3 ratio: 0.10, mask4 ratio: 0.87
2026-01-22 18:55:18,327 - root - INFO - mask1 ratio: 0.01, mask2 ratio: 0.06, mask3 ratio: 0.10, mask4 ratio: 0.82
2026-01-22 18:55:18,541 - root - INFO - mask1 ratio: 0.01, mask2 ratio: 0.03, mask3 ratio: 0.10, mask4 ratio: 0.86
2026-01-22 18:55:18,755 - root - INFO - mask1 ratio: 0.02, mask2 ratio: 0.07, mask3 ratio: 0.10, mask4 ratio: 0.81
2026-01-22 18:55:18,998 - root - INFO - mask1 ratio: 0.01, mask2 ratio: 0.02, mask3 ratio: 0.10, mask4 ratio: 0.88
2026-01-22 18:55:19,246 - root - INFO - mask1 ratio: 0.01, mask2 ratio: 0.03, mask3 ratio: 0.10, mask4 ratio: 0.87
2026-01-22 18:55:19,458 - root - INFO - mask1 ratio: 0.00, mask2 ratio: 0.02, mask3 ratio: 0.10, mask4 ratio: 0.88
2026-01-22 18:55:19,672 - root - INFO - mask1 ratio: 0.02, mask2 ratio: 0.08, mask3 ratio: 0.10, mask4 ratio: 0.81
2026-01-22 18:55:19,885 - root - INFO - mask1 ratio: 0.01, mask2 ratio: 0.04, mask3 ratio: 0.10, mask4 ratio: 0.85
2026-01-22 18:55:20,099 - root - INFO - mask1 ratio: 0.02, mask2 ratio: 0.06, mask3 ratio: 0.10, mask4 ratio: 0.82
2026-01-22 18:55:20,316 - root - INFO - mask1 ratio: 0.03, mask2 ratio: 0.24, mask3 ratio: 0.10, mask4 ratio: 0.63
2026-01-22 18:55:20,529 - root - INFO - mask1 ratio: 0.02, mask2 ratio: 0.11, mask3 ratio: 0.10, mask4 ratio: 0.77
2026-01-22 18:55:20,748 - root - INFO - mask1 ratio: 0.01, mask2 ratio: 0.02, mask3 ratio: 0.11, mask4 ratio: 0.87
2026-01-22 18:55:20,965 - root - INFO - mask1 ratio: 0.02, mask2 ratio: 0.11, mask3 ratio: 0.10, mask4 ratio: 0.77
2026-01-22 18:55:21,180 - root - INFO - mask1 ratio: 0.01, mask2 ratio: 0.04, mask3 ratio: 0.10, mask4 ratio: 0.85
2026-01-22 18:55:21,394 - root - INFO - mask1 ratio: 0.01, mask2 ratio: 0.03, mask3 ratio: 0.10, mask4 ratio: 0.86
2026-01-22 18:55:21,420 - root - INFO - time 5.23
2026-01-22 18:55:21,424 - root - INFO - 19 mlp.gate_proj
2026-01-22 18:55:21,424 - root - INFO - Quantizing ...
2026-01-22 18:55:21,667 - root - INFO - mask1 ratio: 0.00, mask2 ratio: 0.03, mask3 ratio: 0.10, mask4 ratio: 0.86
2026-01-22 18:55:21,928 - root - INFO - mask1 ratio: 0.00, mask2 ratio: 0.04, mask3 ratio: 0.10, mask4 ratio: 0.86
2026-01-22 18:55:22,192 - root - INFO - mask1 ratio: 0.01, mask2 ratio: 0.05, mask3 ratio: 0.10, mask4 ratio: 0.85
2026-01-22 18:55:22,454 - root - INFO - mask1 ratio: 0.01, mask2 ratio: 0.06, mask3 ratio: 0.10, mask4 ratio: 0.84
2026-01-22 18:55:22,717 - root - INFO - mask1 ratio: 0.01, mask2 ratio: 0.06, mask3 ratio: 0.10, mask4 ratio: 0.84
2026-01-22 18:55:23,089 - root - INFO - mask1 ratio: 0.00, mask2 ratio: 0.04, mask3 ratio: 0.10, mask4 ratio: 0.85
2026-01-22 18:55:23,352 - root - INFO - mask1 ratio: 0.00, mask2 ratio: 0.03, mask3 ratio: 0.10, mask4 ratio: 0.86
2026-01-22 18:55:23,614 - root - INFO - mask1 ratio: 0.00, mask2 ratio: 0.03, mask3 ratio: 0.10, mask4 ratio: 0.87
2026-01-22 18:55:23,876 - root - INFO - mask1 ratio: 0.01, mask2 ratio: 0.06, mask3 ratio: 0.10, mask4 ratio: 0.84
2026-01-22 18:55:24,139 - root - INFO - mask1 ratio: 0.01, mask2 ratio: 0.06, mask3 ratio: 0.10, mask4 ratio: 0.83
2026-01-22 18:55:24,403 - root - INFO - mask1 ratio: 0.01, mask2 ratio: 0.05, mask3 ratio: 0.10, mask4 ratio: 0.85
2026-01-22 18:55:24,666 - root - INFO - mask1 ratio: 0.01, mask2 ratio: 0.06, mask3 ratio: 0.10, mask4 ratio: 0.83
2026-01-22 18:55:24,928 - root - INFO - mask1 ratio: 0.00, mask2 ratio: 0.03, mask3 ratio: 0.10, mask4 ratio: 0.87
2026-01-22 18:55:25,188 - root - INFO - mask1 ratio: 0.01, mask2 ratio: 0.03, mask3 ratio: 0.10, mask4 ratio: 0.86
2026-01-22 18:55:25,451 - root - INFO - mask1 ratio: 0.01, mask2 ratio: 0.06, mask3 ratio: 0.10, mask4 ratio: 0.84
2026-01-22 18:55:25,713 - root - INFO - mask1 ratio: 0.01, mask2 ratio: 0.03, mask3 ratio: 0.10, mask4 ratio: 0.86
2026-01-22 18:55:25,981 - root - INFO - mask1 ratio: 0.01, mask2 ratio: 0.06, mask3 ratio: 0.10, mask4 ratio: 0.83
2026-01-22 18:55:26,242 - root - INFO - mask1 ratio: 0.01, mask2 ratio: 0.03, mask3 ratio: 0.10, mask4 ratio: 0.86
2026-01-22 18:55:26,517 - root - INFO - mask1 ratio: 0.01, mask2 ratio: 0.05, mask3 ratio: 0.10, mask4 ratio: 0.85
2026-01-22 18:55:26,830 - root - INFO - mask1 ratio: 0.00, mask2 ratio: 0.03, mask3 ratio: 0.10, mask4 ratio: 0.87
2026-01-22 18:55:27,092 - root - INFO - mask1 ratio: 0.01, mask2 ratio: 0.06, mask3 ratio: 0.10, mask4 ratio: 0.83
2026-01-22 18:55:27,361 - root - INFO - mask1 ratio: 0.01, mask2 ratio: 0.07, mask3 ratio: 0.10, mask4 ratio: 0.82
2026-01-22 18:55:27,625 - root - INFO - mask1 ratio: 0.00, mask2 ratio: 0.03, mask3 ratio: 0.10, mask4 ratio: 0.87
2026-01-22 18:55:27,886 - root - INFO - mask1 ratio: 0.00, mask2 ratio: 0.04, mask3 ratio: 0.10, mask4 ratio: 0.85
2026-01-22 18:55:27,915 - root - INFO - time 6.49
2026-01-22 18:55:27,923 - root - INFO - 19 mlp.up_proj
2026-01-22 18:55:27,923 - root - INFO - Quantizing ...
2026-01-22 18:55:28,166 - root - INFO - mask1 ratio: 0.01, mask2 ratio: 0.04, mask3 ratio: 0.11, mask4 ratio: 0.84
2026-01-22 18:55:28,430 - root - INFO - mask1 ratio: 0.01, mask2 ratio: 0.04, mask3 ratio: 0.11, mask4 ratio: 0.84
2026-01-22 18:55:28,693 - root - INFO - mask1 ratio: 0.01, mask2 ratio: 0.04, mask3 ratio: 0.11, mask4 ratio: 0.84
2026-01-22 18:55:28,956 - root - INFO - mask1 ratio: 0.01, mask2 ratio: 0.05, mask3 ratio: 0.10, mask4 ratio: 0.84
2026-01-22 18:55:29,220 - root - INFO - mask1 ratio: 0.01, mask2 ratio: 0.04, mask3 ratio: 0.11, mask4 ratio: 0.84
2026-01-22 18:55:29,485 - root - INFO - mask1 ratio: 0.01, mask2 ratio: 0.03, mask3 ratio: 0.10, mask4 ratio: 0.86
2026-01-22 18:55:29,749 - root - INFO - mask1 ratio: 0.01, mask2 ratio: 0.03, mask3 ratio: 0.10, mask4 ratio: 0.86
2026-01-22 18:55:30,013 - root - INFO - mask1 ratio: 0.01, mask2 ratio: 0.05, mask3 ratio: 0.10, mask4 ratio: 0.84
2026-01-22 18:55:30,382 - root - INFO - mask1 ratio: 0.01, mask2 ratio: 0.04, mask3 ratio: 0.10, mask4 ratio: 0.85
2026-01-22 18:55:30,646 - root - INFO - mask1 ratio: 0.01, mask2 ratio: 0.05, mask3 ratio: 0.11, mask4 ratio: 0.83
2026-01-22 18:55:30,914 - root - INFO - mask1 ratio: 0.01, mask2 ratio: 0.07, mask3 ratio: 0.10, mask4 ratio: 0.81
2026-01-22 18:55:31,178 - root - INFO - mask1 ratio: 0.01, mask2 ratio: 0.06, mask3 ratio: 0.10, mask4 ratio: 0.83
2026-01-22 18:55:31,440 - root - INFO - mask1 ratio: 0.01, mask2 ratio: 0.05, mask3 ratio: 0.10, mask4 ratio: 0.85
2026-01-22 18:55:31,710 - root - INFO - mask1 ratio: 0.04, mask2 ratio: 0.34, mask3 ratio: 0.10, mask4 ratio: 0.52
2026-01-22 18:55:31,973 - root - INFO - mask1 ratio: 0.01, mask2 ratio: 0.05, mask3 ratio: 0.10, mask4 ratio: 0.85
2026-01-22 18:55:32,241 - root - INFO - mask1 ratio: 0.01, mask2 ratio: 0.04, mask3 ratio: 0.10, mask4 ratio: 0.85
2026-01-22 18:55:32,504 - root - INFO - mask1 ratio: 0.01, mask2 ratio: 0.05, mask3 ratio: 0.10, mask4 ratio: 0.84
2026-01-22 18:55:32,766 - root - INFO - mask1 ratio: 0.01, mask2 ratio: 0.04, mask3 ratio: 0.10, mask4 ratio: 0.85
2026-01-22 18:55:33,027 - root - INFO - mask1 ratio: 0.01, mask2 ratio: 0.04, mask3 ratio: 0.10, mask4 ratio: 0.85
2026-01-22 18:55:33,294 - root - INFO - mask1 ratio: 0.01, mask2 ratio: 0.04, mask3 ratio: 0.11, mask4 ratio: 0.84
2026-01-22 18:55:33,557 - root - INFO - mask1 ratio: 0.01, mask2 ratio: 0.05, mask3 ratio: 0.10, mask4 ratio: 0.84
2026-01-22 18:55:33,857 - root - INFO - mask1 ratio: 0.01, mask2 ratio: 0.07, mask3 ratio: 0.10, mask4 ratio: 0.82
2026-01-22 18:55:34,147 - root - INFO - mask1 ratio: 0.01, mask2 ratio: 0.03, mask3 ratio: 0.10, mask4 ratio: 0.86
2026-01-22 18:55:34,409 - root - INFO - mask1 ratio: 0.01, mask2 ratio: 0.02, mask3 ratio: 0.10, mask4 ratio: 0.88
2026-01-22 18:55:34,438 - root - INFO - time 6.51
2026-01-22 18:55:34,446 - root - INFO - 19 mlp.down_proj
2026-01-22 18:55:34,446 - root - INFO - Quantizing ...
2026-01-22 18:55:34,699 - root - INFO - mask1 ratio: 0.01, mask2 ratio: 0.02, mask3 ratio: 0.10, mask4 ratio: 0.87
2026-01-22 18:55:34,914 - root - INFO - mask1 ratio: 0.02, mask2 ratio: 0.12, mask3 ratio: 0.10, mask4 ratio: 0.76
2026-01-22 18:55:35,129 - root - INFO - mask1 ratio: 0.01, mask2 ratio: 0.05, mask3 ratio: 0.10, mask4 ratio: 0.84
2026-01-22 18:55:35,342 - root - INFO - mask1 ratio: 0.00, mask2 ratio: 0.03, mask3 ratio: 0.10, mask4 ratio: 0.87
2026-01-22 18:55:35,555 - root - INFO - mask1 ratio: 0.01, mask2 ratio: 0.04, mask3 ratio: 0.10, mask4 ratio: 0.85
2026-01-22 18:55:35,770 - root - INFO - mask1 ratio: 0.00, mask2 ratio: 0.02, mask3 ratio: 0.10, mask4 ratio: 0.88
2026-01-22 18:55:35,985 - root - INFO - mask1 ratio: 0.03, mask2 ratio: 0.25, mask3 ratio: 0.10, mask4 ratio: 0.62
2026-01-22 18:55:36,201 - root - INFO - mask1 ratio: 0.01, mask2 ratio: 0.03, mask3 ratio: 0.10, mask4 ratio: 0.86
2026-01-22 18:55:36,414 - root - INFO - mask1 ratio: 0.01, mask2 ratio: 0.03, mask3 ratio: 0.10, mask4 ratio: 0.86
2026-01-22 18:55:36,629 - root - INFO - mask1 ratio: 0.00, mask2 ratio: 0.02, mask3 ratio: 0.10, mask4 ratio: 0.88
2026-01-22 18:55:36,844 - root - INFO - mask1 ratio: 0.02, mask2 ratio: 0.11, mask3 ratio: 0.10, mask4 ratio: 0.77
2026-01-22 18:55:37,013 - root - INFO - mask1 ratio: 0.01, mask2 ratio: 0.03, mask3 ratio: 0.10, mask4 ratio: 0.86
2026-01-22 18:55:37,229 - root - INFO - mask1 ratio: 0.01, mask2 ratio: 0.03, mask3 ratio: 0.10, mask4 ratio: 0.86
2026-01-22 18:55:37,443 - root - INFO - mask1 ratio: 0.01, mask2 ratio: 0.03, mask3 ratio: 0.10, mask4 ratio: 0.86
2026-01-22 18:55:37,659 - root - INFO - mask1 ratio: 0.01, mask2 ratio: 0.02, mask3 ratio: 0.10, mask4 ratio: 0.87
2026-01-22 18:55:37,875 - root - INFO - mask1 ratio: 0.01, mask2 ratio: 0.00, mask3 ratio: 0.10, mask4 ratio: 0.88
2026-01-22 18:55:38,198 - root - INFO - mask1 ratio: 0.01, mask2 ratio: 0.03, mask3 ratio: 0.10, mask4 ratio: 0.86
2026-01-22 18:55:38,413 - root - INFO - mask1 ratio: 0.01, mask2 ratio: 0.02, mask3 ratio: 0.10, mask4 ratio: 0.87
2026-01-22 18:55:38,628 - root - INFO - mask1 ratio: 0.01, mask2 ratio: 0.04, mask3 ratio: 0.10, mask4 ratio: 0.85
2026-01-22 18:55:38,845 - root - INFO - mask1 ratio: 0.01, mask2 ratio: 0.02, mask3 ratio: 0.10, mask4 ratio: 0.88
2026-01-22 18:55:39,059 - root - INFO - mask1 ratio: 0.01, mask2 ratio: 0.05, mask3 ratio: 0.10, mask4 ratio: 0.84
2026-01-22 18:55:39,274 - root - INFO - mask1 ratio: 0.00, mask2 ratio: 0.03, mask3 ratio: 0.10, mask4 ratio: 0.87
2026-01-22 18:55:39,488 - root - INFO - mask1 ratio: 0.02, mask2 ratio: 0.07, mask3 ratio: 0.10, mask4 ratio: 0.81
2026-01-22 18:55:39,703 - root - INFO - mask1 ratio: 0.01, mask2 ratio: 0.02, mask3 ratio: 0.10, mask4 ratio: 0.87
2026-01-22 18:55:39,919 - root - INFO - mask1 ratio: 0.01, mask2 ratio: 0.02, mask3 ratio: 0.10, mask4 ratio: 0.88
2026-01-22 18:55:40,133 - root - INFO - mask1 ratio: 0.01, mask2 ratio: 0.03, mask3 ratio: 0.10, mask4 ratio: 0.86
2026-01-22 18:55:40,347 - root - INFO - mask1 ratio: 0.01, mask2 ratio: 0.03, mask3 ratio: 0.10, mask4 ratio: 0.86
2026-01-22 18:55:40,560 - root - INFO - mask1 ratio: 0.01, mask2 ratio: 0.02, mask3 ratio: 0.10, mask4 ratio: 0.87
2026-01-22 18:55:40,775 - root - INFO - mask1 ratio: 0.01, mask2 ratio: 0.02, mask3 ratio: 0.10, mask4 ratio: 0.87
2026-01-22 18:55:40,994 - root - INFO - mask1 ratio: 0.01, mask2 ratio: 0.02, mask3 ratio: 0.10, mask4 ratio: 0.87
2026-01-22 18:55:41,208 - root - INFO - mask1 ratio: 0.01, mask2 ratio: 0.03, mask3 ratio: 0.10, mask4 ratio: 0.86
2026-01-22 18:55:41,422 - root - INFO - mask1 ratio: 0.01, mask2 ratio: 0.04, mask3 ratio: 0.10, mask4 ratio: 0.85
2026-01-22 18:55:41,637 - root - INFO - mask1 ratio: 0.01, mask2 ratio: 0.03, mask3 ratio: 0.10, mask4 ratio: 0.86
2026-01-22 18:55:41,851 - root - INFO - mask1 ratio: 0.01, mask2 ratio: 0.02, mask3 ratio: 0.10, mask4 ratio: 0.87
2026-01-22 18:55:42,096 - root - INFO - mask1 ratio: 0.01, mask2 ratio: 0.00, mask3 ratio: 0.10, mask4 ratio: 0.88
2026-01-22 18:55:42,345 - root - INFO - mask1 ratio: 0.01, mask2 ratio: 0.04, mask3 ratio: 0.10, mask4 ratio: 0.85
2026-01-22 18:55:42,560 - root - INFO - mask1 ratio: 0.01, mask2 ratio: 0.04, mask3 ratio: 0.10, mask4 ratio: 0.85
2026-01-22 18:55:42,773 - root - INFO - mask1 ratio: 0.01, mask2 ratio: 0.00, mask3 ratio: 0.10, mask4 ratio: 0.88
2026-01-22 18:55:42,989 - root - INFO - mask1 ratio: 0.03, mask2 ratio: 0.14, mask3 ratio: 0.10, mask4 ratio: 0.73
2026-01-22 18:55:43,203 - root - INFO - mask1 ratio: 0.01, mask2 ratio: 0.03, mask3 ratio: 0.10, mask4 ratio: 0.86
2026-01-22 18:55:43,416 - root - INFO - mask1 ratio: 0.01, mask2 ratio: 0.02, mask3 ratio: 0.10, mask4 ratio: 0.87
2026-01-22 18:55:43,630 - root - INFO - mask1 ratio: 0.00, mask2 ratio: 0.02, mask3 ratio: 0.10, mask4 ratio: 0.88
2026-01-22 18:55:43,842 - root - INFO - mask1 ratio: 0.00, mask2 ratio: 0.02, mask3 ratio: 0.10, mask4 ratio: 0.88
2026-01-22 18:55:44,058 - root - INFO - mask1 ratio: 0.01, mask2 ratio: 0.04, mask3 ratio: 0.10, mask4 ratio: 0.85
2026-01-22 18:55:44,271 - root - INFO - mask1 ratio: 0.01, mask2 ratio: 0.03, mask3 ratio: 0.10, mask4 ratio: 0.86
2026-01-22 18:55:44,484 - root - INFO - mask1 ratio: 0.01, mask2 ratio: 0.04, mask3 ratio: 0.10, mask4 ratio: 0.85
2026-01-22 18:55:44,698 - root - INFO - mask1 ratio: 0.01, mask2 ratio: 0.02, mask3 ratio: 0.10, mask4 ratio: 0.88
2026-01-22 18:55:44,910 - root - INFO - mask1 ratio: 0.01, mask2 ratio: 0.00, mask3 ratio: 0.10, mask4 ratio: 0.88
2026-01-22 18:55:45,125 - root - INFO - mask1 ratio: 0.02, mask2 ratio: 0.10, mask3 ratio: 0.10, mask4 ratio: 0.78
2026-01-22 18:55:45,340 - root - INFO - mask1 ratio: 0.01, mask2 ratio: 0.04, mask3 ratio: 0.10, mask4 ratio: 0.85
2026-01-22 18:55:45,553 - root - INFO - mask1 ratio: 0.01, mask2 ratio: 0.03, mask3 ratio: 0.10, mask4 ratio: 0.87
2026-01-22 18:55:45,767 - root - INFO - mask1 ratio: 0.01, mask2 ratio: 0.00, mask3 ratio: 0.10, mask4 ratio: 0.88
2026-01-22 18:55:45,981 - root - INFO - mask1 ratio: 0.00, mask2 ratio: 0.03, mask3 ratio: 0.10, mask4 ratio: 0.87
2026-01-22 18:55:46,301 - root - INFO - mask1 ratio: 0.01, mask2 ratio: 0.02, mask3 ratio: 0.10, mask4 ratio: 0.87
2026-01-22 18:55:46,516 - root - INFO - mask1 ratio: 0.01, mask2 ratio: 0.02, mask3 ratio: 0.10, mask4 ratio: 0.87
2026-01-22 18:55:46,731 - root - INFO - mask1 ratio: 0.00, mask2 ratio: 0.02, mask3 ratio: 0.10, mask4 ratio: 0.88
2026-01-22 18:55:46,946 - root - INFO - mask1 ratio: 0.01, mask2 ratio: 0.04, mask3 ratio: 0.10, mask4 ratio: 0.85
2026-01-22 18:55:47,162 - root - INFO - mask1 ratio: 0.01, mask2 ratio: 0.03, mask3 ratio: 0.10, mask4 ratio: 0.85
2026-01-22 18:55:47,375 - root - INFO - mask1 ratio: 0.00, mask2 ratio: 0.02, mask3 ratio: 0.10, mask4 ratio: 0.88
2026-01-22 18:55:47,589 - root - INFO - mask1 ratio: 0.00, mask2 ratio: 0.02, mask3 ratio: 0.10, mask4 ratio: 0.88
2026-01-22 18:55:47,802 - root - INFO - mask1 ratio: 0.01, mask2 ratio: 0.02, mask3 ratio: 0.10, mask4 ratio: 0.88
2026-01-22 18:55:48,016 - root - INFO - mask1 ratio: 0.01, mask2 ratio: 0.05, mask3 ratio: 0.10, mask4 ratio: 0.84
2026-01-22 18:55:48,231 - root - INFO - mask1 ratio: 0.01, mask2 ratio: 0.03, mask3 ratio: 0.10, mask4 ratio: 0.87
2026-01-22 18:55:48,445 - root - INFO - mask1 ratio: 0.01, mask2 ratio: 0.03, mask3 ratio: 0.10, mask4 ratio: 0.87
2026-01-22 18:55:48,471 - root - INFO - time 14.02
2026-01-22 18:55:51,137 - root - INFO - 20 self_attn.q_proj
2026-01-22 18:55:51,137 - root - INFO - Quantizing ...
2026-01-22 18:55:51,533 - root - INFO - mask1 ratio: 0.00, mask2 ratio: 0.02, mask3 ratio: 0.10, mask4 ratio: 0.88
2026-01-22 18:55:51,748 - root - INFO - mask1 ratio: 0.00, mask2 ratio: 0.02, mask3 ratio: 0.10, mask4 ratio: 0.88
2026-01-22 18:55:51,962 - root - INFO - mask1 ratio: 0.00, mask2 ratio: 0.02, mask3 ratio: 0.10, mask4 ratio: 0.88
2026-01-22 18:55:52,246 - root - INFO - mask1 ratio: 0.01, mask2 ratio: 0.06, mask3 ratio: 0.10, mask4 ratio: 0.83
2026-01-22 18:55:52,460 - root - INFO - mask1 ratio: 0.00, mask2 ratio: 0.03, mask3 ratio: 0.10, mask4 ratio: 0.87
2026-01-22 18:55:52,672 - root - INFO - mask1 ratio: 0.01, mask2 ratio: 0.05, mask3 ratio: 0.10, mask4 ratio: 0.85
2026-01-22 18:55:52,885 - root - INFO - mask1 ratio: 0.00, mask2 ratio: 0.03, mask3 ratio: 0.10, mask4 ratio: 0.87
2026-01-22 18:55:53,098 - root - INFO - mask1 ratio: 0.00, mask2 ratio: 0.02, mask3 ratio: 0.10, mask4 ratio: 0.88
2026-01-22 18:55:53,317 - root - INFO - mask1 ratio: 0.01, mask2 ratio: 0.05, mask3 ratio: 0.10, mask4 ratio: 0.85
2026-01-22 18:55:53,531 - root - INFO - mask1 ratio: 0.00, mask2 ratio: 0.03, mask3 ratio: 0.10, mask4 ratio: 0.86
2026-01-22 18:55:53,744 - root - INFO - mask1 ratio: 0.00, mask2 ratio: 0.02, mask3 ratio: 0.10, mask4 ratio: 0.88
2026-01-22 18:55:53,958 - root - INFO - mask1 ratio: 0.01, mask2 ratio: 0.07, mask3 ratio: 0.10, mask4 ratio: 0.82
2026-01-22 18:55:54,171 - root - INFO - mask1 ratio: 0.00, mask2 ratio: 0.02, mask3 ratio: 0.10, mask4 ratio: 0.88
2026-01-22 18:55:54,385 - root - INFO - mask1 ratio: 0.00, mask2 ratio: 0.03, mask3 ratio: 0.10, mask4 ratio: 0.87
2026-01-22 18:55:54,598 - root - INFO - mask1 ratio: 0.00, mask2 ratio: 0.03, mask3 ratio: 0.10, mask4 ratio: 0.87
2026-01-22 18:55:54,812 - root - INFO - mask1 ratio: 0.00, mask2 ratio: 0.02, mask3 ratio: 0.10, mask4 ratio: 0.88
2026-01-22 18:55:55,025 - root - INFO - mask1 ratio: 0.00, mask2 ratio: 0.02, mask3 ratio: 0.10, mask4 ratio: 0.88
2026-01-22 18:55:55,244 - root - INFO - mask1 ratio: 0.00, mask2 ratio: 0.02, mask3 ratio: 0.10, mask4 ratio: 0.88
2026-01-22 18:55:55,458 - root - INFO - mask1 ratio: 0.00, mask2 ratio: 0.02, mask3 ratio: 0.10, mask4 ratio: 0.88
2026-01-22 18:55:55,672 - root - INFO - mask1 ratio: 0.00, mask2 ratio: 0.03, mask3 ratio: 0.10, mask4 ratio: 0.87
2026-01-22 18:55:55,885 - root - INFO - mask1 ratio: 0.00, mask2 ratio: 0.02, mask3 ratio: 0.10, mask4 ratio: 0.88
2026-01-22 18:55:56,131 - root - INFO - mask1 ratio: 0.01, mask2 ratio: 0.03, mask3 ratio: 0.10, mask4 ratio: 0.87
2026-01-22 18:55:56,415 - root - INFO - mask1 ratio: 0.00, mask2 ratio: 0.02, mask3 ratio: 0.10, mask4 ratio: 0.88
2026-01-22 18:55:56,629 - root - INFO - mask1 ratio: 0.01, mask2 ratio: 0.05, mask3 ratio: 0.10, mask4 ratio: 0.85
2026-01-22 18:55:56,655 - root - INFO - time 5.52
2026-01-22 18:55:56,665 - root - INFO - 20 self_attn.k_proj
2026-01-22 18:55:56,665 - root - INFO - Quantizing ...
2026-01-22 18:55:56,846 - root - INFO - mask1 ratio: 0.00, mask2 ratio: 0.02, mask3 ratio: 0.10, mask4 ratio: 0.88
2026-01-22 18:55:57,044 - root - INFO - mask1 ratio: 0.00, mask2 ratio: 0.02, mask3 ratio: 0.10, mask4 ratio: 0.88
2026-01-22 18:55:57,241 - root - INFO - mask1 ratio: 0.00, mask2 ratio: 0.02, mask3 ratio: 0.10, mask4 ratio: 0.88
2026-01-22 18:55:57,442 - root - INFO - mask1 ratio: 0.01, mask2 ratio: 0.03, mask3 ratio: 0.10, mask4 ratio: 0.86
2026-01-22 18:55:57,639 - root - INFO - mask1 ratio: 0.00, mask2 ratio: 0.03, mask3 ratio: 0.10, mask4 ratio: 0.87
2026-01-22 18:55:57,837 - root - INFO - mask1 ratio: 0.00, mask2 ratio: 0.03, mask3 ratio: 0.10, mask4 ratio: 0.87
2026-01-22 18:55:58,034 - root - INFO - mask1 ratio: 0.00, mask2 ratio: 0.04, mask3 ratio: 0.10, mask4 ratio: 0.86
2026-01-22 18:55:58,231 - root - INFO - mask1 ratio: 0.00, mask2 ratio: 0.02, mask3 ratio: 0.10, mask4 ratio: 0.88
2026-01-22 18:55:58,429 - root - INFO - mask1 ratio: 0.01, mask2 ratio: 0.03, mask3 ratio: 0.10, mask4 ratio: 0.86
2026-01-22 18:55:58,628 - root - INFO - mask1 ratio: 0.00, mask2 ratio: 0.02, mask3 ratio: 0.10, mask4 ratio: 0.88
2026-01-22 18:55:58,825 - root - INFO - mask1 ratio: 0.00, mask2 ratio: 0.03, mask3 ratio: 0.10, mask4 ratio: 0.87
2026-01-22 18:55:59,023 - root - INFO - mask1 ratio: 0.01, mask2 ratio: 0.03, mask3 ratio: 0.10, mask4 ratio: 0.86
2026-01-22 18:55:59,220 - root - INFO - mask1 ratio: 0.00, mask2 ratio: 0.03, mask3 ratio: 0.10, mask4 ratio: 0.87
2026-01-22 18:55:59,417 - root - INFO - mask1 ratio: 0.00, mask2 ratio: 0.03, mask3 ratio: 0.10, mask4 ratio: 0.87
2026-01-22 18:55:59,617 - root - INFO - mask1 ratio: 0.00, mask2 ratio: 0.02, mask3 ratio: 0.10, mask4 ratio: 0.88
2026-01-22 18:55:59,816 - root - INFO - mask1 ratio: 0.00, mask2 ratio: 0.03, mask3 ratio: 0.10, mask4 ratio: 0.87
2026-01-22 18:56:00,014 - root - INFO - mask1 ratio: 0.00, mask2 ratio: 0.02, mask3 ratio: 0.10, mask4 ratio: 0.88
2026-01-22 18:56:00,212 - root - INFO - mask1 ratio: 0.00, mask2 ratio: 0.03, mask3 ratio: 0.10, mask4 ratio: 0.87
2026-01-22 18:56:00,468 - root - INFO - mask1 ratio: 0.00, mask2 ratio: 0.02, mask3 ratio: 0.10, mask4 ratio: 0.88
2026-01-22 18:56:00,669 - root - INFO - mask1 ratio: 0.00, mask2 ratio: 0.03, mask3 ratio: 0.10, mask4 ratio: 0.87
2026-01-22 18:56:00,866 - root - INFO - mask1 ratio: 0.00, mask2 ratio: 0.02, mask3 ratio: 0.10, mask4 ratio: 0.88
2026-01-22 18:56:01,063 - root - INFO - mask1 ratio: 0.00, mask2 ratio: 0.03, mask3 ratio: 0.10, mask4 ratio: 0.87
2026-01-22 18:56:01,260 - root - INFO - mask1 ratio: 0.00, mask2 ratio: 0.03, mask3 ratio: 0.10, mask4 ratio: 0.87
2026-01-22 18:56:01,457 - root - INFO - mask1 ratio: 0.01, mask2 ratio: 0.04, mask3 ratio: 0.10, mask4 ratio: 0.85
2026-01-22 18:56:01,490 - root - INFO - time 4.82
2026-01-22 18:56:01,493 - root - INFO - 20 self_attn.v_proj
2026-01-22 18:56:01,493 - root - INFO - Quantizing ...
2026-01-22 18:56:01,673 - root - INFO - mask1 ratio: 0.01, mask2 ratio: 0.05, mask3 ratio: 0.10, mask4 ratio: 0.85
2026-01-22 18:56:01,870 - root - INFO - mask1 ratio: 0.01, mask2 ratio: 0.03, mask3 ratio: 0.10, mask4 ratio: 0.86
2026-01-22 18:56:02,067 - root - INFO - mask1 ratio: 0.00, mask2 ratio: 0.03, mask3 ratio: 0.10, mask4 ratio: 0.87
2026-01-22 18:56:02,263 - root - INFO - mask1 ratio: 0.01, mask2 ratio: 0.05, mask3 ratio: 0.10, mask4 ratio: 0.85
2026-01-22 18:56:02,460 - root - INFO - mask1 ratio: 0.01, mask2 ratio: 0.05, mask3 ratio: 0.10, mask4 ratio: 0.85
2026-01-22 18:56:02,659 - root - INFO - mask1 ratio: 0.01, mask2 ratio: 0.03, mask3 ratio: 0.10, mask4 ratio: 0.86
2026-01-22 18:56:02,856 - root - INFO - mask1 ratio: 0.01, mask2 ratio: 0.03, mask3 ratio: 0.10, mask4 ratio: 0.87
2026-01-22 18:56:03,053 - root - INFO - mask1 ratio: 0.00, mask2 ratio: 0.02, mask3 ratio: 0.10, mask4 ratio: 0.88
2026-01-22 18:56:03,253 - root - INFO - mask1 ratio: 0.01, mask2 ratio: 0.02, mask3 ratio: 0.10, mask4 ratio: 0.87
2026-01-22 18:56:03,452 - root - INFO - mask1 ratio: 0.00, mask2 ratio: 0.03, mask3 ratio: 0.10, mask4 ratio: 0.86
2026-01-22 18:56:03,653 - root - INFO - mask1 ratio: 0.01, mask2 ratio: 0.05, mask3 ratio: 0.10, mask4 ratio: 0.85
2026-01-22 18:56:03,853 - root - INFO - mask1 ratio: 0.01, mask2 ratio: 0.04, mask3 ratio: 0.10, mask4 ratio: 0.85
2026-01-22 18:56:04,053 - root - INFO - mask1 ratio: 0.01, mask2 ratio: 0.03, mask3 ratio: 0.10, mask4 ratio: 0.86
2026-01-22 18:56:04,253 - root - INFO - mask1 ratio: 0.01, mask2 ratio: 0.04, mask3 ratio: 0.10, mask4 ratio: 0.85
2026-01-22 18:56:04,449 - root - INFO - mask1 ratio: 0.00, mask2 ratio: 0.03, mask3 ratio: 0.10, mask4 ratio: 0.86
2026-01-22 18:56:04,753 - root - INFO - mask1 ratio: 0.01, mask2 ratio: 0.04, mask3 ratio: 0.10, mask4 ratio: 0.85
2026-01-22 18:56:04,952 - root - INFO - mask1 ratio: 0.01, mask2 ratio: 0.04, mask3 ratio: 0.10, mask4 ratio: 0.85
2026-01-22 18:56:05,149 - root - INFO - mask1 ratio: 0.01, mask2 ratio: 0.03, mask3 ratio: 0.10, mask4 ratio: 0.86
2026-01-22 18:56:05,349 - root - INFO - mask1 ratio: 0.01, mask2 ratio: 0.05, mask3 ratio: 0.10, mask4 ratio: 0.85
2026-01-22 18:56:05,549 - root - INFO - mask1 ratio: 0.00, mask2 ratio: 0.03, mask3 ratio: 0.10, mask4 ratio: 0.87
2026-01-22 18:56:05,748 - root - INFO - mask1 ratio: 0.01, mask2 ratio: 0.06, mask3 ratio: 0.10, mask4 ratio: 0.83
2026-01-22 18:56:05,948 - root - INFO - mask1 ratio: 0.01, mask2 ratio: 0.05, mask3 ratio: 0.10, mask4 ratio: 0.85
2026-01-22 18:56:06,146 - root - INFO - mask1 ratio: 0.00, mask2 ratio: 0.03, mask3 ratio: 0.10, mask4 ratio: 0.87
2026-01-22 18:56:06,344 - root - INFO - mask1 ratio: 0.00, mask2 ratio: 0.03, mask3 ratio: 0.10, mask4 ratio: 0.87
2026-01-22 18:56:06,370 - root - INFO - time 4.88
2026-01-22 18:56:06,374 - root - INFO - 20 self_attn.o_proj
2026-01-22 18:56:06,374 - root - INFO - Quantizing ...
2026-01-22 18:56:06,571 - root - INFO - mask1 ratio: 0.01, mask2 ratio: 0.04, mask3 ratio: 0.10, mask4 ratio: 0.85
2026-01-22 18:56:06,788 - root - INFO - mask1 ratio: 0.01, mask2 ratio: 0.02, mask3 ratio: 0.10, mask4 ratio: 0.88
2026-01-22 18:56:07,004 - root - INFO - mask1 ratio: 0.02, mask2 ratio: 0.01, mask3 ratio: 0.10, mask4 ratio: 0.87
2026-01-22 18:56:07,217 - root - INFO - mask1 ratio: 0.00, mask2 ratio: 0.02, mask3 ratio: 0.11, mask4 ratio: 0.87
2026-01-22 18:56:07,436 - root - INFO - mask1 ratio: 0.02, mask2 ratio: 0.11, mask3 ratio: 0.10, mask4 ratio: 0.77
2026-01-22 18:56:07,650 - root - INFO - mask1 ratio: 0.02, mask2 ratio: 0.05, mask3 ratio: 0.10, mask4 ratio: 0.83
2026-01-22 18:56:07,885 - root - INFO - mask1 ratio: 0.01, mask2 ratio: 0.04, mask3 ratio: 0.10, mask4 ratio: 0.85
2026-01-22 18:56:08,101 - root - INFO - mask1 ratio: 0.01, mask2 ratio: 0.07, mask3 ratio: 0.10, mask4 ratio: 0.81
2026-01-22 18:56:08,315 - root - INFO - mask1 ratio: 0.01, mask2 ratio: 0.02, mask3 ratio: 0.10, mask4 ratio: 0.87
2026-01-22 18:56:08,530 - root - INFO - mask1 ratio: 0.02, mask2 ratio: 0.08, mask3 ratio: 0.10, mask4 ratio: 0.80
2026-01-22 18:56:08,774 - root - INFO - mask1 ratio: 0.02, mask2 ratio: 0.12, mask3 ratio: 0.10, mask4 ratio: 0.76
2026-01-22 18:56:09,023 - root - INFO - mask1 ratio: 0.00, mask2 ratio: 0.02, mask3 ratio: 0.10, mask4 ratio: 0.88
2026-01-22 18:56:09,237 - root - INFO - mask1 ratio: 0.01, mask2 ratio: 0.02, mask3 ratio: 0.10, mask4 ratio: 0.87
2026-01-22 18:56:09,452 - root - INFO - mask1 ratio: 0.02, mask2 ratio: 0.05, mask3 ratio: 0.10, mask4 ratio: 0.83
2026-01-22 18:56:09,666 - root - INFO - mask1 ratio: 0.01, mask2 ratio: 0.00, mask3 ratio: 0.10, mask4 ratio: 0.88
2026-01-22 18:56:09,881 - root - INFO - mask1 ratio: 0.00, mask2 ratio: 0.03, mask3 ratio: 0.10, mask4 ratio: 0.87
2026-01-22 18:56:10,095 - root - INFO - mask1 ratio: 0.01, mask2 ratio: 0.02, mask3 ratio: 0.10, mask4 ratio: 0.87
2026-01-22 18:56:10,313 - root - INFO - mask1 ratio: 0.01, mask2 ratio: 0.02, mask3 ratio: 0.11, mask4 ratio: 0.87
2026-01-22 18:56:10,531 - root - INFO - mask1 ratio: 0.01, mask2 ratio: 0.02, mask3 ratio: 0.11, mask4 ratio: 0.87
2026-01-22 18:56:10,757 - root - INFO - mask1 ratio: 0.04, mask2 ratio: 0.32, mask3 ratio: 0.10, mask4 ratio: 0.54
2026-01-22 18:56:10,977 - root - INFO - mask1 ratio: 0.03, mask2 ratio: 0.22, mask3 ratio: 0.10, mask4 ratio: 0.64
2026-01-22 18:56:11,198 - root - INFO - mask1 ratio: 0.01, mask2 ratio: 0.03, mask3 ratio: 0.10, mask4 ratio: 0.86
2026-01-22 18:56:11,427 - root - INFO - mask1 ratio: 0.01, mask2 ratio: 0.03, mask3 ratio: 0.10, mask4 ratio: 0.86
2026-01-22 18:56:11,659 - root - INFO - mask1 ratio: 0.01, mask2 ratio: 0.03, mask3 ratio: 0.10, mask4 ratio: 0.86
2026-01-22 18:56:11,687 - root - INFO - time 5.31
2026-01-22 18:56:11,691 - root - INFO - 20 mlp.gate_proj
2026-01-22 18:56:11,691 - root - INFO - Quantizing ...
2026-01-22 18:56:11,955 - root - INFO - mask1 ratio: 0.00, mask2 ratio: 0.03, mask3 ratio: 0.10, mask4 ratio: 0.86
2026-01-22 18:56:12,235 - root - INFO - mask1 ratio: 0.01, mask2 ratio: 0.07, mask3 ratio: 0.10, mask4 ratio: 0.82
2026-01-22 18:56:12,505 - root - INFO - mask1 ratio: 0.01, mask2 ratio: 0.05, mask3 ratio: 0.10, mask4 ratio: 0.85
2026-01-22 18:56:12,815 - root - INFO - mask1 ratio: 0.01, mask2 ratio: 0.05, mask3 ratio: 0.10, mask4 ratio: 0.84
2026-01-22 18:56:13,151 - root - INFO - mask1 ratio: 0.01, mask2 ratio: 0.02, mask3 ratio: 0.10, mask4 ratio: 0.87
2026-01-22 18:56:13,421 - root - INFO - mask1 ratio: 0.01, mask2 ratio: 0.03, mask3 ratio: 0.10, mask4 ratio: 0.86
2026-01-22 18:56:13,702 - root - INFO - mask1 ratio: 0.00, mask2 ratio: 0.03, mask3 ratio: 0.10, mask4 ratio: 0.87
2026-01-22 18:56:13,971 - root - INFO - mask1 ratio: 0.01, mask2 ratio: 0.04, mask3 ratio: 0.10, mask4 ratio: 0.85
2026-01-22 18:56:14,242 - root - INFO - mask1 ratio: 0.01, mask2 ratio: 0.03, mask3 ratio: 0.10, mask4 ratio: 0.86
2026-01-22 18:56:14,516 - root - INFO - mask1 ratio: 0.01, mask2 ratio: 0.06, mask3 ratio: 0.10, mask4 ratio: 0.84
2026-01-22 18:56:14,786 - root - INFO - mask1 ratio: 0.01, mask2 ratio: 0.04, mask3 ratio: 0.10, mask4 ratio: 0.85
2026-01-22 18:56:15,061 - root - INFO - mask1 ratio: 0.01, mask2 ratio: 0.07, mask3 ratio: 0.10, mask4 ratio: 0.82
2026-01-22 18:56:15,324 - root - INFO - mask1 ratio: 0.01, mask2 ratio: 0.02, mask3 ratio: 0.10, mask4 ratio: 0.87
2026-01-22 18:56:15,597 - root - INFO - mask1 ratio: 0.01, mask2 ratio: 0.04, mask3 ratio: 0.10, mask4 ratio: 0.85
2026-01-22 18:56:15,869 - root - INFO - mask1 ratio: 0.00, mask2 ratio: 0.04, mask3 ratio: 0.10, mask4 ratio: 0.86
2026-01-22 18:56:16,140 - root - INFO - mask1 ratio: 0.01, mask2 ratio: 0.04, mask3 ratio: 0.10, mask4 ratio: 0.85
2026-01-22 18:56:16,411 - root - INFO - mask1 ratio: 0.00, mask2 ratio: 0.03, mask3 ratio: 0.10, mask4 ratio: 0.87
2026-01-22 18:56:16,713 - root - INFO - mask1 ratio: 0.01, mask2 ratio: 0.07, mask3 ratio: 0.10, mask4 ratio: 0.81
2026-01-22 18:56:17,015 - root - INFO - mask1 ratio: 0.00, mask2 ratio: 0.04, mask3 ratio: 0.10, mask4 ratio: 0.85
2026-01-22 18:56:17,285 - root - INFO - mask1 ratio: 0.00, mask2 ratio: 0.03, mask3 ratio: 0.10, mask4 ratio: 0.87
2026-01-22 18:56:17,557 - root - INFO - mask1 ratio: 0.01, mask2 ratio: 0.06, mask3 ratio: 0.10, mask4 ratio: 0.83
2026-01-22 18:56:17,827 - root - INFO - mask1 ratio: 0.01, mask2 ratio: 0.08, mask3 ratio: 0.10, mask4 ratio: 0.81
2026-01-22 18:56:18,093 - root - INFO - mask1 ratio: 0.01, mask2 ratio: 0.04, mask3 ratio: 0.10, mask4 ratio: 0.85
2026-01-22 18:56:18,356 - root - INFO - mask1 ratio: 0.00, mask2 ratio: 0.03, mask3 ratio: 0.10, mask4 ratio: 0.87
2026-01-22 18:56:18,386 - root - INFO - time 6.69
2026-01-22 18:56:18,393 - root - INFO - 20 mlp.up_proj
2026-01-22 18:56:18,393 - root - INFO - Quantizing ...
2026-01-22 18:56:18,635 - root - INFO - mask1 ratio: 0.02, mask2 ratio: 0.14, mask3 ratio: 0.10, mask4 ratio: 0.74
2026-01-22 18:56:18,898 - root - INFO - mask1 ratio: 0.01, mask2 ratio: 0.07, mask3 ratio: 0.10, mask4 ratio: 0.81
2026-01-22 18:56:19,162 - root - INFO - mask1 ratio: 0.01, mask2 ratio: 0.06, mask3 ratio: 0.10, mask4 ratio: 0.82
2026-01-22 18:56:19,425 - root - INFO - mask1 ratio: 0.01, mask2 ratio: 0.06, mask3 ratio: 0.10, mask4 ratio: 0.82
2026-01-22 18:56:19,687 - root - INFO - mask1 ratio: 0.01, mask2 ratio: 0.04, mask3 ratio: 0.10, mask4 ratio: 0.85
2026-01-22 18:56:19,950 - root - INFO - mask1 ratio: 0.01, mask2 ratio: 0.04, mask3 ratio: 0.11, mask4 ratio: 0.84
2026-01-22 18:56:20,218 - root - INFO - mask1 ratio: 0.01, mask2 ratio: 0.05, mask3 ratio: 0.11, mask4 ratio: 0.83
2026-01-22 18:56:20,581 - root - INFO - mask1 ratio: 0.01, mask2 ratio: 0.04, mask3 ratio: 0.10, mask4 ratio: 0.85
2026-01-22 18:56:20,845 - root - INFO - mask1 ratio: 0.01, mask2 ratio: 0.06, mask3 ratio: 0.10, mask4 ratio: 0.82
2026-01-22 18:56:21,108 - root - INFO - mask1 ratio: 0.01, mask2 ratio: 0.04, mask3 ratio: 0.11, mask4 ratio: 0.84
2026-01-22 18:56:21,372 - root - INFO - mask1 ratio: 0.01, mask2 ratio: 0.03, mask3 ratio: 0.10, mask4 ratio: 0.86
2026-01-22 18:56:21,640 - root - INFO - mask1 ratio: 0.01, mask2 ratio: 0.06, mask3 ratio: 0.10, mask4 ratio: 0.83
2026-01-22 18:56:21,902 - root - INFO - mask1 ratio: 0.01, mask2 ratio: 0.04, mask3 ratio: 0.10, mask4 ratio: 0.85
2026-01-22 18:56:22,172 - root - INFO - mask1 ratio: 0.01, mask2 ratio: 0.04, mask3 ratio: 0.10, mask4 ratio: 0.85
2026-01-22 18:56:22,437 - root - INFO - mask1 ratio: 0.01, mask2 ratio: 0.07, mask3 ratio: 0.10, mask4 ratio: 0.81
2026-01-22 18:56:22,701 - root - INFO - mask1 ratio: 0.01, mask2 ratio: 0.03, mask3 ratio: 0.10, mask4 ratio: 0.86
2026-01-22 18:56:22,966 - root - INFO - mask1 ratio: 0.01, mask2 ratio: 0.05, mask3 ratio: 0.10, mask4 ratio: 0.84
2026-01-22 18:56:23,232 - root - INFO - mask1 ratio: 0.01, mask2 ratio: 0.06, mask3 ratio: 0.10, mask4 ratio: 0.83
2026-01-22 18:56:23,495 - root - INFO - mask1 ratio: 0.01, mask2 ratio: 0.04, mask3 ratio: 0.10, mask4 ratio: 0.85
2026-01-22 18:56:23,757 - root - INFO - mask1 ratio: 0.01, mask2 ratio: 0.04, mask3 ratio: 0.11, mask4 ratio: 0.84
2026-01-22 18:56:24,021 - root - INFO - mask1 ratio: 0.02, mask2 ratio: 0.07, mask3 ratio: 0.10, mask4 ratio: 0.81
2026-01-22 18:56:24,348 - root - INFO - mask1 ratio: 0.01, mask2 ratio: 0.06, mask3 ratio: 0.10, mask4 ratio: 0.83
2026-01-22 18:56:24,610 - root - INFO - mask1 ratio: 0.01, mask2 ratio: 0.04, mask3 ratio: 0.10, mask4 ratio: 0.85
2026-01-22 18:56:24,872 - root - INFO - mask1 ratio: 0.01, mask2 ratio: 0.02, mask3 ratio: 0.10, mask4 ratio: 0.87
2026-01-22 18:56:24,901 - root - INFO - time 6.51
2026-01-22 18:56:24,909 - root - INFO - 20 mlp.down_proj
2026-01-22 18:56:24,909 - root - INFO - Quantizing ...
2026-01-22 18:56:25,161 - root - INFO - mask1 ratio: 0.01, mask2 ratio: 0.02, mask3 ratio: 0.10, mask4 ratio: 0.88
2026-01-22 18:56:25,377 - root - INFO - mask1 ratio: 0.01, mask2 ratio: 0.02, mask3 ratio: 0.10, mask4 ratio: 0.87
2026-01-22 18:56:25,593 - root - INFO - mask1 ratio: 0.00, mask2 ratio: 0.02, mask3 ratio: 0.10, mask4 ratio: 0.88
2026-01-22 18:56:25,807 - root - INFO - mask1 ratio: 0.01, mask2 ratio: 0.02, mask3 ratio: 0.10, mask4 ratio: 0.87
2026-01-22 18:56:26,020 - root - INFO - mask1 ratio: 0.01, mask2 ratio: 0.04, mask3 ratio: 0.10, mask4 ratio: 0.85
2026-01-22 18:56:26,234 - root - INFO - mask1 ratio: 0.01, mask2 ratio: 0.03, mask3 ratio: 0.10, mask4 ratio: 0.86
2026-01-22 18:56:26,456 - root - INFO - mask1 ratio: 0.02, mask2 ratio: 0.10, mask3 ratio: 0.10, mask4 ratio: 0.77
2026-01-22 18:56:26,669 - root - INFO - mask1 ratio: 0.01, mask2 ratio: 0.04, mask3 ratio: 0.10, mask4 ratio: 0.85
2026-01-22 18:56:26,883 - root - INFO - mask1 ratio: 0.02, mask2 ratio: 0.06, mask3 ratio: 0.10, mask4 ratio: 0.82
2026-01-22 18:56:27,097 - root - INFO - mask1 ratio: 0.01, mask2 ratio: 0.03, mask3 ratio: 0.10, mask4 ratio: 0.86
2026-01-22 18:56:27,312 - root - INFO - mask1 ratio: 0.01, mask2 ratio: 0.06, mask3 ratio: 0.10, mask4 ratio: 0.83
2026-01-22 18:56:27,527 - root - INFO - mask1 ratio: 0.01, mask2 ratio: 0.04, mask3 ratio: 0.10, mask4 ratio: 0.85
2026-01-22 18:56:27,742 - root - INFO - mask1 ratio: 0.01, mask2 ratio: 0.04, mask3 ratio: 0.10, mask4 ratio: 0.85
2026-01-22 18:56:27,955 - root - INFO - mask1 ratio: 0.01, mask2 ratio: 0.04, mask3 ratio: 0.10, mask4 ratio: 0.85
2026-01-22 18:56:28,172 - root - INFO - mask1 ratio: 0.01, mask2 ratio: 0.03, mask3 ratio: 0.10, mask4 ratio: 0.86
2026-01-22 18:56:28,483 - root - INFO - mask1 ratio: 0.01, mask2 ratio: 0.03, mask3 ratio: 0.10, mask4 ratio: 0.86
2026-01-22 18:56:28,700 - root - INFO - mask1 ratio: 0.01, mask2 ratio: 0.02, mask3 ratio: 0.10, mask4 ratio: 0.87
2026-01-22 18:56:28,915 - root - INFO - mask1 ratio: 0.01, mask2 ratio: 0.02, mask3 ratio: 0.10, mask4 ratio: 0.87
2026-01-22 18:56:29,139 - root - INFO - mask1 ratio: 0.01, mask2 ratio: 0.06, mask3 ratio: 0.10, mask4 ratio: 0.83
2026-01-22 18:56:29,364 - root - INFO - mask1 ratio: 0.01, mask2 ratio: 0.02, mask3 ratio: 0.10, mask4 ratio: 0.87
2026-01-22 18:56:29,582 - root - INFO - mask1 ratio: 0.01, mask2 ratio: 0.03, mask3 ratio: 0.10, mask4 ratio: 0.86
2026-01-22 18:56:29,803 - root - INFO - mask1 ratio: 0.01, mask2 ratio: 0.03, mask3 ratio: 0.10, mask4 ratio: 0.86
2026-01-22 18:56:30,028 - root - INFO - mask1 ratio: 0.01, mask2 ratio: 0.05, mask3 ratio: 0.10, mask4 ratio: 0.84
2026-01-22 18:56:30,251 - root - INFO - mask1 ratio: 0.01, mask2 ratio: 0.03, mask3 ratio: 0.10, mask4 ratio: 0.86
2026-01-22 18:56:30,467 - root - INFO - mask1 ratio: 0.01, mask2 ratio: 0.05, mask3 ratio: 0.10, mask4 ratio: 0.84
2026-01-22 18:56:30,683 - root - INFO - mask1 ratio: 0.01, mask2 ratio: 0.03, mask3 ratio: 0.10, mask4 ratio: 0.86
2026-01-22 18:56:30,900 - root - INFO - mask1 ratio: 0.01, mask2 ratio: 0.02, mask3 ratio: 0.10, mask4 ratio: 0.87
2026-01-22 18:56:31,115 - root - INFO - mask1 ratio: 0.01, mask2 ratio: 0.00, mask3 ratio: 0.10, mask4 ratio: 0.88
2026-01-22 18:56:31,331 - root - INFO - mask1 ratio: 0.01, mask2 ratio: 0.05, mask3 ratio: 0.10, mask4 ratio: 0.84
2026-01-22 18:56:31,557 - root - INFO - mask1 ratio: 0.01, mask2 ratio: 0.02, mask3 ratio: 0.10, mask4 ratio: 0.88
2026-01-22 18:56:31,773 - root - INFO - mask1 ratio: 0.01, mask2 ratio: 0.05, mask3 ratio: 0.10, mask4 ratio: 0.84
2026-01-22 18:56:31,989 - root - INFO - mask1 ratio: 0.02, mask2 ratio: 0.06, mask3 ratio: 0.10, mask4 ratio: 0.82
2026-01-22 18:56:32,203 - root - INFO - mask1 ratio: 0.01, mask2 ratio: 0.02, mask3 ratio: 0.10, mask4 ratio: 0.87
2026-01-22 18:56:32,487 - root - INFO - mask1 ratio: 0.02, mask2 ratio: 0.08, mask3 ratio: 0.10, mask4 ratio: 0.80
2026-01-22 18:56:32,703 - root - INFO - mask1 ratio: 0.01, mask2 ratio: 0.06, mask3 ratio: 0.10, mask4 ratio: 0.83
2026-01-22 18:56:32,916 - root - INFO - mask1 ratio: 0.01, mask2 ratio: 0.02, mask3 ratio: 0.10, mask4 ratio: 0.87
2026-01-22 18:56:33,129 - root - INFO - mask1 ratio: 0.00, mask2 ratio: 0.02, mask3 ratio: 0.10, mask4 ratio: 0.88
2026-01-22 18:56:33,343 - root - INFO - mask1 ratio: 0.01, mask2 ratio: 0.05, mask3 ratio: 0.10, mask4 ratio: 0.84
2026-01-22 18:56:33,559 - root - INFO - mask1 ratio: 0.01, mask2 ratio: 0.04, mask3 ratio: 0.10, mask4 ratio: 0.85
2026-01-22 18:56:33,776 - root - INFO - mask1 ratio: 0.01, mask2 ratio: 0.03, mask3 ratio: 0.10, mask4 ratio: 0.86
2026-01-22 18:56:33,989 - root - INFO - mask1 ratio: 0.01, mask2 ratio: 0.04, mask3 ratio: 0.10, mask4 ratio: 0.85
2026-01-22 18:56:34,202 - root - INFO - mask1 ratio: 0.01, mask2 ratio: 0.03, mask3 ratio: 0.10, mask4 ratio: 0.86
2026-01-22 18:56:34,415 - root - INFO - mask1 ratio: 0.01, mask2 ratio: 0.03, mask3 ratio: 0.10, mask4 ratio: 0.86
2026-01-22 18:56:34,631 - root - INFO - mask1 ratio: 0.01, mask2 ratio: 0.02, mask3 ratio: 0.10, mask4 ratio: 0.87
2026-01-22 18:56:34,844 - root - INFO - mask1 ratio: 0.01, mask2 ratio: 0.02, mask3 ratio: 0.10, mask4 ratio: 0.87
2026-01-22 18:56:35,058 - root - INFO - mask1 ratio: 0.01, mask2 ratio: 0.06, mask3 ratio: 0.10, mask4 ratio: 0.83
2026-01-22 18:56:35,272 - root - INFO - mask1 ratio: 0.00, mask2 ratio: 0.02, mask3 ratio: 0.10, mask4 ratio: 0.88
2026-01-22 18:56:35,487 - root - INFO - mask1 ratio: 0.01, mask2 ratio: 0.03, mask3 ratio: 0.10, mask4 ratio: 0.86
2026-01-22 18:56:35,705 - root - INFO - mask1 ratio: 0.01, mask2 ratio: 0.05, mask3 ratio: 0.10, mask4 ratio: 0.84
2026-01-22 18:56:35,918 - root - INFO - mask1 ratio: 0.01, mask2 ratio: 0.02, mask3 ratio: 0.10, mask4 ratio: 0.87
2026-01-22 18:56:36,132 - root - INFO - mask1 ratio: 0.01, mask2 ratio: 0.04, mask3 ratio: 0.10, mask4 ratio: 0.85
2026-01-22 18:56:36,376 - root - INFO - mask1 ratio: 0.01, mask2 ratio: 0.04, mask3 ratio: 0.10, mask4 ratio: 0.85
2026-01-22 18:56:36,666 - root - INFO - mask1 ratio: 0.01, mask2 ratio: 0.02, mask3 ratio: 0.10, mask4 ratio: 0.87
2026-01-22 18:56:36,890 - root - INFO - mask1 ratio: 0.00, mask2 ratio: 0.02, mask3 ratio: 0.10, mask4 ratio: 0.88
2026-01-22 18:56:37,110 - root - INFO - mask1 ratio: 0.01, mask2 ratio: 0.03, mask3 ratio: 0.10, mask4 ratio: 0.87
2026-01-22 18:56:37,323 - root - INFO - mask1 ratio: 0.01, mask2 ratio: 0.04, mask3 ratio: 0.10, mask4 ratio: 0.85
2026-01-22 18:56:37,538 - root - INFO - mask1 ratio: 0.01, mask2 ratio: 0.00, mask3 ratio: 0.10, mask4 ratio: 0.88
2026-01-22 18:56:37,756 - root - INFO - mask1 ratio: 0.01, mask2 ratio: 0.05, mask3 ratio: 0.10, mask4 ratio: 0.84
2026-01-22 18:56:37,969 - root - INFO - mask1 ratio: 0.01, mask2 ratio: 0.00, mask3 ratio: 0.10, mask4 ratio: 0.88
2026-01-22 18:56:38,183 - root - INFO - mask1 ratio: 0.01, mask2 ratio: 0.03, mask3 ratio: 0.10, mask4 ratio: 0.86
2026-01-22 18:56:38,397 - root - INFO - mask1 ratio: 0.01, mask2 ratio: 0.00, mask3 ratio: 0.10, mask4 ratio: 0.88
2026-01-22 18:56:38,612 - root - INFO - mask1 ratio: 0.01, mask2 ratio: 0.03, mask3 ratio: 0.10, mask4 ratio: 0.86
2026-01-22 18:56:38,839 - root - INFO - mask1 ratio: 0.01, mask2 ratio: 0.02, mask3 ratio: 0.10, mask4 ratio: 0.87
2026-01-22 18:56:39,060 - root - INFO - mask1 ratio: 0.01, mask2 ratio: 0.02, mask3 ratio: 0.10, mask4 ratio: 0.88
2026-01-22 18:56:39,087 - root - INFO - time 14.18
2026-01-22 18:56:41,627 - root - INFO - 21 self_attn.q_proj
2026-01-22 18:56:41,627 - root - INFO - Quantizing ...
2026-01-22 18:56:42,024 - root - INFO - mask1 ratio: 0.00, mask2 ratio: 0.02, mask3 ratio: 0.10, mask4 ratio: 0.88
2026-01-22 18:56:42,239 - root - INFO - mask1 ratio: 0.00, mask2 ratio: 0.02, mask3 ratio: 0.10, mask4 ratio: 0.88
2026-01-22 18:56:42,473 - root - INFO - mask1 ratio: 0.00, mask2 ratio: 0.02, mask3 ratio: 0.10, mask4 ratio: 0.88
2026-01-22 18:56:42,754 - root - INFO - mask1 ratio: 0.01, mask2 ratio: 0.05, mask3 ratio: 0.10, mask4 ratio: 0.84
2026-01-22 18:56:42,971 - root - INFO - mask1 ratio: 0.00, mask2 ratio: 0.03, mask3 ratio: 0.10, mask4 ratio: 0.87
2026-01-22 18:56:43,184 - root - INFO - mask1 ratio: 0.01, mask2 ratio: 0.06, mask3 ratio: 0.10, mask4 ratio: 0.84
2026-01-22 18:56:43,403 - root - INFO - mask1 ratio: 0.00, mask2 ratio: 0.03, mask3 ratio: 0.10, mask4 ratio: 0.87
2026-01-22 18:56:43,616 - root - INFO - mask1 ratio: 0.00, mask2 ratio: 0.02, mask3 ratio: 0.10, mask4 ratio: 0.88
2026-01-22 18:56:43,829 - root - INFO - mask1 ratio: 0.01, mask2 ratio: 0.05, mask3 ratio: 0.10, mask4 ratio: 0.85
2026-01-22 18:56:44,043 - root - INFO - mask1 ratio: 0.00, mask2 ratio: 0.03, mask3 ratio: 0.10, mask4 ratio: 0.86
2026-01-22 18:56:44,255 - root - INFO - mask1 ratio: 0.00, mask2 ratio: 0.03, mask3 ratio: 0.10, mask4 ratio: 0.87
2026-01-22 18:56:44,467 - root - INFO - mask1 ratio: 0.01, mask2 ratio: 0.06, mask3 ratio: 0.10, mask4 ratio: 0.83
2026-01-22 18:56:44,681 - root - INFO - mask1 ratio: 0.00, mask2 ratio: 0.03, mask3 ratio: 0.10, mask4 ratio: 0.87
2026-01-22 18:56:44,894 - root - INFO - mask1 ratio: 0.01, mask2 ratio: 0.02, mask3 ratio: 0.10, mask4 ratio: 0.87
2026-01-22 18:56:45,108 - root - INFO - mask1 ratio: 0.00, mask2 ratio: 0.03, mask3 ratio: 0.10, mask4 ratio: 0.87
2026-01-22 18:56:45,321 - root - INFO - mask1 ratio: 0.00, mask2 ratio: 0.02, mask3 ratio: 0.10, mask4 ratio: 0.88
2026-01-22 18:56:45,535 - root - INFO - mask1 ratio: 0.00, mask2 ratio: 0.02, mask3 ratio: 0.10, mask4 ratio: 0.88
2026-01-22 18:56:45,748 - root - INFO - mask1 ratio: 0.00, mask2 ratio: 0.02, mask3 ratio: 0.10, mask4 ratio: 0.88
2026-01-22 18:56:45,962 - root - INFO - mask1 ratio: 0.00, mask2 ratio: 0.03, mask3 ratio: 0.10, mask4 ratio: 0.87
2026-01-22 18:56:46,182 - root - INFO - mask1 ratio: 0.00, mask2 ratio: 0.03, mask3 ratio: 0.10, mask4 ratio: 0.87
2026-01-22 18:56:46,395 - root - INFO - mask1 ratio: 0.00, mask2 ratio: 0.02, mask3 ratio: 0.10, mask4 ratio: 0.88
2026-01-22 18:56:46,636 - root - INFO - mask1 ratio: 0.01, mask2 ratio: 0.03, mask3 ratio: 0.10, mask4 ratio: 0.86
2026-01-22 18:56:46,923 - root - INFO - mask1 ratio: 0.00, mask2 ratio: 0.03, mask3 ratio: 0.10, mask4 ratio: 0.87
2026-01-22 18:56:47,160 - root - INFO - mask1 ratio: 0.01, mask2 ratio: 0.05, mask3 ratio: 0.10, mask4 ratio: 0.84
2026-01-22 18:56:47,186 - root - INFO - time 5.56
2026-01-22 18:56:47,196 - root - INFO - 21 self_attn.k_proj
2026-01-22 18:56:47,196 - root - INFO - Quantizing ...
2026-01-22 18:56:47,379 - root - INFO - mask1 ratio: 0.00, mask2 ratio: 0.02, mask3 ratio: 0.10, mask4 ratio: 0.88
2026-01-22 18:56:47,577 - root - INFO - mask1 ratio: 0.00, mask2 ratio: 0.03, mask3 ratio: 0.10, mask4 ratio: 0.87
2026-01-22 18:56:47,775 - root - INFO - mask1 ratio: 0.00, mask2 ratio: 0.02, mask3 ratio: 0.10, mask4 ratio: 0.88
2026-01-22 18:56:47,972 - root - INFO - mask1 ratio: 0.01, mask2 ratio: 0.03, mask3 ratio: 0.10, mask4 ratio: 0.86
2026-01-22 18:56:48,171 - root - INFO - mask1 ratio: 0.00, mask2 ratio: 0.03, mask3 ratio: 0.10, mask4 ratio: 0.87
2026-01-22 18:56:48,368 - root - INFO - mask1 ratio: 0.00, mask2 ratio: 0.03, mask3 ratio: 0.10, mask4 ratio: 0.87
2026-01-22 18:56:48,567 - root - INFO - mask1 ratio: 0.00, mask2 ratio: 0.04, mask3 ratio: 0.10, mask4 ratio: 0.86
2026-01-22 18:56:48,766 - root - INFO - mask1 ratio: 0.00, mask2 ratio: 0.02, mask3 ratio: 0.10, mask4 ratio: 0.88
2026-01-22 18:56:48,964 - root - INFO - mask1 ratio: 0.01, mask2 ratio: 0.03, mask3 ratio: 0.10, mask4 ratio: 0.86
2026-01-22 18:56:49,162 - root - INFO - mask1 ratio: 0.00, mask2 ratio: 0.02, mask3 ratio: 0.10, mask4 ratio: 0.88
2026-01-22 18:56:49,361 - root - INFO - mask1 ratio: 0.00, mask2 ratio: 0.03, mask3 ratio: 0.10, mask4 ratio: 0.87
2026-01-22 18:56:49,559 - root - INFO - mask1 ratio: 0.01, mask2 ratio: 0.03, mask3 ratio: 0.10, mask4 ratio: 0.86
2026-01-22 18:56:49,757 - root - INFO - mask1 ratio: 0.00, mask2 ratio: 0.03, mask3 ratio: 0.10, mask4 ratio: 0.87
2026-01-22 18:56:49,956 - root - INFO - mask1 ratio: 0.00, mask2 ratio: 0.02, mask3 ratio: 0.10, mask4 ratio: 0.88
2026-01-22 18:56:50,156 - root - INFO - mask1 ratio: 0.00, mask2 ratio: 0.03, mask3 ratio: 0.10, mask4 ratio: 0.87
2026-01-22 18:56:50,353 - root - INFO - mask1 ratio: 0.00, mask2 ratio: 0.03, mask3 ratio: 0.10, mask4 ratio: 0.87
2026-01-22 18:56:50,551 - root - INFO - mask1 ratio: 0.00, mask2 ratio: 0.02, mask3 ratio: 0.10, mask4 ratio: 0.88
2026-01-22 18:56:50,748 - root - INFO - mask1 ratio: 0.00, mask2 ratio: 0.03, mask3 ratio: 0.10, mask4 ratio: 0.87
2026-01-22 18:56:51,022 - root - INFO - mask1 ratio: 0.00, mask2 ratio: 0.03, mask3 ratio: 0.10, mask4 ratio: 0.87
2026-01-22 18:56:51,220 - root - INFO - mask1 ratio: 0.00, mask2 ratio: 0.03, mask3 ratio: 0.10, mask4 ratio: 0.87
2026-01-22 18:56:51,417 - root - INFO - mask1 ratio: 0.00, mask2 ratio: 0.02, mask3 ratio: 0.10, mask4 ratio: 0.88
2026-01-22 18:56:51,616 - root - INFO - mask1 ratio: 0.00, mask2 ratio: 0.03, mask3 ratio: 0.10, mask4 ratio: 0.87
2026-01-22 18:56:51,813 - root - INFO - mask1 ratio: 0.00, mask2 ratio: 0.03, mask3 ratio: 0.10, mask4 ratio: 0.87
2026-01-22 18:56:52,014 - root - INFO - mask1 ratio: 0.01, mask2 ratio: 0.04, mask3 ratio: 0.10, mask4 ratio: 0.85
2026-01-22 18:56:52,042 - root - INFO - time 4.84
2026-01-22 18:56:52,044 - root - INFO - 21 self_attn.v_proj
2026-01-22 18:56:52,044 - root - INFO - Quantizing ...
2026-01-22 18:56:52,227 - root - INFO - mask1 ratio: 0.01, mask2 ratio: 0.05, mask3 ratio: 0.10, mask4 ratio: 0.85
2026-01-22 18:56:52,429 - root - INFO - mask1 ratio: 0.00, mask2 ratio: 0.04, mask3 ratio: 0.10, mask4 ratio: 0.86
2026-01-22 18:56:52,628 - root - INFO - mask1 ratio: 0.00, mask2 ratio: 0.03, mask3 ratio: 0.10, mask4 ratio: 0.87
2026-01-22 18:56:52,843 - root - INFO - mask1 ratio: 0.01, mask2 ratio: 0.04, mask3 ratio: 0.10, mask4 ratio: 0.85
2026-01-22 18:56:53,050 - root - INFO - mask1 ratio: 0.01, mask2 ratio: 0.04, mask3 ratio: 0.10, mask4 ratio: 0.85
2026-01-22 18:56:53,249 - root - INFO - mask1 ratio: 0.00, mask2 ratio: 0.03, mask3 ratio: 0.10, mask4 ratio: 0.86
2026-01-22 18:56:53,450 - root - INFO - mask1 ratio: 0.00, mask2 ratio: 0.03, mask3 ratio: 0.10, mask4 ratio: 0.87
2026-01-22 18:56:53,649 - root - INFO - mask1 ratio: 0.00, mask2 ratio: 0.02, mask3 ratio: 0.10, mask4 ratio: 0.88
2026-01-22 18:56:53,847 - root - INFO - mask1 ratio: 0.01, mask2 ratio: 0.03, mask3 ratio: 0.10, mask4 ratio: 0.87
2026-01-22 18:56:54,045 - root - INFO - mask1 ratio: 0.01, mask2 ratio: 0.06, mask3 ratio: 0.10, mask4 ratio: 0.84
2026-01-22 18:56:54,245 - root - INFO - mask1 ratio: 0.01, mask2 ratio: 0.05, mask3 ratio: 0.10, mask4 ratio: 0.85
2026-01-22 18:56:54,444 - root - INFO - mask1 ratio: 0.00, mask2 ratio: 0.04, mask3 ratio: 0.10, mask4 ratio: 0.85
2026-01-22 18:56:54,643 - root - INFO - mask1 ratio: 0.01, mask2 ratio: 0.03, mask3 ratio: 0.10, mask4 ratio: 0.86
2026-01-22 18:56:54,841 - root - INFO - mask1 ratio: 0.01, mask2 ratio: 0.05, mask3 ratio: 0.10, mask4 ratio: 0.85
2026-01-22 18:56:55,047 - root - INFO - mask1 ratio: 0.01, mask2 ratio: 0.03, mask3 ratio: 0.10, mask4 ratio: 0.86
2026-01-22 18:56:55,336 - root - INFO - mask1 ratio: 0.01, mask2 ratio: 0.04, mask3 ratio: 0.10, mask4 ratio: 0.85
2026-01-22 18:56:55,538 - root - INFO - mask1 ratio: 0.01, mask2 ratio: 0.04, mask3 ratio: 0.10, mask4 ratio: 0.85
2026-01-22 18:56:55,737 - root - INFO - mask1 ratio: 0.01, mask2 ratio: 0.04, mask3 ratio: 0.10, mask4 ratio: 0.85
2026-01-22 18:56:55,935 - root - INFO - mask1 ratio: 0.01, mask2 ratio: 0.05, mask3 ratio: 0.10, mask4 ratio: 0.85
2026-01-22 18:56:56,135 - root - INFO - mask1 ratio: 0.00, mask2 ratio: 0.03, mask3 ratio: 0.10, mask4 ratio: 0.87
2026-01-22 18:56:56,338 - root - INFO - mask1 ratio: 0.01, mask2 ratio: 0.06, mask3 ratio: 0.10, mask4 ratio: 0.83
2026-01-22 18:56:56,537 - root - INFO - mask1 ratio: 0.00, mask2 ratio: 0.04, mask3 ratio: 0.10, mask4 ratio: 0.85
2026-01-22 18:56:56,737 - root - INFO - mask1 ratio: 0.00, mask2 ratio: 0.04, mask3 ratio: 0.10, mask4 ratio: 0.86
2026-01-22 18:56:56,937 - root - INFO - mask1 ratio: 0.00, mask2 ratio: 0.03, mask3 ratio: 0.10, mask4 ratio: 0.87
2026-01-22 18:56:56,964 - root - INFO - time 4.92
2026-01-22 18:56:56,968 - root - INFO - 21 self_attn.o_proj
2026-01-22 18:56:56,968 - root - INFO - Quantizing ...
2026-01-22 18:56:57,165 - root - INFO - mask1 ratio: 0.01, mask2 ratio: 0.03, mask3 ratio: 0.10, mask4 ratio: 0.86
2026-01-22 18:56:57,382 - root - INFO - mask1 ratio: 0.01, mask2 ratio: 0.02, mask3 ratio: 0.10, mask4 ratio: 0.87
2026-01-22 18:56:57,598 - root - INFO - mask1 ratio: 0.02, mask2 ratio: 0.09, mask3 ratio: 0.10, mask4 ratio: 0.79
2026-01-22 18:56:57,811 - root - INFO - mask1 ratio: 0.01, mask2 ratio: 0.04, mask3 ratio: 0.11, mask4 ratio: 0.84
2026-01-22 18:56:58,025 - root - INFO - mask1 ratio: 0.02, mask2 ratio: 0.07, mask3 ratio: 0.10, mask4 ratio: 0.81
2026-01-22 18:56:58,238 - root - INFO - mask1 ratio: 0.02, mask2 ratio: 0.07, mask3 ratio: 0.10, mask4 ratio: 0.81
2026-01-22 18:56:58,456 - root - INFO - mask1 ratio: 0.01, mask2 ratio: 0.02, mask3 ratio: 0.11, mask4 ratio: 0.86
2026-01-22 18:56:58,670 - root - INFO - mask1 ratio: 0.01, mask2 ratio: 0.02, mask3 ratio: 0.10, mask4 ratio: 0.87
2026-01-22 18:56:58,884 - root - INFO - mask1 ratio: 0.01, mask2 ratio: 0.02, mask3 ratio: 0.10, mask4 ratio: 0.87
2026-01-22 18:56:59,099 - root - INFO - mask1 ratio: 0.02, mask2 ratio: 0.19, mask3 ratio: 0.10, mask4 ratio: 0.69
2026-01-22 18:56:59,378 - root - INFO - mask1 ratio: 0.01, mask2 ratio: 0.02, mask3 ratio: 0.10, mask4 ratio: 0.88
2026-01-22 18:56:59,596 - root - INFO - mask1 ratio: 0.02, mask2 ratio: 0.12, mask3 ratio: 0.10, mask4 ratio: 0.77
2026-01-22 18:56:59,809 - root - INFO - mask1 ratio: 0.02, mask2 ratio: 0.10, mask3 ratio: 0.10, mask4 ratio: 0.78
2026-01-22 18:57:00,024 - root - INFO - mask1 ratio: 0.03, mask2 ratio: 0.18, mask3 ratio: 0.10, mask4 ratio: 0.70
2026-01-22 18:57:00,239 - root - INFO - mask1 ratio: 0.03, mask2 ratio: 0.16, mask3 ratio: 0.10, mask4 ratio: 0.71
2026-01-22 18:57:00,454 - root - INFO - mask1 ratio: 0.02, mask2 ratio: 0.18, mask3 ratio: 0.10, mask4 ratio: 0.70
2026-01-22 18:57:00,668 - root - INFO - mask1 ratio: 0.01, mask2 ratio: 0.02, mask3 ratio: 0.11, mask4 ratio: 0.87
2026-01-22 18:57:00,882 - root - INFO - mask1 ratio: 0.02, mask2 ratio: 0.07, mask3 ratio: 0.10, mask4 ratio: 0.81
2026-01-22 18:57:01,097 - root - INFO - mask1 ratio: 0.02, mask2 ratio: 0.10, mask3 ratio: 0.10, mask4 ratio: 0.78
2026-01-22 18:57:01,310 - root - INFO - mask1 ratio: 0.01, mask2 ratio: 0.02, mask3 ratio: 0.10, mask4 ratio: 0.88
2026-01-22 18:57:01,524 - root - INFO - mask1 ratio: 0.01, mask2 ratio: 0.04, mask3 ratio: 0.10, mask4 ratio: 0.85
2026-01-22 18:57:01,737 - root - INFO - mask1 ratio: 0.00, mask2 ratio: 0.02, mask3 ratio: 0.10, mask4 ratio: 0.88
2026-01-22 18:57:01,950 - root - INFO - mask1 ratio: 0.01, mask2 ratio: 0.02, mask3 ratio: 0.10, mask4 ratio: 0.88
2026-01-22 18:57:02,163 - root - INFO - mask1 ratio: 0.00, mask2 ratio: 0.02, mask3 ratio: 0.10, mask4 ratio: 0.88
2026-01-22 18:57:02,190 - root - INFO - time 5.22
2026-01-22 18:57:02,194 - root - INFO - 21 mlp.gate_proj
2026-01-22 18:57:02,194 - root - INFO - Quantizing ...
2026-01-22 18:57:02,437 - root - INFO - mask1 ratio: 0.01, mask2 ratio: 0.05, mask3 ratio: 0.10, mask4 ratio: 0.85
2026-01-22 18:57:02,700 - root - INFO - mask1 ratio: 0.00, mask2 ratio: 0.04, mask3 ratio: 0.10, mask4 ratio: 0.85
2026-01-22 18:57:02,962 - root - INFO - mask1 ratio: 0.01, mask2 ratio: 0.05, mask3 ratio: 0.10, mask4 ratio: 0.85
2026-01-22 18:57:03,271 - root - INFO - mask1 ratio: 0.01, mask2 ratio: 0.05, mask3 ratio: 0.10, mask4 ratio: 0.84
2026-01-22 18:57:03,581 - root - INFO - mask1 ratio: 0.01, mask2 ratio: 0.05, mask3 ratio: 0.10, mask4 ratio: 0.85
2026-01-22 18:57:03,842 - root - INFO - mask1 ratio: 0.00, mask2 ratio: 0.03, mask3 ratio: 0.10, mask4 ratio: 0.87
2026-01-22 18:57:04,105 - root - INFO - mask1 ratio: 0.01, mask2 ratio: 0.03, mask3 ratio: 0.10, mask4 ratio: 0.86
2026-01-22 18:57:04,366 - root - INFO - mask1 ratio: 0.01, mask2 ratio: 0.03, mask3 ratio: 0.10, mask4 ratio: 0.86
2026-01-22 18:57:04,628 - root - INFO - mask1 ratio: 0.01, mask2 ratio: 0.04, mask3 ratio: 0.10, mask4 ratio: 0.85
2026-01-22 18:57:04,891 - root - INFO - mask1 ratio: 0.01, mask2 ratio: 0.06, mask3 ratio: 0.10, mask4 ratio: 0.83
2026-01-22 18:57:05,155 - root - INFO - mask1 ratio: 0.01, mask2 ratio: 0.06, mask3 ratio: 0.10, mask4 ratio: 0.83
2026-01-22 18:57:05,419 - root - INFO - mask1 ratio: 0.01, mask2 ratio: 0.06, mask3 ratio: 0.10, mask4 ratio: 0.83
2026-01-22 18:57:05,682 - root - INFO - mask1 ratio: 0.01, mask2 ratio: 0.03, mask3 ratio: 0.10, mask4 ratio: 0.86
2026-01-22 18:57:05,945 - root - INFO - mask1 ratio: 0.01, mask2 ratio: 0.04, mask3 ratio: 0.10, mask4 ratio: 0.85
2026-01-22 18:57:06,206 - root - INFO - mask1 ratio: 0.01, mask2 ratio: 0.03, mask3 ratio: 0.10, mask4 ratio: 0.86
2026-01-22 18:57:06,467 - root - INFO - mask1 ratio: 0.01, mask2 ratio: 0.03, mask3 ratio: 0.10, mask4 ratio: 0.86
2026-01-22 18:57:06,731 - root - INFO - mask1 ratio: 0.00, mask2 ratio: 0.04, mask3 ratio: 0.10, mask4 ratio: 0.85
2026-01-22 18:57:07,026 - root - INFO - mask1 ratio: 0.01, mask2 ratio: 0.06, mask3 ratio: 0.10, mask4 ratio: 0.84
2026-01-22 18:57:07,309 - root - INFO - mask1 ratio: 0.00, mask2 ratio: 0.04, mask3 ratio: 0.10, mask4 ratio: 0.85
2026-01-22 18:57:07,573 - root - INFO - mask1 ratio: 0.01, mask2 ratio: 0.02, mask3 ratio: 0.10, mask4 ratio: 0.87
2026-01-22 18:57:07,836 - root - INFO - mask1 ratio: 0.00, mask2 ratio: 0.02, mask3 ratio: 0.10, mask4 ratio: 0.88
2026-01-22 18:57:08,098 - root - INFO - mask1 ratio: 0.01, mask2 ratio: 0.08, mask3 ratio: 0.10, mask4 ratio: 0.81
2026-01-22 18:57:08,358 - root - INFO - mask1 ratio: 0.00, mask2 ratio: 0.04, mask3 ratio: 0.10, mask4 ratio: 0.86
2026-01-22 18:57:08,621 - root - INFO - mask1 ratio: 0.01, mask2 ratio: 0.02, mask3 ratio: 0.10, mask4 ratio: 0.88
2026-01-22 18:57:08,651 - root - INFO - time 6.46
2026-01-22 18:57:08,659 - root - INFO - 21 mlp.up_proj
2026-01-22 18:57:08,659 - root - INFO - Quantizing ...
2026-01-22 18:57:08,903 - root - INFO - mask1 ratio: 0.01, mask2 ratio: 0.03, mask3 ratio: 0.11, mask4 ratio: 0.85
2026-01-22 18:57:09,168 - root - INFO - mask1 ratio: 0.02, mask2 ratio: 0.07, mask3 ratio: 0.10, mask4 ratio: 0.81
2026-01-22 18:57:09,431 - root - INFO - mask1 ratio: 0.02, mask2 ratio: 0.06, mask3 ratio: 0.10, mask4 ratio: 0.82
2026-01-22 18:57:09,695 - root - INFO - mask1 ratio: 0.01, mask2 ratio: 0.05, mask3 ratio: 0.10, mask4 ratio: 0.84
2026-01-22 18:57:09,957 - root - INFO - mask1 ratio: 0.01, mask2 ratio: 0.04, mask3 ratio: 0.11, mask4 ratio: 0.84
2026-01-22 18:57:10,223 - root - INFO - mask1 ratio: 0.02, mask2 ratio: 0.05, mask3 ratio: 0.11, mask4 ratio: 0.82
2026-01-22 18:57:10,485 - root - INFO - mask1 ratio: 0.01, mask2 ratio: 0.06, mask3 ratio: 0.10, mask4 ratio: 0.83
2026-01-22 18:57:10,848 - root - INFO - mask1 ratio: 0.01, mask2 ratio: 0.04, mask3 ratio: 0.11, mask4 ratio: 0.84
2026-01-22 18:57:11,115 - root - INFO - mask1 ratio: 0.01, mask2 ratio: 0.06, mask3 ratio: 0.10, mask4 ratio: 0.83
2026-01-22 18:57:11,378 - root - INFO - mask1 ratio: 0.01, mask2 ratio: 0.05, mask3 ratio: 0.11, mask4 ratio: 0.83
2026-01-22 18:57:11,643 - root - INFO - mask1 ratio: 0.02, mask2 ratio: 0.07, mask3 ratio: 0.10, mask4 ratio: 0.81
2026-01-22 18:57:11,907 - root - INFO - mask1 ratio: 0.01, mask2 ratio: 0.07, mask3 ratio: 0.10, mask4 ratio: 0.82
2026-01-22 18:57:12,168 - root - INFO - mask1 ratio: 0.01, mask2 ratio: 0.03, mask3 ratio: 0.10, mask4 ratio: 0.86
2026-01-22 18:57:12,431 - root - INFO - mask1 ratio: 0.01, mask2 ratio: 0.04, mask3 ratio: 0.11, mask4 ratio: 0.84
2026-01-22 18:57:12,697 - root - INFO - mask1 ratio: 0.01, mask2 ratio: 0.08, mask3 ratio: 0.10, mask4 ratio: 0.81
2026-01-22 18:57:12,960 - root - INFO - mask1 ratio: 0.01, mask2 ratio: 0.03, mask3 ratio: 0.10, mask4 ratio: 0.86
2026-01-22 18:57:13,225 - root - INFO - mask1 ratio: 0.01, mask2 ratio: 0.07, mask3 ratio: 0.10, mask4 ratio: 0.81
2026-01-22 18:57:13,487 - root - INFO - mask1 ratio: 0.01, mask2 ratio: 0.04, mask3 ratio: 0.10, mask4 ratio: 0.85
2026-01-22 18:57:13,751 - root - INFO - mask1 ratio: 0.01, mask2 ratio: 0.04, mask3 ratio: 0.10, mask4 ratio: 0.85
2026-01-22 18:57:14,015 - root - INFO - mask1 ratio: 0.01, mask2 ratio: 0.03, mask3 ratio: 0.11, mask4 ratio: 0.85
2026-01-22 18:57:14,313 - root - INFO - mask1 ratio: 0.01, mask2 ratio: 0.02, mask3 ratio: 0.10, mask4 ratio: 0.87
2026-01-22 18:57:14,605 - root - INFO - mask1 ratio: 0.01, mask2 ratio: 0.06, mask3 ratio: 0.10, mask4 ratio: 0.83
2026-01-22 18:57:14,870 - root - INFO - mask1 ratio: 0.01, mask2 ratio: 0.04, mask3 ratio: 0.10, mask4 ratio: 0.85
2026-01-22 18:57:15,132 - root - INFO - mask1 ratio: 0.01, mask2 ratio: 0.02, mask3 ratio: 0.10, mask4 ratio: 0.87
2026-01-22 18:57:15,162 - root - INFO - time 6.50
2026-01-22 18:57:15,170 - root - INFO - 21 mlp.down_proj
2026-01-22 18:57:15,170 - root - INFO - Quantizing ...
2026-01-22 18:57:15,421 - root - INFO - mask1 ratio: 0.01, mask2 ratio: 0.03, mask3 ratio: 0.10, mask4 ratio: 0.86
2026-01-22 18:57:15,636 - root - INFO - mask1 ratio: 0.01, mask2 ratio: 0.04, mask3 ratio: 0.10, mask4 ratio: 0.85
2026-01-22 18:57:15,850 - root - INFO - mask1 ratio: 0.01, mask2 ratio: 0.03, mask3 ratio: 0.10, mask4 ratio: 0.86
2026-01-22 18:57:16,067 - root - INFO - mask1 ratio: 0.01, mask2 ratio: 0.07, mask3 ratio: 0.10, mask4 ratio: 0.81
2026-01-22 18:57:16,283 - root - INFO - mask1 ratio: 0.02, mask2 ratio: 0.08, mask3 ratio: 0.10, mask4 ratio: 0.81
2026-01-22 18:57:16,497 - root - INFO - mask1 ratio: 0.01, mask2 ratio: 0.04, mask3 ratio: 0.10, mask4 ratio: 0.85
2026-01-22 18:57:16,717 - root - INFO - mask1 ratio: 0.01, mask2 ratio: 0.02, mask3 ratio: 0.10, mask4 ratio: 0.87
2026-01-22 18:57:16,932 - root - INFO - mask1 ratio: 0.01, mask2 ratio: 0.02, mask3 ratio: 0.10, mask4 ratio: 0.88
2026-01-22 18:57:17,146 - root - INFO - mask1 ratio: 0.01, mask2 ratio: 0.08, mask3 ratio: 0.10, mask4 ratio: 0.81
2026-01-22 18:57:17,372 - root - INFO - mask1 ratio: 0.01, mask2 ratio: 0.04, mask3 ratio: 0.10, mask4 ratio: 0.85
2026-01-22 18:57:17,589 - root - INFO - mask1 ratio: 0.01, mask2 ratio: 0.05, mask3 ratio: 0.10, mask4 ratio: 0.84
2026-01-22 18:57:17,801 - root - INFO - mask1 ratio: 0.01, mask2 ratio: 0.04, mask3 ratio: 0.10, mask4 ratio: 0.85
2026-01-22 18:57:18,015 - root - INFO - mask1 ratio: 0.01, mask2 ratio: 0.00, mask3 ratio: 0.10, mask4 ratio: 0.88
2026-01-22 18:57:18,258 - root - INFO - mask1 ratio: 0.01, mask2 ratio: 0.04, mask3 ratio: 0.10, mask4 ratio: 0.85
2026-01-22 18:57:18,543 - root - INFO - mask1 ratio: 0.02, mask2 ratio: 0.05, mask3 ratio: 0.10, mask4 ratio: 0.83
2026-01-22 18:57:18,779 - root - INFO - mask1 ratio: 0.02, mask2 ratio: 0.06, mask3 ratio: 0.10, mask4 ratio: 0.82
2026-01-22 18:57:18,995 - root - INFO - mask1 ratio: 0.00, mask2 ratio: 0.02, mask3 ratio: 0.10, mask4 ratio: 0.88
2026-01-22 18:57:19,210 - root - INFO - mask1 ratio: 0.02, mask2 ratio: 0.05, mask3 ratio: 0.10, mask4 ratio: 0.83
2026-01-22 18:57:19,425 - root - INFO - mask1 ratio: 0.01, mask2 ratio: 0.03, mask3 ratio: 0.10, mask4 ratio: 0.87
2026-01-22 18:57:19,639 - root - INFO - mask1 ratio: 0.01, mask2 ratio: 0.02, mask3 ratio: 0.10, mask4 ratio: 0.87
2026-01-22 18:57:19,854 - root - INFO - mask1 ratio: 0.01, mask2 ratio: 0.02, mask3 ratio: 0.10, mask4 ratio: 0.88
2026-01-22 18:57:20,074 - root - INFO - mask1 ratio: 0.01, mask2 ratio: 0.02, mask3 ratio: 0.10, mask4 ratio: 0.87
2026-01-22 18:57:20,292 - root - INFO - mask1 ratio: 0.01, mask2 ratio: 0.02, mask3 ratio: 0.10, mask4 ratio: 0.87
2026-01-22 18:57:20,525 - root - INFO - mask1 ratio: 0.01, mask2 ratio: 0.04, mask3 ratio: 0.10, mask4 ratio: 0.85
2026-01-22 18:57:20,763 - root - INFO - mask1 ratio: 0.01, mask2 ratio: 0.04, mask3 ratio: 0.10, mask4 ratio: 0.85
2026-01-22 18:57:21,000 - root - INFO - mask1 ratio: 0.01, mask2 ratio: 0.05, mask3 ratio: 0.10, mask4 ratio: 0.85
2026-01-22 18:57:21,219 - root - INFO - mask1 ratio: 0.01, mask2 ratio: 0.02, mask3 ratio: 0.10, mask4 ratio: 0.87
2026-01-22 18:57:21,449 - root - INFO - mask1 ratio: 0.01, mask2 ratio: 0.06, mask3 ratio: 0.10, mask4 ratio: 0.83
2026-01-22 18:57:21,676 - root - INFO - mask1 ratio: 0.01, mask2 ratio: 0.05, mask3 ratio: 0.10, mask4 ratio: 0.84
2026-01-22 18:57:21,909 - root - INFO - mask1 ratio: 0.01, mask2 ratio: 0.03, mask3 ratio: 0.10, mask4 ratio: 0.86
2026-01-22 18:57:22,134 - root - INFO - mask1 ratio: 0.01, mask2 ratio: 0.03, mask3 ratio: 0.10, mask4 ratio: 0.86
2026-01-22 18:57:22,395 - root - INFO - mask1 ratio: 0.00, mask2 ratio: 0.04, mask3 ratio: 0.10, mask4 ratio: 0.85
2026-01-22 18:57:22,648 - root - INFO - mask1 ratio: 0.00, mask2 ratio: 0.02, mask3 ratio: 0.10, mask4 ratio: 0.88
2026-01-22 18:57:22,871 - root - INFO - mask1 ratio: 0.01, mask2 ratio: 0.02, mask3 ratio: 0.10, mask4 ratio: 0.87
2026-01-22 18:57:23,090 - root - INFO - mask1 ratio: 0.01, mask2 ratio: 0.02, mask3 ratio: 0.10, mask4 ratio: 0.88
2026-01-22 18:57:23,312 - root - INFO - mask1 ratio: 0.01, mask2 ratio: 0.02, mask3 ratio: 0.10, mask4 ratio: 0.87
2026-01-22 18:57:23,549 - root - INFO - mask1 ratio: 0.02, mask2 ratio: 0.05, mask3 ratio: 0.10, mask4 ratio: 0.83
2026-01-22 18:57:23,791 - root - INFO - mask1 ratio: 0.01, mask2 ratio: 0.02, mask3 ratio: 0.10, mask4 ratio: 0.88
2026-01-22 18:57:24,039 - root - INFO - mask1 ratio: 0.01, mask2 ratio: 0.03, mask3 ratio: 0.10, mask4 ratio: 0.86
2026-01-22 18:57:24,256 - root - INFO - mask1 ratio: 0.00, mask2 ratio: 0.02, mask3 ratio: 0.10, mask4 ratio: 0.88
2026-01-22 18:57:24,482 - root - INFO - mask1 ratio: 0.01, mask2 ratio: 0.04, mask3 ratio: 0.10, mask4 ratio: 0.85
2026-01-22 18:57:24,720 - root - INFO - mask1 ratio: 0.01, mask2 ratio: 0.02, mask3 ratio: 0.10, mask4 ratio: 0.88
2026-01-22 18:57:24,942 - root - INFO - mask1 ratio: 0.01, mask2 ratio: 0.04, mask3 ratio: 0.10, mask4 ratio: 0.85
2026-01-22 18:57:25,164 - root - INFO - mask1 ratio: 0.02, mask2 ratio: 0.08, mask3 ratio: 0.10, mask4 ratio: 0.80
2026-01-22 18:57:25,392 - root - INFO - mask1 ratio: 0.01, mask2 ratio: 0.02, mask3 ratio: 0.10, mask4 ratio: 0.87
2026-01-22 18:57:25,625 - root - INFO - mask1 ratio: 0.01, mask2 ratio: 0.04, mask3 ratio: 0.10, mask4 ratio: 0.85
2026-01-22 18:57:25,848 - root - INFO - mask1 ratio: 0.01, mask2 ratio: 0.04, mask3 ratio: 0.10, mask4 ratio: 0.85
2026-01-22 18:57:26,066 - root - INFO - mask1 ratio: 0.01, mask2 ratio: 0.03, mask3 ratio: 0.10, mask4 ratio: 0.86
2026-01-22 18:57:26,287 - root - INFO - mask1 ratio: 0.01, mask2 ratio: 0.04, mask3 ratio: 0.10, mask4 ratio: 0.85
2026-01-22 18:57:26,606 - root - INFO - mask1 ratio: 0.01, mask2 ratio: 0.02, mask3 ratio: 0.10, mask4 ratio: 0.88
2026-01-22 18:57:26,850 - root - INFO - mask1 ratio: 0.01, mask2 ratio: 0.02, mask3 ratio: 0.10, mask4 ratio: 0.87
2026-01-22 18:57:27,069 - root - INFO - mask1 ratio: 0.02, mask2 ratio: 0.07, mask3 ratio: 0.10, mask4 ratio: 0.81
2026-01-22 18:57:27,300 - root - INFO - mask1 ratio: 0.01, mask2 ratio: 0.04, mask3 ratio: 0.10, mask4 ratio: 0.85
2026-01-22 18:57:27,524 - root - INFO - mask1 ratio: 0.01, mask2 ratio: 0.05, mask3 ratio: 0.10, mask4 ratio: 0.84
2026-01-22 18:57:27,759 - root - INFO - mask1 ratio: 0.01, mask2 ratio: 0.04, mask3 ratio: 0.10, mask4 ratio: 0.85
2026-01-22 18:57:27,980 - root - INFO - mask1 ratio: 0.01, mask2 ratio: 0.02, mask3 ratio: 0.10, mask4 ratio: 0.88
2026-01-22 18:57:28,200 - root - INFO - mask1 ratio: 0.00, mask2 ratio: 0.02, mask3 ratio: 0.10, mask4 ratio: 0.88
2026-01-22 18:57:28,417 - root - INFO - mask1 ratio: 0.01, mask2 ratio: 0.02, mask3 ratio: 0.10, mask4 ratio: 0.87
2026-01-22 18:57:28,633 - root - INFO - mask1 ratio: 0.01, mask2 ratio: 0.04, mask3 ratio: 0.10, mask4 ratio: 0.85
2026-01-22 18:57:28,848 - root - INFO - mask1 ratio: 0.01, mask2 ratio: 0.02, mask3 ratio: 0.10, mask4 ratio: 0.87
2026-01-22 18:57:29,064 - root - INFO - mask1 ratio: 0.01, mask2 ratio: 0.02, mask3 ratio: 0.10, mask4 ratio: 0.87
2026-01-22 18:57:29,282 - root - INFO - mask1 ratio: 0.01, mask2 ratio: 0.06, mask3 ratio: 0.10, mask4 ratio: 0.83
2026-01-22 18:57:29,497 - root - INFO - mask1 ratio: 0.01, mask2 ratio: 0.02, mask3 ratio: 0.10, mask4 ratio: 0.87
2026-01-22 18:57:29,714 - root - INFO - mask1 ratio: 0.02, mask2 ratio: 0.07, mask3 ratio: 0.10, mask4 ratio: 0.81
2026-01-22 18:57:29,741 - root - INFO - time 14.57
2026-01-22 18:57:32,281 - root - INFO - 22 self_attn.q_proj
2026-01-22 18:57:32,281 - root - INFO - Quantizing ...
2026-01-22 18:57:32,689 - root - INFO - mask1 ratio: 0.00, mask2 ratio: 0.02, mask3 ratio: 0.10, mask4 ratio: 0.88
2026-01-22 18:57:32,955 - root - INFO - mask1 ratio: 0.00, mask2 ratio: 0.02, mask3 ratio: 0.10, mask4 ratio: 0.88
2026-01-22 18:57:33,170 - root - INFO - mask1 ratio: 0.00, mask2 ratio: 0.02, mask3 ratio: 0.10, mask4 ratio: 0.88
2026-01-22 18:57:33,387 - root - INFO - mask1 ratio: 0.01, mask2 ratio: 0.06, mask3 ratio: 0.10, mask4 ratio: 0.84
2026-01-22 18:57:33,602 - root - INFO - mask1 ratio: 0.00, mask2 ratio: 0.03, mask3 ratio: 0.10, mask4 ratio: 0.87
2026-01-22 18:57:33,817 - root - INFO - mask1 ratio: 0.01, mask2 ratio: 0.06, mask3 ratio: 0.10, mask4 ratio: 0.84
2026-01-22 18:57:34,031 - root - INFO - mask1 ratio: 0.00, mask2 ratio: 0.03, mask3 ratio: 0.10, mask4 ratio: 0.87
2026-01-22 18:57:34,246 - root - INFO - mask1 ratio: 0.00, mask2 ratio: 0.02, mask3 ratio: 0.10, mask4 ratio: 0.88
2026-01-22 18:57:34,462 - root - INFO - mask1 ratio: 0.01, mask2 ratio: 0.05, mask3 ratio: 0.10, mask4 ratio: 0.85
2026-01-22 18:57:34,677 - root - INFO - mask1 ratio: 0.00, mask2 ratio: 0.03, mask3 ratio: 0.10, mask4 ratio: 0.87
2026-01-22 18:57:34,893 - root - INFO - mask1 ratio: 0.00, mask2 ratio: 0.03, mask3 ratio: 0.10, mask4 ratio: 0.87
2026-01-22 18:57:35,107 - root - INFO - mask1 ratio: 0.01, mask2 ratio: 0.07, mask3 ratio: 0.10, mask4 ratio: 0.82
2026-01-22 18:57:35,321 - root - INFO - mask1 ratio: 0.00, mask2 ratio: 0.04, mask3 ratio: 0.10, mask4 ratio: 0.86
2026-01-22 18:57:35,538 - root - INFO - mask1 ratio: 0.00, mask2 ratio: 0.02, mask3 ratio: 0.10, mask4 ratio: 0.88
2026-01-22 18:57:35,752 - root - INFO - mask1 ratio: 0.00, mask2 ratio: 0.03, mask3 ratio: 0.10, mask4 ratio: 0.87
2026-01-22 18:57:35,965 - root - INFO - mask1 ratio: 0.00, mask2 ratio: 0.03, mask3 ratio: 0.10, mask4 ratio: 0.87
2026-01-22 18:57:36,178 - root - INFO - mask1 ratio: 0.00, mask2 ratio: 0.02, mask3 ratio: 0.10, mask4 ratio: 0.88
2026-01-22 18:57:36,392 - root - INFO - mask1 ratio: 0.00, mask2 ratio: 0.02, mask3 ratio: 0.10, mask4 ratio: 0.88
2026-01-22 18:57:36,607 - root - INFO - mask1 ratio: 0.00, mask2 ratio: 0.03, mask3 ratio: 0.10, mask4 ratio: 0.87
2026-01-22 18:57:36,920 - root - INFO - mask1 ratio: 0.00, mask2 ratio: 0.03, mask3 ratio: 0.10, mask4 ratio: 0.87
2026-01-22 18:57:37,134 - root - INFO - mask1 ratio: 0.00, mask2 ratio: 0.02, mask3 ratio: 0.10, mask4 ratio: 0.88
2026-01-22 18:57:37,350 - root - INFO - mask1 ratio: 0.00, mask2 ratio: 0.02, mask3 ratio: 0.10, mask4 ratio: 0.88
2026-01-22 18:57:37,566 - root - INFO - mask1 ratio: 0.00, mask2 ratio: 0.04, mask3 ratio: 0.10, mask4 ratio: 0.86
2026-01-22 18:57:37,781 - root - INFO - mask1 ratio: 0.01, mask2 ratio: 0.05, mask3 ratio: 0.10, mask4 ratio: 0.84
2026-01-22 18:57:37,808 - root - INFO - time 5.53
2026-01-22 18:57:37,817 - root - INFO - 22 self_attn.k_proj
2026-01-22 18:57:37,818 - root - INFO - Quantizing ...
2026-01-22 18:57:37,999 - root - INFO - mask1 ratio: 0.00, mask2 ratio: 0.02, mask3 ratio: 0.10, mask4 ratio: 0.88
2026-01-22 18:57:38,203 - root - INFO - mask1 ratio: 0.00, mask2 ratio: 0.03, mask3 ratio: 0.10, mask4 ratio: 0.87
2026-01-22 18:57:38,401 - root - INFO - mask1 ratio: 0.00, mask2 ratio: 0.02, mask3 ratio: 0.10, mask4 ratio: 0.88
2026-01-22 18:57:38,600 - root - INFO - mask1 ratio: 0.01, mask2 ratio: 0.03, mask3 ratio: 0.10, mask4 ratio: 0.86
2026-01-22 18:57:38,799 - root - INFO - mask1 ratio: 0.00, mask2 ratio: 0.03, mask3 ratio: 0.10, mask4 ratio: 0.87
2026-01-22 18:57:38,997 - root - INFO - mask1 ratio: 0.00, mask2 ratio: 0.03, mask3 ratio: 0.10, mask4 ratio: 0.87
2026-01-22 18:57:39,195 - root - INFO - mask1 ratio: 0.00, mask2 ratio: 0.04, mask3 ratio: 0.10, mask4 ratio: 0.86
2026-01-22 18:57:39,393 - root - INFO - mask1 ratio: 0.00, mask2 ratio: 0.02, mask3 ratio: 0.10, mask4 ratio: 0.88
2026-01-22 18:57:39,591 - root - INFO - mask1 ratio: 0.01, mask2 ratio: 0.03, mask3 ratio: 0.10, mask4 ratio: 0.86
2026-01-22 18:57:39,790 - root - INFO - mask1 ratio: 0.00, mask2 ratio: 0.02, mask3 ratio: 0.10, mask4 ratio: 0.88
2026-01-22 18:57:39,988 - root - INFO - mask1 ratio: 0.00, mask2 ratio: 0.03, mask3 ratio: 0.10, mask4 ratio: 0.87
2026-01-22 18:57:40,188 - root - INFO - mask1 ratio: 0.00, mask2 ratio: 0.03, mask3 ratio: 0.10, mask4 ratio: 0.87
2026-01-22 18:57:40,385 - root - INFO - mask1 ratio: 0.00, mask2 ratio: 0.02, mask3 ratio: 0.10, mask4 ratio: 0.88
2026-01-22 18:57:40,587 - root - INFO - mask1 ratio: 0.00, mask2 ratio: 0.03, mask3 ratio: 0.10, mask4 ratio: 0.87
2026-01-22 18:57:40,786 - root - INFO - mask1 ratio: 0.00, mask2 ratio: 0.03, mask3 ratio: 0.10, mask4 ratio: 0.87
2026-01-22 18:57:41,033 - root - INFO - mask1 ratio: 0.00, mask2 ratio: 0.03, mask3 ratio: 0.10, mask4 ratio: 0.87
2026-01-22 18:57:41,244 - root - INFO - mask1 ratio: 0.00, mask2 ratio: 0.02, mask3 ratio: 0.10, mask4 ratio: 0.88
2026-01-22 18:57:41,441 - root - INFO - mask1 ratio: 0.00, mask2 ratio: 0.03, mask3 ratio: 0.10, mask4 ratio: 0.87
2026-01-22 18:57:41,638 - root - INFO - mask1 ratio: 0.00, mask2 ratio: 0.03, mask3 ratio: 0.10, mask4 ratio: 0.87
2026-01-22 18:57:41,836 - root - INFO - mask1 ratio: 0.00, mask2 ratio: 0.03, mask3 ratio: 0.10, mask4 ratio: 0.87
2026-01-22 18:57:42,033 - root - INFO - mask1 ratio: 0.00, mask2 ratio: 0.02, mask3 ratio: 0.10, mask4 ratio: 0.88
2026-01-22 18:57:42,231 - root - INFO - mask1 ratio: 0.00, mask2 ratio: 0.02, mask3 ratio: 0.10, mask4 ratio: 0.88
2026-01-22 18:57:42,429 - root - INFO - mask1 ratio: 0.00, mask2 ratio: 0.03, mask3 ratio: 0.10, mask4 ratio: 0.87
2026-01-22 18:57:42,629 - root - INFO - mask1 ratio: 0.01, mask2 ratio: 0.04, mask3 ratio: 0.10, mask4 ratio: 0.85
2026-01-22 18:57:42,656 - root - INFO - time 4.84
2026-01-22 18:57:42,659 - root - INFO - 22 self_attn.v_proj
2026-01-22 18:57:42,659 - root - INFO - Quantizing ...
2026-01-22 18:57:42,841 - root - INFO - mask1 ratio: 0.01, mask2 ratio: 0.05, mask3 ratio: 0.10, mask4 ratio: 0.85
2026-01-22 18:57:43,040 - root - INFO - mask1 ratio: 0.00, mask2 ratio: 0.04, mask3 ratio: 0.10, mask4 ratio: 0.86
2026-01-22 18:57:43,237 - root - INFO - mask1 ratio: 0.00, mask2 ratio: 0.03, mask3 ratio: 0.10, mask4 ratio: 0.87
2026-01-22 18:57:43,434 - root - INFO - mask1 ratio: 0.00, mask2 ratio: 0.04, mask3 ratio: 0.10, mask4 ratio: 0.85
2026-01-22 18:57:43,631 - root - INFO - mask1 ratio: 0.01, mask2 ratio: 0.04, mask3 ratio: 0.10, mask4 ratio: 0.85
2026-01-22 18:57:43,833 - root - INFO - mask1 ratio: 0.00, mask2 ratio: 0.03, mask3 ratio: 0.10, mask4 ratio: 0.86
2026-01-22 18:57:44,031 - root - INFO - mask1 ratio: 0.00, mask2 ratio: 0.03, mask3 ratio: 0.10, mask4 ratio: 0.87
2026-01-22 18:57:44,229 - root - INFO - mask1 ratio: 0.00, mask2 ratio: 0.02, mask3 ratio: 0.10, mask4 ratio: 0.88
2026-01-22 18:57:44,429 - root - INFO - mask1 ratio: 0.00, mask2 ratio: 0.03, mask3 ratio: 0.10, mask4 ratio: 0.87
2026-01-22 18:57:44,627 - root - INFO - mask1 ratio: 0.00, mask2 ratio: 0.04, mask3 ratio: 0.10, mask4 ratio: 0.86
2026-01-22 18:57:44,828 - root - INFO - mask1 ratio: 0.00, mask2 ratio: 0.04, mask3 ratio: 0.10, mask4 ratio: 0.85
2026-01-22 18:57:45,026 - root - INFO - mask1 ratio: 0.00, mask2 ratio: 0.04, mask3 ratio: 0.10, mask4 ratio: 0.85
2026-01-22 18:57:45,293 - root - INFO - mask1 ratio: 0.00, mask2 ratio: 0.04, mask3 ratio: 0.10, mask4 ratio: 0.86
2026-01-22 18:57:45,522 - root - INFO - mask1 ratio: 0.01, mask2 ratio: 0.05, mask3 ratio: 0.10, mask4 ratio: 0.85
2026-01-22 18:57:45,721 - root - INFO - mask1 ratio: 0.00, mask2 ratio: 0.03, mask3 ratio: 0.10, mask4 ratio: 0.86
2026-01-22 18:57:45,922 - root - INFO - mask1 ratio: 0.01, mask2 ratio: 0.03, mask3 ratio: 0.10, mask4 ratio: 0.86
2026-01-22 18:57:46,119 - root - INFO - mask1 ratio: 0.01, mask2 ratio: 0.04, mask3 ratio: 0.10, mask4 ratio: 0.85
2026-01-22 18:57:46,318 - root - INFO - mask1 ratio: 0.01, mask2 ratio: 0.03, mask3 ratio: 0.10, mask4 ratio: 0.86
2026-01-22 18:57:46,517 - root - INFO - mask1 ratio: 0.00, mask2 ratio: 0.04, mask3 ratio: 0.10, mask4 ratio: 0.85
2026-01-22 18:57:46,716 - root - INFO - mask1 ratio: 0.00, mask2 ratio: 0.03, mask3 ratio: 0.10, mask4 ratio: 0.87
2026-01-22 18:57:46,915 - root - INFO - mask1 ratio: 0.01, mask2 ratio: 0.06, mask3 ratio: 0.10, mask4 ratio: 0.84
2026-01-22 18:57:47,112 - root - INFO - mask1 ratio: 0.01, mask2 ratio: 0.04, mask3 ratio: 0.10, mask4 ratio: 0.85
2026-01-22 18:57:47,310 - root - INFO - mask1 ratio: 0.00, mask2 ratio: 0.03, mask3 ratio: 0.10, mask4 ratio: 0.87
2026-01-22 18:57:47,480 - root - INFO - mask1 ratio: 0.00, mask2 ratio: 0.03, mask3 ratio: 0.10, mask4 ratio: 0.87
2026-01-22 18:57:47,506 - root - INFO - time 4.85
2026-01-22 18:57:47,510 - root - INFO - 22 self_attn.o_proj
2026-01-22 18:57:47,510 - root - INFO - Quantizing ...
2026-01-22 18:57:47,699 - root - INFO - mask1 ratio: 0.01, mask2 ratio: 0.02, mask3 ratio: 0.10, mask4 ratio: 0.88
2026-01-22 18:57:47,916 - root - INFO - mask1 ratio: 0.02, mask2 ratio: 0.12, mask3 ratio: 0.10, mask4 ratio: 0.76
2026-01-22 18:57:48,132 - root - INFO - mask1 ratio: 0.01, mask2 ratio: 0.02, mask3 ratio: 0.10, mask4 ratio: 0.87
2026-01-22 18:57:48,345 - root - INFO - mask1 ratio: 0.01, mask2 ratio: 0.03, mask3 ratio: 0.10, mask4 ratio: 0.86
2026-01-22 18:57:48,560 - root - INFO - mask1 ratio: 0.03, mask2 ratio: 0.13, mask3 ratio: 0.10, mask4 ratio: 0.74
2026-01-22 18:57:48,775 - root - INFO - mask1 ratio: 0.03, mask2 ratio: 0.17, mask3 ratio: 0.10, mask4 ratio: 0.70
2026-01-22 18:57:48,991 - root - INFO - mask1 ratio: 0.02, mask2 ratio: 0.13, mask3 ratio: 0.10, mask4 ratio: 0.74
2026-01-22 18:57:49,204 - root - INFO - mask1 ratio: 0.01, mask2 ratio: 0.06, mask3 ratio: 0.10, mask4 ratio: 0.84
2026-01-22 18:57:49,418 - root - INFO - mask1 ratio: 0.01, mask2 ratio: 0.05, mask3 ratio: 0.10, mask4 ratio: 0.84
2026-01-22 18:57:49,703 - root - INFO - mask1 ratio: 0.03, mask2 ratio: 0.20, mask3 ratio: 0.10, mask4 ratio: 0.67
2026-01-22 18:57:49,918 - root - INFO - mask1 ratio: 0.04, mask2 ratio: 0.29, mask3 ratio: 0.10, mask4 ratio: 0.58
2026-01-22 18:57:50,132 - root - INFO - mask1 ratio: 0.01, mask2 ratio: 0.05, mask3 ratio: 0.10, mask4 ratio: 0.84
2026-01-22 18:57:50,345 - root - INFO - mask1 ratio: 0.01, mask2 ratio: 0.02, mask3 ratio: 0.11, mask4 ratio: 0.87
2026-01-22 18:57:50,579 - root - INFO - mask1 ratio: 0.01, mask2 ratio: 0.04, mask3 ratio: 0.10, mask4 ratio: 0.85
2026-01-22 18:57:50,796 - root - INFO - mask1 ratio: 0.02, mask2 ratio: 0.15, mask3 ratio: 0.10, mask4 ratio: 0.73
2026-01-22 18:57:51,010 - root - INFO - mask1 ratio: 0.00, mask2 ratio: 0.02, mask3 ratio: 0.10, mask4 ratio: 0.88
2026-01-22 18:57:51,223 - root - INFO - mask1 ratio: 0.00, mask2 ratio: 0.03, mask3 ratio: 0.10, mask4 ratio: 0.87
2026-01-22 18:57:51,437 - root - INFO - mask1 ratio: 0.01, mask2 ratio: 0.06, mask3 ratio: 0.10, mask4 ratio: 0.84
2026-01-22 18:57:51,650 - root - INFO - mask1 ratio: 0.00, mask2 ratio: 0.02, mask3 ratio: 0.10, mask4 ratio: 0.88
2026-01-22 18:57:51,863 - root - INFO - mask1 ratio: 0.01, mask2 ratio: 0.02, mask3 ratio: 0.10, mask4 ratio: 0.88
2026-01-22 18:57:52,079 - root - INFO - mask1 ratio: 0.01, mask2 ratio: 0.02, mask3 ratio: 0.10, mask4 ratio: 0.87
2026-01-22 18:57:52,293 - root - INFO - mask1 ratio: 0.01, mask2 ratio: 0.02, mask3 ratio: 0.10, mask4 ratio: 0.87
2026-01-22 18:57:52,506 - root - INFO - mask1 ratio: 0.01, mask2 ratio: 0.02, mask3 ratio: 0.10, mask4 ratio: 0.87
2026-01-22 18:57:52,718 - root - INFO - mask1 ratio: 0.01, mask2 ratio: 0.02, mask3 ratio: 0.10, mask4 ratio: 0.88
2026-01-22 18:57:52,744 - root - INFO - time 5.23
2026-01-22 18:57:52,748 - root - INFO - 22 mlp.gate_proj
2026-01-22 18:57:52,748 - root - INFO - Quantizing ...
2026-01-22 18:57:52,993 - root - INFO - mask1 ratio: 0.00, mask2 ratio: 0.04, mask3 ratio: 0.10, mask4 ratio: 0.85
2026-01-22 18:57:53,256 - root - INFO - mask1 ratio: 0.01, mask2 ratio: 0.06, mask3 ratio: 0.10, mask4 ratio: 0.84
2026-01-22 18:57:53,620 - root - INFO - mask1 ratio: 0.01, mask2 ratio: 0.03, mask3 ratio: 0.10, mask4 ratio: 0.86
2026-01-22 18:57:53,886 - root - INFO - mask1 ratio: 0.01, mask2 ratio: 0.06, mask3 ratio: 0.10, mask4 ratio: 0.84
2026-01-22 18:57:54,151 - root - INFO - mask1 ratio: 0.01, mask2 ratio: 0.03, mask3 ratio: 0.10, mask4 ratio: 0.87
2026-01-22 18:57:54,413 - root - INFO - mask1 ratio: 0.00, mask2 ratio: 0.03, mask3 ratio: 0.10, mask4 ratio: 0.86
2026-01-22 18:57:54,676 - root - INFO - mask1 ratio: 0.00, mask2 ratio: 0.04, mask3 ratio: 0.10, mask4 ratio: 0.86
2026-01-22 18:57:54,938 - root - INFO - mask1 ratio: 0.00, mask2 ratio: 0.03, mask3 ratio: 0.10, mask4 ratio: 0.86
2026-01-22 18:57:55,200 - root - INFO - mask1 ratio: 0.01, mask2 ratio: 0.04, mask3 ratio: 0.10, mask4 ratio: 0.85
2026-01-22 18:57:55,469 - root - INFO - mask1 ratio: 0.01, mask2 ratio: 0.05, mask3 ratio: 0.10, mask4 ratio: 0.85
2026-01-22 18:57:55,735 - root - INFO - mask1 ratio: 0.01, mask2 ratio: 0.05, mask3 ratio: 0.10, mask4 ratio: 0.85
2026-01-22 18:57:55,997 - root - INFO - mask1 ratio: 0.01, mask2 ratio: 0.06, mask3 ratio: 0.10, mask4 ratio: 0.83
2026-01-22 18:57:56,265 - root - INFO - mask1 ratio: 0.01, mask2 ratio: 0.03, mask3 ratio: 0.10, mask4 ratio: 0.86
2026-01-22 18:57:56,528 - root - INFO - mask1 ratio: 0.00, mask2 ratio: 0.04, mask3 ratio: 0.10, mask4 ratio: 0.85
2026-01-22 18:57:56,790 - root - INFO - mask1 ratio: 0.00, mask2 ratio: 0.03, mask3 ratio: 0.10, mask4 ratio: 0.86
2026-01-22 18:57:57,049 - root - INFO - mask1 ratio: 0.01, mask2 ratio: 0.02, mask3 ratio: 0.10, mask4 ratio: 0.87
2026-01-22 18:57:57,376 - root - INFO - mask1 ratio: 0.01, mask2 ratio: 0.03, mask3 ratio: 0.10, mask4 ratio: 0.86
2026-01-22 18:57:57,637 - root - INFO - mask1 ratio: 0.01, mask2 ratio: 0.05, mask3 ratio: 0.10, mask4 ratio: 0.85
2026-01-22 18:57:57,899 - root - INFO - mask1 ratio: 0.01, mask2 ratio: 0.05, mask3 ratio: 0.10, mask4 ratio: 0.85
2026-01-22 18:57:58,161 - root - INFO - mask1 ratio: 0.00, mask2 ratio: 0.04, mask3 ratio: 0.10, mask4 ratio: 0.86
2026-01-22 18:57:58,425 - root - INFO - mask1 ratio: 0.00, mask2 ratio: 0.04, mask3 ratio: 0.10, mask4 ratio: 0.85
2026-01-22 18:57:58,686 - root - INFO - mask1 ratio: 0.01, mask2 ratio: 0.05, mask3 ratio: 0.10, mask4 ratio: 0.84
2026-01-22 18:57:58,947 - root - INFO - mask1 ratio: 0.00, mask2 ratio: 0.03, mask3 ratio: 0.10, mask4 ratio: 0.87
2026-01-22 18:57:59,209 - root - INFO - mask1 ratio: 0.01, mask2 ratio: 0.03, mask3 ratio: 0.10, mask4 ratio: 0.87
2026-01-22 18:57:59,239 - root - INFO - time 6.49
2026-01-22 18:57:59,246 - root - INFO - 22 mlp.up_proj
2026-01-22 18:57:59,246 - root - INFO - Quantizing ...
2026-01-22 18:57:59,487 - root - INFO - mask1 ratio: 0.01, mask2 ratio: 0.06, mask3 ratio: 0.10, mask4 ratio: 0.83
2026-01-22 18:57:59,748 - root - INFO - mask1 ratio: 0.01, mask2 ratio: 0.04, mask3 ratio: 0.11, mask4 ratio: 0.84
2026-01-22 18:58:00,010 - root - INFO - mask1 ratio: 0.01, mask2 ratio: 0.03, mask3 ratio: 0.11, mask4 ratio: 0.85
2026-01-22 18:58:00,275 - root - INFO - mask1 ratio: 0.01, mask2 ratio: 0.06, mask3 ratio: 0.10, mask4 ratio: 0.83
2026-01-22 18:58:00,537 - root - INFO - mask1 ratio: 0.01, mask2 ratio: 0.05, mask3 ratio: 0.10, mask4 ratio: 0.84
2026-01-22 18:58:00,797 - root - INFO - mask1 ratio: 0.01, mask2 ratio: 0.04, mask3 ratio: 0.11, mask4 ratio: 0.84
2026-01-22 18:58:01,165 - root - INFO - mask1 ratio: 0.01, mask2 ratio: 0.07, mask3 ratio: 0.10, mask4 ratio: 0.81
2026-01-22 18:58:01,425 - root - INFO - mask1 ratio: 0.01, mask2 ratio: 0.04, mask3 ratio: 0.10, mask4 ratio: 0.85
2026-01-22 18:58:01,689 - root - INFO - mask1 ratio: 0.02, mask2 ratio: 0.06, mask3 ratio: 0.10, mask4 ratio: 0.82
2026-01-22 18:58:01,950 - root - INFO - mask1 ratio: 0.01, mask2 ratio: 0.04, mask3 ratio: 0.10, mask4 ratio: 0.85
2026-01-22 18:58:02,215 - root - INFO - mask1 ratio: 0.01, mask2 ratio: 0.04, mask3 ratio: 0.10, mask4 ratio: 0.85
2026-01-22 18:58:02,484 - root - INFO - mask1 ratio: 0.01, mask2 ratio: 0.07, mask3 ratio: 0.11, mask4 ratio: 0.81
2026-01-22 18:58:02,747 - root - INFO - mask1 ratio: 0.02, mask2 ratio: 0.07, mask3 ratio: 0.10, mask4 ratio: 0.81
2026-01-22 18:58:03,009 - root - INFO - mask1 ratio: 0.01, mask2 ratio: 0.04, mask3 ratio: 0.10, mask4 ratio: 0.85
2026-01-22 18:58:03,274 - root - INFO - mask1 ratio: 0.02, mask2 ratio: 0.09, mask3 ratio: 0.10, mask4 ratio: 0.80
2026-01-22 18:58:03,540 - root - INFO - mask1 ratio: 0.01, mask2 ratio: 0.03, mask3 ratio: 0.10, mask4 ratio: 0.86
2026-01-22 18:58:03,803 - root - INFO - mask1 ratio: 0.02, mask2 ratio: 0.08, mask3 ratio: 0.10, mask4 ratio: 0.81
2026-01-22 18:58:04,065 - root - INFO - mask1 ratio: 0.01, mask2 ratio: 0.04, mask3 ratio: 0.10, mask4 ratio: 0.85
2026-01-22 18:58:04,327 - root - INFO - mask1 ratio: 0.01, mask2 ratio: 0.05, mask3 ratio: 0.10, mask4 ratio: 0.85
2026-01-22 18:58:04,624 - root - INFO - mask1 ratio: 0.01, mask2 ratio: 0.04, mask3 ratio: 0.11, mask4 ratio: 0.84
2026-01-22 18:58:04,914 - root - INFO - mask1 ratio: 0.01, mask2 ratio: 0.04, mask3 ratio: 0.10, mask4 ratio: 0.85
2026-01-22 18:58:05,179 - root - INFO - mask1 ratio: 0.01, mask2 ratio: 0.06, mask3 ratio: 0.10, mask4 ratio: 0.82
2026-01-22 18:58:05,442 - root - INFO - mask1 ratio: 0.01, mask2 ratio: 0.04, mask3 ratio: 0.10, mask4 ratio: 0.85
2026-01-22 18:58:05,704 - root - INFO - mask1 ratio: 0.01, mask2 ratio: 0.03, mask3 ratio: 0.10, mask4 ratio: 0.86
2026-01-22 18:58:05,733 - root - INFO - time 6.49
2026-01-22 18:58:05,741 - root - INFO - 22 mlp.down_proj
2026-01-22 18:58:05,741 - root - INFO - Quantizing ...
2026-01-22 18:58:05,993 - root - INFO - mask1 ratio: 0.02, mask2 ratio: 0.07, mask3 ratio: 0.10, mask4 ratio: 0.81
2026-01-22 18:58:06,206 - root - INFO - mask1 ratio: 0.01, mask2 ratio: 0.03, mask3 ratio: 0.10, mask4 ratio: 0.86
2026-01-22 18:58:06,421 - root - INFO - mask1 ratio: 0.02, mask2 ratio: 0.07, mask3 ratio: 0.10, mask4 ratio: 0.81
2026-01-22 18:58:06,636 - root - INFO - mask1 ratio: 0.01, mask2 ratio: 0.03, mask3 ratio: 0.10, mask4 ratio: 0.86
2026-01-22 18:58:06,856 - root - INFO - mask1 ratio: 0.01, mask2 ratio: 0.04, mask3 ratio: 0.10, mask4 ratio: 0.85
2026-01-22 18:58:07,076 - root - INFO - mask1 ratio: 0.01, mask2 ratio: 0.04, mask3 ratio: 0.10, mask4 ratio: 0.85
2026-01-22 18:58:07,291 - root - INFO - mask1 ratio: 0.01, mask2 ratio: 0.03, mask3 ratio: 0.10, mask4 ratio: 0.86
2026-01-22 18:58:07,506 - root - INFO - mask1 ratio: 0.01, mask2 ratio: 0.02, mask3 ratio: 0.10, mask4 ratio: 0.87
2026-01-22 18:58:07,721 - root - INFO - mask1 ratio: 0.01, mask2 ratio: 0.03, mask3 ratio: 0.10, mask4 ratio: 0.86
2026-01-22 18:58:07,935 - root - INFO - mask1 ratio: 0.01, mask2 ratio: 0.02, mask3 ratio: 0.10, mask4 ratio: 0.88
2026-01-22 18:58:08,149 - root - INFO - mask1 ratio: 0.02, mask2 ratio: 0.06, mask3 ratio: 0.10, mask4 ratio: 0.82
2026-01-22 18:58:08,364 - root - INFO - mask1 ratio: 0.01, mask2 ratio: 0.03, mask3 ratio: 0.10, mask4 ratio: 0.86
2026-01-22 18:58:08,641 - root - INFO - mask1 ratio: 0.01, mask2 ratio: 0.05, mask3 ratio: 0.10, mask4 ratio: 0.84
2026-01-22 18:58:08,889 - root - INFO - mask1 ratio: 0.01, mask2 ratio: 0.06, mask3 ratio: 0.10, mask4 ratio: 0.83
2026-01-22 18:58:09,103 - root - INFO - mask1 ratio: 0.01, mask2 ratio: 0.02, mask3 ratio: 0.10, mask4 ratio: 0.88
2026-01-22 18:58:09,317 - root - INFO - mask1 ratio: 0.00, mask2 ratio: 0.03, mask3 ratio: 0.10, mask4 ratio: 0.86
2026-01-22 18:58:09,533 - root - INFO - mask1 ratio: 0.01, mask2 ratio: 0.05, mask3 ratio: 0.10, mask4 ratio: 0.84
2026-01-22 18:58:09,748 - root - INFO - mask1 ratio: 0.01, mask2 ratio: 0.04, mask3 ratio: 0.10, mask4 ratio: 0.85
2026-01-22 18:58:09,962 - root - INFO - mask1 ratio: 0.01, mask2 ratio: 0.00, mask3 ratio: 0.10, mask4 ratio: 0.88
2026-01-22 18:58:10,177 - root - INFO - mask1 ratio: 0.01, mask2 ratio: 0.04, mask3 ratio: 0.10, mask4 ratio: 0.85
2026-01-22 18:58:10,392 - root - INFO - mask1 ratio: 0.01, mask2 ratio: 0.03, mask3 ratio: 0.10, mask4 ratio: 0.86
2026-01-22 18:58:10,607 - root - INFO - mask1 ratio: 0.01, mask2 ratio: 0.04, mask3 ratio: 0.10, mask4 ratio: 0.85
2026-01-22 18:58:10,822 - root - INFO - mask1 ratio: 0.00, mask2 ratio: 0.02, mask3 ratio: 0.10, mask4 ratio: 0.88
2026-01-22 18:58:11,037 - root - INFO - mask1 ratio: 0.01, mask2 ratio: 0.02, mask3 ratio: 0.10, mask4 ratio: 0.88
2026-01-22 18:58:11,251 - root - INFO - mask1 ratio: 0.01, mask2 ratio: 0.02, mask3 ratio: 0.10, mask4 ratio: 0.88
2026-01-22 18:58:11,465 - root - INFO - mask1 ratio: 0.01, mask2 ratio: 0.06, mask3 ratio: 0.10, mask4 ratio: 0.83
2026-01-22 18:58:11,681 - root - INFO - mask1 ratio: 0.01, mask2 ratio: 0.04, mask3 ratio: 0.10, mask4 ratio: 0.85
2026-01-22 18:58:11,895 - root - INFO - mask1 ratio: 0.02, mask2 ratio: 0.06, mask3 ratio: 0.10, mask4 ratio: 0.82
2026-01-22 18:58:12,108 - root - INFO - mask1 ratio: 0.01, mask2 ratio: 0.03, mask3 ratio: 0.10, mask4 ratio: 0.86
2026-01-22 18:58:12,322 - root - INFO - mask1 ratio: 0.01, mask2 ratio: 0.02, mask3 ratio: 0.10, mask4 ratio: 0.87
2026-01-22 18:58:12,537 - root - INFO - mask1 ratio: 0.01, mask2 ratio: 0.05, mask3 ratio: 0.10, mask4 ratio: 0.84
2026-01-22 18:58:12,822 - root - INFO - mask1 ratio: 0.01, mask2 ratio: 0.02, mask3 ratio: 0.10, mask4 ratio: 0.87
2026-01-22 18:58:13,036 - root - INFO - mask1 ratio: 0.01, mask2 ratio: 0.02, mask3 ratio: 0.10, mask4 ratio: 0.87
2026-01-22 18:58:13,249 - root - INFO - mask1 ratio: 0.01, mask2 ratio: 0.04, mask3 ratio: 0.10, mask4 ratio: 0.85
2026-01-22 18:58:13,465 - root - INFO - mask1 ratio: 0.01, mask2 ratio: 0.02, mask3 ratio: 0.10, mask4 ratio: 0.87
2026-01-22 18:58:13,680 - root - INFO - mask1 ratio: 0.01, mask2 ratio: 0.00, mask3 ratio: 0.10, mask4 ratio: 0.88
2026-01-22 18:58:13,895 - root - INFO - mask1 ratio: 0.01, mask2 ratio: 0.05, mask3 ratio: 0.10, mask4 ratio: 0.84
2026-01-22 18:58:14,108 - root - INFO - mask1 ratio: 0.01, mask2 ratio: 0.03, mask3 ratio: 0.10, mask4 ratio: 0.86
2026-01-22 18:58:14,322 - root - INFO - mask1 ratio: 0.01, mask2 ratio: 0.04, mask3 ratio: 0.10, mask4 ratio: 0.85
2026-01-22 18:58:14,536 - root - INFO - mask1 ratio: 0.01, mask2 ratio: 0.03, mask3 ratio: 0.10, mask4 ratio: 0.86
2026-01-22 18:58:14,751 - root - INFO - mask1 ratio: 0.01, mask2 ratio: 0.04, mask3 ratio: 0.10, mask4 ratio: 0.85
2026-01-22 18:58:14,965 - root - INFO - mask1 ratio: 0.01, mask2 ratio: 0.02, mask3 ratio: 0.10, mask4 ratio: 0.87
2026-01-22 18:58:15,181 - root - INFO - mask1 ratio: 0.01, mask2 ratio: 0.03, mask3 ratio: 0.10, mask4 ratio: 0.86
2026-01-22 18:58:15,395 - root - INFO - mask1 ratio: 0.01, mask2 ratio: 0.02, mask3 ratio: 0.10, mask4 ratio: 0.87
2026-01-22 18:58:15,609 - root - INFO - mask1 ratio: 0.01, mask2 ratio: 0.02, mask3 ratio: 0.10, mask4 ratio: 0.88
2026-01-22 18:58:15,825 - root - INFO - mask1 ratio: 0.01, mask2 ratio: 0.02, mask3 ratio: 0.10, mask4 ratio: 0.87
2026-01-22 18:58:16,042 - root - INFO - mask1 ratio: 0.01, mask2 ratio: 0.02, mask3 ratio: 0.10, mask4 ratio: 0.87
2026-01-22 18:58:16,255 - root - INFO - mask1 ratio: 0.01, mask2 ratio: 0.04, mask3 ratio: 0.10, mask4 ratio: 0.85
2026-01-22 18:58:16,468 - root - INFO - mask1 ratio: 0.01, mask2 ratio: 0.02, mask3 ratio: 0.10, mask4 ratio: 0.87
2026-01-22 18:58:16,708 - root - INFO - mask1 ratio: 0.01, mask2 ratio: 0.04, mask3 ratio: 0.10, mask4 ratio: 0.85
2026-01-22 18:58:16,997 - root - INFO - mask1 ratio: 0.01, mask2 ratio: 0.02, mask3 ratio: 0.10, mask4 ratio: 0.87
2026-01-22 18:58:17,213 - root - INFO - mask1 ratio: 0.01, mask2 ratio: 0.04, mask3 ratio: 0.10, mask4 ratio: 0.85
2026-01-22 18:58:17,427 - root - INFO - mask1 ratio: 0.01, mask2 ratio: 0.03, mask3 ratio: 0.10, mask4 ratio: 0.86
2026-01-22 18:58:17,641 - root - INFO - mask1 ratio: 0.01, mask2 ratio: 0.02, mask3 ratio: 0.10, mask4 ratio: 0.87
2026-01-22 18:58:17,858 - root - INFO - mask1 ratio: 0.01, mask2 ratio: 0.04, mask3 ratio: 0.10, mask4 ratio: 0.85
2026-01-22 18:58:18,073 - root - INFO - mask1 ratio: 0.01, mask2 ratio: 0.03, mask3 ratio: 0.10, mask4 ratio: 0.86
2026-01-22 18:58:18,288 - root - INFO - mask1 ratio: 0.01, mask2 ratio: 0.03, mask3 ratio: 0.10, mask4 ratio: 0.86
2026-01-22 18:58:18,502 - root - INFO - mask1 ratio: 0.01, mask2 ratio: 0.04, mask3 ratio: 0.10, mask4 ratio: 0.85
2026-01-22 18:58:18,716 - root - INFO - mask1 ratio: 0.01, mask2 ratio: 0.04, mask3 ratio: 0.10, mask4 ratio: 0.85
2026-01-22 18:58:18,932 - root - INFO - mask1 ratio: 0.02, mask2 ratio: 0.05, mask3 ratio: 0.10, mask4 ratio: 0.83
2026-01-22 18:58:19,146 - root - INFO - mask1 ratio: 0.01, mask2 ratio: 0.05, mask3 ratio: 0.10, mask4 ratio: 0.84
2026-01-22 18:58:19,361 - root - INFO - mask1 ratio: 0.02, mask2 ratio: 0.08, mask3 ratio: 0.10, mask4 ratio: 0.81
2026-01-22 18:58:19,574 - root - INFO - mask1 ratio: 0.01, mask2 ratio: 0.05, mask3 ratio: 0.10, mask4 ratio: 0.84
2026-01-22 18:58:19,790 - root - INFO - mask1 ratio: 0.01, mask2 ratio: 0.02, mask3 ratio: 0.10, mask4 ratio: 0.87
2026-01-22 18:58:19,817 - root - INFO - time 14.08
2026-01-22 18:58:22,352 - root - INFO - 23 self_attn.q_proj
2026-01-22 18:58:22,352 - root - INFO - Quantizing ...
2026-01-22 18:58:22,749 - root - INFO - mask1 ratio: 0.00, mask2 ratio: 0.02, mask3 ratio: 0.10, mask4 ratio: 0.88
2026-01-22 18:58:22,994 - root - INFO - mask1 ratio: 0.00, mask2 ratio: 0.02, mask3 ratio: 0.10, mask4 ratio: 0.88
2026-01-22 18:58:23,244 - root - INFO - mask1 ratio: 0.00, mask2 ratio: 0.02, mask3 ratio: 0.10, mask4 ratio: 0.88
2026-01-22 18:58:23,457 - root - INFO - mask1 ratio: 0.01, mask2 ratio: 0.05, mask3 ratio: 0.10, mask4 ratio: 0.85
2026-01-22 18:58:23,671 - root - INFO - mask1 ratio: 0.00, mask2 ratio: 0.03, mask3 ratio: 0.10, mask4 ratio: 0.87
2026-01-22 18:58:23,885 - root - INFO - mask1 ratio: 0.01, mask2 ratio: 0.05, mask3 ratio: 0.10, mask4 ratio: 0.85
2026-01-22 18:58:24,104 - root - INFO - mask1 ratio: 0.00, mask2 ratio: 0.03, mask3 ratio: 0.10, mask4 ratio: 0.87
2026-01-22 18:58:24,317 - root - INFO - mask1 ratio: 0.00, mask2 ratio: 0.02, mask3 ratio: 0.10, mask4 ratio: 0.88
2026-01-22 18:58:24,530 - root - INFO - mask1 ratio: 0.01, mask2 ratio: 0.04, mask3 ratio: 0.10, mask4 ratio: 0.85
2026-01-22 18:58:24,755 - root - INFO - mask1 ratio: 0.00, mask2 ratio: 0.03, mask3 ratio: 0.10, mask4 ratio: 0.87
2026-01-22 18:58:24,981 - root - INFO - mask1 ratio: 0.00, mask2 ratio: 0.03, mask3 ratio: 0.10, mask4 ratio: 0.87
2026-01-22 18:58:25,204 - root - INFO - mask1 ratio: 0.01, mask2 ratio: 0.05, mask3 ratio: 0.10, mask4 ratio: 0.84
2026-01-22 18:58:25,424 - root - INFO - mask1 ratio: 0.00, mask2 ratio: 0.02, mask3 ratio: 0.10, mask4 ratio: 0.88
2026-01-22 18:58:25,637 - root - INFO - mask1 ratio: 0.00, mask2 ratio: 0.03, mask3 ratio: 0.10, mask4 ratio: 0.87
2026-01-22 18:58:25,851 - root - INFO - mask1 ratio: 0.00, mask2 ratio: 0.03, mask3 ratio: 0.10, mask4 ratio: 0.87
2026-01-22 18:58:26,065 - root - INFO - mask1 ratio: 0.00, mask2 ratio: 0.03, mask3 ratio: 0.10, mask4 ratio: 0.87
2026-01-22 18:58:26,278 - root - INFO - mask1 ratio: 0.00, mask2 ratio: 0.02, mask3 ratio: 0.10, mask4 ratio: 0.88
2026-01-22 18:58:26,494 - root - INFO - mask1 ratio: 0.00, mask2 ratio: 0.02, mask3 ratio: 0.10, mask4 ratio: 0.88
2026-01-22 18:58:26,707 - root - INFO - mask1 ratio: 0.00, mask2 ratio: 0.02, mask3 ratio: 0.10, mask4 ratio: 0.88
2026-01-22 18:58:26,942 - root - INFO - mask1 ratio: 0.01, mask2 ratio: 0.03, mask3 ratio: 0.10, mask4 ratio: 0.87
2026-01-22 18:58:27,232 - root - INFO - mask1 ratio: 0.00, mask2 ratio: 0.02, mask3 ratio: 0.10, mask4 ratio: 0.88
2026-01-22 18:58:27,449 - root - INFO - mask1 ratio: 0.00, mask2 ratio: 0.03, mask3 ratio: 0.10, mask4 ratio: 0.87
2026-01-22 18:58:27,665 - root - INFO - mask1 ratio: 0.00, mask2 ratio: 0.03, mask3 ratio: 0.10, mask4 ratio: 0.87
2026-01-22 18:58:27,881 - root - INFO - mask1 ratio: 0.01, mask2 ratio: 0.05, mask3 ratio: 0.10, mask4 ratio: 0.84
2026-01-22 18:58:27,907 - root - INFO - time 5.56
2026-01-22 18:58:27,917 - root - INFO - 23 self_attn.k_proj
2026-01-22 18:58:27,917 - root - INFO - Quantizing ...
2026-01-22 18:58:28,100 - root - INFO - mask1 ratio: 0.00, mask2 ratio: 0.02, mask3 ratio: 0.10, mask4 ratio: 0.88
2026-01-22 18:58:28,301 - root - INFO - mask1 ratio: 0.01, mask2 ratio: 0.03, mask3 ratio: 0.10, mask4 ratio: 0.86
2026-01-22 18:58:28,499 - root - INFO - mask1 ratio: 0.00, mask2 ratio: 0.02, mask3 ratio: 0.10, mask4 ratio: 0.88
2026-01-22 18:58:28,696 - root - INFO - mask1 ratio: 0.01, mask2 ratio: 0.03, mask3 ratio: 0.10, mask4 ratio: 0.87
2026-01-22 18:58:28,898 - root - INFO - mask1 ratio: 0.00, mask2 ratio: 0.03, mask3 ratio: 0.10, mask4 ratio: 0.87
2026-01-22 18:58:29,096 - root - INFO - mask1 ratio: 0.00, mask2 ratio: 0.03, mask3 ratio: 0.10, mask4 ratio: 0.87
2026-01-22 18:58:29,296 - root - INFO - mask1 ratio: 0.00, mask2 ratio: 0.03, mask3 ratio: 0.10, mask4 ratio: 0.87
2026-01-22 18:58:29,494 - root - INFO - mask1 ratio: 0.00, mask2 ratio: 0.02, mask3 ratio: 0.10, mask4 ratio: 0.88
2026-01-22 18:58:29,692 - root - INFO - mask1 ratio: 0.01, mask2 ratio: 0.03, mask3 ratio: 0.10, mask4 ratio: 0.86
2026-01-22 18:58:29,890 - root - INFO - mask1 ratio: 0.00, mask2 ratio: 0.02, mask3 ratio: 0.10, mask4 ratio: 0.88
2026-01-22 18:58:30,095 - root - INFO - mask1 ratio: 0.00, mask2 ratio: 0.03, mask3 ratio: 0.10, mask4 ratio: 0.87
2026-01-22 18:58:30,307 - root - INFO - mask1 ratio: 0.01, mask2 ratio: 0.03, mask3 ratio: 0.10, mask4 ratio: 0.86
2026-01-22 18:58:30,507 - root - INFO - mask1 ratio: 0.00, mask2 ratio: 0.03, mask3 ratio: 0.10, mask4 ratio: 0.87
2026-01-22 18:58:30,714 - root - INFO - mask1 ratio: 0.01, mask2 ratio: 0.03, mask3 ratio: 0.10, mask4 ratio: 0.87
2026-01-22 18:58:30,938 - root - INFO - mask1 ratio: 0.00, mask2 ratio: 0.03, mask3 ratio: 0.10, mask4 ratio: 0.87
2026-01-22 18:58:31,175 - root - INFO - mask1 ratio: 0.00, mask2 ratio: 0.03, mask3 ratio: 0.10, mask4 ratio: 0.87
2026-01-22 18:58:31,424 - root - INFO - mask1 ratio: 0.00, mask2 ratio: 0.02, mask3 ratio: 0.10, mask4 ratio: 0.88
2026-01-22 18:58:31,637 - root - INFO - mask1 ratio: 0.00, mask2 ratio: 0.03, mask3 ratio: 0.10, mask4 ratio: 0.87
2026-01-22 18:58:31,852 - root - INFO - mask1 ratio: 0.00, mask2 ratio: 0.03, mask3 ratio: 0.10, mask4 ratio: 0.87
2026-01-22 18:58:32,063 - root - INFO - mask1 ratio: 0.00, mask2 ratio: 0.03, mask3 ratio: 0.10, mask4 ratio: 0.87
2026-01-22 18:58:32,288 - root - INFO - mask1 ratio: 0.00, mask2 ratio: 0.02, mask3 ratio: 0.10, mask4 ratio: 0.88
2026-01-22 18:58:32,497 - root - INFO - mask1 ratio: 0.00, mask2 ratio: 0.02, mask3 ratio: 0.10, mask4 ratio: 0.88
2026-01-22 18:58:32,712 - root - INFO - mask1 ratio: 0.00, mask2 ratio: 0.03, mask3 ratio: 0.10, mask4 ratio: 0.87
2026-01-22 18:58:32,926 - root - INFO - mask1 ratio: 0.01, mask2 ratio: 0.03, mask3 ratio: 0.10, mask4 ratio: 0.86
2026-01-22 18:58:32,954 - root - INFO - time 5.04
2026-01-22 18:58:32,957 - root - INFO - 23 self_attn.v_proj
2026-01-22 18:58:32,957 - root - INFO - Quantizing ...
2026-01-22 18:58:33,155 - root - INFO - mask1 ratio: 0.01, mask2 ratio: 0.05, mask3 ratio: 0.10, mask4 ratio: 0.85
2026-01-22 18:58:33,372 - root - INFO - mask1 ratio: 0.00, mask2 ratio: 0.04, mask3 ratio: 0.10, mask4 ratio: 0.86
2026-01-22 18:58:33,595 - root - INFO - mask1 ratio: 0.00, mask2 ratio: 0.04, mask3 ratio: 0.10, mask4 ratio: 0.86
2026-01-22 18:58:33,837 - root - INFO - mask1 ratio: 0.00, mask2 ratio: 0.04, mask3 ratio: 0.10, mask4 ratio: 0.85
2026-01-22 18:58:34,050 - root - INFO - mask1 ratio: 0.01, mask2 ratio: 0.04, mask3 ratio: 0.10, mask4 ratio: 0.85
2026-01-22 18:58:34,261 - root - INFO - mask1 ratio: 0.00, mask2 ratio: 0.04, mask3 ratio: 0.10, mask4 ratio: 0.85
2026-01-22 18:58:34,469 - root - INFO - mask1 ratio: 0.00, mask2 ratio: 0.03, mask3 ratio: 0.10, mask4 ratio: 0.87
2026-01-22 18:58:34,690 - root - INFO - mask1 ratio: 0.00, mask2 ratio: 0.02, mask3 ratio: 0.10, mask4 ratio: 0.88
2026-01-22 18:58:34,899 - root - INFO - mask1 ratio: 0.00, mask2 ratio: 0.03, mask3 ratio: 0.10, mask4 ratio: 0.87
2026-01-22 18:58:35,111 - root - INFO - mask1 ratio: 0.00, mask2 ratio: 0.04, mask3 ratio: 0.10, mask4 ratio: 0.85
2026-01-22 18:58:35,336 - root - INFO - mask1 ratio: 0.01, mask2 ratio: 0.06, mask3 ratio: 0.10, mask4 ratio: 0.83
2026-01-22 18:58:35,623 - root - INFO - mask1 ratio: 0.01, mask2 ratio: 0.05, mask3 ratio: 0.10, mask4 ratio: 0.85
2026-01-22 18:58:35,845 - root - INFO - mask1 ratio: 0.00, mask2 ratio: 0.03, mask3 ratio: 0.10, mask4 ratio: 0.86
2026-01-22 18:58:36,047 - root - INFO - mask1 ratio: 0.01, mask2 ratio: 0.05, mask3 ratio: 0.10, mask4 ratio: 0.85
2026-01-22 18:58:36,254 - root - INFO - mask1 ratio: 0.00, mask2 ratio: 0.03, mask3 ratio: 0.10, mask4 ratio: 0.86
2026-01-22 18:58:36,478 - root - INFO - mask1 ratio: 0.01, mask2 ratio: 0.08, mask3 ratio: 0.10, mask4 ratio: 0.81
2026-01-22 18:58:36,704 - root - INFO - mask1 ratio: 0.00, mask2 ratio: 0.04, mask3 ratio: 0.10, mask4 ratio: 0.85
2026-01-22 18:58:36,909 - root - INFO - mask1 ratio: 0.00, mask2 ratio: 0.03, mask3 ratio: 0.10, mask4 ratio: 0.86
2026-01-22 18:58:37,127 - root - INFO - mask1 ratio: 0.00, mask2 ratio: 0.04, mask3 ratio: 0.10, mask4 ratio: 0.86
2026-01-22 18:58:37,354 - root - INFO - mask1 ratio: 0.00, mask2 ratio: 0.03, mask3 ratio: 0.10, mask4 ratio: 0.87
2026-01-22 18:58:37,561 - root - INFO - mask1 ratio: 0.01, mask2 ratio: 0.06, mask3 ratio: 0.10, mask4 ratio: 0.84
2026-01-22 18:58:37,772 - root - INFO - mask1 ratio: 0.01, mask2 ratio: 0.05, mask3 ratio: 0.10, mask4 ratio: 0.85
2026-01-22 18:58:37,972 - root - INFO - mask1 ratio: 0.00, mask2 ratio: 0.03, mask3 ratio: 0.10, mask4 ratio: 0.87
2026-01-22 18:58:38,171 - root - INFO - mask1 ratio: 0.00, mask2 ratio: 0.03, mask3 ratio: 0.10, mask4 ratio: 0.87
2026-01-22 18:58:38,198 - root - INFO - time 5.24
2026-01-22 18:58:38,203 - root - INFO - 23 self_attn.o_proj
2026-01-22 18:58:38,203 - root - INFO - Quantizing ...
2026-01-22 18:58:38,399 - root - INFO - mask1 ratio: 0.01, mask2 ratio: 0.00, mask3 ratio: 0.10, mask4 ratio: 0.88
2026-01-22 18:58:38,616 - root - INFO - mask1 ratio: 0.01, mask2 ratio: 0.05, mask3 ratio: 0.10, mask4 ratio: 0.84
2026-01-22 18:58:38,832 - root - INFO - mask1 ratio: 0.01, mask2 ratio: 0.02, mask3 ratio: 0.10, mask4 ratio: 0.87
2026-01-22 18:58:39,048 - root - INFO - mask1 ratio: 0.01, mask2 ratio: 0.03, mask3 ratio: 0.10, mask4 ratio: 0.86
2026-01-22 18:58:39,264 - root - INFO - mask1 ratio: 0.01, mask2 ratio: 0.02, mask3 ratio: 0.11, mask4 ratio: 0.86
2026-01-22 18:58:39,481 - root - INFO - mask1 ratio: 0.01, mask2 ratio: 0.06, mask3 ratio: 0.10, mask4 ratio: 0.83
2026-01-22 18:58:39,767 - root - INFO - mask1 ratio: 0.01, mask2 ratio: 0.02, mask3 ratio: 0.10, mask4 ratio: 0.88
2026-01-22 18:58:39,985 - root - INFO - mask1 ratio: 0.01, mask2 ratio: 0.02, mask3 ratio: 0.10, mask4 ratio: 0.88
2026-01-22 18:58:40,201 - root - INFO - mask1 ratio: 0.01, mask2 ratio: 0.06, mask3 ratio: 0.10, mask4 ratio: 0.83
2026-01-22 18:58:40,419 - root - INFO - mask1 ratio: 0.02, mask2 ratio: 0.17, mask3 ratio: 0.10, mask4 ratio: 0.71
2026-01-22 18:58:40,635 - root - INFO - mask1 ratio: 0.01, mask2 ratio: 0.04, mask3 ratio: 0.10, mask4 ratio: 0.85
2026-01-22 18:58:40,850 - root - INFO - mask1 ratio: 0.01, mask2 ratio: 0.02, mask3 ratio: 0.10, mask4 ratio: 0.87
2026-01-22 18:58:41,066 - root - INFO - mask1 ratio: 0.01, mask2 ratio: 0.00, mask3 ratio: 0.11, mask4 ratio: 0.87
2026-01-22 18:58:41,281 - root - INFO - mask1 ratio: 0.01, mask2 ratio: 0.02, mask3 ratio: 0.10, mask4 ratio: 0.87
2026-01-22 18:58:41,497 - root - INFO - mask1 ratio: 0.01, mask2 ratio: 0.02, mask3 ratio: 0.11, mask4 ratio: 0.87
2026-01-22 18:58:41,713 - root - INFO - mask1 ratio: 0.01, mask2 ratio: 0.03, mask3 ratio: 0.11, mask4 ratio: 0.85
2026-01-22 18:58:41,930 - root - INFO - mask1 ratio: 0.01, mask2 ratio: 0.04, mask3 ratio: 0.10, mask4 ratio: 0.85
2026-01-22 18:58:42,145 - root - INFO - mask1 ratio: 0.01, mask2 ratio: 0.04, mask3 ratio: 0.10, mask4 ratio: 0.85
2026-01-22 18:58:42,360 - root - INFO - mask1 ratio: 0.01, mask2 ratio: 0.02, mask3 ratio: 0.10, mask4 ratio: 0.88
2026-01-22 18:58:42,578 - root - INFO - mask1 ratio: 0.01, mask2 ratio: 0.00, mask3 ratio: 0.11, mask4 ratio: 0.87
2026-01-22 18:58:42,794 - root - INFO - mask1 ratio: 0.01, mask2 ratio: 0.02, mask3 ratio: 0.10, mask4 ratio: 0.88
2026-01-22 18:58:43,009 - root - INFO - mask1 ratio: 0.01, mask2 ratio: 0.02, mask3 ratio: 0.10, mask4 ratio: 0.88
2026-01-22 18:58:43,225 - root - INFO - mask1 ratio: 0.01, mask2 ratio: 0.02, mask3 ratio: 0.10, mask4 ratio: 0.87
2026-01-22 18:58:43,441 - root - INFO - mask1 ratio: 0.01, mask2 ratio: 0.04, mask3 ratio: 0.10, mask4 ratio: 0.85
2026-01-22 18:58:43,469 - root - INFO - time 5.27
2026-01-22 18:58:43,473 - root - INFO - 23 mlp.gate_proj
2026-01-22 18:58:43,473 - root - INFO - Quantizing ...
2026-01-22 18:58:43,827 - root - INFO - mask1 ratio: 0.01, mask2 ratio: 0.05, mask3 ratio: 0.10, mask4 ratio: 0.85
2026-01-22 18:58:44,091 - root - INFO - mask1 ratio: 0.00, mask2 ratio: 0.03, mask3 ratio: 0.10, mask4 ratio: 0.87
2026-01-22 18:58:44,356 - root - INFO - mask1 ratio: 0.01, mask2 ratio: 0.03, mask3 ratio: 0.10, mask4 ratio: 0.86
2026-01-22 18:58:44,619 - root - INFO - mask1 ratio: 0.01, mask2 ratio: 0.05, mask3 ratio: 0.10, mask4 ratio: 0.85
2026-01-22 18:58:44,883 - root - INFO - mask1 ratio: 0.00, mask2 ratio: 0.03, mask3 ratio: 0.10, mask4 ratio: 0.87
2026-01-22 18:58:45,145 - root - INFO - mask1 ratio: 0.00, mask2 ratio: 0.04, mask3 ratio: 0.10, mask4 ratio: 0.85
2026-01-22 18:58:45,408 - root - INFO - mask1 ratio: 0.00, mask2 ratio: 0.03, mask3 ratio: 0.10, mask4 ratio: 0.86
2026-01-22 18:58:45,673 - root - INFO - mask1 ratio: 0.01, mask2 ratio: 0.03, mask3 ratio: 0.10, mask4 ratio: 0.87
2026-01-22 18:58:45,936 - root - INFO - mask1 ratio: 0.01, mask2 ratio: 0.03, mask3 ratio: 0.10, mask4 ratio: 0.86
2026-01-22 18:58:46,198 - root - INFO - mask1 ratio: 0.00, mask2 ratio: 0.04, mask3 ratio: 0.10, mask4 ratio: 0.86
2026-01-22 18:58:46,462 - root - INFO - mask1 ratio: 0.01, mask2 ratio: 0.05, mask3 ratio: 0.10, mask4 ratio: 0.85
2026-01-22 18:58:46,729 - root - INFO - mask1 ratio: 0.01, mask2 ratio: 0.07, mask3 ratio: 0.10, mask4 ratio: 0.82
2026-01-22 18:58:46,992 - root - INFO - mask1 ratio: 0.01, mask2 ratio: 0.02, mask3 ratio: 0.10, mask4 ratio: 0.87
2026-01-22 18:58:47,255 - root - INFO - mask1 ratio: 0.01, mask2 ratio: 0.04, mask3 ratio: 0.10, mask4 ratio: 0.85
2026-01-22 18:58:47,583 - root - INFO - mask1 ratio: 0.00, mask2 ratio: 0.03, mask3 ratio: 0.10, mask4 ratio: 0.86
2026-01-22 18:58:47,846 - root - INFO - mask1 ratio: 0.01, mask2 ratio: 0.05, mask3 ratio: 0.10, mask4 ratio: 0.85
2026-01-22 18:58:48,108 - root - INFO - mask1 ratio: 0.00, mask2 ratio: 0.03, mask3 ratio: 0.10, mask4 ratio: 0.87
2026-01-22 18:58:48,369 - root - INFO - mask1 ratio: 0.00, mask2 ratio: 0.03, mask3 ratio: 0.10, mask4 ratio: 0.86
2026-01-22 18:58:48,632 - root - INFO - mask1 ratio: 0.01, mask2 ratio: 0.04, mask3 ratio: 0.10, mask4 ratio: 0.85
2026-01-22 18:58:48,897 - root - INFO - mask1 ratio: 0.01, mask2 ratio: 0.03, mask3 ratio: 0.10, mask4 ratio: 0.87
2026-01-22 18:58:49,157 - root - INFO - mask1 ratio: 0.00, mask2 ratio: 0.03, mask3 ratio: 0.10, mask4 ratio: 0.86
2026-01-22 18:58:49,421 - root - INFO - mask1 ratio: 0.01, mask2 ratio: 0.08, mask3 ratio: 0.10, mask4 ratio: 0.81
2026-01-22 18:58:49,682 - root - INFO - mask1 ratio: 0.00, mask2 ratio: 0.03, mask3 ratio: 0.10, mask4 ratio: 0.86
2026-01-22 18:58:49,943 - root - INFO - mask1 ratio: 0.00, mask2 ratio: 0.04, mask3 ratio: 0.10, mask4 ratio: 0.86
2026-01-22 18:58:49,973 - root - INFO - time 6.50
2026-01-22 18:58:49,980 - root - INFO - 23 mlp.up_proj
2026-01-22 18:58:49,981 - root - INFO - Quantizing ...
2026-01-22 18:58:50,223 - root - INFO - mask1 ratio: 0.01, mask2 ratio: 0.04, mask3 ratio: 0.11, mask4 ratio: 0.84
2026-01-22 18:58:50,486 - root - INFO - mask1 ratio: 0.01, mask2 ratio: 0.07, mask3 ratio: 0.10, mask4 ratio: 0.82
2026-01-22 18:58:50,751 - root - INFO - mask1 ratio: 0.01, mask2 ratio: 0.04, mask3 ratio: 0.11, mask4 ratio: 0.84
2026-01-22 18:58:51,017 - root - INFO - mask1 ratio: 0.01, mask2 ratio: 0.05, mask3 ratio: 0.11, mask4 ratio: 0.83
2026-01-22 18:58:51,375 - root - INFO - mask1 ratio: 0.01, mask2 ratio: 0.04, mask3 ratio: 0.10, mask4 ratio: 0.85
2026-01-22 18:58:51,637 - root - INFO - mask1 ratio: 0.01, mask2 ratio: 0.04, mask3 ratio: 0.11, mask4 ratio: 0.84
2026-01-22 18:58:51,899 - root - INFO - mask1 ratio: 0.01, mask2 ratio: 0.05, mask3 ratio: 0.10, mask4 ratio: 0.85
2026-01-22 18:58:52,160 - root - INFO - mask1 ratio: 0.01, mask2 ratio: 0.04, mask3 ratio: 0.10, mask4 ratio: 0.85
2026-01-22 18:58:52,425 - root - INFO - mask1 ratio: 0.01, mask2 ratio: 0.06, mask3 ratio: 0.10, mask4 ratio: 0.83
2026-01-22 18:58:52,687 - root - INFO - mask1 ratio: 0.01, mask2 ratio: 0.07, mask3 ratio: 0.10, mask4 ratio: 0.82
2026-01-22 18:58:52,951 - root - INFO - mask1 ratio: 0.02, mask2 ratio: 0.06, mask3 ratio: 0.10, mask4 ratio: 0.82
2026-01-22 18:58:53,214 - root - INFO - mask1 ratio: 0.01, mask2 ratio: 0.07, mask3 ratio: 0.10, mask4 ratio: 0.82
2026-01-22 18:58:53,477 - root - INFO - mask1 ratio: 0.01, mask2 ratio: 0.04, mask3 ratio: 0.11, mask4 ratio: 0.84
2026-01-22 18:58:53,739 - root - INFO - mask1 ratio: 0.01, mask2 ratio: 0.05, mask3 ratio: 0.11, mask4 ratio: 0.83
2026-01-22 18:58:54,003 - root - INFO - mask1 ratio: 0.01, mask2 ratio: 0.07, mask3 ratio: 0.10, mask4 ratio: 0.81
2026-01-22 18:58:54,264 - root - INFO - mask1 ratio: 0.01, mask2 ratio: 0.03, mask3 ratio: 0.10, mask4 ratio: 0.86
2026-01-22 18:58:54,528 - root - INFO - mask1 ratio: 0.01, mask2 ratio: 0.07, mask3 ratio: 0.10, mask4 ratio: 0.82
2026-01-22 18:58:54,827 - root - INFO - mask1 ratio: 0.01, mask2 ratio: 0.03, mask3 ratio: 0.10, mask4 ratio: 0.86
2026-01-22 18:58:55,120 - root - INFO - mask1 ratio: 0.01, mask2 ratio: 0.04, mask3 ratio: 0.10, mask4 ratio: 0.85
2026-01-22 18:58:55,391 - root - INFO - mask1 ratio: 0.01, mask2 ratio: 0.04, mask3 ratio: 0.11, mask4 ratio: 0.84
2026-01-22 18:58:55,652 - root - INFO - mask1 ratio: 0.00, mask2 ratio: 0.03, mask3 ratio: 0.10, mask4 ratio: 0.87
2026-01-22 18:58:55,915 - root - INFO - mask1 ratio: 0.01, mask2 ratio: 0.06, mask3 ratio: 0.10, mask4 ratio: 0.82
2026-01-22 18:58:56,180 - root - INFO - mask1 ratio: 0.01, mask2 ratio: 0.04, mask3 ratio: 0.10, mask4 ratio: 0.85
2026-01-22 18:58:56,442 - root - INFO - mask1 ratio: 0.01, mask2 ratio: 0.04, mask3 ratio: 0.10, mask4 ratio: 0.85
2026-01-22 18:58:56,472 - root - INFO - time 6.49
2026-01-22 18:58:56,480 - root - INFO - 23 mlp.down_proj
2026-01-22 18:58:56,480 - root - INFO - Quantizing ...
2026-01-22 18:58:56,733 - root - INFO - mask1 ratio: 0.01, mask2 ratio: 0.05, mask3 ratio: 0.10, mask4 ratio: 0.84
2026-01-22 18:58:56,947 - root - INFO - mask1 ratio: 0.01, mask2 ratio: 0.02, mask3 ratio: 0.10, mask4 ratio: 0.87
2026-01-22 18:58:57,162 - root - INFO - mask1 ratio: 0.01, mask2 ratio: 0.05, mask3 ratio: 0.10, mask4 ratio: 0.84
2026-01-22 18:58:57,377 - root - INFO - mask1 ratio: 0.01, mask2 ratio: 0.05, mask3 ratio: 0.10, mask4 ratio: 0.84
2026-01-22 18:58:57,591 - root - INFO - mask1 ratio: 0.01, mask2 ratio: 0.02, mask3 ratio: 0.10, mask4 ratio: 0.87
2026-01-22 18:58:57,808 - root - INFO - mask1 ratio: 0.01, mask2 ratio: 0.02, mask3 ratio: 0.10, mask4 ratio: 0.87
2026-01-22 18:58:58,022 - root - INFO - mask1 ratio: 0.01, mask2 ratio: 0.02, mask3 ratio: 0.10, mask4 ratio: 0.88
2026-01-22 18:58:58,238 - root - INFO - mask1 ratio: 0.01, mask2 ratio: 0.06, mask3 ratio: 0.10, mask4 ratio: 0.83
2026-01-22 18:58:58,452 - root - INFO - mask1 ratio: 0.01, mask2 ratio: 0.04, mask3 ratio: 0.10, mask4 ratio: 0.85
2026-01-22 18:58:58,702 - root - INFO - mask1 ratio: 0.02, mask2 ratio: 0.09, mask3 ratio: 0.10, mask4 ratio: 0.79
2026-01-22 18:58:58,981 - root - INFO - mask1 ratio: 0.01, mask2 ratio: 0.02, mask3 ratio: 0.10, mask4 ratio: 0.87
2026-01-22 18:58:59,198 - root - INFO - mask1 ratio: 0.01, mask2 ratio: 0.00, mask3 ratio: 0.10, mask4 ratio: 0.88
2026-01-22 18:58:59,412 - root - INFO - mask1 ratio: 0.01, mask2 ratio: 0.03, mask3 ratio: 0.10, mask4 ratio: 0.86
2026-01-22 18:58:59,628 - root - INFO - mask1 ratio: 0.01, mask2 ratio: 0.02, mask3 ratio: 0.10, mask4 ratio: 0.87
2026-01-22 18:58:59,843 - root - INFO - mask1 ratio: 0.01, mask2 ratio: 0.04, mask3 ratio: 0.10, mask4 ratio: 0.85
2026-01-22 18:59:00,058 - root - INFO - mask1 ratio: 0.01, mask2 ratio: 0.02, mask3 ratio: 0.10, mask4 ratio: 0.87
2026-01-22 18:59:00,277 - root - INFO - mask1 ratio: 0.01, mask2 ratio: 0.03, mask3 ratio: 0.10, mask4 ratio: 0.87
2026-01-22 18:59:00,492 - root - INFO - mask1 ratio: 0.01, mask2 ratio: 0.06, mask3 ratio: 0.10, mask4 ratio: 0.82
2026-01-22 18:59:00,707 - root - INFO - mask1 ratio: 0.01, mask2 ratio: 0.05, mask3 ratio: 0.10, mask4 ratio: 0.84
2026-01-22 18:59:00,921 - root - INFO - mask1 ratio: 0.01, mask2 ratio: 0.03, mask3 ratio: 0.10, mask4 ratio: 0.86
2026-01-22 18:59:01,136 - root - INFO - mask1 ratio: 0.01, mask2 ratio: 0.04, mask3 ratio: 0.10, mask4 ratio: 0.85
2026-01-22 18:59:01,352 - root - INFO - mask1 ratio: 0.01, mask2 ratio: 0.02, mask3 ratio: 0.10, mask4 ratio: 0.87
2026-01-22 18:59:01,568 - root - INFO - mask1 ratio: 0.01, mask2 ratio: 0.05, mask3 ratio: 0.10, mask4 ratio: 0.84
2026-01-22 18:59:01,783 - root - INFO - mask1 ratio: 0.01, mask2 ratio: 0.03, mask3 ratio: 0.10, mask4 ratio: 0.86
2026-01-22 18:59:01,998 - root - INFO - mask1 ratio: 0.01, mask2 ratio: 0.03, mask3 ratio: 0.10, mask4 ratio: 0.86
2026-01-22 18:59:02,214 - root - INFO - mask1 ratio: 0.01, mask2 ratio: 0.05, mask3 ratio: 0.10, mask4 ratio: 0.84
2026-01-22 18:59:02,430 - root - INFO - mask1 ratio: 0.02, mask2 ratio: 0.06, mask3 ratio: 0.10, mask4 ratio: 0.82
2026-01-22 18:59:02,643 - root - INFO - mask1 ratio: 0.01, mask2 ratio: 0.02, mask3 ratio: 0.10, mask4 ratio: 0.87
2026-01-22 18:59:02,939 - root - INFO - mask1 ratio: 0.02, mask2 ratio: 0.07, mask3 ratio: 0.10, mask4 ratio: 0.81
2026-01-22 18:59:03,153 - root - INFO - mask1 ratio: 0.01, mask2 ratio: 0.04, mask3 ratio: 0.10, mask4 ratio: 0.85
2026-01-22 18:59:03,368 - root - INFO - mask1 ratio: 0.01, mask2 ratio: 0.02, mask3 ratio: 0.10, mask4 ratio: 0.88
2026-01-22 18:59:03,583 - root - INFO - mask1 ratio: 0.01, mask2 ratio: 0.06, mask3 ratio: 0.10, mask4 ratio: 0.83
2026-01-22 18:59:03,796 - root - INFO - mask1 ratio: 0.01, mask2 ratio: 0.02, mask3 ratio: 0.10, mask4 ratio: 0.87
2026-01-22 18:59:04,010 - root - INFO - mask1 ratio: 0.01, mask2 ratio: 0.09, mask3 ratio: 0.10, mask4 ratio: 0.80
2026-01-22 18:59:04,224 - root - INFO - mask1 ratio: 0.01, mask2 ratio: 0.03, mask3 ratio: 0.10, mask4 ratio: 0.86
2026-01-22 18:59:04,439 - root - INFO - mask1 ratio: 0.01, mask2 ratio: 0.03, mask3 ratio: 0.10, mask4 ratio: 0.86
2026-01-22 18:59:04,651 - root - INFO - mask1 ratio: 0.01, mask2 ratio: 0.04, mask3 ratio: 0.10, mask4 ratio: 0.85
2026-01-22 18:59:04,865 - root - INFO - mask1 ratio: 0.01, mask2 ratio: 0.04, mask3 ratio: 0.10, mask4 ratio: 0.85
2026-01-22 18:59:05,078 - root - INFO - mask1 ratio: 0.01, mask2 ratio: 0.02, mask3 ratio: 0.10, mask4 ratio: 0.88
2026-01-22 18:59:05,292 - root - INFO - mask1 ratio: 0.01, mask2 ratio: 0.04, mask3 ratio: 0.10, mask4 ratio: 0.85
2026-01-22 18:59:05,507 - root - INFO - mask1 ratio: 0.01, mask2 ratio: 0.02, mask3 ratio: 0.10, mask4 ratio: 0.87
2026-01-22 18:59:05,721 - root - INFO - mask1 ratio: 0.02, mask2 ratio: 0.08, mask3 ratio: 0.10, mask4 ratio: 0.81
2026-01-22 18:59:05,935 - root - INFO - mask1 ratio: 0.01, mask2 ratio: 0.06, mask3 ratio: 0.10, mask4 ratio: 0.83
2026-01-22 18:59:06,148 - root - INFO - mask1 ratio: 0.01, mask2 ratio: 0.02, mask3 ratio: 0.10, mask4 ratio: 0.88
2026-01-22 18:59:06,362 - root - INFO - mask1 ratio: 0.01, mask2 ratio: 0.04, mask3 ratio: 0.10, mask4 ratio: 0.85
2026-01-22 18:59:06,577 - root - INFO - mask1 ratio: 0.01, mask2 ratio: 0.02, mask3 ratio: 0.10, mask4 ratio: 0.87
2026-01-22 18:59:06,809 - root - INFO - mask1 ratio: 0.01, mask2 ratio: 0.06, mask3 ratio: 0.10, mask4 ratio: 0.83
2026-01-22 18:59:07,105 - root - INFO - mask1 ratio: 0.01, mask2 ratio: 0.04, mask3 ratio: 0.10, mask4 ratio: 0.85
2026-01-22 18:59:07,320 - root - INFO - mask1 ratio: 0.01, mask2 ratio: 0.02, mask3 ratio: 0.10, mask4 ratio: 0.87
2026-01-22 18:59:07,536 - root - INFO - mask1 ratio: 0.02, mask2 ratio: 0.10, mask3 ratio: 0.10, mask4 ratio: 0.78
2026-01-22 18:59:07,750 - root - INFO - mask1 ratio: 0.01, mask2 ratio: 0.05, mask3 ratio: 0.10, mask4 ratio: 0.84
2026-01-22 18:59:07,964 - root - INFO - mask1 ratio: 0.01, mask2 ratio: 0.02, mask3 ratio: 0.10, mask4 ratio: 0.87
2026-01-22 18:59:08,178 - root - INFO - mask1 ratio: 0.02, mask2 ratio: 0.10, mask3 ratio: 0.10, mask4 ratio: 0.78
2026-01-22 18:59:08,394 - root - INFO - mask1 ratio: 0.01, mask2 ratio: 0.04, mask3 ratio: 0.10, mask4 ratio: 0.85
2026-01-22 18:59:08,609 - root - INFO - mask1 ratio: 0.00, mask2 ratio: 0.02, mask3 ratio: 0.10, mask4 ratio: 0.88
2026-01-22 18:59:08,824 - root - INFO - mask1 ratio: 0.01, mask2 ratio: 0.02, mask3 ratio: 0.10, mask4 ratio: 0.87
2026-01-22 18:59:09,039 - root - INFO - mask1 ratio: 0.01, mask2 ratio: 0.02, mask3 ratio: 0.10, mask4 ratio: 0.88
2026-01-22 18:59:09,253 - root - INFO - mask1 ratio: 0.01, mask2 ratio: 0.02, mask3 ratio: 0.10, mask4 ratio: 0.87
2026-01-22 18:59:09,468 - root - INFO - mask1 ratio: 0.01, mask2 ratio: 0.02, mask3 ratio: 0.10, mask4 ratio: 0.87
2026-01-22 18:59:09,683 - root - INFO - mask1 ratio: 0.01, mask2 ratio: 0.04, mask3 ratio: 0.10, mask4 ratio: 0.85
2026-01-22 18:59:09,897 - root - INFO - mask1 ratio: 0.01, mask2 ratio: 0.02, mask3 ratio: 0.10, mask4 ratio: 0.88
2026-01-22 18:59:10,111 - root - INFO - mask1 ratio: 0.01, mask2 ratio: 0.04, mask3 ratio: 0.10, mask4 ratio: 0.85
2026-01-22 18:59:10,326 - root - INFO - mask1 ratio: 0.01, mask2 ratio: 0.08, mask3 ratio: 0.10, mask4 ratio: 0.81
2026-01-22 18:59:10,541 - root - INFO - mask1 ratio: 0.01, mask2 ratio: 0.04, mask3 ratio: 0.10, mask4 ratio: 0.85
2026-01-22 18:59:10,567 - root - INFO - time 14.09
2026-01-22 18:59:13,175 - root - INFO - 24 self_attn.q_proj
2026-01-22 18:59:13,175 - root - INFO - Quantizing ...
2026-01-22 18:59:13,571 - root - INFO - mask1 ratio: 0.00, mask2 ratio: 0.03, mask3 ratio: 0.10, mask4 ratio: 0.87
2026-01-22 18:59:13,786 - root - INFO - mask1 ratio: 0.00, mask2 ratio: 0.02, mask3 ratio: 0.10, mask4 ratio: 0.88
2026-01-22 18:59:14,000 - root - INFO - mask1 ratio: 0.00, mask2 ratio: 0.02, mask3 ratio: 0.10, mask4 ratio: 0.88
2026-01-22 18:59:14,222 - root - INFO - mask1 ratio: 0.01, mask2 ratio: 0.06, mask3 ratio: 0.10, mask4 ratio: 0.83
2026-01-22 18:59:14,438 - root - INFO - mask1 ratio: 0.00, mask2 ratio: 0.03, mask3 ratio: 0.10, mask4 ratio: 0.87
2026-01-22 18:59:14,653 - root - INFO - mask1 ratio: 0.01, mask2 ratio: 0.06, mask3 ratio: 0.10, mask4 ratio: 0.84
2026-01-22 18:59:14,868 - root - INFO - mask1 ratio: 0.00, mask2 ratio: 0.04, mask3 ratio: 0.10, mask4 ratio: 0.86
2026-01-22 18:59:15,082 - root - INFO - mask1 ratio: 0.00, mask2 ratio: 0.02, mask3 ratio: 0.10, mask4 ratio: 0.88
2026-01-22 18:59:15,296 - root - INFO - mask1 ratio: 0.00, mask2 ratio: 0.04, mask3 ratio: 0.10, mask4 ratio: 0.86
2026-01-22 18:59:15,509 - root - INFO - mask1 ratio: 0.00, mask2 ratio: 0.04, mask3 ratio: 0.10, mask4 ratio: 0.86
2026-01-22 18:59:15,726 - root - INFO - mask1 ratio: 0.00, mask2 ratio: 0.03, mask3 ratio: 0.10, mask4 ratio: 0.87
2026-01-22 18:59:15,941 - root - INFO - mask1 ratio: 0.01, mask2 ratio: 0.06, mask3 ratio: 0.10, mask4 ratio: 0.83
2026-01-22 18:59:16,156 - root - INFO - mask1 ratio: 0.00, mask2 ratio: 0.04, mask3 ratio: 0.10, mask4 ratio: 0.86
2026-01-22 18:59:16,370 - root - INFO - mask1 ratio: 0.00, mask2 ratio: 0.03, mask3 ratio: 0.10, mask4 ratio: 0.87
2026-01-22 18:59:16,584 - root - INFO - mask1 ratio: 0.00, mask2 ratio: 0.03, mask3 ratio: 0.10, mask4 ratio: 0.87
2026-01-22 18:59:16,799 - root - INFO - mask1 ratio: 0.00, mask2 ratio: 0.03, mask3 ratio: 0.10, mask4 ratio: 0.87
2026-01-22 18:59:17,014 - root - INFO - mask1 ratio: 0.00, mask2 ratio: 0.02, mask3 ratio: 0.10, mask4 ratio: 0.88
2026-01-22 18:59:17,338 - root - INFO - mask1 ratio: 0.00, mask2 ratio: 0.02, mask3 ratio: 0.10, mask4 ratio: 0.88
2026-01-22 18:59:17,553 - root - INFO - mask1 ratio: 0.00, mask2 ratio: 0.03, mask3 ratio: 0.10, mask4 ratio: 0.87
2026-01-22 18:59:17,769 - root - INFO - mask1 ratio: 0.00, mask2 ratio: 0.03, mask3 ratio: 0.10, mask4 ratio: 0.87
2026-01-22 18:59:17,984 - root - INFO - mask1 ratio: 0.00, mask2 ratio: 0.03, mask3 ratio: 0.10, mask4 ratio: 0.87
2026-01-22 18:59:18,198 - root - INFO - mask1 ratio: 0.00, mask2 ratio: 0.04, mask3 ratio: 0.10, mask4 ratio: 0.86
2026-01-22 18:59:18,411 - root - INFO - mask1 ratio: 0.00, mask2 ratio: 0.03, mask3 ratio: 0.10, mask4 ratio: 0.86
2026-01-22 18:59:18,625 - root - INFO - mask1 ratio: 0.01, mask2 ratio: 0.05, mask3 ratio: 0.10, mask4 ratio: 0.84
2026-01-22 18:59:18,651 - root - INFO - time 5.48
2026-01-22 18:59:18,660 - root - INFO - 24 self_attn.k_proj
2026-01-22 18:59:18,661 - root - INFO - Quantizing ...
2026-01-22 18:59:18,843 - root - INFO - mask1 ratio: 0.00, mask2 ratio: 0.02, mask3 ratio: 0.10, mask4 ratio: 0.88
2026-01-22 18:59:19,042 - root - INFO - mask1 ratio: 0.00, mask2 ratio: 0.04, mask3 ratio: 0.10, mask4 ratio: 0.86
2026-01-22 18:59:19,241 - root - INFO - mask1 ratio: 0.00, mask2 ratio: 0.02, mask3 ratio: 0.10, mask4 ratio: 0.88
2026-01-22 18:59:19,439 - root - INFO - mask1 ratio: 0.01, mask2 ratio: 0.05, mask3 ratio: 0.10, mask4 ratio: 0.85
2026-01-22 18:59:19,644 - root - INFO - mask1 ratio: 0.00, mask2 ratio: 0.03, mask3 ratio: 0.10, mask4 ratio: 0.87
2026-01-22 18:59:19,848 - root - INFO - mask1 ratio: 0.00, mask2 ratio: 0.04, mask3 ratio: 0.10, mask4 ratio: 0.86
2026-01-22 18:59:20,048 - root - INFO - mask1 ratio: 0.00, mask2 ratio: 0.04, mask3 ratio: 0.10, mask4 ratio: 0.86
2026-01-22 18:59:20,248 - root - INFO - mask1 ratio: 0.00, mask2 ratio: 0.02, mask3 ratio: 0.10, mask4 ratio: 0.88
2026-01-22 18:59:20,447 - root - INFO - mask1 ratio: 0.01, mask2 ratio: 0.03, mask3 ratio: 0.10, mask4 ratio: 0.86
2026-01-22 18:59:20,645 - root - INFO - mask1 ratio: 0.00, mask2 ratio: 0.03, mask3 ratio: 0.10, mask4 ratio: 0.87
2026-01-22 18:59:20,845 - root - INFO - mask1 ratio: 0.00, mask2 ratio: 0.03, mask3 ratio: 0.10, mask4 ratio: 0.87
2026-01-22 18:59:21,043 - root - INFO - mask1 ratio: 0.00, mask2 ratio: 0.04, mask3 ratio: 0.10, mask4 ratio: 0.85
2026-01-22 18:59:21,253 - root - INFO - mask1 ratio: 0.00, mask2 ratio: 0.03, mask3 ratio: 0.10, mask4 ratio: 0.86
2026-01-22 18:59:21,501 - root - INFO - mask1 ratio: 0.01, mask2 ratio: 0.03, mask3 ratio: 0.10, mask4 ratio: 0.87
2026-01-22 18:59:21,699 - root - INFO - mask1 ratio: 0.00, mask2 ratio: 0.04, mask3 ratio: 0.10, mask4 ratio: 0.86
2026-01-22 18:59:21,897 - root - INFO - mask1 ratio: 0.00, mask2 ratio: 0.04, mask3 ratio: 0.10, mask4 ratio: 0.86
2026-01-22 18:59:22,096 - root - INFO - mask1 ratio: 0.00, mask2 ratio: 0.02, mask3 ratio: 0.10, mask4 ratio: 0.88
2026-01-22 18:59:22,293 - root - INFO - mask1 ratio: 0.00, mask2 ratio: 0.03, mask3 ratio: 0.10, mask4 ratio: 0.87
2026-01-22 18:59:22,491 - root - INFO - mask1 ratio: 0.00, mask2 ratio: 0.04, mask3 ratio: 0.10, mask4 ratio: 0.86
2026-01-22 18:59:22,688 - root - INFO - mask1 ratio: 0.00, mask2 ratio: 0.03, mask3 ratio: 0.10, mask4 ratio: 0.87
2026-01-22 18:59:22,887 - root - INFO - mask1 ratio: 0.00, mask2 ratio: 0.03, mask3 ratio: 0.10, mask4 ratio: 0.87
2026-01-22 18:59:23,084 - root - INFO - mask1 ratio: 0.01, mask2 ratio: 0.03, mask3 ratio: 0.10, mask4 ratio: 0.87
2026-01-22 18:59:23,282 - root - INFO - mask1 ratio: 0.00, mask2 ratio: 0.04, mask3 ratio: 0.10, mask4 ratio: 0.85
2026-01-22 18:59:23,481 - root - INFO - mask1 ratio: 0.00, mask2 ratio: 0.03, mask3 ratio: 0.10, mask4 ratio: 0.86
2026-01-22 18:59:23,508 - root - INFO - time 4.85
2026-01-22 18:59:23,511 - root - INFO - 24 self_attn.v_proj
2026-01-22 18:59:23,511 - root - INFO - Quantizing ...
2026-01-22 18:59:23,691 - root - INFO - mask1 ratio: 0.01, mask2 ratio: 0.05, mask3 ratio: 0.10, mask4 ratio: 0.85
2026-01-22 18:59:23,889 - root - INFO - mask1 ratio: 0.00, mask2 ratio: 0.04, mask3 ratio: 0.10, mask4 ratio: 0.86
2026-01-22 18:59:24,089 - root - INFO - mask1 ratio: 0.00, mask2 ratio: 0.04, mask3 ratio: 0.10, mask4 ratio: 0.86
2026-01-22 18:59:24,287 - root - INFO - mask1 ratio: 0.01, mask2 ratio: 0.05, mask3 ratio: 0.10, mask4 ratio: 0.85
2026-01-22 18:59:24,486 - root - INFO - mask1 ratio: 0.00, mask2 ratio: 0.03, mask3 ratio: 0.10, mask4 ratio: 0.86
2026-01-22 18:59:24,685 - root - INFO - mask1 ratio: 0.00, mask2 ratio: 0.03, mask3 ratio: 0.10, mask4 ratio: 0.86
2026-01-22 18:59:24,884 - root - INFO - mask1 ratio: 0.00, mask2 ratio: 0.03, mask3 ratio: 0.10, mask4 ratio: 0.87
2026-01-22 18:59:25,087 - root - INFO - mask1 ratio: 0.00, mask2 ratio: 0.02, mask3 ratio: 0.10, mask4 ratio: 0.88
2026-01-22 18:59:25,285 - root - INFO - mask1 ratio: 0.00, mask2 ratio: 0.03, mask3 ratio: 0.10, mask4 ratio: 0.87
2026-01-22 18:59:25,516 - root - INFO - mask1 ratio: 0.00, mask2 ratio: 0.04, mask3 ratio: 0.10, mask4 ratio: 0.86
2026-01-22 18:59:25,784 - root - INFO - mask1 ratio: 0.00, mask2 ratio: 0.04, mask3 ratio: 0.10, mask4 ratio: 0.85
2026-01-22 18:59:25,984 - root - INFO - mask1 ratio: 0.01, mask2 ratio: 0.06, mask3 ratio: 0.10, mask4 ratio: 0.83
2026-01-22 18:59:26,184 - root - INFO - mask1 ratio: 0.00, mask2 ratio: 0.04, mask3 ratio: 0.10, mask4 ratio: 0.86
2026-01-22 18:59:26,383 - root - INFO - mask1 ratio: 0.01, mask2 ratio: 0.05, mask3 ratio: 0.10, mask4 ratio: 0.85
2026-01-22 18:59:26,582 - root - INFO - mask1 ratio: 0.00, mask2 ratio: 0.04, mask3 ratio: 0.10, mask4 ratio: 0.86
2026-01-22 18:59:26,782 - root - INFO - mask1 ratio: 0.00, mask2 ratio: 0.04, mask3 ratio: 0.10, mask4 ratio: 0.85
2026-01-22 18:59:26,980 - root - INFO - mask1 ratio: 0.00, mask2 ratio: 0.04, mask3 ratio: 0.10, mask4 ratio: 0.85
2026-01-22 18:59:27,179 - root - INFO - mask1 ratio: 0.00, mask2 ratio: 0.04, mask3 ratio: 0.10, mask4 ratio: 0.85
2026-01-22 18:59:27,377 - root - INFO - mask1 ratio: 0.01, mask2 ratio: 0.05, mask3 ratio: 0.10, mask4 ratio: 0.85
2026-01-22 18:59:27,577 - root - INFO - mask1 ratio: 0.00, mask2 ratio: 0.03, mask3 ratio: 0.10, mask4 ratio: 0.87
2026-01-22 18:59:27,775 - root - INFO - mask1 ratio: 0.01, mask2 ratio: 0.05, mask3 ratio: 0.10, mask4 ratio: 0.85
2026-01-22 18:59:27,973 - root - INFO - mask1 ratio: 0.00, mask2 ratio: 0.04, mask3 ratio: 0.10, mask4 ratio: 0.85
2026-01-22 18:59:28,172 - root - INFO - mask1 ratio: 0.00, mask2 ratio: 0.03, mask3 ratio: 0.10, mask4 ratio: 0.87
2026-01-22 18:59:28,388 - root - INFO - mask1 ratio: 0.00, mask2 ratio: 0.03, mask3 ratio: 0.10, mask4 ratio: 0.87
2026-01-22 18:59:28,414 - root - INFO - time 4.90
2026-01-22 18:59:28,418 - root - INFO - 24 self_attn.o_proj
2026-01-22 18:59:28,419 - root - INFO - Quantizing ...
2026-01-22 18:59:28,616 - root - INFO - mask1 ratio: 0.01, mask2 ratio: 0.03, mask3 ratio: 0.10, mask4 ratio: 0.86
2026-01-22 18:59:28,829 - root - INFO - mask1 ratio: 0.02, mask2 ratio: 0.05, mask3 ratio: 0.10, mask4 ratio: 0.84
2026-01-22 18:59:29,044 - root - INFO - mask1 ratio: 0.02, mask2 ratio: 0.06, mask3 ratio: 0.10, mask4 ratio: 0.82
2026-01-22 18:59:29,261 - root - INFO - mask1 ratio: 0.02, mask2 ratio: 0.15, mask3 ratio: 0.10, mask4 ratio: 0.73
2026-01-22 18:59:29,481 - root - INFO - mask1 ratio: 0.01, mask2 ratio: 0.04, mask3 ratio: 0.10, mask4 ratio: 0.85
2026-01-22 18:59:29,731 - root - INFO - mask1 ratio: 0.03, mask2 ratio: 0.23, mask3 ratio: 0.10, mask4 ratio: 0.64
2026-01-22 18:59:29,979 - root - INFO - mask1 ratio: 0.00, mask2 ratio: 0.02, mask3 ratio: 0.11, mask4 ratio: 0.87
2026-01-22 18:59:30,194 - root - INFO - mask1 ratio: 0.01, mask2 ratio: 0.02, mask3 ratio: 0.10, mask4 ratio: 0.87
2026-01-22 18:59:30,408 - root - INFO - mask1 ratio: 0.02, mask2 ratio: 0.13, mask3 ratio: 0.10, mask4 ratio: 0.75
2026-01-22 18:59:30,627 - root - INFO - mask1 ratio: 0.01, mask2 ratio: 0.03, mask3 ratio: 0.10, mask4 ratio: 0.86
2026-01-22 18:59:30,841 - root - INFO - mask1 ratio: 0.01, mask2 ratio: 0.03, mask3 ratio: 0.10, mask4 ratio: 0.86
2026-01-22 18:59:31,055 - root - INFO - mask1 ratio: 0.01, mask2 ratio: 0.04, mask3 ratio: 0.10, mask4 ratio: 0.85
2026-01-22 18:59:31,270 - root - INFO - mask1 ratio: 0.00, mask2 ratio: 0.02, mask3 ratio: 0.11, mask4 ratio: 0.87
2026-01-22 18:59:31,485 - root - INFO - mask1 ratio: 0.01, mask2 ratio: 0.03, mask3 ratio: 0.11, mask4 ratio: 0.85
2026-01-22 18:59:31,698 - root - INFO - mask1 ratio: 0.01, mask2 ratio: 0.02, mask3 ratio: 0.11, mask4 ratio: 0.86
2026-01-22 18:59:31,916 - root - INFO - mask1 ratio: 0.02, mask2 ratio: 0.10, mask3 ratio: 0.10, mask4 ratio: 0.78
2026-01-22 18:59:32,130 - root - INFO - mask1 ratio: 0.02, mask2 ratio: 0.09, mask3 ratio: 0.10, mask4 ratio: 0.79
2026-01-22 18:59:32,344 - root - INFO - mask1 ratio: 0.01, mask2 ratio: 0.10, mask3 ratio: 0.10, mask4 ratio: 0.79
2026-01-22 18:59:32,557 - root - INFO - mask1 ratio: 0.01, mask2 ratio: 0.02, mask3 ratio: 0.11, mask4 ratio: 0.86
2026-01-22 18:59:32,771 - root - INFO - mask1 ratio: 0.02, mask2 ratio: 0.09, mask3 ratio: 0.10, mask4 ratio: 0.79
2026-01-22 18:59:32,985 - root - INFO - mask1 ratio: 0.01, mask2 ratio: 0.03, mask3 ratio: 0.10, mask4 ratio: 0.85
2026-01-22 18:59:33,199 - root - INFO - mask1 ratio: 0.01, mask2 ratio: 0.02, mask3 ratio: 0.10, mask4 ratio: 0.88
2026-01-22 18:59:33,412 - root - INFO - mask1 ratio: 0.00, mask2 ratio: 0.02, mask3 ratio: 0.10, mask4 ratio: 0.88
2026-01-22 18:59:33,623 - root - INFO - mask1 ratio: 0.01, mask2 ratio: 0.00, mask3 ratio: 0.10, mask4 ratio: 0.88
2026-01-22 18:59:33,649 - root - INFO - time 5.23
2026-01-22 18:59:33,653 - root - INFO - 24 mlp.gate_proj
2026-01-22 18:59:33,653 - root - INFO - Quantizing ...
2026-01-22 18:59:33,899 - root - INFO - mask1 ratio: 0.01, mask2 ratio: 0.05, mask3 ratio: 0.10, mask4 ratio: 0.85
2026-01-22 18:59:34,204 - root - INFO - mask1 ratio: 0.00, mask2 ratio: 0.03, mask3 ratio: 0.10, mask4 ratio: 0.87
2026-01-22 18:59:34,466 - root - INFO - mask1 ratio: 0.01, mask2 ratio: 0.05, mask3 ratio: 0.10, mask4 ratio: 0.84
2026-01-22 18:59:34,728 - root - INFO - mask1 ratio: 0.01, mask2 ratio: 0.06, mask3 ratio: 0.10, mask4 ratio: 0.84
2026-01-22 18:59:34,989 - root - INFO - mask1 ratio: 0.00, mask2 ratio: 0.03, mask3 ratio: 0.10, mask4 ratio: 0.86
2026-01-22 18:59:35,252 - root - INFO - mask1 ratio: 0.01, mask2 ratio: 0.05, mask3 ratio: 0.10, mask4 ratio: 0.85
2026-01-22 18:59:35,514 - root - INFO - mask1 ratio: 0.00, mask2 ratio: 0.04, mask3 ratio: 0.10, mask4 ratio: 0.86
2026-01-22 18:59:35,777 - root - INFO - mask1 ratio: 0.01, mask2 ratio: 0.06, mask3 ratio: 0.10, mask4 ratio: 0.83
2026-01-22 18:59:36,043 - root - INFO - mask1 ratio: 0.01, mask2 ratio: 0.04, mask3 ratio: 0.10, mask4 ratio: 0.85
2026-01-22 18:59:36,306 - root - INFO - mask1 ratio: 0.00, mask2 ratio: 0.04, mask3 ratio: 0.10, mask4 ratio: 0.85
2026-01-22 18:59:36,569 - root - INFO - mask1 ratio: 0.01, mask2 ratio: 0.06, mask3 ratio: 0.10, mask4 ratio: 0.83
2026-01-22 18:59:36,833 - root - INFO - mask1 ratio: 0.01, mask2 ratio: 0.07, mask3 ratio: 0.10, mask4 ratio: 0.82
2026-01-22 18:59:37,095 - root - INFO - mask1 ratio: 0.00, mask2 ratio: 0.04, mask3 ratio: 0.10, mask4 ratio: 0.85
2026-01-22 18:59:37,360 - root - INFO - mask1 ratio: 0.01, mask2 ratio: 0.03, mask3 ratio: 0.10, mask4 ratio: 0.86
2026-01-22 18:59:37,659 - root - INFO - mask1 ratio: 0.00, mask2 ratio: 0.04, mask3 ratio: 0.10, mask4 ratio: 0.85
2026-01-22 18:59:37,942 - root - INFO - mask1 ratio: 0.01, mask2 ratio: 0.05, mask3 ratio: 0.10, mask4 ratio: 0.85
2026-01-22 18:59:38,206 - root - INFO - mask1 ratio: 0.01, mask2 ratio: 0.05, mask3 ratio: 0.10, mask4 ratio: 0.85
2026-01-22 18:59:38,468 - root - INFO - mask1 ratio: 0.00, mask2 ratio: 0.03, mask3 ratio: 0.10, mask4 ratio: 0.87
2026-01-22 18:59:38,729 - root - INFO - mask1 ratio: 0.01, mask2 ratio: 0.05, mask3 ratio: 0.10, mask4 ratio: 0.85
2026-01-22 18:59:38,991 - root - INFO - mask1 ratio: 0.00, mask2 ratio: 0.03, mask3 ratio: 0.10, mask4 ratio: 0.87
2026-01-22 18:59:39,254 - root - INFO - mask1 ratio: 0.01, mask2 ratio: 0.05, mask3 ratio: 0.10, mask4 ratio: 0.85
2026-01-22 18:59:39,518 - root - INFO - mask1 ratio: 0.01, mask2 ratio: 0.06, mask3 ratio: 0.10, mask4 ratio: 0.83
2026-01-22 18:59:39,787 - root - INFO - mask1 ratio: 0.00, mask2 ratio: 0.04, mask3 ratio: 0.10, mask4 ratio: 0.86
2026-01-22 18:59:40,051 - root - INFO - mask1 ratio: 0.01, mask2 ratio: 0.03, mask3 ratio: 0.10, mask4 ratio: 0.86
2026-01-22 18:59:40,082 - root - INFO - time 6.43
2026-01-22 18:59:40,089 - root - INFO - 24 mlp.up_proj
2026-01-22 18:59:40,090 - root - INFO - Quantizing ...
2026-01-22 18:59:40,337 - root - INFO - mask1 ratio: 0.01, mask2 ratio: 0.03, mask3 ratio: 0.10, mask4 ratio: 0.86
2026-01-22 18:59:40,616 - root - INFO - mask1 ratio: 0.01, mask2 ratio: 0.03, mask3 ratio: 0.11, mask4 ratio: 0.85
2026-01-22 18:59:40,885 - root - INFO - mask1 ratio: 0.01, mask2 ratio: 0.04, mask3 ratio: 0.11, mask4 ratio: 0.84
2026-01-22 18:59:41,167 - root - INFO - mask1 ratio: 0.01, mask2 ratio: 0.05, mask3 ratio: 0.10, mask4 ratio: 0.84
2026-01-22 18:59:41,524 - root - INFO - mask1 ratio: 0.01, mask2 ratio: 0.05, mask3 ratio: 0.10, mask4 ratio: 0.84
2026-01-22 18:59:41,809 - root - INFO - mask1 ratio: 0.01, mask2 ratio: 0.04, mask3 ratio: 0.10, mask4 ratio: 0.85
2026-01-22 18:59:42,083 - root - INFO - mask1 ratio: 0.01, mask2 ratio: 0.05, mask3 ratio: 0.10, mask4 ratio: 0.84
2026-01-22 18:59:42,355 - root - INFO - mask1 ratio: 0.01, mask2 ratio: 0.04, mask3 ratio: 0.10, mask4 ratio: 0.85
2026-01-22 18:59:42,632 - root - INFO - mask1 ratio: 0.01, mask2 ratio: 0.06, mask3 ratio: 0.10, mask4 ratio: 0.82
2026-01-22 18:59:42,903 - root - INFO - mask1 ratio: 0.01, mask2 ratio: 0.05, mask3 ratio: 0.10, mask4 ratio: 0.84
2026-01-22 18:59:43,181 - root - INFO - mask1 ratio: 0.01, mask2 ratio: 0.06, mask3 ratio: 0.10, mask4 ratio: 0.82
2026-01-22 18:59:43,457 - root - INFO - mask1 ratio: 0.01, mask2 ratio: 0.06, mask3 ratio: 0.10, mask4 ratio: 0.83
2026-01-22 18:59:43,724 - root - INFO - mask1 ratio: 0.01, mask2 ratio: 0.05, mask3 ratio: 0.10, mask4 ratio: 0.84
2026-01-22 18:59:43,993 - root - INFO - mask1 ratio: 0.01, mask2 ratio: 0.04, mask3 ratio: 0.10, mask4 ratio: 0.85
2026-01-22 18:59:44,272 - root - INFO - mask1 ratio: 0.01, mask2 ratio: 0.07, mask3 ratio: 0.10, mask4 ratio: 0.82
2026-01-22 18:59:44,555 - root - INFO - mask1 ratio: 0.01, mask2 ratio: 0.04, mask3 ratio: 0.10, mask4 ratio: 0.85
2026-01-22 18:59:44,824 - root - INFO - mask1 ratio: 0.01, mask2 ratio: 0.07, mask3 ratio: 0.10, mask4 ratio: 0.81
2026-01-22 18:59:45,096 - root - INFO - mask1 ratio: 0.01, mask2 ratio: 0.04, mask3 ratio: 0.10, mask4 ratio: 0.85
2026-01-22 18:59:45,425 - root - INFO - mask1 ratio: 0.01, mask2 ratio: 0.04, mask3 ratio: 0.10, mask4 ratio: 0.85
2026-01-22 18:59:45,690 - root - INFO - mask1 ratio: 0.01, mask2 ratio: 0.04, mask3 ratio: 0.11, mask4 ratio: 0.84
2026-01-22 18:59:45,961 - root - INFO - mask1 ratio: 0.00, mask2 ratio: 0.02, mask3 ratio: 0.10, mask4 ratio: 0.88
2026-01-22 18:59:46,228 - root - INFO - mask1 ratio: 0.01, mask2 ratio: 0.05, mask3 ratio: 0.10, mask4 ratio: 0.84
2026-01-22 18:59:46,496 - root - INFO - mask1 ratio: 0.01, mask2 ratio: 0.04, mask3 ratio: 0.10, mask4 ratio: 0.85
2026-01-22 18:59:46,771 - root - INFO - mask1 ratio: 0.01, mask2 ratio: 0.03, mask3 ratio: 0.10, mask4 ratio: 0.86
2026-01-22 18:59:46,802 - root - INFO - time 6.71
2026-01-22 18:59:46,810 - root - INFO - 24 mlp.down_proj
2026-01-22 18:59:46,810 - root - INFO - Quantizing ...
2026-01-22 18:59:47,067 - root - INFO - mask1 ratio: 0.02, mask2 ratio: 0.09, mask3 ratio: 0.10, mask4 ratio: 0.80
2026-01-22 18:59:47,281 - root - INFO - mask1 ratio: 0.01, mask2 ratio: 0.02, mask3 ratio: 0.10, mask4 ratio: 0.87
2026-01-22 18:59:47,496 - root - INFO - mask1 ratio: 0.01, mask2 ratio: 0.04, mask3 ratio: 0.10, mask4 ratio: 0.85
2026-01-22 18:59:47,710 - root - INFO - mask1 ratio: 0.01, mask2 ratio: 0.02, mask3 ratio: 0.10, mask4 ratio: 0.87
2026-01-22 18:59:47,925 - root - INFO - mask1 ratio: 0.02, mask2 ratio: 0.06, mask3 ratio: 0.10, mask4 ratio: 0.82
2026-01-22 18:59:48,138 - root - INFO - mask1 ratio: 0.01, mask2 ratio: 0.04, mask3 ratio: 0.10, mask4 ratio: 0.85
2026-01-22 18:59:48,353 - root - INFO - mask1 ratio: 0.01, mask2 ratio: 0.06, mask3 ratio: 0.10, mask4 ratio: 0.82
2026-01-22 18:59:48,566 - root - INFO - mask1 ratio: 0.01, mask2 ratio: 0.04, mask3 ratio: 0.10, mask4 ratio: 0.85
2026-01-22 18:59:48,781 - root - INFO - mask1 ratio: 0.01, mask2 ratio: 0.03, mask3 ratio: 0.10, mask4 ratio: 0.86
2026-01-22 18:59:48,996 - root - INFO - mask1 ratio: 0.01, mask2 ratio: 0.03, mask3 ratio: 0.10, mask4 ratio: 0.86
2026-01-22 18:59:49,312 - root - INFO - mask1 ratio: 0.01, mask2 ratio: 0.08, mask3 ratio: 0.10, mask4 ratio: 0.81
2026-01-22 18:59:49,529 - root - INFO - mask1 ratio: 0.01, mask2 ratio: 0.04, mask3 ratio: 0.10, mask4 ratio: 0.85
2026-01-22 18:59:49,744 - root - INFO - mask1 ratio: 0.01, mask2 ratio: 0.05, mask3 ratio: 0.10, mask4 ratio: 0.84
2026-01-22 18:59:49,962 - root - INFO - mask1 ratio: 0.00, mask2 ratio: 0.03, mask3 ratio: 0.10, mask4 ratio: 0.87
2026-01-22 18:59:50,179 - root - INFO - mask1 ratio: 0.02, mask2 ratio: 0.05, mask3 ratio: 0.10, mask4 ratio: 0.83
2026-01-22 18:59:50,396 - root - INFO - mask1 ratio: 0.02, mask2 ratio: 0.08, mask3 ratio: 0.10, mask4 ratio: 0.80
2026-01-22 18:59:50,610 - root - INFO - mask1 ratio: 0.01, mask2 ratio: 0.02, mask3 ratio: 0.10, mask4 ratio: 0.87
2026-01-22 18:59:50,825 - root - INFO - mask1 ratio: 0.01, mask2 ratio: 0.07, mask3 ratio: 0.10, mask4 ratio: 0.81
2026-01-22 18:59:51,040 - root - INFO - mask1 ratio: 0.01, mask2 ratio: 0.02, mask3 ratio: 0.10, mask4 ratio: 0.87
2026-01-22 18:59:51,256 - root - INFO - mask1 ratio: 0.01, mask2 ratio: 0.03, mask3 ratio: 0.10, mask4 ratio: 0.86
2026-01-22 18:59:51,471 - root - INFO - mask1 ratio: 0.01, mask2 ratio: 0.02, mask3 ratio: 0.10, mask4 ratio: 0.88
2026-01-22 18:59:51,688 - root - INFO - mask1 ratio: 0.00, mask2 ratio: 0.03, mask3 ratio: 0.10, mask4 ratio: 0.87
2026-01-22 18:59:51,906 - root - INFO - mask1 ratio: 0.01, mask2 ratio: 0.04, mask3 ratio: 0.10, mask4 ratio: 0.85
2026-01-22 18:59:52,121 - root - INFO - mask1 ratio: 0.01, mask2 ratio: 0.03, mask3 ratio: 0.10, mask4 ratio: 0.86
2026-01-22 18:59:52,337 - root - INFO - mask1 ratio: 0.01, mask2 ratio: 0.02, mask3 ratio: 0.10, mask4 ratio: 0.88
2026-01-22 18:59:52,552 - root - INFO - mask1 ratio: 0.01, mask2 ratio: 0.04, mask3 ratio: 0.10, mask4 ratio: 0.85
2026-01-22 18:59:52,767 - root - INFO - mask1 ratio: 0.01, mask2 ratio: 0.03, mask3 ratio: 0.10, mask4 ratio: 0.86
2026-01-22 18:59:52,984 - root - INFO - mask1 ratio: 0.01, mask2 ratio: 0.03, mask3 ratio: 0.10, mask4 ratio: 0.86
2026-01-22 18:59:53,251 - root - INFO - mask1 ratio: 0.01, mask2 ratio: 0.04, mask3 ratio: 0.10, mask4 ratio: 0.85
2026-01-22 18:59:53,503 - root - INFO - mask1 ratio: 0.02, mask2 ratio: 0.08, mask3 ratio: 0.10, mask4 ratio: 0.81
2026-01-22 18:59:53,718 - root - INFO - mask1 ratio: 0.01, mask2 ratio: 0.05, mask3 ratio: 0.10, mask4 ratio: 0.84
2026-01-22 18:59:53,940 - root - INFO - mask1 ratio: 0.01, mask2 ratio: 0.03, mask3 ratio: 0.10, mask4 ratio: 0.86
2026-01-22 18:59:54,155 - root - INFO - mask1 ratio: 0.01, mask2 ratio: 0.03, mask3 ratio: 0.10, mask4 ratio: 0.86
2026-01-22 18:59:54,370 - root - INFO - mask1 ratio: 0.01, mask2 ratio: 0.03, mask3 ratio: 0.10, mask4 ratio: 0.86
2026-01-22 18:59:54,583 - root - INFO - mask1 ratio: 0.01, mask2 ratio: 0.04, mask3 ratio: 0.10, mask4 ratio: 0.85
2026-01-22 18:59:54,799 - root - INFO - mask1 ratio: 0.01, mask2 ratio: 0.06, mask3 ratio: 0.10, mask4 ratio: 0.82
2026-01-22 18:59:55,028 - root - INFO - mask1 ratio: 0.01, mask2 ratio: 0.09, mask3 ratio: 0.10, mask4 ratio: 0.80
2026-01-22 18:59:55,255 - root - INFO - mask1 ratio: 0.01, mask2 ratio: 0.03, mask3 ratio: 0.10, mask4 ratio: 0.86
2026-01-22 18:59:55,478 - root - INFO - mask1 ratio: 0.01, mask2 ratio: 0.03, mask3 ratio: 0.10, mask4 ratio: 0.86
2026-01-22 18:59:55,704 - root - INFO - mask1 ratio: 0.01, mask2 ratio: 0.03, mask3 ratio: 0.10, mask4 ratio: 0.86
2026-01-22 18:59:55,929 - root - INFO - mask1 ratio: 0.01, mask2 ratio: 0.03, mask3 ratio: 0.10, mask4 ratio: 0.86
2026-01-22 18:59:56,154 - root - INFO - mask1 ratio: 0.01, mask2 ratio: 0.03, mask3 ratio: 0.10, mask4 ratio: 0.85
2026-01-22 18:59:56,368 - root - INFO - mask1 ratio: 0.01, mask2 ratio: 0.03, mask3 ratio: 0.10, mask4 ratio: 0.86
2026-01-22 18:59:56,586 - root - INFO - mask1 ratio: 0.01, mask2 ratio: 0.03, mask3 ratio: 0.10, mask4 ratio: 0.86
2026-01-22 18:59:56,800 - root - INFO - mask1 ratio: 0.01, mask2 ratio: 0.02, mask3 ratio: 0.10, mask4 ratio: 0.87
2026-01-22 18:59:57,014 - root - INFO - mask1 ratio: 0.01, mask2 ratio: 0.02, mask3 ratio: 0.10, mask4 ratio: 0.88
2026-01-22 18:59:57,259 - root - INFO - mask1 ratio: 0.01, mask2 ratio: 0.03, mask3 ratio: 0.10, mask4 ratio: 0.86
2026-01-22 18:59:57,544 - root - INFO - mask1 ratio: 0.01, mask2 ratio: 0.04, mask3 ratio: 0.10, mask4 ratio: 0.85
2026-01-22 18:59:57,759 - root - INFO - mask1 ratio: 0.01, mask2 ratio: 0.06, mask3 ratio: 0.10, mask4 ratio: 0.82
2026-01-22 18:59:57,975 - root - INFO - mask1 ratio: 0.01, mask2 ratio: 0.02, mask3 ratio: 0.10, mask4 ratio: 0.87
2026-01-22 18:59:58,194 - root - INFO - mask1 ratio: 0.01, mask2 ratio: 0.02, mask3 ratio: 0.10, mask4 ratio: 0.87
2026-01-22 18:59:58,409 - root - INFO - mask1 ratio: 0.01, mask2 ratio: 0.02, mask3 ratio: 0.10, mask4 ratio: 0.87
2026-01-22 18:59:58,624 - root - INFO - mask1 ratio: 0.01, mask2 ratio: 0.06, mask3 ratio: 0.10, mask4 ratio: 0.82
2026-01-22 18:59:58,838 - root - INFO - mask1 ratio: 0.01, mask2 ratio: 0.03, mask3 ratio: 0.10, mask4 ratio: 0.87
2026-01-22 18:59:59,053 - root - INFO - mask1 ratio: 0.01, mask2 ratio: 0.03, mask3 ratio: 0.10, mask4 ratio: 0.86
2026-01-22 18:59:59,268 - root - INFO - mask1 ratio: 0.02, mask2 ratio: 0.12, mask3 ratio: 0.10, mask4 ratio: 0.76
2026-01-22 18:59:59,482 - root - INFO - mask1 ratio: 0.01, mask2 ratio: 0.04, mask3 ratio: 0.10, mask4 ratio: 0.85
2026-01-22 18:59:59,698 - root - INFO - mask1 ratio: 0.01, mask2 ratio: 0.06, mask3 ratio: 0.10, mask4 ratio: 0.83
2026-01-22 18:59:59,915 - root - INFO - mask1 ratio: 0.01, mask2 ratio: 0.02, mask3 ratio: 0.10, mask4 ratio: 0.87
2026-01-22 19:00:00,131 - root - INFO - mask1 ratio: 0.01, mask2 ratio: 0.06, mask3 ratio: 0.10, mask4 ratio: 0.83
2026-01-22 19:00:00,345 - root - INFO - mask1 ratio: 0.01, mask2 ratio: 0.03, mask3 ratio: 0.10, mask4 ratio: 0.86
2026-01-22 19:00:00,559 - root - INFO - mask1 ratio: 0.01, mask2 ratio: 0.04, mask3 ratio: 0.10, mask4 ratio: 0.85
2026-01-22 19:00:00,779 - root - INFO - mask1 ratio: 0.00, mask2 ratio: 0.03, mask3 ratio: 0.10, mask4 ratio: 0.86
2026-01-22 19:00:00,993 - root - INFO - mask1 ratio: 0.00, mask2 ratio: 0.02, mask3 ratio: 0.10, mask4 ratio: 0.88
2026-01-22 19:00:01,020 - root - INFO - time 14.21
2026-01-22 19:00:03,621 - root - INFO - 25 self_attn.q_proj
2026-01-22 19:00:03,621 - root - INFO - Quantizing ...
2026-01-22 19:00:04,019 - root - INFO - mask1 ratio: 0.00, mask2 ratio: 0.02, mask3 ratio: 0.10, mask4 ratio: 0.88
2026-01-22 19:00:04,234 - root - INFO - mask1 ratio: 0.00, mask2 ratio: 0.03, mask3 ratio: 0.10, mask4 ratio: 0.87
2026-01-22 19:00:04,448 - root - INFO - mask1 ratio: 0.00, mask2 ratio: 0.03, mask3 ratio: 0.10, mask4 ratio: 0.87
2026-01-22 19:00:04,661 - root - INFO - mask1 ratio: 0.01, mask2 ratio: 0.06, mask3 ratio: 0.10, mask4 ratio: 0.84
2026-01-22 19:00:04,879 - root - INFO - mask1 ratio: 0.00, mask2 ratio: 0.03, mask3 ratio: 0.10, mask4 ratio: 0.87
2026-01-22 19:00:05,094 - root - INFO - mask1 ratio: 0.01, mask2 ratio: 0.05, mask3 ratio: 0.10, mask4 ratio: 0.85
2026-01-22 19:00:05,311 - root - INFO - mask1 ratio: 0.00, mask2 ratio: 0.03, mask3 ratio: 0.10, mask4 ratio: 0.87
2026-01-22 19:00:05,524 - root - INFO - mask1 ratio: 0.00, mask2 ratio: 0.02, mask3 ratio: 0.10, mask4 ratio: 0.88
2026-01-22 19:00:05,742 - root - INFO - mask1 ratio: 0.01, mask2 ratio: 0.03, mask3 ratio: 0.10, mask4 ratio: 0.86
2026-01-22 19:00:05,958 - root - INFO - mask1 ratio: 0.01, mask2 ratio: 0.03, mask3 ratio: 0.10, mask4 ratio: 0.86
2026-01-22 19:00:06,173 - root - INFO - mask1 ratio: 0.00, mask2 ratio: 0.03, mask3 ratio: 0.10, mask4 ratio: 0.86
2026-01-22 19:00:06,388 - root - INFO - mask1 ratio: 0.01, mask2 ratio: 0.08, mask3 ratio: 0.10, mask4 ratio: 0.81
2026-01-22 19:00:06,602 - root - INFO - mask1 ratio: 0.00, mask2 ratio: 0.03, mask3 ratio: 0.10, mask4 ratio: 0.86
2026-01-22 19:00:06,815 - root - INFO - mask1 ratio: 0.00, mask2 ratio: 0.04, mask3 ratio: 0.10, mask4 ratio: 0.86
2026-01-22 19:00:07,029 - root - INFO - mask1 ratio: 0.00, mask2 ratio: 0.04, mask3 ratio: 0.10, mask4 ratio: 0.85
2026-01-22 19:00:07,244 - root - INFO - mask1 ratio: 0.00, mask2 ratio: 0.03, mask3 ratio: 0.10, mask4 ratio: 0.87
2026-01-22 19:00:07,459 - root - INFO - mask1 ratio: 0.00, mask2 ratio: 0.02, mask3 ratio: 0.10, mask4 ratio: 0.88
2026-01-22 19:00:07,777 - root - INFO - mask1 ratio: 0.01, mask2 ratio: 0.03, mask3 ratio: 0.10, mask4 ratio: 0.87
2026-01-22 19:00:08,001 - root - INFO - mask1 ratio: 0.00, mask2 ratio: 0.03, mask3 ratio: 0.10, mask4 ratio: 0.87
2026-01-22 19:00:08,216 - root - INFO - mask1 ratio: 0.00, mask2 ratio: 0.03, mask3 ratio: 0.10, mask4 ratio: 0.87
2026-01-22 19:00:08,432 - root - INFO - mask1 ratio: 0.00, mask2 ratio: 0.03, mask3 ratio: 0.10, mask4 ratio: 0.87
2026-01-22 19:00:08,651 - root - INFO - mask1 ratio: 0.01, mask2 ratio: 0.04, mask3 ratio: 0.10, mask4 ratio: 0.85
2026-01-22 19:00:08,878 - root - INFO - mask1 ratio: 0.00, mask2 ratio: 0.04, mask3 ratio: 0.10, mask4 ratio: 0.86
2026-01-22 19:00:09,097 - root - INFO - mask1 ratio: 0.01, mask2 ratio: 0.03, mask3 ratio: 0.10, mask4 ratio: 0.86
2026-01-22 19:00:09,124 - root - INFO - time 5.50
2026-01-22 19:00:09,134 - root - INFO - 25 self_attn.k_proj
2026-01-22 19:00:09,134 - root - INFO - Quantizing ...
2026-01-22 19:00:09,317 - root - INFO - mask1 ratio: 0.00, mask2 ratio: 0.02, mask3 ratio: 0.10, mask4 ratio: 0.88
2026-01-22 19:00:09,516 - root - INFO - mask1 ratio: 0.00, mask2 ratio: 0.03, mask3 ratio: 0.10, mask4 ratio: 0.87
2026-01-22 19:00:09,727 - root - INFO - mask1 ratio: 0.00, mask2 ratio: 0.02, mask3 ratio: 0.10, mask4 ratio: 0.88
2026-01-22 19:00:09,935 - root - INFO - mask1 ratio: 0.01, mask2 ratio: 0.03, mask3 ratio: 0.10, mask4 ratio: 0.86
2026-01-22 19:00:10,133 - root - INFO - mask1 ratio: 0.01, mask2 ratio: 0.03, mask3 ratio: 0.10, mask4 ratio: 0.87
2026-01-22 19:00:10,334 - root - INFO - mask1 ratio: 0.00, mask2 ratio: 0.03, mask3 ratio: 0.10, mask4 ratio: 0.87
2026-01-22 19:00:10,534 - root - INFO - mask1 ratio: 0.00, mask2 ratio: 0.04, mask3 ratio: 0.10, mask4 ratio: 0.86
2026-01-22 19:00:10,732 - root - INFO - mask1 ratio: 0.00, mask2 ratio: 0.02, mask3 ratio: 0.10, mask4 ratio: 0.88
2026-01-22 19:00:10,930 - root - INFO - mask1 ratio: 0.01, mask2 ratio: 0.04, mask3 ratio: 0.10, mask4 ratio: 0.85
2026-01-22 19:00:11,128 - root - INFO - mask1 ratio: 0.00, mask2 ratio: 0.02, mask3 ratio: 0.10, mask4 ratio: 0.88
2026-01-22 19:00:11,327 - root - INFO - mask1 ratio: 0.00, mask2 ratio: 0.03, mask3 ratio: 0.10, mask4 ratio: 0.87
2026-01-22 19:00:11,526 - root - INFO - mask1 ratio: 0.01, mask2 ratio: 0.04, mask3 ratio: 0.10, mask4 ratio: 0.85
2026-01-22 19:00:11,727 - root - INFO - mask1 ratio: 0.00, mask2 ratio: 0.03, mask3 ratio: 0.10, mask4 ratio: 0.87
2026-01-22 19:00:11,984 - root - INFO - mask1 ratio: 0.00, mask2 ratio: 0.02, mask3 ratio: 0.10, mask4 ratio: 0.88
2026-01-22 19:00:12,182 - root - INFO - mask1 ratio: 0.00, mask2 ratio: 0.02, mask3 ratio: 0.10, mask4 ratio: 0.88
2026-01-22 19:00:12,379 - root - INFO - mask1 ratio: 0.00, mask2 ratio: 0.03, mask3 ratio: 0.10, mask4 ratio: 0.87
2026-01-22 19:00:12,577 - root - INFO - mask1 ratio: 0.00, mask2 ratio: 0.02, mask3 ratio: 0.10, mask4 ratio: 0.88
2026-01-22 19:00:12,774 - root - INFO - mask1 ratio: 0.00, mask2 ratio: 0.03, mask3 ratio: 0.10, mask4 ratio: 0.87
2026-01-22 19:00:12,970 - root - INFO - mask1 ratio: 0.00, mask2 ratio: 0.03, mask3 ratio: 0.10, mask4 ratio: 0.87
2026-01-22 19:00:13,166 - root - INFO - mask1 ratio: 0.00, mask2 ratio: 0.03, mask3 ratio: 0.10, mask4 ratio: 0.87
2026-01-22 19:00:13,363 - root - INFO - mask1 ratio: 0.00, mask2 ratio: 0.03, mask3 ratio: 0.10, mask4 ratio: 0.87
2026-01-22 19:00:13,561 - root - INFO - mask1 ratio: 0.01, mask2 ratio: 0.03, mask3 ratio: 0.10, mask4 ratio: 0.87
2026-01-22 19:00:13,776 - root - INFO - mask1 ratio: 0.00, mask2 ratio: 0.04, mask3 ratio: 0.10, mask4 ratio: 0.86
2026-01-22 19:00:13,993 - root - INFO - mask1 ratio: 0.01, mask2 ratio: 0.03, mask3 ratio: 0.10, mask4 ratio: 0.86
2026-01-22 19:00:14,019 - root - INFO - time 4.88
2026-01-22 19:00:14,021 - root - INFO - 25 self_attn.v_proj
2026-01-22 19:00:14,021 - root - INFO - Quantizing ...
2026-01-22 19:00:14,220 - root - INFO - mask1 ratio: 0.00, mask2 ratio: 0.04, mask3 ratio: 0.10, mask4 ratio: 0.85
2026-01-22 19:00:14,436 - root - INFO - mask1 ratio: 0.00, mask2 ratio: 0.04, mask3 ratio: 0.10, mask4 ratio: 0.86
2026-01-22 19:00:14,654 - root - INFO - mask1 ratio: 0.00, mask2 ratio: 0.03, mask3 ratio: 0.10, mask4 ratio: 0.87
2026-01-22 19:00:14,851 - root - INFO - mask1 ratio: 0.00, mask2 ratio: 0.04, mask3 ratio: 0.10, mask4 ratio: 0.85
2026-01-22 19:00:15,048 - root - INFO - mask1 ratio: 0.00, mask2 ratio: 0.04, mask3 ratio: 0.10, mask4 ratio: 0.85
2026-01-22 19:00:15,245 - root - INFO - mask1 ratio: 0.00, mask2 ratio: 0.04, mask3 ratio: 0.10, mask4 ratio: 0.85
2026-01-22 19:00:15,442 - root - INFO - mask1 ratio: 0.00, mask2 ratio: 0.03, mask3 ratio: 0.10, mask4 ratio: 0.87
2026-01-22 19:00:15,641 - root - INFO - mask1 ratio: 0.00, mask2 ratio: 0.02, mask3 ratio: 0.10, mask4 ratio: 0.88
2026-01-22 19:00:15,851 - root - INFO - mask1 ratio: 0.00, mask2 ratio: 0.03, mask3 ratio: 0.10, mask4 ratio: 0.87
2026-01-22 19:00:16,154 - root - INFO - mask1 ratio: 0.00, mask2 ratio: 0.03, mask3 ratio: 0.10, mask4 ratio: 0.86
2026-01-22 19:00:16,352 - root - INFO - mask1 ratio: 0.00, mask2 ratio: 0.03, mask3 ratio: 0.10, mask4 ratio: 0.86
2026-01-22 19:00:16,558 - root - INFO - mask1 ratio: 0.01, mask2 ratio: 0.05, mask3 ratio: 0.10, mask4 ratio: 0.85
2026-01-22 19:00:16,768 - root - INFO - mask1 ratio: 0.00, mask2 ratio: 0.04, mask3 ratio: 0.10, mask4 ratio: 0.86
2026-01-22 19:00:16,966 - root - INFO - mask1 ratio: 0.01, mask2 ratio: 0.05, mask3 ratio: 0.10, mask4 ratio: 0.85
2026-01-22 19:00:17,165 - root - INFO - mask1 ratio: 0.00, mask2 ratio: 0.04, mask3 ratio: 0.10, mask4 ratio: 0.86
2026-01-22 19:00:17,374 - root - INFO - mask1 ratio: 0.00, mask2 ratio: 0.03, mask3 ratio: 0.10, mask4 ratio: 0.87
2026-01-22 19:00:17,574 - root - INFO - mask1 ratio: 0.00, mask2 ratio: 0.04, mask3 ratio: 0.10, mask4 ratio: 0.85
2026-01-22 19:00:17,793 - root - INFO - mask1 ratio: 0.00, mask2 ratio: 0.03, mask3 ratio: 0.10, mask4 ratio: 0.86
2026-01-22 19:00:18,010 - root - INFO - mask1 ratio: 0.00, mask2 ratio: 0.04, mask3 ratio: 0.10, mask4 ratio: 0.86
2026-01-22 19:00:18,207 - root - INFO - mask1 ratio: 0.00, mask2 ratio: 0.03, mask3 ratio: 0.10, mask4 ratio: 0.87
2026-01-22 19:00:18,405 - root - INFO - mask1 ratio: 0.00, mask2 ratio: 0.04, mask3 ratio: 0.10, mask4 ratio: 0.85
2026-01-22 19:00:18,604 - root - INFO - mask1 ratio: 0.00, mask2 ratio: 0.04, mask3 ratio: 0.10, mask4 ratio: 0.85
2026-01-22 19:00:18,803 - root - INFO - mask1 ratio: 0.00, mask2 ratio: 0.03, mask3 ratio: 0.10, mask4 ratio: 0.87
2026-01-22 19:00:19,002 - root - INFO - mask1 ratio: 0.00, mask2 ratio: 0.03, mask3 ratio: 0.10, mask4 ratio: 0.87
2026-01-22 19:00:19,028 - root - INFO - time 5.01
2026-01-22 19:00:19,032 - root - INFO - 25 self_attn.o_proj
2026-01-22 19:00:19,032 - root - INFO - Quantizing ...
2026-01-22 19:00:19,231 - root - INFO - mask1 ratio: 0.03, mask2 ratio: 0.18, mask3 ratio: 0.10, mask4 ratio: 0.69
2026-01-22 19:00:19,447 - root - INFO - mask1 ratio: 0.04, mask2 ratio: 0.26, mask3 ratio: 0.10, mask4 ratio: 0.60
2026-01-22 19:00:19,663 - root - INFO - mask1 ratio: 0.03, mask2 ratio: 0.17, mask3 ratio: 0.10, mask4 ratio: 0.70
2026-01-22 19:00:19,881 - root - INFO - mask1 ratio: 0.03, mask2 ratio: 0.15, mask3 ratio: 0.10, mask4 ratio: 0.72
2026-01-22 19:00:20,102 - root - INFO - mask1 ratio: 0.01, mask2 ratio: 0.06, mask3 ratio: 0.10, mask4 ratio: 0.83
2026-01-22 19:00:20,374 - root - INFO - mask1 ratio: 0.02, mask2 ratio: 0.08, mask3 ratio: 0.10, mask4 ratio: 0.80
2026-01-22 19:00:20,588 - root - INFO - mask1 ratio: 0.01, mask2 ratio: 0.02, mask3 ratio: 0.10, mask4 ratio: 0.87
2026-01-22 19:00:20,802 - root - INFO - mask1 ratio: 0.01, mask2 ratio: 0.02, mask3 ratio: 0.10, mask4 ratio: 0.88
2026-01-22 19:00:21,017 - root - INFO - mask1 ratio: 0.01, mask2 ratio: 0.03, mask3 ratio: 0.10, mask4 ratio: 0.86
2026-01-22 19:00:21,229 - root - INFO - mask1 ratio: 0.01, mask2 ratio: 0.02, mask3 ratio: 0.11, mask4 ratio: 0.86
2026-01-22 19:00:21,442 - root - INFO - mask1 ratio: 0.01, mask2 ratio: 0.02, mask3 ratio: 0.10, mask4 ratio: 0.87
2026-01-22 19:00:21,655 - root - INFO - mask1 ratio: 0.01, mask2 ratio: 0.03, mask3 ratio: 0.10, mask4 ratio: 0.87
2026-01-22 19:00:21,868 - root - INFO - mask1 ratio: 0.00, mask2 ratio: 0.02, mask3 ratio: 0.10, mask4 ratio: 0.88
2026-01-22 19:00:22,084 - root - INFO - mask1 ratio: 0.02, mask2 ratio: 0.10, mask3 ratio: 0.10, mask4 ratio: 0.77
2026-01-22 19:00:22,297 - root - INFO - mask1 ratio: 0.01, mask2 ratio: 0.06, mask3 ratio: 0.10, mask4 ratio: 0.83
2026-01-22 19:00:22,512 - root - INFO - mask1 ratio: 0.02, mask2 ratio: 0.12, mask3 ratio: 0.10, mask4 ratio: 0.76
2026-01-22 19:00:22,726 - root - INFO - mask1 ratio: 0.03, mask2 ratio: 0.20, mask3 ratio: 0.10, mask4 ratio: 0.67
2026-01-22 19:00:22,943 - root - INFO - mask1 ratio: 0.01, mask2 ratio: 0.09, mask3 ratio: 0.10, mask4 ratio: 0.80
2026-01-22 19:00:23,167 - root - INFO - mask1 ratio: 0.01, mask2 ratio: 0.06, mask3 ratio: 0.10, mask4 ratio: 0.84
2026-01-22 19:00:23,381 - root - INFO - mask1 ratio: 0.01, mask2 ratio: 0.02, mask3 ratio: 0.10, mask4 ratio: 0.88
2026-01-22 19:00:23,594 - root - INFO - mask1 ratio: 0.01, mask2 ratio: 0.03, mask3 ratio: 0.10, mask4 ratio: 0.86
2026-01-22 19:00:23,813 - root - INFO - mask1 ratio: 0.01, mask2 ratio: 0.03, mask3 ratio: 0.10, mask4 ratio: 0.86
2026-01-22 19:00:24,028 - root - INFO - mask1 ratio: 0.01, mask2 ratio: 0.00, mask3 ratio: 0.10, mask4 ratio: 0.88
2026-01-22 19:00:24,343 - root - INFO - mask1 ratio: 0.01, mask2 ratio: 0.05, mask3 ratio: 0.10, mask4 ratio: 0.85
2026-01-22 19:00:24,369 - root - INFO - time 5.34
2026-01-22 19:00:24,373 - root - INFO - 25 mlp.gate_proj
2026-01-22 19:00:24,373 - root - INFO - Quantizing ...
2026-01-22 19:00:24,617 - root - INFO - mask1 ratio: 0.00, mask2 ratio: 0.04, mask3 ratio: 0.10, mask4 ratio: 0.85
2026-01-22 19:00:24,879 - root - INFO - mask1 ratio: 0.00, mask2 ratio: 0.04, mask3 ratio: 0.10, mask4 ratio: 0.86
2026-01-22 19:00:25,144 - root - INFO - mask1 ratio: 0.01, mask2 ratio: 0.06, mask3 ratio: 0.10, mask4 ratio: 0.84
2026-01-22 19:00:25,406 - root - INFO - mask1 ratio: 0.01, mask2 ratio: 0.05, mask3 ratio: 0.10, mask4 ratio: 0.85
2026-01-22 19:00:25,669 - root - INFO - mask1 ratio: 0.01, mask2 ratio: 0.05, mask3 ratio: 0.10, mask4 ratio: 0.85
2026-01-22 19:00:25,931 - root - INFO - mask1 ratio: 0.00, mask2 ratio: 0.03, mask3 ratio: 0.10, mask4 ratio: 0.86
2026-01-22 19:00:26,193 - root - INFO - mask1 ratio: 0.00, mask2 ratio: 0.04, mask3 ratio: 0.10, mask4 ratio: 0.85
2026-01-22 19:00:26,457 - root - INFO - mask1 ratio: 0.00, mask2 ratio: 0.03, mask3 ratio: 0.10, mask4 ratio: 0.87
2026-01-22 19:00:26,721 - root - INFO - mask1 ratio: 0.00, mask2 ratio: 0.04, mask3 ratio: 0.10, mask4 ratio: 0.85
2026-01-22 19:00:26,985 - root - INFO - mask1 ratio: 0.01, mask2 ratio: 0.05, mask3 ratio: 0.10, mask4 ratio: 0.85
2026-01-22 19:00:27,246 - root - INFO - mask1 ratio: 0.01, mask2 ratio: 0.06, mask3 ratio: 0.10, mask4 ratio: 0.83
2026-01-22 19:00:27,509 - root - INFO - mask1 ratio: 0.01, mask2 ratio: 0.06, mask3 ratio: 0.10, mask4 ratio: 0.83
2026-01-22 19:00:27,771 - root - INFO - mask1 ratio: 0.01, mask2 ratio: 0.03, mask3 ratio: 0.10, mask4 ratio: 0.86
2026-01-22 19:00:28,097 - root - INFO - mask1 ratio: 0.01, mask2 ratio: 0.05, mask3 ratio: 0.10, mask4 ratio: 0.85
2026-01-22 19:00:28,360 - root - INFO - mask1 ratio: 0.00, mask2 ratio: 0.03, mask3 ratio: 0.10, mask4 ratio: 0.86
2026-01-22 19:00:28,620 - root - INFO - mask1 ratio: 0.01, mask2 ratio: 0.05, mask3 ratio: 0.10, mask4 ratio: 0.84
2026-01-22 19:00:28,882 - root - INFO - mask1 ratio: 0.00, mask2 ratio: 0.04, mask3 ratio: 0.10, mask4 ratio: 0.85
2026-01-22 19:00:29,144 - root - INFO - mask1 ratio: 0.01, mask2 ratio: 0.07, mask3 ratio: 0.10, mask4 ratio: 0.82
2026-01-22 19:00:29,407 - root - INFO - mask1 ratio: 0.00, mask2 ratio: 0.04, mask3 ratio: 0.10, mask4 ratio: 0.85
2026-01-22 19:00:29,667 - root - INFO - mask1 ratio: 0.01, mask2 ratio: 0.03, mask3 ratio: 0.10, mask4 ratio: 0.86
2026-01-22 19:00:29,927 - root - INFO - mask1 ratio: 0.00, mask2 ratio: 0.02, mask3 ratio: 0.10, mask4 ratio: 0.88
2026-01-22 19:00:30,190 - root - INFO - mask1 ratio: 0.01, mask2 ratio: 0.07, mask3 ratio: 0.10, mask4 ratio: 0.82
2026-01-22 19:00:30,453 - root - INFO - mask1 ratio: 0.00, mask2 ratio: 0.03, mask3 ratio: 0.10, mask4 ratio: 0.86
2026-01-22 19:00:30,715 - root - INFO - mask1 ratio: 0.01, mask2 ratio: 0.03, mask3 ratio: 0.10, mask4 ratio: 0.86
2026-01-22 19:00:30,744 - root - INFO - time 6.37
2026-01-22 19:00:30,751 - root - INFO - 25 mlp.up_proj
2026-01-22 19:00:30,751 - root - INFO - Quantizing ...
2026-01-22 19:00:30,997 - root - INFO - mask1 ratio: 0.03, mask2 ratio: 0.17, mask3 ratio: 0.10, mask4 ratio: 0.70
2026-01-22 19:00:31,260 - root - INFO - mask1 ratio: 0.01, mask2 ratio: 0.04, mask3 ratio: 0.10, mask4 ratio: 0.85
2026-01-22 19:00:31,524 - root - INFO - mask1 ratio: 0.01, mask2 ratio: 0.04, mask3 ratio: 0.10, mask4 ratio: 0.85
2026-01-22 19:00:31,884 - root - INFO - mask1 ratio: 0.01, mask2 ratio: 0.05, mask3 ratio: 0.10, mask4 ratio: 0.84
2026-01-22 19:00:32,150 - root - INFO - mask1 ratio: 0.02, mask2 ratio: 0.12, mask3 ratio: 0.10, mask4 ratio: 0.76
2026-01-22 19:00:32,414 - root - INFO - mask1 ratio: 0.01, mask2 ratio: 0.04, mask3 ratio: 0.10, mask4 ratio: 0.85
2026-01-22 19:00:32,677 - root - INFO - mask1 ratio: 0.01, mask2 ratio: 0.05, mask3 ratio: 0.10, mask4 ratio: 0.85
2026-01-22 19:00:32,940 - root - INFO - mask1 ratio: 0.01, mask2 ratio: 0.04, mask3 ratio: 0.10, mask4 ratio: 0.85
2026-01-22 19:00:33,205 - root - INFO - mask1 ratio: 0.04, mask2 ratio: 0.34, mask3 ratio: 0.10, mask4 ratio: 0.52
2026-01-22 19:00:33,471 - root - INFO - mask1 ratio: 0.01, mask2 ratio: 0.06, mask3 ratio: 0.10, mask4 ratio: 0.83
2026-01-22 19:00:33,734 - root - INFO - mask1 ratio: 0.01, mask2 ratio: 0.04, mask3 ratio: 0.10, mask4 ratio: 0.85
2026-01-22 19:00:33,997 - root - INFO - mask1 ratio: 0.01, mask2 ratio: 0.06, mask3 ratio: 0.10, mask4 ratio: 0.83
2026-01-22 19:00:34,258 - root - INFO - mask1 ratio: 0.01, mask2 ratio: 0.02, mask3 ratio: 0.10, mask4 ratio: 0.87
2026-01-22 19:00:34,520 - root - INFO - mask1 ratio: 0.01, mask2 ratio: 0.04, mask3 ratio: 0.10, mask4 ratio: 0.85
2026-01-22 19:00:34,783 - root - INFO - mask1 ratio: 0.01, mask2 ratio: 0.03, mask3 ratio: 0.10, mask4 ratio: 0.86
2026-01-22 19:00:35,043 - root - INFO - mask1 ratio: 0.01, mask2 ratio: 0.04, mask3 ratio: 0.10, mask4 ratio: 0.85
2026-01-22 19:00:35,342 - root - INFO - mask1 ratio: 0.01, mask2 ratio: 0.06, mask3 ratio: 0.10, mask4 ratio: 0.83
2026-01-22 19:00:35,635 - root - INFO - mask1 ratio: 0.01, mask2 ratio: 0.06, mask3 ratio: 0.10, mask4 ratio: 0.83
2026-01-22 19:00:35,896 - root - INFO - mask1 ratio: 0.01, mask2 ratio: 0.04, mask3 ratio: 0.10, mask4 ratio: 0.85
2026-01-22 19:00:36,159 - root - INFO - mask1 ratio: 0.02, mask2 ratio: 0.11, mask3 ratio: 0.10, mask4 ratio: 0.77
2026-01-22 19:00:36,420 - root - INFO - mask1 ratio: 0.01, mask2 ratio: 0.03, mask3 ratio: 0.10, mask4 ratio: 0.87
2026-01-22 19:00:36,682 - root - INFO - mask1 ratio: 0.01, mask2 ratio: 0.06, mask3 ratio: 0.10, mask4 ratio: 0.83
2026-01-22 19:00:36,944 - root - INFO - mask1 ratio: 0.01, mask2 ratio: 0.03, mask3 ratio: 0.10, mask4 ratio: 0.86
2026-01-22 19:00:37,205 - root - INFO - mask1 ratio: 0.01, mask2 ratio: 0.04, mask3 ratio: 0.10, mask4 ratio: 0.85
2026-01-22 19:00:37,235 - root - INFO - time 6.48
2026-01-22 19:00:37,243 - root - INFO - 25 mlp.down_proj
2026-01-22 19:00:37,243 - root - INFO - Quantizing ...
2026-01-22 19:00:37,497 - root - INFO - mask1 ratio: 0.01, mask2 ratio: 0.04, mask3 ratio: 0.10, mask4 ratio: 0.85
2026-01-22 19:00:37,710 - root - INFO - mask1 ratio: 0.01, mask2 ratio: 0.03, mask3 ratio: 0.10, mask4 ratio: 0.86
2026-01-22 19:00:37,924 - root - INFO - mask1 ratio: 0.01, mask2 ratio: 0.03, mask3 ratio: 0.10, mask4 ratio: 0.86
2026-01-22 19:00:38,138 - root - INFO - mask1 ratio: 0.01, mask2 ratio: 0.04, mask3 ratio: 0.10, mask4 ratio: 0.85
2026-01-22 19:00:38,352 - root - INFO - mask1 ratio: 0.01, mask2 ratio: 0.03, mask3 ratio: 0.10, mask4 ratio: 0.86
2026-01-22 19:00:38,566 - root - INFO - mask1 ratio: 0.01, mask2 ratio: 0.03, mask3 ratio: 0.10, mask4 ratio: 0.86
2026-01-22 19:00:38,779 - root - INFO - mask1 ratio: 0.01, mask2 ratio: 0.02, mask3 ratio: 0.10, mask4 ratio: 0.88
2026-01-22 19:00:38,993 - root - INFO - mask1 ratio: 0.01, mask2 ratio: 0.02, mask3 ratio: 0.10, mask4 ratio: 0.88
2026-01-22 19:00:39,249 - root - INFO - mask1 ratio: 0.01, mask2 ratio: 0.03, mask3 ratio: 0.10, mask4 ratio: 0.86
2026-01-22 19:00:39,518 - root - INFO - mask1 ratio: 0.01, mask2 ratio: 0.03, mask3 ratio: 0.10, mask4 ratio: 0.86
2026-01-22 19:00:39,732 - root - INFO - mask1 ratio: 0.01, mask2 ratio: 0.03, mask3 ratio: 0.10, mask4 ratio: 0.86
2026-01-22 19:00:39,949 - root - INFO - mask1 ratio: 0.01, mask2 ratio: 0.02, mask3 ratio: 0.10, mask4 ratio: 0.87
2026-01-22 19:00:40,165 - root - INFO - mask1 ratio: 0.01, mask2 ratio: 0.03, mask3 ratio: 0.10, mask4 ratio: 0.86
2026-01-22 19:00:40,381 - root - INFO - mask1 ratio: 0.01, mask2 ratio: 0.04, mask3 ratio: 0.10, mask4 ratio: 0.85
2026-01-22 19:00:40,596 - root - INFO - mask1 ratio: 0.01, mask2 ratio: 0.06, mask3 ratio: 0.10, mask4 ratio: 0.82
2026-01-22 19:00:40,811 - root - INFO - mask1 ratio: 0.01, mask2 ratio: 0.04, mask3 ratio: 0.10, mask4 ratio: 0.85
2026-01-22 19:00:41,024 - root - INFO - mask1 ratio: 0.01, mask2 ratio: 0.04, mask3 ratio: 0.10, mask4 ratio: 0.85
2026-01-22 19:00:41,241 - root - INFO - mask1 ratio: 0.01, mask2 ratio: 0.02, mask3 ratio: 0.10, mask4 ratio: 0.87
2026-01-22 19:00:41,456 - root - INFO - mask1 ratio: 0.01, mask2 ratio: 0.03, mask3 ratio: 0.10, mask4 ratio: 0.86
2026-01-22 19:00:41,672 - root - INFO - mask1 ratio: 0.02, mask2 ratio: 0.08, mask3 ratio: 0.10, mask4 ratio: 0.80
2026-01-22 19:00:41,887 - root - INFO - mask1 ratio: 0.01, mask2 ratio: 0.03, mask3 ratio: 0.10, mask4 ratio: 0.86
2026-01-22 19:00:42,101 - root - INFO - mask1 ratio: 0.02, mask2 ratio: 0.09, mask3 ratio: 0.10, mask4 ratio: 0.79
2026-01-22 19:00:42,317 - root - INFO - mask1 ratio: 0.01, mask2 ratio: 0.04, mask3 ratio: 0.10, mask4 ratio: 0.85
2026-01-22 19:00:42,533 - root - INFO - mask1 ratio: 0.01, mask2 ratio: 0.03, mask3 ratio: 0.10, mask4 ratio: 0.86
2026-01-22 19:00:42,748 - root - INFO - mask1 ratio: 0.01, mask2 ratio: 0.02, mask3 ratio: 0.10, mask4 ratio: 0.87
2026-01-22 19:00:42,962 - root - INFO - mask1 ratio: 0.01, mask2 ratio: 0.03, mask3 ratio: 0.10, mask4 ratio: 0.86
2026-01-22 19:00:43,178 - root - INFO - mask1 ratio: 0.01, mask2 ratio: 0.04, mask3 ratio: 0.10, mask4 ratio: 0.85
2026-01-22 19:00:43,463 - root - INFO - mask1 ratio: 0.01, mask2 ratio: 0.02, mask3 ratio: 0.10, mask4 ratio: 0.87
2026-01-22 19:00:43,679 - root - INFO - mask1 ratio: 0.01, mask2 ratio: 0.04, mask3 ratio: 0.10, mask4 ratio: 0.85
2026-01-22 19:00:43,892 - root - INFO - mask1 ratio: 0.01, mask2 ratio: 0.03, mask3 ratio: 0.10, mask4 ratio: 0.86
2026-01-22 19:00:44,105 - root - INFO - mask1 ratio: 0.01, mask2 ratio: 0.04, mask3 ratio: 0.10, mask4 ratio: 0.85
2026-01-22 19:00:44,322 - root - INFO - mask1 ratio: 0.02, mask2 ratio: 0.08, mask3 ratio: 0.10, mask4 ratio: 0.81
2026-01-22 19:00:44,538 - root - INFO - mask1 ratio: 0.01, mask2 ratio: 0.02, mask3 ratio: 0.10, mask4 ratio: 0.87
2026-01-22 19:00:44,753 - root - INFO - mask1 ratio: 0.02, mask2 ratio: 0.16, mask3 ratio: 0.10, mask4 ratio: 0.71
2026-01-22 19:00:44,967 - root - INFO - mask1 ratio: 0.01, mask2 ratio: 0.05, mask3 ratio: 0.10, mask4 ratio: 0.85
2026-01-22 19:00:45,180 - root - INFO - mask1 ratio: 0.01, mask2 ratio: 0.02, mask3 ratio: 0.10, mask4 ratio: 0.87
2026-01-22 19:00:45,394 - root - INFO - mask1 ratio: 0.01, mask2 ratio: 0.04, mask3 ratio: 0.10, mask4 ratio: 0.85
2026-01-22 19:00:45,608 - root - INFO - mask1 ratio: 0.01, mask2 ratio: 0.04, mask3 ratio: 0.10, mask4 ratio: 0.85
2026-01-22 19:00:45,833 - root - INFO - mask1 ratio: 0.01, mask2 ratio: 0.06, mask3 ratio: 0.10, mask4 ratio: 0.83
2026-01-22 19:00:46,058 - root - INFO - mask1 ratio: 0.01, mask2 ratio: 0.04, mask3 ratio: 0.10, mask4 ratio: 0.85
2026-01-22 19:00:46,285 - root - INFO - mask1 ratio: 0.01, mask2 ratio: 0.02, mask3 ratio: 0.10, mask4 ratio: 0.87
2026-01-22 19:00:46,510 - root - INFO - mask1 ratio: 0.01, mask2 ratio: 0.02, mask3 ratio: 0.10, mask4 ratio: 0.87
2026-01-22 19:00:46,736 - root - INFO - mask1 ratio: 0.02, mask2 ratio: 0.06, mask3 ratio: 0.10, mask4 ratio: 0.82
2026-01-22 19:00:46,972 - root - INFO - mask1 ratio: 0.01, mask2 ratio: 0.02, mask3 ratio: 0.10, mask4 ratio: 0.87
2026-01-22 19:00:47,185 - root - INFO - mask1 ratio: 0.01, mask2 ratio: 0.00, mask3 ratio: 0.10, mask4 ratio: 0.88
2026-01-22 19:00:47,504 - root - INFO - mask1 ratio: 0.01, mask2 ratio: 0.02, mask3 ratio: 0.10, mask4 ratio: 0.87
2026-01-22 19:00:47,721 - root - INFO - mask1 ratio: 0.02, mask2 ratio: 0.07, mask3 ratio: 0.10, mask4 ratio: 0.81
2026-01-22 19:00:47,945 - root - INFO - mask1 ratio: 0.01, mask2 ratio: 0.10, mask3 ratio: 0.10, mask4 ratio: 0.79
2026-01-22 19:00:48,167 - root - INFO - mask1 ratio: 0.01, mask2 ratio: 0.03, mask3 ratio: 0.10, mask4 ratio: 0.86
2026-01-22 19:00:48,391 - root - INFO - mask1 ratio: 0.00, mask2 ratio: 0.02, mask3 ratio: 0.10, mask4 ratio: 0.88
2026-01-22 19:00:48,631 - root - INFO - mask1 ratio: 0.01, mask2 ratio: 0.04, mask3 ratio: 0.10, mask4 ratio: 0.85
2026-01-22 19:00:48,858 - root - INFO - mask1 ratio: 0.01, mask2 ratio: 0.03, mask3 ratio: 0.10, mask4 ratio: 0.86
2026-01-22 19:00:49,074 - root - INFO - mask1 ratio: 0.01, mask2 ratio: 0.03, mask3 ratio: 0.10, mask4 ratio: 0.86
2026-01-22 19:00:49,292 - root - INFO - mask1 ratio: 0.01, mask2 ratio: 0.00, mask3 ratio: 0.10, mask4 ratio: 0.88
2026-01-22 19:00:49,509 - root - INFO - mask1 ratio: 0.01, mask2 ratio: 0.03, mask3 ratio: 0.10, mask4 ratio: 0.87
2026-01-22 19:00:49,743 - root - INFO - mask1 ratio: 0.01, mask2 ratio: 0.04, mask3 ratio: 0.10, mask4 ratio: 0.85
2026-01-22 19:00:49,966 - root - INFO - mask1 ratio: 0.01, mask2 ratio: 0.04, mask3 ratio: 0.10, mask4 ratio: 0.85
2026-01-22 19:00:50,206 - root - INFO - mask1 ratio: 0.01, mask2 ratio: 0.03, mask3 ratio: 0.10, mask4 ratio: 0.86
2026-01-22 19:00:50,436 - root - INFO - mask1 ratio: 0.02, mask2 ratio: 0.09, mask3 ratio: 0.10, mask4 ratio: 0.79
2026-01-22 19:00:50,667 - root - INFO - mask1 ratio: 0.01, mask2 ratio: 0.02, mask3 ratio: 0.10, mask4 ratio: 0.88
2026-01-22 19:00:50,900 - root - INFO - mask1 ratio: 0.01, mask2 ratio: 0.02, mask3 ratio: 0.10, mask4 ratio: 0.87
2026-01-22 19:00:51,137 - root - INFO - mask1 ratio: 0.01, mask2 ratio: 0.03, mask3 ratio: 0.10, mask4 ratio: 0.86
2026-01-22 19:00:51,361 - root - INFO - mask1 ratio: 0.01, mask2 ratio: 0.02, mask3 ratio: 0.10, mask4 ratio: 0.87
2026-01-22 19:00:51,646 - root - INFO - mask1 ratio: 0.01, mask2 ratio: 0.03, mask3 ratio: 0.10, mask4 ratio: 0.86
2026-01-22 19:00:51,675 - root - INFO - time 14.43
2026-01-22 19:00:54,214 - root - INFO - 26 self_attn.q_proj
2026-01-22 19:00:54,214 - root - INFO - Quantizing ...
2026-01-22 19:00:54,625 - root - INFO - mask1 ratio: 0.00, mask2 ratio: 0.03, mask3 ratio: 0.10, mask4 ratio: 0.87
2026-01-22 19:00:54,862 - root - INFO - mask1 ratio: 0.00, mask2 ratio: 0.03, mask3 ratio: 0.10, mask4 ratio: 0.87
2026-01-22 19:00:55,081 - root - INFO - mask1 ratio: 0.00, mask2 ratio: 0.02, mask3 ratio: 0.10, mask4 ratio: 0.88
2026-01-22 19:00:55,305 - root - INFO - mask1 ratio: 0.01, mask2 ratio: 0.05, mask3 ratio: 0.10, mask4 ratio: 0.85
2026-01-22 19:00:55,526 - root - INFO - mask1 ratio: 0.00, mask2 ratio: 0.03, mask3 ratio: 0.10, mask4 ratio: 0.87
2026-01-22 19:00:55,760 - root - INFO - mask1 ratio: 0.01, mask2 ratio: 0.05, mask3 ratio: 0.10, mask4 ratio: 0.85
2026-01-22 19:00:55,979 - root - INFO - mask1 ratio: 0.00, mask2 ratio: 0.03, mask3 ratio: 0.10, mask4 ratio: 0.87
2026-01-22 19:00:56,206 - root - INFO - mask1 ratio: 0.00, mask2 ratio: 0.02, mask3 ratio: 0.10, mask4 ratio: 0.88
2026-01-22 19:00:56,437 - root - INFO - mask1 ratio: 0.00, mask2 ratio: 0.04, mask3 ratio: 0.10, mask4 ratio: 0.85
2026-01-22 19:00:56,661 - root - INFO - mask1 ratio: 0.00, mask2 ratio: 0.04, mask3 ratio: 0.10, mask4 ratio: 0.86
2026-01-22 19:00:56,878 - root - INFO - mask1 ratio: 0.00, mask2 ratio: 0.03, mask3 ratio: 0.10, mask4 ratio: 0.87
2026-01-22 19:00:57,092 - root - INFO - mask1 ratio: 0.01, mask2 ratio: 0.07, mask3 ratio: 0.10, mask4 ratio: 0.82
2026-01-22 19:00:57,306 - root - INFO - mask1 ratio: 0.00, mask2 ratio: 0.03, mask3 ratio: 0.10, mask4 ratio: 0.86
2026-01-22 19:00:57,521 - root - INFO - mask1 ratio: 0.00, mask2 ratio: 0.03, mask3 ratio: 0.10, mask4 ratio: 0.87
2026-01-22 19:00:57,842 - root - INFO - mask1 ratio: 0.00, mask2 ratio: 0.03, mask3 ratio: 0.10, mask4 ratio: 0.87
2026-01-22 19:00:58,057 - root - INFO - mask1 ratio: 0.00, mask2 ratio: 0.03, mask3 ratio: 0.10, mask4 ratio: 0.87
2026-01-22 19:00:58,273 - root - INFO - mask1 ratio: 0.00, mask2 ratio: 0.02, mask3 ratio: 0.10, mask4 ratio: 0.88
2026-01-22 19:00:58,488 - root - INFO - mask1 ratio: 0.00, mask2 ratio: 0.03, mask3 ratio: 0.10, mask4 ratio: 0.87
2026-01-22 19:00:58,702 - root - INFO - mask1 ratio: 0.00, mask2 ratio: 0.03, mask3 ratio: 0.10, mask4 ratio: 0.87
2026-01-22 19:00:58,916 - root - INFO - mask1 ratio: 0.01, mask2 ratio: 0.03, mask3 ratio: 0.10, mask4 ratio: 0.87
2026-01-22 19:00:59,135 - root - INFO - mask1 ratio: 0.00, mask2 ratio: 0.03, mask3 ratio: 0.10, mask4 ratio: 0.87
2026-01-22 19:00:59,350 - root - INFO - mask1 ratio: 0.00, mask2 ratio: 0.04, mask3 ratio: 0.10, mask4 ratio: 0.86
2026-01-22 19:00:59,589 - root - INFO - mask1 ratio: 0.00, mask2 ratio: 0.03, mask3 ratio: 0.10, mask4 ratio: 0.87
2026-01-22 19:00:59,806 - root - INFO - mask1 ratio: 0.00, mask2 ratio: 0.03, mask3 ratio: 0.10, mask4 ratio: 0.86
2026-01-22 19:00:59,832 - root - INFO - time 5.62
2026-01-22 19:00:59,842 - root - INFO - 26 self_attn.k_proj
2026-01-22 19:00:59,842 - root - INFO - Quantizing ...
2026-01-22 19:01:00,029 - root - INFO - mask1 ratio: 0.00, mask2 ratio: 0.02, mask3 ratio: 0.10, mask4 ratio: 0.88
2026-01-22 19:01:00,228 - root - INFO - mask1 ratio: 0.00, mask2 ratio: 0.04, mask3 ratio: 0.10, mask4 ratio: 0.86
2026-01-22 19:01:00,446 - root - INFO - mask1 ratio: 0.00, mask2 ratio: 0.02, mask3 ratio: 0.10, mask4 ratio: 0.88
2026-01-22 19:01:00,650 - root - INFO - mask1 ratio: 0.01, mask2 ratio: 0.04, mask3 ratio: 0.10, mask4 ratio: 0.85
2026-01-22 19:01:00,848 - root - INFO - mask1 ratio: 0.00, mask2 ratio: 0.03, mask3 ratio: 0.10, mask4 ratio: 0.87
2026-01-22 19:01:01,047 - root - INFO - mask1 ratio: 0.00, mask2 ratio: 0.03, mask3 ratio: 0.10, mask4 ratio: 0.87
2026-01-22 19:01:01,247 - root - INFO - mask1 ratio: 0.00, mask2 ratio: 0.04, mask3 ratio: 0.10, mask4 ratio: 0.86
2026-01-22 19:01:01,449 - root - INFO - mask1 ratio: 0.00, mask2 ratio: 0.02, mask3 ratio: 0.10, mask4 ratio: 0.88
2026-01-22 19:01:01,649 - root - INFO - mask1 ratio: 0.00, mask2 ratio: 0.03, mask3 ratio: 0.10, mask4 ratio: 0.87
2026-01-22 19:01:01,896 - root - INFO - mask1 ratio: 0.00, mask2 ratio: 0.02, mask3 ratio: 0.10, mask4 ratio: 0.88
2026-01-22 19:01:02,109 - root - INFO - mask1 ratio: 0.00, mask2 ratio: 0.02, mask3 ratio: 0.10, mask4 ratio: 0.88
2026-01-22 19:01:02,308 - root - INFO - mask1 ratio: 0.00, mask2 ratio: 0.04, mask3 ratio: 0.10, mask4 ratio: 0.86
2026-01-22 19:01:02,506 - root - INFO - mask1 ratio: 0.00, mask2 ratio: 0.03, mask3 ratio: 0.10, mask4 ratio: 0.87
2026-01-22 19:01:02,703 - root - INFO - mask1 ratio: 0.01, mask2 ratio: 0.03, mask3 ratio: 0.10, mask4 ratio: 0.87
2026-01-22 19:01:02,902 - root - INFO - mask1 ratio: 0.00, mask2 ratio: 0.03, mask3 ratio: 0.10, mask4 ratio: 0.87
2026-01-22 19:01:03,101 - root - INFO - mask1 ratio: 0.00, mask2 ratio: 0.03, mask3 ratio: 0.10, mask4 ratio: 0.87
2026-01-22 19:01:03,298 - root - INFO - mask1 ratio: 0.00, mask2 ratio: 0.02, mask3 ratio: 0.10, mask4 ratio: 0.88
2026-01-22 19:01:03,495 - root - INFO - mask1 ratio: 0.00, mask2 ratio: 0.03, mask3 ratio: 0.10, mask4 ratio: 0.87
2026-01-22 19:01:03,693 - root - INFO - mask1 ratio: 0.00, mask2 ratio: 0.03, mask3 ratio: 0.10, mask4 ratio: 0.87
2026-01-22 19:01:03,894 - root - INFO - mask1 ratio: 0.00, mask2 ratio: 0.03, mask3 ratio: 0.10, mask4 ratio: 0.87
2026-01-22 19:01:04,093 - root - INFO - mask1 ratio: 0.00, mask2 ratio: 0.03, mask3 ratio: 0.10, mask4 ratio: 0.87
2026-01-22 19:01:04,290 - root - INFO - mask1 ratio: 0.00, mask2 ratio: 0.02, mask3 ratio: 0.10, mask4 ratio: 0.88
2026-01-22 19:01:04,490 - root - INFO - mask1 ratio: 0.00, mask2 ratio: 0.04, mask3 ratio: 0.10, mask4 ratio: 0.86
2026-01-22 19:01:04,688 - root - INFO - mask1 ratio: 0.00, mask2 ratio: 0.03, mask3 ratio: 0.10, mask4 ratio: 0.87
2026-01-22 19:01:04,714 - root - INFO - time 4.87
2026-01-22 19:01:04,717 - root - INFO - 26 self_attn.v_proj
2026-01-22 19:01:04,717 - root - INFO - Quantizing ...
2026-01-22 19:01:04,897 - root - INFO - mask1 ratio: 0.01, mask2 ratio: 0.05, mask3 ratio: 0.10, mask4 ratio: 0.85
2026-01-22 19:01:05,097 - root - INFO - mask1 ratio: 0.00, mask2 ratio: 0.04, mask3 ratio: 0.10, mask4 ratio: 0.86
2026-01-22 19:01:05,295 - root - INFO - mask1 ratio: 0.00, mask2 ratio: 0.03, mask3 ratio: 0.10, mask4 ratio: 0.87
2026-01-22 19:01:05,491 - root - INFO - mask1 ratio: 0.00, mask2 ratio: 0.04, mask3 ratio: 0.10, mask4 ratio: 0.85
2026-01-22 19:01:05,692 - root - INFO - mask1 ratio: 0.00, mask2 ratio: 0.04, mask3 ratio: 0.10, mask4 ratio: 0.86
2026-01-22 19:01:05,889 - root - INFO - mask1 ratio: 0.00, mask2 ratio: 0.04, mask3 ratio: 0.10, mask4 ratio: 0.86
2026-01-22 19:01:06,155 - root - INFO - mask1 ratio: 0.00, mask2 ratio: 0.03, mask3 ratio: 0.10, mask4 ratio: 0.87
2026-01-22 19:01:06,382 - root - INFO - mask1 ratio: 0.00, mask2 ratio: 0.02, mask3 ratio: 0.10, mask4 ratio: 0.88
2026-01-22 19:01:06,580 - root - INFO - mask1 ratio: 0.00, mask2 ratio: 0.03, mask3 ratio: 0.10, mask4 ratio: 0.87
2026-01-22 19:01:06,778 - root - INFO - mask1 ratio: 0.01, mask2 ratio: 0.05, mask3 ratio: 0.10, mask4 ratio: 0.85
2026-01-22 19:01:06,976 - root - INFO - mask1 ratio: 0.01, mask2 ratio: 0.06, mask3 ratio: 0.10, mask4 ratio: 0.84
2026-01-22 19:01:07,174 - root - INFO - mask1 ratio: 0.00, mask2 ratio: 0.04, mask3 ratio: 0.10, mask4 ratio: 0.85
2026-01-22 19:01:07,372 - root - INFO - mask1 ratio: 0.00, mask2 ratio: 0.04, mask3 ratio: 0.10, mask4 ratio: 0.86
2026-01-22 19:01:07,570 - root - INFO - mask1 ratio: 0.01, mask2 ratio: 0.05, mask3 ratio: 0.10, mask4 ratio: 0.85
2026-01-22 19:01:07,767 - root - INFO - mask1 ratio: 0.00, mask2 ratio: 0.04, mask3 ratio: 0.10, mask4 ratio: 0.86
2026-01-22 19:01:07,965 - root - INFO - mask1 ratio: 0.00, mask2 ratio: 0.04, mask3 ratio: 0.10, mask4 ratio: 0.86
2026-01-22 19:01:08,163 - root - INFO - mask1 ratio: 0.00, mask2 ratio: 0.04, mask3 ratio: 0.10, mask4 ratio: 0.85
2026-01-22 19:01:08,362 - root - INFO - mask1 ratio: 0.00, mask2 ratio: 0.04, mask3 ratio: 0.10, mask4 ratio: 0.85
2026-01-22 19:01:08,559 - root - INFO - mask1 ratio: 0.01, mask2 ratio: 0.05, mask3 ratio: 0.10, mask4 ratio: 0.85
2026-01-22 19:01:08,757 - root - INFO - mask1 ratio: 0.00, mask2 ratio: 0.03, mask3 ratio: 0.10, mask4 ratio: 0.87
2026-01-22 19:01:08,956 - root - INFO - mask1 ratio: 0.01, mask2 ratio: 0.06, mask3 ratio: 0.10, mask4 ratio: 0.84
2026-01-22 19:01:09,154 - root - INFO - mask1 ratio: 0.01, mask2 ratio: 0.05, mask3 ratio: 0.10, mask4 ratio: 0.85
2026-01-22 19:01:09,354 - root - INFO - mask1 ratio: 0.00, mask2 ratio: 0.03, mask3 ratio: 0.10, mask4 ratio: 0.87
2026-01-22 19:01:09,553 - root - INFO - mask1 ratio: 0.00, mask2 ratio: 0.03, mask3 ratio: 0.10, mask4 ratio: 0.87
2026-01-22 19:01:09,579 - root - INFO - time 4.86
2026-01-22 19:01:09,583 - root - INFO - 26 self_attn.o_proj
2026-01-22 19:01:09,583 - root - INFO - Quantizing ...
2026-01-22 19:01:09,780 - root - INFO - mask1 ratio: 0.01, mask2 ratio: 0.02, mask3 ratio: 0.11, mask4 ratio: 0.86
2026-01-22 19:01:09,995 - root - INFO - mask1 ratio: 0.01, mask2 ratio: 0.02, mask3 ratio: 0.11, mask4 ratio: 0.87
2026-01-22 19:01:10,211 - root - INFO - mask1 ratio: 0.03, mask2 ratio: 0.18, mask3 ratio: 0.10, mask4 ratio: 0.70
2026-01-22 19:01:10,498 - root - INFO - mask1 ratio: 0.01, mask2 ratio: 0.02, mask3 ratio: 0.10, mask4 ratio: 0.88
2026-01-22 19:01:10,721 - root - INFO - mask1 ratio: 0.01, mask2 ratio: 0.02, mask3 ratio: 0.10, mask4 ratio: 0.88
2026-01-22 19:01:10,939 - root - INFO - mask1 ratio: 0.01, mask2 ratio: 0.02, mask3 ratio: 0.10, mask4 ratio: 0.88
2026-01-22 19:01:11,152 - root - INFO - mask1 ratio: 0.01, mask2 ratio: 0.04, mask3 ratio: 0.10, mask4 ratio: 0.85
2026-01-22 19:01:11,366 - root - INFO - mask1 ratio: 0.01, mask2 ratio: 0.06, mask3 ratio: 0.10, mask4 ratio: 0.83
2026-01-22 19:01:11,579 - root - INFO - mask1 ratio: 0.02, mask2 ratio: 0.08, mask3 ratio: 0.10, mask4 ratio: 0.81
2026-01-22 19:01:11,793 - root - INFO - mask1 ratio: 0.03, mask2 ratio: 0.18, mask3 ratio: 0.10, mask4 ratio: 0.69
2026-01-22 19:01:12,006 - root - INFO - mask1 ratio: 0.04, mask2 ratio: 0.24, mask3 ratio: 0.10, mask4 ratio: 0.63
2026-01-22 19:01:12,220 - root - INFO - mask1 ratio: 0.02, mask2 ratio: 0.07, mask3 ratio: 0.10, mask4 ratio: 0.81
2026-01-22 19:01:12,435 - root - INFO - mask1 ratio: 0.01, mask2 ratio: 0.06, mask3 ratio: 0.10, mask4 ratio: 0.84
2026-01-22 19:01:12,649 - root - INFO - mask1 ratio: 0.03, mask2 ratio: 0.21, mask3 ratio: 0.10, mask4 ratio: 0.66
2026-01-22 19:01:12,863 - root - INFO - mask1 ratio: 0.00, mask2 ratio: 0.03, mask3 ratio: 0.10, mask4 ratio: 0.86
2026-01-22 19:01:13,077 - root - INFO - mask1 ratio: 0.02, mask2 ratio: 0.13, mask3 ratio: 0.10, mask4 ratio: 0.76
2026-01-22 19:01:13,292 - root - INFO - mask1 ratio: 0.02, mask2 ratio: 0.07, mask3 ratio: 0.10, mask4 ratio: 0.81
2026-01-22 19:01:13,506 - root - INFO - mask1 ratio: 0.00, mask2 ratio: 0.03, mask3 ratio: 0.10, mask4 ratio: 0.86
2026-01-22 19:01:13,719 - root - INFO - mask1 ratio: 0.01, mask2 ratio: 0.03, mask3 ratio: 0.10, mask4 ratio: 0.86
2026-01-22 19:01:13,932 - root - INFO - mask1 ratio: 0.01, mask2 ratio: 0.05, mask3 ratio: 0.10, mask4 ratio: 0.84
2026-01-22 19:01:14,145 - root - INFO - mask1 ratio: 0.01, mask2 ratio: 0.06, mask3 ratio: 0.10, mask4 ratio: 0.83
2026-01-22 19:01:14,387 - root - INFO - mask1 ratio: 0.03, mask2 ratio: 0.15, mask3 ratio: 0.10, mask4 ratio: 0.73
2026-01-22 19:01:14,632 - root - INFO - mask1 ratio: 0.01, mask2 ratio: 0.02, mask3 ratio: 0.11, mask4 ratio: 0.87
2026-01-22 19:01:14,847 - root - INFO - mask1 ratio: 0.00, mask2 ratio: 0.02, mask3 ratio: 0.11, mask4 ratio: 0.87
2026-01-22 19:01:14,873 - root - INFO - time 5.29
2026-01-22 19:01:14,877 - root - INFO - 26 mlp.gate_proj
2026-01-22 19:01:14,877 - root - INFO - Quantizing ...
2026-01-22 19:01:15,120 - root - INFO - mask1 ratio: 0.00, mask2 ratio: 0.03, mask3 ratio: 0.10, mask4 ratio: 0.86
2026-01-22 19:01:15,383 - root - INFO - mask1 ratio: 0.00, mask2 ratio: 0.03, mask3 ratio: 0.10, mask4 ratio: 0.86
2026-01-22 19:01:15,646 - root - INFO - mask1 ratio: 0.01, mask2 ratio: 0.05, mask3 ratio: 0.10, mask4 ratio: 0.84
2026-01-22 19:01:15,909 - root - INFO - mask1 ratio: 0.01, mask2 ratio: 0.06, mask3 ratio: 0.10, mask4 ratio: 0.84
2026-01-22 19:01:16,171 - root - INFO - mask1 ratio: 0.01, mask2 ratio: 0.03, mask3 ratio: 0.10, mask4 ratio: 0.86
2026-01-22 19:01:16,435 - root - INFO - mask1 ratio: 0.01, mask2 ratio: 0.04, mask3 ratio: 0.10, mask4 ratio: 0.85
2026-01-22 19:01:16,699 - root - INFO - mask1 ratio: 0.01, mask2 ratio: 0.05, mask3 ratio: 0.10, mask4 ratio: 0.85
2026-01-22 19:01:16,961 - root - INFO - mask1 ratio: 0.00, mask2 ratio: 0.03, mask3 ratio: 0.10, mask4 ratio: 0.87
2026-01-22 19:01:17,224 - root - INFO - mask1 ratio: 0.01, mask2 ratio: 0.08, mask3 ratio: 0.10, mask4 ratio: 0.81
2026-01-22 19:01:17,487 - root - INFO - mask1 ratio: 0.01, mask2 ratio: 0.04, mask3 ratio: 0.10, mask4 ratio: 0.85
2026-01-22 19:01:17,749 - root - INFO - mask1 ratio: 0.01, mask2 ratio: 0.05, mask3 ratio: 0.10, mask4 ratio: 0.84
2026-01-22 19:01:18,014 - root - INFO - mask1 ratio: 0.01, mask2 ratio: 0.07, mask3 ratio: 0.10, mask4 ratio: 0.82
2026-01-22 19:01:18,308 - root - INFO - mask1 ratio: 0.01, mask2 ratio: 0.03, mask3 ratio: 0.10, mask4 ratio: 0.86
2026-01-22 19:01:18,599 - root - INFO - mask1 ratio: 0.01, mask2 ratio: 0.04, mask3 ratio: 0.10, mask4 ratio: 0.85
2026-01-22 19:01:18,860 - root - INFO - mask1 ratio: 0.00, mask2 ratio: 0.04, mask3 ratio: 0.10, mask4 ratio: 0.86
2026-01-22 19:01:19,122 - root - INFO - mask1 ratio: 0.01, mask2 ratio: 0.06, mask3 ratio: 0.10, mask4 ratio: 0.83
2026-01-22 19:01:19,387 - root - INFO - mask1 ratio: 0.01, mask2 ratio: 0.04, mask3 ratio: 0.10, mask4 ratio: 0.85
2026-01-22 19:01:19,649 - root - INFO - mask1 ratio: 0.00, mask2 ratio: 0.04, mask3 ratio: 0.10, mask4 ratio: 0.85
2026-01-22 19:01:19,919 - root - INFO - mask1 ratio: 0.00, mask2 ratio: 0.04, mask3 ratio: 0.10, mask4 ratio: 0.85
2026-01-22 19:01:20,183 - root - INFO - mask1 ratio: 0.01, mask2 ratio: 0.04, mask3 ratio: 0.10, mask4 ratio: 0.85
2026-01-22 19:01:20,445 - root - INFO - mask1 ratio: 0.00, mask2 ratio: 0.02, mask3 ratio: 0.10, mask4 ratio: 0.88
2026-01-22 19:01:20,708 - root - INFO - mask1 ratio: 0.01, mask2 ratio: 0.06, mask3 ratio: 0.10, mask4 ratio: 0.83
2026-01-22 19:01:20,973 - root - INFO - mask1 ratio: 0.01, mask2 ratio: 0.04, mask3 ratio: 0.10, mask4 ratio: 0.85
2026-01-22 19:01:21,238 - root - INFO - mask1 ratio: 0.00, mask2 ratio: 0.03, mask3 ratio: 0.10, mask4 ratio: 0.87
2026-01-22 19:01:21,267 - root - INFO - time 6.39
2026-01-22 19:01:21,274 - root - INFO - 26 mlp.up_proj
2026-01-22 19:01:21,274 - root - INFO - Quantizing ...
2026-01-22 19:01:21,516 - root - INFO - mask1 ratio: 0.01, mask2 ratio: 0.06, mask3 ratio: 0.10, mask4 ratio: 0.83
2026-01-22 19:01:21,779 - root - INFO - mask1 ratio: 0.01, mask2 ratio: 0.04, mask3 ratio: 0.10, mask4 ratio: 0.85
2026-01-22 19:01:22,148 - root - INFO - mask1 ratio: 0.01, mask2 ratio: 0.04, mask3 ratio: 0.10, mask4 ratio: 0.85
2026-01-22 19:01:22,413 - root - INFO - mask1 ratio: 0.01, mask2 ratio: 0.05, mask3 ratio: 0.10, mask4 ratio: 0.84
2026-01-22 19:01:22,678 - root - INFO - mask1 ratio: 0.01, mask2 ratio: 0.04, mask3 ratio: 0.10, mask4 ratio: 0.85
2026-01-22 19:01:22,940 - root - INFO - mask1 ratio: 0.01, mask2 ratio: 0.05, mask3 ratio: 0.10, mask4 ratio: 0.84
2026-01-22 19:01:23,201 - root - INFO - mask1 ratio: 0.01, mask2 ratio: 0.06, mask3 ratio: 0.10, mask4 ratio: 0.83
2026-01-22 19:01:23,464 - root - INFO - mask1 ratio: 0.01, mask2 ratio: 0.04, mask3 ratio: 0.10, mask4 ratio: 0.85
2026-01-22 19:01:23,727 - root - INFO - mask1 ratio: 0.01, mask2 ratio: 0.04, mask3 ratio: 0.10, mask4 ratio: 0.85
2026-01-22 19:01:23,991 - root - INFO - mask1 ratio: 0.01, mask2 ratio: 0.06, mask3 ratio: 0.10, mask4 ratio: 0.83
2026-01-22 19:01:24,257 - root - INFO - mask1 ratio: 0.02, mask2 ratio: 0.09, mask3 ratio: 0.10, mask4 ratio: 0.80
2026-01-22 19:01:24,521 - root - INFO - mask1 ratio: 0.01, mask2 ratio: 0.06, mask3 ratio: 0.10, mask4 ratio: 0.83
2026-01-22 19:01:24,783 - root - INFO - mask1 ratio: 0.01, mask2 ratio: 0.03, mask3 ratio: 0.10, mask4 ratio: 0.86
2026-01-22 19:01:25,048 - root - INFO - mask1 ratio: 0.01, mask2 ratio: 0.04, mask3 ratio: 0.10, mask4 ratio: 0.85
2026-01-22 19:01:25,311 - root - INFO - mask1 ratio: 0.01, mask2 ratio: 0.03, mask3 ratio: 0.10, mask4 ratio: 0.86
2026-01-22 19:01:25,610 - root - INFO - mask1 ratio: 0.01, mask2 ratio: 0.04, mask3 ratio: 0.10, mask4 ratio: 0.85
2026-01-22 19:01:25,903 - root - INFO - mask1 ratio: 0.01, mask2 ratio: 0.06, mask3 ratio: 0.10, mask4 ratio: 0.83
2026-01-22 19:01:26,165 - root - INFO - mask1 ratio: 0.01, mask2 ratio: 0.04, mask3 ratio: 0.10, mask4 ratio: 0.85
2026-01-22 19:01:26,426 - root - INFO - mask1 ratio: 0.01, mask2 ratio: 0.04, mask3 ratio: 0.10, mask4 ratio: 0.85
2026-01-22 19:01:26,689 - root - INFO - mask1 ratio: 0.01, mask2 ratio: 0.05, mask3 ratio: 0.10, mask4 ratio: 0.84
2026-01-22 19:01:26,950 - root - INFO - mask1 ratio: 0.01, mask2 ratio: 0.03, mask3 ratio: 0.10, mask4 ratio: 0.86
2026-01-22 19:01:27,213 - root - INFO - mask1 ratio: 0.01, mask2 ratio: 0.05, mask3 ratio: 0.10, mask4 ratio: 0.84
2026-01-22 19:01:27,475 - root - INFO - mask1 ratio: 0.01, mask2 ratio: 0.02, mask3 ratio: 0.10, mask4 ratio: 0.87
2026-01-22 19:01:27,737 - root - INFO - mask1 ratio: 0.01, mask2 ratio: 0.05, mask3 ratio: 0.10, mask4 ratio: 0.85
2026-01-22 19:01:27,768 - root - INFO - time 6.49
2026-01-22 19:01:27,776 - root - INFO - 26 mlp.down_proj
2026-01-22 19:01:27,776 - root - INFO - Quantizing ...
2026-01-22 19:01:28,028 - root - INFO - mask1 ratio: 0.01, mask2 ratio: 0.02, mask3 ratio: 0.10, mask4 ratio: 0.87
2026-01-22 19:01:28,242 - root - INFO - mask1 ratio: 0.01, mask2 ratio: 0.02, mask3 ratio: 0.10, mask4 ratio: 0.87
2026-01-22 19:01:28,456 - root - INFO - mask1 ratio: 0.01, mask2 ratio: 0.02, mask3 ratio: 0.10, mask4 ratio: 0.87
2026-01-22 19:01:28,670 - root - INFO - mask1 ratio: 0.01, mask2 ratio: 0.02, mask3 ratio: 0.10, mask4 ratio: 0.87
2026-01-22 19:01:28,884 - root - INFO - mask1 ratio: 0.01, mask2 ratio: 0.04, mask3 ratio: 0.10, mask4 ratio: 0.85
2026-01-22 19:01:29,098 - root - INFO - mask1 ratio: 0.01, mask2 ratio: 0.04, mask3 ratio: 0.10, mask4 ratio: 0.85
2026-01-22 19:01:29,312 - root - INFO - mask1 ratio: 0.01, mask2 ratio: 0.06, mask3 ratio: 0.10, mask4 ratio: 0.83
2026-01-22 19:01:29,634 - root - INFO - mask1 ratio: 0.01, mask2 ratio: 0.06, mask3 ratio: 0.10, mask4 ratio: 0.83
2026-01-22 19:01:29,849 - root - INFO - mask1 ratio: 0.01, mask2 ratio: 0.03, mask3 ratio: 0.10, mask4 ratio: 0.86
2026-01-22 19:01:30,065 - root - INFO - mask1 ratio: 0.01, mask2 ratio: 0.04, mask3 ratio: 0.10, mask4 ratio: 0.85
2026-01-22 19:01:30,281 - root - INFO - mask1 ratio: 0.01, mask2 ratio: 0.02, mask3 ratio: 0.10, mask4 ratio: 0.88
2026-01-22 19:01:30,495 - root - INFO - mask1 ratio: 0.01, mask2 ratio: 0.05, mask3 ratio: 0.10, mask4 ratio: 0.84
2026-01-22 19:01:30,709 - root - INFO - mask1 ratio: 0.01, mask2 ratio: 0.02, mask3 ratio: 0.10, mask4 ratio: 0.87
2026-01-22 19:01:30,925 - root - INFO - mask1 ratio: 0.01, mask2 ratio: 0.05, mask3 ratio: 0.10, mask4 ratio: 0.85
2026-01-22 19:01:31,139 - root - INFO - mask1 ratio: 0.01, mask2 ratio: 0.06, mask3 ratio: 0.10, mask4 ratio: 0.83
2026-01-22 19:01:31,354 - root - INFO - mask1 ratio: 0.01, mask2 ratio: 0.03, mask3 ratio: 0.10, mask4 ratio: 0.86
2026-01-22 19:01:31,568 - root - INFO - mask1 ratio: 0.01, mask2 ratio: 0.04, mask3 ratio: 0.10, mask4 ratio: 0.85
2026-01-22 19:01:31,783 - root - INFO - mask1 ratio: 0.02, mask2 ratio: 0.05, mask3 ratio: 0.10, mask4 ratio: 0.84
2026-01-22 19:01:31,999 - root - INFO - mask1 ratio: 0.01, mask2 ratio: 0.04, mask3 ratio: 0.10, mask4 ratio: 0.85
2026-01-22 19:01:32,214 - root - INFO - mask1 ratio: 0.01, mask2 ratio: 0.02, mask3 ratio: 0.10, mask4 ratio: 0.88
2026-01-22 19:01:32,429 - root - INFO - mask1 ratio: 0.02, mask2 ratio: 0.07, mask3 ratio: 0.10, mask4 ratio: 0.81
2026-01-22 19:01:32,644 - root - INFO - mask1 ratio: 0.01, mask2 ratio: 0.04, mask3 ratio: 0.10, mask4 ratio: 0.85
2026-01-22 19:01:32,859 - root - INFO - mask1 ratio: 0.01, mask2 ratio: 0.03, mask3 ratio: 0.10, mask4 ratio: 0.86
2026-01-22 19:01:33,081 - root - INFO - mask1 ratio: 0.02, mask2 ratio: 0.10, mask3 ratio: 0.10, mask4 ratio: 0.78
2026-01-22 19:01:33,295 - root - INFO - mask1 ratio: 0.01, mask2 ratio: 0.04, mask3 ratio: 0.10, mask4 ratio: 0.85
2026-01-22 19:01:33,539 - root - INFO - mask1 ratio: 0.01, mask2 ratio: 0.03, mask3 ratio: 0.10, mask4 ratio: 0.86
2026-01-22 19:01:33,787 - root - INFO - mask1 ratio: 0.02, mask2 ratio: 0.05, mask3 ratio: 0.10, mask4 ratio: 0.83
2026-01-22 19:01:34,002 - root - INFO - mask1 ratio: 0.01, mask2 ratio: 0.05, mask3 ratio: 0.10, mask4 ratio: 0.84
2026-01-22 19:01:34,216 - root - INFO - mask1 ratio: 0.01, mask2 ratio: 0.03, mask3 ratio: 0.10, mask4 ratio: 0.86
2026-01-22 19:01:34,430 - root - INFO - mask1 ratio: 0.01, mask2 ratio: 0.05, mask3 ratio: 0.10, mask4 ratio: 0.84
2026-01-22 19:01:34,643 - root - INFO - mask1 ratio: 0.01, mask2 ratio: 0.03, mask3 ratio: 0.10, mask4 ratio: 0.86
2026-01-22 19:01:34,857 - root - INFO - mask1 ratio: 0.01, mask2 ratio: 0.03, mask3 ratio: 0.10, mask4 ratio: 0.86
2026-01-22 19:01:35,070 - root - INFO - mask1 ratio: 0.01, mask2 ratio: 0.02, mask3 ratio: 0.10, mask4 ratio: 0.87
2026-01-22 19:01:35,284 - root - INFO - mask1 ratio: 0.01, mask2 ratio: 0.04, mask3 ratio: 0.10, mask4 ratio: 0.85
2026-01-22 19:01:35,498 - root - INFO - mask1 ratio: 0.01, mask2 ratio: 0.04, mask3 ratio: 0.10, mask4 ratio: 0.85
2026-01-22 19:01:35,712 - root - INFO - mask1 ratio: 0.02, mask2 ratio: 0.09, mask3 ratio: 0.10, mask4 ratio: 0.79
2026-01-22 19:01:35,926 - root - INFO - mask1 ratio: 0.01, mask2 ratio: 0.08, mask3 ratio: 0.10, mask4 ratio: 0.81
2026-01-22 19:01:36,140 - root - INFO - mask1 ratio: 0.01, mask2 ratio: 0.05, mask3 ratio: 0.10, mask4 ratio: 0.84
2026-01-22 19:01:36,354 - root - INFO - mask1 ratio: 0.01, mask2 ratio: 0.04, mask3 ratio: 0.10, mask4 ratio: 0.85
2026-01-22 19:01:36,566 - root - INFO - mask1 ratio: 0.00, mask2 ratio: 0.02, mask3 ratio: 0.10, mask4 ratio: 0.88
2026-01-22 19:01:36,779 - root - INFO - mask1 ratio: 0.01, mask2 ratio: 0.04, mask3 ratio: 0.10, mask4 ratio: 0.85
2026-01-22 19:01:36,992 - root - INFO - mask1 ratio: 0.01, mask2 ratio: 0.04, mask3 ratio: 0.10, mask4 ratio: 0.85
2026-01-22 19:01:37,207 - root - INFO - mask1 ratio: 0.01, mask2 ratio: 0.04, mask3 ratio: 0.10, mask4 ratio: 0.85
2026-01-22 19:01:37,421 - root - INFO - mask1 ratio: 0.02, mask2 ratio: 0.06, mask3 ratio: 0.10, mask4 ratio: 0.82
2026-01-22 19:01:37,742 - root - INFO - mask1 ratio: 0.01, mask2 ratio: 0.06, mask3 ratio: 0.10, mask4 ratio: 0.83
2026-01-22 19:01:37,957 - root - INFO - mask1 ratio: 0.01, mask2 ratio: 0.04, mask3 ratio: 0.10, mask4 ratio: 0.85
2026-01-22 19:01:38,171 - root - INFO - mask1 ratio: 0.01, mask2 ratio: 0.02, mask3 ratio: 0.10, mask4 ratio: 0.87
2026-01-22 19:01:38,387 - root - INFO - mask1 ratio: 0.01, mask2 ratio: 0.03, mask3 ratio: 0.10, mask4 ratio: 0.86
2026-01-22 19:01:38,601 - root - INFO - mask1 ratio: 0.01, mask2 ratio: 0.06, mask3 ratio: 0.10, mask4 ratio: 0.83
2026-01-22 19:01:38,815 - root - INFO - mask1 ratio: 0.01, mask2 ratio: 0.03, mask3 ratio: 0.10, mask4 ratio: 0.86
2026-01-22 19:01:39,030 - root - INFO - mask1 ratio: 0.01, mask2 ratio: 0.02, mask3 ratio: 0.10, mask4 ratio: 0.87
2026-01-22 19:01:39,245 - root - INFO - mask1 ratio: 0.00, mask2 ratio: 0.02, mask3 ratio: 0.10, mask4 ratio: 0.88
2026-01-22 19:01:39,460 - root - INFO - mask1 ratio: 0.01, mask2 ratio: 0.06, mask3 ratio: 0.10, mask4 ratio: 0.83
2026-01-22 19:01:39,674 - root - INFO - mask1 ratio: 0.01, mask2 ratio: 0.02, mask3 ratio: 0.10, mask4 ratio: 0.87
2026-01-22 19:01:39,890 - root - INFO - mask1 ratio: 0.01, mask2 ratio: 0.04, mask3 ratio: 0.10, mask4 ratio: 0.85
2026-01-22 19:01:40,104 - root - INFO - mask1 ratio: 0.01, mask2 ratio: 0.03, mask3 ratio: 0.10, mask4 ratio: 0.87
2026-01-22 19:01:40,321 - root - INFO - mask1 ratio: 0.02, mask2 ratio: 0.10, mask3 ratio: 0.10, mask4 ratio: 0.78
2026-01-22 19:01:40,534 - root - INFO - mask1 ratio: 0.00, mask2 ratio: 0.02, mask3 ratio: 0.10, mask4 ratio: 0.88
2026-01-22 19:01:40,749 - root - INFO - mask1 ratio: 0.02, mask2 ratio: 0.15, mask3 ratio: 0.10, mask4 ratio: 0.73
2026-01-22 19:01:40,963 - root - INFO - mask1 ratio: 0.01, mask2 ratio: 0.02, mask3 ratio: 0.10, mask4 ratio: 0.88
2026-01-22 19:01:41,177 - root - INFO - mask1 ratio: 0.01, mask2 ratio: 0.04, mask3 ratio: 0.10, mask4 ratio: 0.85
2026-01-22 19:01:41,392 - root - INFO - mask1 ratio: 0.00, mask2 ratio: 0.02, mask3 ratio: 0.10, mask4 ratio: 0.88
2026-01-22 19:01:41,609 - root - INFO - mask1 ratio: 0.01, mask2 ratio: 0.00, mask3 ratio: 0.10, mask4 ratio: 0.88
2026-01-22 19:01:41,900 - root - INFO - mask1 ratio: 0.01, mask2 ratio: 0.03, mask3 ratio: 0.10, mask4 ratio: 0.86
2026-01-22 19:01:41,926 - root - INFO - time 14.15
2026-01-22 19:01:44,492 - root - INFO - 27 self_attn.q_proj
2026-01-22 19:01:44,492 - root - INFO - Quantizing ...
2026-01-22 19:01:44,898 - root - INFO - mask1 ratio: 0.00, mask2 ratio: 0.03, mask3 ratio: 0.10, mask4 ratio: 0.87
2026-01-22 19:01:45,123 - root - INFO - mask1 ratio: 0.00, mask2 ratio: 0.03, mask3 ratio: 0.10, mask4 ratio: 0.86
2026-01-22 19:01:45,348 - root - INFO - mask1 ratio: 0.00, mask2 ratio: 0.03, mask3 ratio: 0.10, mask4 ratio: 0.87
2026-01-22 19:01:45,571 - root - INFO - mask1 ratio: 0.01, mask2 ratio: 0.06, mask3 ratio: 0.10, mask4 ratio: 0.84
2026-01-22 19:01:45,784 - root - INFO - mask1 ratio: 0.00, mask2 ratio: 0.03, mask3 ratio: 0.10, mask4 ratio: 0.87
2026-01-22 19:01:45,997 - root - INFO - mask1 ratio: 0.00, mask2 ratio: 0.04, mask3 ratio: 0.10, mask4 ratio: 0.85
2026-01-22 19:01:46,212 - root - INFO - mask1 ratio: 0.00, mask2 ratio: 0.04, mask3 ratio: 0.10, mask4 ratio: 0.86
2026-01-22 19:01:46,431 - root - INFO - mask1 ratio: 0.00, mask2 ratio: 0.02, mask3 ratio: 0.10, mask4 ratio: 0.88
2026-01-22 19:01:46,656 - root - INFO - mask1 ratio: 0.00, mask2 ratio: 0.04, mask3 ratio: 0.10, mask4 ratio: 0.85
2026-01-22 19:01:46,871 - root - INFO - mask1 ratio: 0.00, mask2 ratio: 0.03, mask3 ratio: 0.10, mask4 ratio: 0.87
2026-01-22 19:01:47,084 - root - INFO - mask1 ratio: 0.00, mask2 ratio: 0.03, mask3 ratio: 0.10, mask4 ratio: 0.87
2026-01-22 19:01:47,298 - root - INFO - mask1 ratio: 0.01, mask2 ratio: 0.07, mask3 ratio: 0.10, mask4 ratio: 0.82
2026-01-22 19:01:47,513 - root - INFO - mask1 ratio: 0.00, mask2 ratio: 0.03, mask3 ratio: 0.10, mask4 ratio: 0.86
2026-01-22 19:01:47,755 - root - INFO - mask1 ratio: 0.00, mask2 ratio: 0.03, mask3 ratio: 0.10, mask4 ratio: 0.87
2026-01-22 19:01:48,039 - root - INFO - mask1 ratio: 0.00, mask2 ratio: 0.03, mask3 ratio: 0.10, mask4 ratio: 0.86
2026-01-22 19:01:48,253 - root - INFO - mask1 ratio: 0.00, mask2 ratio: 0.04, mask3 ratio: 0.10, mask4 ratio: 0.86
2026-01-22 19:01:48,467 - root - INFO - mask1 ratio: 0.00, mask2 ratio: 0.02, mask3 ratio: 0.10, mask4 ratio: 0.88
2026-01-22 19:01:48,681 - root - INFO - mask1 ratio: 0.00, mask2 ratio: 0.02, mask3 ratio: 0.10, mask4 ratio: 0.88
2026-01-22 19:01:48,905 - root - INFO - mask1 ratio: 0.00, mask2 ratio: 0.03, mask3 ratio: 0.10, mask4 ratio: 0.87
2026-01-22 19:01:49,127 - root - INFO - mask1 ratio: 0.00, mask2 ratio: 0.03, mask3 ratio: 0.10, mask4 ratio: 0.87
2026-01-22 19:01:49,341 - root - INFO - mask1 ratio: 0.00, mask2 ratio: 0.03, mask3 ratio: 0.10, mask4 ratio: 0.87
2026-01-22 19:01:49,557 - root - INFO - mask1 ratio: 0.01, mask2 ratio: 0.03, mask3 ratio: 0.10, mask4 ratio: 0.86
2026-01-22 19:01:49,771 - root - INFO - mask1 ratio: 0.00, mask2 ratio: 0.03, mask3 ratio: 0.10, mask4 ratio: 0.86
2026-01-22 19:01:49,984 - root - INFO - mask1 ratio: 0.00, mask2 ratio: 0.03, mask3 ratio: 0.10, mask4 ratio: 0.87
2026-01-22 19:01:50,010 - root - INFO - time 5.52
2026-01-22 19:01:50,020 - root - INFO - 27 self_attn.k_proj
2026-01-22 19:01:50,020 - root - INFO - Quantizing ...
2026-01-22 19:01:50,202 - root - INFO - mask1 ratio: 0.00, mask2 ratio: 0.03, mask3 ratio: 0.10, mask4 ratio: 0.87
2026-01-22 19:01:50,401 - root - INFO - mask1 ratio: 0.00, mask2 ratio: 0.03, mask3 ratio: 0.10, mask4 ratio: 0.86
2026-01-22 19:01:50,601 - root - INFO - mask1 ratio: 0.00, mask2 ratio: 0.02, mask3 ratio: 0.10, mask4 ratio: 0.88
2026-01-22 19:01:50,799 - root - INFO - mask1 ratio: 0.01, mask2 ratio: 0.03, mask3 ratio: 0.10, mask4 ratio: 0.86
2026-01-22 19:01:50,996 - root - INFO - mask1 ratio: 0.00, mask2 ratio: 0.03, mask3 ratio: 0.10, mask4 ratio: 0.87
2026-01-22 19:01:51,194 - root - INFO - mask1 ratio: 0.00, mask2 ratio: 0.03, mask3 ratio: 0.10, mask4 ratio: 0.87
2026-01-22 19:01:51,391 - root - INFO - mask1 ratio: 0.00, mask2 ratio: 0.04, mask3 ratio: 0.10, mask4 ratio: 0.86
2026-01-22 19:01:51,589 - root - INFO - mask1 ratio: 0.00, mask2 ratio: 0.02, mask3 ratio: 0.10, mask4 ratio: 0.88
2026-01-22 19:01:51,788 - root - INFO - mask1 ratio: 0.00, mask2 ratio: 0.03, mask3 ratio: 0.10, mask4 ratio: 0.87
2026-01-22 19:01:52,060 - root - INFO - mask1 ratio: 0.00, mask2 ratio: 0.03, mask3 ratio: 0.10, mask4 ratio: 0.87
2026-01-22 19:01:52,283 - root - INFO - mask1 ratio: 0.00, mask2 ratio: 0.03, mask3 ratio: 0.10, mask4 ratio: 0.87
2026-01-22 19:01:52,481 - root - INFO - mask1 ratio: 0.01, mask2 ratio: 0.06, mask3 ratio: 0.10, mask4 ratio: 0.84
2026-01-22 19:01:52,681 - root - INFO - mask1 ratio: 0.00, mask2 ratio: 0.03, mask3 ratio: 0.10, mask4 ratio: 0.87
2026-01-22 19:01:52,881 - root - INFO - mask1 ratio: 0.00, mask2 ratio: 0.03, mask3 ratio: 0.10, mask4 ratio: 0.87
2026-01-22 19:01:53,078 - root - INFO - mask1 ratio: 0.00, mask2 ratio: 0.03, mask3 ratio: 0.10, mask4 ratio: 0.87
2026-01-22 19:01:53,275 - root - INFO - mask1 ratio: 0.00, mask2 ratio: 0.03, mask3 ratio: 0.10, mask4 ratio: 0.87
2026-01-22 19:01:53,471 - root - INFO - mask1 ratio: 0.00, mask2 ratio: 0.02, mask3 ratio: 0.10, mask4 ratio: 0.88
2026-01-22 19:01:53,669 - root - INFO - mask1 ratio: 0.00, mask2 ratio: 0.03, mask3 ratio: 0.10, mask4 ratio: 0.87
2026-01-22 19:01:53,868 - root - INFO - mask1 ratio: 0.00, mask2 ratio: 0.03, mask3 ratio: 0.10, mask4 ratio: 0.87
2026-01-22 19:01:54,067 - root - INFO - mask1 ratio: 0.01, mask2 ratio: 0.03, mask3 ratio: 0.10, mask4 ratio: 0.87
2026-01-22 19:01:54,264 - root - INFO - mask1 ratio: 0.00, mask2 ratio: 0.03, mask3 ratio: 0.10, mask4 ratio: 0.87
2026-01-22 19:01:54,471 - root - INFO - mask1 ratio: 0.00, mask2 ratio: 0.03, mask3 ratio: 0.10, mask4 ratio: 0.86
2026-01-22 19:01:54,687 - root - INFO - mask1 ratio: 0.00, mask2 ratio: 0.04, mask3 ratio: 0.10, mask4 ratio: 0.86
2026-01-22 19:01:54,905 - root - INFO - mask1 ratio: 0.00, mask2 ratio: 0.03, mask3 ratio: 0.10, mask4 ratio: 0.87
2026-01-22 19:01:54,931 - root - INFO - time 4.91
2026-01-22 19:01:54,934 - root - INFO - 27 self_attn.v_proj
2026-01-22 19:01:54,934 - root - INFO - Quantizing ...
2026-01-22 19:01:55,133 - root - INFO - mask1 ratio: 0.01, mask2 ratio: 0.06, mask3 ratio: 0.10, mask4 ratio: 0.84
2026-01-22 19:01:55,349 - root - INFO - mask1 ratio: 0.01, mask2 ratio: 0.05, mask3 ratio: 0.10, mask4 ratio: 0.85
2026-01-22 19:01:55,546 - root - INFO - mask1 ratio: 0.00, mask2 ratio: 0.03, mask3 ratio: 0.10, mask4 ratio: 0.87
2026-01-22 19:01:55,745 - root - INFO - mask1 ratio: 0.00, mask2 ratio: 0.04, mask3 ratio: 0.10, mask4 ratio: 0.85
2026-01-22 19:01:55,943 - root - INFO - mask1 ratio: 0.00, mask2 ratio: 0.04, mask3 ratio: 0.10, mask4 ratio: 0.85
2026-01-22 19:01:56,204 - root - INFO - mask1 ratio: 0.01, mask2 ratio: 0.05, mask3 ratio: 0.10, mask4 ratio: 0.85
2026-01-22 19:01:56,436 - root - INFO - mask1 ratio: 0.01, mask2 ratio: 0.06, mask3 ratio: 0.10, mask4 ratio: 0.84
2026-01-22 19:01:56,634 - root - INFO - mask1 ratio: 0.00, mask2 ratio: 0.04, mask3 ratio: 0.10, mask4 ratio: 0.86
2026-01-22 19:01:56,834 - root - INFO - mask1 ratio: 0.00, mask2 ratio: 0.03, mask3 ratio: 0.10, mask4 ratio: 0.87
2026-01-22 19:01:57,035 - root - INFO - mask1 ratio: 0.01, mask2 ratio: 0.05, mask3 ratio: 0.10, mask4 ratio: 0.85
2026-01-22 19:01:57,233 - root - INFO - mask1 ratio: 0.00, mask2 ratio: 0.04, mask3 ratio: 0.10, mask4 ratio: 0.85
2026-01-22 19:01:57,430 - root - INFO - mask1 ratio: 0.01, mask2 ratio: 0.06, mask3 ratio: 0.10, mask4 ratio: 0.84
2026-01-22 19:01:57,628 - root - INFO - mask1 ratio: 0.00, mask2 ratio: 0.04, mask3 ratio: 0.10, mask4 ratio: 0.86
2026-01-22 19:01:57,826 - root - INFO - mask1 ratio: 0.01, mask2 ratio: 0.05, mask3 ratio: 0.10, mask4 ratio: 0.85
2026-01-22 19:01:58,025 - root - INFO - mask1 ratio: 0.01, mask2 ratio: 0.06, mask3 ratio: 0.10, mask4 ratio: 0.84
2026-01-22 19:01:58,223 - root - INFO - mask1 ratio: 0.00, mask2 ratio: 0.04, mask3 ratio: 0.10, mask4 ratio: 0.86
2026-01-22 19:01:58,421 - root - INFO - mask1 ratio: 0.01, mask2 ratio: 0.05, mask3 ratio: 0.10, mask4 ratio: 0.85
2026-01-22 19:01:58,618 - root - INFO - mask1 ratio: 0.01, mask2 ratio: 0.03, mask3 ratio: 0.10, mask4 ratio: 0.86
2026-01-22 19:01:58,816 - root - INFO - mask1 ratio: 0.00, mask2 ratio: 0.04, mask3 ratio: 0.10, mask4 ratio: 0.85
2026-01-22 19:01:59,020 - root - INFO - mask1 ratio: 0.00, mask2 ratio: 0.03, mask3 ratio: 0.10, mask4 ratio: 0.87
2026-01-22 19:01:59,221 - root - INFO - mask1 ratio: 0.01, mask2 ratio: 0.07, mask3 ratio: 0.10, mask4 ratio: 0.82
2026-01-22 19:01:59,434 - root - INFO - mask1 ratio: 0.00, mask2 ratio: 0.04, mask3 ratio: 0.10, mask4 ratio: 0.85
2026-01-22 19:01:59,644 - root - INFO - mask1 ratio: 0.00, mask2 ratio: 0.03, mask3 ratio: 0.10, mask4 ratio: 0.86
2026-01-22 19:01:59,865 - root - INFO - mask1 ratio: 0.00, mask2 ratio: 0.03, mask3 ratio: 0.10, mask4 ratio: 0.87
2026-01-22 19:01:59,892 - root - INFO - time 4.96
2026-01-22 19:01:59,896 - root - INFO - 27 self_attn.o_proj
2026-01-22 19:01:59,896 - root - INFO - Quantizing ...
2026-01-22 19:02:00,102 - root - INFO - mask1 ratio: 0.01, mask2 ratio: 0.06, mask3 ratio: 0.10, mask4 ratio: 0.83
2026-01-22 19:02:00,344 - root - INFO - mask1 ratio: 0.01, mask2 ratio: 0.04, mask3 ratio: 0.10, mask4 ratio: 0.85
2026-01-22 19:02:00,614 - root - INFO - mask1 ratio: 0.02, mask2 ratio: 0.10, mask3 ratio: 0.10, mask4 ratio: 0.77
2026-01-22 19:02:00,857 - root - INFO - mask1 ratio: 0.00, mask2 ratio: 0.03, mask3 ratio: 0.10, mask4 ratio: 0.87
2026-01-22 19:02:01,089 - root - INFO - mask1 ratio: 0.01, mask2 ratio: 0.05, mask3 ratio: 0.10, mask4 ratio: 0.84
2026-01-22 19:02:01,319 - root - INFO - mask1 ratio: 0.04, mask2 ratio: 0.34, mask3 ratio: 0.10, mask4 ratio: 0.52
2026-01-22 19:02:01,545 - root - INFO - mask1 ratio: 0.00, mask2 ratio: 0.02, mask3 ratio: 0.10, mask4 ratio: 0.88
2026-01-22 19:02:01,775 - root - INFO - mask1 ratio: 0.01, mask2 ratio: 0.08, mask3 ratio: 0.10, mask4 ratio: 0.81
2026-01-22 19:02:02,000 - root - INFO - mask1 ratio: 0.01, mask2 ratio: 0.02, mask3 ratio: 0.10, mask4 ratio: 0.87
2026-01-22 19:02:02,229 - root - INFO - mask1 ratio: 0.00, mask2 ratio: 0.03, mask3 ratio: 0.10, mask4 ratio: 0.87
2026-01-22 19:02:02,470 - root - INFO - mask1 ratio: 0.01, mask2 ratio: 0.02, mask3 ratio: 0.10, mask4 ratio: 0.88
2026-01-22 19:02:02,720 - root - INFO - mask1 ratio: 0.01, mask2 ratio: 0.05, mask3 ratio: 0.10, mask4 ratio: 0.85
2026-01-22 19:02:02,941 - root - INFO - mask1 ratio: 0.01, mask2 ratio: 0.05, mask3 ratio: 0.10, mask4 ratio: 0.85
2026-01-22 19:02:03,165 - root - INFO - mask1 ratio: 0.04, mask2 ratio: 0.32, mask3 ratio: 0.10, mask4 ratio: 0.55
2026-01-22 19:02:03,392 - root - INFO - mask1 ratio: 0.01, mask2 ratio: 0.07, mask3 ratio: 0.10, mask4 ratio: 0.82
2026-01-22 19:02:03,631 - root - INFO - mask1 ratio: 0.03, mask2 ratio: 0.28, mask3 ratio: 0.10, mask4 ratio: 0.59
2026-01-22 19:02:03,865 - root - INFO - mask1 ratio: 0.03, mask2 ratio: 0.24, mask3 ratio: 0.10, mask4 ratio: 0.63
2026-01-22 19:02:04,091 - root - INFO - mask1 ratio: 0.00, mask2 ratio: 0.02, mask3 ratio: 0.10, mask4 ratio: 0.88
2026-01-22 19:02:04,336 - root - INFO - mask1 ratio: 0.01, mask2 ratio: 0.04, mask3 ratio: 0.10, mask4 ratio: 0.85
2026-01-22 19:02:04,627 - root - INFO - mask1 ratio: 0.00, mask2 ratio: 0.02, mask3 ratio: 0.10, mask4 ratio: 0.88
2026-01-22 19:02:04,846 - root - INFO - mask1 ratio: 0.01, mask2 ratio: 0.06, mask3 ratio: 0.10, mask4 ratio: 0.84
2026-01-22 19:02:05,081 - root - INFO - mask1 ratio: 0.01, mask2 ratio: 0.10, mask3 ratio: 0.10, mask4 ratio: 0.79
2026-01-22 19:02:05,308 - root - INFO - mask1 ratio: 0.00, mask2 ratio: 0.03, mask3 ratio: 0.10, mask4 ratio: 0.87
2026-01-22 19:02:05,544 - root - INFO - mask1 ratio: 0.00, mask2 ratio: 0.03, mask3 ratio: 0.10, mask4 ratio: 0.86
2026-01-22 19:02:05,572 - root - INFO - time 5.68
2026-01-22 19:02:05,576 - root - INFO - 27 mlp.gate_proj
2026-01-22 19:02:05,576 - root - INFO - Quantizing ...
2026-01-22 19:02:05,827 - root - INFO - mask1 ratio: 0.01, mask2 ratio: 0.08, mask3 ratio: 0.10, mask4 ratio: 0.81
2026-01-22 19:02:06,097 - root - INFO - mask1 ratio: 0.02, mask2 ratio: 0.21, mask3 ratio: 0.10, mask4 ratio: 0.67
2026-01-22 19:02:06,378 - root - INFO - mask1 ratio: 0.01, mask2 ratio: 0.08, mask3 ratio: 0.10, mask4 ratio: 0.81
2026-01-22 19:02:06,642 - root - INFO - mask1 ratio: 0.01, mask2 ratio: 0.02, mask3 ratio: 0.10, mask4 ratio: 0.88
2026-01-22 19:02:06,905 - root - INFO - mask1 ratio: 0.01, mask2 ratio: 0.06, mask3 ratio: 0.10, mask4 ratio: 0.83
2026-01-22 19:02:07,167 - root - INFO - mask1 ratio: 0.01, mask2 ratio: 0.03, mask3 ratio: 0.10, mask4 ratio: 0.86
2026-01-22 19:02:07,434 - root - INFO - mask1 ratio: 0.04, mask2 ratio: 0.33, mask3 ratio: 0.10, mask4 ratio: 0.53
2026-01-22 19:02:07,698 - root - INFO - mask1 ratio: 0.01, mask2 ratio: 0.11, mask3 ratio: 0.10, mask4 ratio: 0.78
2026-01-22 19:02:07,960 - root - INFO - mask1 ratio: 0.01, mask2 ratio: 0.06, mask3 ratio: 0.10, mask4 ratio: 0.83
2026-01-22 19:02:08,264 - root - INFO - mask1 ratio: 0.02, mask2 ratio: 0.18, mask3 ratio: 0.10, mask4 ratio: 0.70
2026-01-22 19:02:08,553 - root - INFO - mask1 ratio: 0.03, mask2 ratio: 0.22, mask3 ratio: 0.10, mask4 ratio: 0.65
2026-01-22 19:02:08,820 - root - INFO - mask1 ratio: 0.03, mask2 ratio: 0.24, mask3 ratio: 0.10, mask4 ratio: 0.63
2026-01-22 19:02:09,086 - root - INFO - mask1 ratio: 0.02, mask2 ratio: 0.22, mask3 ratio: 0.10, mask4 ratio: 0.66
2026-01-22 19:02:09,352 - root - INFO - mask1 ratio: 0.02, mask2 ratio: 0.22, mask3 ratio: 0.10, mask4 ratio: 0.66
2026-01-22 19:02:09,615 - root - INFO - mask1 ratio: 0.03, mask2 ratio: 0.25, mask3 ratio: 0.10, mask4 ratio: 0.62
2026-01-22 19:02:09,878 - root - INFO - mask1 ratio: 0.02, mask2 ratio: 0.18, mask3 ratio: 0.10, mask4 ratio: 0.70
2026-01-22 19:02:10,140 - root - INFO - mask1 ratio: 0.01, mask2 ratio: 0.02, mask3 ratio: 0.10, mask4 ratio: 0.87
2026-01-22 19:02:10,404 - root - INFO - mask1 ratio: 0.03, mask2 ratio: 0.22, mask3 ratio: 0.10, mask4 ratio: 0.65
2026-01-22 19:02:10,664 - root - INFO - mask1 ratio: 0.01, mask2 ratio: 0.04, mask3 ratio: 0.10, mask4 ratio: 0.85
2026-01-22 19:02:10,928 - root - INFO - mask1 ratio: 0.01, mask2 ratio: 0.10, mask3 ratio: 0.10, mask4 ratio: 0.79
2026-01-22 19:02:11,191 - root - INFO - mask1 ratio: 0.00, mask2 ratio: 0.03, mask3 ratio: 0.10, mask4 ratio: 0.87
2026-01-22 19:02:11,453 - root - INFO - mask1 ratio: 0.01, mask2 ratio: 0.11, mask3 ratio: 0.10, mask4 ratio: 0.77
2026-01-22 19:02:11,733 - root - INFO - mask1 ratio: 0.01, mask2 ratio: 0.07, mask3 ratio: 0.10, mask4 ratio: 0.82
2026-01-22 19:02:12,082 - root - INFO - mask1 ratio: 0.00, mask2 ratio: 0.03, mask3 ratio: 0.10, mask4 ratio: 0.86
2026-01-22 19:02:12,112 - root - INFO - time 6.54
2026-01-22 19:02:12,119 - root - INFO - 27 mlp.up_proj
2026-01-22 19:02:12,120 - root - INFO - Quantizing ...
2026-01-22 19:02:12,366 - root - INFO - mask1 ratio: 0.04, mask2 ratio: 0.29, mask3 ratio: 0.10, mask4 ratio: 0.57
2026-01-22 19:02:12,632 - root - INFO - mask1 ratio: 0.02, mask2 ratio: 0.11, mask3 ratio: 0.10, mask4 ratio: 0.77
2026-01-22 19:02:12,898 - root - INFO - mask1 ratio: 0.02, mask2 ratio: 0.17, mask3 ratio: 0.10, mask4 ratio: 0.70
2026-01-22 19:02:13,162 - root - INFO - mask1 ratio: 0.01, mask2 ratio: 0.03, mask3 ratio: 0.10, mask4 ratio: 0.87
2026-01-22 19:02:13,428 - root - INFO - mask1 ratio: 0.01, mask2 ratio: 0.05, mask3 ratio: 0.10, mask4 ratio: 0.85
2026-01-22 19:02:13,690 - root - INFO - mask1 ratio: 0.01, mask2 ratio: 0.02, mask3 ratio: 0.10, mask4 ratio: 0.88
2026-01-22 19:02:13,957 - root - INFO - mask1 ratio: 0.04, mask2 ratio: 0.34, mask3 ratio: 0.10, mask4 ratio: 0.52
2026-01-22 19:02:14,221 - root - INFO - mask1 ratio: 0.01, mask2 ratio: 0.03, mask3 ratio: 0.10, mask4 ratio: 0.87
2026-01-22 19:02:14,486 - root - INFO - mask1 ratio: 0.02, mask2 ratio: 0.08, mask3 ratio: 0.10, mask4 ratio: 0.81
2026-01-22 19:02:14,750 - root - INFO - mask1 ratio: 0.04, mask2 ratio: 0.33, mask3 ratio: 0.10, mask4 ratio: 0.53
2026-01-22 19:02:15,017 - root - INFO - mask1 ratio: 0.03, mask2 ratio: 0.25, mask3 ratio: 0.10, mask4 ratio: 0.63
2026-01-22 19:02:15,279 - root - INFO - mask1 ratio: 0.02, mask2 ratio: 0.20, mask3 ratio: 0.10, mask4 ratio: 0.67
2026-01-22 19:02:15,611 - root - INFO - mask1 ratio: 0.03, mask2 ratio: 0.25, mask3 ratio: 0.10, mask4 ratio: 0.62
2026-01-22 19:02:15,876 - root - INFO - mask1 ratio: 0.02, mask2 ratio: 0.16, mask3 ratio: 0.10, mask4 ratio: 0.71
2026-01-22 19:02:16,141 - root - INFO - mask1 ratio: 0.01, mask2 ratio: 0.03, mask3 ratio: 0.10, mask4 ratio: 0.86
2026-01-22 19:02:16,404 - root - INFO - mask1 ratio: 0.01, mask2 ratio: 0.03, mask3 ratio: 0.10, mask4 ratio: 0.86
2026-01-22 19:02:16,666 - root - INFO - mask1 ratio: 0.01, mask2 ratio: 0.02, mask3 ratio: 0.10, mask4 ratio: 0.87
2026-01-22 19:02:16,931 - root - INFO - mask1 ratio: 0.02, mask2 ratio: 0.14, mask3 ratio: 0.10, mask4 ratio: 0.74
2026-01-22 19:02:17,197 - root - INFO - mask1 ratio: 0.02, mask2 ratio: 0.19, mask3 ratio: 0.10, mask4 ratio: 0.69
2026-01-22 19:02:17,462 - root - INFO - mask1 ratio: 0.03, mask2 ratio: 0.22, mask3 ratio: 0.10, mask4 ratio: 0.65
2026-01-22 19:02:17,726 - root - INFO - mask1 ratio: 0.02, mask2 ratio: 0.15, mask3 ratio: 0.10, mask4 ratio: 0.74
2026-01-22 19:02:17,989 - root - INFO - mask1 ratio: 0.01, mask2 ratio: 0.12, mask3 ratio: 0.10, mask4 ratio: 0.77
2026-01-22 19:02:18,253 - root - INFO - mask1 ratio: 0.02, mask2 ratio: 0.14, mask3 ratio: 0.10, mask4 ratio: 0.74
2026-01-22 19:02:18,514 - root - INFO - mask1 ratio: 0.01, mask2 ratio: 0.03, mask3 ratio: 0.10, mask4 ratio: 0.87
2026-01-22 19:02:18,543 - root - INFO - time 6.42
2026-01-22 19:02:18,551 - root - INFO - 27 mlp.down_proj
2026-01-22 19:02:18,551 - root - INFO - Quantizing ...
2026-01-22 19:02:18,803 - root - INFO - mask1 ratio: 0.01, mask2 ratio: 0.03, mask3 ratio: 0.10, mask4 ratio: 0.86
2026-01-22 19:02:19,018 - root - INFO - mask1 ratio: 0.01, mask2 ratio: 0.03, mask3 ratio: 0.10, mask4 ratio: 0.86
2026-01-22 19:02:19,350 - root - INFO - mask1 ratio: 0.01, mask2 ratio: 0.06, mask3 ratio: 0.10, mask4 ratio: 0.84
2026-01-22 19:02:19,567 - root - INFO - mask1 ratio: 0.00, mask2 ratio: 0.04, mask3 ratio: 0.10, mask4 ratio: 0.85
2026-01-22 19:02:19,782 - root - INFO - mask1 ratio: 0.01, mask2 ratio: 0.10, mask3 ratio: 0.10, mask4 ratio: 0.79
2026-01-22 19:02:19,998 - root - INFO - mask1 ratio: 0.00, mask2 ratio: 0.03, mask3 ratio: 0.10, mask4 ratio: 0.87
2026-01-22 19:02:20,212 - root - INFO - mask1 ratio: 0.01, mask2 ratio: 0.05, mask3 ratio: 0.10, mask4 ratio: 0.84
2026-01-22 19:02:20,430 - root - INFO - mask1 ratio: 0.01, mask2 ratio: 0.04, mask3 ratio: 0.10, mask4 ratio: 0.85
2026-01-22 19:02:20,646 - root - INFO - mask1 ratio: 0.00, mask2 ratio: 0.03, mask3 ratio: 0.10, mask4 ratio: 0.87
2026-01-22 19:02:20,861 - root - INFO - mask1 ratio: 0.01, mask2 ratio: 0.05, mask3 ratio: 0.10, mask4 ratio: 0.84
2026-01-22 19:02:21,075 - root - INFO - mask1 ratio: 0.00, mask2 ratio: 0.02, mask3 ratio: 0.10, mask4 ratio: 0.88
2026-01-22 19:02:21,289 - root - INFO - mask1 ratio: 0.01, mask2 ratio: 0.02, mask3 ratio: 0.10, mask4 ratio: 0.88
2026-01-22 19:02:21,505 - root - INFO - mask1 ratio: 0.00, mask2 ratio: 0.03, mask3 ratio: 0.10, mask4 ratio: 0.87
2026-01-22 19:02:21,722 - root - INFO - mask1 ratio: 0.01, mask2 ratio: 0.07, mask3 ratio: 0.10, mask4 ratio: 0.82
2026-01-22 19:02:21,935 - root - INFO - mask1 ratio: 0.00, mask2 ratio: 0.03, mask3 ratio: 0.10, mask4 ratio: 0.87
2026-01-22 19:02:22,150 - root - INFO - mask1 ratio: 0.00, mask2 ratio: 0.03, mask3 ratio: 0.10, mask4 ratio: 0.87
2026-01-22 19:02:22,365 - root - INFO - mask1 ratio: 0.01, mask2 ratio: 0.05, mask3 ratio: 0.10, mask4 ratio: 0.85
2026-01-22 19:02:22,586 - root - INFO - mask1 ratio: 0.01, mask2 ratio: 0.05, mask3 ratio: 0.10, mask4 ratio: 0.84
2026-01-22 19:02:22,801 - root - INFO - mask1 ratio: 0.00, mask2 ratio: 0.03, mask3 ratio: 0.10, mask4 ratio: 0.87
2026-01-22 19:02:23,018 - root - INFO - mask1 ratio: 0.00, mask2 ratio: 0.02, mask3 ratio: 0.10, mask4 ratio: 0.88
2026-01-22 19:02:23,233 - root - INFO - mask1 ratio: 0.01, mask2 ratio: 0.04, mask3 ratio: 0.10, mask4 ratio: 0.85
2026-01-22 19:02:23,514 - root - INFO - mask1 ratio: 0.01, mask2 ratio: 0.02, mask3 ratio: 0.10, mask4 ratio: 0.88
2026-01-22 19:02:23,730 - root - INFO - mask1 ratio: 0.01, mask2 ratio: 0.03, mask3 ratio: 0.10, mask4 ratio: 0.86
2026-01-22 19:02:23,944 - root - INFO - mask1 ratio: 0.01, mask2 ratio: 0.02, mask3 ratio: 0.10, mask4 ratio: 0.88
2026-01-22 19:02:24,161 - root - INFO - mask1 ratio: 0.01, mask2 ratio: 0.04, mask3 ratio: 0.10, mask4 ratio: 0.85
2026-01-22 19:02:24,375 - root - INFO - mask1 ratio: 0.01, mask2 ratio: 0.00, mask3 ratio: 0.10, mask4 ratio: 0.88
2026-01-22 19:02:24,591 - root - INFO - mask1 ratio: 0.01, mask2 ratio: 0.06, mask3 ratio: 0.10, mask4 ratio: 0.83
2026-01-22 19:02:24,810 - root - INFO - mask1 ratio: 0.01, mask2 ratio: 0.10, mask3 ratio: 0.10, mask4 ratio: 0.78
2026-01-22 19:02:25,024 - root - INFO - mask1 ratio: 0.01, mask2 ratio: 0.03, mask3 ratio: 0.10, mask4 ratio: 0.87
2026-01-22 19:02:25,238 - root - INFO - mask1 ratio: 0.00, mask2 ratio: 0.02, mask3 ratio: 0.10, mask4 ratio: 0.88
2026-01-22 19:02:25,452 - root - INFO - mask1 ratio: 0.01, mask2 ratio: 0.02, mask3 ratio: 0.10, mask4 ratio: 0.87
2026-01-22 19:02:25,667 - root - INFO - mask1 ratio: 0.00, mask2 ratio: 0.02, mask3 ratio: 0.10, mask4 ratio: 0.88
2026-01-22 19:02:25,882 - root - INFO - mask1 ratio: 0.01, mask2 ratio: 0.04, mask3 ratio: 0.10, mask4 ratio: 0.85
2026-01-22 19:02:26,097 - root - INFO - mask1 ratio: 0.01, mask2 ratio: 0.03, mask3 ratio: 0.10, mask4 ratio: 0.86
2026-01-22 19:02:26,310 - root - INFO - mask1 ratio: 0.00, mask2 ratio: 0.02, mask3 ratio: 0.10, mask4 ratio: 0.88
2026-01-22 19:02:26,530 - root - INFO - mask1 ratio: 0.01, mask2 ratio: 0.04, mask3 ratio: 0.10, mask4 ratio: 0.85
2026-01-22 19:02:26,744 - root - INFO - mask1 ratio: 0.01, mask2 ratio: 0.02, mask3 ratio: 0.10, mask4 ratio: 0.87
2026-01-22 19:02:26,958 - root - INFO - mask1 ratio: 0.01, mask2 ratio: 0.04, mask3 ratio: 0.10, mask4 ratio: 0.85
2026-01-22 19:02:27,172 - root - INFO - mask1 ratio: 0.01, mask2 ratio: 0.00, mask3 ratio: 0.10, mask4 ratio: 0.88
2026-01-22 19:02:27,488 - root - INFO - mask1 ratio: 0.00, mask2 ratio: 0.02, mask3 ratio: 0.10, mask4 ratio: 0.88
2026-01-22 19:02:27,704 - root - INFO - mask1 ratio: 0.01, mask2 ratio: 0.05, mask3 ratio: 0.10, mask4 ratio: 0.85
2026-01-22 19:02:27,918 - root - INFO - mask1 ratio: 0.01, mask2 ratio: 0.04, mask3 ratio: 0.10, mask4 ratio: 0.85
2026-01-22 19:02:28,134 - root - INFO - mask1 ratio: 0.00, mask2 ratio: 0.02, mask3 ratio: 0.10, mask4 ratio: 0.88
2026-01-22 19:02:28,348 - root - INFO - mask1 ratio: 0.01, mask2 ratio: 0.05, mask3 ratio: 0.10, mask4 ratio: 0.84
2026-01-22 19:02:28,563 - root - INFO - mask1 ratio: 0.00, mask2 ratio: 0.04, mask3 ratio: 0.10, mask4 ratio: 0.86
2026-01-22 19:02:28,779 - root - INFO - mask1 ratio: 0.01, mask2 ratio: 0.02, mask3 ratio: 0.10, mask4 ratio: 0.87
2026-01-22 19:02:28,995 - root - INFO - mask1 ratio: 0.01, mask2 ratio: 0.02, mask3 ratio: 0.10, mask4 ratio: 0.87
2026-01-22 19:02:29,215 - root - INFO - mask1 ratio: 0.01, mask2 ratio: 0.13, mask3 ratio: 0.10, mask4 ratio: 0.76
2026-01-22 19:02:29,429 - root - INFO - mask1 ratio: 0.00, mask2 ratio: 0.03, mask3 ratio: 0.10, mask4 ratio: 0.87
2026-01-22 19:02:29,655 - root - INFO - mask1 ratio: 0.01, mask2 ratio: 0.08, mask3 ratio: 0.10, mask4 ratio: 0.81
2026-01-22 19:02:29,870 - root - INFO - mask1 ratio: 0.00, mask2 ratio: 0.03, mask3 ratio: 0.10, mask4 ratio: 0.86
2026-01-22 19:02:30,084 - root - INFO - mask1 ratio: 0.00, mask2 ratio: 0.03, mask3 ratio: 0.10, mask4 ratio: 0.87
2026-01-22 19:02:30,298 - root - INFO - mask1 ratio: 0.00, mask2 ratio: 0.03, mask3 ratio: 0.10, mask4 ratio: 0.87
2026-01-22 19:02:30,512 - root - INFO - mask1 ratio: 0.00, mask2 ratio: 0.02, mask3 ratio: 0.10, mask4 ratio: 0.88
2026-01-22 19:02:30,727 - root - INFO - mask1 ratio: 0.01, mask2 ratio: 0.05, mask3 ratio: 0.10, mask4 ratio: 0.85
2026-01-22 19:02:30,965 - root - INFO - mask1 ratio: 0.01, mask2 ratio: 0.03, mask3 ratio: 0.10, mask4 ratio: 0.86
2026-01-22 19:02:31,180 - root - INFO - mask1 ratio: 0.01, mask2 ratio: 0.00, mask3 ratio: 0.10, mask4 ratio: 0.88
2026-01-22 19:02:31,424 - root - INFO - mask1 ratio: 0.00, mask2 ratio: 0.04, mask3 ratio: 0.10, mask4 ratio: 0.85
2026-01-22 19:02:31,675 - root - INFO - mask1 ratio: 0.01, mask2 ratio: 0.05, mask3 ratio: 0.10, mask4 ratio: 0.84
2026-01-22 19:02:31,892 - root - INFO - mask1 ratio: 0.01, mask2 ratio: 0.00, mask3 ratio: 0.10, mask4 ratio: 0.88
2026-01-22 19:02:32,105 - root - INFO - mask1 ratio: 0.01, mask2 ratio: 0.02, mask3 ratio: 0.10, mask4 ratio: 0.87
2026-01-22 19:02:32,319 - root - INFO - mask1 ratio: 0.01, mask2 ratio: 0.04, mask3 ratio: 0.10, mask4 ratio: 0.85
2026-01-22 19:02:32,533 - root - INFO - mask1 ratio: 0.01, mask2 ratio: 0.00, mask3 ratio: 0.10, mask4 ratio: 0.88
2026-01-22 19:02:32,747 - root - INFO - mask1 ratio: 0.00, mask2 ratio: 0.04, mask3 ratio: 0.10, mask4 ratio: 0.86
2026-01-22 19:02:32,774 - root - INFO - time 14.22
2026-01-22 19:02:33,364 - root - INFO - Experiment: 
2026-01-22 19:02:38,616 - fsspec.local - DEBUG - open file: /data/xjh/dataset/wikitext-2-raw-v1/dataset_dict.json
2026-01-22 19:03:05,802 - fsspec.local - DEBUG - open file: /data/xjh/dataset/ptb_text_only/dataset_dict.json
2026-01-22 19:03:17,641 - urllib3.connectionpool - DEBUG - Resetting dropped connection: s3.amazonaws.com
2026-01-22 19:03:18,390 - urllib3.connectionpool - DEBUG - https://s3.amazonaws.com:443 "HEAD /datasets.huggingface.co/datasets/datasets/json/json.py HTTP/11" 200 0
2026-01-22 19:03:18,393 - filelock - DEBUG - Attempting to acquire lock 140518071624352 on /home/xjh/.cache/huggingface/datasets/_home_xjh_.cache_huggingface_datasets_json_default-07a3d7608cc7c204_0.0.0_ff8895240c1c6d49c1ae5a8af7cd4b065d168a612f3f6bd42470270b78a42c18.lock
2026-01-22 19:03:18,393 - filelock - DEBUG - Lock 140518071624352 acquired on /home/xjh/.cache/huggingface/datasets/_home_xjh_.cache_huggingface_datasets_json_default-07a3d7608cc7c204_0.0.0_ff8895240c1c6d49c1ae5a8af7cd4b065d168a612f3f6bd42470270b78a42c18.lock
2026-01-22 19:03:18,393 - filelock - DEBUG - Attempting to release lock 140518071624352 on /home/xjh/.cache/huggingface/datasets/_home_xjh_.cache_huggingface_datasets_json_default-07a3d7608cc7c204_0.0.0_ff8895240c1c6d49c1ae5a8af7cd4b065d168a612f3f6bd42470270b78a42c18.lock
2026-01-22 19:03:18,393 - filelock - DEBUG - Lock 140518071624352 released on /home/xjh/.cache/huggingface/datasets/_home_xjh_.cache_huggingface_datasets_json_default-07a3d7608cc7c204_0.0.0_ff8895240c1c6d49c1ae5a8af7cd4b065d168a612f3f6bd42470270b78a42c18.lock
2026-01-22 19:03:18,393 - filelock - DEBUG - Attempting to acquire lock 140518071621184 on /home/xjh/.cache/huggingface/datasets/json/default-07a3d7608cc7c204/0.0.0/8bb11242116d547c741b2e8a1f18598ffdd40a1d4f2a2872c7a28b697434bc96_builder.lock
2026-01-22 19:03:18,393 - filelock - DEBUG - Lock 140518071621184 acquired on /home/xjh/.cache/huggingface/datasets/json/default-07a3d7608cc7c204/0.0.0/8bb11242116d547c741b2e8a1f18598ffdd40a1d4f2a2872c7a28b697434bc96_builder.lock
2026-01-22 19:03:18,394 - fsspec.local - DEBUG - open file: /home/xjh/.cache/huggingface/datasets/json/default-07a3d7608cc7c204/0.0.0/8bb11242116d547c741b2e8a1f18598ffdd40a1d4f2a2872c7a28b697434bc96/dataset_info.json
2026-01-22 19:03:18,394 - filelock - DEBUG - Attempting to release lock 140518071621184 on /home/xjh/.cache/huggingface/datasets/json/default-07a3d7608cc7c204/0.0.0/8bb11242116d547c741b2e8a1f18598ffdd40a1d4f2a2872c7a28b697434bc96_builder.lock
2026-01-22 19:03:18,394 - filelock - DEBUG - Lock 140518071621184 released on /home/xjh/.cache/huggingface/datasets/json/default-07a3d7608cc7c204/0.0.0/8bb11242116d547c741b2e8a1f18598ffdd40a1d4f2a2872c7a28b697434bc96_builder.lock
2026-01-22 19:03:18,650 - urllib3.connectionpool - DEBUG - https://s3.amazonaws.com:443 "HEAD /datasets.huggingface.co/datasets/datasets/json/json.py HTTP/11" 200 0
2026-01-22 19:03:18,651 - filelock - DEBUG - Attempting to acquire lock 140518042610400 on /home/xjh/.cache/huggingface/datasets/_home_xjh_.cache_huggingface_datasets_json_default-6a9cca7ecda2bde3_0.0.0_ff8895240c1c6d49c1ae5a8af7cd4b065d168a612f3f6bd42470270b78a42c18.lock
2026-01-22 19:03:18,651 - filelock - DEBUG - Lock 140518042610400 acquired on /home/xjh/.cache/huggingface/datasets/_home_xjh_.cache_huggingface_datasets_json_default-6a9cca7ecda2bde3_0.0.0_ff8895240c1c6d49c1ae5a8af7cd4b065d168a612f3f6bd42470270b78a42c18.lock
2026-01-22 19:03:18,651 - filelock - DEBUG - Attempting to release lock 140518042610400 on /home/xjh/.cache/huggingface/datasets/_home_xjh_.cache_huggingface_datasets_json_default-6a9cca7ecda2bde3_0.0.0_ff8895240c1c6d49c1ae5a8af7cd4b065d168a612f3f6bd42470270b78a42c18.lock
2026-01-22 19:03:18,651 - filelock - DEBUG - Lock 140518042610400 released on /home/xjh/.cache/huggingface/datasets/_home_xjh_.cache_huggingface_datasets_json_default-6a9cca7ecda2bde3_0.0.0_ff8895240c1c6d49c1ae5a8af7cd4b065d168a612f3f6bd42470270b78a42c18.lock
2026-01-22 19:03:18,652 - filelock - DEBUG - Attempting to acquire lock 140518042606416 on /home/xjh/.cache/huggingface/datasets/json/default-6a9cca7ecda2bde3/0.0.0/8bb11242116d547c741b2e8a1f18598ffdd40a1d4f2a2872c7a28b697434bc96_builder.lock
2026-01-22 19:03:18,652 - filelock - DEBUG - Lock 140518042606416 acquired on /home/xjh/.cache/huggingface/datasets/json/default-6a9cca7ecda2bde3/0.0.0/8bb11242116d547c741b2e8a1f18598ffdd40a1d4f2a2872c7a28b697434bc96_builder.lock
2026-01-22 19:03:18,652 - fsspec.local - DEBUG - open file: /home/xjh/.cache/huggingface/datasets/json/default-6a9cca7ecda2bde3/0.0.0/8bb11242116d547c741b2e8a1f18598ffdd40a1d4f2a2872c7a28b697434bc96/dataset_info.json
2026-01-22 19:03:18,652 - filelock - DEBUG - Attempting to release lock 140518042606416 on /home/xjh/.cache/huggingface/datasets/json/default-6a9cca7ecda2bde3/0.0.0/8bb11242116d547c741b2e8a1f18598ffdd40a1d4f2a2872c7a28b697434bc96_builder.lock
2026-01-22 19:03:18,652 - filelock - DEBUG - Lock 140518042606416 released on /home/xjh/.cache/huggingface/datasets/json/default-6a9cca7ecda2bde3/0.0.0/8bb11242116d547c741b2e8a1f18598ffdd40a1d4f2a2872c7a28b697434bc96_builder.lock
