2026-01-22 17:33:20,737 - urllib3.connectionpool - DEBUG - Starting new HTTPS connection (1): s3.amazonaws.com:443
2026-01-22 17:33:21,500 - urllib3.connectionpool - DEBUG - https://s3.amazonaws.com:443 "HEAD /datasets.huggingface.co/datasets/datasets/json/json.py HTTP/11" 200 0
2026-01-22 17:33:21,504 - filelock - DEBUG - Attempting to acquire lock 140250603092928 on /home/xjh/.cache/huggingface/datasets/_home_xjh_.cache_huggingface_datasets_json_default-07a3d7608cc7c204_0.0.0_ff8895240c1c6d49c1ae5a8af7cd4b065d168a612f3f6bd42470270b78a42c18.lock
2026-01-22 17:33:21,505 - filelock - DEBUG - Lock 140250603092928 acquired on /home/xjh/.cache/huggingface/datasets/_home_xjh_.cache_huggingface_datasets_json_default-07a3d7608cc7c204_0.0.0_ff8895240c1c6d49c1ae5a8af7cd4b065d168a612f3f6bd42470270b78a42c18.lock
2026-01-22 17:33:21,505 - filelock - DEBUG - Attempting to release lock 140250603092928 on /home/xjh/.cache/huggingface/datasets/_home_xjh_.cache_huggingface_datasets_json_default-07a3d7608cc7c204_0.0.0_ff8895240c1c6d49c1ae5a8af7cd4b065d168a612f3f6bd42470270b78a42c18.lock
2026-01-22 17:33:21,505 - filelock - DEBUG - Lock 140250603092928 released on /home/xjh/.cache/huggingface/datasets/_home_xjh_.cache_huggingface_datasets_json_default-07a3d7608cc7c204_0.0.0_ff8895240c1c6d49c1ae5a8af7cd4b065d168a612f3f6bd42470270b78a42c18.lock
2026-01-22 17:33:21,513 - filelock - DEBUG - Attempting to acquire lock 140245274285392 on /home/xjh/.cache/huggingface/datasets/json/default-07a3d7608cc7c204/0.0.0/8bb11242116d547c741b2e8a1f18598ffdd40a1d4f2a2872c7a28b697434bc96_builder.lock
2026-01-22 17:33:21,513 - filelock - DEBUG - Lock 140245274285392 acquired on /home/xjh/.cache/huggingface/datasets/json/default-07a3d7608cc7c204/0.0.0/8bb11242116d547c741b2e8a1f18598ffdd40a1d4f2a2872c7a28b697434bc96_builder.lock
2026-01-22 17:33:21,513 - fsspec.local - DEBUG - open file: /home/xjh/.cache/huggingface/datasets/json/default-07a3d7608cc7c204/0.0.0/8bb11242116d547c741b2e8a1f18598ffdd40a1d4f2a2872c7a28b697434bc96/dataset_info.json
2026-01-22 17:33:21,513 - filelock - DEBUG - Attempting to release lock 140245274285392 on /home/xjh/.cache/huggingface/datasets/json/default-07a3d7608cc7c204/0.0.0/8bb11242116d547c741b2e8a1f18598ffdd40a1d4f2a2872c7a28b697434bc96_builder.lock
2026-01-22 17:33:21,514 - filelock - DEBUG - Lock 140245274285392 released on /home/xjh/.cache/huggingface/datasets/json/default-07a3d7608cc7c204/0.0.0/8bb11242116d547c741b2e8a1f18598ffdd40a1d4f2a2872c7a28b697434bc96_builder.lock
2026-01-22 17:33:21,773 - urllib3.connectionpool - DEBUG - https://s3.amazonaws.com:443 "HEAD /datasets.huggingface.co/datasets/datasets/json/json.py HTTP/11" 200 0
2026-01-22 17:33:21,777 - filelock - DEBUG - Attempting to acquire lock 140253382027904 on /home/xjh/.cache/huggingface/datasets/_home_xjh_.cache_huggingface_datasets_json_default-6a9cca7ecda2bde3_0.0.0_ff8895240c1c6d49c1ae5a8af7cd4b065d168a612f3f6bd42470270b78a42c18.lock
2026-01-22 17:33:21,777 - filelock - DEBUG - Lock 140253382027904 acquired on /home/xjh/.cache/huggingface/datasets/_home_xjh_.cache_huggingface_datasets_json_default-6a9cca7ecda2bde3_0.0.0_ff8895240c1c6d49c1ae5a8af7cd4b065d168a612f3f6bd42470270b78a42c18.lock
2026-01-22 17:33:21,777 - filelock - DEBUG - Attempting to release lock 140253382027904 on /home/xjh/.cache/huggingface/datasets/_home_xjh_.cache_huggingface_datasets_json_default-6a9cca7ecda2bde3_0.0.0_ff8895240c1c6d49c1ae5a8af7cd4b065d168a612f3f6bd42470270b78a42c18.lock
2026-01-22 17:33:21,777 - filelock - DEBUG - Lock 140253382027904 released on /home/xjh/.cache/huggingface/datasets/_home_xjh_.cache_huggingface_datasets_json_default-6a9cca7ecda2bde3_0.0.0_ff8895240c1c6d49c1ae5a8af7cd4b065d168a612f3f6bd42470270b78a42c18.lock
2026-01-22 17:33:21,777 - filelock - DEBUG - Attempting to acquire lock 140250589162976 on /home/xjh/.cache/huggingface/datasets/json/default-6a9cca7ecda2bde3/0.0.0/8bb11242116d547c741b2e8a1f18598ffdd40a1d4f2a2872c7a28b697434bc96_builder.lock
2026-01-22 17:33:21,777 - filelock - DEBUG - Lock 140250589162976 acquired on /home/xjh/.cache/huggingface/datasets/json/default-6a9cca7ecda2bde3/0.0.0/8bb11242116d547c741b2e8a1f18598ffdd40a1d4f2a2872c7a28b697434bc96_builder.lock
2026-01-22 17:33:21,777 - fsspec.local - DEBUG - open file: /home/xjh/.cache/huggingface/datasets/json/default-6a9cca7ecda2bde3/0.0.0/8bb11242116d547c741b2e8a1f18598ffdd40a1d4f2a2872c7a28b697434bc96/dataset_info.json
2026-01-22 17:33:21,778 - filelock - DEBUG - Attempting to release lock 140250589162976 on /home/xjh/.cache/huggingface/datasets/json/default-6a9cca7ecda2bde3/0.0.0/8bb11242116d547c741b2e8a1f18598ffdd40a1d4f2a2872c7a28b697434bc96_builder.lock
2026-01-22 17:33:21,778 - filelock - DEBUG - Lock 140250589162976 released on /home/xjh/.cache/huggingface/datasets/json/default-6a9cca7ecda2bde3/0.0.0/8bb11242116d547c741b2e8a1f18598ffdd40a1d4f2a2872c7a28b697434bc96_builder.lock
2026-01-22 17:33:34,267 - root - INFO - 0 self_attn.k_proj
2026-01-22 17:33:34,267 - root - INFO - Quantizing ...
2026-01-22 17:33:35,011 - root - INFO - mask1 ratio: 0.00, mask2 ratio: 0.02, mask3 ratio: 0.10, mask4 ratio: 0.88
2026-01-22 17:33:35,221 - root - INFO - mask1 ratio: 0.00, mask2 ratio: 0.02, mask3 ratio: 0.10, mask4 ratio: 0.88
2026-01-22 17:33:35,431 - root - INFO - mask1 ratio: 0.00, mask2 ratio: 0.02, mask3 ratio: 0.10, mask4 ratio: 0.88
2026-01-22 17:33:35,640 - root - INFO - mask1 ratio: 0.00, mask2 ratio: 0.03, mask3 ratio: 0.10, mask4 ratio: 0.87
2026-01-22 17:33:35,849 - root - INFO - mask1 ratio: 0.01, mask2 ratio: 0.03, mask3 ratio: 0.10, mask4 ratio: 0.86
2026-01-22 17:33:36,058 - root - INFO - mask1 ratio: 0.00, mask2 ratio: 0.02, mask3 ratio: 0.10, mask4 ratio: 0.88
2026-01-22 17:33:36,267 - root - INFO - mask1 ratio: 0.00, mask2 ratio: 0.03, mask3 ratio: 0.10, mask4 ratio: 0.87
2026-01-22 17:33:36,476 - root - INFO - mask1 ratio: 0.01, mask2 ratio: 0.03, mask3 ratio: 0.10, mask4 ratio: 0.87
2026-01-22 17:33:36,685 - root - INFO - mask1 ratio: 0.00, mask2 ratio: 0.02, mask3 ratio: 0.10, mask4 ratio: 0.88
2026-01-22 17:33:36,893 - root - INFO - mask1 ratio: 0.00, mask2 ratio: 0.02, mask3 ratio: 0.10, mask4 ratio: 0.88
2026-01-22 17:33:37,102 - root - INFO - mask1 ratio: 0.00, mask2 ratio: 0.03, mask3 ratio: 0.10, mask4 ratio: 0.86
2026-01-22 17:33:37,311 - root - INFO - mask1 ratio: 0.00, mask2 ratio: 0.03, mask3 ratio: 0.10, mask4 ratio: 0.87
2026-01-22 17:33:37,521 - root - INFO - mask1 ratio: 0.00, mask2 ratio: 0.04, mask3 ratio: 0.10, mask4 ratio: 0.85
2026-01-22 17:33:37,729 - root - INFO - mask1 ratio: 0.00, mask2 ratio: 0.02, mask3 ratio: 0.10, mask4 ratio: 0.88
2026-01-22 17:33:37,937 - root - INFO - mask1 ratio: 0.00, mask2 ratio: 0.02, mask3 ratio: 0.10, mask4 ratio: 0.88
2026-01-22 17:33:38,176 - root - INFO - mask1 ratio: 0.00, mask2 ratio: 0.02, mask3 ratio: 0.10, mask4 ratio: 0.88
2026-01-22 17:33:38,487 - root - INFO - mask1 ratio: 0.01, mask2 ratio: 0.03, mask3 ratio: 0.10, mask4 ratio: 0.87
2026-01-22 17:33:38,698 - root - INFO - mask1 ratio: 0.01, mask2 ratio: 0.03, mask3 ratio: 0.10, mask4 ratio: 0.86
2026-01-22 17:33:38,906 - root - INFO - mask1 ratio: 0.00, mask2 ratio: 0.02, mask3 ratio: 0.10, mask4 ratio: 0.88
2026-01-22 17:33:39,118 - root - INFO - mask1 ratio: 0.00, mask2 ratio: 0.02, mask3 ratio: 0.10, mask4 ratio: 0.88
2026-01-22 17:33:39,200 - root - INFO - time 4.93
2026-01-22 17:33:39,209 - root - INFO - 0 self_attn.v_proj
2026-01-22 17:33:39,209 - root - INFO - Quantizing ...
2026-01-22 17:33:39,403 - root - INFO - mask1 ratio: 0.01, mask2 ratio: 0.09, mask3 ratio: 0.10, mask4 ratio: 0.80
2026-01-22 17:33:39,616 - root - INFO - mask1 ratio: 0.02, mask2 ratio: 0.22, mask3 ratio: 0.10, mask4 ratio: 0.66
2026-01-22 17:33:39,827 - root - INFO - mask1 ratio: 0.01, mask2 ratio: 0.03, mask3 ratio: 0.10, mask4 ratio: 0.87
2026-01-22 17:33:40,048 - root - INFO - mask1 ratio: 0.02, mask2 ratio: 0.19, mask3 ratio: 0.10, mask4 ratio: 0.69
2026-01-22 17:33:40,270 - root - INFO - mask1 ratio: 0.03, mask2 ratio: 0.25, mask3 ratio: 0.10, mask4 ratio: 0.63
2026-01-22 17:33:40,482 - root - INFO - mask1 ratio: 0.04, mask2 ratio: 0.34, mask3 ratio: 0.10, mask4 ratio: 0.52
2026-01-22 17:33:40,695 - root - INFO - mask1 ratio: 0.03, mask2 ratio: 0.23, mask3 ratio: 0.10, mask4 ratio: 0.65
2026-01-22 17:33:40,908 - root - INFO - mask1 ratio: 0.03, mask2 ratio: 0.25, mask3 ratio: 0.10, mask4 ratio: 0.62
2026-01-22 17:33:41,118 - root - INFO - mask1 ratio: 0.01, mask2 ratio: 0.02, mask3 ratio: 0.10, mask4 ratio: 0.87
2026-01-22 17:33:41,329 - root - INFO - mask1 ratio: 0.03, mask2 ratio: 0.25, mask3 ratio: 0.10, mask4 ratio: 0.62
2026-01-22 17:33:41,545 - root - INFO - mask1 ratio: 0.02, mask2 ratio: 0.15, mask3 ratio: 0.10, mask4 ratio: 0.74
2026-01-22 17:33:41,759 - root - INFO - mask1 ratio: 0.03, mask2 ratio: 0.27, mask3 ratio: 0.10, mask4 ratio: 0.60
2026-01-22 17:33:41,970 - root - INFO - mask1 ratio: 0.00, mask2 ratio: 0.04, mask3 ratio: 0.10, mask4 ratio: 0.85
2026-01-22 17:33:42,184 - root - INFO - mask1 ratio: 0.01, mask2 ratio: 0.04, mask3 ratio: 0.10, mask4 ratio: 0.85
2026-01-22 17:33:42,398 - root - INFO - mask1 ratio: 0.03, mask2 ratio: 0.24, mask3 ratio: 0.10, mask4 ratio: 0.63
2026-01-22 17:33:42,613 - root - INFO - mask1 ratio: 0.01, mask2 ratio: 0.13, mask3 ratio: 0.10, mask4 ratio: 0.75
2026-01-22 17:33:42,844 - root - INFO - mask1 ratio: 0.02, mask2 ratio: 0.21, mask3 ratio: 0.10, mask4 ratio: 0.67
2026-01-22 17:33:43,073 - root - INFO - mask1 ratio: 0.03, mask2 ratio: 0.26, mask3 ratio: 0.10, mask4 ratio: 0.61
2026-01-22 17:33:43,295 - root - INFO - mask1 ratio: 0.04, mask2 ratio: 0.34, mask3 ratio: 0.10, mask4 ratio: 0.52
2026-01-22 17:33:43,610 - root - INFO - mask1 ratio: 0.01, mask2 ratio: 0.05, mask3 ratio: 0.10, mask4 ratio: 0.85
2026-01-22 17:33:43,638 - root - INFO - time 4.43
2026-01-22 17:33:43,656 - root - INFO - 0 self_attn.q_proj
2026-01-22 17:33:43,656 - root - INFO - Quantizing ...
2026-01-22 17:33:43,871 - root - INFO - mask1 ratio: 0.00, mask2 ratio: 0.02, mask3 ratio: 0.10, mask4 ratio: 0.88
2026-01-22 17:33:44,097 - root - INFO - mask1 ratio: 0.01, mask2 ratio: 0.00, mask3 ratio: 0.10, mask4 ratio: 0.88
2026-01-22 17:33:44,319 - root - INFO - mask1 ratio: 0.00, mask2 ratio: 0.02, mask3 ratio: 0.10, mask4 ratio: 0.88
2026-01-22 17:33:44,543 - root - INFO - mask1 ratio: 0.00, mask2 ratio: 0.03, mask3 ratio: 0.10, mask4 ratio: 0.87
2026-01-22 17:33:44,776 - root - INFO - mask1 ratio: 0.03, mask2 ratio: 0.29, mask3 ratio: 0.10, mask4 ratio: 0.58
2026-01-22 17:33:45,017 - root - INFO - mask1 ratio: 0.00, mask2 ratio: 0.02, mask3 ratio: 0.10, mask4 ratio: 0.88
2026-01-22 17:33:45,232 - root - INFO - mask1 ratio: 0.00, mask2 ratio: 0.03, mask3 ratio: 0.10, mask4 ratio: 0.87
2026-01-22 17:33:45,466 - root - INFO - mask1 ratio: 0.01, mask2 ratio: 0.03, mask3 ratio: 0.10, mask4 ratio: 0.87
2026-01-22 17:33:45,686 - root - INFO - mask1 ratio: 0.00, mask2 ratio: 0.02, mask3 ratio: 0.10, mask4 ratio: 0.88
2026-01-22 17:33:45,928 - root - INFO - mask1 ratio: 0.00, mask2 ratio: 0.02, mask3 ratio: 0.10, mask4 ratio: 0.88
2026-01-22 17:33:46,149 - root - INFO - mask1 ratio: 0.00, mask2 ratio: 0.03, mask3 ratio: 0.10, mask4 ratio: 0.87
2026-01-22 17:33:46,369 - root - INFO - mask1 ratio: 0.00, mask2 ratio: 0.03, mask3 ratio: 0.10, mask4 ratio: 0.87
2026-01-22 17:33:46,596 - root - INFO - mask1 ratio: 0.00, mask2 ratio: 0.03, mask3 ratio: 0.10, mask4 ratio: 0.87
2026-01-22 17:33:46,834 - root - INFO - mask1 ratio: 0.00, mask2 ratio: 0.02, mask3 ratio: 0.10, mask4 ratio: 0.88
2026-01-22 17:33:47,064 - root - INFO - mask1 ratio: 0.00, mask2 ratio: 0.02, mask3 ratio: 0.10, mask4 ratio: 0.88
2026-01-22 17:33:47,286 - root - INFO - mask1 ratio: 0.00, mask2 ratio: 0.02, mask3 ratio: 0.10, mask4 ratio: 0.88
2026-01-22 17:33:47,503 - root - INFO - mask1 ratio: 0.01, mask2 ratio: 0.04, mask3 ratio: 0.10, mask4 ratio: 0.85
2026-01-22 17:33:47,742 - root - INFO - mask1 ratio: 0.02, mask2 ratio: 0.22, mask3 ratio: 0.10, mask4 ratio: 0.66
2026-01-22 17:33:47,972 - root - INFO - mask1 ratio: 0.00, mask2 ratio: 0.03, mask3 ratio: 0.10, mask4 ratio: 0.87
2026-01-22 17:33:48,185 - root - INFO - mask1 ratio: 0.00, mask2 ratio: 0.02, mask3 ratio: 0.10, mask4 ratio: 0.88
2026-01-22 17:33:48,213 - root - INFO - time 4.56
2026-01-22 17:33:48,215 - root - INFO - 0 self_attn.out_proj
2026-01-22 17:33:48,215 - root - INFO - Quantizing ...
2026-01-22 17:33:48,410 - root - INFO - mask1 ratio: 0.04, mask2 ratio: 0.31, mask3 ratio: 0.10, mask4 ratio: 0.55
2026-01-22 17:33:48,661 - root - INFO - mask1 ratio: 0.01, mask2 ratio: 0.03, mask3 ratio: 0.10, mask4 ratio: 0.87
2026-01-22 17:33:48,969 - root - INFO - mask1 ratio: 0.04, mask2 ratio: 0.34, mask3 ratio: 0.10, mask4 ratio: 0.52
2026-01-22 17:33:49,161 - root - INFO - mask1 ratio: 0.02, mask2 ratio: 0.13, mask3 ratio: 0.10, mask4 ratio: 0.75
2026-01-22 17:33:49,392 - root - INFO - mask1 ratio: 0.04, mask2 ratio: 0.34, mask3 ratio: 0.10, mask4 ratio: 0.52
2026-01-22 17:33:49,610 - root - INFO - mask1 ratio: 0.01, mask2 ratio: 0.00, mask3 ratio: 0.10, mask4 ratio: 0.88
2026-01-22 17:33:49,824 - root - INFO - mask1 ratio: 0.04, mask2 ratio: 0.32, mask3 ratio: 0.10, mask4 ratio: 0.53
2026-01-22 17:33:50,038 - root - INFO - mask1 ratio: 0.01, mask2 ratio: 0.05, mask3 ratio: 0.10, mask4 ratio: 0.84
2026-01-22 17:33:50,248 - root - INFO - mask1 ratio: 0.01, mask2 ratio: 0.03, mask3 ratio: 0.10, mask4 ratio: 0.87
2026-01-22 17:33:50,459 - root - INFO - mask1 ratio: 0.04, mask2 ratio: 0.34, mask3 ratio: 0.10, mask4 ratio: 0.52
2026-01-22 17:33:50,669 - root - INFO - mask1 ratio: 0.02, mask2 ratio: 0.03, mask3 ratio: 0.10, mask4 ratio: 0.85
2026-01-22 17:33:50,880 - root - INFO - mask1 ratio: 0.01, mask2 ratio: 0.13, mask3 ratio: 0.10, mask4 ratio: 0.76
2026-01-22 17:33:51,094 - root - INFO - mask1 ratio: 0.01, mask2 ratio: 0.08, mask3 ratio: 0.10, mask4 ratio: 0.81
2026-01-22 17:33:51,304 - root - INFO - mask1 ratio: 0.01, mask2 ratio: 0.03, mask3 ratio: 0.10, mask4 ratio: 0.87
2026-01-22 17:33:51,514 - root - INFO - mask1 ratio: 0.00, mask2 ratio: 0.03, mask3 ratio: 0.10, mask4 ratio: 0.86
2026-01-22 17:33:51,725 - root - INFO - mask1 ratio: 0.01, mask2 ratio: 0.09, mask3 ratio: 0.10, mask4 ratio: 0.80
2026-01-22 17:33:51,939 - root - INFO - mask1 ratio: 0.00, mask2 ratio: 0.02, mask3 ratio: 0.10, mask4 ratio: 0.88
2026-01-22 17:33:52,154 - root - INFO - mask1 ratio: 0.01, mask2 ratio: 0.07, mask3 ratio: 0.10, mask4 ratio: 0.82
2026-01-22 17:33:52,366 - root - INFO - mask1 ratio: 0.02, mask2 ratio: 0.16, mask3 ratio: 0.10, mask4 ratio: 0.72
2026-01-22 17:33:52,575 - root - INFO - mask1 ratio: 0.01, mask2 ratio: 0.04, mask3 ratio: 0.10, mask4 ratio: 0.85
2026-01-22 17:33:52,601 - root - INFO - time 4.39
2026-01-22 17:33:52,605 - root - INFO - 0 fc1
2026-01-22 17:33:52,605 - root - INFO - Quantizing ...
2026-01-22 17:33:52,871 - root - INFO - mask1 ratio: 0.04, mask2 ratio: 0.32, mask3 ratio: 0.10, mask4 ratio: 0.55
2026-01-22 17:33:53,159 - root - INFO - mask1 ratio: 0.03, mask2 ratio: 0.27, mask3 ratio: 0.10, mask4 ratio: 0.60
2026-01-22 17:33:53,441 - root - INFO - mask1 ratio: 0.01, mask2 ratio: 0.00, mask3 ratio: 0.10, mask4 ratio: 0.88
2026-01-22 17:33:53,726 - root - INFO - mask1 ratio: 0.02, mask2 ratio: 0.17, mask3 ratio: 0.10, mask4 ratio: 0.71
2026-01-22 17:33:54,049 - root - INFO - mask1 ratio: 0.04, mask2 ratio: 0.32, mask3 ratio: 0.10, mask4 ratio: 0.54
2026-01-22 17:33:54,390 - root - INFO - mask1 ratio: 0.03, mask2 ratio: 0.26, mask3 ratio: 0.10, mask4 ratio: 0.61
2026-01-22 17:33:54,678 - root - INFO - mask1 ratio: 0.03, mask2 ratio: 0.26, mask3 ratio: 0.10, mask4 ratio: 0.61
2026-01-22 17:33:54,965 - root - INFO - mask1 ratio: 0.04, mask2 ratio: 0.32, mask3 ratio: 0.10, mask4 ratio: 0.55
2026-01-22 17:33:55,255 - root - INFO - mask1 ratio: 0.04, mask2 ratio: 0.33, mask3 ratio: 0.10, mask4 ratio: 0.53
2026-01-22 17:33:55,542 - root - INFO - mask1 ratio: 0.04, mask2 ratio: 0.32, mask3 ratio: 0.10, mask4 ratio: 0.55
2026-01-22 17:33:55,827 - root - INFO - mask1 ratio: 0.03, mask2 ratio: 0.23, mask3 ratio: 0.10, mask4 ratio: 0.64
2026-01-22 17:33:56,111 - root - INFO - mask1 ratio: 0.01, mask2 ratio: 0.02, mask3 ratio: 0.10, mask4 ratio: 0.88
2026-01-22 17:33:56,394 - root - INFO - mask1 ratio: 0.01, mask2 ratio: 0.02, mask3 ratio: 0.10, mask4 ratio: 0.88
2026-01-22 17:33:56,679 - root - INFO - mask1 ratio: 0.03, mask2 ratio: 0.25, mask3 ratio: 0.10, mask4 ratio: 0.62
2026-01-22 17:33:56,963 - root - INFO - mask1 ratio: 0.01, mask2 ratio: 0.05, mask3 ratio: 0.10, mask4 ratio: 0.84
2026-01-22 17:33:57,251 - root - INFO - mask1 ratio: 0.04, mask2 ratio: 0.34, mask3 ratio: 0.10, mask4 ratio: 0.53
2026-01-22 17:33:57,540 - root - INFO - mask1 ratio: 0.03, mask2 ratio: 0.25, mask3 ratio: 0.10, mask4 ratio: 0.62
2026-01-22 17:33:57,825 - root - INFO - mask1 ratio: 0.03, mask2 ratio: 0.25, mask3 ratio: 0.10, mask4 ratio: 0.63
2026-01-22 17:33:58,106 - root - INFO - mask1 ratio: 0.01, mask2 ratio: 0.06, mask3 ratio: 0.10, mask4 ratio: 0.83
2026-01-22 17:33:58,388 - root - INFO - mask1 ratio: 0.00, mask2 ratio: 0.03, mask3 ratio: 0.10, mask4 ratio: 0.87
2026-01-22 17:33:58,420 - root - INFO - time 5.82
2026-01-22 17:33:58,429 - root - INFO - 0 fc2
2026-01-22 17:33:58,429 - root - INFO - Quantizing ...
2026-01-22 17:33:58,792 - root - INFO - mask1 ratio: 0.01, mask2 ratio: 0.03, mask3 ratio: 0.10, mask4 ratio: 0.87
2026-01-22 17:33:59,069 - root - INFO - mask1 ratio: 0.01, mask2 ratio: 0.00, mask3 ratio: 0.10, mask4 ratio: 0.88
2026-01-22 17:33:59,283 - root - INFO - mask1 ratio: 0.01, mask2 ratio: 0.00, mask3 ratio: 0.10, mask4 ratio: 0.88
2026-01-22 17:33:59,494 - root - INFO - mask1 ratio: 0.01, mask2 ratio: 0.04, mask3 ratio: 0.10, mask4 ratio: 0.85
2026-01-22 17:33:59,706 - root - INFO - mask1 ratio: 0.01, mask2 ratio: 0.02, mask3 ratio: 0.10, mask4 ratio: 0.88
2026-01-22 17:33:59,920 - root - INFO - mask1 ratio: 0.01, mask2 ratio: 0.02, mask3 ratio: 0.10, mask4 ratio: 0.87
2026-01-22 17:34:00,132 - root - INFO - mask1 ratio: 0.01, mask2 ratio: 0.04, mask3 ratio: 0.10, mask4 ratio: 0.85
2026-01-22 17:34:00,344 - root - INFO - mask1 ratio: 0.01, mask2 ratio: 0.04, mask3 ratio: 0.10, mask4 ratio: 0.85
2026-01-22 17:34:00,555 - root - INFO - mask1 ratio: 0.01, mask2 ratio: 0.02, mask3 ratio: 0.10, mask4 ratio: 0.88
2026-01-22 17:34:00,766 - root - INFO - mask1 ratio: 0.01, mask2 ratio: 0.03, mask3 ratio: 0.10, mask4 ratio: 0.86
2026-01-22 17:34:00,976 - root - INFO - mask1 ratio: 0.01, mask2 ratio: 0.02, mask3 ratio: 0.10, mask4 ratio: 0.88
2026-01-22 17:34:01,187 - root - INFO - mask1 ratio: 0.01, mask2 ratio: 0.02, mask3 ratio: 0.10, mask4 ratio: 0.88
2026-01-22 17:34:01,402 - root - INFO - mask1 ratio: 0.01, mask2 ratio: 0.05, mask3 ratio: 0.10, mask4 ratio: 0.85
2026-01-22 17:34:01,612 - root - INFO - mask1 ratio: 0.00, mask2 ratio: 0.02, mask3 ratio: 0.10, mask4 ratio: 0.88
2026-01-22 17:34:01,823 - root - INFO - mask1 ratio: 0.01, mask2 ratio: 0.00, mask3 ratio: 0.10, mask4 ratio: 0.88
2026-01-22 17:34:02,035 - root - INFO - mask1 ratio: 0.01, mask2 ratio: 0.06, mask3 ratio: 0.10, mask4 ratio: 0.83
2026-01-22 17:34:02,247 - root - INFO - mask1 ratio: 0.01, mask2 ratio: 0.02, mask3 ratio: 0.10, mask4 ratio: 0.87
2026-01-22 17:34:02,459 - root - INFO - mask1 ratio: 0.02, mask2 ratio: 0.02, mask3 ratio: 0.10, mask4 ratio: 0.86
2026-01-22 17:34:02,671 - root - INFO - mask1 ratio: 0.01, mask2 ratio: 0.00, mask3 ratio: 0.10, mask4 ratio: 0.88
2026-01-22 17:34:02,882 - root - INFO - mask1 ratio: 0.01, mask2 ratio: 0.00, mask3 ratio: 0.10, mask4 ratio: 0.88
2026-01-22 17:34:03,094 - root - INFO - mask1 ratio: 0.01, mask2 ratio: 0.02, mask3 ratio: 0.10, mask4 ratio: 0.87
2026-01-22 17:34:03,306 - root - INFO - mask1 ratio: 0.01, mask2 ratio: 0.03, mask3 ratio: 0.10, mask4 ratio: 0.87
2026-01-22 17:34:03,518 - root - INFO - mask1 ratio: 0.01, mask2 ratio: 0.02, mask3 ratio: 0.10, mask4 ratio: 0.87
2026-01-22 17:34:03,729 - root - INFO - mask1 ratio: 0.01, mask2 ratio: 0.02, mask3 ratio: 0.10, mask4 ratio: 0.88
2026-01-22 17:34:03,941 - root - INFO - mask1 ratio: 0.00, mask2 ratio: 0.02, mask3 ratio: 0.10, mask4 ratio: 0.88
2026-01-22 17:34:04,182 - root - INFO - mask1 ratio: 0.01, mask2 ratio: 0.03, mask3 ratio: 0.10, mask4 ratio: 0.86
2026-01-22 17:34:04,452 - root - INFO - mask1 ratio: 0.01, mask2 ratio: 0.02, mask3 ratio: 0.10, mask4 ratio: 0.87
2026-01-22 17:34:04,663 - root - INFO - mask1 ratio: 0.01, mask2 ratio: 0.03, mask3 ratio: 0.10, mask4 ratio: 0.86
2026-01-22 17:34:04,875 - root - INFO - mask1 ratio: 0.01, mask2 ratio: 0.03, mask3 ratio: 0.10, mask4 ratio: 0.86
2026-01-22 17:34:05,087 - root - INFO - mask1 ratio: 0.01, mask2 ratio: 0.05, mask3 ratio: 0.10, mask4 ratio: 0.85
2026-01-22 17:34:05,298 - root - INFO - mask1 ratio: 0.01, mask2 ratio: 0.00, mask3 ratio: 0.10, mask4 ratio: 0.88
2026-01-22 17:34:05,510 - root - INFO - mask1 ratio: 0.00, mask2 ratio: 0.02, mask3 ratio: 0.10, mask4 ratio: 0.88
2026-01-22 17:34:05,721 - root - INFO - mask1 ratio: 0.01, mask2 ratio: 0.00, mask3 ratio: 0.10, mask4 ratio: 0.88
2026-01-22 17:34:05,931 - root - INFO - mask1 ratio: 0.01, mask2 ratio: 0.02, mask3 ratio: 0.10, mask4 ratio: 0.88
2026-01-22 17:34:06,142 - root - INFO - mask1 ratio: 0.01, mask2 ratio: 0.04, mask3 ratio: 0.10, mask4 ratio: 0.85
2026-01-22 17:34:06,352 - root - INFO - mask1 ratio: 0.01, mask2 ratio: 0.00, mask3 ratio: 0.10, mask4 ratio: 0.88
2026-01-22 17:34:06,564 - root - INFO - mask1 ratio: 0.00, mask2 ratio: 0.02, mask3 ratio: 0.10, mask4 ratio: 0.88
2026-01-22 17:34:06,774 - root - INFO - mask1 ratio: 0.01, mask2 ratio: 0.02, mask3 ratio: 0.10, mask4 ratio: 0.88
2026-01-22 17:34:06,985 - root - INFO - mask1 ratio: 0.01, mask2 ratio: 0.00, mask3 ratio: 0.10, mask4 ratio: 0.88
2026-01-22 17:34:07,196 - root - INFO - mask1 ratio: 0.01, mask2 ratio: 0.02, mask3 ratio: 0.10, mask4 ratio: 0.87
2026-01-22 17:34:07,408 - root - INFO - mask1 ratio: 0.01, mask2 ratio: 0.03, mask3 ratio: 0.10, mask4 ratio: 0.86
2026-01-22 17:34:07,620 - root - INFO - mask1 ratio: 0.01, mask2 ratio: 0.03, mask3 ratio: 0.10, mask4 ratio: 0.86
2026-01-22 17:34:07,837 - root - INFO - mask1 ratio: 0.01, mask2 ratio: 0.04, mask3 ratio: 0.10, mask4 ratio: 0.85
2026-01-22 17:34:08,059 - root - INFO - mask1 ratio: 0.01, mask2 ratio: 0.02, mask3 ratio: 0.10, mask4 ratio: 0.88
2026-01-22 17:34:08,281 - root - INFO - mask1 ratio: 0.00, mask2 ratio: 0.02, mask3 ratio: 0.10, mask4 ratio: 0.88
2026-01-22 17:34:08,502 - root - INFO - mask1 ratio: 0.01, mask2 ratio: 0.00, mask3 ratio: 0.10, mask4 ratio: 0.88
2026-01-22 17:34:08,720 - root - INFO - mask1 ratio: 0.01, mask2 ratio: 0.00, mask3 ratio: 0.10, mask4 ratio: 0.88
2026-01-22 17:34:08,930 - root - INFO - mask1 ratio: 0.01, mask2 ratio: 0.02, mask3 ratio: 0.10, mask4 ratio: 0.88
2026-01-22 17:34:09,140 - root - INFO - mask1 ratio: 0.01, mask2 ratio: 0.03, mask3 ratio: 0.10, mask4 ratio: 0.86
2026-01-22 17:34:09,352 - root - INFO - mask1 ratio: 0.00, mask2 ratio: 0.02, mask3 ratio: 0.10, mask4 ratio: 0.88
2026-01-22 17:34:09,619 - root - INFO - mask1 ratio: 0.01, mask2 ratio: 0.02, mask3 ratio: 0.10, mask4 ratio: 0.87
2026-01-22 17:34:09,906 - root - INFO - mask1 ratio: 0.01, mask2 ratio: 0.00, mask3 ratio: 0.10, mask4 ratio: 0.88
2026-01-22 17:34:10,117 - root - INFO - mask1 ratio: 0.01, mask2 ratio: 0.06, mask3 ratio: 0.10, mask4 ratio: 0.83
2026-01-22 17:34:10,327 - root - INFO - mask1 ratio: 0.01, mask2 ratio: 0.02, mask3 ratio: 0.10, mask4 ratio: 0.88
2026-01-22 17:34:10,538 - root - INFO - mask1 ratio: 0.01, mask2 ratio: 0.02, mask3 ratio: 0.10, mask4 ratio: 0.88
2026-01-22 17:34:10,750 - root - INFO - mask1 ratio: 0.01, mask2 ratio: 0.00, mask3 ratio: 0.10, mask4 ratio: 0.88
2026-01-22 17:34:10,962 - root - INFO - mask1 ratio: 0.01, mask2 ratio: 0.02, mask3 ratio: 0.10, mask4 ratio: 0.87
2026-01-22 17:34:11,173 - root - INFO - mask1 ratio: 0.01, mask2 ratio: 0.00, mask3 ratio: 0.10, mask4 ratio: 0.88
2026-01-22 17:34:11,384 - root - INFO - mask1 ratio: 0.01, mask2 ratio: 0.02, mask3 ratio: 0.10, mask4 ratio: 0.87
2026-01-22 17:34:11,595 - root - INFO - mask1 ratio: 0.01, mask2 ratio: 0.02, mask3 ratio: 0.10, mask4 ratio: 0.88
2026-01-22 17:34:11,807 - root - INFO - mask1 ratio: 0.01, mask2 ratio: 0.04, mask3 ratio: 0.10, mask4 ratio: 0.85
2026-01-22 17:34:12,018 - root - INFO - mask1 ratio: 0.01, mask2 ratio: 0.02, mask3 ratio: 0.10, mask4 ratio: 0.87
2026-01-22 17:34:12,229 - root - INFO - mask1 ratio: 0.01, mask2 ratio: 0.03, mask3 ratio: 0.10, mask4 ratio: 0.86
2026-01-22 17:34:12,441 - root - INFO - mask1 ratio: 0.00, mask2 ratio: 0.02, mask3 ratio: 0.10, mask4 ratio: 0.88
2026-01-22 17:34:12,652 - root - INFO - mask1 ratio: 0.01, mask2 ratio: 0.03, mask3 ratio: 0.10, mask4 ratio: 0.86
2026-01-22 17:34:12,864 - root - INFO - mask1 ratio: 0.01, mask2 ratio: 0.00, mask3 ratio: 0.10, mask4 ratio: 0.88
2026-01-22 17:34:13,074 - root - INFO - mask1 ratio: 0.01, mask2 ratio: 0.00, mask3 ratio: 0.10, mask4 ratio: 0.88
2026-01-22 17:34:13,286 - root - INFO - mask1 ratio: 0.01, mask2 ratio: 0.04, mask3 ratio: 0.10, mask4 ratio: 0.85
2026-01-22 17:34:13,498 - root - INFO - mask1 ratio: 0.01, mask2 ratio: 0.04, mask3 ratio: 0.10, mask4 ratio: 0.85
2026-01-22 17:34:13,710 - root - INFO - mask1 ratio: 0.01, mask2 ratio: 0.04, mask3 ratio: 0.10, mask4 ratio: 0.85
2026-01-22 17:34:13,922 - root - INFO - mask1 ratio: 0.01, mask2 ratio: 0.04, mask3 ratio: 0.10, mask4 ratio: 0.85
2026-01-22 17:34:14,133 - root - INFO - mask1 ratio: 0.01, mask2 ratio: 0.03, mask3 ratio: 0.10, mask4 ratio: 0.87
2026-01-22 17:34:14,345 - root - INFO - mask1 ratio: 0.01, mask2 ratio: 0.03, mask3 ratio: 0.10, mask4 ratio: 0.86
2026-01-22 17:34:14,556 - root - INFO - mask1 ratio: 0.01, mask2 ratio: 0.02, mask3 ratio: 0.10, mask4 ratio: 0.88
2026-01-22 17:34:14,768 - root - INFO - mask1 ratio: 0.00, mask2 ratio: 0.02, mask3 ratio: 0.10, mask4 ratio: 0.88
2026-01-22 17:34:15,007 - root - INFO - mask1 ratio: 0.01, mask2 ratio: 0.02, mask3 ratio: 0.10, mask4 ratio: 0.88
2026-01-22 17:34:15,279 - root - INFO - mask1 ratio: 0.01, mask2 ratio: 0.02, mask3 ratio: 0.10, mask4 ratio: 0.88
2026-01-22 17:34:15,489 - root - INFO - mask1 ratio: 0.01, mask2 ratio: 0.06, mask3 ratio: 0.10, mask4 ratio: 0.83
2026-01-22 17:34:15,699 - root - INFO - mask1 ratio: 0.01, mask2 ratio: 0.00, mask3 ratio: 0.10, mask4 ratio: 0.88
2026-01-22 17:34:15,910 - root - INFO - mask1 ratio: 0.00, mask2 ratio: 0.02, mask3 ratio: 0.10, mask4 ratio: 0.88
2026-01-22 17:34:15,937 - root - INFO - time 17.51
2026-01-22 17:34:17,990 - root - INFO - 1 self_attn.k_proj
2026-01-22 17:34:17,990 - root - INFO - Quantizing ...
2026-01-22 17:34:18,572 - root - INFO - mask1 ratio: 0.00, mask2 ratio: 0.03, mask3 ratio: 0.10, mask4 ratio: 0.87
2026-01-22 17:34:18,807 - root - INFO - mask1 ratio: 0.01, mask2 ratio: 0.02, mask3 ratio: 0.10, mask4 ratio: 0.88
2026-01-22 17:34:19,019 - root - INFO - mask1 ratio: 0.01, mask2 ratio: 0.00, mask3 ratio: 0.10, mask4 ratio: 0.88
2026-01-22 17:34:19,229 - root - INFO - mask1 ratio: 0.01, mask2 ratio: 0.04, mask3 ratio: 0.10, mask4 ratio: 0.85
2026-01-22 17:34:19,440 - root - INFO - mask1 ratio: 0.03, mask2 ratio: 0.27, mask3 ratio: 0.10, mask4 ratio: 0.60
2026-01-22 17:34:19,651 - root - INFO - mask1 ratio: 0.01, mask2 ratio: 0.03, mask3 ratio: 0.10, mask4 ratio: 0.86
2026-01-22 17:34:19,863 - root - INFO - mask1 ratio: 0.01, mask2 ratio: 0.03, mask3 ratio: 0.10, mask4 ratio: 0.86
2026-01-22 17:34:20,074 - root - INFO - mask1 ratio: 0.01, mask2 ratio: 0.02, mask3 ratio: 0.10, mask4 ratio: 0.87
2026-01-22 17:34:20,284 - root - INFO - mask1 ratio: 0.01, mask2 ratio: 0.00, mask3 ratio: 0.10, mask4 ratio: 0.88
2026-01-22 17:34:20,494 - root - INFO - mask1 ratio: 0.01, mask2 ratio: 0.06, mask3 ratio: 0.10, mask4 ratio: 0.83
2026-01-22 17:34:20,703 - root - INFO - mask1 ratio: 0.01, mask2 ratio: 0.04, mask3 ratio: 0.10, mask4 ratio: 0.85
2026-01-22 17:34:20,914 - root - INFO - mask1 ratio: 0.01, mask2 ratio: 0.00, mask3 ratio: 0.10, mask4 ratio: 0.88
2026-01-22 17:34:21,125 - root - INFO - mask1 ratio: 0.01, mask2 ratio: 0.00, mask3 ratio: 0.10, mask4 ratio: 0.88
2026-01-22 17:34:21,335 - root - INFO - mask1 ratio: 0.01, mask2 ratio: 0.02, mask3 ratio: 0.10, mask4 ratio: 0.87
2026-01-22 17:34:21,545 - root - INFO - mask1 ratio: 0.00, mask2 ratio: 0.02, mask3 ratio: 0.10, mask4 ratio: 0.88
2026-01-22 17:34:21,755 - root - INFO - mask1 ratio: 0.01, mask2 ratio: 0.04, mask3 ratio: 0.10, mask4 ratio: 0.85
2026-01-22 17:34:21,965 - root - INFO - mask1 ratio: 0.01, mask2 ratio: 0.03, mask3 ratio: 0.10, mask4 ratio: 0.86
2026-01-22 17:34:22,175 - root - INFO - mask1 ratio: 0.01, mask2 ratio: 0.04, mask3 ratio: 0.10, mask4 ratio: 0.85
2026-01-22 17:34:22,525 - root - INFO - mask1 ratio: 0.00, mask2 ratio: 0.03, mask3 ratio: 0.10, mask4 ratio: 0.87
2026-01-22 17:34:22,735 - root - INFO - mask1 ratio: 0.01, mask2 ratio: 0.02, mask3 ratio: 0.10, mask4 ratio: 0.88
2026-01-22 17:34:22,761 - root - INFO - time 4.77
2026-01-22 17:34:22,773 - root - INFO - 1 self_attn.v_proj
2026-01-22 17:34:22,773 - root - INFO - Quantizing ...
2026-01-22 17:34:22,966 - root - INFO - mask1 ratio: 0.00, mask2 ratio: 0.02, mask3 ratio: 0.10, mask4 ratio: 0.88
2026-01-22 17:34:23,177 - root - INFO - mask1 ratio: 0.01, mask2 ratio: 0.03, mask3 ratio: 0.10, mask4 ratio: 0.87
2026-01-22 17:34:23,388 - root - INFO - mask1 ratio: 0.01, mask2 ratio: 0.00, mask3 ratio: 0.10, mask4 ratio: 0.88
2026-01-22 17:34:23,599 - root - INFO - mask1 ratio: 0.03, mask2 ratio: 0.25, mask3 ratio: 0.10, mask4 ratio: 0.63
2026-01-22 17:34:23,810 - root - INFO - mask1 ratio: 0.02, mask2 ratio: 0.12, mask3 ratio: 0.10, mask4 ratio: 0.76
2026-01-22 17:34:24,021 - root - INFO - mask1 ratio: 0.01, mask2 ratio: 0.09, mask3 ratio: 0.10, mask4 ratio: 0.80
2026-01-22 17:34:24,232 - root - INFO - mask1 ratio: 0.00, mask2 ratio: 0.03, mask3 ratio: 0.10, mask4 ratio: 0.87
2026-01-22 17:34:24,443 - root - INFO - mask1 ratio: 0.01, mask2 ratio: 0.03, mask3 ratio: 0.10, mask4 ratio: 0.86
2026-01-22 17:34:24,652 - root - INFO - mask1 ratio: 0.00, mask2 ratio: 0.03, mask3 ratio: 0.10, mask4 ratio: 0.87
2026-01-22 17:34:24,862 - root - INFO - mask1 ratio: 0.01, mask2 ratio: 0.04, mask3 ratio: 0.10, mask4 ratio: 0.85
2026-01-22 17:34:25,074 - root - INFO - mask1 ratio: 0.01, mask2 ratio: 0.03, mask3 ratio: 0.10, mask4 ratio: 0.87
2026-01-22 17:34:25,285 - root - INFO - mask1 ratio: 0.01, mask2 ratio: 0.00, mask3 ratio: 0.10, mask4 ratio: 0.88
2026-01-22 17:34:25,495 - root - INFO - mask1 ratio: 0.01, mask2 ratio: 0.02, mask3 ratio: 0.10, mask4 ratio: 0.88
2026-01-22 17:34:25,706 - root - INFO - mask1 ratio: 0.03, mask2 ratio: 0.28, mask3 ratio: 0.10, mask4 ratio: 0.59
2026-01-22 17:34:25,917 - root - INFO - mask1 ratio: 0.01, mask2 ratio: 0.06, mask3 ratio: 0.10, mask4 ratio: 0.83
2026-01-22 17:34:26,128 - root - INFO - mask1 ratio: 0.01, mask2 ratio: 0.03, mask3 ratio: 0.10, mask4 ratio: 0.86
2026-01-22 17:34:26,339 - root - INFO - mask1 ratio: 0.00, mask2 ratio: 0.03, mask3 ratio: 0.10, mask4 ratio: 0.86
2026-01-22 17:34:26,550 - root - INFO - mask1 ratio: 0.02, mask2 ratio: 0.11, mask3 ratio: 0.10, mask4 ratio: 0.78
2026-01-22 17:34:26,760 - root - INFO - mask1 ratio: 0.00, mask2 ratio: 0.02, mask3 ratio: 0.10, mask4 ratio: 0.88
2026-01-22 17:34:26,971 - root - INFO - mask1 ratio: 0.00, mask2 ratio: 0.03, mask3 ratio: 0.10, mask4 ratio: 0.87
2026-01-22 17:34:26,998 - root - INFO - time 4.22
2026-01-22 17:34:27,001 - root - INFO - 1 self_attn.q_proj
2026-01-22 17:34:27,001 - root - INFO - Quantizing ...
2026-01-22 17:34:27,192 - root - INFO - mask1 ratio: 0.01, mask2 ratio: 0.02, mask3 ratio: 0.10, mask4 ratio: 0.87
2026-01-22 17:34:27,402 - root - INFO - mask1 ratio: 0.01, mask2 ratio: 0.00, mask3 ratio: 0.10, mask4 ratio: 0.88
2026-01-22 17:34:27,613 - root - INFO - mask1 ratio: 0.01, mask2 ratio: 0.00, mask3 ratio: 0.10, mask4 ratio: 0.88
2026-01-22 17:34:27,916 - root - INFO - mask1 ratio: 0.01, mask2 ratio: 0.03, mask3 ratio: 0.10, mask4 ratio: 0.86
2026-01-22 17:34:28,130 - root - INFO - mask1 ratio: 0.03, mask2 ratio: 0.21, mask3 ratio: 0.10, mask4 ratio: 0.66
2026-01-22 17:34:28,342 - root - INFO - mask1 ratio: 0.02, mask2 ratio: 0.06, mask3 ratio: 0.10, mask4 ratio: 0.82
2026-01-22 17:34:28,552 - root - INFO - mask1 ratio: 0.01, mask2 ratio: 0.03, mask3 ratio: 0.10, mask4 ratio: 0.86
2026-01-22 17:34:28,761 - root - INFO - mask1 ratio: 0.01, mask2 ratio: 0.02, mask3 ratio: 0.10, mask4 ratio: 0.87
2026-01-22 17:34:28,970 - root - INFO - mask1 ratio: 0.01, mask2 ratio: 0.02, mask3 ratio: 0.10, mask4 ratio: 0.88
2026-01-22 17:34:29,181 - root - INFO - mask1 ratio: 0.01, mask2 ratio: 0.03, mask3 ratio: 0.10, mask4 ratio: 0.86
2026-01-22 17:34:29,391 - root - INFO - mask1 ratio: 0.01, mask2 ratio: 0.04, mask3 ratio: 0.10, mask4 ratio: 0.85
2026-01-22 17:34:29,601 - root - INFO - mask1 ratio: 0.01, mask2 ratio: 0.00, mask3 ratio: 0.10, mask4 ratio: 0.88
2026-01-22 17:34:29,810 - root - INFO - mask1 ratio: 0.01, mask2 ratio: 0.00, mask3 ratio: 0.10, mask4 ratio: 0.88
2026-01-22 17:34:30,019 - root - INFO - mask1 ratio: 0.01, mask2 ratio: 0.02, mask3 ratio: 0.10, mask4 ratio: 0.87
2026-01-22 17:34:30,230 - root - INFO - mask1 ratio: 0.01, mask2 ratio: 0.02, mask3 ratio: 0.10, mask4 ratio: 0.88
2026-01-22 17:34:30,440 - root - INFO - mask1 ratio: 0.01, mask2 ratio: 0.02, mask3 ratio: 0.10, mask4 ratio: 0.88
2026-01-22 17:34:30,650 - root - INFO - mask1 ratio: 0.01, mask2 ratio: 0.04, mask3 ratio: 0.10, mask4 ratio: 0.85
2026-01-22 17:34:30,859 - root - INFO - mask1 ratio: 0.01, mask2 ratio: 0.02, mask3 ratio: 0.10, mask4 ratio: 0.87
2026-01-22 17:34:31,070 - root - INFO - mask1 ratio: 0.01, mask2 ratio: 0.02, mask3 ratio: 0.10, mask4 ratio: 0.87
2026-01-22 17:34:31,283 - root - INFO - mask1 ratio: 0.01, mask2 ratio: 0.02, mask3 ratio: 0.10, mask4 ratio: 0.88
2026-01-22 17:34:31,309 - root - INFO - time 4.31
2026-01-22 17:34:31,313 - root - INFO - 1 self_attn.out_proj
2026-01-22 17:34:31,313 - root - INFO - Quantizing ...
2026-01-22 17:34:31,505 - root - INFO - mask1 ratio: 0.04, mask2 ratio: 0.32, mask3 ratio: 0.10, mask4 ratio: 0.54
2026-01-22 17:34:31,716 - root - INFO - mask1 ratio: 0.01, mask2 ratio: 0.00, mask3 ratio: 0.10, mask4 ratio: 0.88
2026-01-22 17:34:31,926 - root - INFO - mask1 ratio: 0.04, mask2 ratio: 0.31, mask3 ratio: 0.10, mask4 ratio: 0.55
2026-01-22 17:34:32,148 - root - INFO - mask1 ratio: 0.01, mask2 ratio: 0.00, mask3 ratio: 0.10, mask4 ratio: 0.88
2026-01-22 17:34:32,382 - root - INFO - mask1 ratio: 0.00, mask2 ratio: 0.02, mask3 ratio: 0.10, mask4 ratio: 0.88
2026-01-22 17:34:32,593 - root - INFO - mask1 ratio: 0.01, mask2 ratio: 0.00, mask3 ratio: 0.10, mask4 ratio: 0.88
2026-01-22 17:34:32,803 - root - INFO - mask1 ratio: 0.00, mask2 ratio: 0.02, mask3 ratio: 0.10, mask4 ratio: 0.88
2026-01-22 17:34:33,044 - root - INFO - mask1 ratio: 0.01, mask2 ratio: 0.00, mask3 ratio: 0.10, mask4 ratio: 0.88
2026-01-22 17:34:33,357 - root - INFO - mask1 ratio: 0.03, mask2 ratio: 0.13, mask3 ratio: 0.10, mask4 ratio: 0.74
2026-01-22 17:34:33,568 - root - INFO - mask1 ratio: 0.02, mask2 ratio: 0.05, mask3 ratio: 0.10, mask4 ratio: 0.83
2026-01-22 17:34:33,779 - root - INFO - mask1 ratio: 0.00, mask2 ratio: 0.02, mask3 ratio: 0.10, mask4 ratio: 0.88
2026-01-22 17:34:33,991 - root - INFO - mask1 ratio: 0.01, mask2 ratio: 0.00, mask3 ratio: 0.11, mask4 ratio: 0.87
2026-01-22 17:34:34,202 - root - INFO - mask1 ratio: 0.01, mask2 ratio: 0.02, mask3 ratio: 0.10, mask4 ratio: 0.88
2026-01-22 17:34:34,414 - root - INFO - mask1 ratio: 0.01, mask2 ratio: 0.03, mask3 ratio: 0.10, mask4 ratio: 0.87
2026-01-22 17:34:34,626 - root - INFO - mask1 ratio: 0.00, mask2 ratio: 0.02, mask3 ratio: 0.10, mask4 ratio: 0.88
2026-01-22 17:34:34,837 - root - INFO - mask1 ratio: 0.01, mask2 ratio: 0.00, mask3 ratio: 0.10, mask4 ratio: 0.88
2026-01-22 17:34:35,047 - root - INFO - mask1 ratio: 0.00, mask2 ratio: 0.02, mask3 ratio: 0.10, mask4 ratio: 0.88
2026-01-22 17:34:35,258 - root - INFO - mask1 ratio: 0.02, mask2 ratio: 0.15, mask3 ratio: 0.10, mask4 ratio: 0.74
2026-01-22 17:34:35,469 - root - INFO - mask1 ratio: 0.00, mask2 ratio: 0.02, mask3 ratio: 0.10, mask4 ratio: 0.88
2026-01-22 17:34:35,683 - root - INFO - mask1 ratio: 0.00, mask2 ratio: 0.03, mask3 ratio: 0.10, mask4 ratio: 0.86
2026-01-22 17:34:35,709 - root - INFO - time 4.40
2026-01-22 17:34:35,713 - root - INFO - 1 fc1
2026-01-22 17:34:35,713 - root - INFO - Quantizing ...
2026-01-22 17:34:35,973 - root - INFO - mask1 ratio: 0.00, mask2 ratio: 0.04, mask3 ratio: 0.10, mask4 ratio: 0.85
2026-01-22 17:34:36,259 - root - INFO - mask1 ratio: 0.01, mask2 ratio: 0.11, mask3 ratio: 0.10, mask4 ratio: 0.78
2026-01-22 17:34:36,546 - root - INFO - mask1 ratio: 0.01, mask2 ratio: 0.02, mask3 ratio: 0.10, mask4 ratio: 0.88
2026-01-22 17:34:36,832 - root - INFO - mask1 ratio: 0.02, mask2 ratio: 0.16, mask3 ratio: 0.10, mask4 ratio: 0.72
2026-01-22 17:34:37,118 - root - INFO - mask1 ratio: 0.02, mask2 ratio: 0.19, mask3 ratio: 0.10, mask4 ratio: 0.69
2026-01-22 17:34:37,406 - root - INFO - mask1 ratio: 0.02, mask2 ratio: 0.21, mask3 ratio: 0.10, mask4 ratio: 0.67
2026-01-22 17:34:37,694 - root - INFO - mask1 ratio: 0.03, mask2 ratio: 0.26, mask3 ratio: 0.10, mask4 ratio: 0.61
2026-01-22 17:34:37,978 - root - INFO - mask1 ratio: 0.01, mask2 ratio: 0.12, mask3 ratio: 0.10, mask4 ratio: 0.77
2026-01-22 17:34:38,346 - root - INFO - mask1 ratio: 0.01, mask2 ratio: 0.03, mask3 ratio: 0.10, mask4 ratio: 0.87
2026-01-22 17:34:38,635 - root - INFO - mask1 ratio: 0.03, mask2 ratio: 0.24, mask3 ratio: 0.10, mask4 ratio: 0.63
2026-01-22 17:34:38,923 - root - INFO - mask1 ratio: 0.02, mask2 ratio: 0.15, mask3 ratio: 0.10, mask4 ratio: 0.74
2026-01-22 17:34:39,206 - root - INFO - mask1 ratio: 0.01, mask2 ratio: 0.00, mask3 ratio: 0.10, mask4 ratio: 0.88
2026-01-22 17:34:39,490 - root - INFO - mask1 ratio: 0.00, mask2 ratio: 0.02, mask3 ratio: 0.10, mask4 ratio: 0.88
2026-01-22 17:34:39,776 - root - INFO - mask1 ratio: 0.02, mask2 ratio: 0.15, mask3 ratio: 0.10, mask4 ratio: 0.73
2026-01-22 17:34:40,060 - root - INFO - mask1 ratio: 0.01, mask2 ratio: 0.04, mask3 ratio: 0.10, mask4 ratio: 0.85
2026-01-22 17:34:40,344 - root - INFO - mask1 ratio: 0.02, mask2 ratio: 0.19, mask3 ratio: 0.10, mask4 ratio: 0.69
2026-01-22 17:34:40,632 - root - INFO - mask1 ratio: 0.02, mask2 ratio: 0.16, mask3 ratio: 0.10, mask4 ratio: 0.72
2026-01-22 17:34:40,918 - root - INFO - mask1 ratio: 0.03, mask2 ratio: 0.23, mask3 ratio: 0.10, mask4 ratio: 0.65
2026-01-22 17:34:41,205 - root - INFO - mask1 ratio: 0.02, mask2 ratio: 0.17, mask3 ratio: 0.10, mask4 ratio: 0.71
2026-01-22 17:34:41,489 - root - INFO - mask1 ratio: 0.01, mask2 ratio: 0.06, mask3 ratio: 0.10, mask4 ratio: 0.84
2026-01-22 17:34:41,522 - root - INFO - time 5.81
2026-01-22 17:34:41,531 - root - INFO - 1 fc2
2026-01-22 17:34:41,531 - root - INFO - Quantizing ...
2026-01-22 17:34:41,827 - root - INFO - mask1 ratio: 0.01, mask2 ratio: 0.03, mask3 ratio: 0.10, mask4 ratio: 0.86
2026-01-22 17:34:42,034 - root - INFO - mask1 ratio: 0.01, mask2 ratio: 0.00, mask3 ratio: 0.10, mask4 ratio: 0.88
2026-01-22 17:34:42,244 - root - INFO - mask1 ratio: 0.00, mask2 ratio: 0.02, mask3 ratio: 0.10, mask4 ratio: 0.88
2026-01-22 17:34:42,453 - root - INFO - mask1 ratio: 0.01, mask2 ratio: 0.00, mask3 ratio: 0.10, mask4 ratio: 0.88
2026-01-22 17:34:42,662 - root - INFO - mask1 ratio: 0.01, mask2 ratio: 0.00, mask3 ratio: 0.10, mask4 ratio: 0.88
2026-01-22 17:34:42,870 - root - INFO - mask1 ratio: 0.01, mask2 ratio: 0.02, mask3 ratio: 0.10, mask4 ratio: 0.88
2026-01-22 17:34:43,148 - root - INFO - mask1 ratio: 0.01, mask2 ratio: 0.07, mask3 ratio: 0.10, mask4 ratio: 0.81
2026-01-22 17:34:43,419 - root - INFO - mask1 ratio: 0.01, mask2 ratio: 0.02, mask3 ratio: 0.10, mask4 ratio: 0.88
2026-01-22 17:34:43,629 - root - INFO - mask1 ratio: 0.01, mask2 ratio: 0.02, mask3 ratio: 0.10, mask4 ratio: 0.88
2026-01-22 17:34:43,838 - root - INFO - mask1 ratio: 0.01, mask2 ratio: 0.03, mask3 ratio: 0.10, mask4 ratio: 0.87
2026-01-22 17:34:44,048 - root - INFO - mask1 ratio: 0.00, mask2 ratio: 0.02, mask3 ratio: 0.10, mask4 ratio: 0.88
2026-01-22 17:34:44,257 - root - INFO - mask1 ratio: 0.01, mask2 ratio: 0.04, mask3 ratio: 0.10, mask4 ratio: 0.85
2026-01-22 17:34:44,467 - root - INFO - mask1 ratio: 0.01, mask2 ratio: 0.00, mask3 ratio: 0.10, mask4 ratio: 0.88
2026-01-22 17:34:44,678 - root - INFO - mask1 ratio: 0.01, mask2 ratio: 0.00, mask3 ratio: 0.10, mask4 ratio: 0.88
2026-01-22 17:34:44,888 - root - INFO - mask1 ratio: 0.01, mask2 ratio: 0.04, mask3 ratio: 0.10, mask4 ratio: 0.85
2026-01-22 17:34:45,097 - root - INFO - mask1 ratio: 0.03, mask2 ratio: 0.22, mask3 ratio: 0.10, mask4 ratio: 0.66
2026-01-22 17:34:45,306 - root - INFO - mask1 ratio: 0.01, mask2 ratio: 0.00, mask3 ratio: 0.10, mask4 ratio: 0.88
2026-01-22 17:34:45,517 - root - INFO - mask1 ratio: 0.01, mask2 ratio: 0.02, mask3 ratio: 0.10, mask4 ratio: 0.88
2026-01-22 17:34:45,728 - root - INFO - mask1 ratio: 0.00, mask2 ratio: 0.03, mask3 ratio: 0.10, mask4 ratio: 0.87
2026-01-22 17:34:45,939 - root - INFO - mask1 ratio: 0.01, mask2 ratio: 0.04, mask3 ratio: 0.10, mask4 ratio: 0.85
2026-01-22 17:34:46,148 - root - INFO - mask1 ratio: 0.01, mask2 ratio: 0.00, mask3 ratio: 0.10, mask4 ratio: 0.88
2026-01-22 17:34:46,356 - root - INFO - mask1 ratio: 0.01, mask2 ratio: 0.02, mask3 ratio: 0.10, mask4 ratio: 0.88
2026-01-22 17:34:46,567 - root - INFO - mask1 ratio: 0.00, mask2 ratio: 0.02, mask3 ratio: 0.10, mask4 ratio: 0.88
2026-01-22 17:34:46,778 - root - INFO - mask1 ratio: 0.01, mask2 ratio: 0.00, mask3 ratio: 0.10, mask4 ratio: 0.88
2026-01-22 17:34:46,987 - root - INFO - mask1 ratio: 0.02, mask2 ratio: 0.07, mask3 ratio: 0.10, mask4 ratio: 0.81
2026-01-22 17:34:47,196 - root - INFO - mask1 ratio: 0.01, mask2 ratio: 0.02, mask3 ratio: 0.10, mask4 ratio: 0.88
2026-01-22 17:34:47,407 - root - INFO - mask1 ratio: 0.01, mask2 ratio: 0.00, mask3 ratio: 0.10, mask4 ratio: 0.88
2026-01-22 17:34:47,618 - root - INFO - mask1 ratio: 0.01, mask2 ratio: 0.00, mask3 ratio: 0.10, mask4 ratio: 0.88
2026-01-22 17:34:47,836 - root - INFO - mask1 ratio: 0.01, mask2 ratio: 0.02, mask3 ratio: 0.10, mask4 ratio: 0.88
2026-01-22 17:34:48,055 - root - INFO - mask1 ratio: 0.01, mask2 ratio: 0.03, mask3 ratio: 0.10, mask4 ratio: 0.86
2026-01-22 17:34:48,275 - root - INFO - mask1 ratio: 0.01, mask2 ratio: 0.02, mask3 ratio: 0.10, mask4 ratio: 0.87
2026-01-22 17:34:48,493 - root - INFO - mask1 ratio: 0.01, mask2 ratio: 0.02, mask3 ratio: 0.10, mask4 ratio: 0.87
2026-01-22 17:34:48,789 - root - INFO - mask1 ratio: 0.01, mask2 ratio: 0.05, mask3 ratio: 0.10, mask4 ratio: 0.84
2026-01-22 17:34:49,015 - root - INFO - mask1 ratio: 0.01, mask2 ratio: 0.02, mask3 ratio: 0.10, mask4 ratio: 0.87
2026-01-22 17:34:49,233 - root - INFO - mask1 ratio: 0.00, mask2 ratio: 0.02, mask3 ratio: 0.10, mask4 ratio: 0.88
2026-01-22 17:34:49,448 - root - INFO - mask1 ratio: 0.01, mask2 ratio: 0.03, mask3 ratio: 0.10, mask4 ratio: 0.86
2026-01-22 17:34:49,659 - root - INFO - mask1 ratio: 0.02, mask2 ratio: 0.13, mask3 ratio: 0.10, mask4 ratio: 0.76
2026-01-22 17:34:49,869 - root - INFO - mask1 ratio: 0.01, mask2 ratio: 0.02, mask3 ratio: 0.10, mask4 ratio: 0.88
2026-01-22 17:34:50,077 - root - INFO - mask1 ratio: 0.01, mask2 ratio: 0.06, mask3 ratio: 0.10, mask4 ratio: 0.83
2026-01-22 17:34:50,285 - root - INFO - mask1 ratio: 0.01, mask2 ratio: 0.04, mask3 ratio: 0.10, mask4 ratio: 0.85
2026-01-22 17:34:50,493 - root - INFO - mask1 ratio: 0.00, mask2 ratio: 0.02, mask3 ratio: 0.10, mask4 ratio: 0.88
2026-01-22 17:34:50,702 - root - INFO - mask1 ratio: 0.01, mask2 ratio: 0.04, mask3 ratio: 0.10, mask4 ratio: 0.85
2026-01-22 17:34:50,916 - root - INFO - mask1 ratio: 0.01, mask2 ratio: 0.00, mask3 ratio: 0.10, mask4 ratio: 0.88
2026-01-22 17:34:51,125 - root - INFO - mask1 ratio: 0.01, mask2 ratio: 0.00, mask3 ratio: 0.10, mask4 ratio: 0.88
2026-01-22 17:34:51,334 - root - INFO - mask1 ratio: 0.01, mask2 ratio: 0.02, mask3 ratio: 0.10, mask4 ratio: 0.87
2026-01-22 17:34:51,542 - root - INFO - mask1 ratio: 0.01, mask2 ratio: 0.00, mask3 ratio: 0.10, mask4 ratio: 0.88
2026-01-22 17:34:51,752 - root - INFO - mask1 ratio: 0.00, mask2 ratio: 0.02, mask3 ratio: 0.10, mask4 ratio: 0.88
2026-01-22 17:34:51,971 - root - INFO - mask1 ratio: 0.01, mask2 ratio: 0.00, mask3 ratio: 0.10, mask4 ratio: 0.88
2026-01-22 17:34:52,183 - root - INFO - mask1 ratio: 0.01, mask2 ratio: 0.05, mask3 ratio: 0.10, mask4 ratio: 0.84
2026-01-22 17:34:52,396 - root - INFO - mask1 ratio: 0.00, mask2 ratio: 0.02, mask3 ratio: 0.10, mask4 ratio: 0.88
2026-01-22 17:34:52,611 - root - INFO - mask1 ratio: 0.00, mask2 ratio: 0.02, mask3 ratio: 0.10, mask4 ratio: 0.88
2026-01-22 17:34:52,838 - root - INFO - mask1 ratio: 0.01, mask2 ratio: 0.05, mask3 ratio: 0.10, mask4 ratio: 0.84
2026-01-22 17:34:53,057 - root - INFO - mask1 ratio: 0.00, mask2 ratio: 0.02, mask3 ratio: 0.10, mask4 ratio: 0.88
2026-01-22 17:34:53,279 - root - INFO - mask1 ratio: 0.01, mask2 ratio: 0.03, mask3 ratio: 0.10, mask4 ratio: 0.86
2026-01-22 17:34:53,503 - root - INFO - mask1 ratio: 0.01, mask2 ratio: 0.00, mask3 ratio: 0.10, mask4 ratio: 0.88
2026-01-22 17:34:53,730 - root - INFO - mask1 ratio: 0.00, mask2 ratio: 0.02, mask3 ratio: 0.10, mask4 ratio: 0.88
2026-01-22 17:34:53,953 - root - INFO - mask1 ratio: 0.00, mask2 ratio: 0.02, mask3 ratio: 0.10, mask4 ratio: 0.88
2026-01-22 17:34:54,250 - root - INFO - mask1 ratio: 0.01, mask2 ratio: 0.00, mask3 ratio: 0.10, mask4 ratio: 0.88
2026-01-22 17:34:54,533 - root - INFO - mask1 ratio: 0.01, mask2 ratio: 0.00, mask3 ratio: 0.10, mask4 ratio: 0.88
2026-01-22 17:34:54,765 - root - INFO - mask1 ratio: 0.01, mask2 ratio: 0.00, mask3 ratio: 0.10, mask4 ratio: 0.88
2026-01-22 17:34:54,982 - root - INFO - mask1 ratio: 0.01, mask2 ratio: 0.03, mask3 ratio: 0.10, mask4 ratio: 0.87
2026-01-22 17:34:55,198 - root - INFO - mask1 ratio: 0.01, mask2 ratio: 0.02, mask3 ratio: 0.10, mask4 ratio: 0.88
2026-01-22 17:34:55,412 - root - INFO - mask1 ratio: 0.00, mask2 ratio: 0.02, mask3 ratio: 0.10, mask4 ratio: 0.88
2026-01-22 17:34:55,655 - root - INFO - mask1 ratio: 0.00, mask2 ratio: 0.03, mask3 ratio: 0.10, mask4 ratio: 0.86
2026-01-22 17:34:55,875 - root - INFO - mask1 ratio: 0.01, mask2 ratio: 0.00, mask3 ratio: 0.10, mask4 ratio: 0.88
2026-01-22 17:34:56,089 - root - INFO - mask1 ratio: 0.00, mask2 ratio: 0.02, mask3 ratio: 0.10, mask4 ratio: 0.88
2026-01-22 17:34:56,300 - root - INFO - mask1 ratio: 0.01, mask2 ratio: 0.03, mask3 ratio: 0.10, mask4 ratio: 0.86
2026-01-22 17:34:56,531 - root - INFO - mask1 ratio: 0.01, mask2 ratio: 0.02, mask3 ratio: 0.10, mask4 ratio: 0.88
2026-01-22 17:34:56,760 - root - INFO - mask1 ratio: 0.00, mask2 ratio: 0.02, mask3 ratio: 0.10, mask4 ratio: 0.88
2026-01-22 17:34:56,978 - root - INFO - mask1 ratio: 0.01, mask2 ratio: 0.00, mask3 ratio: 0.10, mask4 ratio: 0.88
2026-01-22 17:34:57,193 - root - INFO - mask1 ratio: 0.01, mask2 ratio: 0.00, mask3 ratio: 0.10, mask4 ratio: 0.88
2026-01-22 17:34:57,425 - root - INFO - mask1 ratio: 0.01, mask2 ratio: 0.02, mask3 ratio: 0.10, mask4 ratio: 0.88
2026-01-22 17:34:57,641 - root - INFO - mask1 ratio: 0.00, mask2 ratio: 0.02, mask3 ratio: 0.10, mask4 ratio: 0.88
2026-01-22 17:34:57,854 - root - INFO - mask1 ratio: 0.01, mask2 ratio: 0.00, mask3 ratio: 0.10, mask4 ratio: 0.88
2026-01-22 17:34:58,074 - root - INFO - mask1 ratio: 0.01, mask2 ratio: 0.00, mask3 ratio: 0.10, mask4 ratio: 0.88
2026-01-22 17:34:58,303 - root - INFO - mask1 ratio: 0.01, mask2 ratio: 0.02, mask3 ratio: 0.10, mask4 ratio: 0.88
2026-01-22 17:34:58,515 - root - INFO - mask1 ratio: 0.01, mask2 ratio: 0.00, mask3 ratio: 0.10, mask4 ratio: 0.88
2026-01-22 17:34:58,736 - root - INFO - mask1 ratio: 0.01, mask2 ratio: 0.02, mask3 ratio: 0.10, mask4 ratio: 0.88
2026-01-22 17:34:58,966 - root - INFO - mask1 ratio: 0.02, mask2 ratio: 0.15, mask3 ratio: 0.10, mask4 ratio: 0.74
2026-01-22 17:34:59,199 - root - INFO - mask1 ratio: 0.00, mask2 ratio: 0.03, mask3 ratio: 0.10, mask4 ratio: 0.87
2026-01-22 17:34:59,227 - root - INFO - time 17.70
2026-01-22 17:35:01,403 - root - INFO - 2 self_attn.k_proj
2026-01-22 17:35:01,404 - root - INFO - Quantizing ...
2026-01-22 17:35:01,969 - root - INFO - mask1 ratio: 0.01, mask2 ratio: 0.03, mask3 ratio: 0.10, mask4 ratio: 0.87
2026-01-22 17:35:02,180 - root - INFO - mask1 ratio: 0.01, mask2 ratio: 0.02, mask3 ratio: 0.10, mask4 ratio: 0.88
2026-01-22 17:35:02,392 - root - INFO - mask1 ratio: 0.01, mask2 ratio: 0.00, mask3 ratio: 0.10, mask4 ratio: 0.88
2026-01-22 17:35:02,602 - root - INFO - mask1 ratio: 0.01, mask2 ratio: 0.02, mask3 ratio: 0.10, mask4 ratio: 0.88
2026-01-22 17:35:02,813 - root - INFO - mask1 ratio: 0.03, mask2 ratio: 0.27, mask3 ratio: 0.10, mask4 ratio: 0.60
2026-01-22 17:35:03,023 - root - INFO - mask1 ratio: 0.01, mask2 ratio: 0.05, mask3 ratio: 0.10, mask4 ratio: 0.85
2026-01-22 17:35:03,233 - root - INFO - mask1 ratio: 0.01, mask2 ratio: 0.03, mask3 ratio: 0.10, mask4 ratio: 0.86
2026-01-22 17:35:03,444 - root - INFO - mask1 ratio: 0.01, mask2 ratio: 0.03, mask3 ratio: 0.10, mask4 ratio: 0.86
2026-01-22 17:35:03,653 - root - INFO - mask1 ratio: 0.00, mask2 ratio: 0.02, mask3 ratio: 0.10, mask4 ratio: 0.88
2026-01-22 17:35:03,863 - root - INFO - mask1 ratio: 0.01, mask2 ratio: 0.02, mask3 ratio: 0.10, mask4 ratio: 0.87
2026-01-22 17:35:04,072 - root - INFO - mask1 ratio: 0.01, mask2 ratio: 0.03, mask3 ratio: 0.10, mask4 ratio: 0.87
2026-01-22 17:35:04,282 - root - INFO - mask1 ratio: 0.01, mask2 ratio: 0.00, mask3 ratio: 0.10, mask4 ratio: 0.88
2026-01-22 17:35:04,492 - root - INFO - mask1 ratio: 0.01, mask2 ratio: 0.03, mask3 ratio: 0.10, mask4 ratio: 0.86
2026-01-22 17:35:04,701 - root - INFO - mask1 ratio: 0.01, mask2 ratio: 0.03, mask3 ratio: 0.10, mask4 ratio: 0.86
2026-01-22 17:35:04,915 - root - INFO - mask1 ratio: 0.01, mask2 ratio: 0.02, mask3 ratio: 0.10, mask4 ratio: 0.88
2026-01-22 17:35:05,126 - root - INFO - mask1 ratio: 0.01, mask2 ratio: 0.03, mask3 ratio: 0.10, mask4 ratio: 0.86
2026-01-22 17:35:05,339 - root - INFO - mask1 ratio: 0.01, mask2 ratio: 0.03, mask3 ratio: 0.10, mask4 ratio: 0.87
2026-01-22 17:35:05,549 - root - INFO - mask1 ratio: 0.01, mask2 ratio: 0.02, mask3 ratio: 0.10, mask4 ratio: 0.87
2026-01-22 17:35:05,759 - root - INFO - mask1 ratio: 0.01, mask2 ratio: 0.03, mask3 ratio: 0.10, mask4 ratio: 0.86
2026-01-22 17:35:05,968 - root - INFO - mask1 ratio: 0.01, mask2 ratio: 0.02, mask3 ratio: 0.10, mask4 ratio: 0.88
2026-01-22 17:35:05,994 - root - INFO - time 4.59
2026-01-22 17:35:06,006 - root - INFO - 2 self_attn.v_proj
2026-01-22 17:35:06,006 - root - INFO - Quantizing ...
2026-01-22 17:35:06,198 - root - INFO - mask1 ratio: 0.03, mask2 ratio: 0.27, mask3 ratio: 0.10, mask4 ratio: 0.60
2026-01-22 17:35:06,415 - root - INFO - mask1 ratio: 0.04, mask2 ratio: 0.30, mask3 ratio: 0.10, mask4 ratio: 0.56
2026-01-22 17:35:06,626 - root - INFO - mask1 ratio: 0.00, mask2 ratio: 0.02, mask3 ratio: 0.10, mask4 ratio: 0.88
2026-01-22 17:35:06,864 - root - INFO - mask1 ratio: 0.01, mask2 ratio: 0.04, mask3 ratio: 0.10, mask4 ratio: 0.85
2026-01-22 17:35:07,180 - root - INFO - mask1 ratio: 0.03, mask2 ratio: 0.31, mask3 ratio: 0.10, mask4 ratio: 0.56
2026-01-22 17:35:07,398 - root - INFO - mask1 ratio: 0.03, mask2 ratio: 0.25, mask3 ratio: 0.10, mask4 ratio: 0.63
2026-01-22 17:35:07,610 - root - INFO - mask1 ratio: 0.03, mask2 ratio: 0.27, mask3 ratio: 0.10, mask4 ratio: 0.60
2026-01-22 17:35:07,822 - root - INFO - mask1 ratio: 0.01, mask2 ratio: 0.06, mask3 ratio: 0.10, mask4 ratio: 0.83
2026-01-22 17:35:08,035 - root - INFO - mask1 ratio: 0.04, mask2 ratio: 0.32, mask3 ratio: 0.10, mask4 ratio: 0.55
2026-01-22 17:35:08,246 - root - INFO - mask1 ratio: 0.04, mask2 ratio: 0.34, mask3 ratio: 0.10, mask4 ratio: 0.53
2026-01-22 17:35:08,460 - root - INFO - mask1 ratio: 0.02, mask2 ratio: 0.13, mask3 ratio: 0.10, mask4 ratio: 0.75
2026-01-22 17:35:08,671 - root - INFO - mask1 ratio: 0.01, mask2 ratio: 0.00, mask3 ratio: 0.10, mask4 ratio: 0.88
2026-01-22 17:35:08,884 - root - INFO - mask1 ratio: 0.04, mask2 ratio: 0.33, mask3 ratio: 0.10, mask4 ratio: 0.53
2026-01-22 17:35:09,095 - root - INFO - mask1 ratio: 0.00, mask2 ratio: 0.03, mask3 ratio: 0.10, mask4 ratio: 0.87
2026-01-22 17:35:09,306 - root - INFO - mask1 ratio: 0.01, mask2 ratio: 0.04, mask3 ratio: 0.10, mask4 ratio: 0.85
2026-01-22 17:35:09,537 - root - INFO - mask1 ratio: 0.04, mask2 ratio: 0.34, mask3 ratio: 0.10, mask4 ratio: 0.52
2026-01-22 17:35:09,748 - root - INFO - mask1 ratio: 0.01, mask2 ratio: 0.02, mask3 ratio: 0.10, mask4 ratio: 0.87
2026-01-22 17:35:09,960 - root - INFO - mask1 ratio: 0.01, mask2 ratio: 0.05, mask3 ratio: 0.10, mask4 ratio: 0.84
2026-01-22 17:35:10,172 - root - INFO - mask1 ratio: 0.04, mask2 ratio: 0.33, mask3 ratio: 0.10, mask4 ratio: 0.53
2026-01-22 17:35:10,386 - root - INFO - mask1 ratio: 0.00, mask2 ratio: 0.03, mask3 ratio: 0.10, mask4 ratio: 0.87
2026-01-22 17:35:10,414 - root - INFO - time 4.41
2026-01-22 17:35:10,417 - root - INFO - 2 self_attn.q_proj
2026-01-22 17:35:10,417 - root - INFO - Quantizing ...
2026-01-22 17:35:10,609 - root - INFO - mask1 ratio: 0.01, mask2 ratio: 0.02, mask3 ratio: 0.10, mask4 ratio: 0.88
2026-01-22 17:35:10,820 - root - INFO - mask1 ratio: 0.01, mask2 ratio: 0.00, mask3 ratio: 0.10, mask4 ratio: 0.88
2026-01-22 17:35:11,029 - root - INFO - mask1 ratio: 0.01, mask2 ratio: 0.00, mask3 ratio: 0.10, mask4 ratio: 0.88
2026-01-22 17:35:11,239 - root - INFO - mask1 ratio: 0.01, mask2 ratio: 0.03, mask3 ratio: 0.10, mask4 ratio: 0.86
2026-01-22 17:35:11,452 - root - INFO - mask1 ratio: 0.02, mask2 ratio: 0.12, mask3 ratio: 0.10, mask4 ratio: 0.76
2026-01-22 17:35:11,666 - root - INFO - mask1 ratio: 0.02, mask2 ratio: 0.08, mask3 ratio: 0.10, mask4 ratio: 0.80
2026-01-22 17:35:11,878 - root - INFO - mask1 ratio: 0.01, mask2 ratio: 0.04, mask3 ratio: 0.10, mask4 ratio: 0.85
2026-01-22 17:35:12,114 - root - INFO - mask1 ratio: 0.01, mask2 ratio: 0.03, mask3 ratio: 0.10, mask4 ratio: 0.87
2026-01-22 17:35:12,417 - root - INFO - mask1 ratio: 0.01, mask2 ratio: 0.02, mask3 ratio: 0.10, mask4 ratio: 0.88
2026-01-22 17:35:12,630 - root - INFO - mask1 ratio: 0.01, mask2 ratio: 0.05, mask3 ratio: 0.10, mask4 ratio: 0.85
2026-01-22 17:35:12,840 - root - INFO - mask1 ratio: 0.01, mask2 ratio: 0.04, mask3 ratio: 0.10, mask4 ratio: 0.85
2026-01-22 17:35:13,074 - root - INFO - mask1 ratio: 0.01, mask2 ratio: 0.00, mask3 ratio: 0.10, mask4 ratio: 0.88
2026-01-22 17:35:13,285 - root - INFO - mask1 ratio: 0.00, mask2 ratio: 0.02, mask3 ratio: 0.10, mask4 ratio: 0.88
2026-01-22 17:35:13,496 - root - INFO - mask1 ratio: 0.01, mask2 ratio: 0.03, mask3 ratio: 0.10, mask4 ratio: 0.86
2026-01-22 17:35:13,707 - root - INFO - mask1 ratio: 0.01, mask2 ratio: 0.00, mask3 ratio: 0.10, mask4 ratio: 0.88
2026-01-22 17:35:13,916 - root - INFO - mask1 ratio: 0.01, mask2 ratio: 0.02, mask3 ratio: 0.10, mask4 ratio: 0.88
2026-01-22 17:35:14,126 - root - INFO - mask1 ratio: 0.01, mask2 ratio: 0.04, mask3 ratio: 0.10, mask4 ratio: 0.85
2026-01-22 17:35:14,335 - root - INFO - mask1 ratio: 0.00, mask2 ratio: 0.02, mask3 ratio: 0.10, mask4 ratio: 0.88
2026-01-22 17:35:14,546 - root - INFO - mask1 ratio: 0.01, mask2 ratio: 0.02, mask3 ratio: 0.10, mask4 ratio: 0.87
2026-01-22 17:35:14,773 - root - INFO - mask1 ratio: 0.01, mask2 ratio: 0.02, mask3 ratio: 0.10, mask4 ratio: 0.88
2026-01-22 17:35:14,799 - root - INFO - time 4.38
2026-01-22 17:35:14,803 - root - INFO - 2 self_attn.out_proj
2026-01-22 17:35:14,803 - root - INFO - Quantizing ...
2026-01-22 17:35:15,007 - root - INFO - mask1 ratio: 0.01, mask2 ratio: 0.04, mask3 ratio: 0.10, mask4 ratio: 0.85
2026-01-22 17:35:15,226 - root - INFO - mask1 ratio: 0.04, mask2 ratio: 0.26, mask3 ratio: 0.10, mask4 ratio: 0.60
2026-01-22 17:35:15,436 - root - INFO - mask1 ratio: 0.01, mask2 ratio: 0.00, mask3 ratio: 0.10, mask4 ratio: 0.88
2026-01-22 17:35:15,647 - root - INFO - mask1 ratio: 0.01, mask2 ratio: 0.00, mask3 ratio: 0.25, mask4 ratio: 0.73
2026-01-22 17:35:15,868 - root - INFO - mask1 ratio: 0.00, mask2 ratio: 0.02, mask3 ratio: 0.10, mask4 ratio: 0.88
2026-01-22 17:35:16,080 - root - INFO - mask1 ratio: 0.03, mask2 ratio: 0.30, mask3 ratio: 0.10, mask4 ratio: 0.56
2026-01-22 17:35:16,291 - root - INFO - mask1 ratio: 0.02, mask2 ratio: 0.17, mask3 ratio: 0.10, mask4 ratio: 0.71
2026-01-22 17:35:16,501 - root - INFO - mask1 ratio: 0.01, mask2 ratio: 0.00, mask3 ratio: 0.10, mask4 ratio: 0.88
2026-01-22 17:35:16,717 - root - INFO - mask1 ratio: 0.03, mask2 ratio: 0.23, mask3 ratio: 0.10, mask4 ratio: 0.65
2026-01-22 17:35:16,930 - root - INFO - mask1 ratio: 0.01, mask2 ratio: 0.08, mask3 ratio: 0.10, mask4 ratio: 0.81
2026-01-22 17:35:17,142 - root - INFO - mask1 ratio: 0.04, mask2 ratio: 0.34, mask3 ratio: 0.10, mask4 ratio: 0.53
2026-01-22 17:35:17,352 - root - INFO - mask1 ratio: 0.00, mask2 ratio: 0.02, mask3 ratio: 0.10, mask4 ratio: 0.88
2026-01-22 17:35:17,630 - root - INFO - mask1 ratio: 0.01, mask2 ratio: 0.02, mask3 ratio: 0.10, mask4 ratio: 0.88
2026-01-22 17:35:17,902 - root - INFO - mask1 ratio: 0.00, mask2 ratio: 0.02, mask3 ratio: 0.10, mask4 ratio: 0.88
2026-01-22 17:35:18,113 - root - INFO - mask1 ratio: 0.03, mask2 ratio: 0.23, mask3 ratio: 0.10, mask4 ratio: 0.63
2026-01-22 17:35:18,324 - root - INFO - mask1 ratio: 0.01, mask2 ratio: 0.03, mask3 ratio: 0.10, mask4 ratio: 0.86
2026-01-22 17:35:18,537 - root - INFO - mask1 ratio: 0.01, mask2 ratio: 0.04, mask3 ratio: 0.10, mask4 ratio: 0.85
2026-01-22 17:35:18,750 - root - INFO - mask1 ratio: 0.04, mask2 ratio: 0.32, mask3 ratio: 0.10, mask4 ratio: 0.55
2026-01-22 17:35:18,960 - root - INFO - mask1 ratio: 0.01, mask2 ratio: 0.05, mask3 ratio: 0.10, mask4 ratio: 0.85
2026-01-22 17:35:19,170 - root - INFO - mask1 ratio: 0.01, mask2 ratio: 0.04, mask3 ratio: 0.10, mask4 ratio: 0.85
2026-01-22 17:35:19,196 - root - INFO - time 4.39
2026-01-22 17:35:19,200 - root - INFO - 2 fc1
2026-01-22 17:35:19,200 - root - INFO - Quantizing ...
2026-01-22 17:35:19,463 - root - INFO - mask1 ratio: 0.02, mask2 ratio: 0.20, mask3 ratio: 0.10, mask4 ratio: 0.68
2026-01-22 17:35:19,750 - root - INFO - mask1 ratio: 0.01, mask2 ratio: 0.08, mask3 ratio: 0.10, mask4 ratio: 0.81
2026-01-22 17:35:20,033 - root - INFO - mask1 ratio: 0.01, mask2 ratio: 0.00, mask3 ratio: 0.10, mask4 ratio: 0.88
2026-01-22 17:35:20,320 - root - INFO - mask1 ratio: 0.03, mask2 ratio: 0.27, mask3 ratio: 0.10, mask4 ratio: 0.60
2026-01-22 17:35:20,606 - root - INFO - mask1 ratio: 0.03, mask2 ratio: 0.23, mask3 ratio: 0.10, mask4 ratio: 0.65
2026-01-22 17:35:20,888 - root - INFO - mask1 ratio: 0.02, mask2 ratio: 0.15, mask3 ratio: 0.10, mask4 ratio: 0.74
2026-01-22 17:35:21,174 - root - INFO - mask1 ratio: 0.03, mask2 ratio: 0.27, mask3 ratio: 0.10, mask4 ratio: 0.60
2026-01-22 17:35:21,462 - root - INFO - mask1 ratio: 0.02, mask2 ratio: 0.20, mask3 ratio: 0.10, mask4 ratio: 0.68
2026-01-22 17:35:21,750 - root - INFO - mask1 ratio: 0.01, mask2 ratio: 0.05, mask3 ratio: 0.10, mask4 ratio: 0.85
2026-01-22 17:35:22,041 - root - INFO - mask1 ratio: 0.01, mask2 ratio: 0.13, mask3 ratio: 0.10, mask4 ratio: 0.75
2026-01-22 17:35:22,333 - root - INFO - mask1 ratio: 0.02, mask2 ratio: 0.18, mask3 ratio: 0.10, mask4 ratio: 0.70
2026-01-22 17:35:22,693 - root - INFO - mask1 ratio: 0.01, mask2 ratio: 0.00, mask3 ratio: 0.10, mask4 ratio: 0.88
2026-01-22 17:35:22,984 - root - INFO - mask1 ratio: 0.01, mask2 ratio: 0.12, mask3 ratio: 0.10, mask4 ratio: 0.77
2026-01-22 17:35:23,272 - root - INFO - mask1 ratio: 0.02, mask2 ratio: 0.17, mask3 ratio: 0.10, mask4 ratio: 0.71
2026-01-22 17:35:23,555 - root - INFO - mask1 ratio: 0.01, mask2 ratio: 0.04, mask3 ratio: 0.10, mask4 ratio: 0.85
2026-01-22 17:35:23,845 - root - INFO - mask1 ratio: 0.02, mask2 ratio: 0.21, mask3 ratio: 0.10, mask4 ratio: 0.67
2026-01-22 17:35:24,134 - root - INFO - mask1 ratio: 0.03, mask2 ratio: 0.25, mask3 ratio: 0.10, mask4 ratio: 0.63
2026-01-22 17:35:24,418 - root - INFO - mask1 ratio: 0.02, mask2 ratio: 0.19, mask3 ratio: 0.10, mask4 ratio: 0.69
2026-01-22 17:35:24,717 - root - INFO - mask1 ratio: 0.03, mask2 ratio: 0.27, mask3 ratio: 0.10, mask4 ratio: 0.60
2026-01-22 17:35:25,005 - root - INFO - mask1 ratio: 0.01, mask2 ratio: 0.05, mask3 ratio: 0.10, mask4 ratio: 0.85
2026-01-22 17:35:25,037 - root - INFO - time 5.84
2026-01-22 17:35:25,046 - root - INFO - 2 fc2
2026-01-22 17:35:25,046 - root - INFO - Quantizing ...
2026-01-22 17:35:25,344 - root - INFO - mask1 ratio: 0.01, mask2 ratio: 0.04, mask3 ratio: 0.10, mask4 ratio: 0.85
2026-01-22 17:35:25,553 - root - INFO - mask1 ratio: 0.01, mask2 ratio: 0.03, mask3 ratio: 0.10, mask4 ratio: 0.86
2026-01-22 17:35:25,763 - root - INFO - mask1 ratio: 0.01, mask2 ratio: 0.02, mask3 ratio: 0.10, mask4 ratio: 0.87
2026-01-22 17:35:25,973 - root - INFO - mask1 ratio: 0.01, mask2 ratio: 0.02, mask3 ratio: 0.10, mask4 ratio: 0.88
2026-01-22 17:35:26,183 - root - INFO - mask1 ratio: 0.01, mask2 ratio: 0.02, mask3 ratio: 0.10, mask4 ratio: 0.88
2026-01-22 17:35:26,392 - root - INFO - mask1 ratio: 0.01, mask2 ratio: 0.00, mask3 ratio: 0.10, mask4 ratio: 0.88
2026-01-22 17:35:26,600 - root - INFO - mask1 ratio: 0.01, mask2 ratio: 0.02, mask3 ratio: 0.10, mask4 ratio: 0.88
2026-01-22 17:35:26,809 - root - INFO - mask1 ratio: 0.01, mask2 ratio: 0.07, mask3 ratio: 0.10, mask4 ratio: 0.81
2026-01-22 17:35:27,021 - root - INFO - mask1 ratio: 0.01, mask2 ratio: 0.02, mask3 ratio: 0.10, mask4 ratio: 0.88
2026-01-22 17:35:27,232 - root - INFO - mask1 ratio: 0.01, mask2 ratio: 0.07, mask3 ratio: 0.10, mask4 ratio: 0.82
2026-01-22 17:35:27,448 - root - INFO - mask1 ratio: 0.00, mask2 ratio: 0.02, mask3 ratio: 0.10, mask4 ratio: 0.88
2026-01-22 17:35:27,785 - root - INFO - mask1 ratio: 0.01, mask2 ratio: 0.02, mask3 ratio: 0.10, mask4 ratio: 0.88
2026-01-22 17:35:27,996 - root - INFO - mask1 ratio: 0.01, mask2 ratio: 0.09, mask3 ratio: 0.10, mask4 ratio: 0.80
2026-01-22 17:35:28,206 - root - INFO - mask1 ratio: 0.00, mask2 ratio: 0.02, mask3 ratio: 0.10, mask4 ratio: 0.88
2026-01-22 17:35:28,416 - root - INFO - mask1 ratio: 0.01, mask2 ratio: 0.07, mask3 ratio: 0.10, mask4 ratio: 0.81
2026-01-22 17:35:28,637 - root - INFO - mask1 ratio: 0.00, mask2 ratio: 0.02, mask3 ratio: 0.10, mask4 ratio: 0.88
2026-01-22 17:35:28,857 - root - INFO - mask1 ratio: 0.01, mask2 ratio: 0.00, mask3 ratio: 0.10, mask4 ratio: 0.88
2026-01-22 17:35:29,080 - root - INFO - mask1 ratio: 0.02, mask2 ratio: 0.16, mask3 ratio: 0.10, mask4 ratio: 0.72
2026-01-22 17:35:29,296 - root - INFO - mask1 ratio: 0.00, mask2 ratio: 0.02, mask3 ratio: 0.10, mask4 ratio: 0.88
2026-01-22 17:35:29,505 - root - INFO - mask1 ratio: 0.01, mask2 ratio: 0.00, mask3 ratio: 0.10, mask4 ratio: 0.88
2026-01-22 17:35:29,716 - root - INFO - mask1 ratio: 0.02, mask2 ratio: 0.10, mask3 ratio: 0.10, mask4 ratio: 0.78
2026-01-22 17:35:29,925 - root - INFO - mask1 ratio: 0.00, mask2 ratio: 0.02, mask3 ratio: 0.10, mask4 ratio: 0.88
2026-01-22 17:35:30,136 - root - INFO - mask1 ratio: 0.01, mask2 ratio: 0.08, mask3 ratio: 0.10, mask4 ratio: 0.81
2026-01-22 17:35:30,344 - root - INFO - mask1 ratio: 0.01, mask2 ratio: 0.02, mask3 ratio: 0.10, mask4 ratio: 0.88
2026-01-22 17:35:30,555 - root - INFO - mask1 ratio: 0.01, mask2 ratio: 0.02, mask3 ratio: 0.10, mask4 ratio: 0.87
2026-01-22 17:35:30,764 - root - INFO - mask1 ratio: 0.01, mask2 ratio: 0.02, mask3 ratio: 0.10, mask4 ratio: 0.87
2026-01-22 17:35:30,972 - root - INFO - mask1 ratio: 0.01, mask2 ratio: 0.06, mask3 ratio: 0.10, mask4 ratio: 0.83
2026-01-22 17:35:31,182 - root - INFO - mask1 ratio: 0.01, mask2 ratio: 0.00, mask3 ratio: 0.10, mask4 ratio: 0.88
2026-01-22 17:35:31,392 - root - INFO - mask1 ratio: 0.01, mask2 ratio: 0.06, mask3 ratio: 0.10, mask4 ratio: 0.83
2026-01-22 17:35:31,602 - root - INFO - mask1 ratio: 0.01, mask2 ratio: 0.04, mask3 ratio: 0.10, mask4 ratio: 0.85
2026-01-22 17:35:31,812 - root - INFO - mask1 ratio: 0.01, mask2 ratio: 0.03, mask3 ratio: 0.10, mask4 ratio: 0.86
2026-01-22 17:35:32,022 - root - INFO - mask1 ratio: 0.01, mask2 ratio: 0.03, mask3 ratio: 0.10, mask4 ratio: 0.86
2026-01-22 17:35:32,248 - root - INFO - mask1 ratio: 0.01, mask2 ratio: 0.02, mask3 ratio: 0.10, mask4 ratio: 0.87
2026-01-22 17:35:32,459 - root - INFO - mask1 ratio: 0.01, mask2 ratio: 0.02, mask3 ratio: 0.10, mask4 ratio: 0.87
2026-01-22 17:35:32,668 - root - INFO - mask1 ratio: 0.01, mask2 ratio: 0.00, mask3 ratio: 0.10, mask4 ratio: 0.88
2026-01-22 17:35:32,877 - root - INFO - mask1 ratio: 0.01, mask2 ratio: 0.06, mask3 ratio: 0.10, mask4 ratio: 0.83
2026-01-22 17:35:33,129 - root - INFO - mask1 ratio: 0.00, mask2 ratio: 0.02, mask3 ratio: 0.10, mask4 ratio: 0.88
2026-01-22 17:35:33,378 - root - INFO - mask1 ratio: 0.00, mask2 ratio: 0.03, mask3 ratio: 0.10, mask4 ratio: 0.87
2026-01-22 17:35:33,587 - root - INFO - mask1 ratio: 0.01, mask2 ratio: 0.04, mask3 ratio: 0.10, mask4 ratio: 0.85
2026-01-22 17:35:33,797 - root - INFO - mask1 ratio: 0.02, mask2 ratio: 0.09, mask3 ratio: 0.10, mask4 ratio: 0.80
2026-01-22 17:35:34,006 - root - INFO - mask1 ratio: 0.01, mask2 ratio: 0.00, mask3 ratio: 0.10, mask4 ratio: 0.88
2026-01-22 17:35:34,217 - root - INFO - mask1 ratio: 0.01, mask2 ratio: 0.04, mask3 ratio: 0.10, mask4 ratio: 0.85
2026-01-22 17:35:34,425 - root - INFO - mask1 ratio: 0.01, mask2 ratio: 0.00, mask3 ratio: 0.10, mask4 ratio: 0.88
2026-01-22 17:35:34,643 - root - INFO - mask1 ratio: 0.01, mask2 ratio: 0.00, mask3 ratio: 0.10, mask4 ratio: 0.88
2026-01-22 17:35:34,852 - root - INFO - mask1 ratio: 0.00, mask2 ratio: 0.04, mask3 ratio: 0.10, mask4 ratio: 0.85
2026-01-22 17:35:35,060 - root - INFO - mask1 ratio: 0.01, mask2 ratio: 0.04, mask3 ratio: 0.10, mask4 ratio: 0.85
2026-01-22 17:35:35,269 - root - INFO - mask1 ratio: 0.02, mask2 ratio: 0.05, mask3 ratio: 0.10, mask4 ratio: 0.84
2026-01-22 17:35:35,478 - root - INFO - mask1 ratio: 0.01, mask2 ratio: 0.02, mask3 ratio: 0.10, mask4 ratio: 0.88
2026-01-22 17:35:35,687 - root - INFO - mask1 ratio: 0.01, mask2 ratio: 0.03, mask3 ratio: 0.10, mask4 ratio: 0.86
2026-01-22 17:35:35,896 - root - INFO - mask1 ratio: 0.00, mask2 ratio: 0.03, mask3 ratio: 0.10, mask4 ratio: 0.86
2026-01-22 17:35:36,105 - root - INFO - mask1 ratio: 0.00, mask2 ratio: 0.02, mask3 ratio: 0.10, mask4 ratio: 0.88
2026-01-22 17:35:36,314 - root - INFO - mask1 ratio: 0.01, mask2 ratio: 0.00, mask3 ratio: 0.10, mask4 ratio: 0.88
2026-01-22 17:35:36,525 - root - INFO - mask1 ratio: 0.01, mask2 ratio: 0.03, mask3 ratio: 0.10, mask4 ratio: 0.86
2026-01-22 17:35:36,734 - root - INFO - mask1 ratio: 0.01, mask2 ratio: 0.09, mask3 ratio: 0.10, mask4 ratio: 0.80
2026-01-22 17:35:36,942 - root - INFO - mask1 ratio: 0.00, mask2 ratio: 0.02, mask3 ratio: 0.10, mask4 ratio: 0.88
2026-01-22 17:35:37,151 - root - INFO - mask1 ratio: 0.01, mask2 ratio: 0.00, mask3 ratio: 0.10, mask4 ratio: 0.88
2026-01-22 17:35:37,361 - root - INFO - mask1 ratio: 0.01, mask2 ratio: 0.00, mask3 ratio: 0.10, mask4 ratio: 0.88
2026-01-22 17:35:37,569 - root - INFO - mask1 ratio: 0.00, mask2 ratio: 0.02, mask3 ratio: 0.10, mask4 ratio: 0.88
2026-01-22 17:35:37,778 - root - INFO - mask1 ratio: 0.01, mask2 ratio: 0.02, mask3 ratio: 0.10, mask4 ratio: 0.87
2026-01-22 17:35:37,986 - root - INFO - mask1 ratio: 0.00, mask2 ratio: 0.02, mask3 ratio: 0.10, mask4 ratio: 0.88
2026-01-22 17:35:38,194 - root - INFO - mask1 ratio: 0.01, mask2 ratio: 0.00, mask3 ratio: 0.10, mask4 ratio: 0.88
2026-01-22 17:35:38,405 - root - INFO - mask1 ratio: 0.01, mask2 ratio: 0.02, mask3 ratio: 0.10, mask4 ratio: 0.87
2026-01-22 17:35:38,754 - root - INFO - mask1 ratio: 0.01, mask2 ratio: 0.06, mask3 ratio: 0.10, mask4 ratio: 0.83
2026-01-22 17:35:38,963 - root - INFO - mask1 ratio: 0.01, mask2 ratio: 0.00, mask3 ratio: 0.10, mask4 ratio: 0.88
2026-01-22 17:35:39,172 - root - INFO - mask1 ratio: 0.01, mask2 ratio: 0.02, mask3 ratio: 0.10, mask4 ratio: 0.87
2026-01-22 17:35:39,382 - root - INFO - mask1 ratio: 0.01, mask2 ratio: 0.02, mask3 ratio: 0.10, mask4 ratio: 0.88
2026-01-22 17:35:39,593 - root - INFO - mask1 ratio: 0.01, mask2 ratio: 0.02, mask3 ratio: 0.10, mask4 ratio: 0.87
2026-01-22 17:35:39,802 - root - INFO - mask1 ratio: 0.00, mask2 ratio: 0.02, mask3 ratio: 0.10, mask4 ratio: 0.88
2026-01-22 17:35:40,011 - root - INFO - mask1 ratio: 0.01, mask2 ratio: 0.02, mask3 ratio: 0.10, mask4 ratio: 0.88
2026-01-22 17:35:40,222 - root - INFO - mask1 ratio: 0.00, mask2 ratio: 0.02, mask3 ratio: 0.10, mask4 ratio: 0.88
2026-01-22 17:35:40,437 - root - INFO - mask1 ratio: 0.01, mask2 ratio: 0.04, mask3 ratio: 0.10, mask4 ratio: 0.85
2026-01-22 17:35:40,646 - root - INFO - mask1 ratio: 0.01, mask2 ratio: 0.02, mask3 ratio: 0.10, mask4 ratio: 0.87
2026-01-22 17:35:40,855 - root - INFO - mask1 ratio: 0.01, mask2 ratio: 0.02, mask3 ratio: 0.10, mask4 ratio: 0.87
2026-01-22 17:35:41,064 - root - INFO - mask1 ratio: 0.01, mask2 ratio: 0.04, mask3 ratio: 0.10, mask4 ratio: 0.85
2026-01-22 17:35:41,273 - root - INFO - mask1 ratio: 0.01, mask2 ratio: 0.03, mask3 ratio: 0.10, mask4 ratio: 0.86
2026-01-22 17:35:41,484 - root - INFO - mask1 ratio: 0.00, mask2 ratio: 0.02, mask3 ratio: 0.10, mask4 ratio: 0.88
2026-01-22 17:35:41,693 - root - INFO - mask1 ratio: 0.01, mask2 ratio: 0.04, mask3 ratio: 0.10, mask4 ratio: 0.85
2026-01-22 17:35:41,903 - root - INFO - mask1 ratio: 0.01, mask2 ratio: 0.02, mask3 ratio: 0.10, mask4 ratio: 0.88
2026-01-22 17:35:42,112 - root - INFO - mask1 ratio: 0.01, mask2 ratio: 0.02, mask3 ratio: 0.10, mask4 ratio: 0.87
2026-01-22 17:35:42,320 - root - INFO - mask1 ratio: 0.00, mask2 ratio: 0.03, mask3 ratio: 0.10, mask4 ratio: 0.87
2026-01-22 17:35:42,348 - root - INFO - time 17.30
2026-01-22 17:35:44,427 - root - INFO - 3 self_attn.k_proj
2026-01-22 17:35:44,435 - root - INFO - Quantizing ...
2026-01-22 17:35:45,005 - root - INFO - mask1 ratio: 0.01, mask2 ratio: 0.03, mask3 ratio: 0.10, mask4 ratio: 0.87
2026-01-22 17:35:45,216 - root - INFO - mask1 ratio: 0.00, mask2 ratio: 0.02, mask3 ratio: 0.10, mask4 ratio: 0.88
2026-01-22 17:35:45,430 - root - INFO - mask1 ratio: 0.01, mask2 ratio: 0.00, mask3 ratio: 0.10, mask4 ratio: 0.88
2026-01-22 17:35:45,642 - root - INFO - mask1 ratio: 0.01, mask2 ratio: 0.03, mask3 ratio: 0.10, mask4 ratio: 0.87
2026-01-22 17:35:45,853 - root - INFO - mask1 ratio: 0.02, mask2 ratio: 0.14, mask3 ratio: 0.10, mask4 ratio: 0.74
2026-01-22 17:35:46,103 - root - INFO - mask1 ratio: 0.01, mask2 ratio: 0.03, mask3 ratio: 0.10, mask4 ratio: 0.86
2026-01-22 17:35:46,358 - root - INFO - mask1 ratio: 0.01, mask2 ratio: 0.03, mask3 ratio: 0.10, mask4 ratio: 0.87
2026-01-22 17:35:46,569 - root - INFO - mask1 ratio: 0.01, mask2 ratio: 0.03, mask3 ratio: 0.10, mask4 ratio: 0.87
2026-01-22 17:35:46,780 - root - INFO - mask1 ratio: 0.00, mask2 ratio: 0.03, mask3 ratio: 0.10, mask4 ratio: 0.87
2026-01-22 17:35:46,990 - root - INFO - mask1 ratio: 0.02, mask2 ratio: 0.08, mask3 ratio: 0.10, mask4 ratio: 0.81
2026-01-22 17:35:47,200 - root - INFO - mask1 ratio: 0.01, mask2 ratio: 0.03, mask3 ratio: 0.10, mask4 ratio: 0.87
2026-01-22 17:35:47,411 - root - INFO - mask1 ratio: 0.01, mask2 ratio: 0.00, mask3 ratio: 0.10, mask4 ratio: 0.88
2026-01-22 17:35:47,620 - root - INFO - mask1 ratio: 0.00, mask2 ratio: 0.03, mask3 ratio: 0.10, mask4 ratio: 0.87
2026-01-22 17:35:47,830 - root - INFO - mask1 ratio: 0.01, mask2 ratio: 0.03, mask3 ratio: 0.10, mask4 ratio: 0.86
2026-01-22 17:35:48,039 - root - INFO - mask1 ratio: 0.00, mask2 ratio: 0.02, mask3 ratio: 0.10, mask4 ratio: 0.88
2026-01-22 17:35:48,249 - root - INFO - mask1 ratio: 0.01, mask2 ratio: 0.03, mask3 ratio: 0.10, mask4 ratio: 0.87
2026-01-22 17:35:48,460 - root - INFO - mask1 ratio: 0.01, mask2 ratio: 0.03, mask3 ratio: 0.10, mask4 ratio: 0.87
2026-01-22 17:35:48,671 - root - INFO - mask1 ratio: 0.01, mask2 ratio: 0.03, mask3 ratio: 0.10, mask4 ratio: 0.87
2026-01-22 17:35:48,883 - root - INFO - mask1 ratio: 0.01, mask2 ratio: 0.03, mask3 ratio: 0.10, mask4 ratio: 0.86
2026-01-22 17:35:49,093 - root - INFO - mask1 ratio: 0.01, mask2 ratio: 0.02, mask3 ratio: 0.10, mask4 ratio: 0.88
2026-01-22 17:35:49,120 - root - INFO - time 4.68
2026-01-22 17:35:49,132 - root - INFO - 3 self_attn.v_proj
2026-01-22 17:35:49,132 - root - INFO - Quantizing ...
2026-01-22 17:35:49,324 - root - INFO - mask1 ratio: 0.04, mask2 ratio: 0.34, mask3 ratio: 0.10, mask4 ratio: 0.52
2026-01-22 17:35:49,535 - root - INFO - mask1 ratio: 0.02, mask2 ratio: 0.21, mask3 ratio: 0.10, mask4 ratio: 0.67
2026-01-22 17:35:49,746 - root - INFO - mask1 ratio: 0.00, mask2 ratio: 0.02, mask3 ratio: 0.10, mask4 ratio: 0.88
2026-01-22 17:35:49,955 - root - INFO - mask1 ratio: 0.02, mask2 ratio: 0.12, mask3 ratio: 0.10, mask4 ratio: 0.77
2026-01-22 17:35:50,166 - root - INFO - mask1 ratio: 0.03, mask2 ratio: 0.30, mask3 ratio: 0.10, mask4 ratio: 0.57
2026-01-22 17:35:50,376 - root - INFO - mask1 ratio: 0.03, mask2 ratio: 0.30, mask3 ratio: 0.10, mask4 ratio: 0.56
2026-01-22 17:35:50,587 - root - INFO - mask1 ratio: 0.03, mask2 ratio: 0.26, mask3 ratio: 0.10, mask4 ratio: 0.60
2026-01-22 17:35:50,806 - root - INFO - mask1 ratio: 0.04, mask2 ratio: 0.32, mask3 ratio: 0.10, mask4 ratio: 0.54
2026-01-22 17:35:51,027 - root - INFO - mask1 ratio: 0.04, mask2 ratio: 0.32, mask3 ratio: 0.10, mask4 ratio: 0.55
2026-01-22 17:35:51,248 - root - INFO - mask1 ratio: 0.02, mask2 ratio: 0.15, mask3 ratio: 0.10, mask4 ratio: 0.73
2026-01-22 17:35:51,594 - root - INFO - mask1 ratio: 0.03, mask2 ratio: 0.28, mask3 ratio: 0.10, mask4 ratio: 0.59
2026-01-22 17:35:51,816 - root - INFO - mask1 ratio: 0.01, mask2 ratio: 0.00, mask3 ratio: 0.10, mask4 ratio: 0.88
2026-01-22 17:35:52,030 - root - INFO - mask1 ratio: 0.02, mask2 ratio: 0.12, mask3 ratio: 0.10, mask4 ratio: 0.76
2026-01-22 17:35:52,242 - root - INFO - mask1 ratio: 0.04, mask2 ratio: 0.34, mask3 ratio: 0.10, mask4 ratio: 0.52
2026-01-22 17:35:52,454 - root - INFO - mask1 ratio: 0.03, mask2 ratio: 0.23, mask3 ratio: 0.10, mask4 ratio: 0.64
2026-01-22 17:35:52,678 - root - INFO - mask1 ratio: 0.02, mask2 ratio: 0.13, mask3 ratio: 0.10, mask4 ratio: 0.75
2026-01-22 17:35:52,890 - root - INFO - mask1 ratio: 0.01, mask2 ratio: 0.03, mask3 ratio: 0.10, mask4 ratio: 0.86
2026-01-22 17:35:53,100 - root - INFO - mask1 ratio: 0.01, mask2 ratio: 0.07, mask3 ratio: 0.10, mask4 ratio: 0.82
2026-01-22 17:35:53,312 - root - INFO - mask1 ratio: 0.04, mask2 ratio: 0.32, mask3 ratio: 0.10, mask4 ratio: 0.55
2026-01-22 17:35:53,525 - root - INFO - mask1 ratio: 0.00, mask2 ratio: 0.03, mask3 ratio: 0.10, mask4 ratio: 0.87
2026-01-22 17:35:53,551 - root - INFO - time 4.42
2026-01-22 17:35:53,554 - root - INFO - 3 self_attn.q_proj
2026-01-22 17:35:53,554 - root - INFO - Quantizing ...
2026-01-22 17:35:53,755 - root - INFO - mask1 ratio: 0.01, mask2 ratio: 0.02, mask3 ratio: 0.10, mask4 ratio: 0.88
2026-01-22 17:35:53,966 - root - INFO - mask1 ratio: 0.01, mask2 ratio: 0.00, mask3 ratio: 0.10, mask4 ratio: 0.88
2026-01-22 17:35:54,176 - root - INFO - mask1 ratio: 0.01, mask2 ratio: 0.00, mask3 ratio: 0.10, mask4 ratio: 0.88
2026-01-22 17:35:54,387 - root - INFO - mask1 ratio: 0.01, mask2 ratio: 0.04, mask3 ratio: 0.10, mask4 ratio: 0.85
2026-01-22 17:35:54,621 - root - INFO - mask1 ratio: 0.03, mask2 ratio: 0.21, mask3 ratio: 0.10, mask4 ratio: 0.67
2026-01-22 17:35:54,833 - root - INFO - mask1 ratio: 0.03, mask2 ratio: 0.15, mask3 ratio: 0.10, mask4 ratio: 0.72
2026-01-22 17:35:55,044 - root - INFO - mask1 ratio: 0.01, mask2 ratio: 0.04, mask3 ratio: 0.10, mask4 ratio: 0.85
2026-01-22 17:35:55,255 - root - INFO - mask1 ratio: 0.01, mask2 ratio: 0.02, mask3 ratio: 0.10, mask4 ratio: 0.87
2026-01-22 17:35:55,465 - root - INFO - mask1 ratio: 0.01, mask2 ratio: 0.02, mask3 ratio: 0.10, mask4 ratio: 0.88
2026-01-22 17:35:55,678 - root - INFO - mask1 ratio: 0.02, mask2 ratio: 0.11, mask3 ratio: 0.10, mask4 ratio: 0.77
2026-01-22 17:35:55,891 - root - INFO - mask1 ratio: 0.01, mask2 ratio: 0.04, mask3 ratio: 0.10, mask4 ratio: 0.85
2026-01-22 17:35:56,101 - root - INFO - mask1 ratio: 0.01, mask2 ratio: 0.00, mask3 ratio: 0.10, mask4 ratio: 0.88
2026-01-22 17:35:56,315 - root - INFO - mask1 ratio: 0.01, mask2 ratio: 0.02, mask3 ratio: 0.10, mask4 ratio: 0.88
2026-01-22 17:35:56,527 - root - INFO - mask1 ratio: 0.01, mask2 ratio: 0.03, mask3 ratio: 0.10, mask4 ratio: 0.86
2026-01-22 17:35:56,768 - root - INFO - mask1 ratio: 0.01, mask2 ratio: 0.00, mask3 ratio: 0.10, mask4 ratio: 0.88
2026-01-22 17:35:57,029 - root - INFO - mask1 ratio: 0.01, mask2 ratio: 0.02, mask3 ratio: 0.10, mask4 ratio: 0.88
2026-01-22 17:35:57,239 - root - INFO - mask1 ratio: 0.01, mask2 ratio: 0.04, mask3 ratio: 0.10, mask4 ratio: 0.85
2026-01-22 17:35:57,452 - root - INFO - mask1 ratio: 0.01, mask2 ratio: 0.02, mask3 ratio: 0.10, mask4 ratio: 0.88
2026-01-22 17:35:57,662 - root - INFO - mask1 ratio: 0.01, mask2 ratio: 0.05, mask3 ratio: 0.10, mask4 ratio: 0.84
2026-01-22 17:35:57,872 - root - INFO - mask1 ratio: 0.01, mask2 ratio: 0.00, mask3 ratio: 0.10, mask4 ratio: 0.88
2026-01-22 17:35:57,900 - root - INFO - time 4.35
2026-01-22 17:35:57,903 - root - INFO - 3 self_attn.out_proj
2026-01-22 17:35:57,903 - root - INFO - Quantizing ...
2026-01-22 17:35:58,112 - root - INFO - mask1 ratio: 0.00, mask2 ratio: 0.03, mask3 ratio: 0.10, mask4 ratio: 0.86
2026-01-22 17:35:58,325 - root - INFO - mask1 ratio: 0.00, mask2 ratio: 0.02, mask3 ratio: 0.10, mask4 ratio: 0.88
2026-01-22 17:35:58,535 - root - INFO - mask1 ratio: 0.01, mask2 ratio: 0.00, mask3 ratio: 0.10, mask4 ratio: 0.88
2026-01-22 17:35:58,746 - root - INFO - mask1 ratio: 0.02, mask2 ratio: 0.08, mask3 ratio: 0.10, mask4 ratio: 0.80
2026-01-22 17:35:58,957 - root - INFO - mask1 ratio: 0.01, mask2 ratio: 0.00, mask3 ratio: 0.10, mask4 ratio: 0.88
2026-01-22 17:35:59,168 - root - INFO - mask1 ratio: 0.04, mask2 ratio: 0.34, mask3 ratio: 0.10, mask4 ratio: 0.53
2026-01-22 17:35:59,377 - root - INFO - mask1 ratio: 0.00, mask2 ratio: 0.02, mask3 ratio: 0.10, mask4 ratio: 0.88
2026-01-22 17:35:59,587 - root - INFO - mask1 ratio: 0.01, mask2 ratio: 0.03, mask3 ratio: 0.10, mask4 ratio: 0.86
2026-01-22 17:35:59,797 - root - INFO - mask1 ratio: 0.01, mask2 ratio: 0.06, mask3 ratio: 0.10, mask4 ratio: 0.83
2026-01-22 17:36:00,008 - root - INFO - mask1 ratio: 0.00, mask2 ratio: 0.03, mask3 ratio: 0.10, mask4 ratio: 0.87
2026-01-22 17:36:00,219 - root - INFO - mask1 ratio: 0.02, mask2 ratio: 0.15, mask3 ratio: 0.10, mask4 ratio: 0.74
2026-01-22 17:36:00,429 - root - INFO - mask1 ratio: 0.00, mask2 ratio: 0.03, mask3 ratio: 0.10, mask4 ratio: 0.86
2026-01-22 17:36:00,639 - root - INFO - mask1 ratio: 0.01, mask2 ratio: 0.00, mask3 ratio: 0.10, mask4 ratio: 0.88
2026-01-22 17:36:00,848 - root - INFO - mask1 ratio: 0.01, mask2 ratio: 0.00, mask3 ratio: 0.10, mask4 ratio: 0.88
2026-01-22 17:36:01,059 - root - INFO - mask1 ratio: 0.00, mask2 ratio: 0.03, mask3 ratio: 0.10, mask4 ratio: 0.87
2026-01-22 17:36:01,269 - root - INFO - mask1 ratio: 0.00, mask2 ratio: 0.02, mask3 ratio: 0.10, mask4 ratio: 0.88
2026-01-22 17:36:01,480 - root - INFO - mask1 ratio: 0.01, mask2 ratio: 0.04, mask3 ratio: 0.10, mask4 ratio: 0.85
2026-01-22 17:36:01,706 - root - INFO - mask1 ratio: 0.01, mask2 ratio: 0.00, mask3 ratio: 0.10, mask4 ratio: 0.88
2026-01-22 17:36:01,924 - root - INFO - mask1 ratio: 0.01, mask2 ratio: 0.07, mask3 ratio: 0.10, mask4 ratio: 0.82
2026-01-22 17:36:02,227 - root - INFO - mask1 ratio: 0.02, mask2 ratio: 0.14, mask3 ratio: 0.10, mask4 ratio: 0.74
2026-01-22 17:36:02,258 - root - INFO - time 4.35
2026-01-22 17:36:02,271 - root - INFO - 3 fc1
2026-01-22 17:36:02,271 - root - INFO - Quantizing ...
2026-01-22 17:36:02,597 - root - INFO - mask1 ratio: 0.02, mask2 ratio: 0.18, mask3 ratio: 0.10, mask4 ratio: 0.70
2026-01-22 17:36:02,894 - root - INFO - mask1 ratio: 0.02, mask2 ratio: 0.20, mask3 ratio: 0.10, mask4 ratio: 0.68
2026-01-22 17:36:03,185 - root - INFO - mask1 ratio: 0.01, mask2 ratio: 0.00, mask3 ratio: 0.10, mask4 ratio: 0.88
2026-01-22 17:36:03,496 - root - INFO - mask1 ratio: 0.03, mask2 ratio: 0.24, mask3 ratio: 0.10, mask4 ratio: 0.63
2026-01-22 17:36:03,798 - root - INFO - mask1 ratio: 0.04, mask2 ratio: 0.32, mask3 ratio: 0.10, mask4 ratio: 0.54
2026-01-22 17:36:04,089 - root - INFO - mask1 ratio: 0.03, mask2 ratio: 0.25, mask3 ratio: 0.10, mask4 ratio: 0.63
2026-01-22 17:36:04,380 - root - INFO - mask1 ratio: 0.03, mask2 ratio: 0.27, mask3 ratio: 0.10, mask4 ratio: 0.60
2026-01-22 17:36:04,673 - root - INFO - mask1 ratio: 0.02, mask2 ratio: 0.22, mask3 ratio: 0.10, mask4 ratio: 0.66
2026-01-22 17:36:04,972 - root - INFO - mask1 ratio: 0.03, mask2 ratio: 0.23, mask3 ratio: 0.10, mask4 ratio: 0.65
2026-01-22 17:36:05,268 - root - INFO - mask1 ratio: 0.03, mask2 ratio: 0.24, mask3 ratio: 0.10, mask4 ratio: 0.63
2026-01-22 17:36:05,562 - root - INFO - mask1 ratio: 0.03, mask2 ratio: 0.25, mask3 ratio: 0.10, mask4 ratio: 0.62
2026-01-22 17:36:05,851 - root - INFO - mask1 ratio: 0.01, mask2 ratio: 0.00, mask3 ratio: 0.10, mask4 ratio: 0.88
2026-01-22 17:36:06,144 - root - INFO - mask1 ratio: 0.03, mask2 ratio: 0.25, mask3 ratio: 0.10, mask4 ratio: 0.63
2026-01-22 17:36:06,437 - root - INFO - mask1 ratio: 0.02, mask2 ratio: 0.17, mask3 ratio: 0.10, mask4 ratio: 0.71
2026-01-22 17:36:06,728 - root - INFO - mask1 ratio: 0.00, mask2 ratio: 0.04, mask3 ratio: 0.10, mask4 ratio: 0.85
2026-01-22 17:36:07,076 - root - INFO - mask1 ratio: 0.03, mask2 ratio: 0.27, mask3 ratio: 0.10, mask4 ratio: 0.60
2026-01-22 17:36:07,406 - root - INFO - mask1 ratio: 0.03, mask2 ratio: 0.29, mask3 ratio: 0.10, mask4 ratio: 0.58
2026-01-22 17:36:07,698 - root - INFO - mask1 ratio: 0.02, mask2 ratio: 0.18, mask3 ratio: 0.10, mask4 ratio: 0.70
2026-01-22 17:36:07,991 - root - INFO - mask1 ratio: 0.03, mask2 ratio: 0.27, mask3 ratio: 0.10, mask4 ratio: 0.60
2026-01-22 17:36:08,283 - root - INFO - mask1 ratio: 0.00, mask2 ratio: 0.03, mask3 ratio: 0.10, mask4 ratio: 0.87
2026-01-22 17:36:08,319 - root - INFO - time 6.05
2026-01-22 17:36:08,328 - root - INFO - 3 fc2
2026-01-22 17:36:08,328 - root - INFO - Quantizing ...
2026-01-22 17:36:08,635 - root - INFO - mask1 ratio: 0.01, mask2 ratio: 0.02, mask3 ratio: 0.10, mask4 ratio: 0.88
2026-01-22 17:36:08,850 - root - INFO - mask1 ratio: 0.01, mask2 ratio: 0.05, mask3 ratio: 0.10, mask4 ratio: 0.84
2026-01-22 17:36:09,065 - root - INFO - mask1 ratio: 0.00, mask2 ratio: 0.02, mask3 ratio: 0.10, mask4 ratio: 0.88
2026-01-22 17:36:09,275 - root - INFO - mask1 ratio: 0.01, mask2 ratio: 0.04, mask3 ratio: 0.10, mask4 ratio: 0.85
2026-01-22 17:36:09,485 - root - INFO - mask1 ratio: 0.01, mask2 ratio: 0.04, mask3 ratio: 0.10, mask4 ratio: 0.85
2026-01-22 17:36:09,694 - root - INFO - mask1 ratio: 0.01, mask2 ratio: 0.06, mask3 ratio: 0.10, mask4 ratio: 0.83
2026-01-22 17:36:09,902 - root - INFO - mask1 ratio: 0.01, mask2 ratio: 0.05, mask3 ratio: 0.10, mask4 ratio: 0.85
2026-01-22 17:36:10,111 - root - INFO - mask1 ratio: 0.01, mask2 ratio: 0.03, mask3 ratio: 0.10, mask4 ratio: 0.86
2026-01-22 17:36:10,320 - root - INFO - mask1 ratio: 0.00, mask2 ratio: 0.02, mask3 ratio: 0.10, mask4 ratio: 0.88
2026-01-22 17:36:10,529 - root - INFO - mask1 ratio: 0.01, mask2 ratio: 0.00, mask3 ratio: 0.10, mask4 ratio: 0.88
2026-01-22 17:36:10,738 - root - INFO - mask1 ratio: 0.02, mask2 ratio: 0.13, mask3 ratio: 0.10, mask4 ratio: 0.76
2026-01-22 17:36:10,947 - root - INFO - mask1 ratio: 0.02, mask2 ratio: 0.13, mask3 ratio: 0.10, mask4 ratio: 0.75
2026-01-22 17:36:11,159 - root - INFO - mask1 ratio: 0.01, mask2 ratio: 0.02, mask3 ratio: 0.10, mask4 ratio: 0.87
2026-01-22 17:36:11,372 - root - INFO - mask1 ratio: 0.01, mask2 ratio: 0.04, mask3 ratio: 0.10, mask4 ratio: 0.85
2026-01-22 17:36:11,583 - root - INFO - mask1 ratio: 0.01, mask2 ratio: 0.02, mask3 ratio: 0.10, mask4 ratio: 0.88
2026-01-22 17:36:11,795 - root - INFO - mask1 ratio: 0.01, mask2 ratio: 0.03, mask3 ratio: 0.10, mask4 ratio: 0.85
2026-01-22 17:36:12,012 - root - INFO - mask1 ratio: 0.00, mask2 ratio: 0.02, mask3 ratio: 0.10, mask4 ratio: 0.88
2026-01-22 17:36:12,221 - root - INFO - mask1 ratio: 0.01, mask2 ratio: 0.03, mask3 ratio: 0.10, mask4 ratio: 0.87
2026-01-22 17:36:12,569 - root - INFO - mask1 ratio: 0.00, mask2 ratio: 0.03, mask3 ratio: 0.10, mask4 ratio: 0.87
2026-01-22 17:36:12,786 - root - INFO - mask1 ratio: 0.01, mask2 ratio: 0.03, mask3 ratio: 0.10, mask4 ratio: 0.86
2026-01-22 17:36:12,995 - root - INFO - mask1 ratio: 0.00, mask2 ratio: 0.02, mask3 ratio: 0.10, mask4 ratio: 0.88
2026-01-22 17:36:13,204 - root - INFO - mask1 ratio: 0.03, mask2 ratio: 0.19, mask3 ratio: 0.10, mask4 ratio: 0.69
2026-01-22 17:36:13,414 - root - INFO - mask1 ratio: 0.01, mask2 ratio: 0.05, mask3 ratio: 0.10, mask4 ratio: 0.84
2026-01-22 17:36:13,625 - root - INFO - mask1 ratio: 0.01, mask2 ratio: 0.00, mask3 ratio: 0.10, mask4 ratio: 0.88
2026-01-22 17:36:13,834 - root - INFO - mask1 ratio: 0.02, mask2 ratio: 0.14, mask3 ratio: 0.10, mask4 ratio: 0.74
2026-01-22 17:36:14,043 - root - INFO - mask1 ratio: 0.01, mask2 ratio: 0.02, mask3 ratio: 0.10, mask4 ratio: 0.88
2026-01-22 17:36:14,252 - root - INFO - mask1 ratio: 0.01, mask2 ratio: 0.02, mask3 ratio: 0.10, mask4 ratio: 0.88
2026-01-22 17:36:14,462 - root - INFO - mask1 ratio: 0.01, mask2 ratio: 0.04, mask3 ratio: 0.10, mask4 ratio: 0.85
2026-01-22 17:36:14,679 - root - INFO - mask1 ratio: 0.01, mask2 ratio: 0.02, mask3 ratio: 0.10, mask4 ratio: 0.88
2026-01-22 17:36:14,889 - root - INFO - mask1 ratio: 0.01, mask2 ratio: 0.04, mask3 ratio: 0.10, mask4 ratio: 0.85
2026-01-22 17:36:15,098 - root - INFO - mask1 ratio: 0.01, mask2 ratio: 0.02, mask3 ratio: 0.10, mask4 ratio: 0.87
2026-01-22 17:36:15,312 - root - INFO - mask1 ratio: 0.00, mask2 ratio: 0.02, mask3 ratio: 0.10, mask4 ratio: 0.88
2026-01-22 17:36:15,528 - root - INFO - mask1 ratio: 0.01, mask2 ratio: 0.04, mask3 ratio: 0.10, mask4 ratio: 0.85
2026-01-22 17:36:15,737 - root - INFO - mask1 ratio: 0.00, mask2 ratio: 0.02, mask3 ratio: 0.10, mask4 ratio: 0.88
2026-01-22 17:36:15,947 - root - INFO - mask1 ratio: 0.01, mask2 ratio: 0.02, mask3 ratio: 0.10, mask4 ratio: 0.88
2026-01-22 17:36:16,156 - root - INFO - mask1 ratio: 0.01, mask2 ratio: 0.03, mask3 ratio: 0.10, mask4 ratio: 0.86
2026-01-22 17:36:16,365 - root - INFO - mask1 ratio: 0.01, mask2 ratio: 0.04, mask3 ratio: 0.10, mask4 ratio: 0.85
2026-01-22 17:36:16,575 - root - INFO - mask1 ratio: 0.01, mask2 ratio: 0.03, mask3 ratio: 0.10, mask4 ratio: 0.87
2026-01-22 17:36:16,790 - root - INFO - mask1 ratio: 0.01, mask2 ratio: 0.10, mask3 ratio: 0.10, mask4 ratio: 0.79
2026-01-22 17:36:16,998 - root - INFO - mask1 ratio: 0.01, mask2 ratio: 0.06, mask3 ratio: 0.10, mask4 ratio: 0.82
2026-01-22 17:36:17,208 - root - INFO - mask1 ratio: 0.01, mask2 ratio: 0.02, mask3 ratio: 0.10, mask4 ratio: 0.87
2026-01-22 17:36:17,418 - root - INFO - mask1 ratio: 0.01, mask2 ratio: 0.05, mask3 ratio: 0.10, mask4 ratio: 0.85
2026-01-22 17:36:17,630 - root - INFO - mask1 ratio: 0.00, mask2 ratio: 0.02, mask3 ratio: 0.10, mask4 ratio: 0.88
2026-01-22 17:36:17,839 - root - INFO - mask1 ratio: 0.02, mask2 ratio: 0.14, mask3 ratio: 0.10, mask4 ratio: 0.74
2026-01-22 17:36:18,141 - root - INFO - mask1 ratio: 0.01, mask2 ratio: 0.03, mask3 ratio: 0.10, mask4 ratio: 0.86
2026-01-22 17:36:18,352 - root - INFO - mask1 ratio: 0.01, mask2 ratio: 0.04, mask3 ratio: 0.10, mask4 ratio: 0.85
2026-01-22 17:36:18,562 - root - INFO - mask1 ratio: 0.02, mask2 ratio: 0.13, mask3 ratio: 0.10, mask4 ratio: 0.75
2026-01-22 17:36:18,770 - root - INFO - mask1 ratio: 0.02, mask2 ratio: 0.08, mask3 ratio: 0.10, mask4 ratio: 0.81
2026-01-22 17:36:18,979 - root - INFO - mask1 ratio: 0.01, mask2 ratio: 0.04, mask3 ratio: 0.10, mask4 ratio: 0.85
2026-01-22 17:36:19,189 - root - INFO - mask1 ratio: 0.01, mask2 ratio: 0.03, mask3 ratio: 0.10, mask4 ratio: 0.86
2026-01-22 17:36:19,397 - root - INFO - mask1 ratio: 0.02, mask2 ratio: 0.05, mask3 ratio: 0.10, mask4 ratio: 0.83
2026-01-22 17:36:19,608 - root - INFO - mask1 ratio: 0.01, mask2 ratio: 0.02, mask3 ratio: 0.10, mask4 ratio: 0.88
2026-01-22 17:36:19,817 - root - INFO - mask1 ratio: 0.00, mask2 ratio: 0.02, mask3 ratio: 0.10, mask4 ratio: 0.88
2026-01-22 17:36:20,027 - root - INFO - mask1 ratio: 0.01, mask2 ratio: 0.03, mask3 ratio: 0.10, mask4 ratio: 0.86
2026-01-22 17:36:20,235 - root - INFO - mask1 ratio: 0.01, mask2 ratio: 0.02, mask3 ratio: 0.10, mask4 ratio: 0.87
2026-01-22 17:36:20,444 - root - INFO - mask1 ratio: 0.01, mask2 ratio: 0.04, mask3 ratio: 0.10, mask4 ratio: 0.85
2026-01-22 17:36:20,654 - root - INFO - mask1 ratio: 0.01, mask2 ratio: 0.03, mask3 ratio: 0.10, mask4 ratio: 0.86
2026-01-22 17:36:20,863 - root - INFO - mask1 ratio: 0.01, mask2 ratio: 0.02, mask3 ratio: 0.10, mask4 ratio: 0.88
2026-01-22 17:36:21,070 - root - INFO - mask1 ratio: 0.01, mask2 ratio: 0.07, mask3 ratio: 0.10, mask4 ratio: 0.82
2026-01-22 17:36:21,279 - root - INFO - mask1 ratio: 0.01, mask2 ratio: 0.03, mask3 ratio: 0.10, mask4 ratio: 0.87
2026-01-22 17:36:21,489 - root - INFO - mask1 ratio: 0.01, mask2 ratio: 0.03, mask3 ratio: 0.10, mask4 ratio: 0.86
2026-01-22 17:36:21,699 - root - INFO - mask1 ratio: 0.00, mask2 ratio: 0.03, mask3 ratio: 0.10, mask4 ratio: 0.87
2026-01-22 17:36:21,912 - root - INFO - mask1 ratio: 0.01, mask2 ratio: 0.02, mask3 ratio: 0.10, mask4 ratio: 0.87
2026-01-22 17:36:22,121 - root - INFO - mask1 ratio: 0.01, mask2 ratio: 0.02, mask3 ratio: 0.10, mask4 ratio: 0.87
2026-01-22 17:36:22,329 - root - INFO - mask1 ratio: 0.01, mask2 ratio: 0.00, mask3 ratio: 0.10, mask4 ratio: 0.88
2026-01-22 17:36:22,545 - root - INFO - mask1 ratio: 0.00, mask2 ratio: 0.02, mask3 ratio: 0.10, mask4 ratio: 0.88
2026-01-22 17:36:22,756 - root - INFO - mask1 ratio: 0.01, mask2 ratio: 0.02, mask3 ratio: 0.10, mask4 ratio: 0.88
2026-01-22 17:36:22,964 - root - INFO - mask1 ratio: 0.01, mask2 ratio: 0.05, mask3 ratio: 0.10, mask4 ratio: 0.84
2026-01-22 17:36:23,172 - root - INFO - mask1 ratio: 0.00, mask2 ratio: 0.02, mask3 ratio: 0.10, mask4 ratio: 0.88
2026-01-22 17:36:23,406 - root - INFO - mask1 ratio: 0.01, mask2 ratio: 0.03, mask3 ratio: 0.10, mask4 ratio: 0.86
2026-01-22 17:36:23,723 - root - INFO - mask1 ratio: 0.01, mask2 ratio: 0.04, mask3 ratio: 0.10, mask4 ratio: 0.85
2026-01-22 17:36:23,932 - root - INFO - mask1 ratio: 0.01, mask2 ratio: 0.04, mask3 ratio: 0.10, mask4 ratio: 0.85
2026-01-22 17:36:24,142 - root - INFO - mask1 ratio: 0.01, mask2 ratio: 0.03, mask3 ratio: 0.10, mask4 ratio: 0.86
2026-01-22 17:36:24,351 - root - INFO - mask1 ratio: 0.02, mask2 ratio: 0.09, mask3 ratio: 0.10, mask4 ratio: 0.79
2026-01-22 17:36:24,565 - root - INFO - mask1 ratio: 0.02, mask2 ratio: 0.08, mask3 ratio: 0.10, mask4 ratio: 0.80
2026-01-22 17:36:24,775 - root - INFO - mask1 ratio: 0.01, mask2 ratio: 0.08, mask3 ratio: 0.10, mask4 ratio: 0.81
2026-01-22 17:36:24,985 - root - INFO - mask1 ratio: 0.01, mask2 ratio: 0.00, mask3 ratio: 0.10, mask4 ratio: 0.88
2026-01-22 17:36:25,194 - root - INFO - mask1 ratio: 0.01, mask2 ratio: 0.05, mask3 ratio: 0.10, mask4 ratio: 0.84
2026-01-22 17:36:25,404 - root - INFO - mask1 ratio: 0.01, mask2 ratio: 0.02, mask3 ratio: 0.10, mask4 ratio: 0.88
2026-01-22 17:36:25,613 - root - INFO - mask1 ratio: 0.02, mask2 ratio: 0.15, mask3 ratio: 0.10, mask4 ratio: 0.73
2026-01-22 17:36:25,640 - root - INFO - time 17.31
2026-01-22 17:36:27,750 - root - INFO - 4 self_attn.k_proj
2026-01-22 17:36:27,750 - root - INFO - Quantizing ...
2026-01-22 17:36:28,331 - root - INFO - mask1 ratio: 0.01, mask2 ratio: 0.03, mask3 ratio: 0.10, mask4 ratio: 0.87
2026-01-22 17:36:28,542 - root - INFO - mask1 ratio: 0.01, mask2 ratio: 0.00, mask3 ratio: 0.10, mask4 ratio: 0.88
2026-01-22 17:36:28,753 - root - INFO - mask1 ratio: 0.01, mask2 ratio: 0.00, mask3 ratio: 0.10, mask4 ratio: 0.88
2026-01-22 17:36:28,964 - root - INFO - mask1 ratio: 0.01, mask2 ratio: 0.03, mask3 ratio: 0.10, mask4 ratio: 0.87
2026-01-22 17:36:29,175 - root - INFO - mask1 ratio: 0.01, mask2 ratio: 0.12, mask3 ratio: 0.10, mask4 ratio: 0.77
2026-01-22 17:36:29,386 - root - INFO - mask1 ratio: 0.01, mask2 ratio: 0.06, mask3 ratio: 0.10, mask4 ratio: 0.83
2026-01-22 17:36:29,601 - root - INFO - mask1 ratio: 0.01, mask2 ratio: 0.03, mask3 ratio: 0.10, mask4 ratio: 0.86
2026-01-22 17:36:29,814 - root - INFO - mask1 ratio: 0.01, mask2 ratio: 0.02, mask3 ratio: 0.10, mask4 ratio: 0.87
2026-01-22 17:36:30,026 - root - INFO - mask1 ratio: 0.01, mask2 ratio: 0.02, mask3 ratio: 0.10, mask4 ratio: 0.88
2026-01-22 17:36:30,237 - root - INFO - mask1 ratio: 0.01, mask2 ratio: 0.05, mask3 ratio: 0.10, mask4 ratio: 0.84
2026-01-22 17:36:30,446 - root - INFO - mask1 ratio: 0.01, mask2 ratio: 0.03, mask3 ratio: 0.10, mask4 ratio: 0.87
2026-01-22 17:36:30,657 - root - INFO - mask1 ratio: 0.01, mask2 ratio: 0.00, mask3 ratio: 0.10, mask4 ratio: 0.88
2026-01-22 17:36:30,894 - root - INFO - mask1 ratio: 0.01, mask2 ratio: 0.02, mask3 ratio: 0.10, mask4 ratio: 0.87
2026-01-22 17:36:31,166 - root - INFO - mask1 ratio: 0.01, mask2 ratio: 0.03, mask3 ratio: 0.10, mask4 ratio: 0.86
2026-01-22 17:36:31,376 - root - INFO - mask1 ratio: 0.00, mask2 ratio: 0.02, mask3 ratio: 0.10, mask4 ratio: 0.88
2026-01-22 17:36:31,587 - root - INFO - mask1 ratio: 0.01, mask2 ratio: 0.05, mask3 ratio: 0.10, mask4 ratio: 0.85
2026-01-22 17:36:31,798 - root - INFO - mask1 ratio: 0.00, mask2 ratio: 0.03, mask3 ratio: 0.10, mask4 ratio: 0.87
2026-01-22 17:36:32,010 - root - INFO - mask1 ratio: 0.01, mask2 ratio: 0.03, mask3 ratio: 0.10, mask4 ratio: 0.86
2026-01-22 17:36:32,219 - root - INFO - mask1 ratio: 0.01, mask2 ratio: 0.04, mask3 ratio: 0.10, mask4 ratio: 0.85
2026-01-22 17:36:32,429 - root - INFO - mask1 ratio: 0.01, mask2 ratio: 0.00, mask3 ratio: 0.10, mask4 ratio: 0.88
2026-01-22 17:36:32,455 - root - INFO - time 4.71
2026-01-22 17:36:32,467 - root - INFO - 4 self_attn.v_proj
2026-01-22 17:36:32,467 - root - INFO - Quantizing ...
2026-01-22 17:36:32,660 - root - INFO - mask1 ratio: 0.04, mask2 ratio: 0.34, mask3 ratio: 0.10, mask4 ratio: 0.52
2026-01-22 17:36:32,870 - root - INFO - mask1 ratio: 0.04, mask2 ratio: 0.34, mask3 ratio: 0.10, mask4 ratio: 0.52
2026-01-22 17:36:33,080 - root - INFO - mask1 ratio: 0.00, mask2 ratio: 0.02, mask3 ratio: 0.10, mask4 ratio: 0.88
2026-01-22 17:36:33,290 - root - INFO - mask1 ratio: 0.01, mask2 ratio: 0.05, mask3 ratio: 0.10, mask4 ratio: 0.84
2026-01-22 17:36:33,500 - root - INFO - mask1 ratio: 0.01, mask2 ratio: 0.09, mask3 ratio: 0.10, mask4 ratio: 0.80
2026-01-22 17:36:33,715 - root - INFO - mask1 ratio: 0.02, mask2 ratio: 0.11, mask3 ratio: 0.10, mask4 ratio: 0.78
2026-01-22 17:36:33,926 - root - INFO - mask1 ratio: 0.02, mask2 ratio: 0.19, mask3 ratio: 0.10, mask4 ratio: 0.68
2026-01-22 17:36:34,145 - root - INFO - mask1 ratio: 0.02, mask2 ratio: 0.15, mask3 ratio: 0.10, mask4 ratio: 0.73
2026-01-22 17:36:34,356 - root - INFO - mask1 ratio: 0.03, mask2 ratio: 0.30, mask3 ratio: 0.10, mask4 ratio: 0.56
2026-01-22 17:36:34,566 - root - INFO - mask1 ratio: 0.03, mask2 ratio: 0.28, mask3 ratio: 0.10, mask4 ratio: 0.59
2026-01-22 17:36:34,776 - root - INFO - mask1 ratio: 0.02, mask2 ratio: 0.10, mask3 ratio: 0.10, mask4 ratio: 0.78
2026-01-22 17:36:34,986 - root - INFO - mask1 ratio: 0.01, mask2 ratio: 0.00, mask3 ratio: 0.10, mask4 ratio: 0.88
2026-01-22 17:36:35,199 - root - INFO - mask1 ratio: 0.04, mask2 ratio: 0.34, mask3 ratio: 0.10, mask4 ratio: 0.52
2026-01-22 17:36:35,419 - root - INFO - mask1 ratio: 0.01, mask2 ratio: 0.05, mask3 ratio: 0.10, mask4 ratio: 0.85
2026-01-22 17:36:35,630 - root - INFO - mask1 ratio: 0.02, mask2 ratio: 0.21, mask3 ratio: 0.10, mask4 ratio: 0.67
2026-01-22 17:36:35,841 - root - INFO - mask1 ratio: 0.02, mask2 ratio: 0.20, mask3 ratio: 0.10, mask4 ratio: 0.67
2026-01-22 17:36:36,051 - root - INFO - mask1 ratio: 0.00, mask2 ratio: 0.03, mask3 ratio: 0.10, mask4 ratio: 0.87
2026-01-22 17:36:36,582 - root - INFO - mask1 ratio: 0.01, mask2 ratio: 0.04, mask3 ratio: 0.10, mask4 ratio: 0.85
2026-01-22 17:36:36,809 - root - INFO - mask1 ratio: 0.03, mask2 ratio: 0.28, mask3 ratio: 0.10, mask4 ratio: 0.59
2026-01-22 17:36:37,019 - root - INFO - mask1 ratio: 0.00, mask2 ratio: 0.02, mask3 ratio: 0.10, mask4 ratio: 0.88
2026-01-22 17:36:37,046 - root - INFO - time 4.58
2026-01-22 17:36:37,049 - root - INFO - 4 self_attn.q_proj
2026-01-22 17:36:37,049 - root - INFO - Quantizing ...
2026-01-22 17:36:37,209 - root - INFO - mask1 ratio: 0.01, mask2 ratio: 0.02, mask3 ratio: 0.10, mask4 ratio: 0.88
2026-01-22 17:36:37,409 - root - INFO - mask1 ratio: 0.01, mask2 ratio: 0.00, mask3 ratio: 0.10, mask4 ratio: 0.88
2026-01-22 17:36:37,619 - root - INFO - mask1 ratio: 0.01, mask2 ratio: 0.00, mask3 ratio: 0.10, mask4 ratio: 0.88
2026-01-22 17:36:37,829 - root - INFO - mask1 ratio: 0.01, mask2 ratio: 0.02, mask3 ratio: 0.10, mask4 ratio: 0.87
2026-01-22 17:36:38,039 - root - INFO - mask1 ratio: 0.01, mask2 ratio: 0.10, mask3 ratio: 0.10, mask4 ratio: 0.79
2026-01-22 17:36:38,276 - root - INFO - mask1 ratio: 0.01, mask2 ratio: 0.06, mask3 ratio: 0.10, mask4 ratio: 0.82
2026-01-22 17:36:38,488 - root - INFO - mask1 ratio: 0.01, mask2 ratio: 0.09, mask3 ratio: 0.10, mask4 ratio: 0.80
2026-01-22 17:36:38,698 - root - INFO - mask1 ratio: 0.01, mask2 ratio: 0.02, mask3 ratio: 0.10, mask4 ratio: 0.88
2026-01-22 17:36:38,907 - root - INFO - mask1 ratio: 0.01, mask2 ratio: 0.02, mask3 ratio: 0.10, mask4 ratio: 0.88
2026-01-22 17:36:39,117 - root - INFO - mask1 ratio: 0.01, mask2 ratio: 0.11, mask3 ratio: 0.10, mask4 ratio: 0.78
2026-01-22 17:36:39,327 - root - INFO - mask1 ratio: 0.01, mask2 ratio: 0.03, mask3 ratio: 0.10, mask4 ratio: 0.86
2026-01-22 17:36:39,537 - root - INFO - mask1 ratio: 0.01, mask2 ratio: 0.00, mask3 ratio: 0.10, mask4 ratio: 0.88
2026-01-22 17:36:39,748 - root - INFO - mask1 ratio: 0.01, mask2 ratio: 0.02, mask3 ratio: 0.10, mask4 ratio: 0.88
2026-01-22 17:36:39,989 - root - INFO - mask1 ratio: 0.01, mask2 ratio: 0.02, mask3 ratio: 0.10, mask4 ratio: 0.87
2026-01-22 17:36:40,200 - root - INFO - mask1 ratio: 0.01, mask2 ratio: 0.00, mask3 ratio: 0.10, mask4 ratio: 0.88
2026-01-22 17:36:40,413 - root - INFO - mask1 ratio: 0.01, mask2 ratio: 0.02, mask3 ratio: 0.10, mask4 ratio: 0.88
2026-01-22 17:36:40,624 - root - INFO - mask1 ratio: 0.01, mask2 ratio: 0.03, mask3 ratio: 0.10, mask4 ratio: 0.87
2026-01-22 17:36:40,849 - root - INFO - mask1 ratio: 0.01, mask2 ratio: 0.02, mask3 ratio: 0.10, mask4 ratio: 0.87
2026-01-22 17:36:41,072 - root - INFO - mask1 ratio: 0.01, mask2 ratio: 0.07, mask3 ratio: 0.10, mask4 ratio: 0.81
2026-01-22 17:36:41,308 - root - INFO - mask1 ratio: 0.01, mask2 ratio: 0.00, mask3 ratio: 0.10, mask4 ratio: 0.88
2026-01-22 17:36:41,337 - root - INFO - time 4.29
2026-01-22 17:36:41,342 - root - INFO - 4 self_attn.out_proj
2026-01-22 17:36:41,342 - root - INFO - Quantizing ...
2026-01-22 17:36:41,549 - root - INFO - mask1 ratio: 0.01, mask2 ratio: 0.02, mask3 ratio: 0.11, mask4 ratio: 0.86
2026-01-22 17:36:41,772 - root - INFO - mask1 ratio: 0.01, mask2 ratio: 0.03, mask3 ratio: 0.10, mask4 ratio: 0.87
2026-01-22 17:36:41,981 - root - INFO - mask1 ratio: 0.00, mask2 ratio: 0.03, mask3 ratio: 0.10, mask4 ratio: 0.87
2026-01-22 17:36:42,190 - root - INFO - mask1 ratio: 0.00, mask2 ratio: 0.02, mask3 ratio: 0.10, mask4 ratio: 0.88
2026-01-22 17:36:42,403 - root - INFO - mask1 ratio: 0.04, mask2 ratio: 0.34, mask3 ratio: 0.10, mask4 ratio: 0.53
2026-01-22 17:36:42,617 - root - INFO - mask1 ratio: 0.02, mask2 ratio: 0.14, mask3 ratio: 0.10, mask4 ratio: 0.74
2026-01-22 17:36:42,871 - root - INFO - mask1 ratio: 0.03, mask2 ratio: 0.22, mask3 ratio: 0.10, mask4 ratio: 0.65
2026-01-22 17:36:43,081 - root - INFO - mask1 ratio: 0.01, mask2 ratio: 0.02, mask3 ratio: 0.10, mask4 ratio: 0.88
2026-01-22 17:36:43,292 - root - INFO - mask1 ratio: 0.03, mask2 ratio: 0.22, mask3 ratio: 0.10, mask4 ratio: 0.65
2026-01-22 17:36:43,505 - root - INFO - mask1 ratio: 0.00, mask2 ratio: 0.03, mask3 ratio: 0.10, mask4 ratio: 0.87
2026-01-22 17:36:43,715 - root - INFO - mask1 ratio: 0.00, mask2 ratio: 0.02, mask3 ratio: 0.10, mask4 ratio: 0.88
2026-01-22 17:36:43,927 - root - INFO - mask1 ratio: 0.01, mask2 ratio: 0.03, mask3 ratio: 0.10, mask4 ratio: 0.86
2026-01-22 17:36:44,149 - root - INFO - mask1 ratio: 0.01, mask2 ratio: 0.00, mask3 ratio: 0.10, mask4 ratio: 0.88
2026-01-22 17:36:44,386 - root - INFO - mask1 ratio: 0.00, mask2 ratio: 0.02, mask3 ratio: 0.10, mask4 ratio: 0.88
2026-01-22 17:36:44,596 - root - INFO - mask1 ratio: 0.01, mask2 ratio: 0.10, mask3 ratio: 0.10, mask4 ratio: 0.79
2026-01-22 17:36:44,807 - root - INFO - mask1 ratio: 0.01, mask2 ratio: 0.05, mask3 ratio: 0.10, mask4 ratio: 0.85
2026-01-22 17:36:45,017 - root - INFO - mask1 ratio: 0.01, mask2 ratio: 0.00, mask3 ratio: 0.10, mask4 ratio: 0.88
2026-01-22 17:36:45,227 - root - INFO - mask1 ratio: 0.01, mask2 ratio: 0.00, mask3 ratio: 0.10, mask4 ratio: 0.88
2026-01-22 17:36:45,439 - root - INFO - mask1 ratio: 0.01, mask2 ratio: 0.03, mask3 ratio: 0.10, mask4 ratio: 0.87
2026-01-22 17:36:45,649 - root - INFO - mask1 ratio: 0.00, mask2 ratio: 0.02, mask3 ratio: 0.10, mask4 ratio: 0.88
2026-01-22 17:36:45,675 - root - INFO - time 4.33
2026-01-22 17:36:45,679 - root - INFO - 4 fc1
2026-01-22 17:36:45,679 - root - INFO - Quantizing ...
2026-01-22 17:36:45,973 - root - INFO - mask1 ratio: 0.03, mask2 ratio: 0.25, mask3 ratio: 0.10, mask4 ratio: 0.63
2026-01-22 17:36:46,261 - root - INFO - mask1 ratio: 0.03, mask2 ratio: 0.27, mask3 ratio: 0.10, mask4 ratio: 0.60
2026-01-22 17:36:46,544 - root - INFO - mask1 ratio: 0.01, mask2 ratio: 0.00, mask3 ratio: 0.10, mask4 ratio: 0.88
2026-01-22 17:36:46,831 - root - INFO - mask1 ratio: 0.03, mask2 ratio: 0.25, mask3 ratio: 0.10, mask4 ratio: 0.62
2026-01-22 17:36:47,120 - root - INFO - mask1 ratio: 0.04, mask2 ratio: 0.32, mask3 ratio: 0.10, mask4 ratio: 0.54
2026-01-22 17:36:47,437 - root - INFO - mask1 ratio: 0.03, mask2 ratio: 0.27, mask3 ratio: 0.10, mask4 ratio: 0.60
2026-01-22 17:36:47,727 - root - INFO - mask1 ratio: 0.03, mask2 ratio: 0.23, mask3 ratio: 0.10, mask4 ratio: 0.65
2026-01-22 17:36:48,016 - root - INFO - mask1 ratio: 0.03, mask2 ratio: 0.30, mask3 ratio: 0.10, mask4 ratio: 0.56
2026-01-22 17:36:48,299 - root - INFO - mask1 ratio: 0.01, mask2 ratio: 0.03, mask3 ratio: 0.10, mask4 ratio: 0.86
2026-01-22 17:36:48,627 - root - INFO - mask1 ratio: 0.03, mask2 ratio: 0.31, mask3 ratio: 0.10, mask4 ratio: 0.56
2026-01-22 17:36:48,919 - root - INFO - mask1 ratio: 0.02, mask2 ratio: 0.20, mask3 ratio: 0.10, mask4 ratio: 0.67
2026-01-22 17:36:49,205 - root - INFO - mask1 ratio: 0.01, mask2 ratio: 0.02, mask3 ratio: 0.10, mask4 ratio: 0.88
2026-01-22 17:36:49,489 - root - INFO - mask1 ratio: 0.01, mask2 ratio: 0.03, mask3 ratio: 0.10, mask4 ratio: 0.86
2026-01-22 17:36:49,778 - root - INFO - mask1 ratio: 0.02, mask2 ratio: 0.20, mask3 ratio: 0.10, mask4 ratio: 0.67
2026-01-22 17:36:50,080 - root - INFO - mask1 ratio: 0.00, mask2 ratio: 0.03, mask3 ratio: 0.10, mask4 ratio: 0.87
2026-01-22 17:36:50,367 - root - INFO - mask1 ratio: 0.04, mask2 ratio: 0.34, mask3 ratio: 0.10, mask4 ratio: 0.52
2026-01-22 17:36:50,653 - root - INFO - mask1 ratio: 0.01, mask2 ratio: 0.06, mask3 ratio: 0.10, mask4 ratio: 0.84
2026-01-22 17:36:50,942 - root - INFO - mask1 ratio: 0.03, mask2 ratio: 0.27, mask3 ratio: 0.10, mask4 ratio: 0.60
2026-01-22 17:36:51,227 - root - INFO - mask1 ratio: 0.02, mask2 ratio: 0.20, mask3 ratio: 0.10, mask4 ratio: 0.67
2026-01-22 17:36:51,552 - root - INFO - mask1 ratio: 0.00, mask2 ratio: 0.02, mask3 ratio: 0.10, mask4 ratio: 0.88
2026-01-22 17:36:51,585 - root - INFO - time 5.91
2026-01-22 17:36:51,594 - root - INFO - 4 fc2
2026-01-22 17:36:51,594 - root - INFO - Quantizing ...
2026-01-22 17:36:51,895 - root - INFO - mask1 ratio: 0.01, mask2 ratio: 0.09, mask3 ratio: 0.10, mask4 ratio: 0.80
2026-01-22 17:36:52,105 - root - INFO - mask1 ratio: 0.01, mask2 ratio: 0.02, mask3 ratio: 0.10, mask4 ratio: 0.88
2026-01-22 17:36:52,315 - root - INFO - mask1 ratio: 0.01, mask2 ratio: 0.03, mask3 ratio: 0.10, mask4 ratio: 0.87
2026-01-22 17:36:52,526 - root - INFO - mask1 ratio: 0.01, mask2 ratio: 0.02, mask3 ratio: 0.10, mask4 ratio: 0.88
2026-01-22 17:36:52,737 - root - INFO - mask1 ratio: 0.01, mask2 ratio: 0.02, mask3 ratio: 0.10, mask4 ratio: 0.88
2026-01-22 17:36:52,951 - root - INFO - mask1 ratio: 0.01, mask2 ratio: 0.06, mask3 ratio: 0.10, mask4 ratio: 0.83
2026-01-22 17:36:53,176 - root - INFO - mask1 ratio: 0.01, mask2 ratio: 0.07, mask3 ratio: 0.10, mask4 ratio: 0.81
2026-01-22 17:36:53,385 - root - INFO - mask1 ratio: 0.01, mask2 ratio: 0.04, mask3 ratio: 0.10, mask4 ratio: 0.85
2026-01-22 17:36:53,596 - root - INFO - mask1 ratio: 0.01, mask2 ratio: 0.03, mask3 ratio: 0.10, mask4 ratio: 0.86
2026-01-22 17:36:53,806 - root - INFO - mask1 ratio: 0.01, mask2 ratio: 0.09, mask3 ratio: 0.10, mask4 ratio: 0.80
2026-01-22 17:36:54,015 - root - INFO - mask1 ratio: 0.01, mask2 ratio: 0.04, mask3 ratio: 0.10, mask4 ratio: 0.85
2026-01-22 17:36:54,224 - root - INFO - mask1 ratio: 0.01, mask2 ratio: 0.02, mask3 ratio: 0.10, mask4 ratio: 0.87
2026-01-22 17:36:54,433 - root - INFO - mask1 ratio: 0.01, mask2 ratio: 0.05, mask3 ratio: 0.10, mask4 ratio: 0.85
2026-01-22 17:36:54,684 - root - INFO - mask1 ratio: 0.01, mask2 ratio: 0.04, mask3 ratio: 0.10, mask4 ratio: 0.85
2026-01-22 17:36:54,894 - root - INFO - mask1 ratio: 0.00, mask2 ratio: 0.02, mask3 ratio: 0.10, mask4 ratio: 0.88
2026-01-22 17:36:55,103 - root - INFO - mask1 ratio: 0.01, mask2 ratio: 0.03, mask3 ratio: 0.10, mask4 ratio: 0.86
2026-01-22 17:36:55,313 - root - INFO - mask1 ratio: 0.00, mask2 ratio: 0.02, mask3 ratio: 0.10, mask4 ratio: 0.88
2026-01-22 17:36:55,524 - root - INFO - mask1 ratio: 0.01, mask2 ratio: 0.04, mask3 ratio: 0.10, mask4 ratio: 0.85
2026-01-22 17:36:55,733 - root - INFO - mask1 ratio: 0.01, mask2 ratio: 0.02, mask3 ratio: 0.10, mask4 ratio: 0.87
2026-01-22 17:36:55,943 - root - INFO - mask1 ratio: 0.01, mask2 ratio: 0.02, mask3 ratio: 0.10, mask4 ratio: 0.88
2026-01-22 17:36:56,179 - root - INFO - mask1 ratio: 0.01, mask2 ratio: 0.02, mask3 ratio: 0.10, mask4 ratio: 0.87
2026-01-22 17:36:56,388 - root - INFO - mask1 ratio: 0.01, mask2 ratio: 0.05, mask3 ratio: 0.10, mask4 ratio: 0.84
2026-01-22 17:36:56,598 - root - INFO - mask1 ratio: 0.01, mask2 ratio: 0.03, mask3 ratio: 0.10, mask4 ratio: 0.86
2026-01-22 17:36:56,808 - root - INFO - mask1 ratio: 0.01, mask2 ratio: 0.03, mask3 ratio: 0.10, mask4 ratio: 0.87
2026-01-22 17:36:57,017 - root - INFO - mask1 ratio: 0.01, mask2 ratio: 0.04, mask3 ratio: 0.10, mask4 ratio: 0.85
2026-01-22 17:36:57,227 - root - INFO - mask1 ratio: 0.01, mask2 ratio: 0.02, mask3 ratio: 0.10, mask4 ratio: 0.88
2026-01-22 17:36:57,436 - root - INFO - mask1 ratio: 0.01, mask2 ratio: 0.02, mask3 ratio: 0.10, mask4 ratio: 0.87
2026-01-22 17:36:57,648 - root - INFO - mask1 ratio: 0.03, mask2 ratio: 0.21, mask3 ratio: 0.10, mask4 ratio: 0.67
2026-01-22 17:36:57,901 - root - INFO - mask1 ratio: 0.01, mask2 ratio: 0.02, mask3 ratio: 0.10, mask4 ratio: 0.87
2026-01-22 17:36:58,111 - root - INFO - mask1 ratio: 0.02, mask2 ratio: 0.11, mask3 ratio: 0.10, mask4 ratio: 0.78
2026-01-22 17:36:58,322 - root - INFO - mask1 ratio: 0.01, mask2 ratio: 0.02, mask3 ratio: 0.10, mask4 ratio: 0.88
2026-01-22 17:36:58,531 - root - INFO - mask1 ratio: 0.01, mask2 ratio: 0.06, mask3 ratio: 0.10, mask4 ratio: 0.83
2026-01-22 17:36:58,741 - root - INFO - mask1 ratio: 0.01, mask2 ratio: 0.04, mask3 ratio: 0.10, mask4 ratio: 0.85
2026-01-22 17:36:58,951 - root - INFO - mask1 ratio: 0.01, mask2 ratio: 0.02, mask3 ratio: 0.10, mask4 ratio: 0.88
2026-01-22 17:36:59,161 - root - INFO - mask1 ratio: 0.01, mask2 ratio: 0.02, mask3 ratio: 0.10, mask4 ratio: 0.87
2026-01-22 17:36:59,394 - root - INFO - mask1 ratio: 0.00, mask2 ratio: 0.03, mask3 ratio: 0.10, mask4 ratio: 0.87
2026-01-22 17:36:59,603 - root - INFO - mask1 ratio: 0.02, mask2 ratio: 0.11, mask3 ratio: 0.10, mask4 ratio: 0.77
2026-01-22 17:36:59,816 - root - INFO - mask1 ratio: 0.02, mask2 ratio: 0.13, mask3 ratio: 0.10, mask4 ratio: 0.75
2026-01-22 17:37:00,025 - root - INFO - mask1 ratio: 0.01, mask2 ratio: 0.02, mask3 ratio: 0.10, mask4 ratio: 0.88
2026-01-22 17:37:00,235 - root - INFO - mask1 ratio: 0.02, mask2 ratio: 0.08, mask3 ratio: 0.10, mask4 ratio: 0.80
2026-01-22 17:37:00,443 - root - INFO - mask1 ratio: 0.01, mask2 ratio: 0.04, mask3 ratio: 0.10, mask4 ratio: 0.85
2026-01-22 17:37:00,653 - root - INFO - mask1 ratio: 0.01, mask2 ratio: 0.05, mask3 ratio: 0.10, mask4 ratio: 0.84
2026-01-22 17:37:00,867 - root - INFO - mask1 ratio: 0.01, mask2 ratio: 0.03, mask3 ratio: 0.10, mask4 ratio: 0.86
2026-01-22 17:37:01,106 - root - INFO - mask1 ratio: 0.01, mask2 ratio: 0.03, mask3 ratio: 0.10, mask4 ratio: 0.86
2026-01-22 17:37:01,317 - root - INFO - mask1 ratio: 0.01, mask2 ratio: 0.04, mask3 ratio: 0.10, mask4 ratio: 0.85
2026-01-22 17:37:01,527 - root - INFO - mask1 ratio: 0.00, mask2 ratio: 0.03, mask3 ratio: 0.10, mask4 ratio: 0.87
2026-01-22 17:37:01,738 - root - INFO - mask1 ratio: 0.01, mask2 ratio: 0.06, mask3 ratio: 0.10, mask4 ratio: 0.83
2026-01-22 17:37:01,949 - root - INFO - mask1 ratio: 0.01, mask2 ratio: 0.03, mask3 ratio: 0.10, mask4 ratio: 0.87
2026-01-22 17:37:02,160 - root - INFO - mask1 ratio: 0.01, mask2 ratio: 0.02, mask3 ratio: 0.10, mask4 ratio: 0.88
2026-01-22 17:37:02,370 - root - INFO - mask1 ratio: 0.02, mask2 ratio: 0.16, mask3 ratio: 0.10, mask4 ratio: 0.71
2026-01-22 17:37:02,606 - root - INFO - mask1 ratio: 0.01, mask2 ratio: 0.06, mask3 ratio: 0.10, mask4 ratio: 0.82
2026-01-22 17:37:02,819 - root - INFO - mask1 ratio: 0.01, mask2 ratio: 0.04, mask3 ratio: 0.10, mask4 ratio: 0.85
2026-01-22 17:37:03,029 - root - INFO - mask1 ratio: 0.01, mask2 ratio: 0.03, mask3 ratio: 0.10, mask4 ratio: 0.86
2026-01-22 17:37:03,237 - root - INFO - mask1 ratio: 0.02, mask2 ratio: 0.08, mask3 ratio: 0.10, mask4 ratio: 0.81
2026-01-22 17:37:03,447 - root - INFO - mask1 ratio: 0.01, mask2 ratio: 0.02, mask3 ratio: 0.10, mask4 ratio: 0.87
2026-01-22 17:37:03,656 - root - INFO - mask1 ratio: 0.01, mask2 ratio: 0.02, mask3 ratio: 0.10, mask4 ratio: 0.88
2026-01-22 17:37:03,877 - root - INFO - mask1 ratio: 0.01, mask2 ratio: 0.03, mask3 ratio: 0.10, mask4 ratio: 0.86
2026-01-22 17:37:04,133 - root - INFO - mask1 ratio: 0.00, mask2 ratio: 0.02, mask3 ratio: 0.10, mask4 ratio: 0.88
2026-01-22 17:37:04,344 - root - INFO - mask1 ratio: 0.01, mask2 ratio: 0.04, mask3 ratio: 0.10, mask4 ratio: 0.85
2026-01-22 17:37:04,552 - root - INFO - mask1 ratio: 0.01, mask2 ratio: 0.03, mask3 ratio: 0.10, mask4 ratio: 0.86
2026-01-22 17:37:04,761 - root - INFO - mask1 ratio: 0.01, mask2 ratio: 0.03, mask3 ratio: 0.10, mask4 ratio: 0.86
2026-01-22 17:37:04,973 - root - INFO - mask1 ratio: 0.01, mask2 ratio: 0.02, mask3 ratio: 0.10, mask4 ratio: 0.87
2026-01-22 17:37:05,184 - root - INFO - mask1 ratio: 0.01, mask2 ratio: 0.02, mask3 ratio: 0.10, mask4 ratio: 0.88
2026-01-22 17:37:05,395 - root - INFO - mask1 ratio: 0.02, mask2 ratio: 0.09, mask3 ratio: 0.10, mask4 ratio: 0.80
2026-01-22 17:37:05,606 - root - INFO - mask1 ratio: 0.01, mask2 ratio: 0.04, mask3 ratio: 0.10, mask4 ratio: 0.85
2026-01-22 17:37:05,834 - root - INFO - mask1 ratio: 0.01, mask2 ratio: 0.03, mask3 ratio: 0.10, mask4 ratio: 0.86
2026-01-22 17:37:06,046 - root - INFO - mask1 ratio: 0.01, mask2 ratio: 0.08, mask3 ratio: 0.10, mask4 ratio: 0.81
2026-01-22 17:37:06,256 - root - INFO - mask1 ratio: 0.01, mask2 ratio: 0.02, mask3 ratio: 0.10, mask4 ratio: 0.88
2026-01-22 17:37:06,466 - root - INFO - mask1 ratio: 0.01, mask2 ratio: 0.13, mask3 ratio: 0.10, mask4 ratio: 0.76
2026-01-22 17:37:06,675 - root - INFO - mask1 ratio: 0.02, mask2 ratio: 0.16, mask3 ratio: 0.10, mask4 ratio: 0.71
2026-01-22 17:37:06,884 - root - INFO - mask1 ratio: 0.01, mask2 ratio: 0.04, mask3 ratio: 0.10, mask4 ratio: 0.85
2026-01-22 17:37:07,093 - root - INFO - mask1 ratio: 0.01, mask2 ratio: 0.00, mask3 ratio: 0.10, mask4 ratio: 0.88
2026-01-22 17:37:07,344 - root - INFO - mask1 ratio: 0.02, mask2 ratio: 0.11, mask3 ratio: 0.10, mask4 ratio: 0.77
2026-01-22 17:37:07,554 - root - INFO - mask1 ratio: 0.01, mask2 ratio: 0.03, mask3 ratio: 0.10, mask4 ratio: 0.86
2026-01-22 17:37:07,763 - root - INFO - mask1 ratio: 0.01, mask2 ratio: 0.05, mask3 ratio: 0.10, mask4 ratio: 0.85
2026-01-22 17:37:07,980 - root - INFO - mask1 ratio: 0.02, mask2 ratio: 0.13, mask3 ratio: 0.10, mask4 ratio: 0.75
2026-01-22 17:37:08,202 - root - INFO - mask1 ratio: 0.01, mask2 ratio: 0.03, mask3 ratio: 0.10, mask4 ratio: 0.87
2026-01-22 17:37:08,411 - root - INFO - mask1 ratio: 0.01, mask2 ratio: 0.02, mask3 ratio: 0.10, mask4 ratio: 0.88
2026-01-22 17:37:08,621 - root - INFO - mask1 ratio: 0.01, mask2 ratio: 0.02, mask3 ratio: 0.10, mask4 ratio: 0.88
2026-01-22 17:37:08,854 - root - INFO - mask1 ratio: 0.01, mask2 ratio: 0.04, mask3 ratio: 0.10, mask4 ratio: 0.85
2026-01-22 17:37:08,880 - root - INFO - time 17.29
2026-01-22 17:37:10,991 - root - INFO - 5 self_attn.k_proj
2026-01-22 17:37:10,992 - root - INFO - Quantizing ...
2026-01-22 17:37:11,577 - root - INFO - mask1 ratio: 0.00, mask2 ratio: 0.02, mask3 ratio: 0.10, mask4 ratio: 0.88
2026-01-22 17:37:11,792 - root - INFO - mask1 ratio: 0.01, mask2 ratio: 0.00, mask3 ratio: 0.10, mask4 ratio: 0.88
2026-01-22 17:37:12,023 - root - INFO - mask1 ratio: 0.01, mask2 ratio: 0.00, mask3 ratio: 0.10, mask4 ratio: 0.88
2026-01-22 17:37:12,250 - root - INFO - mask1 ratio: 0.01, mask2 ratio: 0.03, mask3 ratio: 0.10, mask4 ratio: 0.86
2026-01-22 17:37:12,511 - root - INFO - mask1 ratio: 0.01, mask2 ratio: 0.08, mask3 ratio: 0.10, mask4 ratio: 0.81
2026-01-22 17:37:12,748 - root - INFO - mask1 ratio: 0.01, mask2 ratio: 0.06, mask3 ratio: 0.10, mask4 ratio: 0.83
2026-01-22 17:37:12,977 - root - INFO - mask1 ratio: 0.01, mask2 ratio: 0.06, mask3 ratio: 0.10, mask4 ratio: 0.83
2026-01-22 17:37:13,200 - root - INFO - mask1 ratio: 0.01, mask2 ratio: 0.03, mask3 ratio: 0.10, mask4 ratio: 0.87
2026-01-22 17:37:13,431 - root - INFO - mask1 ratio: 0.01, mask2 ratio: 0.00, mask3 ratio: 0.10, mask4 ratio: 0.88
2026-01-22 17:37:13,648 - root - INFO - mask1 ratio: 0.01, mask2 ratio: 0.04, mask3 ratio: 0.10, mask4 ratio: 0.85
2026-01-22 17:37:13,867 - root - INFO - mask1 ratio: 0.01, mask2 ratio: 0.04, mask3 ratio: 0.10, mask4 ratio: 0.85
2026-01-22 17:37:14,110 - root - INFO - mask1 ratio: 0.01, mask2 ratio: 0.00, mask3 ratio: 0.10, mask4 ratio: 0.88
2026-01-22 17:37:14,341 - root - INFO - mask1 ratio: 0.01, mask2 ratio: 0.03, mask3 ratio: 0.10, mask4 ratio: 0.87
2026-01-22 17:37:14,563 - root - INFO - mask1 ratio: 0.01, mask2 ratio: 0.03, mask3 ratio: 0.10, mask4 ratio: 0.87
2026-01-22 17:37:14,781 - root - INFO - mask1 ratio: 0.01, mask2 ratio: 0.00, mask3 ratio: 0.10, mask4 ratio: 0.88
2026-01-22 17:37:15,013 - root - INFO - mask1 ratio: 0.01, mask2 ratio: 0.03, mask3 ratio: 0.10, mask4 ratio: 0.86
2026-01-22 17:37:15,233 - root - INFO - mask1 ratio: 0.00, mask2 ratio: 0.03, mask3 ratio: 0.10, mask4 ratio: 0.87
2026-01-22 17:37:15,468 - root - INFO - mask1 ratio: 0.01, mask2 ratio: 0.03, mask3 ratio: 0.10, mask4 ratio: 0.86
2026-01-22 17:37:15,701 - root - INFO - mask1 ratio: 0.01, mask2 ratio: 0.11, mask3 ratio: 0.10, mask4 ratio: 0.78
2026-01-22 17:37:15,933 - root - INFO - mask1 ratio: 0.01, mask2 ratio: 0.00, mask3 ratio: 0.10, mask4 ratio: 0.88
2026-01-22 17:37:15,963 - root - INFO - time 4.97
2026-01-22 17:37:15,975 - root - INFO - 5 self_attn.v_proj
2026-01-22 17:37:15,975 - root - INFO - Quantizing ...
2026-01-22 17:37:16,172 - root - INFO - mask1 ratio: 0.03, mask2 ratio: 0.25, mask3 ratio: 0.10, mask4 ratio: 0.62
2026-01-22 17:37:16,392 - root - INFO - mask1 ratio: 0.02, mask2 ratio: 0.21, mask3 ratio: 0.10, mask4 ratio: 0.67
2026-01-22 17:37:16,615 - root - INFO - mask1 ratio: 0.00, mask2 ratio: 0.02, mask3 ratio: 0.10, mask4 ratio: 0.88
2026-01-22 17:37:16,855 - root - INFO - mask1 ratio: 0.02, mask2 ratio: 0.20, mask3 ratio: 0.10, mask4 ratio: 0.67
2026-01-22 17:37:17,103 - root - INFO - mask1 ratio: 0.02, mask2 ratio: 0.11, mask3 ratio: 0.10, mask4 ratio: 0.78
2026-01-22 17:37:17,335 - root - INFO - mask1 ratio: 0.02, mask2 ratio: 0.09, mask3 ratio: 0.10, mask4 ratio: 0.79
2026-01-22 17:37:17,550 - root - INFO - mask1 ratio: 0.03, mask2 ratio: 0.23, mask3 ratio: 0.10, mask4 ratio: 0.64
2026-01-22 17:37:17,787 - root - INFO - mask1 ratio: 0.03, mask2 ratio: 0.19, mask3 ratio: 0.10, mask4 ratio: 0.69
2026-01-22 17:37:18,011 - root - INFO - mask1 ratio: 0.04, mask2 ratio: 0.32, mask3 ratio: 0.10, mask4 ratio: 0.55
2026-01-22 17:37:18,233 - root - INFO - mask1 ratio: 0.02, mask2 ratio: 0.13, mask3 ratio: 0.10, mask4 ratio: 0.75
2026-01-22 17:37:18,456 - root - INFO - mask1 ratio: 0.02, mask2 ratio: 0.09, mask3 ratio: 0.10, mask4 ratio: 0.79
2026-01-22 17:37:18,707 - root - INFO - mask1 ratio: 0.01, mask2 ratio: 0.00, mask3 ratio: 0.10, mask4 ratio: 0.88
2026-01-22 17:37:18,920 - root - INFO - mask1 ratio: 0.01, mask2 ratio: 0.02, mask3 ratio: 0.10, mask4 ratio: 0.88
2026-01-22 17:37:19,133 - root - INFO - mask1 ratio: 0.03, mask2 ratio: 0.29, mask3 ratio: 0.10, mask4 ratio: 0.58
2026-01-22 17:37:19,347 - root - INFO - mask1 ratio: 0.04, mask2 ratio: 0.34, mask3 ratio: 0.10, mask4 ratio: 0.52
2026-01-22 17:37:19,562 - root - INFO - mask1 ratio: 0.03, mask2 ratio: 0.29, mask3 ratio: 0.10, mask4 ratio: 0.58
2026-01-22 17:37:19,773 - root - INFO - mask1 ratio: 0.01, mask2 ratio: 0.02, mask3 ratio: 0.10, mask4 ratio: 0.87
2026-01-22 17:37:19,985 - root - INFO - mask1 ratio: 0.01, mask2 ratio: 0.05, mask3 ratio: 0.10, mask4 ratio: 0.85
2026-01-22 17:37:20,221 - root - INFO - mask1 ratio: 0.01, mask2 ratio: 0.07, mask3 ratio: 0.10, mask4 ratio: 0.81
2026-01-22 17:37:20,437 - root - INFO - mask1 ratio: 0.00, mask2 ratio: 0.02, mask3 ratio: 0.10, mask4 ratio: 0.88
2026-01-22 17:37:20,465 - root - INFO - time 4.49
2026-01-22 17:37:20,469 - root - INFO - 5 self_attn.q_proj
2026-01-22 17:37:20,469 - root - INFO - Quantizing ...
2026-01-22 17:37:20,662 - root - INFO - mask1 ratio: 0.01, mask2 ratio: 0.02, mask3 ratio: 0.10, mask4 ratio: 0.88
2026-01-22 17:37:20,881 - root - INFO - mask1 ratio: 0.00, mask2 ratio: 0.02, mask3 ratio: 0.10, mask4 ratio: 0.88
2026-01-22 17:37:21,100 - root - INFO - mask1 ratio: 0.01, mask2 ratio: 0.00, mask3 ratio: 0.10, mask4 ratio: 0.88
2026-01-22 17:37:21,319 - root - INFO - mask1 ratio: 0.01, mask2 ratio: 0.05, mask3 ratio: 0.10, mask4 ratio: 0.85
2026-01-22 17:37:21,576 - root - INFO - mask1 ratio: 0.01, mask2 ratio: 0.07, mask3 ratio: 0.10, mask4 ratio: 0.82
2026-01-22 17:37:21,791 - root - INFO - mask1 ratio: 0.02, mask2 ratio: 0.15, mask3 ratio: 0.10, mask4 ratio: 0.74
2026-01-22 17:37:22,012 - root - INFO - mask1 ratio: 0.01, mask2 ratio: 0.07, mask3 ratio: 0.10, mask4 ratio: 0.81
2026-01-22 17:37:22,227 - root - INFO - mask1 ratio: 0.01, mask2 ratio: 0.03, mask3 ratio: 0.10, mask4 ratio: 0.87
2026-01-22 17:37:22,438 - root - INFO - mask1 ratio: 0.01, mask2 ratio: 0.02, mask3 ratio: 0.10, mask4 ratio: 0.88
2026-01-22 17:37:22,651 - root - INFO - mask1 ratio: 0.01, mask2 ratio: 0.12, mask3 ratio: 0.10, mask4 ratio: 0.77
2026-01-22 17:37:22,862 - root - INFO - mask1 ratio: 0.01, mask2 ratio: 0.03, mask3 ratio: 0.10, mask4 ratio: 0.86
2026-01-22 17:37:23,095 - root - INFO - mask1 ratio: 0.01, mask2 ratio: 0.00, mask3 ratio: 0.10, mask4 ratio: 0.88
2026-01-22 17:37:23,309 - root - INFO - mask1 ratio: 0.01, mask2 ratio: 0.00, mask3 ratio: 0.10, mask4 ratio: 0.88
2026-01-22 17:37:23,520 - root - INFO - mask1 ratio: 0.00, mask2 ratio: 0.02, mask3 ratio: 0.10, mask4 ratio: 0.88
2026-01-22 17:37:23,736 - root - INFO - mask1 ratio: 0.01, mask2 ratio: 0.00, mask3 ratio: 0.10, mask4 ratio: 0.88
2026-01-22 17:37:23,947 - root - INFO - mask1 ratio: 0.01, mask2 ratio: 0.02, mask3 ratio: 0.10, mask4 ratio: 0.87
2026-01-22 17:37:24,157 - root - INFO - mask1 ratio: 0.01, mask2 ratio: 0.03, mask3 ratio: 0.10, mask4 ratio: 0.87
2026-01-22 17:37:24,368 - root - INFO - mask1 ratio: 0.00, mask2 ratio: 0.03, mask3 ratio: 0.10, mask4 ratio: 0.87
2026-01-22 17:37:24,596 - root - INFO - mask1 ratio: 0.01, mask2 ratio: 0.05, mask3 ratio: 0.10, mask4 ratio: 0.84
2026-01-22 17:37:24,825 - root - INFO - mask1 ratio: 0.01, mask2 ratio: 0.00, mask3 ratio: 0.10, mask4 ratio: 0.88
2026-01-22 17:37:24,852 - root - INFO - time 4.38
2026-01-22 17:37:24,855 - root - INFO - 5 self_attn.out_proj
2026-01-22 17:37:24,855 - root - INFO - Quantizing ...
2026-01-22 17:37:25,052 - root - INFO - mask1 ratio: 0.01, mask2 ratio: 0.06, mask3 ratio: 0.10, mask4 ratio: 0.83
2026-01-22 17:37:25,272 - root - INFO - mask1 ratio: 0.01, mask2 ratio: 0.03, mask3 ratio: 0.10, mask4 ratio: 0.86
2026-01-22 17:37:25,492 - root - INFO - mask1 ratio: 0.01, mask2 ratio: 0.03, mask3 ratio: 0.10, mask4 ratio: 0.86
2026-01-22 17:37:25,704 - root - INFO - mask1 ratio: 0.03, mask2 ratio: 0.27, mask3 ratio: 0.10, mask4 ratio: 0.60
2026-01-22 17:37:25,915 - root - INFO - mask1 ratio: 0.04, mask2 ratio: 0.34, mask3 ratio: 0.10, mask4 ratio: 0.53
2026-01-22 17:37:26,154 - root - INFO - mask1 ratio: 0.04, mask2 ratio: 0.32, mask3 ratio: 0.10, mask4 ratio: 0.54
2026-01-22 17:37:26,368 - root - INFO - mask1 ratio: 0.01, mask2 ratio: 0.04, mask3 ratio: 0.10, mask4 ratio: 0.85
2026-01-22 17:37:26,578 - root - INFO - mask1 ratio: 0.01, mask2 ratio: 0.03, mask3 ratio: 0.10, mask4 ratio: 0.86
2026-01-22 17:37:26,793 - root - INFO - mask1 ratio: 0.00, mask2 ratio: 0.02, mask3 ratio: 0.10, mask4 ratio: 0.88
2026-01-22 17:37:27,003 - root - INFO - mask1 ratio: 0.02, mask2 ratio: 0.01, mask3 ratio: 0.10, mask4 ratio: 0.87
2026-01-22 17:37:27,213 - root - INFO - mask1 ratio: 0.00, mask2 ratio: 0.03, mask3 ratio: 0.10, mask4 ratio: 0.87
2026-01-22 17:37:27,429 - root - INFO - mask1 ratio: 0.00, mask2 ratio: 0.03, mask3 ratio: 0.10, mask4 ratio: 0.87
2026-01-22 17:37:27,693 - root - INFO - mask1 ratio: 0.01, mask2 ratio: 0.04, mask3 ratio: 0.10, mask4 ratio: 0.85
2026-01-22 17:37:27,920 - root - INFO - mask1 ratio: 0.01, mask2 ratio: 0.07, mask3 ratio: 0.10, mask4 ratio: 0.82
2026-01-22 17:37:28,142 - root - INFO - mask1 ratio: 0.00, mask2 ratio: 0.04, mask3 ratio: 0.10, mask4 ratio: 0.86
2026-01-22 17:37:28,364 - root - INFO - mask1 ratio: 0.01, mask2 ratio: 0.04, mask3 ratio: 0.10, mask4 ratio: 0.85
2026-01-22 17:37:28,588 - root - INFO - mask1 ratio: 0.01, mask2 ratio: 0.04, mask3 ratio: 0.10, mask4 ratio: 0.85
2026-01-22 17:37:28,801 - root - INFO - mask1 ratio: 0.00, mask2 ratio: 0.02, mask3 ratio: 0.10, mask4 ratio: 0.88
2026-01-22 17:37:29,011 - root - INFO - mask1 ratio: 0.01, mask2 ratio: 0.04, mask3 ratio: 0.10, mask4 ratio: 0.85
2026-01-22 17:37:29,277 - root - INFO - mask1 ratio: 0.01, mask2 ratio: 0.04, mask3 ratio: 0.10, mask4 ratio: 0.85
2026-01-22 17:37:29,304 - root - INFO - time 4.45
2026-01-22 17:37:29,307 - root - INFO - 5 fc1
2026-01-22 17:37:29,308 - root - INFO - Quantizing ...
2026-01-22 17:37:29,570 - root - INFO - mask1 ratio: 0.01, mask2 ratio: 0.03, mask3 ratio: 0.10, mask4 ratio: 0.86
2026-01-22 17:37:29,860 - root - INFO - mask1 ratio: 0.02, mask2 ratio: 0.21, mask3 ratio: 0.10, mask4 ratio: 0.67
2026-01-22 17:37:30,141 - root - INFO - mask1 ratio: 0.01, mask2 ratio: 0.00, mask3 ratio: 0.10, mask4 ratio: 0.88
2026-01-22 17:37:30,430 - root - INFO - mask1 ratio: 0.03, mask2 ratio: 0.28, mask3 ratio: 0.10, mask4 ratio: 0.59
2026-01-22 17:37:30,755 - root - INFO - mask1 ratio: 0.03, mask2 ratio: 0.27, mask3 ratio: 0.10, mask4 ratio: 0.60
2026-01-22 17:37:31,040 - root - INFO - mask1 ratio: 0.03, mask2 ratio: 0.29, mask3 ratio: 0.10, mask4 ratio: 0.58
2026-01-22 17:37:31,327 - root - INFO - mask1 ratio: 0.04, mask2 ratio: 0.34, mask3 ratio: 0.10, mask4 ratio: 0.52
2026-01-22 17:37:31,613 - root - INFO - mask1 ratio: 0.04, mask2 ratio: 0.33, mask3 ratio: 0.10, mask4 ratio: 0.53
2026-01-22 17:37:31,915 - root - INFO - mask1 ratio: 0.00, mask2 ratio: 0.03, mask3 ratio: 0.10, mask4 ratio: 0.86
2026-01-22 17:37:32,203 - root - INFO - mask1 ratio: 0.03, mask2 ratio: 0.27, mask3 ratio: 0.10, mask4 ratio: 0.60
2026-01-22 17:37:32,488 - root - INFO - mask1 ratio: 0.02, mask2 ratio: 0.14, mask3 ratio: 0.10, mask4 ratio: 0.74
2026-01-22 17:37:32,771 - root - INFO - mask1 ratio: 0.01, mask2 ratio: 0.02, mask3 ratio: 0.10, mask4 ratio: 0.88
2026-01-22 17:37:33,053 - root - INFO - mask1 ratio: 0.00, mask2 ratio: 0.03, mask3 ratio: 0.10, mask4 ratio: 0.87
2026-01-22 17:37:33,377 - root - INFO - mask1 ratio: 0.01, mask2 ratio: 0.03, mask3 ratio: 0.10, mask4 ratio: 0.86
2026-01-22 17:37:33,660 - root - INFO - mask1 ratio: 0.00, mask2 ratio: 0.03, mask3 ratio: 0.10, mask4 ratio: 0.87
2026-01-22 17:37:33,948 - root - INFO - mask1 ratio: 0.01, mask2 ratio: 0.05, mask3 ratio: 0.10, mask4 ratio: 0.85
2026-01-22 17:37:34,233 - root - INFO - mask1 ratio: 0.00, mask2 ratio: 0.03, mask3 ratio: 0.10, mask4 ratio: 0.86
2026-01-22 17:37:34,516 - root - INFO - mask1 ratio: 0.01, mask2 ratio: 0.04, mask3 ratio: 0.10, mask4 ratio: 0.85
2026-01-22 17:37:34,823 - root - INFO - mask1 ratio: 0.01, mask2 ratio: 0.09, mask3 ratio: 0.10, mask4 ratio: 0.80
2026-01-22 17:37:35,108 - root - INFO - mask1 ratio: 0.00, mask2 ratio: 0.02, mask3 ratio: 0.10, mask4 ratio: 0.88
2026-01-22 17:37:35,139 - root - INFO - time 5.83
2026-01-22 17:37:35,147 - root - INFO - 5 fc2
2026-01-22 17:37:35,148 - root - INFO - Quantizing ...
2026-01-22 17:37:35,448 - root - INFO - mask1 ratio: 0.01, mask2 ratio: 0.02, mask3 ratio: 0.10, mask4 ratio: 0.87
2026-01-22 17:37:35,657 - root - INFO - mask1 ratio: 0.02, mask2 ratio: 0.10, mask3 ratio: 0.10, mask4 ratio: 0.78
2026-01-22 17:37:35,868 - root - INFO - mask1 ratio: 0.01, mask2 ratio: 0.02, mask3 ratio: 0.10, mask4 ratio: 0.87
2026-01-22 17:37:36,080 - root - INFO - mask1 ratio: 0.01, mask2 ratio: 0.04, mask3 ratio: 0.10, mask4 ratio: 0.85
2026-01-22 17:37:36,331 - root - INFO - mask1 ratio: 0.02, mask2 ratio: 0.09, mask3 ratio: 0.10, mask4 ratio: 0.79
2026-01-22 17:37:36,542 - root - INFO - mask1 ratio: 0.01, mask2 ratio: 0.04, mask3 ratio: 0.10, mask4 ratio: 0.85
2026-01-22 17:37:36,753 - root - INFO - mask1 ratio: 0.01, mask2 ratio: 0.02, mask3 ratio: 0.10, mask4 ratio: 0.88
2026-01-22 17:37:36,964 - root - INFO - mask1 ratio: 0.02, mask2 ratio: 0.12, mask3 ratio: 0.10, mask4 ratio: 0.77
2026-01-22 17:37:37,176 - root - INFO - mask1 ratio: 0.01, mask2 ratio: 0.02, mask3 ratio: 0.10, mask4 ratio: 0.88
2026-01-22 17:37:37,389 - root - INFO - mask1 ratio: 0.01, mask2 ratio: 0.03, mask3 ratio: 0.10, mask4 ratio: 0.86
2026-01-22 17:37:37,598 - root - INFO - mask1 ratio: 0.02, mask2 ratio: 0.11, mask3 ratio: 0.10, mask4 ratio: 0.77
2026-01-22 17:37:37,836 - root - INFO - mask1 ratio: 0.01, mask2 ratio: 0.03, mask3 ratio: 0.10, mask4 ratio: 0.86
2026-01-22 17:37:38,047 - root - INFO - mask1 ratio: 0.01, mask2 ratio: 0.05, mask3 ratio: 0.10, mask4 ratio: 0.84
2026-01-22 17:37:38,259 - root - INFO - mask1 ratio: 0.00, mask2 ratio: 0.03, mask3 ratio: 0.10, mask4 ratio: 0.86
2026-01-22 17:37:38,470 - root - INFO - mask1 ratio: 0.01, mask2 ratio: 0.04, mask3 ratio: 0.10, mask4 ratio: 0.85
2026-01-22 17:37:38,679 - root - INFO - mask1 ratio: 0.01, mask2 ratio: 0.04, mask3 ratio: 0.10, mask4 ratio: 0.85
2026-01-22 17:37:38,889 - root - INFO - mask1 ratio: 0.01, mask2 ratio: 0.02, mask3 ratio: 0.10, mask4 ratio: 0.88
2026-01-22 17:37:39,100 - root - INFO - mask1 ratio: 0.00, mask2 ratio: 0.03, mask3 ratio: 0.10, mask4 ratio: 0.87
2026-01-22 17:37:39,348 - root - INFO - mask1 ratio: 0.01, mask2 ratio: 0.04, mask3 ratio: 0.10, mask4 ratio: 0.85
2026-01-22 17:37:39,568 - root - INFO - mask1 ratio: 0.01, mask2 ratio: 0.02, mask3 ratio: 0.10, mask4 ratio: 0.87
2026-01-22 17:37:39,779 - root - INFO - mask1 ratio: 0.01, mask2 ratio: 0.03, mask3 ratio: 0.10, mask4 ratio: 0.87
2026-01-22 17:37:39,989 - root - INFO - mask1 ratio: 0.01, mask2 ratio: 0.02, mask3 ratio: 0.10, mask4 ratio: 0.87
2026-01-22 17:37:40,200 - root - INFO - mask1 ratio: 0.01, mask2 ratio: 0.04, mask3 ratio: 0.10, mask4 ratio: 0.85
2026-01-22 17:37:40,410 - root - INFO - mask1 ratio: 0.00, mask2 ratio: 0.02, mask3 ratio: 0.10, mask4 ratio: 0.88
2026-01-22 17:37:40,620 - root - INFO - mask1 ratio: 0.01, mask2 ratio: 0.02, mask3 ratio: 0.10, mask4 ratio: 0.88
2026-01-22 17:37:40,829 - root - INFO - mask1 ratio: 0.02, mask2 ratio: 0.11, mask3 ratio: 0.10, mask4 ratio: 0.77
2026-01-22 17:37:41,059 - root - INFO - mask1 ratio: 0.01, mask2 ratio: 0.03, mask3 ratio: 0.10, mask4 ratio: 0.86
2026-01-22 17:37:41,271 - root - INFO - mask1 ratio: 0.00, mask2 ratio: 0.02, mask3 ratio: 0.10, mask4 ratio: 0.88
2026-01-22 17:37:41,482 - root - INFO - mask1 ratio: 0.01, mask2 ratio: 0.03, mask3 ratio: 0.10, mask4 ratio: 0.86
2026-01-22 17:37:41,690 - root - INFO - mask1 ratio: 0.01, mask2 ratio: 0.02, mask3 ratio: 0.10, mask4 ratio: 0.87
2026-01-22 17:37:41,899 - root - INFO - mask1 ratio: 0.01, mask2 ratio: 0.02, mask3 ratio: 0.10, mask4 ratio: 0.88
2026-01-22 17:37:42,108 - root - INFO - mask1 ratio: 0.01, mask2 ratio: 0.03, mask3 ratio: 0.10, mask4 ratio: 0.86
2026-01-22 17:37:42,320 - root - INFO - mask1 ratio: 0.01, mask2 ratio: 0.02, mask3 ratio: 0.10, mask4 ratio: 0.88
2026-01-22 17:37:42,569 - root - INFO - mask1 ratio: 0.01, mask2 ratio: 0.02, mask3 ratio: 0.10, mask4 ratio: 0.87
2026-01-22 17:37:42,779 - root - INFO - mask1 ratio: 0.02, mask2 ratio: 0.09, mask3 ratio: 0.10, mask4 ratio: 0.79
2026-01-22 17:37:42,987 - root - INFO - mask1 ratio: 0.00, mask2 ratio: 0.02, mask3 ratio: 0.10, mask4 ratio: 0.88
2026-01-22 17:37:43,197 - root - INFO - mask1 ratio: 0.01, mask2 ratio: 0.04, mask3 ratio: 0.10, mask4 ratio: 0.85
2026-01-22 17:37:43,408 - root - INFO - mask1 ratio: 0.01, mask2 ratio: 0.02, mask3 ratio: 0.10, mask4 ratio: 0.87
2026-01-22 17:37:43,618 - root - INFO - mask1 ratio: 0.01, mask2 ratio: 0.02, mask3 ratio: 0.10, mask4 ratio: 0.88
2026-01-22 17:37:43,828 - root - INFO - mask1 ratio: 0.01, mask2 ratio: 0.02, mask3 ratio: 0.10, mask4 ratio: 0.87
2026-01-22 17:37:44,071 - root - INFO - mask1 ratio: 0.01, mask2 ratio: 0.02, mask3 ratio: 0.10, mask4 ratio: 0.88
2026-01-22 17:37:44,293 - root - INFO - mask1 ratio: 0.01, mask2 ratio: 0.02, mask3 ratio: 0.10, mask4 ratio: 0.88
2026-01-22 17:37:44,513 - root - INFO - mask1 ratio: 0.02, mask2 ratio: 0.08, mask3 ratio: 0.10, mask4 ratio: 0.81
2026-01-22 17:37:44,733 - root - INFO - mask1 ratio: 0.01, mask2 ratio: 0.02, mask3 ratio: 0.10, mask4 ratio: 0.88
2026-01-22 17:37:44,953 - root - INFO - mask1 ratio: 0.02, mask2 ratio: 0.17, mask3 ratio: 0.10, mask4 ratio: 0.71
2026-01-22 17:37:45,173 - root - INFO - mask1 ratio: 0.01, mask2 ratio: 0.03, mask3 ratio: 0.10, mask4 ratio: 0.87
2026-01-22 17:37:45,394 - root - INFO - mask1 ratio: 0.02, mask2 ratio: 0.12, mask3 ratio: 0.10, mask4 ratio: 0.76
2026-01-22 17:37:45,656 - root - INFO - mask1 ratio: 0.03, mask2 ratio: 0.21, mask3 ratio: 0.10, mask4 ratio: 0.66
2026-01-22 17:37:45,878 - root - INFO - mask1 ratio: 0.01, mask2 ratio: 0.02, mask3 ratio: 0.10, mask4 ratio: 0.87
2026-01-22 17:37:46,099 - root - INFO - mask1 ratio: 0.01, mask2 ratio: 0.04, mask3 ratio: 0.10, mask4 ratio: 0.85
2026-01-22 17:37:46,320 - root - INFO - mask1 ratio: 0.01, mask2 ratio: 0.02, mask3 ratio: 0.10, mask4 ratio: 0.88
2026-01-22 17:37:46,540 - root - INFO - mask1 ratio: 0.03, mask2 ratio: 0.30, mask3 ratio: 0.10, mask4 ratio: 0.57
2026-01-22 17:37:46,760 - root - INFO - mask1 ratio: 0.01, mask2 ratio: 0.02, mask3 ratio: 0.10, mask4 ratio: 0.87
2026-01-22 17:37:46,968 - root - INFO - mask1 ratio: 0.03, mask2 ratio: 0.23, mask3 ratio: 0.10, mask4 ratio: 0.65
2026-01-22 17:37:47,203 - root - INFO - mask1 ratio: 0.01, mask2 ratio: 0.05, mask3 ratio: 0.10, mask4 ratio: 0.85
2026-01-22 17:37:47,416 - root - INFO - mask1 ratio: 0.01, mask2 ratio: 0.04, mask3 ratio: 0.10, mask4 ratio: 0.85
2026-01-22 17:37:47,625 - root - INFO - mask1 ratio: 0.01, mask2 ratio: 0.02, mask3 ratio: 0.10, mask4 ratio: 0.87
2026-01-22 17:37:47,834 - root - INFO - mask1 ratio: 0.00, mask2 ratio: 0.03, mask3 ratio: 0.10, mask4 ratio: 0.87
2026-01-22 17:37:48,044 - root - INFO - mask1 ratio: 0.01, mask2 ratio: 0.05, mask3 ratio: 0.10, mask4 ratio: 0.84
2026-01-22 17:37:48,254 - root - INFO - mask1 ratio: 0.00, mask2 ratio: 0.02, mask3 ratio: 0.10, mask4 ratio: 0.88
2026-01-22 17:37:48,464 - root - INFO - mask1 ratio: 0.00, mask2 ratio: 0.02, mask3 ratio: 0.10, mask4 ratio: 0.88
2026-01-22 17:37:48,673 - root - INFO - mask1 ratio: 0.03, mask2 ratio: 0.29, mask3 ratio: 0.10, mask4 ratio: 0.58
2026-01-22 17:37:48,924 - root - INFO - mask1 ratio: 0.01, mask2 ratio: 0.00, mask3 ratio: 0.10, mask4 ratio: 0.88
2026-01-22 17:37:49,133 - root - INFO - mask1 ratio: 0.01, mask2 ratio: 0.02, mask3 ratio: 0.10, mask4 ratio: 0.87
2026-01-22 17:37:49,344 - root - INFO - mask1 ratio: 0.01, mask2 ratio: 0.04, mask3 ratio: 0.10, mask4 ratio: 0.85
2026-01-22 17:37:49,553 - root - INFO - mask1 ratio: 0.01, mask2 ratio: 0.02, mask3 ratio: 0.10, mask4 ratio: 0.87
2026-01-22 17:37:49,763 - root - INFO - mask1 ratio: 0.01, mask2 ratio: 0.00, mask3 ratio: 0.10, mask4 ratio: 0.88
2026-01-22 17:37:49,973 - root - INFO - mask1 ratio: 0.01, mask2 ratio: 0.04, mask3 ratio: 0.10, mask4 ratio: 0.85
2026-01-22 17:37:50,181 - root - INFO - mask1 ratio: 0.01, mask2 ratio: 0.05, mask3 ratio: 0.10, mask4 ratio: 0.84
2026-01-22 17:37:50,415 - root - INFO - mask1 ratio: 0.01, mask2 ratio: 0.04, mask3 ratio: 0.10, mask4 ratio: 0.85
2026-01-22 17:37:50,624 - root - INFO - mask1 ratio: 0.01, mask2 ratio: 0.02, mask3 ratio: 0.10, mask4 ratio: 0.88
2026-01-22 17:37:50,832 - root - INFO - mask1 ratio: 0.00, mask2 ratio: 0.03, mask3 ratio: 0.10, mask4 ratio: 0.87
2026-01-22 17:37:51,042 - root - INFO - mask1 ratio: 0.01, mask2 ratio: 0.04, mask3 ratio: 0.10, mask4 ratio: 0.85
2026-01-22 17:37:51,251 - root - INFO - mask1 ratio: 0.01, mask2 ratio: 0.00, mask3 ratio: 0.10, mask4 ratio: 0.88
2026-01-22 17:37:51,461 - root - INFO - mask1 ratio: 0.01, mask2 ratio: 0.02, mask3 ratio: 0.10, mask4 ratio: 0.87
2026-01-22 17:37:51,670 - root - INFO - mask1 ratio: 0.01, mask2 ratio: 0.04, mask3 ratio: 0.10, mask4 ratio: 0.85
2026-01-22 17:37:51,879 - root - INFO - mask1 ratio: 0.01, mask2 ratio: 0.04, mask3 ratio: 0.10, mask4 ratio: 0.85
2026-01-22 17:37:52,123 - root - INFO - mask1 ratio: 0.01, mask2 ratio: 0.04, mask3 ratio: 0.10, mask4 ratio: 0.85
2026-01-22 17:37:52,333 - root - INFO - mask1 ratio: 0.01, mask2 ratio: 0.02, mask3 ratio: 0.10, mask4 ratio: 0.87
2026-01-22 17:37:52,543 - root - INFO - mask1 ratio: 0.01, mask2 ratio: 0.03, mask3 ratio: 0.10, mask4 ratio: 0.86
2026-01-22 17:37:52,569 - root - INFO - time 17.42
2026-01-22 17:37:54,620 - root - INFO - 6 self_attn.k_proj
2026-01-22 17:37:54,620 - root - INFO - Quantizing ...
2026-01-22 17:37:55,196 - root - INFO - mask1 ratio: 0.00, mask2 ratio: 0.02, mask3 ratio: 0.10, mask4 ratio: 0.88
2026-01-22 17:37:55,408 - root - INFO - mask1 ratio: 0.01, mask2 ratio: 0.00, mask3 ratio: 0.10, mask4 ratio: 0.88
2026-01-22 17:37:55,639 - root - INFO - mask1 ratio: 0.01, mask2 ratio: 0.00, mask3 ratio: 0.10, mask4 ratio: 0.88
2026-01-22 17:37:55,849 - root - INFO - mask1 ratio: 0.00, mask2 ratio: 0.04, mask3 ratio: 0.10, mask4 ratio: 0.85
2026-01-22 17:37:56,058 - root - INFO - mask1 ratio: 0.01, mask2 ratio: 0.08, mask3 ratio: 0.10, mask4 ratio: 0.81
2026-01-22 17:37:56,269 - root - INFO - mask1 ratio: 0.01, mask2 ratio: 0.11, mask3 ratio: 0.10, mask4 ratio: 0.78
2026-01-22 17:37:56,479 - root - INFO - mask1 ratio: 0.01, mask2 ratio: 0.07, mask3 ratio: 0.10, mask4 ratio: 0.82
2026-01-22 17:37:56,691 - root - INFO - mask1 ratio: 0.00, mask2 ratio: 0.03, mask3 ratio: 0.10, mask4 ratio: 0.87
2026-01-22 17:37:56,900 - root - INFO - mask1 ratio: 0.01, mask2 ratio: 0.00, mask3 ratio: 0.10, mask4 ratio: 0.88
2026-01-22 17:37:57,150 - root - INFO - mask1 ratio: 0.01, mask2 ratio: 0.08, mask3 ratio: 0.10, mask4 ratio: 0.81
2026-01-22 17:37:57,362 - root - INFO - mask1 ratio: 0.01, mask2 ratio: 0.05, mask3 ratio: 0.10, mask4 ratio: 0.84
2026-01-22 17:37:57,572 - root - INFO - mask1 ratio: 0.01, mask2 ratio: 0.00, mask3 ratio: 0.10, mask4 ratio: 0.88
2026-01-22 17:37:57,783 - root - INFO - mask1 ratio: 0.00, mask2 ratio: 0.02, mask3 ratio: 0.10, mask4 ratio: 0.88
2026-01-22 17:37:57,993 - root - INFO - mask1 ratio: 0.00, mask2 ratio: 0.02, mask3 ratio: 0.10, mask4 ratio: 0.88
2026-01-22 17:37:58,203 - root - INFO - mask1 ratio: 0.01, mask2 ratio: 0.00, mask3 ratio: 0.10, mask4 ratio: 0.88
2026-01-22 17:37:58,414 - root - INFO - mask1 ratio: 0.01, mask2 ratio: 0.03, mask3 ratio: 0.10, mask4 ratio: 0.86
2026-01-22 17:37:58,654 - root - INFO - mask1 ratio: 0.00, mask2 ratio: 0.02, mask3 ratio: 0.10, mask4 ratio: 0.88
2026-01-22 17:37:58,864 - root - INFO - mask1 ratio: 0.00, mask2 ratio: 0.03, mask3 ratio: 0.10, mask4 ratio: 0.87
2026-01-22 17:37:59,074 - root - INFO - mask1 ratio: 0.01, mask2 ratio: 0.11, mask3 ratio: 0.10, mask4 ratio: 0.78
2026-01-22 17:37:59,284 - root - INFO - mask1 ratio: 0.01, mask2 ratio: 0.00, mask3 ratio: 0.10, mask4 ratio: 0.88
2026-01-22 17:37:59,310 - root - INFO - time 4.69
2026-01-22 17:37:59,321 - root - INFO - 6 self_attn.v_proj
2026-01-22 17:37:59,322 - root - INFO - Quantizing ...
2026-01-22 17:37:59,514 - root - INFO - mask1 ratio: 0.04, mask2 ratio: 0.32, mask3 ratio: 0.10, mask4 ratio: 0.54
2026-01-22 17:37:59,725 - root - INFO - mask1 ratio: 0.01, mask2 ratio: 0.05, mask3 ratio: 0.10, mask4 ratio: 0.84
2026-01-22 17:37:59,936 - root - INFO - mask1 ratio: 0.00, mask2 ratio: 0.02, mask3 ratio: 0.10, mask4 ratio: 0.88
2026-01-22 17:38:00,187 - root - INFO - mask1 ratio: 0.02, mask2 ratio: 0.18, mask3 ratio: 0.10, mask4 ratio: 0.70
2026-01-22 17:38:00,397 - root - INFO - mask1 ratio: 0.01, mask2 ratio: 0.07, mask3 ratio: 0.10, mask4 ratio: 0.81
2026-01-22 17:38:00,609 - root - INFO - mask1 ratio: 0.02, mask2 ratio: 0.20, mask3 ratio: 0.10, mask4 ratio: 0.67
2026-01-22 17:38:00,821 - root - INFO - mask1 ratio: 0.02, mask2 ratio: 0.15, mask3 ratio: 0.10, mask4 ratio: 0.73
2026-01-22 17:38:01,033 - root - INFO - mask1 ratio: 0.02, mask2 ratio: 0.19, mask3 ratio: 0.10, mask4 ratio: 0.69
2026-01-22 17:38:01,246 - root - INFO - mask1 ratio: 0.02, mask2 ratio: 0.15, mask3 ratio: 0.10, mask4 ratio: 0.73
2026-01-22 17:38:01,458 - root - INFO - mask1 ratio: 0.02, mask2 ratio: 0.14, mask3 ratio: 0.10, mask4 ratio: 0.74
2026-01-22 17:38:01,699 - root - INFO - mask1 ratio: 0.02, mask2 ratio: 0.19, mask3 ratio: 0.10, mask4 ratio: 0.69
2026-01-22 17:38:01,911 - root - INFO - mask1 ratio: 0.01, mask2 ratio: 0.00, mask3 ratio: 0.10, mask4 ratio: 0.88
2026-01-22 17:38:02,122 - root - INFO - mask1 ratio: 0.04, mask2 ratio: 0.33, mask3 ratio: 0.10, mask4 ratio: 0.53
2026-01-22 17:38:02,338 - root - INFO - mask1 ratio: 0.04, mask2 ratio: 0.34, mask3 ratio: 0.10, mask4 ratio: 0.52
2026-01-22 17:38:02,556 - root - INFO - mask1 ratio: 0.03, mask2 ratio: 0.30, mask3 ratio: 0.10, mask4 ratio: 0.56
2026-01-22 17:38:02,771 - root - INFO - mask1 ratio: 0.03, mask2 ratio: 0.22, mask3 ratio: 0.10, mask4 ratio: 0.66
2026-01-22 17:38:02,983 - root - INFO - mask1 ratio: 0.01, mask2 ratio: 0.02, mask3 ratio: 0.10, mask4 ratio: 0.88
2026-01-22 17:38:03,234 - root - INFO - mask1 ratio: 0.01, mask2 ratio: 0.04, mask3 ratio: 0.10, mask4 ratio: 0.85
2026-01-22 17:38:03,446 - root - INFO - mask1 ratio: 0.02, mask2 ratio: 0.20, mask3 ratio: 0.10, mask4 ratio: 0.67
2026-01-22 17:38:03,657 - root - INFO - mask1 ratio: 0.00, mask2 ratio: 0.02, mask3 ratio: 0.10, mask4 ratio: 0.88
2026-01-22 17:38:03,684 - root - INFO - time 4.36
2026-01-22 17:38:03,687 - root - INFO - 6 self_attn.q_proj
2026-01-22 17:38:03,687 - root - INFO - Quantizing ...
2026-01-22 17:38:03,880 - root - INFO - mask1 ratio: 0.00, mask2 ratio: 0.02, mask3 ratio: 0.10, mask4 ratio: 0.88
2026-01-22 17:38:04,091 - root - INFO - mask1 ratio: 0.00, mask2 ratio: 0.02, mask3 ratio: 0.10, mask4 ratio: 0.88
2026-01-22 17:38:04,302 - root - INFO - mask1 ratio: 0.01, mask2 ratio: 0.00, mask3 ratio: 0.10, mask4 ratio: 0.88
2026-01-22 17:38:04,512 - root - INFO - mask1 ratio: 0.01, mask2 ratio: 0.04, mask3 ratio: 0.10, mask4 ratio: 0.85
2026-01-22 17:38:04,752 - root - INFO - mask1 ratio: 0.01, mask2 ratio: 0.07, mask3 ratio: 0.10, mask4 ratio: 0.82
2026-01-22 17:38:04,976 - root - INFO - mask1 ratio: 0.01, mask2 ratio: 0.09, mask3 ratio: 0.10, mask4 ratio: 0.80
2026-01-22 17:38:05,190 - root - INFO - mask1 ratio: 0.01, mask2 ratio: 0.10, mask3 ratio: 0.10, mask4 ratio: 0.79
2026-01-22 17:38:05,400 - root - INFO - mask1 ratio: 0.01, mask2 ratio: 0.03, mask3 ratio: 0.10, mask4 ratio: 0.87
2026-01-22 17:38:05,609 - root - INFO - mask1 ratio: 0.01, mask2 ratio: 0.02, mask3 ratio: 0.10, mask4 ratio: 0.88
2026-01-22 17:38:05,819 - root - INFO - mask1 ratio: 0.01, mask2 ratio: 0.08, mask3 ratio: 0.10, mask4 ratio: 0.81
2026-01-22 17:38:06,033 - root - INFO - mask1 ratio: 0.00, mask2 ratio: 0.03, mask3 ratio: 0.10, mask4 ratio: 0.87
2026-01-22 17:38:06,283 - root - INFO - mask1 ratio: 0.01, mask2 ratio: 0.00, mask3 ratio: 0.10, mask4 ratio: 0.88
2026-01-22 17:38:06,494 - root - INFO - mask1 ratio: 0.00, mask2 ratio: 0.02, mask3 ratio: 0.10, mask4 ratio: 0.88
2026-01-22 17:38:06,709 - root - INFO - mask1 ratio: 0.00, mask2 ratio: 0.02, mask3 ratio: 0.10, mask4 ratio: 0.88
2026-01-22 17:38:06,920 - root - INFO - mask1 ratio: 0.01, mask2 ratio: 0.00, mask3 ratio: 0.10, mask4 ratio: 0.88
2026-01-22 17:38:07,133 - root - INFO - mask1 ratio: 0.01, mask2 ratio: 0.03, mask3 ratio: 0.10, mask4 ratio: 0.87
2026-01-22 17:38:07,344 - root - INFO - mask1 ratio: 0.00, mask2 ratio: 0.03, mask3 ratio: 0.10, mask4 ratio: 0.87
2026-01-22 17:38:07,558 - root - INFO - mask1 ratio: 0.00, mask2 ratio: 0.02, mask3 ratio: 0.10, mask4 ratio: 0.88
2026-01-22 17:38:07,796 - root - INFO - mask1 ratio: 0.01, mask2 ratio: 0.08, mask3 ratio: 0.10, mask4 ratio: 0.81
2026-01-22 17:38:08,007 - root - INFO - mask1 ratio: 0.01, mask2 ratio: 0.00, mask3 ratio: 0.10, mask4 ratio: 0.88
2026-01-22 17:38:08,034 - root - INFO - time 4.35
2026-01-22 17:38:08,037 - root - INFO - 6 self_attn.out_proj
2026-01-22 17:38:08,037 - root - INFO - Quantizing ...
2026-01-22 17:38:08,229 - root - INFO - mask1 ratio: 0.04, mask2 ratio: 0.34, mask3 ratio: 0.10, mask4 ratio: 0.52
2026-01-22 17:38:08,440 - root - INFO - mask1 ratio: 0.01, mask2 ratio: 0.04, mask3 ratio: 0.10, mask4 ratio: 0.85
2026-01-22 17:38:08,650 - root - INFO - mask1 ratio: 0.00, mask2 ratio: 0.02, mask3 ratio: 0.10, mask4 ratio: 0.88
2026-01-22 17:38:08,860 - root - INFO - mask1 ratio: 0.01, mask2 ratio: 0.04, mask3 ratio: 0.10, mask4 ratio: 0.85
2026-01-22 17:38:09,072 - root - INFO - mask1 ratio: 0.01, mask2 ratio: 0.02, mask3 ratio: 0.10, mask4 ratio: 0.87
2026-01-22 17:38:09,324 - root - INFO - mask1 ratio: 0.01, mask2 ratio: 0.03, mask3 ratio: 0.10, mask4 ratio: 0.86
2026-01-22 17:38:09,535 - root - INFO - mask1 ratio: 0.00, mask2 ratio: 0.02, mask3 ratio: 0.10, mask4 ratio: 0.88
2026-01-22 17:38:09,746 - root - INFO - mask1 ratio: 0.01, mask2 ratio: 0.08, mask3 ratio: 0.10, mask4 ratio: 0.81
2026-01-22 17:38:09,958 - root - INFO - mask1 ratio: 0.02, mask2 ratio: 0.13, mask3 ratio: 0.10, mask4 ratio: 0.75
2026-01-22 17:38:10,172 - root - INFO - mask1 ratio: 0.00, mask2 ratio: 0.02, mask3 ratio: 0.10, mask4 ratio: 0.88
2026-01-22 17:38:10,383 - root - INFO - mask1 ratio: 0.00, mask2 ratio: 0.04, mask3 ratio: 0.10, mask4 ratio: 0.86
2026-01-22 17:38:10,596 - root - INFO - mask1 ratio: 0.01, mask2 ratio: 0.05, mask3 ratio: 0.10, mask4 ratio: 0.85
2026-01-22 17:38:10,850 - root - INFO - mask1 ratio: 0.00, mask2 ratio: 0.03, mask3 ratio: 0.10, mask4 ratio: 0.87
2026-01-22 17:38:11,061 - root - INFO - mask1 ratio: 0.03, mask2 ratio: 0.24, mask3 ratio: 0.10, mask4 ratio: 0.63
2026-01-22 17:38:11,272 - root - INFO - mask1 ratio: 0.01, mask2 ratio: 0.05, mask3 ratio: 0.10, mask4 ratio: 0.84
2026-01-22 17:38:11,481 - root - INFO - mask1 ratio: 0.01, mask2 ratio: 0.00, mask3 ratio: 0.10, mask4 ratio: 0.88
2026-01-22 17:38:11,692 - root - INFO - mask1 ratio: 0.00, mask2 ratio: 0.03, mask3 ratio: 0.10, mask4 ratio: 0.87
2026-01-22 17:38:11,901 - root - INFO - mask1 ratio: 0.01, mask2 ratio: 0.02, mask3 ratio: 0.10, mask4 ratio: 0.87
2026-01-22 17:38:12,120 - root - INFO - mask1 ratio: 0.01, mask2 ratio: 0.04, mask3 ratio: 0.10, mask4 ratio: 0.85
2026-01-22 17:38:12,372 - root - INFO - mask1 ratio: 0.01, mask2 ratio: 0.03, mask3 ratio: 0.10, mask4 ratio: 0.86
2026-01-22 17:38:12,400 - root - INFO - time 4.36
2026-01-22 17:38:12,403 - root - INFO - 6 fc1
2026-01-22 17:38:12,403 - root - INFO - Quantizing ...
2026-01-22 17:38:12,664 - root - INFO - mask1 ratio: 0.01, mask2 ratio: 0.04, mask3 ratio: 0.10, mask4 ratio: 0.85
2026-01-22 17:38:12,954 - root - INFO - mask1 ratio: 0.03, mask2 ratio: 0.25, mask3 ratio: 0.10, mask4 ratio: 0.63
2026-01-22 17:38:13,237 - root - INFO - mask1 ratio: 0.01, mask2 ratio: 0.00, mask3 ratio: 0.10, mask4 ratio: 0.88
2026-01-22 17:38:13,526 - root - INFO - mask1 ratio: 0.01, mask2 ratio: 0.11, mask3 ratio: 0.10, mask4 ratio: 0.78
2026-01-22 17:38:13,838 - root - INFO - mask1 ratio: 0.01, mask2 ratio: 0.11, mask3 ratio: 0.10, mask4 ratio: 0.78
2026-01-22 17:38:14,128 - root - INFO - mask1 ratio: 0.02, mask2 ratio: 0.22, mask3 ratio: 0.10, mask4 ratio: 0.66
2026-01-22 17:38:14,415 - root - INFO - mask1 ratio: 0.04, mask2 ratio: 0.34, mask3 ratio: 0.10, mask4 ratio: 0.52
2026-01-22 17:38:14,703 - root - INFO - mask1 ratio: 0.03, mask2 ratio: 0.24, mask3 ratio: 0.10, mask4 ratio: 0.63
2026-01-22 17:38:15,018 - root - INFO - mask1 ratio: 0.01, mask2 ratio: 0.04, mask3 ratio: 0.10, mask4 ratio: 0.85
2026-01-22 17:38:15,307 - root - INFO - mask1 ratio: 0.03, mask2 ratio: 0.26, mask3 ratio: 0.10, mask4 ratio: 0.61
2026-01-22 17:38:15,590 - root - INFO - mask1 ratio: 0.01, mask2 ratio: 0.08, mask3 ratio: 0.10, mask4 ratio: 0.81
2026-01-22 17:38:15,872 - root - INFO - mask1 ratio: 0.01, mask2 ratio: 0.00, mask3 ratio: 0.10, mask4 ratio: 0.88
2026-01-22 17:38:16,156 - root - INFO - mask1 ratio: 0.00, mask2 ratio: 0.03, mask3 ratio: 0.10, mask4 ratio: 0.87
2026-01-22 17:38:16,457 - root - INFO - mask1 ratio: 0.01, mask2 ratio: 0.05, mask3 ratio: 0.10, mask4 ratio: 0.85
2026-01-22 17:38:16,741 - root - INFO - mask1 ratio: 0.00, mask2 ratio: 0.03, mask3 ratio: 0.10, mask4 ratio: 0.87
2026-01-22 17:38:17,022 - root - INFO - mask1 ratio: 0.01, mask2 ratio: 0.04, mask3 ratio: 0.10, mask4 ratio: 0.85
2026-01-22 17:38:17,308 - root - INFO - mask1 ratio: 0.01, mask2 ratio: 0.03, mask3 ratio: 0.10, mask4 ratio: 0.86
2026-01-22 17:38:17,597 - root - INFO - mask1 ratio: 0.01, mask2 ratio: 0.03, mask3 ratio: 0.10, mask4 ratio: 0.86
2026-01-22 17:38:17,924 - root - INFO - mask1 ratio: 0.01, mask2 ratio: 0.08, mask3 ratio: 0.10, mask4 ratio: 0.81
2026-01-22 17:38:18,207 - root - INFO - mask1 ratio: 0.00, mask2 ratio: 0.02, mask3 ratio: 0.10, mask4 ratio: 0.88
2026-01-22 17:38:18,240 - root - INFO - time 5.84
2026-01-22 17:38:18,248 - root - INFO - 6 fc2
2026-01-22 17:38:18,248 - root - INFO - Quantizing ...
2026-01-22 17:38:18,548 - root - INFO - mask1 ratio: 0.01, mask2 ratio: 0.04, mask3 ratio: 0.10, mask4 ratio: 0.85
2026-01-22 17:38:18,759 - root - INFO - mask1 ratio: 0.01, mask2 ratio: 0.03, mask3 ratio: 0.10, mask4 ratio: 0.86
2026-01-22 17:38:18,968 - root - INFO - mask1 ratio: 0.00, mask2 ratio: 0.02, mask3 ratio: 0.10, mask4 ratio: 0.88
2026-01-22 17:38:19,178 - root - INFO - mask1 ratio: 0.02, mask2 ratio: 0.08, mask3 ratio: 0.10, mask4 ratio: 0.80
2026-01-22 17:38:19,414 - root - INFO - mask1 ratio: 0.03, mask2 ratio: 0.19, mask3 ratio: 0.10, mask4 ratio: 0.68
2026-01-22 17:38:19,624 - root - INFO - mask1 ratio: 0.01, mask2 ratio: 0.02, mask3 ratio: 0.10, mask4 ratio: 0.88
2026-01-22 17:38:19,835 - root - INFO - mask1 ratio: 0.02, mask2 ratio: 0.09, mask3 ratio: 0.10, mask4 ratio: 0.79
2026-01-22 17:38:20,052 - root - INFO - mask1 ratio: 0.01, mask2 ratio: 0.06, mask3 ratio: 0.10, mask4 ratio: 0.83
2026-01-22 17:38:20,277 - root - INFO - mask1 ratio: 0.01, mask2 ratio: 0.04, mask3 ratio: 0.10, mask4 ratio: 0.85
2026-01-22 17:38:20,488 - root - INFO - mask1 ratio: 0.01, mask2 ratio: 0.04, mask3 ratio: 0.10, mask4 ratio: 0.85
2026-01-22 17:38:20,697 - root - INFO - mask1 ratio: 0.01, mask2 ratio: 0.05, mask3 ratio: 0.10, mask4 ratio: 0.84
2026-01-22 17:38:20,936 - root - INFO - mask1 ratio: 0.02, mask2 ratio: 0.08, mask3 ratio: 0.10, mask4 ratio: 0.81
2026-01-22 17:38:21,158 - root - INFO - mask1 ratio: 0.01, mask2 ratio: 0.04, mask3 ratio: 0.10, mask4 ratio: 0.85
2026-01-22 17:38:21,390 - root - INFO - mask1 ratio: 0.01, mask2 ratio: 0.04, mask3 ratio: 0.10, mask4 ratio: 0.85
2026-01-22 17:38:21,624 - root - INFO - mask1 ratio: 0.01, mask2 ratio: 0.05, mask3 ratio: 0.10, mask4 ratio: 0.84
2026-01-22 17:38:21,854 - root - INFO - mask1 ratio: 0.00, mask2 ratio: 0.02, mask3 ratio: 0.10, mask4 ratio: 0.88
2026-01-22 17:38:22,070 - root - INFO - mask1 ratio: 0.01, mask2 ratio: 0.03, mask3 ratio: 0.10, mask4 ratio: 0.86
2026-01-22 17:38:22,292 - root - INFO - mask1 ratio: 0.01, mask2 ratio: 0.03, mask3 ratio: 0.10, mask4 ratio: 0.86
2026-01-22 17:38:22,532 - root - INFO - mask1 ratio: 0.01, mask2 ratio: 0.08, mask3 ratio: 0.10, mask4 ratio: 0.81
2026-01-22 17:38:22,755 - root - INFO - mask1 ratio: 0.01, mask2 ratio: 0.02, mask3 ratio: 0.10, mask4 ratio: 0.87
2026-01-22 17:38:22,976 - root - INFO - mask1 ratio: 0.01, mask2 ratio: 0.02, mask3 ratio: 0.10, mask4 ratio: 0.88
2026-01-22 17:38:23,207 - root - INFO - mask1 ratio: 0.01, mask2 ratio: 0.03, mask3 ratio: 0.10, mask4 ratio: 0.86
2026-01-22 17:38:23,423 - root - INFO - mask1 ratio: 0.01, mask2 ratio: 0.05, mask3 ratio: 0.10, mask4 ratio: 0.84
2026-01-22 17:38:23,644 - root - INFO - mask1 ratio: 0.02, mask2 ratio: 0.08, mask3 ratio: 0.10, mask4 ratio: 0.80
2026-01-22 17:38:23,856 - root - INFO - mask1 ratio: 0.01, mask2 ratio: 0.04, mask3 ratio: 0.10, mask4 ratio: 0.85
2026-01-22 17:38:24,110 - root - INFO - mask1 ratio: 0.02, mask2 ratio: 0.11, mask3 ratio: 0.10, mask4 ratio: 0.77
2026-01-22 17:38:24,334 - root - INFO - mask1 ratio: 0.01, mask2 ratio: 0.04, mask3 ratio: 0.10, mask4 ratio: 0.85
2026-01-22 17:38:24,553 - root - INFO - mask1 ratio: 0.01, mask2 ratio: 0.04, mask3 ratio: 0.10, mask4 ratio: 0.85
2026-01-22 17:38:24,774 - root - INFO - mask1 ratio: 0.01, mask2 ratio: 0.02, mask3 ratio: 0.10, mask4 ratio: 0.87
2026-01-22 17:38:24,991 - root - INFO - mask1 ratio: 0.01, mask2 ratio: 0.04, mask3 ratio: 0.10, mask4 ratio: 0.85
2026-01-22 17:38:25,206 - root - INFO - mask1 ratio: 0.01, mask2 ratio: 0.05, mask3 ratio: 0.10, mask4 ratio: 0.84
2026-01-22 17:38:25,419 - root - INFO - mask1 ratio: 0.01, mask2 ratio: 0.03, mask3 ratio: 0.10, mask4 ratio: 0.87
2026-01-22 17:38:25,636 - root - INFO - mask1 ratio: 0.01, mask2 ratio: 0.04, mask3 ratio: 0.10, mask4 ratio: 0.85
2026-01-22 17:38:25,869 - root - INFO - mask1 ratio: 0.01, mask2 ratio: 0.03, mask3 ratio: 0.10, mask4 ratio: 0.86
2026-01-22 17:38:26,086 - root - INFO - mask1 ratio: 0.02, mask2 ratio: 0.09, mask3 ratio: 0.10, mask4 ratio: 0.79
2026-01-22 17:38:26,356 - root - INFO - mask1 ratio: 0.01, mask2 ratio: 0.02, mask3 ratio: 0.10, mask4 ratio: 0.87
2026-01-22 17:38:26,598 - root - INFO - mask1 ratio: 0.01, mask2 ratio: 0.02, mask3 ratio: 0.10, mask4 ratio: 0.87
2026-01-22 17:38:26,817 - root - INFO - mask1 ratio: 0.03, mask2 ratio: 0.22, mask3 ratio: 0.10, mask4 ratio: 0.65
2026-01-22 17:38:27,030 - root - INFO - mask1 ratio: 0.03, mask2 ratio: 0.15, mask3 ratio: 0.10, mask4 ratio: 0.72
2026-01-22 17:38:27,287 - root - INFO - mask1 ratio: 0.01, mask2 ratio: 0.02, mask3 ratio: 0.10, mask4 ratio: 0.88
2026-01-22 17:38:27,509 - root - INFO - mask1 ratio: 0.01, mask2 ratio: 0.04, mask3 ratio: 0.10, mask4 ratio: 0.85
2026-01-22 17:38:27,730 - root - INFO - mask1 ratio: 0.03, mask2 ratio: 0.21, mask3 ratio: 0.10, mask4 ratio: 0.66
2026-01-22 17:38:27,951 - root - INFO - mask1 ratio: 0.01, mask2 ratio: 0.04, mask3 ratio: 0.10, mask4 ratio: 0.85
2026-01-22 17:38:28,163 - root - INFO - mask1 ratio: 0.01, mask2 ratio: 0.04, mask3 ratio: 0.10, mask4 ratio: 0.85
2026-01-22 17:38:28,397 - root - INFO - mask1 ratio: 0.01, mask2 ratio: 0.04, mask3 ratio: 0.10, mask4 ratio: 0.85
2026-01-22 17:38:28,620 - root - INFO - mask1 ratio: 0.01, mask2 ratio: 0.06, mask3 ratio: 0.10, mask4 ratio: 0.83
2026-01-22 17:38:28,858 - root - INFO - mask1 ratio: 0.02, mask2 ratio: 0.14, mask3 ratio: 0.10, mask4 ratio: 0.74
2026-01-22 17:38:29,068 - root - INFO - mask1 ratio: 0.02, mask2 ratio: 0.09, mask3 ratio: 0.10, mask4 ratio: 0.79
2026-01-22 17:38:29,279 - root - INFO - mask1 ratio: 0.01, mask2 ratio: 0.06, mask3 ratio: 0.10, mask4 ratio: 0.83
2026-01-22 17:38:29,490 - root - INFO - mask1 ratio: 0.01, mask2 ratio: 0.04, mask3 ratio: 0.10, mask4 ratio: 0.85
2026-01-22 17:38:29,703 - root - INFO - mask1 ratio: 0.01, mask2 ratio: 0.02, mask3 ratio: 0.10, mask4 ratio: 0.87
2026-01-22 17:38:29,914 - root - INFO - mask1 ratio: 0.01, mask2 ratio: 0.00, mask3 ratio: 0.10, mask4 ratio: 0.88
2026-01-22 17:38:30,124 - root - INFO - mask1 ratio: 0.01, mask2 ratio: 0.04, mask3 ratio: 0.10, mask4 ratio: 0.85
2026-01-22 17:38:30,335 - root - INFO - mask1 ratio: 0.02, mask2 ratio: 0.13, mask3 ratio: 0.10, mask4 ratio: 0.74
2026-01-22 17:38:30,583 - root - INFO - mask1 ratio: 0.01, mask2 ratio: 0.05, mask3 ratio: 0.10, mask4 ratio: 0.84
2026-01-22 17:38:30,806 - root - INFO - mask1 ratio: 0.01, mask2 ratio: 0.04, mask3 ratio: 0.10, mask4 ratio: 0.85
2026-01-22 17:38:31,041 - root - INFO - mask1 ratio: 0.02, mask2 ratio: 0.09, mask3 ratio: 0.10, mask4 ratio: 0.80
2026-01-22 17:38:31,250 - root - INFO - mask1 ratio: 0.01, mask2 ratio: 0.00, mask3 ratio: 0.10, mask4 ratio: 0.88
2026-01-22 17:38:31,460 - root - INFO - mask1 ratio: 0.01, mask2 ratio: 0.03, mask3 ratio: 0.10, mask4 ratio: 0.86
2026-01-22 17:38:31,671 - root - INFO - mask1 ratio: 0.01, mask2 ratio: 0.03, mask3 ratio: 0.10, mask4 ratio: 0.86
2026-01-22 17:38:31,880 - root - INFO - mask1 ratio: 0.02, mask2 ratio: 0.18, mask3 ratio: 0.10, mask4 ratio: 0.70
2026-01-22 17:38:32,114 - root - INFO - mask1 ratio: 0.01, mask2 ratio: 0.06, mask3 ratio: 0.10, mask4 ratio: 0.83
2026-01-22 17:38:32,323 - root - INFO - mask1 ratio: 0.01, mask2 ratio: 0.08, mask3 ratio: 0.10, mask4 ratio: 0.81
2026-01-22 17:38:32,536 - root - INFO - mask1 ratio: 0.01, mask2 ratio: 0.06, mask3 ratio: 0.10, mask4 ratio: 0.83
2026-01-22 17:38:32,757 - root - INFO - mask1 ratio: 0.02, mask2 ratio: 0.07, mask3 ratio: 0.10, mask4 ratio: 0.81
2026-01-22 17:38:32,977 - root - INFO - mask1 ratio: 0.01, mask2 ratio: 0.06, mask3 ratio: 0.10, mask4 ratio: 0.83
2026-01-22 17:38:33,196 - root - INFO - mask1 ratio: 0.02, mask2 ratio: 0.05, mask3 ratio: 0.10, mask4 ratio: 0.83
2026-01-22 17:38:33,408 - root - INFO - mask1 ratio: 0.01, mask2 ratio: 0.02, mask3 ratio: 0.10, mask4 ratio: 0.88
2026-01-22 17:38:33,657 - root - INFO - mask1 ratio: 0.02, mask2 ratio: 0.16, mask3 ratio: 0.10, mask4 ratio: 0.71
2026-01-22 17:38:33,869 - root - INFO - mask1 ratio: 0.01, mask2 ratio: 0.04, mask3 ratio: 0.10, mask4 ratio: 0.85
2026-01-22 17:38:34,080 - root - INFO - mask1 ratio: 0.01, mask2 ratio: 0.06, mask3 ratio: 0.10, mask4 ratio: 0.82
2026-01-22 17:38:34,293 - root - INFO - mask1 ratio: 0.00, mask2 ratio: 0.02, mask3 ratio: 0.10, mask4 ratio: 0.88
2026-01-22 17:38:34,503 - root - INFO - mask1 ratio: 0.01, mask2 ratio: 0.02, mask3 ratio: 0.10, mask4 ratio: 0.87
2026-01-22 17:38:34,713 - root - INFO - mask1 ratio: 0.01, mask2 ratio: 0.04, mask3 ratio: 0.10, mask4 ratio: 0.85
2026-01-22 17:38:34,925 - root - INFO - mask1 ratio: 0.01, mask2 ratio: 0.03, mask3 ratio: 0.10, mask4 ratio: 0.86
2026-01-22 17:38:35,159 - root - INFO - mask1 ratio: 0.01, mask2 ratio: 0.02, mask3 ratio: 0.10, mask4 ratio: 0.87
2026-01-22 17:38:35,370 - root - INFO - mask1 ratio: 0.01, mask2 ratio: 0.05, mask3 ratio: 0.10, mask4 ratio: 0.84
2026-01-22 17:38:35,581 - root - INFO - mask1 ratio: 0.01, mask2 ratio: 0.04, mask3 ratio: 0.10, mask4 ratio: 0.85
2026-01-22 17:38:35,791 - root - INFO - mask1 ratio: 0.01, mask2 ratio: 0.03, mask3 ratio: 0.10, mask4 ratio: 0.86
2026-01-22 17:38:36,004 - root - INFO - mask1 ratio: 0.01, mask2 ratio: 0.03, mask3 ratio: 0.10, mask4 ratio: 0.86
2026-01-22 17:38:36,031 - root - INFO - time 17.78
2026-01-22 17:38:38,091 - root - INFO - 7 self_attn.k_proj
2026-01-22 17:38:38,091 - root - INFO - Quantizing ...
2026-01-22 17:38:38,705 - root - INFO - mask1 ratio: 0.00, mask2 ratio: 0.02, mask3 ratio: 0.10, mask4 ratio: 0.88
2026-01-22 17:38:38,918 - root - INFO - mask1 ratio: 0.01, mask2 ratio: 0.00, mask3 ratio: 0.10, mask4 ratio: 0.88
2026-01-22 17:38:39,130 - root - INFO - mask1 ratio: 0.01, mask2 ratio: 0.00, mask3 ratio: 0.10, mask4 ratio: 0.88
2026-01-22 17:38:39,341 - root - INFO - mask1 ratio: 0.01, mask2 ratio: 0.03, mask3 ratio: 0.10, mask4 ratio: 0.86
2026-01-22 17:38:39,553 - root - INFO - mask1 ratio: 0.02, mask2 ratio: 0.17, mask3 ratio: 0.10, mask4 ratio: 0.71
2026-01-22 17:38:39,764 - root - INFO - mask1 ratio: 0.01, mask2 ratio: 0.13, mask3 ratio: 0.10, mask4 ratio: 0.75
2026-01-22 17:38:39,977 - root - INFO - mask1 ratio: 0.01, mask2 ratio: 0.05, mask3 ratio: 0.10, mask4 ratio: 0.85
2026-01-22 17:38:40,231 - root - INFO - mask1 ratio: 0.00, mask2 ratio: 0.03, mask3 ratio: 0.10, mask4 ratio: 0.87
2026-01-22 17:38:40,452 - root - INFO - mask1 ratio: 0.01, mask2 ratio: 0.00, mask3 ratio: 0.10, mask4 ratio: 0.88
2026-01-22 17:38:40,676 - root - INFO - mask1 ratio: 0.01, mask2 ratio: 0.11, mask3 ratio: 0.10, mask4 ratio: 0.78
2026-01-22 17:38:40,888 - root - INFO - mask1 ratio: 0.01, mask2 ratio: 0.03, mask3 ratio: 0.10, mask4 ratio: 0.86
2026-01-22 17:38:41,119 - root - INFO - mask1 ratio: 0.01, mask2 ratio: 0.00, mask3 ratio: 0.10, mask4 ratio: 0.88
2026-01-22 17:38:41,345 - root - INFO - mask1 ratio: 0.00, mask2 ratio: 0.02, mask3 ratio: 0.10, mask4 ratio: 0.88
2026-01-22 17:38:41,570 - root - INFO - mask1 ratio: 0.00, mask2 ratio: 0.02, mask3 ratio: 0.10, mask4 ratio: 0.88
2026-01-22 17:38:41,817 - root - INFO - mask1 ratio: 0.01, mask2 ratio: 0.00, mask3 ratio: 0.10, mask4 ratio: 0.88
2026-01-22 17:38:42,042 - root - INFO - mask1 ratio: 0.01, mask2 ratio: 0.03, mask3 ratio: 0.10, mask4 ratio: 0.87
2026-01-22 17:38:42,266 - root - INFO - mask1 ratio: 0.00, mask2 ratio: 0.03, mask3 ratio: 0.10, mask4 ratio: 0.87
2026-01-22 17:38:42,490 - root - INFO - mask1 ratio: 0.01, mask2 ratio: 0.03, mask3 ratio: 0.10, mask4 ratio: 0.87
2026-01-22 17:38:42,714 - root - INFO - mask1 ratio: 0.02, mask2 ratio: 0.18, mask3 ratio: 0.10, mask4 ratio: 0.70
2026-01-22 17:38:42,924 - root - INFO - mask1 ratio: 0.01, mask2 ratio: 0.00, mask3 ratio: 0.10, mask4 ratio: 0.88
2026-01-22 17:38:42,952 - root - INFO - time 4.86
2026-01-22 17:38:42,963 - root - INFO - 7 self_attn.v_proj
2026-01-22 17:38:42,963 - root - INFO - Quantizing ...
2026-01-22 17:38:43,180 - root - INFO - mask1 ratio: 0.01, mask2 ratio: 0.06, mask3 ratio: 0.10, mask4 ratio: 0.83
2026-01-22 17:38:43,391 - root - INFO - mask1 ratio: 0.03, mask2 ratio: 0.17, mask3 ratio: 0.10, mask4 ratio: 0.70
2026-01-22 17:38:43,603 - root - INFO - mask1 ratio: 0.04, mask2 ratio: 0.34, mask3 ratio: 0.10, mask4 ratio: 0.53
2026-01-22 17:38:43,813 - root - INFO - mask1 ratio: 0.02, mask2 ratio: 0.19, mask3 ratio: 0.10, mask4 ratio: 0.68
2026-01-22 17:38:44,025 - root - INFO - mask1 ratio: 0.03, mask2 ratio: 0.23, mask3 ratio: 0.10, mask4 ratio: 0.64
2026-01-22 17:38:44,238 - root - INFO - mask1 ratio: 0.03, mask2 ratio: 0.19, mask3 ratio: 0.10, mask4 ratio: 0.68
2026-01-22 17:38:44,449 - root - INFO - mask1 ratio: 0.02, mask2 ratio: 0.16, mask3 ratio: 0.10, mask4 ratio: 0.72
2026-01-22 17:38:44,701 - root - INFO - mask1 ratio: 0.03, mask2 ratio: 0.23, mask3 ratio: 0.10, mask4 ratio: 0.64
2026-01-22 17:38:44,915 - root - INFO - mask1 ratio: 0.02, mask2 ratio: 0.12, mask3 ratio: 0.10, mask4 ratio: 0.76
2026-01-22 17:38:45,126 - root - INFO - mask1 ratio: 0.02, mask2 ratio: 0.12, mask3 ratio: 0.10, mask4 ratio: 0.76
2026-01-22 17:38:45,337 - root - INFO - mask1 ratio: 0.02, mask2 ratio: 0.17, mask3 ratio: 0.10, mask4 ratio: 0.70
2026-01-22 17:38:45,547 - root - INFO - mask1 ratio: 0.00, mask2 ratio: 0.02, mask3 ratio: 0.10, mask4 ratio: 0.88
2026-01-22 17:38:45,758 - root - INFO - mask1 ratio: 0.02, mask2 ratio: 0.14, mask3 ratio: 0.10, mask4 ratio: 0.74
2026-01-22 17:38:45,971 - root - INFO - mask1 ratio: 0.02, mask2 ratio: 0.08, mask3 ratio: 0.10, mask4 ratio: 0.81
2026-01-22 17:38:46,208 - root - INFO - mask1 ratio: 0.03, mask2 ratio: 0.19, mask3 ratio: 0.10, mask4 ratio: 0.68
2026-01-22 17:38:46,422 - root - INFO - mask1 ratio: 0.02, mask2 ratio: 0.16, mask3 ratio: 0.10, mask4 ratio: 0.72
2026-01-22 17:38:46,632 - root - INFO - mask1 ratio: 0.01, mask2 ratio: 0.03, mask3 ratio: 0.10, mask4 ratio: 0.86
2026-01-22 17:38:46,845 - root - INFO - mask1 ratio: 0.01, mask2 ratio: 0.02, mask3 ratio: 0.10, mask4 ratio: 0.87
2026-01-22 17:38:47,057 - root - INFO - mask1 ratio: 0.01, mask2 ratio: 0.05, mask3 ratio: 0.10, mask4 ratio: 0.84
2026-01-22 17:38:47,269 - root - INFO - mask1 ratio: 0.00, mask2 ratio: 0.02, mask3 ratio: 0.10, mask4 ratio: 0.88
2026-01-22 17:38:47,295 - root - INFO - time 4.33
2026-01-22 17:38:47,299 - root - INFO - 7 self_attn.q_proj
2026-01-22 17:38:47,299 - root - INFO - Quantizing ...
2026-01-22 17:38:47,490 - root - INFO - mask1 ratio: 0.00, mask2 ratio: 0.02, mask3 ratio: 0.10, mask4 ratio: 0.88
2026-01-22 17:38:47,724 - root - INFO - mask1 ratio: 0.01, mask2 ratio: 0.00, mask3 ratio: 0.10, mask4 ratio: 0.88
2026-01-22 17:38:47,941 - root - INFO - mask1 ratio: 0.01, mask2 ratio: 0.00, mask3 ratio: 0.10, mask4 ratio: 0.88
2026-01-22 17:38:48,159 - root - INFO - mask1 ratio: 0.01, mask2 ratio: 0.03, mask3 ratio: 0.10, mask4 ratio: 0.86
2026-01-22 17:38:48,373 - root - INFO - mask1 ratio: 0.01, mask2 ratio: 0.10, mask3 ratio: 0.10, mask4 ratio: 0.79
2026-01-22 17:38:48,594 - root - INFO - mask1 ratio: 0.01, mask2 ratio: 0.08, mask3 ratio: 0.10, mask4 ratio: 0.81
2026-01-22 17:38:48,805 - root - INFO - mask1 ratio: 0.01, mask2 ratio: 0.11, mask3 ratio: 0.10, mask4 ratio: 0.78
2026-01-22 17:38:49,016 - root - INFO - mask1 ratio: 0.00, mask2 ratio: 0.02, mask3 ratio: 0.10, mask4 ratio: 0.88
2026-01-22 17:38:49,236 - root - INFO - mask1 ratio: 0.01, mask2 ratio: 0.00, mask3 ratio: 0.10, mask4 ratio: 0.88
2026-01-22 17:38:49,457 - root - INFO - mask1 ratio: 0.01, mask2 ratio: 0.11, mask3 ratio: 0.10, mask4 ratio: 0.78
2026-01-22 17:38:49,668 - root - INFO - mask1 ratio: 0.00, mask2 ratio: 0.03, mask3 ratio: 0.10, mask4 ratio: 0.87
2026-01-22 17:38:49,877 - root - INFO - mask1 ratio: 0.01, mask2 ratio: 0.00, mask3 ratio: 0.10, mask4 ratio: 0.88
2026-01-22 17:38:50,088 - root - INFO - mask1 ratio: 0.01, mask2 ratio: 0.00, mask3 ratio: 0.10, mask4 ratio: 0.88
2026-01-22 17:38:50,312 - root - INFO - mask1 ratio: 0.00, mask2 ratio: 0.02, mask3 ratio: 0.10, mask4 ratio: 0.88
2026-01-22 17:38:50,533 - root - INFO - mask1 ratio: 0.01, mask2 ratio: 0.00, mask3 ratio: 0.10, mask4 ratio: 0.88
2026-01-22 17:38:50,795 - root - INFO - mask1 ratio: 0.00, mask2 ratio: 0.03, mask3 ratio: 0.10, mask4 ratio: 0.87
2026-01-22 17:38:51,029 - root - INFO - mask1 ratio: 0.00, mask2 ratio: 0.02, mask3 ratio: 0.10, mask4 ratio: 0.88
2026-01-22 17:38:51,240 - root - INFO - mask1 ratio: 0.01, mask2 ratio: 0.03, mask3 ratio: 0.10, mask4 ratio: 0.87
2026-01-22 17:38:51,454 - root - INFO - mask1 ratio: 0.01, mask2 ratio: 0.09, mask3 ratio: 0.10, mask4 ratio: 0.80
2026-01-22 17:38:51,666 - root - INFO - mask1 ratio: 0.01, mask2 ratio: 0.00, mask3 ratio: 0.10, mask4 ratio: 0.88
2026-01-22 17:38:51,693 - root - INFO - time 4.39
2026-01-22 17:38:51,696 - root - INFO - 7 self_attn.out_proj
2026-01-22 17:38:51,696 - root - INFO - Quantizing ...
2026-01-22 17:38:51,888 - root - INFO - mask1 ratio: 0.01, mask2 ratio: 0.05, mask3 ratio: 0.10, mask4 ratio: 0.84
2026-01-22 17:38:52,101 - root - INFO - mask1 ratio: 0.02, mask2 ratio: 0.10, mask3 ratio: 0.10, mask4 ratio: 0.78
2026-01-22 17:38:52,339 - root - INFO - mask1 ratio: 0.01, mask2 ratio: 0.04, mask3 ratio: 0.10, mask4 ratio: 0.85
2026-01-22 17:38:52,559 - root - INFO - mask1 ratio: 0.04, mask2 ratio: 0.34, mask3 ratio: 0.10, mask4 ratio: 0.53
2026-01-22 17:38:52,770 - root - INFO - mask1 ratio: 0.04, mask2 ratio: 0.34, mask3 ratio: 0.10, mask4 ratio: 0.52
2026-01-22 17:38:52,979 - root - INFO - mask1 ratio: 0.01, mask2 ratio: 0.00, mask3 ratio: 0.10, mask4 ratio: 0.88
2026-01-22 17:38:53,188 - root - INFO - mask1 ratio: 0.02, mask2 ratio: 0.10, mask3 ratio: 0.10, mask4 ratio: 0.78
2026-01-22 17:38:53,403 - root - INFO - mask1 ratio: 0.04, mask2 ratio: 0.34, mask3 ratio: 0.10, mask4 ratio: 0.52
2026-01-22 17:38:53,613 - root - INFO - mask1 ratio: 0.00, mask2 ratio: 0.02, mask3 ratio: 0.10, mask4 ratio: 0.88
2026-01-22 17:38:53,863 - root - INFO - mask1 ratio: 0.00, mask2 ratio: 0.02, mask3 ratio: 0.10, mask4 ratio: 0.88
2026-01-22 17:38:54,074 - root - INFO - mask1 ratio: 0.01, mask2 ratio: 0.02, mask3 ratio: 0.10, mask4 ratio: 0.88
2026-01-22 17:38:54,284 - root - INFO - mask1 ratio: 0.02, mask2 ratio: 0.22, mask3 ratio: 0.10, mask4 ratio: 0.66
2026-01-22 17:38:54,495 - root - INFO - mask1 ratio: 0.02, mask2 ratio: 0.13, mask3 ratio: 0.10, mask4 ratio: 0.75
2026-01-22 17:38:54,706 - root - INFO - mask1 ratio: 0.02, mask2 ratio: 0.11, mask3 ratio: 0.10, mask4 ratio: 0.78
2026-01-22 17:38:54,916 - root - INFO - mask1 ratio: 0.00, mask2 ratio: 0.02, mask3 ratio: 0.10, mask4 ratio: 0.88
2026-01-22 17:38:55,125 - root - INFO - mask1 ratio: 0.00, mask2 ratio: 0.03, mask3 ratio: 0.10, mask4 ratio: 0.87
2026-01-22 17:38:55,336 - root - INFO - mask1 ratio: 0.01, mask2 ratio: 0.02, mask3 ratio: 0.10, mask4 ratio: 0.87
2026-01-22 17:38:55,568 - root - INFO - mask1 ratio: 0.01, mask2 ratio: 0.03, mask3 ratio: 0.10, mask4 ratio: 0.87
2026-01-22 17:38:55,777 - root - INFO - mask1 ratio: 0.01, mask2 ratio: 0.03, mask3 ratio: 0.10, mask4 ratio: 0.87
2026-01-22 17:38:55,986 - root - INFO - mask1 ratio: 0.01, mask2 ratio: 0.00, mask3 ratio: 0.10, mask4 ratio: 0.88
2026-01-22 17:38:56,012 - root - INFO - time 4.32
2026-01-22 17:38:56,016 - root - INFO - 7 fc1
2026-01-22 17:38:56,016 - root - INFO - Quantizing ...
2026-01-22 17:38:56,276 - root - INFO - mask1 ratio: 0.01, mask2 ratio: 0.04, mask3 ratio: 0.10, mask4 ratio: 0.85
2026-01-22 17:38:56,563 - root - INFO - mask1 ratio: 0.01, mask2 ratio: 0.11, mask3 ratio: 0.10, mask4 ratio: 0.78
2026-01-22 17:38:56,878 - root - INFO - mask1 ratio: 0.01, mask2 ratio: 0.00, mask3 ratio: 0.10, mask4 ratio: 0.88
2026-01-22 17:38:57,163 - root - INFO - mask1 ratio: 0.01, mask2 ratio: 0.10, mask3 ratio: 0.10, mask4 ratio: 0.79
2026-01-22 17:38:57,448 - root - INFO - mask1 ratio: 0.01, mask2 ratio: 0.06, mask3 ratio: 0.10, mask4 ratio: 0.83
2026-01-22 17:38:57,735 - root - INFO - mask1 ratio: 0.01, mask2 ratio: 0.10, mask3 ratio: 0.10, mask4 ratio: 0.78
2026-01-22 17:38:58,020 - root - INFO - mask1 ratio: 0.03, mask2 ratio: 0.30, mask3 ratio: 0.10, mask4 ratio: 0.57
2026-01-22 17:38:58,319 - root - INFO - mask1 ratio: 0.01, mask2 ratio: 0.10, mask3 ratio: 0.10, mask4 ratio: 0.79
2026-01-22 17:38:58,604 - root - INFO - mask1 ratio: 0.01, mask2 ratio: 0.03, mask3 ratio: 0.10, mask4 ratio: 0.86
2026-01-22 17:38:58,890 - root - INFO - mask1 ratio: 0.04, mask2 ratio: 0.34, mask3 ratio: 0.10, mask4 ratio: 0.52
2026-01-22 17:38:59,176 - root - INFO - mask1 ratio: 0.01, mask2 ratio: 0.06, mask3 ratio: 0.10, mask4 ratio: 0.83
2026-01-22 17:38:59,458 - root - INFO - mask1 ratio: 0.01, mask2 ratio: 0.02, mask3 ratio: 0.10, mask4 ratio: 0.88
2026-01-22 17:38:59,784 - root - INFO - mask1 ratio: 0.00, mask2 ratio: 0.03, mask3 ratio: 0.10, mask4 ratio: 0.87
2026-01-22 17:39:00,068 - root - INFO - mask1 ratio: 0.01, mask2 ratio: 0.04, mask3 ratio: 0.10, mask4 ratio: 0.85
2026-01-22 17:39:00,351 - root - INFO - mask1 ratio: 0.00, mask2 ratio: 0.03, mask3 ratio: 0.10, mask4 ratio: 0.87
2026-01-22 17:39:00,635 - root - INFO - mask1 ratio: 0.01, mask2 ratio: 0.05, mask3 ratio: 0.10, mask4 ratio: 0.85
2026-01-22 17:39:00,919 - root - INFO - mask1 ratio: 0.01, mask2 ratio: 0.03, mask3 ratio: 0.10, mask4 ratio: 0.86
2026-01-22 17:39:01,226 - root - INFO - mask1 ratio: 0.01, mask2 ratio: 0.03, mask3 ratio: 0.10, mask4 ratio: 0.86
2026-01-22 17:39:01,512 - root - INFO - mask1 ratio: 0.01, mask2 ratio: 0.10, mask3 ratio: 0.10, mask4 ratio: 0.79
2026-01-22 17:39:01,794 - root - INFO - mask1 ratio: 0.00, mask2 ratio: 0.02, mask3 ratio: 0.10, mask4 ratio: 0.88
2026-01-22 17:39:01,826 - root - INFO - time 5.81
2026-01-22 17:39:01,834 - root - INFO - 7 fc2
2026-01-22 17:39:01,835 - root - INFO - Quantizing ...
2026-01-22 17:39:02,135 - root - INFO - mask1 ratio: 0.01, mask2 ratio: 0.06, mask3 ratio: 0.10, mask4 ratio: 0.83
2026-01-22 17:39:02,344 - root - INFO - mask1 ratio: 0.01, mask2 ratio: 0.04, mask3 ratio: 0.10, mask4 ratio: 0.85
2026-01-22 17:39:02,597 - root - INFO - mask1 ratio: 0.01, mask2 ratio: 0.04, mask3 ratio: 0.10, mask4 ratio: 0.85
2026-01-22 17:39:02,808 - root - INFO - mask1 ratio: 0.02, mask2 ratio: 0.10, mask3 ratio: 0.10, mask4 ratio: 0.78
2026-01-22 17:39:03,018 - root - INFO - mask1 ratio: 0.01, mask2 ratio: 0.05, mask3 ratio: 0.10, mask4 ratio: 0.84
2026-01-22 17:39:03,227 - root - INFO - mask1 ratio: 0.01, mask2 ratio: 0.02, mask3 ratio: 0.10, mask4 ratio: 0.87
2026-01-22 17:39:03,438 - root - INFO - mask1 ratio: 0.01, mask2 ratio: 0.03, mask3 ratio: 0.10, mask4 ratio: 0.86
2026-01-22 17:39:03,649 - root - INFO - mask1 ratio: 0.01, mask2 ratio: 0.06, mask3 ratio: 0.10, mask4 ratio: 0.83
2026-01-22 17:39:03,859 - root - INFO - mask1 ratio: 0.01, mask2 ratio: 0.03, mask3 ratio: 0.10, mask4 ratio: 0.86
2026-01-22 17:39:04,091 - root - INFO - mask1 ratio: 0.02, mask2 ratio: 0.08, mask3 ratio: 0.10, mask4 ratio: 0.80
2026-01-22 17:39:04,305 - root - INFO - mask1 ratio: 0.01, mask2 ratio: 0.06, mask3 ratio: 0.10, mask4 ratio: 0.83
2026-01-22 17:39:04,514 - root - INFO - mask1 ratio: 0.01, mask2 ratio: 0.02, mask3 ratio: 0.10, mask4 ratio: 0.87
2026-01-22 17:39:04,725 - root - INFO - mask1 ratio: 0.02, mask2 ratio: 0.06, mask3 ratio: 0.10, mask4 ratio: 0.82
2026-01-22 17:39:04,934 - root - INFO - mask1 ratio: 0.02, mask2 ratio: 0.07, mask3 ratio: 0.10, mask4 ratio: 0.81
2026-01-22 17:39:05,143 - root - INFO - mask1 ratio: 0.01, mask2 ratio: 0.04, mask3 ratio: 0.10, mask4 ratio: 0.85
2026-01-22 17:39:05,353 - root - INFO - mask1 ratio: 0.01, mask2 ratio: 0.03, mask3 ratio: 0.10, mask4 ratio: 0.86
2026-01-22 17:39:05,562 - root - INFO - mask1 ratio: 0.01, mask2 ratio: 0.05, mask3 ratio: 0.10, mask4 ratio: 0.84
2026-01-22 17:39:05,811 - root - INFO - mask1 ratio: 0.01, mask2 ratio: 0.03, mask3 ratio: 0.10, mask4 ratio: 0.86
2026-01-22 17:39:06,022 - root - INFO - mask1 ratio: 0.01, mask2 ratio: 0.06, mask3 ratio: 0.10, mask4 ratio: 0.82
2026-01-22 17:39:06,231 - root - INFO - mask1 ratio: 0.01, mask2 ratio: 0.03, mask3 ratio: 0.10, mask4 ratio: 0.86
2026-01-22 17:39:06,440 - root - INFO - mask1 ratio: 0.01, mask2 ratio: 0.02, mask3 ratio: 0.10, mask4 ratio: 0.87
2026-01-22 17:39:06,650 - root - INFO - mask1 ratio: 0.01, mask2 ratio: 0.03, mask3 ratio: 0.10, mask4 ratio: 0.86
2026-01-22 17:39:06,861 - root - INFO - mask1 ratio: 0.01, mask2 ratio: 0.02, mask3 ratio: 0.10, mask4 ratio: 0.88
2026-01-22 17:39:07,070 - root - INFO - mask1 ratio: 0.01, mask2 ratio: 0.03, mask3 ratio: 0.10, mask4 ratio: 0.86
2026-01-22 17:39:07,307 - root - INFO - mask1 ratio: 0.01, mask2 ratio: 0.04, mask3 ratio: 0.10, mask4 ratio: 0.85
2026-01-22 17:39:07,517 - root - INFO - mask1 ratio: 0.01, mask2 ratio: 0.03, mask3 ratio: 0.10, mask4 ratio: 0.86
2026-01-22 17:39:07,727 - root - INFO - mask1 ratio: 0.01, mask2 ratio: 0.03, mask3 ratio: 0.10, mask4 ratio: 0.86
2026-01-22 17:39:07,939 - root - INFO - mask1 ratio: 0.02, mask2 ratio: 0.07, mask3 ratio: 0.10, mask4 ratio: 0.81
2026-01-22 17:39:08,149 - root - INFO - mask1 ratio: 0.01, mask2 ratio: 0.04, mask3 ratio: 0.10, mask4 ratio: 0.85
2026-01-22 17:39:08,359 - root - INFO - mask1 ratio: 0.01, mask2 ratio: 0.04, mask3 ratio: 0.10, mask4 ratio: 0.85
2026-01-22 17:39:08,570 - root - INFO - mask1 ratio: 0.01, mask2 ratio: 0.02, mask3 ratio: 0.10, mask4 ratio: 0.88
2026-01-22 17:39:08,780 - root - INFO - mask1 ratio: 0.01, mask2 ratio: 0.02, mask3 ratio: 0.10, mask4 ratio: 0.88
2026-01-22 17:39:09,027 - root - INFO - mask1 ratio: 0.01, mask2 ratio: 0.04, mask3 ratio: 0.10, mask4 ratio: 0.85
2026-01-22 17:39:09,238 - root - INFO - mask1 ratio: 0.01, mask2 ratio: 0.04, mask3 ratio: 0.10, mask4 ratio: 0.85
2026-01-22 17:39:09,448 - root - INFO - mask1 ratio: 0.01, mask2 ratio: 0.03, mask3 ratio: 0.10, mask4 ratio: 0.86
2026-01-22 17:39:09,658 - root - INFO - mask1 ratio: 0.01, mask2 ratio: 0.03, mask3 ratio: 0.10, mask4 ratio: 0.86
2026-01-22 17:39:09,870 - root - INFO - mask1 ratio: 0.01, mask2 ratio: 0.02, mask3 ratio: 0.10, mask4 ratio: 0.87
2026-01-22 17:39:10,082 - root - INFO - mask1 ratio: 0.01, mask2 ratio: 0.02, mask3 ratio: 0.10, mask4 ratio: 0.87
2026-01-22 17:39:10,292 - root - INFO - mask1 ratio: 0.01, mask2 ratio: 0.02, mask3 ratio: 0.10, mask4 ratio: 0.87
2026-01-22 17:39:10,530 - root - INFO - mask1 ratio: 0.01, mask2 ratio: 0.06, mask3 ratio: 0.10, mask4 ratio: 0.82
2026-01-22 17:39:10,741 - root - INFO - mask1 ratio: 0.01, mask2 ratio: 0.04, mask3 ratio: 0.10, mask4 ratio: 0.85
2026-01-22 17:39:10,953 - root - INFO - mask1 ratio: 0.01, mask2 ratio: 0.05, mask3 ratio: 0.10, mask4 ratio: 0.84
2026-01-22 17:39:11,161 - root - INFO - mask1 ratio: 0.01, mask2 ratio: 0.03, mask3 ratio: 0.10, mask4 ratio: 0.86
2026-01-22 17:39:11,372 - root - INFO - mask1 ratio: 0.01, mask2 ratio: 0.04, mask3 ratio: 0.10, mask4 ratio: 0.85
2026-01-22 17:39:11,581 - root - INFO - mask1 ratio: 0.01, mask2 ratio: 0.03, mask3 ratio: 0.10, mask4 ratio: 0.86
2026-01-22 17:39:11,791 - root - INFO - mask1 ratio: 0.01, mask2 ratio: 0.04, mask3 ratio: 0.10, mask4 ratio: 0.85
2026-01-22 17:39:12,044 - root - INFO - mask1 ratio: 0.01, mask2 ratio: 0.02, mask3 ratio: 0.10, mask4 ratio: 0.87
2026-01-22 17:39:12,257 - root - INFO - mask1 ratio: 0.01, mask2 ratio: 0.06, mask3 ratio: 0.10, mask4 ratio: 0.83
2026-01-22 17:39:12,467 - root - INFO - mask1 ratio: 0.01, mask2 ratio: 0.05, mask3 ratio: 0.10, mask4 ratio: 0.84
2026-01-22 17:39:12,684 - root - INFO - mask1 ratio: 0.02, mask2 ratio: 0.11, mask3 ratio: 0.10, mask4 ratio: 0.78
2026-01-22 17:39:12,894 - root - INFO - mask1 ratio: 0.02, mask2 ratio: 0.11, mask3 ratio: 0.10, mask4 ratio: 0.77
2026-01-22 17:39:13,106 - root - INFO - mask1 ratio: 0.01, mask2 ratio: 0.02, mask3 ratio: 0.10, mask4 ratio: 0.87
2026-01-22 17:39:13,317 - root - INFO - mask1 ratio: 0.03, mask2 ratio: 0.31, mask3 ratio: 0.10, mask4 ratio: 0.56
2026-01-22 17:39:13,528 - root - INFO - mask1 ratio: 0.01, mask2 ratio: 0.04, mask3 ratio: 0.10, mask4 ratio: 0.85
2026-01-22 17:39:13,757 - root - INFO - mask1 ratio: 0.01, mask2 ratio: 0.04, mask3 ratio: 0.10, mask4 ratio: 0.85
2026-01-22 17:39:13,968 - root - INFO - mask1 ratio: 0.01, mask2 ratio: 0.03, mask3 ratio: 0.10, mask4 ratio: 0.87
2026-01-22 17:39:14,178 - root - INFO - mask1 ratio: 0.01, mask2 ratio: 0.04, mask3 ratio: 0.10, mask4 ratio: 0.85
2026-01-22 17:39:14,388 - root - INFO - mask1 ratio: 0.02, mask2 ratio: 0.08, mask3 ratio: 0.10, mask4 ratio: 0.81
2026-01-22 17:39:14,597 - root - INFO - mask1 ratio: 0.01, mask2 ratio: 0.06, mask3 ratio: 0.10, mask4 ratio: 0.83
2026-01-22 17:39:14,808 - root - INFO - mask1 ratio: 0.01, mask2 ratio: 0.06, mask3 ratio: 0.10, mask4 ratio: 0.82
2026-01-22 17:39:15,018 - root - INFO - mask1 ratio: 0.01, mask2 ratio: 0.04, mask3 ratio: 0.10, mask4 ratio: 0.85
2026-01-22 17:39:15,268 - root - INFO - mask1 ratio: 0.01, mask2 ratio: 0.04, mask3 ratio: 0.10, mask4 ratio: 0.85
2026-01-22 17:39:15,479 - root - INFO - mask1 ratio: 0.01, mask2 ratio: 0.03, mask3 ratio: 0.10, mask4 ratio: 0.86
2026-01-22 17:39:15,704 - root - INFO - mask1 ratio: 0.01, mask2 ratio: 0.02, mask3 ratio: 0.10, mask4 ratio: 0.88
2026-01-22 17:39:15,931 - root - INFO - mask1 ratio: 0.01, mask2 ratio: 0.04, mask3 ratio: 0.10, mask4 ratio: 0.85
2026-01-22 17:39:16,142 - root - INFO - mask1 ratio: 0.01, mask2 ratio: 0.03, mask3 ratio: 0.10, mask4 ratio: 0.87
2026-01-22 17:39:16,352 - root - INFO - mask1 ratio: 0.01, mask2 ratio: 0.06, mask3 ratio: 0.10, mask4 ratio: 0.83
2026-01-22 17:39:16,561 - root - INFO - mask1 ratio: 0.01, mask2 ratio: 0.02, mask3 ratio: 0.10, mask4 ratio: 0.88
2026-01-22 17:39:16,799 - root - INFO - mask1 ratio: 0.01, mask2 ratio: 0.04, mask3 ratio: 0.10, mask4 ratio: 0.85
2026-01-22 17:39:17,008 - root - INFO - mask1 ratio: 0.01, mask2 ratio: 0.02, mask3 ratio: 0.10, mask4 ratio: 0.87
2026-01-22 17:39:17,219 - root - INFO - mask1 ratio: 0.01, mask2 ratio: 0.05, mask3 ratio: 0.10, mask4 ratio: 0.84
2026-01-22 17:39:17,428 - root - INFO - mask1 ratio: 0.02, mask2 ratio: 0.10, mask3 ratio: 0.10, mask4 ratio: 0.78
2026-01-22 17:39:17,638 - root - INFO - mask1 ratio: 0.01, mask2 ratio: 0.04, mask3 ratio: 0.10, mask4 ratio: 0.85
2026-01-22 17:39:17,847 - root - INFO - mask1 ratio: 0.01, mask2 ratio: 0.02, mask3 ratio: 0.10, mask4 ratio: 0.87
2026-01-22 17:39:18,055 - root - INFO - mask1 ratio: 0.01, mask2 ratio: 0.02, mask3 ratio: 0.10, mask4 ratio: 0.87
2026-01-22 17:39:18,306 - root - INFO - mask1 ratio: 0.01, mask2 ratio: 0.04, mask3 ratio: 0.10, mask4 ratio: 0.85
2026-01-22 17:39:18,516 - root - INFO - mask1 ratio: 0.01, mask2 ratio: 0.05, mask3 ratio: 0.10, mask4 ratio: 0.84
2026-01-22 17:39:18,727 - root - INFO - mask1 ratio: 0.01, mask2 ratio: 0.04, mask3 ratio: 0.10, mask4 ratio: 0.85
2026-01-22 17:39:18,937 - root - INFO - mask1 ratio: 0.01, mask2 ratio: 0.04, mask3 ratio: 0.10, mask4 ratio: 0.85
2026-01-22 17:39:19,147 - root - INFO - mask1 ratio: 0.01, mask2 ratio: 0.04, mask3 ratio: 0.10, mask4 ratio: 0.85
2026-01-22 17:39:19,175 - root - INFO - time 17.34
2026-01-22 17:39:21,288 - root - INFO - 8 self_attn.k_proj
2026-01-22 17:39:21,288 - root - INFO - Quantizing ...
2026-01-22 17:39:21,894 - root - INFO - mask1 ratio: 0.00, mask2 ratio: 0.02, mask3 ratio: 0.10, mask4 ratio: 0.88
2026-01-22 17:39:22,104 - root - INFO - mask1 ratio: 0.01, mask2 ratio: 0.00, mask3 ratio: 0.10, mask4 ratio: 0.88
2026-01-22 17:39:22,314 - root - INFO - mask1 ratio: 0.01, mask2 ratio: 0.00, mask3 ratio: 0.10, mask4 ratio: 0.88
2026-01-22 17:39:22,524 - root - INFO - mask1 ratio: 0.01, mask2 ratio: 0.04, mask3 ratio: 0.10, mask4 ratio: 0.85
2026-01-22 17:39:22,735 - root - INFO - mask1 ratio: 0.01, mask2 ratio: 0.13, mask3 ratio: 0.10, mask4 ratio: 0.76
2026-01-22 17:39:22,945 - root - INFO - mask1 ratio: 0.03, mask2 ratio: 0.31, mask3 ratio: 0.10, mask4 ratio: 0.56
2026-01-22 17:39:23,155 - root - INFO - mask1 ratio: 0.01, mask2 ratio: 0.06, mask3 ratio: 0.10, mask4 ratio: 0.83
2026-01-22 17:39:23,382 - root - INFO - mask1 ratio: 0.01, mask2 ratio: 0.03, mask3 ratio: 0.10, mask4 ratio: 0.87
2026-01-22 17:39:23,609 - root - INFO - mask1 ratio: 0.01, mask2 ratio: 0.00, mask3 ratio: 0.10, mask4 ratio: 0.88
2026-01-22 17:39:23,820 - root - INFO - mask1 ratio: 0.03, mask2 ratio: 0.25, mask3 ratio: 0.10, mask4 ratio: 0.63
2026-01-22 17:39:24,031 - root - INFO - mask1 ratio: 0.01, mask2 ratio: 0.05, mask3 ratio: 0.10, mask4 ratio: 0.85
2026-01-22 17:39:24,241 - root - INFO - mask1 ratio: 0.01, mask2 ratio: 0.00, mask3 ratio: 0.10, mask4 ratio: 0.88
2026-01-22 17:39:24,453 - root - INFO - mask1 ratio: 0.00, mask2 ratio: 0.02, mask3 ratio: 0.10, mask4 ratio: 0.88
2026-01-22 17:39:24,664 - root - INFO - mask1 ratio: 0.00, mask2 ratio: 0.02, mask3 ratio: 0.10, mask4 ratio: 0.88
2026-01-22 17:39:24,882 - root - INFO - mask1 ratio: 0.01, mask2 ratio: 0.00, mask3 ratio: 0.10, mask4 ratio: 0.88
2026-01-22 17:39:25,115 - root - INFO - mask1 ratio: 0.01, mask2 ratio: 0.03, mask3 ratio: 0.10, mask4 ratio: 0.87
2026-01-22 17:39:25,325 - root - INFO - mask1 ratio: 0.01, mask2 ratio: 0.03, mask3 ratio: 0.10, mask4 ratio: 0.87
2026-01-22 17:39:25,537 - root - INFO - mask1 ratio: 0.01, mask2 ratio: 0.03, mask3 ratio: 0.10, mask4 ratio: 0.87
2026-01-22 17:39:25,747 - root - INFO - mask1 ratio: 0.02, mask2 ratio: 0.10, mask3 ratio: 0.10, mask4 ratio: 0.78
2026-01-22 17:39:25,958 - root - INFO - mask1 ratio: 0.01, mask2 ratio: 0.00, mask3 ratio: 0.10, mask4 ratio: 0.88
2026-01-22 17:39:25,984 - root - INFO - time 4.70
2026-01-22 17:39:25,996 - root - INFO - 8 self_attn.v_proj
2026-01-22 17:39:25,996 - root - INFO - Quantizing ...
2026-01-22 17:39:26,188 - root - INFO - mask1 ratio: 0.02, mask2 ratio: 0.10, mask3 ratio: 0.10, mask4 ratio: 0.78
2026-01-22 17:39:26,424 - root - INFO - mask1 ratio: 0.02, mask2 ratio: 0.15, mask3 ratio: 0.10, mask4 ratio: 0.73
2026-01-22 17:39:26,645 - root - INFO - mask1 ratio: 0.02, mask2 ratio: 0.16, mask3 ratio: 0.10, mask4 ratio: 0.71
2026-01-22 17:39:26,856 - root - INFO - mask1 ratio: 0.03, mask2 ratio: 0.19, mask3 ratio: 0.10, mask4 ratio: 0.69
2026-01-22 17:39:27,070 - root - INFO - mask1 ratio: 0.02, mask2 ratio: 0.15, mask3 ratio: 0.10, mask4 ratio: 0.73
2026-01-22 17:39:27,283 - root - INFO - mask1 ratio: 0.03, mask2 ratio: 0.29, mask3 ratio: 0.10, mask4 ratio: 0.58
2026-01-22 17:39:27,497 - root - INFO - mask1 ratio: 0.03, mask2 ratio: 0.21, mask3 ratio: 0.10, mask4 ratio: 0.67
2026-01-22 17:39:27,720 - root - INFO - mask1 ratio: 0.03, mask2 ratio: 0.22, mask3 ratio: 0.10, mask4 ratio: 0.65
2026-01-22 17:39:27,970 - root - INFO - mask1 ratio: 0.02, mask2 ratio: 0.11, mask3 ratio: 0.10, mask4 ratio: 0.77
2026-01-22 17:39:28,192 - root - INFO - mask1 ratio: 0.02, mask2 ratio: 0.18, mask3 ratio: 0.10, mask4 ratio: 0.70
2026-01-22 17:39:28,406 - root - INFO - mask1 ratio: 0.02, mask2 ratio: 0.14, mask3 ratio: 0.10, mask4 ratio: 0.74
2026-01-22 17:39:28,618 - root - INFO - mask1 ratio: 0.01, mask2 ratio: 0.02, mask3 ratio: 0.10, mask4 ratio: 0.88
2026-01-22 17:39:28,828 - root - INFO - mask1 ratio: 0.04, mask2 ratio: 0.34, mask3 ratio: 0.10, mask4 ratio: 0.52
2026-01-22 17:39:29,041 - root - INFO - mask1 ratio: 0.02, mask2 ratio: 0.13, mask3 ratio: 0.10, mask4 ratio: 0.74
2026-01-22 17:39:29,252 - root - INFO - mask1 ratio: 0.02, mask2 ratio: 0.12, mask3 ratio: 0.10, mask4 ratio: 0.76
2026-01-22 17:39:29,504 - root - INFO - mask1 ratio: 0.02, mask2 ratio: 0.08, mask3 ratio: 0.10, mask4 ratio: 0.81
2026-01-22 17:39:29,715 - root - INFO - mask1 ratio: 0.01, mask2 ratio: 0.03, mask3 ratio: 0.10, mask4 ratio: 0.87
2026-01-22 17:39:29,926 - root - INFO - mask1 ratio: 0.01, mask2 ratio: 0.04, mask3 ratio: 0.10, mask4 ratio: 0.85
2026-01-22 17:39:30,138 - root - INFO - mask1 ratio: 0.02, mask2 ratio: 0.11, mask3 ratio: 0.10, mask4 ratio: 0.77
2026-01-22 17:39:30,348 - root - INFO - mask1 ratio: 0.01, mask2 ratio: 0.02, mask3 ratio: 0.10, mask4 ratio: 0.88
2026-01-22 17:39:30,374 - root - INFO - time 4.38
2026-01-22 17:39:30,377 - root - INFO - 8 self_attn.q_proj
2026-01-22 17:39:30,377 - root - INFO - Quantizing ...
2026-01-22 17:39:30,570 - root - INFO - mask1 ratio: 0.01, mask2 ratio: 0.03, mask3 ratio: 0.10, mask4 ratio: 0.87
2026-01-22 17:39:30,788 - root - INFO - mask1 ratio: 0.00, mask2 ratio: 0.02, mask3 ratio: 0.10, mask4 ratio: 0.88
2026-01-22 17:39:31,017 - root - INFO - mask1 ratio: 0.01, mask2 ratio: 0.00, mask3 ratio: 0.10, mask4 ratio: 0.88
2026-01-22 17:39:31,246 - root - INFO - mask1 ratio: 0.01, mask2 ratio: 0.04, mask3 ratio: 0.10, mask4 ratio: 0.85
2026-01-22 17:39:31,467 - root - INFO - mask1 ratio: 0.01, mask2 ratio: 0.09, mask3 ratio: 0.10, mask4 ratio: 0.80
2026-01-22 17:39:31,697 - root - INFO - mask1 ratio: 0.01, mask2 ratio: 0.07, mask3 ratio: 0.10, mask4 ratio: 0.82
2026-01-22 17:39:31,917 - root - INFO - mask1 ratio: 0.01, mask2 ratio: 0.10, mask3 ratio: 0.10, mask4 ratio: 0.78
2026-01-22 17:39:32,148 - root - INFO - mask1 ratio: 0.01, mask2 ratio: 0.02, mask3 ratio: 0.10, mask4 ratio: 0.88
2026-01-22 17:39:32,377 - root - INFO - mask1 ratio: 0.00, mask2 ratio: 0.02, mask3 ratio: 0.10, mask4 ratio: 0.88
2026-01-22 17:39:32,652 - root - INFO - mask1 ratio: 0.01, mask2 ratio: 0.13, mask3 ratio: 0.10, mask4 ratio: 0.76
2026-01-22 17:39:32,871 - root - INFO - mask1 ratio: 0.01, mask2 ratio: 0.03, mask3 ratio: 0.10, mask4 ratio: 0.87
2026-01-22 17:39:33,095 - root - INFO - mask1 ratio: 0.01, mask2 ratio: 0.00, mask3 ratio: 0.10, mask4 ratio: 0.88
2026-01-22 17:39:33,313 - root - INFO - mask1 ratio: 0.01, mask2 ratio: 0.00, mask3 ratio: 0.10, mask4 ratio: 0.88
2026-01-22 17:39:33,529 - root - INFO - mask1 ratio: 0.00, mask2 ratio: 0.02, mask3 ratio: 0.10, mask4 ratio: 0.88
2026-01-22 17:39:33,761 - root - INFO - mask1 ratio: 0.01, mask2 ratio: 0.00, mask3 ratio: 0.10, mask4 ratio: 0.88
2026-01-22 17:39:33,984 - root - INFO - mask1 ratio: 0.01, mask2 ratio: 0.03, mask3 ratio: 0.10, mask4 ratio: 0.87
2026-01-22 17:39:34,228 - root - INFO - mask1 ratio: 0.00, mask2 ratio: 0.03, mask3 ratio: 0.10, mask4 ratio: 0.87
2026-01-22 17:39:34,463 - root - INFO - mask1 ratio: 0.01, mask2 ratio: 0.02, mask3 ratio: 0.10, mask4 ratio: 0.87
2026-01-22 17:39:34,696 - root - INFO - mask1 ratio: 0.02, mask2 ratio: 0.13, mask3 ratio: 0.10, mask4 ratio: 0.75
2026-01-22 17:39:34,916 - root - INFO - mask1 ratio: 0.01, mask2 ratio: 0.00, mask3 ratio: 0.10, mask4 ratio: 0.88
2026-01-22 17:39:34,943 - root - INFO - time 4.57
2026-01-22 17:39:34,947 - root - INFO - 8 self_attn.out_proj
2026-01-22 17:39:34,947 - root - INFO - Quantizing ...
2026-01-22 17:39:35,149 - root - INFO - mask1 ratio: 0.00, mask2 ratio: 0.03, mask3 ratio: 0.10, mask4 ratio: 0.87
2026-01-22 17:39:35,377 - root - INFO - mask1 ratio: 0.00, mask2 ratio: 0.02, mask3 ratio: 0.10, mask4 ratio: 0.88
2026-01-22 17:39:35,602 - root - INFO - mask1 ratio: 0.01, mask2 ratio: 0.03, mask3 ratio: 0.10, mask4 ratio: 0.86
2026-01-22 17:39:35,855 - root - INFO - mask1 ratio: 0.04, mask2 ratio: 0.34, mask3 ratio: 0.10, mask4 ratio: 0.53
2026-01-22 17:39:36,085 - root - INFO - mask1 ratio: 0.01, mask2 ratio: 0.04, mask3 ratio: 0.10, mask4 ratio: 0.85
2026-01-22 17:39:36,310 - root - INFO - mask1 ratio: 0.04, mask2 ratio: 0.34, mask3 ratio: 0.10, mask4 ratio: 0.52
2026-01-22 17:39:36,524 - root - INFO - mask1 ratio: 0.03, mask2 ratio: 0.27, mask3 ratio: 0.10, mask4 ratio: 0.60
2026-01-22 17:39:36,744 - root - INFO - mask1 ratio: 0.00, mask2 ratio: 0.04, mask3 ratio: 0.10, mask4 ratio: 0.86
2026-01-22 17:39:36,967 - root - INFO - mask1 ratio: 0.01, mask2 ratio: 0.05, mask3 ratio: 0.10, mask4 ratio: 0.85
2026-01-22 17:39:37,198 - root - INFO - mask1 ratio: 0.00, mask2 ratio: 0.02, mask3 ratio: 0.10, mask4 ratio: 0.88
2026-01-22 17:39:37,434 - root - INFO - mask1 ratio: 0.03, mask2 ratio: 0.30, mask3 ratio: 0.10, mask4 ratio: 0.56
2026-01-22 17:39:37,661 - root - INFO - mask1 ratio: 0.03, mask2 ratio: 0.23, mask3 ratio: 0.10, mask4 ratio: 0.64
2026-01-22 17:39:37,876 - root - INFO - mask1 ratio: 0.00, mask2 ratio: 0.02, mask3 ratio: 0.10, mask4 ratio: 0.88
2026-01-22 17:39:38,092 - root - INFO - mask1 ratio: 0.03, mask2 ratio: 0.31, mask3 ratio: 0.10, mask4 ratio: 0.56
2026-01-22 17:39:38,310 - root - INFO - mask1 ratio: 0.04, mask2 ratio: 0.34, mask3 ratio: 0.10, mask4 ratio: 0.52
2026-01-22 17:39:38,522 - root - INFO - mask1 ratio: 0.00, mask2 ratio: 0.02, mask3 ratio: 0.10, mask4 ratio: 0.88
2026-01-22 17:39:38,772 - root - INFO - mask1 ratio: 0.01, mask2 ratio: 0.03, mask3 ratio: 0.10, mask4 ratio: 0.86
2026-01-22 17:39:38,984 - root - INFO - mask1 ratio: 0.01, mask2 ratio: 0.03, mask3 ratio: 0.10, mask4 ratio: 0.86
2026-01-22 17:39:39,197 - root - INFO - mask1 ratio: 0.04, mask2 ratio: 0.34, mask3 ratio: 0.10, mask4 ratio: 0.53
2026-01-22 17:39:39,408 - root - INFO - mask1 ratio: 0.01, mask2 ratio: 0.00, mask3 ratio: 0.10, mask4 ratio: 0.88
2026-01-22 17:39:39,435 - root - INFO - time 4.49
2026-01-22 17:39:39,439 - root - INFO - 8 fc1
2026-01-22 17:39:39,439 - root - INFO - Quantizing ...
2026-01-22 17:39:39,700 - root - INFO - mask1 ratio: 0.01, mask2 ratio: 0.05, mask3 ratio: 0.10, mask4 ratio: 0.85
2026-01-22 17:39:39,989 - root - INFO - mask1 ratio: 0.02, mask2 ratio: 0.14, mask3 ratio: 0.10, mask4 ratio: 0.74
2026-01-22 17:39:40,289 - root - INFO - mask1 ratio: 0.01, mask2 ratio: 0.00, mask3 ratio: 0.10, mask4 ratio: 0.88
2026-01-22 17:39:40,578 - root - INFO - mask1 ratio: 0.01, mask2 ratio: 0.07, mask3 ratio: 0.10, mask4 ratio: 0.82
2026-01-22 17:39:40,865 - root - INFO - mask1 ratio: 0.01, mask2 ratio: 0.07, mask3 ratio: 0.10, mask4 ratio: 0.81
2026-01-22 17:39:41,151 - root - INFO - mask1 ratio: 0.01, mask2 ratio: 0.13, mask3 ratio: 0.10, mask4 ratio: 0.75
2026-01-22 17:39:41,436 - root - INFO - mask1 ratio: 0.02, mask2 ratio: 0.15, mask3 ratio: 0.10, mask4 ratio: 0.74
2026-01-22 17:39:41,765 - root - INFO - mask1 ratio: 0.01, mask2 ratio: 0.08, mask3 ratio: 0.10, mask4 ratio: 0.81
2026-01-22 17:39:42,049 - root - INFO - mask1 ratio: 0.01, mask2 ratio: 0.04, mask3 ratio: 0.10, mask4 ratio: 0.85
2026-01-22 17:39:42,337 - root - INFO - mask1 ratio: 0.03, mask2 ratio: 0.25, mask3 ratio: 0.10, mask4 ratio: 0.62
2026-01-22 17:39:42,621 - root - INFO - mask1 ratio: 0.01, mask2 ratio: 0.13, mask3 ratio: 0.10, mask4 ratio: 0.76
2026-01-22 17:39:42,919 - root - INFO - mask1 ratio: 0.01, mask2 ratio: 0.00, mask3 ratio: 0.10, mask4 ratio: 0.88
2026-01-22 17:39:43,214 - root - INFO - mask1 ratio: 0.00, mask2 ratio: 0.03, mask3 ratio: 0.10, mask4 ratio: 0.87
2026-01-22 17:39:43,497 - root - INFO - mask1 ratio: 0.01, mask2 ratio: 0.03, mask3 ratio: 0.10, mask4 ratio: 0.86
2026-01-22 17:39:43,780 - root - INFO - mask1 ratio: 0.00, mask2 ratio: 0.03, mask3 ratio: 0.10, mask4 ratio: 0.87
2026-01-22 17:39:44,068 - root - INFO - mask1 ratio: 0.01, mask2 ratio: 0.05, mask3 ratio: 0.10, mask4 ratio: 0.85
2026-01-22 17:39:44,377 - root - INFO - mask1 ratio: 0.01, mask2 ratio: 0.03, mask3 ratio: 0.10, mask4 ratio: 0.87
2026-01-22 17:39:44,660 - root - INFO - mask1 ratio: 0.01, mask2 ratio: 0.03, mask3 ratio: 0.10, mask4 ratio: 0.86
2026-01-22 17:39:44,945 - root - INFO - mask1 ratio: 0.01, mask2 ratio: 0.05, mask3 ratio: 0.10, mask4 ratio: 0.84
2026-01-22 17:39:45,228 - root - INFO - mask1 ratio: 0.00, mask2 ratio: 0.02, mask3 ratio: 0.10, mask4 ratio: 0.88
2026-01-22 17:39:45,260 - root - INFO - time 5.82
2026-01-22 17:39:45,268 - root - INFO - 8 fc2
2026-01-22 17:39:45,268 - root - INFO - Quantizing ...
2026-01-22 17:39:45,568 - root - INFO - mask1 ratio: 0.01, mask2 ratio: 0.03, mask3 ratio: 0.10, mask4 ratio: 0.86
2026-01-22 17:39:45,779 - root - INFO - mask1 ratio: 0.02, mask2 ratio: 0.12, mask3 ratio: 0.10, mask4 ratio: 0.76
2026-01-22 17:39:46,037 - root - INFO - mask1 ratio: 0.01, mask2 ratio: 0.04, mask3 ratio: 0.10, mask4 ratio: 0.85
2026-01-22 17:39:46,247 - root - INFO - mask1 ratio: 0.02, mask2 ratio: 0.10, mask3 ratio: 0.10, mask4 ratio: 0.78
2026-01-22 17:39:46,457 - root - INFO - mask1 ratio: 0.01, mask2 ratio: 0.04, mask3 ratio: 0.10, mask4 ratio: 0.85
2026-01-22 17:39:46,667 - root - INFO - mask1 ratio: 0.02, mask2 ratio: 0.09, mask3 ratio: 0.10, mask4 ratio: 0.80
2026-01-22 17:39:46,879 - root - INFO - mask1 ratio: 0.01, mask2 ratio: 0.02, mask3 ratio: 0.10, mask4 ratio: 0.87
2026-01-22 17:39:47,090 - root - INFO - mask1 ratio: 0.01, mask2 ratio: 0.06, mask3 ratio: 0.10, mask4 ratio: 0.82
2026-01-22 17:39:47,302 - root - INFO - mask1 ratio: 0.02, mask2 ratio: 0.09, mask3 ratio: 0.10, mask4 ratio: 0.80
2026-01-22 17:39:47,554 - root - INFO - mask1 ratio: 0.02, mask2 ratio: 0.08, mask3 ratio: 0.10, mask4 ratio: 0.81
2026-01-22 17:39:47,765 - root - INFO - mask1 ratio: 0.01, mask2 ratio: 0.06, mask3 ratio: 0.10, mask4 ratio: 0.83
2026-01-22 17:39:47,976 - root - INFO - mask1 ratio: 0.02, mask2 ratio: 0.07, mask3 ratio: 0.10, mask4 ratio: 0.81
2026-01-22 17:39:48,187 - root - INFO - mask1 ratio: 0.02, mask2 ratio: 0.08, mask3 ratio: 0.10, mask4 ratio: 0.81
2026-01-22 17:39:48,398 - root - INFO - mask1 ratio: 0.01, mask2 ratio: 0.04, mask3 ratio: 0.10, mask4 ratio: 0.85
2026-01-22 17:39:48,609 - root - INFO - mask1 ratio: 0.01, mask2 ratio: 0.05, mask3 ratio: 0.10, mask4 ratio: 0.84
2026-01-22 17:39:48,820 - root - INFO - mask1 ratio: 0.01, mask2 ratio: 0.06, mask3 ratio: 0.10, mask4 ratio: 0.83
2026-01-22 17:39:49,045 - root - INFO - mask1 ratio: 0.02, mask2 ratio: 0.11, mask3 ratio: 0.10, mask4 ratio: 0.77
2026-01-22 17:39:49,264 - root - INFO - mask1 ratio: 0.02, mask2 ratio: 0.14, mask3 ratio: 0.10, mask4 ratio: 0.74
2026-01-22 17:39:49,475 - root - INFO - mask1 ratio: 0.01, mask2 ratio: 0.04, mask3 ratio: 0.10, mask4 ratio: 0.85
2026-01-22 17:39:49,686 - root - INFO - mask1 ratio: 0.02, mask2 ratio: 0.09, mask3 ratio: 0.10, mask4 ratio: 0.79
2026-01-22 17:39:49,896 - root - INFO - mask1 ratio: 0.02, mask2 ratio: 0.06, mask3 ratio: 0.10, mask4 ratio: 0.82
2026-01-22 17:39:50,106 - root - INFO - mask1 ratio: 0.02, mask2 ratio: 0.13, mask3 ratio: 0.10, mask4 ratio: 0.75
2026-01-22 17:39:50,319 - root - INFO - mask1 ratio: 0.01, mask2 ratio: 0.05, mask3 ratio: 0.10, mask4 ratio: 0.84
2026-01-22 17:39:50,528 - root - INFO - mask1 ratio: 0.02, mask2 ratio: 0.07, mask3 ratio: 0.10, mask4 ratio: 0.81
2026-01-22 17:39:50,779 - root - INFO - mask1 ratio: 0.01, mask2 ratio: 0.04, mask3 ratio: 0.10, mask4 ratio: 0.85
2026-01-22 17:39:51,014 - root - INFO - mask1 ratio: 0.01, mask2 ratio: 0.03, mask3 ratio: 0.10, mask4 ratio: 0.86
2026-01-22 17:39:51,229 - root - INFO - mask1 ratio: 0.02, mask2 ratio: 0.06, mask3 ratio: 0.10, mask4 ratio: 0.82
2026-01-22 17:39:51,440 - root - INFO - mask1 ratio: 0.01, mask2 ratio: 0.04, mask3 ratio: 0.10, mask4 ratio: 0.85
2026-01-22 17:39:51,651 - root - INFO - mask1 ratio: 0.01, mask2 ratio: 0.02, mask3 ratio: 0.10, mask4 ratio: 0.88
2026-01-22 17:39:51,861 - root - INFO - mask1 ratio: 0.01, mask2 ratio: 0.05, mask3 ratio: 0.10, mask4 ratio: 0.84
2026-01-22 17:39:52,071 - root - INFO - mask1 ratio: 0.02, mask2 ratio: 0.08, mask3 ratio: 0.10, mask4 ratio: 0.80
2026-01-22 17:39:52,310 - root - INFO - mask1 ratio: 0.02, mask2 ratio: 0.11, mask3 ratio: 0.10, mask4 ratio: 0.77
2026-01-22 17:39:52,521 - root - INFO - mask1 ratio: 0.01, mask2 ratio: 0.04, mask3 ratio: 0.10, mask4 ratio: 0.85
2026-01-22 17:39:52,731 - root - INFO - mask1 ratio: 0.01, mask2 ratio: 0.05, mask3 ratio: 0.10, mask4 ratio: 0.84
2026-01-22 17:39:52,941 - root - INFO - mask1 ratio: 0.01, mask2 ratio: 0.06, mask3 ratio: 0.10, mask4 ratio: 0.83
2026-01-22 17:39:53,151 - root - INFO - mask1 ratio: 0.01, mask2 ratio: 0.02, mask3 ratio: 0.10, mask4 ratio: 0.87
2026-01-22 17:39:53,362 - root - INFO - mask1 ratio: 0.03, mask2 ratio: 0.22, mask3 ratio: 0.10, mask4 ratio: 0.66
2026-01-22 17:39:53,571 - root - INFO - mask1 ratio: 0.01, mask2 ratio: 0.05, mask3 ratio: 0.10, mask4 ratio: 0.84
2026-01-22 17:39:53,831 - root - INFO - mask1 ratio: 0.01, mask2 ratio: 0.04, mask3 ratio: 0.10, mask4 ratio: 0.85
2026-01-22 17:39:54,040 - root - INFO - mask1 ratio: 0.01, mask2 ratio: 0.02, mask3 ratio: 0.10, mask4 ratio: 0.87
2026-01-22 17:39:54,252 - root - INFO - mask1 ratio: 0.01, mask2 ratio: 0.04, mask3 ratio: 0.10, mask4 ratio: 0.85
2026-01-22 17:39:54,462 - root - INFO - mask1 ratio: 0.02, mask2 ratio: 0.10, mask3 ratio: 0.10, mask4 ratio: 0.78
2026-01-22 17:39:54,672 - root - INFO - mask1 ratio: 0.02, mask2 ratio: 0.08, mask3 ratio: 0.10, mask4 ratio: 0.80
2026-01-22 17:39:54,882 - root - INFO - mask1 ratio: 0.01, mask2 ratio: 0.05, mask3 ratio: 0.10, mask4 ratio: 0.84
2026-01-22 17:39:55,092 - root - INFO - mask1 ratio: 0.00, mask2 ratio: 0.02, mask3 ratio: 0.10, mask4 ratio: 0.88
2026-01-22 17:39:55,331 - root - INFO - mask1 ratio: 0.01, mask2 ratio: 0.02, mask3 ratio: 0.10, mask4 ratio: 0.87
2026-01-22 17:39:55,541 - root - INFO - mask1 ratio: 0.01, mask2 ratio: 0.05, mask3 ratio: 0.10, mask4 ratio: 0.84
2026-01-22 17:39:55,751 - root - INFO - mask1 ratio: 0.01, mask2 ratio: 0.04, mask3 ratio: 0.10, mask4 ratio: 0.85
2026-01-22 17:39:55,962 - root - INFO - mask1 ratio: 0.02, mask2 ratio: 0.11, mask3 ratio: 0.10, mask4 ratio: 0.78
2026-01-22 17:39:56,171 - root - INFO - mask1 ratio: 0.01, mask2 ratio: 0.04, mask3 ratio: 0.10, mask4 ratio: 0.85
2026-01-22 17:39:56,383 - root - INFO - mask1 ratio: 0.01, mask2 ratio: 0.04, mask3 ratio: 0.10, mask4 ratio: 0.85
2026-01-22 17:39:56,592 - root - INFO - mask1 ratio: 0.01, mask2 ratio: 0.03, mask3 ratio: 0.10, mask4 ratio: 0.86
2026-01-22 17:39:56,805 - root - INFO - mask1 ratio: 0.01, mask2 ratio: 0.05, mask3 ratio: 0.10, mask4 ratio: 0.84
2026-01-22 17:39:57,047 - root - INFO - mask1 ratio: 0.01, mask2 ratio: 0.04, mask3 ratio: 0.10, mask4 ratio: 0.85
2026-01-22 17:39:57,259 - root - INFO - mask1 ratio: 0.02, mask2 ratio: 0.14, mask3 ratio: 0.10, mask4 ratio: 0.74
2026-01-22 17:39:57,471 - root - INFO - mask1 ratio: 0.01, mask2 ratio: 0.05, mask3 ratio: 0.10, mask4 ratio: 0.84
2026-01-22 17:39:57,682 - root - INFO - mask1 ratio: 0.01, mask2 ratio: 0.05, mask3 ratio: 0.10, mask4 ratio: 0.84
2026-01-22 17:39:57,894 - root - INFO - mask1 ratio: 0.01, mask2 ratio: 0.04, mask3 ratio: 0.10, mask4 ratio: 0.85
2026-01-22 17:39:58,106 - root - INFO - mask1 ratio: 0.01, mask2 ratio: 0.03, mask3 ratio: 0.10, mask4 ratio: 0.86
2026-01-22 17:39:58,315 - root - INFO - mask1 ratio: 0.01, mask2 ratio: 0.02, mask3 ratio: 0.10, mask4 ratio: 0.87
2026-01-22 17:39:58,554 - root - INFO - mask1 ratio: 0.01, mask2 ratio: 0.04, mask3 ratio: 0.10, mask4 ratio: 0.85
2026-01-22 17:39:58,765 - root - INFO - mask1 ratio: 0.01, mask2 ratio: 0.10, mask3 ratio: 0.10, mask4 ratio: 0.79
2026-01-22 17:39:58,974 - root - INFO - mask1 ratio: 0.01, mask2 ratio: 0.02, mask3 ratio: 0.10, mask4 ratio: 0.88
2026-01-22 17:39:59,182 - root - INFO - mask1 ratio: 0.01, mask2 ratio: 0.02, mask3 ratio: 0.10, mask4 ratio: 0.87
2026-01-22 17:39:59,392 - root - INFO - mask1 ratio: 0.01, mask2 ratio: 0.05, mask3 ratio: 0.10, mask4 ratio: 0.84
2026-01-22 17:39:59,602 - root - INFO - mask1 ratio: 0.01, mask2 ratio: 0.02, mask3 ratio: 0.10, mask4 ratio: 0.88
2026-01-22 17:39:59,811 - root - INFO - mask1 ratio: 0.01, mask2 ratio: 0.04, mask3 ratio: 0.10, mask4 ratio: 0.85
2026-01-22 17:40:00,059 - root - INFO - mask1 ratio: 0.01, mask2 ratio: 0.04, mask3 ratio: 0.10, mask4 ratio: 0.85
2026-01-22 17:40:00,270 - root - INFO - mask1 ratio: 0.01, mask2 ratio: 0.02, mask3 ratio: 0.10, mask4 ratio: 0.88
2026-01-22 17:40:00,481 - root - INFO - mask1 ratio: 0.01, mask2 ratio: 0.06, mask3 ratio: 0.10, mask4 ratio: 0.83
2026-01-22 17:40:00,693 - root - INFO - mask1 ratio: 0.02, mask2 ratio: 0.16, mask3 ratio: 0.10, mask4 ratio: 0.72
2026-01-22 17:40:00,910 - root - INFO - mask1 ratio: 0.01, mask2 ratio: 0.06, mask3 ratio: 0.10, mask4 ratio: 0.83
2026-01-22 17:40:01,122 - root - INFO - mask1 ratio: 0.01, mask2 ratio: 0.00, mask3 ratio: 0.10, mask4 ratio: 0.88
2026-01-22 17:40:01,333 - root - INFO - mask1 ratio: 0.01, mask2 ratio: 0.02, mask3 ratio: 0.10, mask4 ratio: 0.87
2026-01-22 17:40:01,546 - root - INFO - mask1 ratio: 0.01, mask2 ratio: 0.02, mask3 ratio: 0.10, mask4 ratio: 0.87
2026-01-22 17:40:01,774 - root - INFO - mask1 ratio: 0.01, mask2 ratio: 0.03, mask3 ratio: 0.10, mask4 ratio: 0.86
2026-01-22 17:40:01,983 - root - INFO - mask1 ratio: 0.02, mask2 ratio: 0.10, mask3 ratio: 0.10, mask4 ratio: 0.78
2026-01-22 17:40:02,194 - root - INFO - mask1 ratio: 0.01, mask2 ratio: 0.04, mask3 ratio: 0.10, mask4 ratio: 0.85
2026-01-22 17:40:02,407 - root - INFO - mask1 ratio: 0.01, mask2 ratio: 0.04, mask3 ratio: 0.10, mask4 ratio: 0.85
2026-01-22 17:40:02,621 - root - INFO - mask1 ratio: 0.01, mask2 ratio: 0.02, mask3 ratio: 0.10, mask4 ratio: 0.88
2026-01-22 17:40:02,648 - root - INFO - time 17.38
2026-01-22 17:40:04,808 - root - INFO - 9 self_attn.k_proj
2026-01-22 17:40:04,808 - root - INFO - Quantizing ...
2026-01-22 17:40:05,387 - root - INFO - mask1 ratio: 0.01, mask2 ratio: 0.02, mask3 ratio: 0.10, mask4 ratio: 0.88
2026-01-22 17:40:05,602 - root - INFO - mask1 ratio: 0.01, mask2 ratio: 0.00, mask3 ratio: 0.10, mask4 ratio: 0.88
2026-01-22 17:40:05,816 - root - INFO - mask1 ratio: 0.01, mask2 ratio: 0.00, mask3 ratio: 0.10, mask4 ratio: 0.88
2026-01-22 17:40:06,027 - root - INFO - mask1 ratio: 0.01, mask2 ratio: 0.04, mask3 ratio: 0.10, mask4 ratio: 0.85
2026-01-22 17:40:06,238 - root - INFO - mask1 ratio: 0.01, mask2 ratio: 0.07, mask3 ratio: 0.10, mask4 ratio: 0.81
2026-01-22 17:40:06,450 - root - INFO - mask1 ratio: 0.01, mask2 ratio: 0.08, mask3 ratio: 0.10, mask4 ratio: 0.81
2026-01-22 17:40:06,691 - root - INFO - mask1 ratio: 0.01, mask2 ratio: 0.05, mask3 ratio: 0.10, mask4 ratio: 0.85
2026-01-22 17:40:06,901 - root - INFO - mask1 ratio: 0.01, mask2 ratio: 0.02, mask3 ratio: 0.10, mask4 ratio: 0.87
2026-01-22 17:40:07,111 - root - INFO - mask1 ratio: 0.01, mask2 ratio: 0.00, mask3 ratio: 0.10, mask4 ratio: 0.88
2026-01-22 17:40:07,322 - root - INFO - mask1 ratio: 0.01, mask2 ratio: 0.08, mask3 ratio: 0.10, mask4 ratio: 0.81
2026-01-22 17:40:07,533 - root - INFO - mask1 ratio: 0.01, mask2 ratio: 0.05, mask3 ratio: 0.10, mask4 ratio: 0.84
2026-01-22 17:40:07,743 - root - INFO - mask1 ratio: 0.01, mask2 ratio: 0.00, mask3 ratio: 0.10, mask4 ratio: 0.88
2026-01-22 17:40:07,953 - root - INFO - mask1 ratio: 0.00, mask2 ratio: 0.02, mask3 ratio: 0.10, mask4 ratio: 0.88
2026-01-22 17:40:08,178 - root - INFO - mask1 ratio: 0.00, mask2 ratio: 0.02, mask3 ratio: 0.10, mask4 ratio: 0.88
2026-01-22 17:40:08,407 - root - INFO - mask1 ratio: 0.01, mask2 ratio: 0.00, mask3 ratio: 0.10, mask4 ratio: 0.88
2026-01-22 17:40:08,618 - root - INFO - mask1 ratio: 0.01, mask2 ratio: 0.03, mask3 ratio: 0.10, mask4 ratio: 0.87
2026-01-22 17:40:08,830 - root - INFO - mask1 ratio: 0.01, mask2 ratio: 0.03, mask3 ratio: 0.10, mask4 ratio: 0.87
2026-01-22 17:40:09,040 - root - INFO - mask1 ratio: 0.01, mask2 ratio: 0.03, mask3 ratio: 0.10, mask4 ratio: 0.87
2026-01-22 17:40:09,251 - root - INFO - mask1 ratio: 0.02, mask2 ratio: 0.10, mask3 ratio: 0.10, mask4 ratio: 0.78
2026-01-22 17:40:09,461 - root - INFO - mask1 ratio: 0.01, mask2 ratio: 0.00, mask3 ratio: 0.10, mask4 ratio: 0.88
2026-01-22 17:40:09,488 - root - INFO - time 4.68
2026-01-22 17:40:09,498 - root - INFO - 9 self_attn.v_proj
2026-01-22 17:40:09,498 - root - INFO - Quantizing ...
2026-01-22 17:40:09,704 - root - INFO - mask1 ratio: 0.03, mask2 ratio: 0.26, mask3 ratio: 0.10, mask4 ratio: 0.61
2026-01-22 17:40:09,921 - root - INFO - mask1 ratio: 0.02, mask2 ratio: 0.14, mask3 ratio: 0.10, mask4 ratio: 0.74
2026-01-22 17:40:10,133 - root - INFO - mask1 ratio: 0.04, mask2 ratio: 0.34, mask3 ratio: 0.10, mask4 ratio: 0.52
2026-01-22 17:40:10,343 - root - INFO - mask1 ratio: 0.02, mask2 ratio: 0.19, mask3 ratio: 0.10, mask4 ratio: 0.68
2026-01-22 17:40:10,565 - root - INFO - mask1 ratio: 0.01, mask2 ratio: 0.06, mask3 ratio: 0.10, mask4 ratio: 0.82
2026-01-22 17:40:10,779 - root - INFO - mask1 ratio: 0.02, mask2 ratio: 0.16, mask3 ratio: 0.10, mask4 ratio: 0.71
2026-01-22 17:40:10,990 - root - INFO - mask1 ratio: 0.03, mask2 ratio: 0.23, mask3 ratio: 0.10, mask4 ratio: 0.64
2026-01-22 17:40:11,244 - root - INFO - mask1 ratio: 0.03, mask2 ratio: 0.30, mask3 ratio: 0.10, mask4 ratio: 0.56
2026-01-22 17:40:11,456 - root - INFO - mask1 ratio: 0.04, mask2 ratio: 0.34, mask3 ratio: 0.10, mask4 ratio: 0.52
2026-01-22 17:40:11,667 - root - INFO - mask1 ratio: 0.02, mask2 ratio: 0.09, mask3 ratio: 0.10, mask4 ratio: 0.79
2026-01-22 17:40:11,882 - root - INFO - mask1 ratio: 0.02, mask2 ratio: 0.19, mask3 ratio: 0.10, mask4 ratio: 0.68
2026-01-22 17:40:12,092 - root - INFO - mask1 ratio: 0.00, mask2 ratio: 0.02, mask3 ratio: 0.10, mask4 ratio: 0.88
2026-01-22 17:40:12,303 - root - INFO - mask1 ratio: 0.02, mask2 ratio: 0.16, mask3 ratio: 0.10, mask4 ratio: 0.71
2026-01-22 17:40:12,528 - root - INFO - mask1 ratio: 0.03, mask2 ratio: 0.29, mask3 ratio: 0.10, mask4 ratio: 0.58
2026-01-22 17:40:12,779 - root - INFO - mask1 ratio: 0.03, mask2 ratio: 0.23, mask3 ratio: 0.10, mask4 ratio: 0.64
2026-01-22 17:40:13,002 - root - INFO - mask1 ratio: 0.03, mask2 ratio: 0.27, mask3 ratio: 0.10, mask4 ratio: 0.60
2026-01-22 17:40:13,224 - root - INFO - mask1 ratio: 0.01, mask2 ratio: 0.03, mask3 ratio: 0.10, mask4 ratio: 0.87
2026-01-22 17:40:13,445 - root - INFO - mask1 ratio: 0.01, mask2 ratio: 0.04, mask3 ratio: 0.10, mask4 ratio: 0.85
2026-01-22 17:40:13,660 - root - INFO - mask1 ratio: 0.02, mask2 ratio: 0.11, mask3 ratio: 0.10, mask4 ratio: 0.77
2026-01-22 17:40:13,871 - root - INFO - mask1 ratio: 0.00, mask2 ratio: 0.02, mask3 ratio: 0.10, mask4 ratio: 0.88
2026-01-22 17:40:13,899 - root - INFO - time 4.40
2026-01-22 17:40:13,902 - root - INFO - 9 self_attn.q_proj
2026-01-22 17:40:13,902 - root - INFO - Quantizing ...
2026-01-22 17:40:14,093 - root - INFO - mask1 ratio: 0.01, mask2 ratio: 0.03, mask3 ratio: 0.10, mask4 ratio: 0.86
2026-01-22 17:40:14,340 - root - INFO - mask1 ratio: 0.00, mask2 ratio: 0.02, mask3 ratio: 0.10, mask4 ratio: 0.88
2026-01-22 17:40:14,551 - root - INFO - mask1 ratio: 0.01, mask2 ratio: 0.00, mask3 ratio: 0.10, mask4 ratio: 0.88
2026-01-22 17:40:14,762 - root - INFO - mask1 ratio: 0.01, mask2 ratio: 0.04, mask3 ratio: 0.10, mask4 ratio: 0.85
2026-01-22 17:40:14,977 - root - INFO - mask1 ratio: 0.02, mask2 ratio: 0.18, mask3 ratio: 0.10, mask4 ratio: 0.70
2026-01-22 17:40:15,189 - root - INFO - mask1 ratio: 0.02, mask2 ratio: 0.11, mask3 ratio: 0.10, mask4 ratio: 0.78
2026-01-22 17:40:15,401 - root - INFO - mask1 ratio: 0.02, mask2 ratio: 0.09, mask3 ratio: 0.10, mask4 ratio: 0.80
2026-01-22 17:40:15,613 - root - INFO - mask1 ratio: 0.01, mask2 ratio: 0.02, mask3 ratio: 0.10, mask4 ratio: 0.88
2026-01-22 17:40:15,850 - root - INFO - mask1 ratio: 0.00, mask2 ratio: 0.02, mask3 ratio: 0.10, mask4 ratio: 0.88
2026-01-22 17:40:16,065 - root - INFO - mask1 ratio: 0.02, mask2 ratio: 0.16, mask3 ratio: 0.10, mask4 ratio: 0.72
2026-01-22 17:40:16,275 - root - INFO - mask1 ratio: 0.00, mask2 ratio: 0.03, mask3 ratio: 0.10, mask4 ratio: 0.87
2026-01-22 17:40:16,486 - root - INFO - mask1 ratio: 0.01, mask2 ratio: 0.00, mask3 ratio: 0.10, mask4 ratio: 0.88
2026-01-22 17:40:16,697 - root - INFO - mask1 ratio: 0.00, mask2 ratio: 0.02, mask3 ratio: 0.10, mask4 ratio: 0.88
2026-01-22 17:40:16,906 - root - INFO - mask1 ratio: 0.00, mask2 ratio: 0.02, mask3 ratio: 0.10, mask4 ratio: 0.88
2026-01-22 17:40:17,117 - root - INFO - mask1 ratio: 0.01, mask2 ratio: 0.02, mask3 ratio: 0.10, mask4 ratio: 0.88
2026-01-22 17:40:17,339 - root - INFO - mask1 ratio: 0.01, mask2 ratio: 0.03, mask3 ratio: 0.10, mask4 ratio: 0.87
2026-01-22 17:40:17,571 - root - INFO - mask1 ratio: 0.01, mask2 ratio: 0.03, mask3 ratio: 0.10, mask4 ratio: 0.87
2026-01-22 17:40:17,782 - root - INFO - mask1 ratio: 0.01, mask2 ratio: 0.02, mask3 ratio: 0.10, mask4 ratio: 0.87
2026-01-22 17:40:17,993 - root - INFO - mask1 ratio: 0.01, mask2 ratio: 0.08, mask3 ratio: 0.10, mask4 ratio: 0.81
2026-01-22 17:40:18,204 - root - INFO - mask1 ratio: 0.01, mask2 ratio: 0.00, mask3 ratio: 0.10, mask4 ratio: 0.88
2026-01-22 17:40:18,231 - root - INFO - time 4.33
2026-01-22 17:40:18,234 - root - INFO - 9 self_attn.out_proj
2026-01-22 17:40:18,234 - root - INFO - Quantizing ...
2026-01-22 17:40:18,425 - root - INFO - mask1 ratio: 0.04, mask2 ratio: 0.34, mask3 ratio: 0.10, mask4 ratio: 0.53
2026-01-22 17:40:18,643 - root - INFO - mask1 ratio: 0.01, mask2 ratio: 0.02, mask3 ratio: 0.10, mask4 ratio: 0.87
2026-01-22 17:40:18,856 - root - INFO - mask1 ratio: 0.01, mask2 ratio: 0.00, mask3 ratio: 0.10, mask4 ratio: 0.88
2026-01-22 17:40:19,087 - root - INFO - mask1 ratio: 0.01, mask2 ratio: 0.04, mask3 ratio: 0.10, mask4 ratio: 0.85
2026-01-22 17:40:19,297 - root - INFO - mask1 ratio: 0.01, mask2 ratio: 0.02, mask3 ratio: 0.10, mask4 ratio: 0.87
2026-01-22 17:40:19,507 - root - INFO - mask1 ratio: 0.01, mask2 ratio: 0.00, mask3 ratio: 0.10, mask4 ratio: 0.88
2026-01-22 17:40:19,718 - root - INFO - mask1 ratio: 0.02, mask2 ratio: 0.09, mask3 ratio: 0.10, mask4 ratio: 0.79
2026-01-22 17:40:19,928 - root - INFO - mask1 ratio: 0.00, mask2 ratio: 0.02, mask3 ratio: 0.10, mask4 ratio: 0.88
2026-01-22 17:40:20,152 - root - INFO - mask1 ratio: 0.02, mask2 ratio: 0.08, mask3 ratio: 0.10, mask4 ratio: 0.81
2026-01-22 17:40:20,398 - root - INFO - mask1 ratio: 0.04, mask2 ratio: 0.34, mask3 ratio: 0.10, mask4 ratio: 0.53
2026-01-22 17:40:20,629 - root - INFO - mask1 ratio: 0.01, mask2 ratio: 0.04, mask3 ratio: 0.10, mask4 ratio: 0.85
2026-01-22 17:40:20,850 - root - INFO - mask1 ratio: 0.01, mask2 ratio: 0.03, mask3 ratio: 0.10, mask4 ratio: 0.86
2026-01-22 17:40:21,073 - root - INFO - mask1 ratio: 0.01, mask2 ratio: 0.02, mask3 ratio: 0.10, mask4 ratio: 0.87
2026-01-22 17:40:21,300 - root - INFO - mask1 ratio: 0.00, mask2 ratio: 0.02, mask3 ratio: 0.10, mask4 ratio: 0.88
2026-01-22 17:40:21,514 - root - INFO - mask1 ratio: 0.01, mask2 ratio: 0.02, mask3 ratio: 0.10, mask4 ratio: 0.88
2026-01-22 17:40:21,724 - root - INFO - mask1 ratio: 0.01, mask2 ratio: 0.00, mask3 ratio: 0.10, mask4 ratio: 0.88
2026-01-22 17:40:21,963 - root - INFO - mask1 ratio: 0.01, mask2 ratio: 0.00, mask3 ratio: 0.10, mask4 ratio: 0.88
2026-01-22 17:40:22,174 - root - INFO - mask1 ratio: 0.00, mask2 ratio: 0.02, mask3 ratio: 0.10, mask4 ratio: 0.88
2026-01-22 17:40:22,385 - root - INFO - mask1 ratio: 0.01, mask2 ratio: 0.03, mask3 ratio: 0.10, mask4 ratio: 0.86
2026-01-22 17:40:22,596 - root - INFO - mask1 ratio: 0.01, mask2 ratio: 0.04, mask3 ratio: 0.10, mask4 ratio: 0.85
2026-01-22 17:40:22,623 - root - INFO - time 4.39
2026-01-22 17:40:22,626 - root - INFO - 9 fc1
2026-01-22 17:40:22,626 - root - INFO - Quantizing ...
2026-01-22 17:40:22,886 - root - INFO - mask1 ratio: 0.01, mask2 ratio: 0.04, mask3 ratio: 0.10, mask4 ratio: 0.85
2026-01-22 17:40:23,175 - root - INFO - mask1 ratio: 0.01, mask2 ratio: 0.13, mask3 ratio: 0.10, mask4 ratio: 0.76
2026-01-22 17:40:23,486 - root - INFO - mask1 ratio: 0.01, mask2 ratio: 0.02, mask3 ratio: 0.10, mask4 ratio: 0.88
2026-01-22 17:40:23,772 - root - INFO - mask1 ratio: 0.01, mask2 ratio: 0.10, mask3 ratio: 0.10, mask4 ratio: 0.79
2026-01-22 17:40:24,060 - root - INFO - mask1 ratio: 0.02, mask2 ratio: 0.20, mask3 ratio: 0.10, mask4 ratio: 0.68
2026-01-22 17:40:24,349 - root - INFO - mask1 ratio: 0.02, mask2 ratio: 0.16, mask3 ratio: 0.10, mask4 ratio: 0.72
2026-01-22 17:40:24,639 - root - INFO - mask1 ratio: 0.02, mask2 ratio: 0.19, mask3 ratio: 0.10, mask4 ratio: 0.69
2026-01-22 17:40:24,954 - root - INFO - mask1 ratio: 0.01, mask2 ratio: 0.06, mask3 ratio: 0.10, mask4 ratio: 0.83
2026-01-22 17:40:25,238 - root - INFO - mask1 ratio: 0.01, mask2 ratio: 0.03, mask3 ratio: 0.10, mask4 ratio: 0.86
2026-01-22 17:40:25,526 - root - INFO - mask1 ratio: 0.03, mask2 ratio: 0.28, mask3 ratio: 0.10, mask4 ratio: 0.59
2026-01-22 17:40:25,812 - root - INFO - mask1 ratio: 0.01, mask2 ratio: 0.08, mask3 ratio: 0.10, mask4 ratio: 0.81
2026-01-22 17:40:26,131 - root - INFO - mask1 ratio: 0.01, mask2 ratio: 0.00, mask3 ratio: 0.10, mask4 ratio: 0.88
2026-01-22 17:40:26,413 - root - INFO - mask1 ratio: 0.00, mask2 ratio: 0.03, mask3 ratio: 0.10, mask4 ratio: 0.87
2026-01-22 17:40:26,697 - root - INFO - mask1 ratio: 0.01, mask2 ratio: 0.05, mask3 ratio: 0.10, mask4 ratio: 0.85
2026-01-22 17:40:26,977 - root - INFO - mask1 ratio: 0.01, mask2 ratio: 0.04, mask3 ratio: 0.10, mask4 ratio: 0.85
2026-01-22 17:40:27,261 - root - INFO - mask1 ratio: 0.01, mask2 ratio: 0.04, mask3 ratio: 0.10, mask4 ratio: 0.85
2026-01-22 17:40:27,565 - root - INFO - mask1 ratio: 0.01, mask2 ratio: 0.03, mask3 ratio: 0.10, mask4 ratio: 0.87
2026-01-22 17:40:27,848 - root - INFO - mask1 ratio: 0.01, mask2 ratio: 0.03, mask3 ratio: 0.10, mask4 ratio: 0.86
2026-01-22 17:40:28,132 - root - INFO - mask1 ratio: 0.01, mask2 ratio: 0.09, mask3 ratio: 0.10, mask4 ratio: 0.80
2026-01-22 17:40:28,414 - root - INFO - mask1 ratio: 0.00, mask2 ratio: 0.02, mask3 ratio: 0.10, mask4 ratio: 0.88
2026-01-22 17:40:28,446 - root - INFO - time 5.82
2026-01-22 17:40:28,455 - root - INFO - 9 fc2
2026-01-22 17:40:28,455 - root - INFO - Quantizing ...
2026-01-22 17:40:28,755 - root - INFO - mask1 ratio: 0.01, mask2 ratio: 0.10, mask3 ratio: 0.10, mask4 ratio: 0.79
2026-01-22 17:40:28,965 - root - INFO - mask1 ratio: 0.01, mask2 ratio: 0.04, mask3 ratio: 0.10, mask4 ratio: 0.85
2026-01-22 17:40:29,215 - root - INFO - mask1 ratio: 0.01, mask2 ratio: 0.04, mask3 ratio: 0.10, mask4 ratio: 0.85
2026-01-22 17:40:29,428 - root - INFO - mask1 ratio: 0.01, mask2 ratio: 0.04, mask3 ratio: 0.10, mask4 ratio: 0.85
2026-01-22 17:40:29,639 - root - INFO - mask1 ratio: 0.02, mask2 ratio: 0.13, mask3 ratio: 0.10, mask4 ratio: 0.75
2026-01-22 17:40:29,850 - root - INFO - mask1 ratio: 0.01, mask2 ratio: 0.05, mask3 ratio: 0.10, mask4 ratio: 0.84
2026-01-22 17:40:30,070 - root - INFO - mask1 ratio: 0.01, mask2 ratio: 0.04, mask3 ratio: 0.10, mask4 ratio: 0.85
2026-01-22 17:40:30,280 - root - INFO - mask1 ratio: 0.01, mask2 ratio: 0.03, mask3 ratio: 0.10, mask4 ratio: 0.86
2026-01-22 17:40:30,492 - root - INFO - mask1 ratio: 0.01, mask2 ratio: 0.02, mask3 ratio: 0.10, mask4 ratio: 0.87
2026-01-22 17:40:30,735 - root - INFO - mask1 ratio: 0.01, mask2 ratio: 0.05, mask3 ratio: 0.10, mask4 ratio: 0.84
2026-01-22 17:40:30,947 - root - INFO - mask1 ratio: 0.02, mask2 ratio: 0.06, mask3 ratio: 0.10, mask4 ratio: 0.82
2026-01-22 17:40:31,157 - root - INFO - mask1 ratio: 0.01, mask2 ratio: 0.02, mask3 ratio: 0.10, mask4 ratio: 0.87
2026-01-22 17:40:31,367 - root - INFO - mask1 ratio: 0.01, mask2 ratio: 0.03, mask3 ratio: 0.10, mask4 ratio: 0.86
2026-01-22 17:40:31,577 - root - INFO - mask1 ratio: 0.01, mask2 ratio: 0.04, mask3 ratio: 0.10, mask4 ratio: 0.85
2026-01-22 17:40:31,786 - root - INFO - mask1 ratio: 0.01, mask2 ratio: 0.03, mask3 ratio: 0.10, mask4 ratio: 0.86
2026-01-22 17:40:31,995 - root - INFO - mask1 ratio: 0.01, mask2 ratio: 0.05, mask3 ratio: 0.10, mask4 ratio: 0.84
2026-01-22 17:40:32,243 - root - INFO - mask1 ratio: 0.01, mask2 ratio: 0.02, mask3 ratio: 0.10, mask4 ratio: 0.88
2026-01-22 17:40:32,454 - root - INFO - mask1 ratio: 0.01, mask2 ratio: 0.03, mask3 ratio: 0.10, mask4 ratio: 0.86
2026-01-22 17:40:32,665 - root - INFO - mask1 ratio: 0.01, mask2 ratio: 0.03, mask3 ratio: 0.10, mask4 ratio: 0.86
2026-01-22 17:40:32,876 - root - INFO - mask1 ratio: 0.01, mask2 ratio: 0.02, mask3 ratio: 0.10, mask4 ratio: 0.88
2026-01-22 17:40:33,086 - root - INFO - mask1 ratio: 0.01, mask2 ratio: 0.06, mask3 ratio: 0.10, mask4 ratio: 0.83
2026-01-22 17:40:33,304 - root - INFO - mask1 ratio: 0.01, mask2 ratio: 0.04, mask3 ratio: 0.10, mask4 ratio: 0.85
2026-01-22 17:40:33,518 - root - INFO - mask1 ratio: 0.01, mask2 ratio: 0.04, mask3 ratio: 0.10, mask4 ratio: 0.85
2026-01-22 17:40:33,727 - root - INFO - mask1 ratio: 0.01, mask2 ratio: 0.04, mask3 ratio: 0.10, mask4 ratio: 0.85
2026-01-22 17:40:33,955 - root - INFO - mask1 ratio: 0.01, mask2 ratio: 0.06, mask3 ratio: 0.10, mask4 ratio: 0.83
2026-01-22 17:40:34,165 - root - INFO - mask1 ratio: 0.03, mask2 ratio: 0.19, mask3 ratio: 0.10, mask4 ratio: 0.68
2026-01-22 17:40:34,375 - root - INFO - mask1 ratio: 0.01, mask2 ratio: 0.03, mask3 ratio: 0.10, mask4 ratio: 0.86
2026-01-22 17:40:34,585 - root - INFO - mask1 ratio: 0.01, mask2 ratio: 0.04, mask3 ratio: 0.10, mask4 ratio: 0.85
2026-01-22 17:40:34,796 - root - INFO - mask1 ratio: 0.01, mask2 ratio: 0.03, mask3 ratio: 0.10, mask4 ratio: 0.86
2026-01-22 17:40:35,006 - root - INFO - mask1 ratio: 0.01, mask2 ratio: 0.04, mask3 ratio: 0.10, mask4 ratio: 0.85
2026-01-22 17:40:35,217 - root - INFO - mask1 ratio: 0.01, mask2 ratio: 0.06, mask3 ratio: 0.10, mask4 ratio: 0.82
2026-01-22 17:40:35,469 - root - INFO - mask1 ratio: 0.01, mask2 ratio: 0.02, mask3 ratio: 0.10, mask4 ratio: 0.88
2026-01-22 17:40:35,699 - root - INFO - mask1 ratio: 0.01, mask2 ratio: 0.03, mask3 ratio: 0.10, mask4 ratio: 0.86
2026-01-22 17:40:35,909 - root - INFO - mask1 ratio: 0.02, mask2 ratio: 0.08, mask3 ratio: 0.10, mask4 ratio: 0.81
2026-01-22 17:40:36,119 - root - INFO - mask1 ratio: 0.01, mask2 ratio: 0.03, mask3 ratio: 0.10, mask4 ratio: 0.86
2026-01-22 17:40:36,329 - root - INFO - mask1 ratio: 0.01, mask2 ratio: 0.06, mask3 ratio: 0.10, mask4 ratio: 0.83
2026-01-22 17:40:36,539 - root - INFO - mask1 ratio: 0.00, mask2 ratio: 0.02, mask3 ratio: 0.10, mask4 ratio: 0.88
2026-01-22 17:40:36,751 - root - INFO - mask1 ratio: 0.01, mask2 ratio: 0.04, mask3 ratio: 0.10, mask4 ratio: 0.85
2026-01-22 17:40:36,991 - root - INFO - mask1 ratio: 0.01, mask2 ratio: 0.04, mask3 ratio: 0.10, mask4 ratio: 0.85
2026-01-22 17:40:37,201 - root - INFO - mask1 ratio: 0.03, mask2 ratio: 0.19, mask3 ratio: 0.10, mask4 ratio: 0.69
2026-01-22 17:40:37,422 - root - INFO - mask1 ratio: 0.01, mask2 ratio: 0.05, mask3 ratio: 0.10, mask4 ratio: 0.84
2026-01-22 17:40:37,632 - root - INFO - mask1 ratio: 0.01, mask2 ratio: 0.03, mask3 ratio: 0.10, mask4 ratio: 0.86
2026-01-22 17:40:37,842 - root - INFO - mask1 ratio: 0.02, mask2 ratio: 0.05, mask3 ratio: 0.10, mask4 ratio: 0.83
2026-01-22 17:40:38,050 - root - INFO - mask1 ratio: 0.01, mask2 ratio: 0.06, mask3 ratio: 0.10, mask4 ratio: 0.83
2026-01-22 17:40:38,262 - root - INFO - mask1 ratio: 0.02, mask2 ratio: 0.18, mask3 ratio: 0.10, mask4 ratio: 0.70
2026-01-22 17:40:38,512 - root - INFO - mask1 ratio: 0.02, mask2 ratio: 0.11, mask3 ratio: 0.10, mask4 ratio: 0.77
2026-01-22 17:40:38,724 - root - INFO - mask1 ratio: 0.01, mask2 ratio: 0.04, mask3 ratio: 0.10, mask4 ratio: 0.85
2026-01-22 17:40:38,934 - root - INFO - mask1 ratio: 0.01, mask2 ratio: 0.03, mask3 ratio: 0.10, mask4 ratio: 0.86
2026-01-22 17:40:39,144 - root - INFO - mask1 ratio: 0.01, mask2 ratio: 0.04, mask3 ratio: 0.10, mask4 ratio: 0.85
2026-01-22 17:40:39,354 - root - INFO - mask1 ratio: 0.01, mask2 ratio: 0.04, mask3 ratio: 0.10, mask4 ratio: 0.85
2026-01-22 17:40:39,565 - root - INFO - mask1 ratio: 0.01, mask2 ratio: 0.06, mask3 ratio: 0.10, mask4 ratio: 0.83
2026-01-22 17:40:39,778 - root - INFO - mask1 ratio: 0.01, mask2 ratio: 0.05, mask3 ratio: 0.10, mask4 ratio: 0.84
2026-01-22 17:40:39,989 - root - INFO - mask1 ratio: 0.01, mask2 ratio: 0.06, mask3 ratio: 0.10, mask4 ratio: 0.83
2026-01-22 17:40:40,226 - root - INFO - mask1 ratio: 0.01, mask2 ratio: 0.03, mask3 ratio: 0.10, mask4 ratio: 0.86
2026-01-22 17:40:40,440 - root - INFO - mask1 ratio: 0.01, mask2 ratio: 0.03, mask3 ratio: 0.10, mask4 ratio: 0.86
2026-01-22 17:40:40,653 - root - INFO - mask1 ratio: 0.01, mask2 ratio: 0.04, mask3 ratio: 0.10, mask4 ratio: 0.85
2026-01-22 17:40:40,867 - root - INFO - mask1 ratio: 0.02, mask2 ratio: 0.09, mask3 ratio: 0.10, mask4 ratio: 0.79
2026-01-22 17:40:41,098 - root - INFO - mask1 ratio: 0.01, mask2 ratio: 0.00, mask3 ratio: 0.10, mask4 ratio: 0.88
2026-01-22 17:40:41,326 - root - INFO - mask1 ratio: 0.01, mask2 ratio: 0.07, mask3 ratio: 0.10, mask4 ratio: 0.81
2026-01-22 17:40:41,554 - root - INFO - mask1 ratio: 0.01, mask2 ratio: 0.02, mask3 ratio: 0.10, mask4 ratio: 0.88
2026-01-22 17:40:41,810 - root - INFO - mask1 ratio: 0.01, mask2 ratio: 0.04, mask3 ratio: 0.10, mask4 ratio: 0.85
2026-01-22 17:40:42,034 - root - INFO - mask1 ratio: 0.01, mask2 ratio: 0.04, mask3 ratio: 0.10, mask4 ratio: 0.85
2026-01-22 17:40:42,265 - root - INFO - mask1 ratio: 0.02, mask2 ratio: 0.08, mask3 ratio: 0.10, mask4 ratio: 0.81
2026-01-22 17:40:42,487 - root - INFO - mask1 ratio: 0.01, mask2 ratio: 0.06, mask3 ratio: 0.10, mask4 ratio: 0.83
2026-01-22 17:40:42,709 - root - INFO - mask1 ratio: 0.01, mask2 ratio: 0.04, mask3 ratio: 0.10, mask4 ratio: 0.85
2026-01-22 17:40:42,936 - root - INFO - mask1 ratio: 0.01, mask2 ratio: 0.04, mask3 ratio: 0.10, mask4 ratio: 0.85
2026-01-22 17:40:43,151 - root - INFO - mask1 ratio: 0.01, mask2 ratio: 0.04, mask3 ratio: 0.10, mask4 ratio: 0.85
2026-01-22 17:40:43,399 - root - INFO - mask1 ratio: 0.01, mask2 ratio: 0.07, mask3 ratio: 0.10, mask4 ratio: 0.81
2026-01-22 17:40:43,613 - root - INFO - mask1 ratio: 0.01, mask2 ratio: 0.04, mask3 ratio: 0.10, mask4 ratio: 0.85
2026-01-22 17:40:43,847 - root - INFO - mask1 ratio: 0.01, mask2 ratio: 0.03, mask3 ratio: 0.10, mask4 ratio: 0.86
2026-01-22 17:40:44,072 - root - INFO - mask1 ratio: 0.01, mask2 ratio: 0.03, mask3 ratio: 0.10, mask4 ratio: 0.85
2026-01-22 17:40:44,325 - root - INFO - mask1 ratio: 0.01, mask2 ratio: 0.03, mask3 ratio: 0.10, mask4 ratio: 0.85
2026-01-22 17:40:44,545 - root - INFO - mask1 ratio: 0.02, mask2 ratio: 0.08, mask3 ratio: 0.10, mask4 ratio: 0.80
2026-01-22 17:40:44,791 - root - INFO - mask1 ratio: 0.02, mask2 ratio: 0.12, mask3 ratio: 0.10, mask4 ratio: 0.76
2026-01-22 17:40:45,021 - root - INFO - mask1 ratio: 0.01, mask2 ratio: 0.05, mask3 ratio: 0.10, mask4 ratio: 0.84
2026-01-22 17:40:45,236 - root - INFO - mask1 ratio: 0.01, mask2 ratio: 0.06, mask3 ratio: 0.10, mask4 ratio: 0.83
2026-01-22 17:40:45,451 - root - INFO - mask1 ratio: 0.02, mask2 ratio: 0.07, mask3 ratio: 0.10, mask4 ratio: 0.81
2026-01-22 17:40:45,668 - root - INFO - mask1 ratio: 0.01, mask2 ratio: 0.06, mask3 ratio: 0.10, mask4 ratio: 0.83
2026-01-22 17:40:45,894 - root - INFO - mask1 ratio: 0.02, mask2 ratio: 0.09, mask3 ratio: 0.10, mask4 ratio: 0.79
2026-01-22 17:40:46,119 - root - INFO - mask1 ratio: 0.01, mask2 ratio: 0.02, mask3 ratio: 0.10, mask4 ratio: 0.87
2026-01-22 17:40:46,147 - root - INFO - time 17.69
2026-01-22 17:40:48,305 - root - INFO - 10 self_attn.k_proj
2026-01-22 17:40:48,305 - root - INFO - Quantizing ...
2026-01-22 17:40:48,909 - root - INFO - mask1 ratio: 0.00, mask2 ratio: 0.02, mask3 ratio: 0.10, mask4 ratio: 0.88
2026-01-22 17:40:49,126 - root - INFO - mask1 ratio: 0.01, mask2 ratio: 0.00, mask3 ratio: 0.10, mask4 ratio: 0.88
2026-01-22 17:40:49,337 - root - INFO - mask1 ratio: 0.01, mask2 ratio: 0.00, mask3 ratio: 0.10, mask4 ratio: 0.88
2026-01-22 17:40:49,548 - root - INFO - mask1 ratio: 0.01, mask2 ratio: 0.04, mask3 ratio: 0.10, mask4 ratio: 0.85
2026-01-22 17:40:49,760 - root - INFO - mask1 ratio: 0.01, mask2 ratio: 0.07, mask3 ratio: 0.10, mask4 ratio: 0.82
2026-01-22 17:40:49,976 - root - INFO - mask1 ratio: 0.01, mask2 ratio: 0.07, mask3 ratio: 0.10, mask4 ratio: 0.81
2026-01-22 17:40:50,229 - root - INFO - mask1 ratio: 0.01, mask2 ratio: 0.04, mask3 ratio: 0.10, mask4 ratio: 0.85
2026-01-22 17:40:50,443 - root - INFO - mask1 ratio: 0.01, mask2 ratio: 0.03, mask3 ratio: 0.10, mask4 ratio: 0.87
2026-01-22 17:40:50,658 - root - INFO - mask1 ratio: 0.01, mask2 ratio: 0.00, mask3 ratio: 0.10, mask4 ratio: 0.88
2026-01-22 17:40:50,870 - root - INFO - mask1 ratio: 0.02, mask2 ratio: 0.11, mask3 ratio: 0.10, mask4 ratio: 0.78
2026-01-22 17:40:51,083 - root - INFO - mask1 ratio: 0.02, mask2 ratio: 0.09, mask3 ratio: 0.10, mask4 ratio: 0.80
2026-01-22 17:40:51,295 - root - INFO - mask1 ratio: 0.01, mask2 ratio: 0.00, mask3 ratio: 0.10, mask4 ratio: 0.88
2026-01-22 17:40:51,506 - root - INFO - mask1 ratio: 0.01, mask2 ratio: 0.02, mask3 ratio: 0.10, mask4 ratio: 0.88
2026-01-22 17:40:51,742 - root - INFO - mask1 ratio: 0.00, mask2 ratio: 0.02, mask3 ratio: 0.10, mask4 ratio: 0.88
2026-01-22 17:40:51,951 - root - INFO - mask1 ratio: 0.01, mask2 ratio: 0.00, mask3 ratio: 0.10, mask4 ratio: 0.88
2026-01-22 17:40:52,164 - root - INFO - mask1 ratio: 0.01, mask2 ratio: 0.03, mask3 ratio: 0.10, mask4 ratio: 0.87
2026-01-22 17:40:52,374 - root - INFO - mask1 ratio: 0.01, mask2 ratio: 0.02, mask3 ratio: 0.10, mask4 ratio: 0.88
2026-01-22 17:40:52,583 - root - INFO - mask1 ratio: 0.01, mask2 ratio: 0.03, mask3 ratio: 0.10, mask4 ratio: 0.87
2026-01-22 17:40:52,793 - root - INFO - mask1 ratio: 0.01, mask2 ratio: 0.05, mask3 ratio: 0.10, mask4 ratio: 0.84
2026-01-22 17:40:53,004 - root - INFO - mask1 ratio: 0.01, mask2 ratio: 0.00, mask3 ratio: 0.10, mask4 ratio: 0.88
2026-01-22 17:40:53,031 - root - INFO - time 4.73
2026-01-22 17:40:53,042 - root - INFO - 10 self_attn.v_proj
2026-01-22 17:40:53,042 - root - INFO - Quantizing ...
2026-01-22 17:40:53,276 - root - INFO - mask1 ratio: 0.03, mask2 ratio: 0.24, mask3 ratio: 0.10, mask4 ratio: 0.63
2026-01-22 17:40:53,488 - root - INFO - mask1 ratio: 0.04, mask2 ratio: 0.32, mask3 ratio: 0.10, mask4 ratio: 0.54
2026-01-22 17:40:53,699 - root - INFO - mask1 ratio: 0.02, mask2 ratio: 0.11, mask3 ratio: 0.10, mask4 ratio: 0.77
2026-01-22 17:40:53,912 - root - INFO - mask1 ratio: 0.03, mask2 ratio: 0.28, mask3 ratio: 0.10, mask4 ratio: 0.59
2026-01-22 17:40:54,125 - root - INFO - mask1 ratio: 0.02, mask2 ratio: 0.13, mask3 ratio: 0.10, mask4 ratio: 0.74
2026-01-22 17:40:54,337 - root - INFO - mask1 ratio: 0.01, mask2 ratio: 0.06, mask3 ratio: 0.10, mask4 ratio: 0.83
2026-01-22 17:40:54,551 - root - INFO - mask1 ratio: 0.04, mask2 ratio: 0.34, mask3 ratio: 0.10, mask4 ratio: 0.53
2026-01-22 17:40:54,789 - root - INFO - mask1 ratio: 0.03, mask2 ratio: 0.27, mask3 ratio: 0.10, mask4 ratio: 0.60
2026-01-22 17:40:55,000 - root - INFO - mask1 ratio: 0.03, mask2 ratio: 0.30, mask3 ratio: 0.10, mask4 ratio: 0.56
2026-01-22 17:40:55,210 - root - INFO - mask1 ratio: 0.02, mask2 ratio: 0.09, mask3 ratio: 0.10, mask4 ratio: 0.79
2026-01-22 17:40:55,420 - root - INFO - mask1 ratio: 0.02, mask2 ratio: 0.12, mask3 ratio: 0.10, mask4 ratio: 0.76
2026-01-22 17:40:55,632 - root - INFO - mask1 ratio: 0.00, mask2 ratio: 0.02, mask3 ratio: 0.10, mask4 ratio: 0.88
2026-01-22 17:40:55,842 - root - INFO - mask1 ratio: 0.04, mask2 ratio: 0.32, mask3 ratio: 0.10, mask4 ratio: 0.54
2026-01-22 17:40:56,052 - root - INFO - mask1 ratio: 0.02, mask2 ratio: 0.17, mask3 ratio: 0.10, mask4 ratio: 0.70
2026-01-22 17:40:56,301 - root - INFO - mask1 ratio: 0.03, mask2 ratio: 0.22, mask3 ratio: 0.10, mask4 ratio: 0.66
2026-01-22 17:40:56,512 - root - INFO - mask1 ratio: 0.02, mask2 ratio: 0.09, mask3 ratio: 0.10, mask4 ratio: 0.79
2026-01-22 17:40:56,722 - root - INFO - mask1 ratio: 0.00, mask2 ratio: 0.02, mask3 ratio: 0.10, mask4 ratio: 0.88
2026-01-22 17:40:56,932 - root - INFO - mask1 ratio: 0.01, mask2 ratio: 0.03, mask3 ratio: 0.10, mask4 ratio: 0.86
2026-01-22 17:40:57,144 - root - INFO - mask1 ratio: 0.02, mask2 ratio: 0.18, mask3 ratio: 0.10, mask4 ratio: 0.70
2026-01-22 17:40:57,356 - root - INFO - mask1 ratio: 0.01, mask2 ratio: 0.02, mask3 ratio: 0.10, mask4 ratio: 0.88
2026-01-22 17:40:57,382 - root - INFO - time 4.34
2026-01-22 17:40:57,385 - root - INFO - 10 self_attn.q_proj
2026-01-22 17:40:57,385 - root - INFO - Quantizing ...
2026-01-22 17:40:57,578 - root - INFO - mask1 ratio: 0.01, mask2 ratio: 0.04, mask3 ratio: 0.10, mask4 ratio: 0.85
2026-01-22 17:40:57,816 - root - INFO - mask1 ratio: 0.01, mask2 ratio: 0.02, mask3 ratio: 0.10, mask4 ratio: 0.87
2026-01-22 17:40:58,025 - root - INFO - mask1 ratio: 0.01, mask2 ratio: 0.00, mask3 ratio: 0.10, mask4 ratio: 0.88
2026-01-22 17:40:58,237 - root - INFO - mask1 ratio: 0.01, mask2 ratio: 0.05, mask3 ratio: 0.10, mask4 ratio: 0.84
2026-01-22 17:40:58,449 - root - INFO - mask1 ratio: 0.02, mask2 ratio: 0.20, mask3 ratio: 0.10, mask4 ratio: 0.68
2026-01-22 17:40:58,659 - root - INFO - mask1 ratio: 0.01, mask2 ratio: 0.06, mask3 ratio: 0.10, mask4 ratio: 0.83
2026-01-22 17:40:58,870 - root - INFO - mask1 ratio: 0.02, mask2 ratio: 0.15, mask3 ratio: 0.10, mask4 ratio: 0.73
2026-01-22 17:40:59,079 - root - INFO - mask1 ratio: 0.01, mask2 ratio: 0.03, mask3 ratio: 0.10, mask4 ratio: 0.87
2026-01-22 17:40:59,330 - root - INFO - mask1 ratio: 0.01, mask2 ratio: 0.00, mask3 ratio: 0.10, mask4 ratio: 0.88
2026-01-22 17:40:59,541 - root - INFO - mask1 ratio: 0.02, mask2 ratio: 0.18, mask3 ratio: 0.10, mask4 ratio: 0.70
2026-01-22 17:40:59,752 - root - INFO - mask1 ratio: 0.01, mask2 ratio: 0.05, mask3 ratio: 0.10, mask4 ratio: 0.85
2026-01-22 17:40:59,965 - root - INFO - mask1 ratio: 0.01, mask2 ratio: 0.00, mask3 ratio: 0.10, mask4 ratio: 0.88
2026-01-22 17:41:00,176 - root - INFO - mask1 ratio: 0.00, mask2 ratio: 0.02, mask3 ratio: 0.10, mask4 ratio: 0.88
2026-01-22 17:41:00,390 - root - INFO - mask1 ratio: 0.00, mask2 ratio: 0.02, mask3 ratio: 0.10, mask4 ratio: 0.88
2026-01-22 17:41:00,602 - root - INFO - mask1 ratio: 0.01, mask2 ratio: 0.02, mask3 ratio: 0.10, mask4 ratio: 0.88
2026-01-22 17:41:00,842 - root - INFO - mask1 ratio: 0.01, mask2 ratio: 0.02, mask3 ratio: 0.10, mask4 ratio: 0.87
2026-01-22 17:41:01,053 - root - INFO - mask1 ratio: 0.01, mask2 ratio: 0.03, mask3 ratio: 0.10, mask4 ratio: 0.87
2026-01-22 17:41:01,262 - root - INFO - mask1 ratio: 0.01, mask2 ratio: 0.03, mask3 ratio: 0.10, mask4 ratio: 0.86
2026-01-22 17:41:01,473 - root - INFO - mask1 ratio: 0.01, mask2 ratio: 0.08, mask3 ratio: 0.10, mask4 ratio: 0.81
2026-01-22 17:41:01,690 - root - INFO - mask1 ratio: 0.01, mask2 ratio: 0.00, mask3 ratio: 0.10, mask4 ratio: 0.88
2026-01-22 17:41:01,716 - root - INFO - time 4.33
2026-01-22 17:41:01,719 - root - INFO - 10 self_attn.out_proj
2026-01-22 17:41:01,719 - root - INFO - Quantizing ...
2026-01-22 17:41:01,911 - root - INFO - mask1 ratio: 0.02, mask2 ratio: 0.13, mask3 ratio: 0.10, mask4 ratio: 0.74
2026-01-22 17:41:02,121 - root - INFO - mask1 ratio: 0.01, mask2 ratio: 0.06, mask3 ratio: 0.10, mask4 ratio: 0.83
2026-01-22 17:41:02,374 - root - INFO - mask1 ratio: 0.03, mask2 ratio: 0.27, mask3 ratio: 0.10, mask4 ratio: 0.60
2026-01-22 17:41:02,588 - root - INFO - mask1 ratio: 0.04, mask2 ratio: 0.34, mask3 ratio: 0.10, mask4 ratio: 0.52
2026-01-22 17:41:02,802 - root - INFO - mask1 ratio: 0.01, mask2 ratio: 0.07, mask3 ratio: 0.10, mask4 ratio: 0.81
2026-01-22 17:41:03,018 - root - INFO - mask1 ratio: 0.04, mask2 ratio: 0.34, mask3 ratio: 0.10, mask4 ratio: 0.52
2026-01-22 17:41:03,230 - root - INFO - mask1 ratio: 0.03, mask2 ratio: 0.23, mask3 ratio: 0.10, mask4 ratio: 0.64
2026-01-22 17:41:03,444 - root - INFO - mask1 ratio: 0.04, mask2 ratio: 0.34, mask3 ratio: 0.10, mask4 ratio: 0.52
2026-01-22 17:41:03,656 - root - INFO - mask1 ratio: 0.03, mask2 ratio: 0.19, mask3 ratio: 0.10, mask4 ratio: 0.69
2026-01-22 17:41:03,894 - root - INFO - mask1 ratio: 0.01, mask2 ratio: 0.04, mask3 ratio: 0.10, mask4 ratio: 0.85
2026-01-22 17:41:04,106 - root - INFO - mask1 ratio: 0.04, mask2 ratio: 0.33, mask3 ratio: 0.10, mask4 ratio: 0.53
2026-01-22 17:41:04,316 - root - INFO - mask1 ratio: 0.00, mask2 ratio: 0.02, mask3 ratio: 0.10, mask4 ratio: 0.88
2026-01-22 17:41:04,527 - root - INFO - mask1 ratio: 0.00, mask2 ratio: 0.02, mask3 ratio: 0.10, mask4 ratio: 0.88
2026-01-22 17:41:04,736 - root - INFO - mask1 ratio: 0.00, mask2 ratio: 0.02, mask3 ratio: 0.10, mask4 ratio: 0.88
2026-01-22 17:41:04,945 - root - INFO - mask1 ratio: 0.01, mask2 ratio: 0.04, mask3 ratio: 0.10, mask4 ratio: 0.85
2026-01-22 17:41:05,157 - root - INFO - mask1 ratio: 0.01, mask2 ratio: 0.06, mask3 ratio: 0.10, mask4 ratio: 0.83
2026-01-22 17:41:05,410 - root - INFO - mask1 ratio: 0.01, mask2 ratio: 0.05, mask3 ratio: 0.10, mask4 ratio: 0.84
2026-01-22 17:41:05,623 - root - INFO - mask1 ratio: 0.01, mask2 ratio: 0.06, mask3 ratio: 0.10, mask4 ratio: 0.83
2026-01-22 17:41:05,835 - root - INFO - mask1 ratio: 0.01, mask2 ratio: 0.04, mask3 ratio: 0.10, mask4 ratio: 0.85
2026-01-22 17:41:06,057 - root - INFO - mask1 ratio: 0.00, mask2 ratio: 0.03, mask3 ratio: 0.10, mask4 ratio: 0.87
2026-01-22 17:41:06,084 - root - INFO - time 4.36
2026-01-22 17:41:06,087 - root - INFO - 10 fc1
2026-01-22 17:41:06,087 - root - INFO - Quantizing ...
2026-01-22 17:41:06,348 - root - INFO - mask1 ratio: 0.01, mask2 ratio: 0.05, mask3 ratio: 0.10, mask4 ratio: 0.84
2026-01-22 17:41:06,635 - root - INFO - mask1 ratio: 0.01, mask2 ratio: 0.08, mask3 ratio: 0.10, mask4 ratio: 0.81
2026-01-22 17:41:06,944 - root - INFO - mask1 ratio: 0.00, mask2 ratio: 0.02, mask3 ratio: 0.10, mask4 ratio: 0.88
2026-01-22 17:41:07,227 - root - INFO - mask1 ratio: 0.01, mask2 ratio: 0.08, mask3 ratio: 0.10, mask4 ratio: 0.81
2026-01-22 17:41:07,515 - root - INFO - mask1 ratio: 0.02, mask2 ratio: 0.12, mask3 ratio: 0.10, mask4 ratio: 0.77
2026-01-22 17:41:07,801 - root - INFO - mask1 ratio: 0.01, mask2 ratio: 0.10, mask3 ratio: 0.10, mask4 ratio: 0.78
2026-01-22 17:41:08,121 - root - INFO - mask1 ratio: 0.01, mask2 ratio: 0.11, mask3 ratio: 0.10, mask4 ratio: 0.78
2026-01-22 17:41:08,410 - root - INFO - mask1 ratio: 0.01, mask2 ratio: 0.06, mask3 ratio: 0.10, mask4 ratio: 0.83
2026-01-22 17:41:08,694 - root - INFO - mask1 ratio: 0.01, mask2 ratio: 0.05, mask3 ratio: 0.10, mask4 ratio: 0.84
2026-01-22 17:41:08,979 - root - INFO - mask1 ratio: 0.01, mask2 ratio: 0.09, mask3 ratio: 0.10, mask4 ratio: 0.80
2026-01-22 17:41:09,264 - root - INFO - mask1 ratio: 0.02, mask2 ratio: 0.11, mask3 ratio: 0.10, mask4 ratio: 0.77
2026-01-22 17:41:09,560 - root - INFO - mask1 ratio: 0.01, mask2 ratio: 0.00, mask3 ratio: 0.10, mask4 ratio: 0.88
2026-01-22 17:41:09,844 - root - INFO - mask1 ratio: 0.00, mask2 ratio: 0.03, mask3 ratio: 0.10, mask4 ratio: 0.87
2026-01-22 17:41:10,128 - root - INFO - mask1 ratio: 0.01, mask2 ratio: 0.05, mask3 ratio: 0.10, mask4 ratio: 0.85
2026-01-22 17:41:10,411 - root - INFO - mask1 ratio: 0.01, mask2 ratio: 0.04, mask3 ratio: 0.10, mask4 ratio: 0.85
2026-01-22 17:41:10,696 - root - INFO - mask1 ratio: 0.01, mask2 ratio: 0.04, mask3 ratio: 0.10, mask4 ratio: 0.85
2026-01-22 17:41:11,024 - root - INFO - mask1 ratio: 0.01, mask2 ratio: 0.03, mask3 ratio: 0.10, mask4 ratio: 0.87
2026-01-22 17:41:11,306 - root - INFO - mask1 ratio: 0.01, mask2 ratio: 0.03, mask3 ratio: 0.10, mask4 ratio: 0.86
2026-01-22 17:41:11,590 - root - INFO - mask1 ratio: 0.01, mask2 ratio: 0.08, mask3 ratio: 0.10, mask4 ratio: 0.81
2026-01-22 17:41:11,874 - root - INFO - mask1 ratio: 0.00, mask2 ratio: 0.02, mask3 ratio: 0.10, mask4 ratio: 0.88
2026-01-22 17:41:11,905 - root - INFO - time 5.82
2026-01-22 17:41:11,914 - root - INFO - 10 fc2
2026-01-22 17:41:11,914 - root - INFO - Quantizing ...
2026-01-22 17:41:12,215 - root - INFO - mask1 ratio: 0.02, mask2 ratio: 0.10, mask3 ratio: 0.10, mask4 ratio: 0.78
2026-01-22 17:41:12,454 - root - INFO - mask1 ratio: 0.02, mask2 ratio: 0.09, mask3 ratio: 0.10, mask4 ratio: 0.79
2026-01-22 17:41:12,665 - root - INFO - mask1 ratio: 0.02, mask2 ratio: 0.09, mask3 ratio: 0.10, mask4 ratio: 0.79
2026-01-22 17:41:12,876 - root - INFO - mask1 ratio: 0.02, mask2 ratio: 0.06, mask3 ratio: 0.10, mask4 ratio: 0.82
2026-01-22 17:41:13,085 - root - INFO - mask1 ratio: 0.01, mask2 ratio: 0.02, mask3 ratio: 0.10, mask4 ratio: 0.87
2026-01-22 17:41:13,294 - root - INFO - mask1 ratio: 0.01, mask2 ratio: 0.04, mask3 ratio: 0.10, mask4 ratio: 0.85
2026-01-22 17:41:13,503 - root - INFO - mask1 ratio: 0.01, mask2 ratio: 0.03, mask3 ratio: 0.10, mask4 ratio: 0.86
2026-01-22 17:41:13,712 - root - INFO - mask1 ratio: 0.01, mask2 ratio: 0.02, mask3 ratio: 0.10, mask4 ratio: 0.87
2026-01-22 17:41:13,971 - root - INFO - mask1 ratio: 0.02, mask2 ratio: 0.07, mask3 ratio: 0.10, mask4 ratio: 0.81
2026-01-22 17:41:14,181 - root - INFO - mask1 ratio: 0.01, mask2 ratio: 0.05, mask3 ratio: 0.10, mask4 ratio: 0.84
2026-01-22 17:41:14,404 - root - INFO - mask1 ratio: 0.01, mask2 ratio: 0.06, mask3 ratio: 0.10, mask4 ratio: 0.82
2026-01-22 17:41:14,615 - root - INFO - mask1 ratio: 0.01, mask2 ratio: 0.04, mask3 ratio: 0.10, mask4 ratio: 0.85
2026-01-22 17:41:14,849 - root - INFO - mask1 ratio: 0.01, mask2 ratio: 0.02, mask3 ratio: 0.10, mask4 ratio: 0.87
2026-01-22 17:41:15,061 - root - INFO - mask1 ratio: 0.01, mask2 ratio: 0.02, mask3 ratio: 0.10, mask4 ratio: 0.88
2026-01-22 17:41:15,271 - root - INFO - mask1 ratio: 0.01, mask2 ratio: 0.04, mask3 ratio: 0.10, mask4 ratio: 0.85
2026-01-22 17:41:15,519 - root - INFO - mask1 ratio: 0.02, mask2 ratio: 0.08, mask3 ratio: 0.10, mask4 ratio: 0.80
2026-01-22 17:41:15,728 - root - INFO - mask1 ratio: 0.01, mask2 ratio: 0.04, mask3 ratio: 0.10, mask4 ratio: 0.85
2026-01-22 17:41:15,939 - root - INFO - mask1 ratio: 0.01, mask2 ratio: 0.02, mask3 ratio: 0.10, mask4 ratio: 0.87
2026-01-22 17:41:16,150 - root - INFO - mask1 ratio: 0.01, mask2 ratio: 0.02, mask3 ratio: 0.10, mask4 ratio: 0.87
2026-01-22 17:41:16,359 - root - INFO - mask1 ratio: 0.01, mask2 ratio: 0.03, mask3 ratio: 0.10, mask4 ratio: 0.87
2026-01-22 17:41:16,568 - root - INFO - mask1 ratio: 0.03, mask2 ratio: 0.18, mask3 ratio: 0.10, mask4 ratio: 0.70
2026-01-22 17:41:16,780 - root - INFO - mask1 ratio: 0.01, mask2 ratio: 0.02, mask3 ratio: 0.10, mask4 ratio: 0.88
2026-01-22 17:41:16,991 - root - INFO - mask1 ratio: 0.01, mask2 ratio: 0.03, mask3 ratio: 0.10, mask4 ratio: 0.86
2026-01-22 17:41:17,238 - root - INFO - mask1 ratio: 0.01, mask2 ratio: 0.02, mask3 ratio: 0.10, mask4 ratio: 0.87
2026-01-22 17:41:17,448 - root - INFO - mask1 ratio: 0.01, mask2 ratio: 0.03, mask3 ratio: 0.10, mask4 ratio: 0.86
2026-01-22 17:41:17,659 - root - INFO - mask1 ratio: 0.02, mask2 ratio: 0.08, mask3 ratio: 0.10, mask4 ratio: 0.81
2026-01-22 17:41:17,870 - root - INFO - mask1 ratio: 0.02, mask2 ratio: 0.08, mask3 ratio: 0.10, mask4 ratio: 0.81
2026-01-22 17:41:18,081 - root - INFO - mask1 ratio: 0.01, mask2 ratio: 0.03, mask3 ratio: 0.10, mask4 ratio: 0.86
2026-01-22 17:41:18,292 - root - INFO - mask1 ratio: 0.01, mask2 ratio: 0.06, mask3 ratio: 0.10, mask4 ratio: 0.82
2026-01-22 17:41:18,503 - root - INFO - mask1 ratio: 0.01, mask2 ratio: 0.05, mask3 ratio: 0.10, mask4 ratio: 0.84
2026-01-22 17:41:18,740 - root - INFO - mask1 ratio: 0.02, mask2 ratio: 0.10, mask3 ratio: 0.10, mask4 ratio: 0.78
2026-01-22 17:41:18,950 - root - INFO - mask1 ratio: 0.01, mask2 ratio: 0.04, mask3 ratio: 0.10, mask4 ratio: 0.85
2026-01-22 17:41:19,160 - root - INFO - mask1 ratio: 0.01, mask2 ratio: 0.06, mask3 ratio: 0.10, mask4 ratio: 0.82
2026-01-22 17:41:19,369 - root - INFO - mask1 ratio: 0.03, mask2 ratio: 0.21, mask3 ratio: 0.10, mask4 ratio: 0.66
2026-01-22 17:41:19,577 - root - INFO - mask1 ratio: 0.01, mask2 ratio: 0.03, mask3 ratio: 0.10, mask4 ratio: 0.86
2026-01-22 17:41:19,786 - root - INFO - mask1 ratio: 0.01, mask2 ratio: 0.04, mask3 ratio: 0.10, mask4 ratio: 0.85
2026-01-22 17:41:19,997 - root - INFO - mask1 ratio: 0.01, mask2 ratio: 0.07, mask3 ratio: 0.10, mask4 ratio: 0.82
2026-01-22 17:41:20,245 - root - INFO - mask1 ratio: 0.02, mask2 ratio: 0.08, mask3 ratio: 0.10, mask4 ratio: 0.80
2026-01-22 17:41:20,455 - root - INFO - mask1 ratio: 0.01, mask2 ratio: 0.04, mask3 ratio: 0.10, mask4 ratio: 0.85
2026-01-22 17:41:20,665 - root - INFO - mask1 ratio: 0.02, mask2 ratio: 0.08, mask3 ratio: 0.10, mask4 ratio: 0.81
2026-01-22 17:41:20,877 - root - INFO - mask1 ratio: 0.01, mask2 ratio: 0.02, mask3 ratio: 0.10, mask4 ratio: 0.87
2026-01-22 17:41:21,088 - root - INFO - mask1 ratio: 0.01, mask2 ratio: 0.06, mask3 ratio: 0.10, mask4 ratio: 0.83
2026-01-22 17:41:21,298 - root - INFO - mask1 ratio: 0.01, mask2 ratio: 0.04, mask3 ratio: 0.10, mask4 ratio: 0.85
2026-01-22 17:41:21,508 - root - INFO - mask1 ratio: 0.01, mask2 ratio: 0.02, mask3 ratio: 0.10, mask4 ratio: 0.87
2026-01-22 17:41:21,719 - root - INFO - mask1 ratio: 0.01, mask2 ratio: 0.02, mask3 ratio: 0.10, mask4 ratio: 0.87
2026-01-22 17:41:21,951 - root - INFO - mask1 ratio: 0.01, mask2 ratio: 0.04, mask3 ratio: 0.10, mask4 ratio: 0.85
2026-01-22 17:41:22,169 - root - INFO - mask1 ratio: 0.02, mask2 ratio: 0.11, mask3 ratio: 0.10, mask4 ratio: 0.77
2026-01-22 17:41:22,380 - root - INFO - mask1 ratio: 0.01, mask2 ratio: 0.02, mask3 ratio: 0.10, mask4 ratio: 0.87
2026-01-22 17:41:22,590 - root - INFO - mask1 ratio: 0.02, mask2 ratio: 0.09, mask3 ratio: 0.10, mask4 ratio: 0.80
2026-01-22 17:41:22,800 - root - INFO - mask1 ratio: 0.01, mask2 ratio: 0.04, mask3 ratio: 0.10, mask4 ratio: 0.85
2026-01-22 17:41:23,010 - root - INFO - mask1 ratio: 0.00, mask2 ratio: 0.02, mask3 ratio: 0.10, mask4 ratio: 0.88
2026-01-22 17:41:23,220 - root - INFO - mask1 ratio: 0.02, mask2 ratio: 0.10, mask3 ratio: 0.10, mask4 ratio: 0.78
2026-01-22 17:41:23,470 - root - INFO - mask1 ratio: 0.02, mask2 ratio: 0.08, mask3 ratio: 0.10, mask4 ratio: 0.81
2026-01-22 17:41:23,682 - root - INFO - mask1 ratio: 0.02, mask2 ratio: 0.17, mask3 ratio: 0.10, mask4 ratio: 0.70
2026-01-22 17:41:23,893 - root - INFO - mask1 ratio: 0.02, mask2 ratio: 0.07, mask3 ratio: 0.10, mask4 ratio: 0.81
2026-01-22 17:41:24,108 - root - INFO - mask1 ratio: 0.01, mask2 ratio: 0.04, mask3 ratio: 0.10, mask4 ratio: 0.85
2026-01-22 17:41:24,322 - root - INFO - mask1 ratio: 0.01, mask2 ratio: 0.02, mask3 ratio: 0.10, mask4 ratio: 0.88
2026-01-22 17:41:24,533 - root - INFO - mask1 ratio: 0.01, mask2 ratio: 0.04, mask3 ratio: 0.10, mask4 ratio: 0.85
2026-01-22 17:41:24,742 - root - INFO - mask1 ratio: 0.02, mask2 ratio: 0.11, mask3 ratio: 0.10, mask4 ratio: 0.77
2026-01-22 17:41:24,980 - root - INFO - mask1 ratio: 0.02, mask2 ratio: 0.10, mask3 ratio: 0.10, mask4 ratio: 0.78
2026-01-22 17:41:25,192 - root - INFO - mask1 ratio: 0.01, mask2 ratio: 0.04, mask3 ratio: 0.10, mask4 ratio: 0.85
2026-01-22 17:41:25,407 - root - INFO - mask1 ratio: 0.01, mask2 ratio: 0.06, mask3 ratio: 0.10, mask4 ratio: 0.83
2026-01-22 17:41:25,617 - root - INFO - mask1 ratio: 0.01, mask2 ratio: 0.02, mask3 ratio: 0.10, mask4 ratio: 0.87
2026-01-22 17:41:25,828 - root - INFO - mask1 ratio: 0.01, mask2 ratio: 0.03, mask3 ratio: 0.10, mask4 ratio: 0.86
2026-01-22 17:41:26,038 - root - INFO - mask1 ratio: 0.01, mask2 ratio: 0.04, mask3 ratio: 0.10, mask4 ratio: 0.85
2026-01-22 17:41:26,248 - root - INFO - mask1 ratio: 0.02, mask2 ratio: 0.08, mask3 ratio: 0.10, mask4 ratio: 0.81
2026-01-22 17:41:26,496 - root - INFO - mask1 ratio: 0.01, mask2 ratio: 0.05, mask3 ratio: 0.10, mask4 ratio: 0.84
2026-01-22 17:41:26,708 - root - INFO - mask1 ratio: 0.01, mask2 ratio: 0.02, mask3 ratio: 0.10, mask4 ratio: 0.87
2026-01-22 17:41:26,919 - root - INFO - mask1 ratio: 0.01, mask2 ratio: 0.08, mask3 ratio: 0.10, mask4 ratio: 0.81
2026-01-22 17:41:27,129 - root - INFO - mask1 ratio: 0.02, mask2 ratio: 0.08, mask3 ratio: 0.10, mask4 ratio: 0.80
2026-01-22 17:41:27,341 - root - INFO - mask1 ratio: 0.01, mask2 ratio: 0.06, mask3 ratio: 0.10, mask4 ratio: 0.82
2026-01-22 17:41:27,553 - root - INFO - mask1 ratio: 0.01, mask2 ratio: 0.03, mask3 ratio: 0.10, mask4 ratio: 0.86
2026-01-22 17:41:27,763 - root - INFO - mask1 ratio: 0.01, mask2 ratio: 0.04, mask3 ratio: 0.10, mask4 ratio: 0.85
2026-01-22 17:41:27,974 - root - INFO - mask1 ratio: 0.01, mask2 ratio: 0.03, mask3 ratio: 0.10, mask4 ratio: 0.86
2026-01-22 17:41:28,201 - root - INFO - mask1 ratio: 0.01, mask2 ratio: 0.04, mask3 ratio: 0.10, mask4 ratio: 0.85
2026-01-22 17:41:28,411 - root - INFO - mask1 ratio: 0.01, mask2 ratio: 0.06, mask3 ratio: 0.10, mask4 ratio: 0.83
2026-01-22 17:41:28,621 - root - INFO - mask1 ratio: 0.02, mask2 ratio: 0.14, mask3 ratio: 0.10, mask4 ratio: 0.74
2026-01-22 17:41:28,831 - root - INFO - mask1 ratio: 0.01, mask2 ratio: 0.00, mask3 ratio: 0.10, mask4 ratio: 0.88
2026-01-22 17:41:29,039 - root - INFO - mask1 ratio: 0.01, mask2 ratio: 0.03, mask3 ratio: 0.10, mask4 ratio: 0.86
2026-01-22 17:41:29,212 - root - INFO - mask1 ratio: 0.01, mask2 ratio: 0.02, mask3 ratio: 0.10, mask4 ratio: 0.87
2026-01-22 17:41:29,239 - root - INFO - time 17.33
2026-01-22 17:41:31,367 - root - INFO - 11 self_attn.k_proj
2026-01-22 17:41:31,367 - root - INFO - Quantizing ...
2026-01-22 17:41:31,952 - root - INFO - mask1 ratio: 0.00, mask2 ratio: 0.02, mask3 ratio: 0.10, mask4 ratio: 0.88
2026-01-22 17:41:32,164 - root - INFO - mask1 ratio: 0.01, mask2 ratio: 0.00, mask3 ratio: 0.10, mask4 ratio: 0.88
2026-01-22 17:41:32,375 - root - INFO - mask1 ratio: 0.01, mask2 ratio: 0.00, mask3 ratio: 0.10, mask4 ratio: 0.88
2026-01-22 17:41:32,586 - root - INFO - mask1 ratio: 0.01, mask2 ratio: 0.05, mask3 ratio: 0.10, mask4 ratio: 0.85
2026-01-22 17:41:32,797 - root - INFO - mask1 ratio: 0.01, mask2 ratio: 0.06, mask3 ratio: 0.10, mask4 ratio: 0.83
2026-01-22 17:41:33,008 - root - INFO - mask1 ratio: 0.01, mask2 ratio: 0.09, mask3 ratio: 0.10, mask4 ratio: 0.80
2026-01-22 17:41:33,243 - root - INFO - mask1 ratio: 0.01, mask2 ratio: 0.05, mask3 ratio: 0.10, mask4 ratio: 0.85
2026-01-22 17:41:33,455 - root - INFO - mask1 ratio: 0.01, mask2 ratio: 0.03, mask3 ratio: 0.10, mask4 ratio: 0.87
2026-01-22 17:41:33,667 - root - INFO - mask1 ratio: 0.01, mask2 ratio: 0.00, mask3 ratio: 0.10, mask4 ratio: 0.88
2026-01-22 17:41:33,877 - root - INFO - mask1 ratio: 0.01, mask2 ratio: 0.08, mask3 ratio: 0.10, mask4 ratio: 0.81
2026-01-22 17:41:34,087 - root - INFO - mask1 ratio: 0.01, mask2 ratio: 0.04, mask3 ratio: 0.10, mask4 ratio: 0.85
2026-01-22 17:41:34,297 - root - INFO - mask1 ratio: 0.01, mask2 ratio: 0.00, mask3 ratio: 0.10, mask4 ratio: 0.88
2026-01-22 17:41:34,508 - root - INFO - mask1 ratio: 0.00, mask2 ratio: 0.02, mask3 ratio: 0.10, mask4 ratio: 0.88
2026-01-22 17:41:34,758 - root - INFO - mask1 ratio: 0.00, mask2 ratio: 0.02, mask3 ratio: 0.10, mask4 ratio: 0.88
2026-01-22 17:41:34,968 - root - INFO - mask1 ratio: 0.01, mask2 ratio: 0.00, mask3 ratio: 0.10, mask4 ratio: 0.88
2026-01-22 17:41:35,178 - root - INFO - mask1 ratio: 0.01, mask2 ratio: 0.02, mask3 ratio: 0.10, mask4 ratio: 0.87
2026-01-22 17:41:35,389 - root - INFO - mask1 ratio: 0.01, mask2 ratio: 0.03, mask3 ratio: 0.10, mask4 ratio: 0.87
2026-01-22 17:41:35,600 - root - INFO - mask1 ratio: 0.01, mask2 ratio: 0.03, mask3 ratio: 0.10, mask4 ratio: 0.87
2026-01-22 17:41:35,812 - root - INFO - mask1 ratio: 0.01, mask2 ratio: 0.07, mask3 ratio: 0.10, mask4 ratio: 0.82
2026-01-22 17:41:36,023 - root - INFO - mask1 ratio: 0.01, mask2 ratio: 0.00, mask3 ratio: 0.10, mask4 ratio: 0.88
2026-01-22 17:41:36,049 - root - INFO - time 4.68
2026-01-22 17:41:36,060 - root - INFO - 11 self_attn.v_proj
2026-01-22 17:41:36,060 - root - INFO - Quantizing ...
2026-01-22 17:41:36,282 - root - INFO - mask1 ratio: 0.04, mask2 ratio: 0.34, mask3 ratio: 0.10, mask4 ratio: 0.53
2026-01-22 17:41:36,494 - root - INFO - mask1 ratio: 0.03, mask2 ratio: 0.27, mask3 ratio: 0.10, mask4 ratio: 0.60
2026-01-22 17:41:36,707 - root - INFO - mask1 ratio: 0.02, mask2 ratio: 0.22, mask3 ratio: 0.10, mask4 ratio: 0.66
2026-01-22 17:41:36,918 - root - INFO - mask1 ratio: 0.04, mask2 ratio: 0.34, mask3 ratio: 0.10, mask4 ratio: 0.52
2026-01-22 17:41:37,128 - root - INFO - mask1 ratio: 0.02, mask2 ratio: 0.12, mask3 ratio: 0.10, mask4 ratio: 0.77
2026-01-22 17:41:37,340 - root - INFO - mask1 ratio: 0.02, mask2 ratio: 0.17, mask3 ratio: 0.10, mask4 ratio: 0.71
2026-01-22 17:41:37,551 - root - INFO - mask1 ratio: 0.03, mask2 ratio: 0.28, mask3 ratio: 0.10, mask4 ratio: 0.59
2026-01-22 17:41:37,804 - root - INFO - mask1 ratio: 0.02, mask2 ratio: 0.11, mask3 ratio: 0.10, mask4 ratio: 0.78
2026-01-22 17:41:38,015 - root - INFO - mask1 ratio: 0.03, mask2 ratio: 0.22, mask3 ratio: 0.10, mask4 ratio: 0.65
2026-01-22 17:41:38,228 - root - INFO - mask1 ratio: 0.02, mask2 ratio: 0.14, mask3 ratio: 0.10, mask4 ratio: 0.74
2026-01-22 17:41:38,441 - root - INFO - mask1 ratio: 0.02, mask2 ratio: 0.12, mask3 ratio: 0.10, mask4 ratio: 0.76
2026-01-22 17:41:38,652 - root - INFO - mask1 ratio: 0.01, mask2 ratio: 0.02, mask3 ratio: 0.10, mask4 ratio: 0.88
2026-01-22 17:41:38,865 - root - INFO - mask1 ratio: 0.04, mask2 ratio: 0.32, mask3 ratio: 0.10, mask4 ratio: 0.55
2026-01-22 17:41:39,076 - root - INFO - mask1 ratio: 0.03, mask2 ratio: 0.26, mask3 ratio: 0.10, mask4 ratio: 0.61
2026-01-22 17:41:39,311 - root - INFO - mask1 ratio: 0.02, mask2 ratio: 0.17, mask3 ratio: 0.10, mask4 ratio: 0.70
2026-01-22 17:41:39,525 - root - INFO - mask1 ratio: 0.01, mask2 ratio: 0.06, mask3 ratio: 0.10, mask4 ratio: 0.82
2026-01-22 17:41:39,737 - root - INFO - mask1 ratio: 0.01, mask2 ratio: 0.02, mask3 ratio: 0.10, mask4 ratio: 0.88
2026-01-22 17:41:39,947 - root - INFO - mask1 ratio: 0.01, mask2 ratio: 0.04, mask3 ratio: 0.10, mask4 ratio: 0.85
2026-01-22 17:41:40,158 - root - INFO - mask1 ratio: 0.02, mask2 ratio: 0.11, mask3 ratio: 0.10, mask4 ratio: 0.77
2026-01-22 17:41:40,369 - root - INFO - mask1 ratio: 0.00, mask2 ratio: 0.02, mask3 ratio: 0.10, mask4 ratio: 0.88
2026-01-22 17:41:40,395 - root - INFO - time 4.34
2026-01-22 17:41:40,399 - root - INFO - 11 self_attn.q_proj
2026-01-22 17:41:40,399 - root - INFO - Quantizing ...
2026-01-22 17:41:40,590 - root - INFO - mask1 ratio: 0.01, mask2 ratio: 0.03, mask3 ratio: 0.10, mask4 ratio: 0.87
2026-01-22 17:41:40,823 - root - INFO - mask1 ratio: 0.01, mask2 ratio: 0.02, mask3 ratio: 0.10, mask4 ratio: 0.87
2026-01-22 17:41:41,042 - root - INFO - mask1 ratio: 0.01, mask2 ratio: 0.00, mask3 ratio: 0.10, mask4 ratio: 0.88
2026-01-22 17:41:41,253 - root - INFO - mask1 ratio: 0.01, mask2 ratio: 0.07, mask3 ratio: 0.10, mask4 ratio: 0.81
2026-01-22 17:41:41,465 - root - INFO - mask1 ratio: 0.02, mask2 ratio: 0.18, mask3 ratio: 0.10, mask4 ratio: 0.70
2026-01-22 17:41:41,678 - root - INFO - mask1 ratio: 0.01, mask2 ratio: 0.07, mask3 ratio: 0.10, mask4 ratio: 0.81
2026-01-22 17:41:41,888 - root - INFO - mask1 ratio: 0.01, mask2 ratio: 0.07, mask3 ratio: 0.10, mask4 ratio: 0.81
2026-01-22 17:41:42,098 - root - INFO - mask1 ratio: 0.01, mask2 ratio: 0.03, mask3 ratio: 0.10, mask4 ratio: 0.86
2026-01-22 17:41:42,309 - root - INFO - mask1 ratio: 0.01, mask2 ratio: 0.02, mask3 ratio: 0.10, mask4 ratio: 0.88
2026-01-22 17:41:42,549 - root - INFO - mask1 ratio: 0.02, mask2 ratio: 0.18, mask3 ratio: 0.10, mask4 ratio: 0.70
2026-01-22 17:41:42,760 - root - INFO - mask1 ratio: 0.01, mask2 ratio: 0.03, mask3 ratio: 0.10, mask4 ratio: 0.86
2026-01-22 17:41:42,969 - root - INFO - mask1 ratio: 0.01, mask2 ratio: 0.00, mask3 ratio: 0.10, mask4 ratio: 0.88
2026-01-22 17:41:43,179 - root - INFO - mask1 ratio: 0.00, mask2 ratio: 0.02, mask3 ratio: 0.10, mask4 ratio: 0.88
2026-01-22 17:41:43,389 - root - INFO - mask1 ratio: 0.00, mask2 ratio: 0.02, mask3 ratio: 0.10, mask4 ratio: 0.88
2026-01-22 17:41:43,603 - root - INFO - mask1 ratio: 0.01, mask2 ratio: 0.02, mask3 ratio: 0.10, mask4 ratio: 0.88
2026-01-22 17:41:43,814 - root - INFO - mask1 ratio: 0.01, mask2 ratio: 0.02, mask3 ratio: 0.10, mask4 ratio: 0.87
2026-01-22 17:41:44,064 - root - INFO - mask1 ratio: 0.00, mask2 ratio: 0.02, mask3 ratio: 0.10, mask4 ratio: 0.88
2026-01-22 17:41:44,278 - root - INFO - mask1 ratio: 0.01, mask2 ratio: 0.03, mask3 ratio: 0.10, mask4 ratio: 0.86
2026-01-22 17:41:44,489 - root - INFO - mask1 ratio: 0.01, mask2 ratio: 0.06, mask3 ratio: 0.10, mask4 ratio: 0.82
2026-01-22 17:41:44,701 - root - INFO - mask1 ratio: 0.01, mask2 ratio: 0.00, mask3 ratio: 0.10, mask4 ratio: 0.88
2026-01-22 17:41:44,728 - root - INFO - time 4.33
2026-01-22 17:41:44,731 - root - INFO - 11 self_attn.out_proj
2026-01-22 17:41:44,731 - root - INFO - Quantizing ...
2026-01-22 17:41:44,923 - root - INFO - mask1 ratio: 0.02, mask2 ratio: 0.09, mask3 ratio: 0.10, mask4 ratio: 0.79
2026-01-22 17:41:45,135 - root - INFO - mask1 ratio: 0.01, mask2 ratio: 0.03, mask3 ratio: 0.10, mask4 ratio: 0.86
2026-01-22 17:41:45,346 - root - INFO - mask1 ratio: 0.04, mask2 ratio: 0.34, mask3 ratio: 0.10, mask4 ratio: 0.52
2026-01-22 17:41:45,582 - root - INFO - mask1 ratio: 0.00, mask2 ratio: 0.02, mask3 ratio: 0.10, mask4 ratio: 0.88
2026-01-22 17:41:45,795 - root - INFO - mask1 ratio: 0.01, mask2 ratio: 0.03, mask3 ratio: 0.10, mask4 ratio: 0.87
2026-01-22 17:41:46,005 - root - INFO - mask1 ratio: 0.01, mask2 ratio: 0.04, mask3 ratio: 0.10, mask4 ratio: 0.85
2026-01-22 17:41:46,215 - root - INFO - mask1 ratio: 0.00, mask2 ratio: 0.02, mask3 ratio: 0.10, mask4 ratio: 0.88
2026-01-22 17:41:46,427 - root - INFO - mask1 ratio: 0.03, mask2 ratio: 0.20, mask3 ratio: 0.10, mask4 ratio: 0.67
2026-01-22 17:41:46,639 - root - INFO - mask1 ratio: 0.01, mask2 ratio: 0.03, mask3 ratio: 0.10, mask4 ratio: 0.86
2026-01-22 17:41:46,860 - root - INFO - mask1 ratio: 0.01, mask2 ratio: 0.03, mask3 ratio: 0.10, mask4 ratio: 0.86
2026-01-22 17:41:47,110 - root - INFO - mask1 ratio: 0.01, mask2 ratio: 0.03, mask3 ratio: 0.10, mask4 ratio: 0.86
2026-01-22 17:41:47,322 - root - INFO - mask1 ratio: 0.02, mask2 ratio: 0.11, mask3 ratio: 0.10, mask4 ratio: 0.77
2026-01-22 17:41:47,533 - root - INFO - mask1 ratio: 0.04, mask2 ratio: 0.34, mask3 ratio: 0.10, mask4 ratio: 0.52
2026-01-22 17:41:47,746 - root - INFO - mask1 ratio: 0.01, mask2 ratio: 0.02, mask3 ratio: 0.10, mask4 ratio: 0.87
2026-01-22 17:41:47,957 - root - INFO - mask1 ratio: 0.01, mask2 ratio: 0.06, mask3 ratio: 0.10, mask4 ratio: 0.84
2026-01-22 17:41:48,168 - root - INFO - mask1 ratio: 0.01, mask2 ratio: 0.05, mask3 ratio: 0.10, mask4 ratio: 0.84
2026-01-22 17:41:48,380 - root - INFO - mask1 ratio: 0.02, mask2 ratio: 0.12, mask3 ratio: 0.10, mask4 ratio: 0.76
2026-01-22 17:41:48,619 - root - INFO - mask1 ratio: 0.04, mask2 ratio: 0.34, mask3 ratio: 0.10, mask4 ratio: 0.52
2026-01-22 17:41:48,829 - root - INFO - mask1 ratio: 0.01, mask2 ratio: 0.03, mask3 ratio: 0.10, mask4 ratio: 0.86
2026-01-22 17:41:49,039 - root - INFO - mask1 ratio: 0.01, mask2 ratio: 0.02, mask3 ratio: 0.10, mask4 ratio: 0.87
2026-01-22 17:41:49,065 - root - INFO - time 4.33
2026-01-22 17:41:49,068 - root - INFO - 11 fc1
2026-01-22 17:41:49,068 - root - INFO - Quantizing ...
2026-01-22 17:41:49,331 - root - INFO - mask1 ratio: 0.01, mask2 ratio: 0.06, mask3 ratio: 0.10, mask4 ratio: 0.83
2026-01-22 17:41:49,618 - root - INFO - mask1 ratio: 0.02, mask2 ratio: 0.14, mask3 ratio: 0.10, mask4 ratio: 0.74
2026-01-22 17:41:49,940 - root - INFO - mask1 ratio: 0.01, mask2 ratio: 0.02, mask3 ratio: 0.10, mask4 ratio: 0.88
2026-01-22 17:41:50,231 - root - INFO - mask1 ratio: 0.01, mask2 ratio: 0.06, mask3 ratio: 0.10, mask4 ratio: 0.83
2026-01-22 17:41:50,524 - root - INFO - mask1 ratio: 0.01, mask2 ratio: 0.10, mask3 ratio: 0.10, mask4 ratio: 0.79
2026-01-22 17:41:50,825 - root - INFO - mask1 ratio: 0.03, mask2 ratio: 0.24, mask3 ratio: 0.10, mask4 ratio: 0.63
2026-01-22 17:41:51,124 - root - INFO - mask1 ratio: 0.02, mask2 ratio: 0.13, mask3 ratio: 0.10, mask4 ratio: 0.75
2026-01-22 17:41:51,424 - root - INFO - mask1 ratio: 0.01, mask2 ratio: 0.07, mask3 ratio: 0.10, mask4 ratio: 0.81
2026-01-22 17:41:51,716 - root - INFO - mask1 ratio: 0.01, mask2 ratio: 0.04, mask3 ratio: 0.10, mask4 ratio: 0.85
2026-01-22 17:41:52,021 - root - INFO - mask1 ratio: 0.02, mask2 ratio: 0.18, mask3 ratio: 0.10, mask4 ratio: 0.70
2026-01-22 17:41:52,318 - root - INFO - mask1 ratio: 0.03, mask2 ratio: 0.25, mask3 ratio: 0.10, mask4 ratio: 0.62
2026-01-22 17:41:52,605 - root - INFO - mask1 ratio: 0.00, mask2 ratio: 0.02, mask3 ratio: 0.10, mask4 ratio: 0.88
2026-01-22 17:41:52,944 - root - INFO - mask1 ratio: 0.00, mask2 ratio: 0.03, mask3 ratio: 0.10, mask4 ratio: 0.87
2026-01-22 17:41:53,232 - root - INFO - mask1 ratio: 0.01, mask2 ratio: 0.04, mask3 ratio: 0.10, mask4 ratio: 0.85
2026-01-22 17:41:53,523 - root - INFO - mask1 ratio: 0.01, mask2 ratio: 0.05, mask3 ratio: 0.10, mask4 ratio: 0.84
2026-01-22 17:41:53,814 - root - INFO - mask1 ratio: 0.01, mask2 ratio: 0.04, mask3 ratio: 0.10, mask4 ratio: 0.85
2026-01-22 17:41:54,102 - root - INFO - mask1 ratio: 0.01, mask2 ratio: 0.03, mask3 ratio: 0.10, mask4 ratio: 0.87
2026-01-22 17:41:54,418 - root - INFO - mask1 ratio: 0.01, mask2 ratio: 0.03, mask3 ratio: 0.10, mask4 ratio: 0.87
2026-01-22 17:41:54,719 - root - INFO - mask1 ratio: 0.01, mask2 ratio: 0.06, mask3 ratio: 0.10, mask4 ratio: 0.83
2026-01-22 17:41:55,014 - root - INFO - mask1 ratio: 0.00, mask2 ratio: 0.02, mask3 ratio: 0.10, mask4 ratio: 0.88
2026-01-22 17:41:55,047 - root - INFO - time 5.98
2026-01-22 17:41:55,056 - root - INFO - 11 fc2
2026-01-22 17:41:55,056 - root - INFO - Quantizing ...
2026-01-22 17:41:55,365 - root - INFO - mask1 ratio: 0.01, mask2 ratio: 0.06, mask3 ratio: 0.10, mask4 ratio: 0.83
2026-01-22 17:41:55,589 - root - INFO - mask1 ratio: 0.01, mask2 ratio: 0.03, mask3 ratio: 0.10, mask4 ratio: 0.86
2026-01-22 17:41:55,849 - root - INFO - mask1 ratio: 0.01, mask2 ratio: 0.05, mask3 ratio: 0.10, mask4 ratio: 0.84
2026-01-22 17:41:56,069 - root - INFO - mask1 ratio: 0.02, mask2 ratio: 0.07, mask3 ratio: 0.10, mask4 ratio: 0.81
2026-01-22 17:41:56,283 - root - INFO - mask1 ratio: 0.01, mask2 ratio: 0.04, mask3 ratio: 0.10, mask4 ratio: 0.85
2026-01-22 17:41:56,520 - root - INFO - mask1 ratio: 0.01, mask2 ratio: 0.04, mask3 ratio: 0.10, mask4 ratio: 0.85
2026-01-22 17:41:56,734 - root - INFO - mask1 ratio: 0.01, mask2 ratio: 0.04, mask3 ratio: 0.10, mask4 ratio: 0.85
2026-01-22 17:41:56,955 - root - INFO - mask1 ratio: 0.01, mask2 ratio: 0.03, mask3 ratio: 0.10, mask4 ratio: 0.86
2026-01-22 17:41:57,179 - root - INFO - mask1 ratio: 0.01, mask2 ratio: 0.02, mask3 ratio: 0.10, mask4 ratio: 0.87
2026-01-22 17:41:57,427 - root - INFO - mask1 ratio: 0.01, mask2 ratio: 0.04, mask3 ratio: 0.10, mask4 ratio: 0.85
2026-01-22 17:41:57,641 - root - INFO - mask1 ratio: 0.01, mask2 ratio: 0.04, mask3 ratio: 0.10, mask4 ratio: 0.85
2026-01-22 17:41:57,851 - root - INFO - mask1 ratio: 0.01, mask2 ratio: 0.03, mask3 ratio: 0.10, mask4 ratio: 0.86
2026-01-22 17:41:58,062 - root - INFO - mask1 ratio: 0.01, mask2 ratio: 0.02, mask3 ratio: 0.10, mask4 ratio: 0.87
2026-01-22 17:41:58,273 - root - INFO - mask1 ratio: 0.01, mask2 ratio: 0.04, mask3 ratio: 0.10, mask4 ratio: 0.85
2026-01-22 17:41:58,483 - root - INFO - mask1 ratio: 0.02, mask2 ratio: 0.08, mask3 ratio: 0.10, mask4 ratio: 0.81
2026-01-22 17:41:58,693 - root - INFO - mask1 ratio: 0.01, mask2 ratio: 0.03, mask3 ratio: 0.10, mask4 ratio: 0.86
2026-01-22 17:41:58,944 - root - INFO - mask1 ratio: 0.01, mask2 ratio: 0.05, mask3 ratio: 0.10, mask4 ratio: 0.84
2026-01-22 17:41:59,155 - root - INFO - mask1 ratio: 0.01, mask2 ratio: 0.05, mask3 ratio: 0.10, mask4 ratio: 0.84
2026-01-22 17:41:59,367 - root - INFO - mask1 ratio: 0.01, mask2 ratio: 0.03, mask3 ratio: 0.10, mask4 ratio: 0.87
2026-01-22 17:41:59,579 - root - INFO - mask1 ratio: 0.02, mask2 ratio: 0.07, mask3 ratio: 0.10, mask4 ratio: 0.81
2026-01-22 17:41:59,794 - root - INFO - mask1 ratio: 0.01, mask2 ratio: 0.06, mask3 ratio: 0.10, mask4 ratio: 0.83
2026-01-22 17:42:00,006 - root - INFO - mask1 ratio: 0.02, mask2 ratio: 0.09, mask3 ratio: 0.10, mask4 ratio: 0.79
2026-01-22 17:42:00,218 - root - INFO - mask1 ratio: 0.01, mask2 ratio: 0.04, mask3 ratio: 0.10, mask4 ratio: 0.85
2026-01-22 17:42:00,455 - root - INFO - mask1 ratio: 0.01, mask2 ratio: 0.03, mask3 ratio: 0.10, mask4 ratio: 0.86
2026-01-22 17:42:00,666 - root - INFO - mask1 ratio: 0.02, mask2 ratio: 0.07, mask3 ratio: 0.10, mask4 ratio: 0.81
2026-01-22 17:42:00,876 - root - INFO - mask1 ratio: 0.01, mask2 ratio: 0.05, mask3 ratio: 0.10, mask4 ratio: 0.84
2026-01-22 17:42:01,087 - root - INFO - mask1 ratio: 0.02, mask2 ratio: 0.13, mask3 ratio: 0.10, mask4 ratio: 0.75
2026-01-22 17:42:01,298 - root - INFO - mask1 ratio: 0.01, mask2 ratio: 0.05, mask3 ratio: 0.10, mask4 ratio: 0.84
2026-01-22 17:42:01,508 - root - INFO - mask1 ratio: 0.01, mask2 ratio: 0.03, mask3 ratio: 0.10, mask4 ratio: 0.86
2026-01-22 17:42:01,719 - root - INFO - mask1 ratio: 0.02, mask2 ratio: 0.07, mask3 ratio: 0.10, mask4 ratio: 0.81
2026-01-22 17:42:01,946 - root - INFO - mask1 ratio: 0.02, mask2 ratio: 0.14, mask3 ratio: 0.10, mask4 ratio: 0.74
2026-01-22 17:42:02,171 - root - INFO - mask1 ratio: 0.01, mask2 ratio: 0.04, mask3 ratio: 0.10, mask4 ratio: 0.85
2026-01-22 17:42:02,384 - root - INFO - mask1 ratio: 0.01, mask2 ratio: 0.04, mask3 ratio: 0.10, mask4 ratio: 0.85
2026-01-22 17:42:02,596 - root - INFO - mask1 ratio: 0.01, mask2 ratio: 0.02, mask3 ratio: 0.10, mask4 ratio: 0.88
2026-01-22 17:42:02,807 - root - INFO - mask1 ratio: 0.01, mask2 ratio: 0.04, mask3 ratio: 0.10, mask4 ratio: 0.85
2026-01-22 17:42:03,018 - root - INFO - mask1 ratio: 0.01, mask2 ratio: 0.04, mask3 ratio: 0.10, mask4 ratio: 0.85
2026-01-22 17:42:03,229 - root - INFO - mask1 ratio: 0.01, mask2 ratio: 0.03, mask3 ratio: 0.10, mask4 ratio: 0.86
2026-01-22 17:42:03,442 - root - INFO - mask1 ratio: 0.01, mask2 ratio: 0.05, mask3 ratio: 0.10, mask4 ratio: 0.84
2026-01-22 17:42:03,677 - root - INFO - mask1 ratio: 0.02, mask2 ratio: 0.12, mask3 ratio: 0.10, mask4 ratio: 0.76
2026-01-22 17:42:03,888 - root - INFO - mask1 ratio: 0.01, mask2 ratio: 0.06, mask3 ratio: 0.10, mask4 ratio: 0.83
2026-01-22 17:42:04,098 - root - INFO - mask1 ratio: 0.01, mask2 ratio: 0.03, mask3 ratio: 0.10, mask4 ratio: 0.86
2026-01-22 17:42:04,308 - root - INFO - mask1 ratio: 0.01, mask2 ratio: 0.06, mask3 ratio: 0.10, mask4 ratio: 0.83
2026-01-22 17:42:04,520 - root - INFO - mask1 ratio: 0.02, mask2 ratio: 0.08, mask3 ratio: 0.10, mask4 ratio: 0.80
2026-01-22 17:42:04,729 - root - INFO - mask1 ratio: 0.01, mask2 ratio: 0.03, mask3 ratio: 0.10, mask4 ratio: 0.87
2026-01-22 17:42:04,939 - root - INFO - mask1 ratio: 0.01, mask2 ratio: 0.04, mask3 ratio: 0.10, mask4 ratio: 0.85
2026-01-22 17:42:05,191 - root - INFO - mask1 ratio: 0.01, mask2 ratio: 0.04, mask3 ratio: 0.10, mask4 ratio: 0.85
2026-01-22 17:42:05,404 - root - INFO - mask1 ratio: 0.02, mask2 ratio: 0.13, mask3 ratio: 0.10, mask4 ratio: 0.75
2026-01-22 17:42:05,614 - root - INFO - mask1 ratio: 0.01, mask2 ratio: 0.03, mask3 ratio: 0.10, mask4 ratio: 0.87
2026-01-22 17:42:05,825 - root - INFO - mask1 ratio: 0.01, mask2 ratio: 0.02, mask3 ratio: 0.10, mask4 ratio: 0.87
2026-01-22 17:42:06,034 - root - INFO - mask1 ratio: 0.01, mask2 ratio: 0.06, mask3 ratio: 0.10, mask4 ratio: 0.82
2026-01-22 17:42:06,245 - root - INFO - mask1 ratio: 0.01, mask2 ratio: 0.02, mask3 ratio: 0.10, mask4 ratio: 0.87
2026-01-22 17:42:06,457 - root - INFO - mask1 ratio: 0.01, mask2 ratio: 0.04, mask3 ratio: 0.10, mask4 ratio: 0.85
2026-01-22 17:42:06,693 - root - INFO - mask1 ratio: 0.01, mask2 ratio: 0.03, mask3 ratio: 0.10, mask4 ratio: 0.86
2026-01-22 17:42:06,902 - root - INFO - mask1 ratio: 0.02, mask2 ratio: 0.08, mask3 ratio: 0.10, mask4 ratio: 0.81
2026-01-22 17:42:07,113 - root - INFO - mask1 ratio: 0.02, mask2 ratio: 0.12, mask3 ratio: 0.10, mask4 ratio: 0.76
2026-01-22 17:42:07,323 - root - INFO - mask1 ratio: 0.01, mask2 ratio: 0.05, mask3 ratio: 0.10, mask4 ratio: 0.84
2026-01-22 17:42:07,542 - root - INFO - mask1 ratio: 0.01, mask2 ratio: 0.02, mask3 ratio: 0.10, mask4 ratio: 0.87
2026-01-22 17:42:07,752 - root - INFO - mask1 ratio: 0.01, mask2 ratio: 0.03, mask3 ratio: 0.10, mask4 ratio: 0.86
2026-01-22 17:42:07,961 - root - INFO - mask1 ratio: 0.01, mask2 ratio: 0.03, mask3 ratio: 0.10, mask4 ratio: 0.86
2026-01-22 17:42:08,189 - root - INFO - mask1 ratio: 0.02, mask2 ratio: 0.15, mask3 ratio: 0.10, mask4 ratio: 0.73
2026-01-22 17:42:08,412 - root - INFO - mask1 ratio: 0.01, mask2 ratio: 0.03, mask3 ratio: 0.10, mask4 ratio: 0.86
2026-01-22 17:42:08,622 - root - INFO - mask1 ratio: 0.03, mask2 ratio: 0.18, mask3 ratio: 0.10, mask4 ratio: 0.69
2026-01-22 17:42:08,833 - root - INFO - mask1 ratio: 0.01, mask2 ratio: 0.02, mask3 ratio: 0.10, mask4 ratio: 0.88
2026-01-22 17:42:09,043 - root - INFO - mask1 ratio: 0.01, mask2 ratio: 0.02, mask3 ratio: 0.10, mask4 ratio: 0.87
2026-01-22 17:42:09,281 - root - INFO - mask1 ratio: 0.01, mask2 ratio: 0.05, mask3 ratio: 0.10, mask4 ratio: 0.84
2026-01-22 17:42:09,497 - root - INFO - mask1 ratio: 0.02, mask2 ratio: 0.06, mask3 ratio: 0.10, mask4 ratio: 0.82
2026-01-22 17:42:09,717 - root - INFO - mask1 ratio: 0.01, mask2 ratio: 0.04, mask3 ratio: 0.10, mask4 ratio: 0.85
2026-01-22 17:42:09,935 - root - INFO - mask1 ratio: 0.01, mask2 ratio: 0.04, mask3 ratio: 0.10, mask4 ratio: 0.85
2026-01-22 17:42:10,146 - root - INFO - mask1 ratio: 0.01, mask2 ratio: 0.03, mask3 ratio: 0.10, mask4 ratio: 0.86
2026-01-22 17:42:10,368 - root - INFO - mask1 ratio: 0.01, mask2 ratio: 0.02, mask3 ratio: 0.10, mask4 ratio: 0.88
2026-01-22 17:42:10,590 - root - INFO - mask1 ratio: 0.02, mask2 ratio: 0.08, mask3 ratio: 0.10, mask4 ratio: 0.81
2026-01-22 17:42:10,804 - root - INFO - mask1 ratio: 0.01, mask2 ratio: 0.04, mask3 ratio: 0.10, mask4 ratio: 0.85
2026-01-22 17:42:11,013 - root - INFO - mask1 ratio: 0.01, mask2 ratio: 0.03, mask3 ratio: 0.10, mask4 ratio: 0.86
2026-01-22 17:42:11,243 - root - INFO - mask1 ratio: 0.01, mask2 ratio: 0.03, mask3 ratio: 0.10, mask4 ratio: 0.86
2026-01-22 17:42:11,467 - root - INFO - mask1 ratio: 0.01, mask2 ratio: 0.02, mask3 ratio: 0.10, mask4 ratio: 0.87
2026-01-22 17:42:11,678 - root - INFO - mask1 ratio: 0.01, mask2 ratio: 0.06, mask3 ratio: 0.10, mask4 ratio: 0.83
2026-01-22 17:42:11,888 - root - INFO - mask1 ratio: 0.02, mask2 ratio: 0.08, mask3 ratio: 0.10, mask4 ratio: 0.81
2026-01-22 17:42:12,098 - root - INFO - mask1 ratio: 0.01, mask2 ratio: 0.08, mask3 ratio: 0.10, mask4 ratio: 0.81
2026-01-22 17:42:12,309 - root - INFO - mask1 ratio: 0.01, mask2 ratio: 0.03, mask3 ratio: 0.10, mask4 ratio: 0.86
2026-01-22 17:42:12,521 - root - INFO - mask1 ratio: 0.01, mask2 ratio: 0.04, mask3 ratio: 0.10, mask4 ratio: 0.85
2026-01-22 17:42:12,548 - root - INFO - time 17.49
2026-01-22 17:42:14,681 - root - INFO - 12 self_attn.k_proj
2026-01-22 17:42:14,682 - root - INFO - Quantizing ...
2026-01-22 17:42:15,269 - root - INFO - mask1 ratio: 0.00, mask2 ratio: 0.02, mask3 ratio: 0.10, mask4 ratio: 0.88
2026-01-22 17:42:15,479 - root - INFO - mask1 ratio: 0.01, mask2 ratio: 0.00, mask3 ratio: 0.10, mask4 ratio: 0.88
2026-01-22 17:42:15,691 - root - INFO - mask1 ratio: 0.01, mask2 ratio: 0.00, mask3 ratio: 0.10, mask4 ratio: 0.88
2026-01-22 17:42:15,901 - root - INFO - mask1 ratio: 0.01, mask2 ratio: 0.04, mask3 ratio: 0.10, mask4 ratio: 0.85
2026-01-22 17:42:16,112 - root - INFO - mask1 ratio: 0.02, mask2 ratio: 0.08, mask3 ratio: 0.10, mask4 ratio: 0.81
2026-01-22 17:42:16,323 - root - INFO - mask1 ratio: 0.02, mask2 ratio: 0.11, mask3 ratio: 0.10, mask4 ratio: 0.78
2026-01-22 17:42:16,574 - root - INFO - mask1 ratio: 0.01, mask2 ratio: 0.05, mask3 ratio: 0.10, mask4 ratio: 0.84
2026-01-22 17:42:16,788 - root - INFO - mask1 ratio: 0.01, mask2 ratio: 0.03, mask3 ratio: 0.10, mask4 ratio: 0.86
2026-01-22 17:42:16,998 - root - INFO - mask1 ratio: 0.01, mask2 ratio: 0.00, mask3 ratio: 0.10, mask4 ratio: 0.88
2026-01-22 17:42:17,209 - root - INFO - mask1 ratio: 0.02, mask2 ratio: 0.09, mask3 ratio: 0.10, mask4 ratio: 0.79
2026-01-22 17:42:17,421 - root - INFO - mask1 ratio: 0.01, mask2 ratio: 0.07, mask3 ratio: 0.10, mask4 ratio: 0.82
2026-01-22 17:42:17,631 - root - INFO - mask1 ratio: 0.01, mask2 ratio: 0.00, mask3 ratio: 0.10, mask4 ratio: 0.88
2026-01-22 17:42:17,854 - root - INFO - mask1 ratio: 0.00, mask2 ratio: 0.02, mask3 ratio: 0.10, mask4 ratio: 0.88
2026-01-22 17:42:18,090 - root - INFO - mask1 ratio: 0.01, mask2 ratio: 0.02, mask3 ratio: 0.10, mask4 ratio: 0.88
2026-01-22 17:42:18,300 - root - INFO - mask1 ratio: 0.01, mask2 ratio: 0.00, mask3 ratio: 0.10, mask4 ratio: 0.88
2026-01-22 17:42:18,510 - root - INFO - mask1 ratio: 0.01, mask2 ratio: 0.02, mask3 ratio: 0.10, mask4 ratio: 0.87
2026-01-22 17:42:18,725 - root - INFO - mask1 ratio: 0.00, mask2 ratio: 0.02, mask3 ratio: 0.10, mask4 ratio: 0.88
2026-01-22 17:42:18,936 - root - INFO - mask1 ratio: 0.01, mask2 ratio: 0.02, mask3 ratio: 0.10, mask4 ratio: 0.87
2026-01-22 17:42:19,145 - root - INFO - mask1 ratio: 0.01, mask2 ratio: 0.05, mask3 ratio: 0.10, mask4 ratio: 0.84
2026-01-22 17:42:19,354 - root - INFO - mask1 ratio: 0.01, mask2 ratio: 0.00, mask3 ratio: 0.10, mask4 ratio: 0.88
2026-01-22 17:42:19,380 - root - INFO - time 4.70
2026-01-22 17:42:19,391 - root - INFO - 12 self_attn.v_proj
2026-01-22 17:42:19,391 - root - INFO - Quantizing ...
2026-01-22 17:42:19,620 - root - INFO - mask1 ratio: 0.04, mask2 ratio: 0.34, mask3 ratio: 0.10, mask4 ratio: 0.52
2026-01-22 17:42:19,836 - root - INFO - mask1 ratio: 0.03, mask2 ratio: 0.21, mask3 ratio: 0.10, mask4 ratio: 0.66
2026-01-22 17:42:20,047 - root - INFO - mask1 ratio: 0.02, mask2 ratio: 0.14, mask3 ratio: 0.10, mask4 ratio: 0.74
2026-01-22 17:42:20,260 - root - INFO - mask1 ratio: 0.02, mask2 ratio: 0.11, mask3 ratio: 0.10, mask4 ratio: 0.78
2026-01-22 17:42:20,471 - root - INFO - mask1 ratio: 0.02, mask2 ratio: 0.16, mask3 ratio: 0.10, mask4 ratio: 0.72
2026-01-22 17:42:20,682 - root - INFO - mask1 ratio: 0.02, mask2 ratio: 0.08, mask3 ratio: 0.10, mask4 ratio: 0.81
2026-01-22 17:42:20,896 - root - INFO - mask1 ratio: 0.03, mask2 ratio: 0.24, mask3 ratio: 0.10, mask4 ratio: 0.63
2026-01-22 17:42:21,132 - root - INFO - mask1 ratio: 0.03, mask2 ratio: 0.24, mask3 ratio: 0.10, mask4 ratio: 0.63
2026-01-22 17:42:21,342 - root - INFO - mask1 ratio: 0.03, mask2 ratio: 0.21, mask3 ratio: 0.10, mask4 ratio: 0.67
2026-01-22 17:42:21,552 - root - INFO - mask1 ratio: 0.03, mask2 ratio: 0.29, mask3 ratio: 0.10, mask4 ratio: 0.58
2026-01-22 17:42:21,761 - root - INFO - mask1 ratio: 0.01, mask2 ratio: 0.07, mask3 ratio: 0.10, mask4 ratio: 0.81
2026-01-22 17:42:21,973 - root - INFO - mask1 ratio: 0.01, mask2 ratio: 0.03, mask3 ratio: 0.10, mask4 ratio: 0.87
2026-01-22 17:42:22,183 - root - INFO - mask1 ratio: 0.01, mask2 ratio: 0.09, mask3 ratio: 0.10, mask4 ratio: 0.80
2026-01-22 17:42:22,392 - root - INFO - mask1 ratio: 0.01, mask2 ratio: 0.08, mask3 ratio: 0.10, mask4 ratio: 0.81
2026-01-22 17:42:22,644 - root - INFO - mask1 ratio: 0.01, mask2 ratio: 0.06, mask3 ratio: 0.10, mask4 ratio: 0.83
2026-01-22 17:42:22,855 - root - INFO - mask1 ratio: 0.02, mask2 ratio: 0.09, mask3 ratio: 0.10, mask4 ratio: 0.80
2026-01-22 17:42:23,067 - root - INFO - mask1 ratio: 0.01, mask2 ratio: 0.02, mask3 ratio: 0.10, mask4 ratio: 0.88
2026-01-22 17:42:23,277 - root - INFO - mask1 ratio: 0.01, mask2 ratio: 0.04, mask3 ratio: 0.10, mask4 ratio: 0.85
2026-01-22 17:42:23,489 - root - INFO - mask1 ratio: 0.03, mask2 ratio: 0.22, mask3 ratio: 0.10, mask4 ratio: 0.65
2026-01-22 17:42:23,698 - root - INFO - mask1 ratio: 0.01, mask2 ratio: 0.02, mask3 ratio: 0.10, mask4 ratio: 0.88
2026-01-22 17:42:23,724 - root - INFO - time 4.33
2026-01-22 17:42:23,727 - root - INFO - 12 self_attn.q_proj
2026-01-22 17:42:23,727 - root - INFO - Quantizing ...
2026-01-22 17:42:23,919 - root - INFO - mask1 ratio: 0.01, mask2 ratio: 0.02, mask3 ratio: 0.10, mask4 ratio: 0.87
2026-01-22 17:42:24,163 - root - INFO - mask1 ratio: 0.01, mask2 ratio: 0.03, mask3 ratio: 0.10, mask4 ratio: 0.86
2026-01-22 17:42:24,373 - root - INFO - mask1 ratio: 0.01, mask2 ratio: 0.00, mask3 ratio: 0.10, mask4 ratio: 0.88
2026-01-22 17:42:24,582 - root - INFO - mask1 ratio: 0.01, mask2 ratio: 0.04, mask3 ratio: 0.10, mask4 ratio: 0.85
2026-01-22 17:42:24,795 - root - INFO - mask1 ratio: 0.02, mask2 ratio: 0.12, mask3 ratio: 0.10, mask4 ratio: 0.76
2026-01-22 17:42:25,008 - root - INFO - mask1 ratio: 0.02, mask2 ratio: 0.13, mask3 ratio: 0.10, mask4 ratio: 0.75
2026-01-22 17:42:25,221 - root - INFO - mask1 ratio: 0.02, mask2 ratio: 0.09, mask3 ratio: 0.10, mask4 ratio: 0.79
2026-01-22 17:42:25,431 - root - INFO - mask1 ratio: 0.01, mask2 ratio: 0.03, mask3 ratio: 0.10, mask4 ratio: 0.86
2026-01-22 17:42:25,682 - root - INFO - mask1 ratio: 0.01, mask2 ratio: 0.02, mask3 ratio: 0.10, mask4 ratio: 0.88
2026-01-22 17:42:25,893 - root - INFO - mask1 ratio: 0.02, mask2 ratio: 0.13, mask3 ratio: 0.10, mask4 ratio: 0.75
2026-01-22 17:42:26,106 - root - INFO - mask1 ratio: 0.01, mask2 ratio: 0.04, mask3 ratio: 0.10, mask4 ratio: 0.85
2026-01-22 17:42:26,316 - root - INFO - mask1 ratio: 0.01, mask2 ratio: 0.00, mask3 ratio: 0.10, mask4 ratio: 0.88
2026-01-22 17:42:26,534 - root - INFO - mask1 ratio: 0.01, mask2 ratio: 0.02, mask3 ratio: 0.10, mask4 ratio: 0.88
2026-01-22 17:42:26,744 - root - INFO - mask1 ratio: 0.01, mask2 ratio: 0.02, mask3 ratio: 0.10, mask4 ratio: 0.88
2026-01-22 17:42:26,955 - root - INFO - mask1 ratio: 0.01, mask2 ratio: 0.02, mask3 ratio: 0.10, mask4 ratio: 0.88
2026-01-22 17:42:27,193 - root - INFO - mask1 ratio: 0.01, mask2 ratio: 0.03, mask3 ratio: 0.10, mask4 ratio: 0.86
2026-01-22 17:42:27,404 - root - INFO - mask1 ratio: 0.01, mask2 ratio: 0.02, mask3 ratio: 0.10, mask4 ratio: 0.88
2026-01-22 17:42:27,614 - root - INFO - mask1 ratio: 0.01, mask2 ratio: 0.03, mask3 ratio: 0.10, mask4 ratio: 0.87
2026-01-22 17:42:27,823 - root - INFO - mask1 ratio: 0.01, mask2 ratio: 0.04, mask3 ratio: 0.10, mask4 ratio: 0.85
2026-01-22 17:42:28,033 - root - INFO - mask1 ratio: 0.01, mask2 ratio: 0.00, mask3 ratio: 0.10, mask4 ratio: 0.88
2026-01-22 17:42:28,059 - root - INFO - time 4.33
2026-01-22 17:42:28,062 - root - INFO - 12 self_attn.out_proj
2026-01-22 17:42:28,063 - root - INFO - Quantizing ...
2026-01-22 17:42:28,253 - root - INFO - mask1 ratio: 0.01, mask2 ratio: 0.02, mask3 ratio: 0.10, mask4 ratio: 0.87
2026-01-22 17:42:28,464 - root - INFO - mask1 ratio: 0.01, mask2 ratio: 0.02, mask3 ratio: 0.10, mask4 ratio: 0.87
2026-01-22 17:42:28,711 - root - INFO - mask1 ratio: 0.01, mask2 ratio: 0.02, mask3 ratio: 0.10, mask4 ratio: 0.88
2026-01-22 17:42:28,921 - root - INFO - mask1 ratio: 0.01, mask2 ratio: 0.02, mask3 ratio: 0.10, mask4 ratio: 0.88
2026-01-22 17:42:29,132 - root - INFO - mask1 ratio: 0.01, mask2 ratio: 0.03, mask3 ratio: 0.10, mask4 ratio: 0.87
2026-01-22 17:42:29,346 - root - INFO - mask1 ratio: 0.04, mask2 ratio: 0.34, mask3 ratio: 0.10, mask4 ratio: 0.52
2026-01-22 17:42:29,557 - root - INFO - mask1 ratio: 0.01, mask2 ratio: 0.03, mask3 ratio: 0.10, mask4 ratio: 0.87
2026-01-22 17:42:29,768 - root - INFO - mask1 ratio: 0.04, mask2 ratio: 0.34, mask3 ratio: 0.10, mask4 ratio: 0.52
2026-01-22 17:42:29,977 - root - INFO - mask1 ratio: 0.02, mask2 ratio: 0.14, mask3 ratio: 0.10, mask4 ratio: 0.74
2026-01-22 17:42:30,198 - root - INFO - mask1 ratio: 0.04, mask2 ratio: 0.33, mask3 ratio: 0.10, mask4 ratio: 0.53
2026-01-22 17:42:30,417 - root - INFO - mask1 ratio: 0.02, mask2 ratio: 0.10, mask3 ratio: 0.10, mask4 ratio: 0.78
2026-01-22 17:42:30,628 - root - INFO - mask1 ratio: 0.01, mask2 ratio: 0.03, mask3 ratio: 0.10, mask4 ratio: 0.86
2026-01-22 17:42:30,838 - root - INFO - mask1 ratio: 0.01, mask2 ratio: 0.06, mask3 ratio: 0.10, mask4 ratio: 0.83
2026-01-22 17:42:31,048 - root - INFO - mask1 ratio: 0.04, mask2 ratio: 0.34, mask3 ratio: 0.10, mask4 ratio: 0.52
2026-01-22 17:42:31,272 - root - INFO - mask1 ratio: 0.01, mask2 ratio: 0.04, mask3 ratio: 0.10, mask4 ratio: 0.85
2026-01-22 17:42:31,485 - root - INFO - mask1 ratio: 0.03, mask2 ratio: 0.19, mask3 ratio: 0.10, mask4 ratio: 0.68
2026-01-22 17:42:31,717 - root - INFO - mask1 ratio: 0.02, mask2 ratio: 0.18, mask3 ratio: 0.10, mask4 ratio: 0.70
2026-01-22 17:42:31,939 - root - INFO - mask1 ratio: 0.00, mask2 ratio: 0.02, mask3 ratio: 0.10, mask4 ratio: 0.88
2026-01-22 17:42:32,161 - root - INFO - mask1 ratio: 0.02, mask2 ratio: 0.10, mask3 ratio: 0.10, mask4 ratio: 0.78
2026-01-22 17:42:32,385 - root - INFO - mask1 ratio: 0.02, mask2 ratio: 0.08, mask3 ratio: 0.10, mask4 ratio: 0.81
2026-01-22 17:42:32,411 - root - INFO - time 4.35
2026-01-22 17:42:32,415 - root - INFO - 12 fc1
2026-01-22 17:42:32,415 - root - INFO - Quantizing ...
2026-01-22 17:42:32,684 - root - INFO - mask1 ratio: 0.01, mask2 ratio: 0.06, mask3 ratio: 0.10, mask4 ratio: 0.83
2026-01-22 17:42:32,968 - root - INFO - mask1 ratio: 0.02, mask2 ratio: 0.12, mask3 ratio: 0.10, mask4 ratio: 0.76
2026-01-22 17:42:33,264 - root - INFO - mask1 ratio: 0.01, mask2 ratio: 0.03, mask3 ratio: 0.10, mask4 ratio: 0.87
2026-01-22 17:42:33,549 - root - INFO - mask1 ratio: 0.01, mask2 ratio: 0.05, mask3 ratio: 0.10, mask4 ratio: 0.84
2026-01-22 17:42:33,833 - root - INFO - mask1 ratio: 0.01, mask2 ratio: 0.09, mask3 ratio: 0.10, mask4 ratio: 0.80
2026-01-22 17:42:34,118 - root - INFO - mask1 ratio: 0.02, mask2 ratio: 0.09, mask3 ratio: 0.10, mask4 ratio: 0.79
2026-01-22 17:42:34,404 - root - INFO - mask1 ratio: 0.01, mask2 ratio: 0.09, mask3 ratio: 0.10, mask4 ratio: 0.80
2026-01-22 17:42:35,372 - root - INFO - mask1 ratio: 0.01, mask2 ratio: 0.09, mask3 ratio: 0.10, mask4 ratio: 0.80
2026-01-22 17:42:35,774 - root - INFO - mask1 ratio: 0.01, mask2 ratio: 0.03, mask3 ratio: 0.10, mask4 ratio: 0.86
2026-01-22 17:42:35,979 - root - INFO - mask1 ratio: 0.02, mask2 ratio: 0.18, mask3 ratio: 0.10, mask4 ratio: 0.70
2026-01-22 17:42:38,337 - root - INFO - mask1 ratio: 0.02, mask2 ratio: 0.12, mask3 ratio: 0.10, mask4 ratio: 0.77
2026-01-22 17:42:40,715 - root - INFO - mask1 ratio: 0.00, mask2 ratio: 0.02, mask3 ratio: 0.10, mask4 ratio: 0.88
2026-01-22 17:42:41,342 - root - INFO - mask1 ratio: 0.00, mask2 ratio: 0.03, mask3 ratio: 0.10, mask4 ratio: 0.87
2026-01-22 17:42:41,627 - root - INFO - mask1 ratio: 0.01, mask2 ratio: 0.03, mask3 ratio: 0.10, mask4 ratio: 0.86
2026-01-22 17:42:41,912 - root - INFO - mask1 ratio: 0.01, mask2 ratio: 0.03, mask3 ratio: 0.10, mask4 ratio: 0.86
2026-01-22 17:42:42,196 - root - INFO - mask1 ratio: 0.01, mask2 ratio: 0.04, mask3 ratio: 0.10, mask4 ratio: 0.85
2026-01-22 17:42:42,504 - root - INFO - mask1 ratio: 0.01, mask2 ratio: 0.03, mask3 ratio: 0.10, mask4 ratio: 0.87
2026-01-22 17:42:42,787 - root - INFO - mask1 ratio: 0.01, mask2 ratio: 0.03, mask3 ratio: 0.10, mask4 ratio: 0.87
2026-01-22 17:42:43,067 - root - INFO - mask1 ratio: 0.01, mask2 ratio: 0.04, mask3 ratio: 0.10, mask4 ratio: 0.85
2026-01-22 17:42:43,348 - root - INFO - mask1 ratio: 0.00, mask2 ratio: 0.02, mask3 ratio: 0.10, mask4 ratio: 0.88
2026-01-22 17:42:43,380 - root - INFO - time 10.97
2026-01-22 17:42:43,389 - root - INFO - 12 fc2
2026-01-22 17:42:43,389 - root - INFO - Quantizing ...
2026-01-22 17:42:43,692 - root - INFO - mask1 ratio: 0.01, mask2 ratio: 0.02, mask3 ratio: 0.10, mask4 ratio: 0.87
2026-01-22 17:42:43,902 - root - INFO - mask1 ratio: 0.01, mask2 ratio: 0.04, mask3 ratio: 0.10, mask4 ratio: 0.85
2026-01-22 17:42:44,154 - root - INFO - mask1 ratio: 0.03, mask2 ratio: 0.31, mask3 ratio: 0.10, mask4 ratio: 0.56
2026-01-22 17:42:44,366 - root - INFO - mask1 ratio: 0.01, mask2 ratio: 0.03, mask3 ratio: 0.10, mask4 ratio: 0.86
2026-01-22 17:42:44,578 - root - INFO - mask1 ratio: 0.02, mask2 ratio: 0.06, mask3 ratio: 0.10, mask4 ratio: 0.82
2026-01-22 17:42:44,790 - root - INFO - mask1 ratio: 0.01, mask2 ratio: 0.03, mask3 ratio: 0.10, mask4 ratio: 0.87
2026-01-22 17:42:45,001 - root - INFO - mask1 ratio: 0.01, mask2 ratio: 0.05, mask3 ratio: 0.10, mask4 ratio: 0.84
2026-01-22 17:42:45,214 - root - INFO - mask1 ratio: 0.01, mask2 ratio: 0.04, mask3 ratio: 0.10, mask4 ratio: 0.85
2026-01-22 17:42:45,425 - root - INFO - mask1 ratio: 0.01, mask2 ratio: 0.03, mask3 ratio: 0.10, mask4 ratio: 0.86
2026-01-22 17:42:45,667 - root - INFO - mask1 ratio: 0.01, mask2 ratio: 0.04, mask3 ratio: 0.10, mask4 ratio: 0.85
2026-01-22 17:42:45,878 - root - INFO - mask1 ratio: 0.01, mask2 ratio: 0.04, mask3 ratio: 0.10, mask4 ratio: 0.85
2026-01-22 17:42:46,088 - root - INFO - mask1 ratio: 0.01, mask2 ratio: 0.05, mask3 ratio: 0.10, mask4 ratio: 0.84
2026-01-22 17:42:46,298 - root - INFO - mask1 ratio: 0.01, mask2 ratio: 0.02, mask3 ratio: 0.10, mask4 ratio: 0.87
2026-01-22 17:42:46,509 - root - INFO - mask1 ratio: 0.01, mask2 ratio: 0.02, mask3 ratio: 0.10, mask4 ratio: 0.87
2026-01-22 17:42:46,720 - root - INFO - mask1 ratio: 0.01, mask2 ratio: 0.04, mask3 ratio: 0.10, mask4 ratio: 0.85
2026-01-22 17:42:46,929 - root - INFO - mask1 ratio: 0.01, mask2 ratio: 0.04, mask3 ratio: 0.10, mask4 ratio: 0.85
2026-01-22 17:42:47,176 - root - INFO - mask1 ratio: 0.01, mask2 ratio: 0.04, mask3 ratio: 0.10, mask4 ratio: 0.85
2026-01-22 17:42:47,388 - root - INFO - mask1 ratio: 0.02, mask2 ratio: 0.13, mask3 ratio: 0.10, mask4 ratio: 0.74
2026-01-22 17:42:47,600 - root - INFO - mask1 ratio: 0.01, mask2 ratio: 0.02, mask3 ratio: 0.10, mask4 ratio: 0.87
2026-01-22 17:42:47,811 - root - INFO - mask1 ratio: 0.01, mask2 ratio: 0.02, mask3 ratio: 0.10, mask4 ratio: 0.87
2026-01-22 17:42:48,021 - root - INFO - mask1 ratio: 0.01, mask2 ratio: 0.03, mask3 ratio: 0.10, mask4 ratio: 0.86
2026-01-22 17:42:48,232 - root - INFO - mask1 ratio: 0.02, mask2 ratio: 0.07, mask3 ratio: 0.10, mask4 ratio: 0.81
2026-01-22 17:42:48,443 - root - INFO - mask1 ratio: 0.02, mask2 ratio: 0.15, mask3 ratio: 0.10, mask4 ratio: 0.73
2026-01-22 17:42:48,676 - root - INFO - mask1 ratio: 0.01, mask2 ratio: 0.04, mask3 ratio: 0.10, mask4 ratio: 0.85
2026-01-22 17:42:48,890 - root - INFO - mask1 ratio: 0.01, mask2 ratio: 0.03, mask3 ratio: 0.10, mask4 ratio: 0.86
2026-01-22 17:42:49,100 - root - INFO - mask1 ratio: 0.01, mask2 ratio: 0.02, mask3 ratio: 0.10, mask4 ratio: 0.88
2026-01-22 17:42:49,310 - root - INFO - mask1 ratio: 0.01, mask2 ratio: 0.05, mask3 ratio: 0.10, mask4 ratio: 0.84
2026-01-22 17:42:49,521 - root - INFO - mask1 ratio: 0.01, mask2 ratio: 0.04, mask3 ratio: 0.10, mask4 ratio: 0.85
2026-01-22 17:42:49,731 - root - INFO - mask1 ratio: 0.01, mask2 ratio: 0.04, mask3 ratio: 0.10, mask4 ratio: 0.85
2026-01-22 17:42:49,943 - root - INFO - mask1 ratio: 0.01, mask2 ratio: 0.04, mask3 ratio: 0.10, mask4 ratio: 0.85
2026-01-22 17:42:50,152 - root - INFO - mask1 ratio: 0.01, mask2 ratio: 0.02, mask3 ratio: 0.10, mask4 ratio: 0.87
2026-01-22 17:42:50,396 - root - INFO - mask1 ratio: 0.01, mask2 ratio: 0.06, mask3 ratio: 0.10, mask4 ratio: 0.83
2026-01-22 17:42:50,607 - root - INFO - mask1 ratio: 0.01, mask2 ratio: 0.03, mask3 ratio: 0.10, mask4 ratio: 0.86
2026-01-22 17:42:50,820 - root - INFO - mask1 ratio: 0.01, mask2 ratio: 0.03, mask3 ratio: 0.10, mask4 ratio: 0.86
2026-01-22 17:42:51,030 - root - INFO - mask1 ratio: 0.01, mask2 ratio: 0.04, mask3 ratio: 0.10, mask4 ratio: 0.85
2026-01-22 17:42:51,241 - root - INFO - mask1 ratio: 0.02, mask2 ratio: 0.10, mask3 ratio: 0.10, mask4 ratio: 0.78
2026-01-22 17:42:51,452 - root - INFO - mask1 ratio: 0.02, mask2 ratio: 0.08, mask3 ratio: 0.10, mask4 ratio: 0.81
2026-01-22 17:42:51,663 - root - INFO - mask1 ratio: 0.02, mask2 ratio: 0.06, mask3 ratio: 0.10, mask4 ratio: 0.82
2026-01-22 17:42:51,899 - root - INFO - mask1 ratio: 0.01, mask2 ratio: 0.06, mask3 ratio: 0.10, mask4 ratio: 0.83
2026-01-22 17:42:52,110 - root - INFO - mask1 ratio: 0.01, mask2 ratio: 0.03, mask3 ratio: 0.10, mask4 ratio: 0.86
2026-01-22 17:42:52,321 - root - INFO - mask1 ratio: 0.02, mask2 ratio: 0.15, mask3 ratio: 0.10, mask4 ratio: 0.73
2026-01-22 17:42:52,531 - root - INFO - mask1 ratio: 0.02, mask2 ratio: 0.08, mask3 ratio: 0.10, mask4 ratio: 0.80
2026-01-22 17:42:52,741 - root - INFO - mask1 ratio: 0.02, mask2 ratio: 0.07, mask3 ratio: 0.10, mask4 ratio: 0.81
2026-01-22 17:42:52,951 - root - INFO - mask1 ratio: 0.01, mask2 ratio: 0.04, mask3 ratio: 0.10, mask4 ratio: 0.85
2026-01-22 17:42:53,161 - root - INFO - mask1 ratio: 0.01, mask2 ratio: 0.03, mask3 ratio: 0.10, mask4 ratio: 0.86
2026-01-22 17:42:53,412 - root - INFO - mask1 ratio: 0.01, mask2 ratio: 0.05, mask3 ratio: 0.10, mask4 ratio: 0.84
2026-01-22 17:42:53,622 - root - INFO - mask1 ratio: 0.02, mask2 ratio: 0.11, mask3 ratio: 0.10, mask4 ratio: 0.78
2026-01-22 17:42:53,834 - root - INFO - mask1 ratio: 0.01, mask2 ratio: 0.03, mask3 ratio: 0.10, mask4 ratio: 0.86
2026-01-22 17:42:54,046 - root - INFO - mask1 ratio: 0.01, mask2 ratio: 0.03, mask3 ratio: 0.10, mask4 ratio: 0.86
2026-01-22 17:42:54,256 - root - INFO - mask1 ratio: 0.02, mask2 ratio: 0.07, mask3 ratio: 0.10, mask4 ratio: 0.81
2026-01-22 17:42:54,467 - root - INFO - mask1 ratio: 0.02, mask2 ratio: 0.07, mask3 ratio: 0.10, mask4 ratio: 0.81
2026-01-22 17:42:54,678 - root - INFO - mask1 ratio: 0.01, mask2 ratio: 0.04, mask3 ratio: 0.10, mask4 ratio: 0.85
2026-01-22 17:42:54,914 - root - INFO - mask1 ratio: 0.01, mask2 ratio: 0.07, mask3 ratio: 0.10, mask4 ratio: 0.82
2026-01-22 17:42:55,124 - root - INFO - mask1 ratio: 0.01, mask2 ratio: 0.05, mask3 ratio: 0.10, mask4 ratio: 0.84
2026-01-22 17:42:55,334 - root - INFO - mask1 ratio: 0.01, mask2 ratio: 0.05, mask3 ratio: 0.10, mask4 ratio: 0.84
2026-01-22 17:42:55,544 - root - INFO - mask1 ratio: 0.01, mask2 ratio: 0.04, mask3 ratio: 0.10, mask4 ratio: 0.85
2026-01-22 17:42:55,754 - root - INFO - mask1 ratio: 0.01, mask2 ratio: 0.04, mask3 ratio: 0.10, mask4 ratio: 0.85
2026-01-22 17:42:55,964 - root - INFO - mask1 ratio: 0.01, mask2 ratio: 0.02, mask3 ratio: 0.10, mask4 ratio: 0.88
2026-01-22 17:42:56,175 - root - INFO - mask1 ratio: 0.01, mask2 ratio: 0.06, mask3 ratio: 0.10, mask4 ratio: 0.83
2026-01-22 17:42:56,405 - root - INFO - mask1 ratio: 0.01, mask2 ratio: 0.03, mask3 ratio: 0.10, mask4 ratio: 0.86
2026-01-22 17:42:56,628 - root - INFO - mask1 ratio: 0.02, mask2 ratio: 0.05, mask3 ratio: 0.10, mask4 ratio: 0.83
2026-01-22 17:42:56,838 - root - INFO - mask1 ratio: 0.02, mask2 ratio: 0.09, mask3 ratio: 0.10, mask4 ratio: 0.79
2026-01-22 17:42:57,051 - root - INFO - mask1 ratio: 0.01, mask2 ratio: 0.06, mask3 ratio: 0.10, mask4 ratio: 0.82
2026-01-22 17:42:57,264 - root - INFO - mask1 ratio: 0.01, mask2 ratio: 0.03, mask3 ratio: 0.10, mask4 ratio: 0.86
2026-01-22 17:42:57,474 - root - INFO - mask1 ratio: 0.01, mask2 ratio: 0.02, mask3 ratio: 0.10, mask4 ratio: 0.87
2026-01-22 17:42:57,684 - root - INFO - mask1 ratio: 0.01, mask2 ratio: 0.06, mask3 ratio: 0.10, mask4 ratio: 0.83
2026-01-22 17:42:57,895 - root - INFO - mask1 ratio: 0.01, mask2 ratio: 0.03, mask3 ratio: 0.10, mask4 ratio: 0.86
2026-01-22 17:42:58,132 - root - INFO - mask1 ratio: 0.01, mask2 ratio: 0.06, mask3 ratio: 0.10, mask4 ratio: 0.82
2026-01-22 17:42:58,344 - root - INFO - mask1 ratio: 0.02, mask2 ratio: 0.16, mask3 ratio: 0.10, mask4 ratio: 0.71
2026-01-22 17:42:58,554 - root - INFO - mask1 ratio: 0.02, mask2 ratio: 0.07, mask3 ratio: 0.10, mask4 ratio: 0.81
2026-01-22 17:42:58,764 - root - INFO - mask1 ratio: 0.01, mask2 ratio: 0.02, mask3 ratio: 0.10, mask4 ratio: 0.88
2026-01-22 17:42:58,974 - root - INFO - mask1 ratio: 0.01, mask2 ratio: 0.02, mask3 ratio: 0.10, mask4 ratio: 0.87
2026-01-22 17:42:59,185 - root - INFO - mask1 ratio: 0.01, mask2 ratio: 0.04, mask3 ratio: 0.10, mask4 ratio: 0.85
2026-01-22 17:42:59,395 - root - INFO - mask1 ratio: 0.01, mask2 ratio: 0.04, mask3 ratio: 0.10, mask4 ratio: 0.85
2026-01-22 17:42:59,646 - root - INFO - mask1 ratio: 0.01, mask2 ratio: 0.04, mask3 ratio: 0.10, mask4 ratio: 0.85
2026-01-22 17:42:59,865 - root - INFO - mask1 ratio: 0.02, mask2 ratio: 0.09, mask3 ratio: 0.10, mask4 ratio: 0.79
2026-01-22 17:43:00,091 - root - INFO - mask1 ratio: 0.01, mask2 ratio: 0.02, mask3 ratio: 0.10, mask4 ratio: 0.87
2026-01-22 17:43:00,312 - root - INFO - mask1 ratio: 0.01, mask2 ratio: 0.03, mask3 ratio: 0.10, mask4 ratio: 0.86
2026-01-22 17:43:00,541 - root - INFO - mask1 ratio: 0.01, mask2 ratio: 0.02, mask3 ratio: 0.10, mask4 ratio: 0.87
2026-01-22 17:43:00,766 - root - INFO - mask1 ratio: 0.01, mask2 ratio: 0.04, mask3 ratio: 0.10, mask4 ratio: 0.85
2026-01-22 17:43:00,798 - root - INFO - time 17.41
2026-01-22 17:43:02,972 - root - INFO - 13 self_attn.k_proj
2026-01-22 17:43:02,973 - root - INFO - Quantizing ...
2026-01-22 17:43:03,567 - root - INFO - mask1 ratio: 0.00, mask2 ratio: 0.02, mask3 ratio: 0.10, mask4 ratio: 0.88
2026-01-22 17:43:03,780 - root - INFO - mask1 ratio: 0.01, mask2 ratio: 0.00, mask3 ratio: 0.10, mask4 ratio: 0.88
2026-01-22 17:43:03,999 - root - INFO - mask1 ratio: 0.01, mask2 ratio: 0.00, mask3 ratio: 0.10, mask4 ratio: 0.88
2026-01-22 17:43:04,229 - root - INFO - mask1 ratio: 0.01, mask2 ratio: 0.03, mask3 ratio: 0.10, mask4 ratio: 0.86
2026-01-22 17:43:04,451 - root - INFO - mask1 ratio: 0.02, mask2 ratio: 0.08, mask3 ratio: 0.10, mask4 ratio: 0.81
2026-01-22 17:43:04,691 - root - INFO - mask1 ratio: 0.02, mask2 ratio: 0.14, mask3 ratio: 0.10, mask4 ratio: 0.74
2026-01-22 17:43:04,930 - root - INFO - mask1 ratio: 0.01, mask2 ratio: 0.03, mask3 ratio: 0.10, mask4 ratio: 0.86
2026-01-22 17:43:05,158 - root - INFO - mask1 ratio: 0.01, mask2 ratio: 0.02, mask3 ratio: 0.10, mask4 ratio: 0.87
2026-01-22 17:43:05,374 - root - INFO - mask1 ratio: 0.01, mask2 ratio: 0.00, mask3 ratio: 0.10, mask4 ratio: 0.88
2026-01-22 17:43:05,592 - root - INFO - mask1 ratio: 0.02, mask2 ratio: 0.10, mask3 ratio: 0.10, mask4 ratio: 0.78
2026-01-22 17:43:05,809 - root - INFO - mask1 ratio: 0.01, mask2 ratio: 0.10, mask3 ratio: 0.10, mask4 ratio: 0.79
2026-01-22 17:43:06,027 - root - INFO - mask1 ratio: 0.01, mask2 ratio: 0.00, mask3 ratio: 0.10, mask4 ratio: 0.88
2026-01-22 17:43:06,288 - root - INFO - mask1 ratio: 0.01, mask2 ratio: 0.02, mask3 ratio: 0.10, mask4 ratio: 0.88
2026-01-22 17:43:06,503 - root - INFO - mask1 ratio: 0.00, mask2 ratio: 0.02, mask3 ratio: 0.10, mask4 ratio: 0.88
2026-01-22 17:43:06,718 - root - INFO - mask1 ratio: 0.01, mask2 ratio: 0.00, mask3 ratio: 0.10, mask4 ratio: 0.88
2026-01-22 17:43:06,939 - root - INFO - mask1 ratio: 0.01, mask2 ratio: 0.02, mask3 ratio: 0.10, mask4 ratio: 0.87
2026-01-22 17:43:07,158 - root - INFO - mask1 ratio: 0.00, mask2 ratio: 0.02, mask3 ratio: 0.10, mask4 ratio: 0.88
2026-01-22 17:43:07,371 - root - INFO - mask1 ratio: 0.01, mask2 ratio: 0.02, mask3 ratio: 0.10, mask4 ratio: 0.87
2026-01-22 17:43:07,581 - root - INFO - mask1 ratio: 0.01, mask2 ratio: 0.05, mask3 ratio: 0.10, mask4 ratio: 0.84
2026-01-22 17:43:07,832 - root - INFO - mask1 ratio: 0.01, mask2 ratio: 0.00, mask3 ratio: 0.10, mask4 ratio: 0.88
2026-01-22 17:43:07,858 - root - INFO - time 4.89
2026-01-22 17:43:07,870 - root - INFO - 13 self_attn.v_proj
2026-01-22 17:43:07,870 - root - INFO - Quantizing ...
2026-01-22 17:43:08,063 - root - INFO - mask1 ratio: 0.03, mask2 ratio: 0.27, mask3 ratio: 0.10, mask4 ratio: 0.60
2026-01-22 17:43:08,276 - root - INFO - mask1 ratio: 0.02, mask2 ratio: 0.12, mask3 ratio: 0.10, mask4 ratio: 0.76
2026-01-22 17:43:08,488 - root - INFO - mask1 ratio: 0.02, mask2 ratio: 0.12, mask3 ratio: 0.10, mask4 ratio: 0.77
2026-01-22 17:43:08,699 - root - INFO - mask1 ratio: 0.04, mask2 ratio: 0.34, mask3 ratio: 0.10, mask4 ratio: 0.52
2026-01-22 17:43:08,909 - root - INFO - mask1 ratio: 0.02, mask2 ratio: 0.11, mask3 ratio: 0.10, mask4 ratio: 0.78
2026-01-22 17:43:09,120 - root - INFO - mask1 ratio: 0.02, mask2 ratio: 0.19, mask3 ratio: 0.10, mask4 ratio: 0.69
2026-01-22 17:43:09,358 - root - INFO - mask1 ratio: 0.03, mask2 ratio: 0.27, mask3 ratio: 0.10, mask4 ratio: 0.60
2026-01-22 17:43:09,582 - root - INFO - mask1 ratio: 0.02, mask2 ratio: 0.14, mask3 ratio: 0.10, mask4 ratio: 0.74
2026-01-22 17:43:09,795 - root - INFO - mask1 ratio: 0.04, mask2 ratio: 0.34, mask3 ratio: 0.10, mask4 ratio: 0.53
2026-01-22 17:43:10,009 - root - INFO - mask1 ratio: 0.02, mask2 ratio: 0.19, mask3 ratio: 0.10, mask4 ratio: 0.69
2026-01-22 17:43:10,220 - root - INFO - mask1 ratio: 0.02, mask2 ratio: 0.17, mask3 ratio: 0.10, mask4 ratio: 0.70
2026-01-22 17:43:10,435 - root - INFO - mask1 ratio: 0.00, mask2 ratio: 0.02, mask3 ratio: 0.10, mask4 ratio: 0.88
2026-01-22 17:43:10,646 - root - INFO - mask1 ratio: 0.04, mask2 ratio: 0.34, mask3 ratio: 0.10, mask4 ratio: 0.52
2026-01-22 17:43:10,895 - root - INFO - mask1 ratio: 0.04, mask2 ratio: 0.32, mask3 ratio: 0.10, mask4 ratio: 0.55
2026-01-22 17:43:11,107 - root - INFO - mask1 ratio: 0.02, mask2 ratio: 0.09, mask3 ratio: 0.10, mask4 ratio: 0.80
2026-01-22 17:43:11,318 - root - INFO - mask1 ratio: 0.04, mask2 ratio: 0.34, mask3 ratio: 0.10, mask4 ratio: 0.52
2026-01-22 17:43:11,530 - root - INFO - mask1 ratio: 0.01, mask2 ratio: 0.02, mask3 ratio: 0.10, mask4 ratio: 0.88
2026-01-22 17:43:11,740 - root - INFO - mask1 ratio: 0.01, mask2 ratio: 0.04, mask3 ratio: 0.10, mask4 ratio: 0.85
2026-01-22 17:43:11,951 - root - INFO - mask1 ratio: 0.02, mask2 ratio: 0.13, mask3 ratio: 0.10, mask4 ratio: 0.75
2026-01-22 17:43:12,161 - root - INFO - mask1 ratio: 0.00, mask2 ratio: 0.02, mask3 ratio: 0.10, mask4 ratio: 0.88
2026-01-22 17:43:12,187 - root - INFO - time 4.32
2026-01-22 17:43:12,190 - root - INFO - 13 self_attn.q_proj
2026-01-22 17:43:12,190 - root - INFO - Quantizing ...
2026-01-22 17:43:12,409 - root - INFO - mask1 ratio: 0.01, mask2 ratio: 0.02, mask3 ratio: 0.10, mask4 ratio: 0.87
2026-01-22 17:43:12,620 - root - INFO - mask1 ratio: 0.01, mask2 ratio: 0.03, mask3 ratio: 0.10, mask4 ratio: 0.86
2026-01-22 17:43:12,832 - root - INFO - mask1 ratio: 0.01, mask2 ratio: 0.00, mask3 ratio: 0.10, mask4 ratio: 0.88
2026-01-22 17:43:13,042 - root - INFO - mask1 ratio: 0.01, mask2 ratio: 0.04, mask3 ratio: 0.10, mask4 ratio: 0.85
2026-01-22 17:43:13,252 - root - INFO - mask1 ratio: 0.02, mask2 ratio: 0.10, mask3 ratio: 0.10, mask4 ratio: 0.78
2026-01-22 17:43:13,461 - root - INFO - mask1 ratio: 0.01, mask2 ratio: 0.05, mask3 ratio: 0.10, mask4 ratio: 0.84
2026-01-22 17:43:13,672 - root - INFO - mask1 ratio: 0.02, mask2 ratio: 0.14, mask3 ratio: 0.10, mask4 ratio: 0.74
2026-01-22 17:43:13,906 - root - INFO - mask1 ratio: 0.01, mask2 ratio: 0.03, mask3 ratio: 0.10, mask4 ratio: 0.86
2026-01-22 17:43:14,123 - root - INFO - mask1 ratio: 0.01, mask2 ratio: 0.02, mask3 ratio: 0.10, mask4 ratio: 0.88
2026-01-22 17:43:14,333 - root - INFO - mask1 ratio: 0.02, mask2 ratio: 0.16, mask3 ratio: 0.10, mask4 ratio: 0.71
2026-01-22 17:43:14,544 - root - INFO - mask1 ratio: 0.01, mask2 ratio: 0.06, mask3 ratio: 0.10, mask4 ratio: 0.83
2026-01-22 17:43:14,764 - root - INFO - mask1 ratio: 0.01, mask2 ratio: 0.00, mask3 ratio: 0.10, mask4 ratio: 0.88
2026-01-22 17:43:14,978 - root - INFO - mask1 ratio: 0.00, mask2 ratio: 0.02, mask3 ratio: 0.10, mask4 ratio: 0.88
2026-01-22 17:43:15,190 - root - INFO - mask1 ratio: 0.00, mask2 ratio: 0.02, mask3 ratio: 0.10, mask4 ratio: 0.88
2026-01-22 17:43:15,411 - root - INFO - mask1 ratio: 0.01, mask2 ratio: 0.02, mask3 ratio: 0.10, mask4 ratio: 0.88
2026-01-22 17:43:15,630 - root - INFO - mask1 ratio: 0.01, mask2 ratio: 0.03, mask3 ratio: 0.10, mask4 ratio: 0.86
2026-01-22 17:43:15,841 - root - INFO - mask1 ratio: 0.01, mask2 ratio: 0.03, mask3 ratio: 0.10, mask4 ratio: 0.87
2026-01-22 17:43:16,050 - root - INFO - mask1 ratio: 0.01, mask2 ratio: 0.02, mask3 ratio: 0.10, mask4 ratio: 0.87
2026-01-22 17:43:16,259 - root - INFO - mask1 ratio: 0.01, mask2 ratio: 0.04, mask3 ratio: 0.10, mask4 ratio: 0.85
2026-01-22 17:43:16,469 - root - INFO - mask1 ratio: 0.01, mask2 ratio: 0.00, mask3 ratio: 0.10, mask4 ratio: 0.88
2026-01-22 17:43:16,497 - root - INFO - time 4.31
2026-01-22 17:43:16,500 - root - INFO - 13 self_attn.out_proj
2026-01-22 17:43:16,500 - root - INFO - Quantizing ...
2026-01-22 17:43:16,692 - root - INFO - mask1 ratio: 0.04, mask2 ratio: 0.34, mask3 ratio: 0.10, mask4 ratio: 0.52
2026-01-22 17:43:16,909 - root - INFO - mask1 ratio: 0.01, mask2 ratio: 0.02, mask3 ratio: 0.10, mask4 ratio: 0.88
2026-01-22 17:43:17,150 - root - INFO - mask1 ratio: 0.02, mask2 ratio: 0.08, mask3 ratio: 0.10, mask4 ratio: 0.81
2026-01-22 17:43:17,363 - root - INFO - mask1 ratio: 0.02, mask2 ratio: 0.13, mask3 ratio: 0.10, mask4 ratio: 0.75
2026-01-22 17:43:17,576 - root - INFO - mask1 ratio: 0.01, mask2 ratio: 0.03, mask3 ratio: 0.10, mask4 ratio: 0.86
2026-01-22 17:43:17,789 - root - INFO - mask1 ratio: 0.04, mask2 ratio: 0.34, mask3 ratio: 0.10, mask4 ratio: 0.52
2026-01-22 17:43:18,001 - root - INFO - mask1 ratio: 0.04, mask2 ratio: 0.34, mask3 ratio: 0.10, mask4 ratio: 0.53
2026-01-22 17:43:18,212 - root - INFO - mask1 ratio: 0.01, mask2 ratio: 0.02, mask3 ratio: 0.10, mask4 ratio: 0.87
2026-01-22 17:43:18,430 - root - INFO - mask1 ratio: 0.03, mask2 ratio: 0.29, mask3 ratio: 0.10, mask4 ratio: 0.58
2026-01-22 17:43:18,656 - root - INFO - mask1 ratio: 0.01, mask2 ratio: 0.04, mask3 ratio: 0.10, mask4 ratio: 0.85
2026-01-22 17:43:18,871 - root - INFO - mask1 ratio: 0.01, mask2 ratio: 0.02, mask3 ratio: 0.10, mask4 ratio: 0.87
2026-01-22 17:43:19,083 - root - INFO - mask1 ratio: 0.02, mask2 ratio: 0.10, mask3 ratio: 0.10, mask4 ratio: 0.78
2026-01-22 17:43:19,294 - root - INFO - mask1 ratio: 0.01, mask2 ratio: 0.04, mask3 ratio: 0.10, mask4 ratio: 0.85
2026-01-22 17:43:19,503 - root - INFO - mask1 ratio: 0.01, mask2 ratio: 0.03, mask3 ratio: 0.10, mask4 ratio: 0.86
2026-01-22 17:43:19,719 - root - INFO - mask1 ratio: 0.01, mask2 ratio: 0.07, mask3 ratio: 0.10, mask4 ratio: 0.82
2026-01-22 17:43:19,948 - root - INFO - mask1 ratio: 0.04, mask2 ratio: 0.34, mask3 ratio: 0.10, mask4 ratio: 0.52
2026-01-22 17:43:20,176 - root - INFO - mask1 ratio: 0.01, mask2 ratio: 0.02, mask3 ratio: 0.10, mask4 ratio: 0.87
2026-01-22 17:43:20,386 - root - INFO - mask1 ratio: 0.00, mask2 ratio: 0.02, mask3 ratio: 0.10, mask4 ratio: 0.88
2026-01-22 17:43:20,596 - root - INFO - mask1 ratio: 0.01, mask2 ratio: 0.02, mask3 ratio: 0.10, mask4 ratio: 0.87
2026-01-22 17:43:20,811 - root - INFO - mask1 ratio: 0.01, mask2 ratio: 0.03, mask3 ratio: 0.10, mask4 ratio: 0.86
2026-01-22 17:43:20,837 - root - INFO - time 4.34
2026-01-22 17:43:20,840 - root - INFO - 13 fc1
2026-01-22 17:43:20,840 - root - INFO - Quantizing ...
2026-01-22 17:43:21,103 - root - INFO - mask1 ratio: 0.01, mask2 ratio: 0.07, mask3 ratio: 0.10, mask4 ratio: 0.82
2026-01-22 17:43:21,415 - root - INFO - mask1 ratio: 0.02, mask2 ratio: 0.15, mask3 ratio: 0.10, mask4 ratio: 0.73
2026-01-22 17:43:21,701 - root - INFO - mask1 ratio: 0.00, mask2 ratio: 0.02, mask3 ratio: 0.10, mask4 ratio: 0.88
2026-01-22 17:43:21,991 - root - INFO - mask1 ratio: 0.01, mask2 ratio: 0.04, mask3 ratio: 0.10, mask4 ratio: 0.85
2026-01-22 17:43:22,277 - root - INFO - mask1 ratio: 0.02, mask2 ratio: 0.12, mask3 ratio: 0.10, mask4 ratio: 0.77
2026-01-22 17:43:22,565 - root - INFO - mask1 ratio: 0.03, mask2 ratio: 0.25, mask3 ratio: 0.10, mask4 ratio: 0.63
2026-01-22 17:43:22,892 - root - INFO - mask1 ratio: 0.02, mask2 ratio: 0.11, mask3 ratio: 0.10, mask4 ratio: 0.78
2026-01-22 17:43:23,176 - root - INFO - mask1 ratio: 0.02, mask2 ratio: 0.14, mask3 ratio: 0.10, mask4 ratio: 0.74
2026-01-22 17:43:23,460 - root - INFO - mask1 ratio: 0.01, mask2 ratio: 0.05, mask3 ratio: 0.10, mask4 ratio: 0.85
2026-01-22 17:43:23,747 - root - INFO - mask1 ratio: 0.02, mask2 ratio: 0.16, mask3 ratio: 0.10, mask4 ratio: 0.72
2026-01-22 17:43:24,061 - root - INFO - mask1 ratio: 0.02, mask2 ratio: 0.11, mask3 ratio: 0.10, mask4 ratio: 0.78
2026-01-22 17:43:24,342 - root - INFO - mask1 ratio: 0.01, mask2 ratio: 0.02, mask3 ratio: 0.10, mask4 ratio: 0.88
2026-01-22 17:43:24,626 - root - INFO - mask1 ratio: 0.01, mask2 ratio: 0.03, mask3 ratio: 0.10, mask4 ratio: 0.87
2026-01-22 17:43:24,910 - root - INFO - mask1 ratio: 0.01, mask2 ratio: 0.04, mask3 ratio: 0.10, mask4 ratio: 0.85
2026-01-22 17:43:25,196 - root - INFO - mask1 ratio: 0.02, mask2 ratio: 0.20, mask3 ratio: 0.10, mask4 ratio: 0.67
2026-01-22 17:43:25,527 - root - INFO - mask1 ratio: 0.01, mask2 ratio: 0.04, mask3 ratio: 0.10, mask4 ratio: 0.85
2026-01-22 17:43:25,812 - root - INFO - mask1 ratio: 0.01, mask2 ratio: 0.03, mask3 ratio: 0.10, mask4 ratio: 0.87
2026-01-22 17:43:26,096 - root - INFO - mask1 ratio: 0.01, mask2 ratio: 0.02, mask3 ratio: 0.10, mask4 ratio: 0.87
2026-01-22 17:43:26,379 - root - INFO - mask1 ratio: 0.01, mask2 ratio: 0.05, mask3 ratio: 0.10, mask4 ratio: 0.84
2026-01-22 17:43:26,677 - root - INFO - mask1 ratio: 0.01, mask2 ratio: 0.02, mask3 ratio: 0.10, mask4 ratio: 0.88
2026-01-22 17:43:26,723 - root - INFO - time 5.88
2026-01-22 17:43:26,732 - root - INFO - 13 fc2
2026-01-22 17:43:26,732 - root - INFO - Quantizing ...
2026-01-22 17:43:27,030 - root - INFO - mask1 ratio: 0.01, mask2 ratio: 0.04, mask3 ratio: 0.10, mask4 ratio: 0.85
2026-01-22 17:43:27,241 - root - INFO - mask1 ratio: 0.01, mask2 ratio: 0.06, mask3 ratio: 0.10, mask4 ratio: 0.83
2026-01-22 17:43:27,453 - root - INFO - mask1 ratio: 0.02, mask2 ratio: 0.06, mask3 ratio: 0.10, mask4 ratio: 0.82
2026-01-22 17:43:27,663 - root - INFO - mask1 ratio: 0.01, mask2 ratio: 0.02, mask3 ratio: 0.10, mask4 ratio: 0.87
2026-01-22 17:43:27,875 - root - INFO - mask1 ratio: 0.01, mask2 ratio: 0.02, mask3 ratio: 0.10, mask4 ratio: 0.87
2026-01-22 17:43:28,102 - root - INFO - mask1 ratio: 0.01, mask2 ratio: 0.06, mask3 ratio: 0.10, mask4 ratio: 0.82
2026-01-22 17:43:28,352 - root - INFO - mask1 ratio: 0.02, mask2 ratio: 0.08, mask3 ratio: 0.10, mask4 ratio: 0.80
2026-01-22 17:43:28,564 - root - INFO - mask1 ratio: 0.01, mask2 ratio: 0.06, mask3 ratio: 0.10, mask4 ratio: 0.83
2026-01-22 17:43:28,797 - root - INFO - mask1 ratio: 0.01, mask2 ratio: 0.06, mask3 ratio: 0.10, mask4 ratio: 0.83
2026-01-22 17:43:29,011 - root - INFO - mask1 ratio: 0.02, mask2 ratio: 0.08, mask3 ratio: 0.10, mask4 ratio: 0.80
2026-01-22 17:43:29,223 - root - INFO - mask1 ratio: 0.01, mask2 ratio: 0.04, mask3 ratio: 0.10, mask4 ratio: 0.85
2026-01-22 17:43:29,434 - root - INFO - mask1 ratio: 0.01, mask2 ratio: 0.05, mask3 ratio: 0.10, mask4 ratio: 0.84
2026-01-22 17:43:29,646 - root - INFO - mask1 ratio: 0.01, mask2 ratio: 0.02, mask3 ratio: 0.10, mask4 ratio: 0.87
2026-01-22 17:43:29,886 - root - INFO - mask1 ratio: 0.01, mask2 ratio: 0.04, mask3 ratio: 0.10, mask4 ratio: 0.85
2026-01-22 17:43:30,098 - root - INFO - mask1 ratio: 0.02, mask2 ratio: 0.08, mask3 ratio: 0.10, mask4 ratio: 0.80
2026-01-22 17:43:30,309 - root - INFO - mask1 ratio: 0.01, mask2 ratio: 0.04, mask3 ratio: 0.10, mask4 ratio: 0.85
2026-01-22 17:43:30,521 - root - INFO - mask1 ratio: 0.01, mask2 ratio: 0.05, mask3 ratio: 0.10, mask4 ratio: 0.84
2026-01-22 17:43:30,732 - root - INFO - mask1 ratio: 0.02, mask2 ratio: 0.08, mask3 ratio: 0.10, mask4 ratio: 0.81
2026-01-22 17:43:30,944 - root - INFO - mask1 ratio: 0.01, mask2 ratio: 0.02, mask3 ratio: 0.10, mask4 ratio: 0.88
2026-01-22 17:43:31,156 - root - INFO - mask1 ratio: 0.01, mask2 ratio: 0.02, mask3 ratio: 0.10, mask4 ratio: 0.87
2026-01-22 17:43:31,387 - root - INFO - mask1 ratio: 0.02, mask2 ratio: 0.05, mask3 ratio: 0.10, mask4 ratio: 0.83
2026-01-22 17:43:31,609 - root - INFO - mask1 ratio: 0.02, mask2 ratio: 0.08, mask3 ratio: 0.10, mask4 ratio: 0.80
2026-01-22 17:43:31,821 - root - INFO - mask1 ratio: 0.01, mask2 ratio: 0.04, mask3 ratio: 0.10, mask4 ratio: 0.85
2026-01-22 17:43:32,033 - root - INFO - mask1 ratio: 0.01, mask2 ratio: 0.04, mask3 ratio: 0.10, mask4 ratio: 0.85
2026-01-22 17:43:32,247 - root - INFO - mask1 ratio: 0.01, mask2 ratio: 0.04, mask3 ratio: 0.10, mask4 ratio: 0.85
2026-01-22 17:43:32,459 - root - INFO - mask1 ratio: 0.02, mask2 ratio: 0.10, mask3 ratio: 0.10, mask4 ratio: 0.78
2026-01-22 17:43:32,670 - root - INFO - mask1 ratio: 0.01, mask2 ratio: 0.04, mask3 ratio: 0.10, mask4 ratio: 0.85
2026-01-22 17:43:32,882 - root - INFO - mask1 ratio: 0.01, mask2 ratio: 0.04, mask3 ratio: 0.10, mask4 ratio: 0.85
2026-01-22 17:43:33,116 - root - INFO - mask1 ratio: 0.01, mask2 ratio: 0.05, mask3 ratio: 0.10, mask4 ratio: 0.84
2026-01-22 17:43:33,327 - root - INFO - mask1 ratio: 0.01, mask2 ratio: 0.02, mask3 ratio: 0.10, mask4 ratio: 0.88
2026-01-22 17:43:33,538 - root - INFO - mask1 ratio: 0.02, mask2 ratio: 0.11, mask3 ratio: 0.10, mask4 ratio: 0.78
2026-01-22 17:43:33,748 - root - INFO - mask1 ratio: 0.01, mask2 ratio: 0.02, mask3 ratio: 0.10, mask4 ratio: 0.87
2026-01-22 17:43:33,959 - root - INFO - mask1 ratio: 0.01, mask2 ratio: 0.06, mask3 ratio: 0.10, mask4 ratio: 0.83
2026-01-22 17:43:34,170 - root - INFO - mask1 ratio: 0.01, mask2 ratio: 0.04, mask3 ratio: 0.10, mask4 ratio: 0.85
2026-01-22 17:43:34,380 - root - INFO - mask1 ratio: 0.01, mask2 ratio: 0.02, mask3 ratio: 0.10, mask4 ratio: 0.88
2026-01-22 17:43:34,633 - root - INFO - mask1 ratio: 0.01, mask2 ratio: 0.04, mask3 ratio: 0.10, mask4 ratio: 0.85
2026-01-22 17:43:34,845 - root - INFO - mask1 ratio: 0.01, mask2 ratio: 0.02, mask3 ratio: 0.10, mask4 ratio: 0.87
2026-01-22 17:43:35,057 - root - INFO - mask1 ratio: 0.01, mask2 ratio: 0.02, mask3 ratio: 0.10, mask4 ratio: 0.87
2026-01-22 17:43:35,270 - root - INFO - mask1 ratio: 0.02, mask2 ratio: 0.10, mask3 ratio: 0.10, mask4 ratio: 0.78
2026-01-22 17:43:35,480 - root - INFO - mask1 ratio: 0.01, mask2 ratio: 0.04, mask3 ratio: 0.10, mask4 ratio: 0.85
2026-01-22 17:43:35,692 - root - INFO - mask1 ratio: 0.02, mask2 ratio: 0.09, mask3 ratio: 0.10, mask4 ratio: 0.80
2026-01-22 17:43:35,902 - root - INFO - mask1 ratio: 0.01, mask2 ratio: 0.04, mask3 ratio: 0.10, mask4 ratio: 0.85
2026-01-22 17:43:36,143 - root - INFO - mask1 ratio: 0.02, mask2 ratio: 0.08, mask3 ratio: 0.10, mask4 ratio: 0.81
2026-01-22 17:43:36,355 - root - INFO - mask1 ratio: 0.03, mask2 ratio: 0.19, mask3 ratio: 0.10, mask4 ratio: 0.68
2026-01-22 17:43:36,565 - root - INFO - mask1 ratio: 0.01, mask2 ratio: 0.06, mask3 ratio: 0.10, mask4 ratio: 0.83
2026-01-22 17:43:36,779 - root - INFO - mask1 ratio: 0.01, mask2 ratio: 0.06, mask3 ratio: 0.10, mask4 ratio: 0.82
2026-01-22 17:43:36,989 - root - INFO - mask1 ratio: 0.01, mask2 ratio: 0.03, mask3 ratio: 0.10, mask4 ratio: 0.86
2026-01-22 17:43:37,201 - root - INFO - mask1 ratio: 0.01, mask2 ratio: 0.02, mask3 ratio: 0.10, mask4 ratio: 0.87
2026-01-22 17:43:37,413 - root - INFO - mask1 ratio: 0.01, mask2 ratio: 0.05, mask3 ratio: 0.10, mask4 ratio: 0.84
2026-01-22 17:43:37,667 - root - INFO - mask1 ratio: 0.01, mask2 ratio: 0.03, mask3 ratio: 0.10, mask4 ratio: 0.86
2026-01-22 17:43:37,877 - root - INFO - mask1 ratio: 0.01, mask2 ratio: 0.03, mask3 ratio: 0.10, mask4 ratio: 0.86
2026-01-22 17:43:38,088 - root - INFO - mask1 ratio: 0.01, mask2 ratio: 0.04, mask3 ratio: 0.10, mask4 ratio: 0.85
2026-01-22 17:43:38,300 - root - INFO - mask1 ratio: 0.01, mask2 ratio: 0.02, mask3 ratio: 0.10, mask4 ratio: 0.87
2026-01-22 17:43:38,513 - root - INFO - mask1 ratio: 0.02, mask2 ratio: 0.08, mask3 ratio: 0.10, mask4 ratio: 0.81
2026-01-22 17:43:38,729 - root - INFO - mask1 ratio: 0.01, mask2 ratio: 0.05, mask3 ratio: 0.10, mask4 ratio: 0.84
2026-01-22 17:43:38,953 - root - INFO - mask1 ratio: 0.02, mask2 ratio: 0.17, mask3 ratio: 0.10, mask4 ratio: 0.70
2026-01-22 17:43:39,205 - root - INFO - mask1 ratio: 0.01, mask2 ratio: 0.02, mask3 ratio: 0.10, mask4 ratio: 0.87
2026-01-22 17:43:39,426 - root - INFO - mask1 ratio: 0.01, mask2 ratio: 0.04, mask3 ratio: 0.10, mask4 ratio: 0.85
2026-01-22 17:43:39,649 - root - INFO - mask1 ratio: 0.02, mask2 ratio: 0.12, mask3 ratio: 0.10, mask4 ratio: 0.76
2026-01-22 17:43:39,871 - root - INFO - mask1 ratio: 0.01, mask2 ratio: 0.04, mask3 ratio: 0.10, mask4 ratio: 0.85
2026-01-22 17:43:40,094 - root - INFO - mask1 ratio: 0.01, mask2 ratio: 0.03, mask3 ratio: 0.10, mask4 ratio: 0.86
2026-01-22 17:43:40,316 - root - INFO - mask1 ratio: 0.01, mask2 ratio: 0.04, mask3 ratio: 0.10, mask4 ratio: 0.85
2026-01-22 17:43:40,527 - root - INFO - mask1 ratio: 0.01, mask2 ratio: 0.04, mask3 ratio: 0.10, mask4 ratio: 0.85
2026-01-22 17:43:40,777 - root - INFO - mask1 ratio: 0.01, mask2 ratio: 0.03, mask3 ratio: 0.10, mask4 ratio: 0.86
2026-01-22 17:43:40,987 - root - INFO - mask1 ratio: 0.01, mask2 ratio: 0.02, mask3 ratio: 0.10, mask4 ratio: 0.87
2026-01-22 17:43:41,198 - root - INFO - mask1 ratio: 0.02, mask2 ratio: 0.10, mask3 ratio: 0.10, mask4 ratio: 0.78
2026-01-22 17:43:41,411 - root - INFO - mask1 ratio: 0.01, mask2 ratio: 0.03, mask3 ratio: 0.10, mask4 ratio: 0.86
2026-01-22 17:43:41,623 - root - INFO - mask1 ratio: 0.01, mask2 ratio: 0.03, mask3 ratio: 0.10, mask4 ratio: 0.86
2026-01-22 17:43:41,834 - root - INFO - mask1 ratio: 0.02, mask2 ratio: 0.09, mask3 ratio: 0.10, mask4 ratio: 0.80
2026-01-22 17:43:42,046 - root - INFO - mask1 ratio: 0.02, mask2 ratio: 0.12, mask3 ratio: 0.10, mask4 ratio: 0.76
2026-01-22 17:43:42,283 - root - INFO - mask1 ratio: 0.01, mask2 ratio: 0.04, mask3 ratio: 0.10, mask4 ratio: 0.85
2026-01-22 17:43:42,497 - root - INFO - mask1 ratio: 0.02, mask2 ratio: 0.07, mask3 ratio: 0.10, mask4 ratio: 0.81
2026-01-22 17:43:42,707 - root - INFO - mask1 ratio: 0.01, mask2 ratio: 0.05, mask3 ratio: 0.10, mask4 ratio: 0.84
2026-01-22 17:43:42,934 - root - INFO - mask1 ratio: 0.01, mask2 ratio: 0.04, mask3 ratio: 0.10, mask4 ratio: 0.85
2026-01-22 17:43:43,145 - root - INFO - mask1 ratio: 0.01, mask2 ratio: 0.06, mask3 ratio: 0.10, mask4 ratio: 0.82
2026-01-22 17:43:43,356 - root - INFO - mask1 ratio: 0.01, mask2 ratio: 0.02, mask3 ratio: 0.10, mask4 ratio: 0.87
2026-01-22 17:43:43,569 - root - INFO - mask1 ratio: 0.01, mask2 ratio: 0.03, mask3 ratio: 0.10, mask4 ratio: 0.86
2026-01-22 17:43:43,818 - root - INFO - mask1 ratio: 0.02, mask2 ratio: 0.09, mask3 ratio: 0.10, mask4 ratio: 0.79
2026-01-22 17:43:44,029 - root - INFO - mask1 ratio: 0.01, mask2 ratio: 0.02, mask3 ratio: 0.10, mask4 ratio: 0.88
2026-01-22 17:43:44,240 - root - INFO - mask1 ratio: 0.01, mask2 ratio: 0.02, mask3 ratio: 0.10, mask4 ratio: 0.87
2026-01-22 17:43:44,266 - root - INFO - time 17.53
2026-01-22 17:43:46,458 - root - INFO - 14 self_attn.k_proj
2026-01-22 17:43:46,459 - root - INFO - Quantizing ...
2026-01-22 17:43:47,061 - root - INFO - mask1 ratio: 0.01, mask2 ratio: 0.03, mask3 ratio: 0.10, mask4 ratio: 0.87
2026-01-22 17:43:47,291 - root - INFO - mask1 ratio: 0.01, mask2 ratio: 0.00, mask3 ratio: 0.10, mask4 ratio: 0.88
2026-01-22 17:43:47,503 - root - INFO - mask1 ratio: 0.01, mask2 ratio: 0.00, mask3 ratio: 0.10, mask4 ratio: 0.88
2026-01-22 17:43:47,714 - root - INFO - mask1 ratio: 0.01, mask2 ratio: 0.04, mask3 ratio: 0.10, mask4 ratio: 0.85
2026-01-22 17:43:47,923 - root - INFO - mask1 ratio: 0.01, mask2 ratio: 0.05, mask3 ratio: 0.10, mask4 ratio: 0.84
2026-01-22 17:43:48,133 - root - INFO - mask1 ratio: 0.02, mask2 ratio: 0.13, mask3 ratio: 0.10, mask4 ratio: 0.75
2026-01-22 17:43:48,343 - root - INFO - mask1 ratio: 0.01, mask2 ratio: 0.04, mask3 ratio: 0.10, mask4 ratio: 0.85
2026-01-22 17:43:48,554 - root - INFO - mask1 ratio: 0.01, mask2 ratio: 0.04, mask3 ratio: 0.10, mask4 ratio: 0.85
2026-01-22 17:43:48,771 - root - INFO - mask1 ratio: 0.01, mask2 ratio: 0.00, mask3 ratio: 0.10, mask4 ratio: 0.88
2026-01-22 17:43:49,006 - root - INFO - mask1 ratio: 0.02, mask2 ratio: 0.11, mask3 ratio: 0.10, mask4 ratio: 0.77
2026-01-22 17:43:49,218 - root - INFO - mask1 ratio: 0.01, mask2 ratio: 0.06, mask3 ratio: 0.10, mask4 ratio: 0.83
2026-01-22 17:43:49,427 - root - INFO - mask1 ratio: 0.01, mask2 ratio: 0.00, mask3 ratio: 0.10, mask4 ratio: 0.88
2026-01-22 17:43:49,651 - root - INFO - mask1 ratio: 0.00, mask2 ratio: 0.02, mask3 ratio: 0.10, mask4 ratio: 0.88
2026-01-22 17:43:49,872 - root - INFO - mask1 ratio: 0.01, mask2 ratio: 0.02, mask3 ratio: 0.10, mask4 ratio: 0.88
2026-01-22 17:43:50,096 - root - INFO - mask1 ratio: 0.01, mask2 ratio: 0.00, mask3 ratio: 0.10, mask4 ratio: 0.88
2026-01-22 17:43:50,344 - root - INFO - mask1 ratio: 0.01, mask2 ratio: 0.02, mask3 ratio: 0.10, mask4 ratio: 0.87
2026-01-22 17:43:50,560 - root - INFO - mask1 ratio: 0.01, mask2 ratio: 0.02, mask3 ratio: 0.10, mask4 ratio: 0.88
2026-01-22 17:43:50,773 - root - INFO - mask1 ratio: 0.01, mask2 ratio: 0.03, mask3 ratio: 0.10, mask4 ratio: 0.87
2026-01-22 17:43:50,982 - root - INFO - mask1 ratio: 0.01, mask2 ratio: 0.04, mask3 ratio: 0.10, mask4 ratio: 0.85
2026-01-22 17:43:51,191 - root - INFO - mask1 ratio: 0.01, mask2 ratio: 0.00, mask3 ratio: 0.10, mask4 ratio: 0.88
2026-01-22 17:43:51,218 - root - INFO - time 4.76
2026-01-22 17:43:51,228 - root - INFO - 14 self_attn.v_proj
2026-01-22 17:43:51,228 - root - INFO - Quantizing ...
2026-01-22 17:43:51,420 - root - INFO - mask1 ratio: 0.02, mask2 ratio: 0.14, mask3 ratio: 0.10, mask4 ratio: 0.74
2026-01-22 17:43:51,631 - root - INFO - mask1 ratio: 0.03, mask2 ratio: 0.25, mask3 ratio: 0.10, mask4 ratio: 0.62
2026-01-22 17:43:51,881 - root - INFO - mask1 ratio: 0.03, mask2 ratio: 0.23, mask3 ratio: 0.10, mask4 ratio: 0.64
2026-01-22 17:43:52,093 - root - INFO - mask1 ratio: 0.02, mask2 ratio: 0.13, mask3 ratio: 0.10, mask4 ratio: 0.74
2026-01-22 17:43:52,304 - root - INFO - mask1 ratio: 0.02, mask2 ratio: 0.09, mask3 ratio: 0.10, mask4 ratio: 0.79
2026-01-22 17:43:52,537 - root - INFO - mask1 ratio: 0.02, mask2 ratio: 0.14, mask3 ratio: 0.10, mask4 ratio: 0.74
2026-01-22 17:43:52,751 - root - INFO - mask1 ratio: 0.03, mask2 ratio: 0.19, mask3 ratio: 0.10, mask4 ratio: 0.69
2026-01-22 17:43:52,966 - root - INFO - mask1 ratio: 0.03, mask2 ratio: 0.27, mask3 ratio: 0.10, mask4 ratio: 0.60
2026-01-22 17:43:53,176 - root - INFO - mask1 ratio: 0.03, mask2 ratio: 0.25, mask3 ratio: 0.10, mask4 ratio: 0.62
2026-01-22 17:43:53,411 - root - INFO - mask1 ratio: 0.02, mask2 ratio: 0.07, mask3 ratio: 0.10, mask4 ratio: 0.81
2026-01-22 17:43:53,621 - root - INFO - mask1 ratio: 0.02, mask2 ratio: 0.10, mask3 ratio: 0.10, mask4 ratio: 0.78
2026-01-22 17:43:53,831 - root - INFO - mask1 ratio: 0.01, mask2 ratio: 0.00, mask3 ratio: 0.10, mask4 ratio: 0.88
2026-01-22 17:43:54,042 - root - INFO - mask1 ratio: 0.04, mask2 ratio: 0.34, mask3 ratio: 0.10, mask4 ratio: 0.52
2026-01-22 17:43:54,251 - root - INFO - mask1 ratio: 0.01, mask2 ratio: 0.02, mask3 ratio: 0.10, mask4 ratio: 0.87
2026-01-22 17:43:54,462 - root - INFO - mask1 ratio: 0.03, mask2 ratio: 0.18, mask3 ratio: 0.10, mask4 ratio: 0.70
2026-01-22 17:43:54,672 - root - INFO - mask1 ratio: 0.02, mask2 ratio: 0.17, mask3 ratio: 0.10, mask4 ratio: 0.70
2026-01-22 17:43:54,923 - root - INFO - mask1 ratio: 0.01, mask2 ratio: 0.02, mask3 ratio: 0.10, mask4 ratio: 0.88
2026-01-22 17:43:55,134 - root - INFO - mask1 ratio: 0.01, mask2 ratio: 0.04, mask3 ratio: 0.10, mask4 ratio: 0.85
2026-01-22 17:43:55,344 - root - INFO - mask1 ratio: 0.02, mask2 ratio: 0.13, mask3 ratio: 0.10, mask4 ratio: 0.74
2026-01-22 17:43:55,554 - root - INFO - mask1 ratio: 0.01, mask2 ratio: 0.02, mask3 ratio: 0.10, mask4 ratio: 0.88
2026-01-22 17:43:55,581 - root - INFO - time 4.35
2026-01-22 17:43:55,584 - root - INFO - 14 self_attn.q_proj
2026-01-22 17:43:55,584 - root - INFO - Quantizing ...
2026-01-22 17:43:55,775 - root - INFO - mask1 ratio: 0.01, mask2 ratio: 0.03, mask3 ratio: 0.10, mask4 ratio: 0.86
2026-01-22 17:43:55,987 - root - INFO - mask1 ratio: 0.01, mask2 ratio: 0.04, mask3 ratio: 0.10, mask4 ratio: 0.85
2026-01-22 17:43:56,197 - root - INFO - mask1 ratio: 0.01, mask2 ratio: 0.00, mask3 ratio: 0.10, mask4 ratio: 0.88
2026-01-22 17:43:56,421 - root - INFO - mask1 ratio: 0.01, mask2 ratio: 0.04, mask3 ratio: 0.10, mask4 ratio: 0.85
2026-01-22 17:43:56,638 - root - INFO - mask1 ratio: 0.02, mask2 ratio: 0.16, mask3 ratio: 0.10, mask4 ratio: 0.72
2026-01-22 17:43:56,848 - root - INFO - mask1 ratio: 0.01, mask2 ratio: 0.06, mask3 ratio: 0.10, mask4 ratio: 0.82
2026-01-22 17:43:57,061 - root - INFO - mask1 ratio: 0.02, mask2 ratio: 0.10, mask3 ratio: 0.10, mask4 ratio: 0.78
2026-01-22 17:43:57,272 - root - INFO - mask1 ratio: 0.01, mask2 ratio: 0.04, mask3 ratio: 0.10, mask4 ratio: 0.85
2026-01-22 17:43:57,482 - root - INFO - mask1 ratio: 0.01, mask2 ratio: 0.02, mask3 ratio: 0.10, mask4 ratio: 0.88
2026-01-22 17:43:57,704 - root - INFO - mask1 ratio: 0.02, mask2 ratio: 0.08, mask3 ratio: 0.10, mask4 ratio: 0.81
2026-01-22 17:43:57,961 - root - INFO - mask1 ratio: 0.02, mask2 ratio: 0.11, mask3 ratio: 0.10, mask4 ratio: 0.78
2026-01-22 17:43:58,180 - root - INFO - mask1 ratio: 0.01, mask2 ratio: 0.00, mask3 ratio: 0.10, mask4 ratio: 0.88
2026-01-22 17:43:58,406 - root - INFO - mask1 ratio: 0.01, mask2 ratio: 0.02, mask3 ratio: 0.10, mask4 ratio: 0.88
2026-01-22 17:43:58,629 - root - INFO - mask1 ratio: 0.01, mask2 ratio: 0.02, mask3 ratio: 0.10, mask4 ratio: 0.88
2026-01-22 17:43:58,851 - root - INFO - mask1 ratio: 0.01, mask2 ratio: 0.02, mask3 ratio: 0.10, mask4 ratio: 0.87
2026-01-22 17:43:59,067 - root - INFO - mask1 ratio: 0.01, mask2 ratio: 0.03, mask3 ratio: 0.10, mask4 ratio: 0.86
2026-01-22 17:43:59,277 - root - INFO - mask1 ratio: 0.01, mask2 ratio: 0.02, mask3 ratio: 0.10, mask4 ratio: 0.88
2026-01-22 17:43:59,512 - root - INFO - mask1 ratio: 0.01, mask2 ratio: 0.02, mask3 ratio: 0.10, mask4 ratio: 0.87
2026-01-22 17:43:59,738 - root - INFO - mask1 ratio: 0.01, mask2 ratio: 0.04, mask3 ratio: 0.10, mask4 ratio: 0.85
2026-01-22 17:43:59,965 - root - INFO - mask1 ratio: 0.01, mask2 ratio: 0.00, mask3 ratio: 0.10, mask4 ratio: 0.88
2026-01-22 17:43:59,992 - root - INFO - time 4.41
2026-01-22 17:43:59,995 - root - INFO - 14 self_attn.out_proj
2026-01-22 17:43:59,995 - root - INFO - Quantizing ...
2026-01-22 17:44:00,197 - root - INFO - mask1 ratio: 0.04, mask2 ratio: 0.34, mask3 ratio: 0.10, mask4 ratio: 0.52
2026-01-22 17:44:00,418 - root - INFO - mask1 ratio: 0.02, mask2 ratio: 0.08, mask3 ratio: 0.10, mask4 ratio: 0.81
2026-01-22 17:44:00,640 - root - INFO - mask1 ratio: 0.04, mask2 ratio: 0.34, mask3 ratio: 0.10, mask4 ratio: 0.52
2026-01-22 17:44:00,862 - root - INFO - mask1 ratio: 0.03, mask2 ratio: 0.22, mask3 ratio: 0.10, mask4 ratio: 0.65
2026-01-22 17:44:01,124 - root - INFO - mask1 ratio: 0.04, mask2 ratio: 0.34, mask3 ratio: 0.10, mask4 ratio: 0.52
2026-01-22 17:44:01,338 - root - INFO - mask1 ratio: 0.04, mask2 ratio: 0.34, mask3 ratio: 0.10, mask4 ratio: 0.52
2026-01-22 17:44:01,550 - root - INFO - mask1 ratio: 0.03, mask2 ratio: 0.23, mask3 ratio: 0.10, mask4 ratio: 0.63
2026-01-22 17:44:01,762 - root - INFO - mask1 ratio: 0.04, mask2 ratio: 0.34, mask3 ratio: 0.10, mask4 ratio: 0.52
2026-01-22 17:44:01,976 - root - INFO - mask1 ratio: 0.04, mask2 ratio: 0.34, mask3 ratio: 0.10, mask4 ratio: 0.52
2026-01-22 17:44:02,190 - root - INFO - mask1 ratio: 0.04, mask2 ratio: 0.34, mask3 ratio: 0.10, mask4 ratio: 0.53
2026-01-22 17:44:02,402 - root - INFO - mask1 ratio: 0.01, mask2 ratio: 0.04, mask3 ratio: 0.10, mask4 ratio: 0.85
2026-01-22 17:44:02,639 - root - INFO - mask1 ratio: 0.02, mask2 ratio: 0.15, mask3 ratio: 0.10, mask4 ratio: 0.73
2026-01-22 17:44:02,848 - root - INFO - mask1 ratio: 0.02, mask2 ratio: 0.07, mask3 ratio: 0.10, mask4 ratio: 0.81
2026-01-22 17:44:03,059 - root - INFO - mask1 ratio: 0.00, mask2 ratio: 0.02, mask3 ratio: 0.10, mask4 ratio: 0.88
2026-01-22 17:44:03,270 - root - INFO - mask1 ratio: 0.04, mask2 ratio: 0.33, mask3 ratio: 0.10, mask4 ratio: 0.53
2026-01-22 17:44:03,482 - root - INFO - mask1 ratio: 0.01, mask2 ratio: 0.05, mask3 ratio: 0.10, mask4 ratio: 0.84
2026-01-22 17:44:03,692 - root - INFO - mask1 ratio: 0.03, mask2 ratio: 0.26, mask3 ratio: 0.10, mask4 ratio: 0.60
2026-01-22 17:44:03,902 - root - INFO - mask1 ratio: 0.03, mask2 ratio: 0.19, mask3 ratio: 0.10, mask4 ratio: 0.68
2026-01-22 17:44:04,154 - root - INFO - mask1 ratio: 0.03, mask2 ratio: 0.22, mask3 ratio: 0.10, mask4 ratio: 0.65
2026-01-22 17:44:04,366 - root - INFO - mask1 ratio: 0.01, mask2 ratio: 0.02, mask3 ratio: 0.10, mask4 ratio: 0.87
2026-01-22 17:44:04,392 - root - INFO - time 4.40
2026-01-22 17:44:04,396 - root - INFO - 14 fc1
2026-01-22 17:44:04,396 - root - INFO - Quantizing ...
2026-01-22 17:44:04,659 - root - INFO - mask1 ratio: 0.01, mask2 ratio: 0.06, mask3 ratio: 0.10, mask4 ratio: 0.82
2026-01-22 17:44:04,948 - root - INFO - mask1 ratio: 0.02, mask2 ratio: 0.17, mask3 ratio: 0.10, mask4 ratio: 0.71
2026-01-22 17:44:05,238 - root - INFO - mask1 ratio: 0.04, mask2 ratio: 0.34, mask3 ratio: 0.10, mask4 ratio: 0.52
2026-01-22 17:44:05,557 - root - INFO - mask1 ratio: 0.01, mask2 ratio: 0.07, mask3 ratio: 0.10, mask4 ratio: 0.81
2026-01-22 17:44:05,842 - root - INFO - mask1 ratio: 0.02, mask2 ratio: 0.12, mask3 ratio: 0.10, mask4 ratio: 0.76
2026-01-22 17:44:06,129 - root - INFO - mask1 ratio: 0.02, mask2 ratio: 0.12, mask3 ratio: 0.10, mask4 ratio: 0.77
2026-01-22 17:44:06,416 - root - INFO - mask1 ratio: 0.02, mask2 ratio: 0.13, mask3 ratio: 0.10, mask4 ratio: 0.75
2026-01-22 17:44:06,738 - root - INFO - mask1 ratio: 0.01, mask2 ratio: 0.04, mask3 ratio: 0.10, mask4 ratio: 0.85
2026-01-22 17:44:07,024 - root - INFO - mask1 ratio: 0.02, mask2 ratio: 0.13, mask3 ratio: 0.10, mask4 ratio: 0.75
2026-01-22 17:44:07,312 - root - INFO - mask1 ratio: 0.02, mask2 ratio: 0.14, mask3 ratio: 0.10, mask4 ratio: 0.74
2026-01-22 17:44:07,598 - root - INFO - mask1 ratio: 0.02, mask2 ratio: 0.11, mask3 ratio: 0.10, mask4 ratio: 0.78
2026-01-22 17:44:07,880 - root - INFO - mask1 ratio: 0.00, mask2 ratio: 0.02, mask3 ratio: 0.10, mask4 ratio: 0.88
2026-01-22 17:44:08,176 - root - INFO - mask1 ratio: 0.00, mask2 ratio: 0.03, mask3 ratio: 0.10, mask4 ratio: 0.87
2026-01-22 17:44:08,459 - root - INFO - mask1 ratio: 0.00, mask2 ratio: 0.03, mask3 ratio: 0.10, mask4 ratio: 0.87
2026-01-22 17:44:08,747 - root - INFO - mask1 ratio: 0.04, mask2 ratio: 0.32, mask3 ratio: 0.10, mask4 ratio: 0.54
2026-01-22 17:44:09,030 - root - INFO - mask1 ratio: 0.01, mask2 ratio: 0.04, mask3 ratio: 0.10, mask4 ratio: 0.85
2026-01-22 17:44:09,315 - root - INFO - mask1 ratio: 0.01, mask2 ratio: 0.03, mask3 ratio: 0.10, mask4 ratio: 0.87
2026-01-22 17:44:09,646 - root - INFO - mask1 ratio: 0.01, mask2 ratio: 0.02, mask3 ratio: 0.10, mask4 ratio: 0.87
2026-01-22 17:44:09,938 - root - INFO - mask1 ratio: 0.01, mask2 ratio: 0.04, mask3 ratio: 0.10, mask4 ratio: 0.85
2026-01-22 17:44:10,233 - root - INFO - mask1 ratio: 0.01, mask2 ratio: 0.02, mask3 ratio: 0.10, mask4 ratio: 0.88
2026-01-22 17:44:10,266 - root - INFO - time 5.87
2026-01-22 17:44:10,274 - root - INFO - 14 fc2
2026-01-22 17:44:10,274 - root - INFO - Quantizing ...
2026-01-22 17:44:10,589 - root - INFO - mask1 ratio: 0.01, mask2 ratio: 0.03, mask3 ratio: 0.10, mask4 ratio: 0.86
2026-01-22 17:44:10,825 - root - INFO - mask1 ratio: 0.01, mask2 ratio: 0.04, mask3 ratio: 0.10, mask4 ratio: 0.85
2026-01-22 17:44:11,068 - root - INFO - mask1 ratio: 0.01, mask2 ratio: 0.04, mask3 ratio: 0.10, mask4 ratio: 0.85
2026-01-22 17:44:11,308 - root - INFO - mask1 ratio: 0.02, mask2 ratio: 0.07, mask3 ratio: 0.10, mask4 ratio: 0.81
2026-01-22 17:44:11,544 - root - INFO - mask1 ratio: 0.01, mask2 ratio: 0.04, mask3 ratio: 0.10, mask4 ratio: 0.85
2026-01-22 17:44:11,771 - root - INFO - mask1 ratio: 0.01, mask2 ratio: 0.04, mask3 ratio: 0.10, mask4 ratio: 0.85
2026-01-22 17:44:11,990 - root - INFO - mask1 ratio: 0.01, mask2 ratio: 0.04, mask3 ratio: 0.10, mask4 ratio: 0.85
2026-01-22 17:44:12,225 - root - INFO - mask1 ratio: 0.01, mask2 ratio: 0.04, mask3 ratio: 0.10, mask4 ratio: 0.85
2026-01-22 17:44:12,445 - root - INFO - mask1 ratio: 0.02, mask2 ratio: 0.11, mask3 ratio: 0.10, mask4 ratio: 0.77
2026-01-22 17:44:12,701 - root - INFO - mask1 ratio: 0.01, mask2 ratio: 0.03, mask3 ratio: 0.10, mask4 ratio: 0.86
2026-01-22 17:44:12,919 - root - INFO - mask1 ratio: 0.01, mask2 ratio: 0.04, mask3 ratio: 0.10, mask4 ratio: 0.85
2026-01-22 17:44:13,144 - root - INFO - mask1 ratio: 0.01, mask2 ratio: 0.02, mask3 ratio: 0.10, mask4 ratio: 0.88
2026-01-22 17:44:13,360 - root - INFO - mask1 ratio: 0.00, mask2 ratio: 0.02, mask3 ratio: 0.10, mask4 ratio: 0.88
2026-01-22 17:44:13,581 - root - INFO - mask1 ratio: 0.02, mask2 ratio: 0.12, mask3 ratio: 0.10, mask4 ratio: 0.76
2026-01-22 17:44:13,820 - root - INFO - mask1 ratio: 0.01, mask2 ratio: 0.04, mask3 ratio: 0.10, mask4 ratio: 0.85
2026-01-22 17:44:14,039 - root - INFO - mask1 ratio: 0.01, mask2 ratio: 0.03, mask3 ratio: 0.10, mask4 ratio: 0.86
2026-01-22 17:44:14,282 - root - INFO - mask1 ratio: 0.01, mask2 ratio: 0.10, mask3 ratio: 0.10, mask4 ratio: 0.79
2026-01-22 17:44:14,501 - root - INFO - mask1 ratio: 0.01, mask2 ratio: 0.04, mask3 ratio: 0.10, mask4 ratio: 0.85
2026-01-22 17:44:14,719 - root - INFO - mask1 ratio: 0.01, mask2 ratio: 0.04, mask3 ratio: 0.10, mask4 ratio: 0.85
2026-01-22 17:44:14,939 - root - INFO - mask1 ratio: 0.02, mask2 ratio: 0.10, mask3 ratio: 0.10, mask4 ratio: 0.78
2026-01-22 17:44:15,161 - root - INFO - mask1 ratio: 0.01, mask2 ratio: 0.06, mask3 ratio: 0.10, mask4 ratio: 0.82
2026-01-22 17:44:15,381 - root - INFO - mask1 ratio: 0.01, mask2 ratio: 0.04, mask3 ratio: 0.10, mask4 ratio: 0.85
2026-01-22 17:44:15,599 - root - INFO - mask1 ratio: 0.01, mask2 ratio: 0.05, mask3 ratio: 0.10, mask4 ratio: 0.84
2026-01-22 17:44:15,853 - root - INFO - mask1 ratio: 0.02, mask2 ratio: 0.12, mask3 ratio: 0.10, mask4 ratio: 0.76
2026-01-22 17:44:16,070 - root - INFO - mask1 ratio: 0.01, mask2 ratio: 0.03, mask3 ratio: 0.10, mask4 ratio: 0.86
2026-01-22 17:44:16,294 - root - INFO - mask1 ratio: 0.01, mask2 ratio: 0.04, mask3 ratio: 0.10, mask4 ratio: 0.85
2026-01-22 17:44:16,521 - root - INFO - mask1 ratio: 0.01, mask2 ratio: 0.04, mask3 ratio: 0.10, mask4 ratio: 0.85
2026-01-22 17:44:16,748 - root - INFO - mask1 ratio: 0.02, mask2 ratio: 0.15, mask3 ratio: 0.10, mask4 ratio: 0.74
2026-01-22 17:44:16,963 - root - INFO - mask1 ratio: 0.01, mask2 ratio: 0.03, mask3 ratio: 0.10, mask4 ratio: 0.86
2026-01-22 17:44:17,178 - root - INFO - mask1 ratio: 0.01, mask2 ratio: 0.04, mask3 ratio: 0.10, mask4 ratio: 0.85
2026-01-22 17:44:17,404 - root - INFO - mask1 ratio: 0.01, mask2 ratio: 0.02, mask3 ratio: 0.10, mask4 ratio: 0.87
2026-01-22 17:44:17,616 - root - INFO - mask1 ratio: 0.01, mask2 ratio: 0.07, mask3 ratio: 0.10, mask4 ratio: 0.81
2026-01-22 17:44:17,827 - root - INFO - mask1 ratio: 0.02, mask2 ratio: 0.09, mask3 ratio: 0.10, mask4 ratio: 0.79
2026-01-22 17:44:18,038 - root - INFO - mask1 ratio: 0.01, mask2 ratio: 0.03, mask3 ratio: 0.10, mask4 ratio: 0.86
2026-01-22 17:44:18,254 - root - INFO - mask1 ratio: 0.01, mask2 ratio: 0.04, mask3 ratio: 0.10, mask4 ratio: 0.85
2026-01-22 17:44:18,473 - root - INFO - mask1 ratio: 0.02, mask2 ratio: 0.11, mask3 ratio: 0.10, mask4 ratio: 0.77
2026-01-22 17:44:18,703 - root - INFO - mask1 ratio: 0.03, mask2 ratio: 0.26, mask3 ratio: 0.10, mask4 ratio: 0.60
2026-01-22 17:44:18,932 - root - INFO - mask1 ratio: 0.01, mask2 ratio: 0.04, mask3 ratio: 0.10, mask4 ratio: 0.85
2026-01-22 17:44:19,147 - root - INFO - mask1 ratio: 0.01, mask2 ratio: 0.04, mask3 ratio: 0.10, mask4 ratio: 0.85
2026-01-22 17:44:19,359 - root - INFO - mask1 ratio: 0.01, mask2 ratio: 0.03, mask3 ratio: 0.10, mask4 ratio: 0.86
2026-01-22 17:44:19,572 - root - INFO - mask1 ratio: 0.01, mask2 ratio: 0.05, mask3 ratio: 0.10, mask4 ratio: 0.84
2026-01-22 17:44:19,783 - root - INFO - mask1 ratio: 0.01, mask2 ratio: 0.04, mask3 ratio: 0.10, mask4 ratio: 0.85
2026-01-22 17:44:19,995 - root - INFO - mask1 ratio: 0.01, mask2 ratio: 0.03, mask3 ratio: 0.10, mask4 ratio: 0.86
2026-01-22 17:44:20,208 - root - INFO - mask1 ratio: 0.02, mask2 ratio: 0.07, mask3 ratio: 0.10, mask4 ratio: 0.81
2026-01-22 17:44:20,438 - root - INFO - mask1 ratio: 0.02, mask2 ratio: 0.07, mask3 ratio: 0.10, mask4 ratio: 0.81
2026-01-22 17:44:20,651 - root - INFO - mask1 ratio: 0.02, mask2 ratio: 0.12, mask3 ratio: 0.10, mask4 ratio: 0.76
2026-01-22 17:44:20,861 - root - INFO - mask1 ratio: 0.01, mask2 ratio: 0.05, mask3 ratio: 0.10, mask4 ratio: 0.84
2026-01-22 17:44:21,073 - root - INFO - mask1 ratio: 0.02, mask2 ratio: 0.11, mask3 ratio: 0.10, mask4 ratio: 0.77
2026-01-22 17:44:21,283 - root - INFO - mask1 ratio: 0.01, mask2 ratio: 0.03, mask3 ratio: 0.10, mask4 ratio: 0.86
2026-01-22 17:44:21,495 - root - INFO - mask1 ratio: 0.01, mask2 ratio: 0.04, mask3 ratio: 0.10, mask4 ratio: 0.85
2026-01-22 17:44:21,705 - root - INFO - mask1 ratio: 0.01, mask2 ratio: 0.04, mask3 ratio: 0.10, mask4 ratio: 0.85
2026-01-22 17:44:21,960 - root - INFO - mask1 ratio: 0.01, mask2 ratio: 0.06, mask3 ratio: 0.10, mask4 ratio: 0.82
2026-01-22 17:44:22,174 - root - INFO - mask1 ratio: 0.01, mask2 ratio: 0.06, mask3 ratio: 0.10, mask4 ratio: 0.83
2026-01-22 17:44:22,391 - root - INFO - mask1 ratio: 0.01, mask2 ratio: 0.04, mask3 ratio: 0.10, mask4 ratio: 0.85
2026-01-22 17:44:22,612 - root - INFO - mask1 ratio: 0.01, mask2 ratio: 0.04, mask3 ratio: 0.10, mask4 ratio: 0.85
2026-01-22 17:44:22,824 - root - INFO - mask1 ratio: 0.01, mask2 ratio: 0.03, mask3 ratio: 0.10, mask4 ratio: 0.86
2026-01-22 17:44:23,040 - root - INFO - mask1 ratio: 0.01, mask2 ratio: 0.06, mask3 ratio: 0.10, mask4 ratio: 0.83
2026-01-22 17:44:23,250 - root - INFO - mask1 ratio: 0.01, mask2 ratio: 0.03, mask3 ratio: 0.10, mask4 ratio: 0.86
2026-01-22 17:44:23,471 - root - INFO - mask1 ratio: 0.01, mask2 ratio: 0.03, mask3 ratio: 0.10, mask4 ratio: 0.86
2026-01-22 17:44:23,684 - root - INFO - mask1 ratio: 0.01, mask2 ratio: 0.03, mask3 ratio: 0.10, mask4 ratio: 0.86
2026-01-22 17:44:23,903 - root - INFO - mask1 ratio: 0.01, mask2 ratio: 0.03, mask3 ratio: 0.10, mask4 ratio: 0.86
2026-01-22 17:44:24,113 - root - INFO - mask1 ratio: 0.01, mask2 ratio: 0.02, mask3 ratio: 0.10, mask4 ratio: 0.87
2026-01-22 17:44:24,335 - root - INFO - mask1 ratio: 0.01, mask2 ratio: 0.04, mask3 ratio: 0.10, mask4 ratio: 0.85
2026-01-22 17:44:24,553 - root - INFO - mask1 ratio: 0.01, mask2 ratio: 0.04, mask3 ratio: 0.10, mask4 ratio: 0.85
2026-01-22 17:44:24,766 - root - INFO - mask1 ratio: 0.01, mask2 ratio: 0.09, mask3 ratio: 0.10, mask4 ratio: 0.80
2026-01-22 17:44:24,984 - root - INFO - mask1 ratio: 0.01, mask2 ratio: 0.05, mask3 ratio: 0.10, mask4 ratio: 0.84
2026-01-22 17:44:25,196 - root - INFO - mask1 ratio: 0.02, mask2 ratio: 0.10, mask3 ratio: 0.10, mask4 ratio: 0.78
2026-01-22 17:44:25,413 - root - INFO - mask1 ratio: 0.01, mask2 ratio: 0.04, mask3 ratio: 0.10, mask4 ratio: 0.85
2026-01-22 17:44:25,636 - root - INFO - mask1 ratio: 0.01, mask2 ratio: 0.02, mask3 ratio: 0.10, mask4 ratio: 0.87
2026-01-22 17:44:25,869 - root - INFO - mask1 ratio: 0.01, mask2 ratio: 0.04, mask3 ratio: 0.10, mask4 ratio: 0.85
2026-01-22 17:44:26,094 - root - INFO - mask1 ratio: 0.01, mask2 ratio: 0.04, mask3 ratio: 0.10, mask4 ratio: 0.85
2026-01-22 17:44:26,304 - root - INFO - mask1 ratio: 0.01, mask2 ratio: 0.02, mask3 ratio: 0.10, mask4 ratio: 0.88
2026-01-22 17:44:26,523 - root - INFO - mask1 ratio: 0.01, mask2 ratio: 0.06, mask3 ratio: 0.10, mask4 ratio: 0.83
2026-01-22 17:44:26,743 - root - INFO - mask1 ratio: 0.01, mask2 ratio: 0.06, mask3 ratio: 0.10, mask4 ratio: 0.83
2026-01-22 17:44:26,975 - root - INFO - mask1 ratio: 0.01, mask2 ratio: 0.04, mask3 ratio: 0.10, mask4 ratio: 0.85
2026-01-22 17:44:27,185 - root - INFO - mask1 ratio: 0.01, mask2 ratio: 0.02, mask3 ratio: 0.10, mask4 ratio: 0.88
2026-01-22 17:44:27,410 - root - INFO - mask1 ratio: 0.01, mask2 ratio: 0.05, mask3 ratio: 0.10, mask4 ratio: 0.84
2026-01-22 17:44:27,622 - root - INFO - mask1 ratio: 0.01, mask2 ratio: 0.03, mask3 ratio: 0.10, mask4 ratio: 0.86
2026-01-22 17:44:27,836 - root - INFO - mask1 ratio: 0.01, mask2 ratio: 0.04, mask3 ratio: 0.10, mask4 ratio: 0.85
2026-01-22 17:44:28,056 - root - INFO - mask1 ratio: 0.01, mask2 ratio: 0.02, mask3 ratio: 0.10, mask4 ratio: 0.88
2026-01-22 17:44:28,082 - root - INFO - time 17.81
2026-01-22 17:44:30,308 - root - INFO - 15 self_attn.k_proj
2026-01-22 17:44:30,308 - root - INFO - Quantizing ...
2026-01-22 17:44:30,921 - root - INFO - mask1 ratio: 0.01, mask2 ratio: 0.03, mask3 ratio: 0.10, mask4 ratio: 0.87
2026-01-22 17:44:31,141 - root - INFO - mask1 ratio: 0.01, mask2 ratio: 0.00, mask3 ratio: 0.10, mask4 ratio: 0.88
2026-01-22 17:44:31,359 - root - INFO - mask1 ratio: 0.01, mask2 ratio: 0.00, mask3 ratio: 0.10, mask4 ratio: 0.88
2026-01-22 17:44:31,568 - root - INFO - mask1 ratio: 0.01, mask2 ratio: 0.04, mask3 ratio: 0.10, mask4 ratio: 0.85
2026-01-22 17:44:31,786 - root - INFO - mask1 ratio: 0.01, mask2 ratio: 0.06, mask3 ratio: 0.10, mask4 ratio: 0.82
2026-01-22 17:44:31,998 - root - INFO - mask1 ratio: 0.01, mask2 ratio: 0.06, mask3 ratio: 0.10, mask4 ratio: 0.82
2026-01-22 17:44:32,216 - root - INFO - mask1 ratio: 0.02, mask2 ratio: 0.10, mask3 ratio: 0.10, mask4 ratio: 0.78
2026-01-22 17:44:32,426 - root - INFO - mask1 ratio: 0.01, mask2 ratio: 0.04, mask3 ratio: 0.10, mask4 ratio: 0.85
2026-01-22 17:44:32,647 - root - INFO - mask1 ratio: 0.01, mask2 ratio: 0.00, mask3 ratio: 0.10, mask4 ratio: 0.88
2026-01-22 17:44:32,857 - root - INFO - mask1 ratio: 0.01, mask2 ratio: 0.06, mask3 ratio: 0.10, mask4 ratio: 0.83
2026-01-22 17:44:33,076 - root - INFO - mask1 ratio: 0.02, mask2 ratio: 0.09, mask3 ratio: 0.10, mask4 ratio: 0.79
2026-01-22 17:44:33,299 - root - INFO - mask1 ratio: 0.01, mask2 ratio: 0.00, mask3 ratio: 0.10, mask4 ratio: 0.88
2026-01-22 17:44:33,509 - root - INFO - mask1 ratio: 0.00, mask2 ratio: 0.02, mask3 ratio: 0.10, mask4 ratio: 0.88
2026-01-22 17:44:33,738 - root - INFO - mask1 ratio: 0.00, mask2 ratio: 0.02, mask3 ratio: 0.10, mask4 ratio: 0.88
2026-01-22 17:44:33,960 - root - INFO - mask1 ratio: 0.01, mask2 ratio: 0.00, mask3 ratio: 0.10, mask4 ratio: 0.88
2026-01-22 17:44:34,189 - root - INFO - mask1 ratio: 0.01, mask2 ratio: 0.03, mask3 ratio: 0.10, mask4 ratio: 0.87
2026-01-22 17:44:34,399 - root - INFO - mask1 ratio: 0.01, mask2 ratio: 0.03, mask3 ratio: 0.10, mask4 ratio: 0.87
2026-01-22 17:44:34,616 - root - INFO - mask1 ratio: 0.01, mask2 ratio: 0.03, mask3 ratio: 0.10, mask4 ratio: 0.87
2026-01-22 17:44:34,835 - root - INFO - mask1 ratio: 0.01, mask2 ratio: 0.04, mask3 ratio: 0.10, mask4 ratio: 0.85
2026-01-22 17:44:35,046 - root - INFO - mask1 ratio: 0.01, mask2 ratio: 0.00, mask3 ratio: 0.10, mask4 ratio: 0.88
2026-01-22 17:44:35,073 - root - INFO - time 4.76
2026-01-22 17:44:35,084 - root - INFO - 15 self_attn.v_proj
2026-01-22 17:44:35,084 - root - INFO - Quantizing ...
2026-01-22 17:44:35,283 - root - INFO - mask1 ratio: 0.02, mask2 ratio: 0.13, mask3 ratio: 0.10, mask4 ratio: 0.75
2026-01-22 17:44:35,494 - root - INFO - mask1 ratio: 0.03, mask2 ratio: 0.27, mask3 ratio: 0.10, mask4 ratio: 0.60
2026-01-22 17:44:35,716 - root - INFO - mask1 ratio: 0.02, mask2 ratio: 0.19, mask3 ratio: 0.10, mask4 ratio: 0.69
2026-01-22 17:44:35,935 - root - INFO - mask1 ratio: 0.01, mask2 ratio: 0.06, mask3 ratio: 0.10, mask4 ratio: 0.83
2026-01-22 17:44:36,146 - root - INFO - mask1 ratio: 0.02, mask2 ratio: 0.15, mask3 ratio: 0.10, mask4 ratio: 0.73
2026-01-22 17:44:36,364 - root - INFO - mask1 ratio: 0.01, mask2 ratio: 0.13, mask3 ratio: 0.10, mask4 ratio: 0.76
2026-01-22 17:44:36,575 - root - INFO - mask1 ratio: 0.03, mask2 ratio: 0.23, mask3 ratio: 0.10, mask4 ratio: 0.65
2026-01-22 17:44:36,802 - root - INFO - mask1 ratio: 0.04, mask2 ratio: 0.33, mask3 ratio: 0.10, mask4 ratio: 0.53
2026-01-22 17:44:37,013 - root - INFO - mask1 ratio: 0.01, mask2 ratio: 0.08, mask3 ratio: 0.10, mask4 ratio: 0.81
2026-01-22 17:44:37,236 - root - INFO - mask1 ratio: 0.01, mask2 ratio: 0.09, mask3 ratio: 0.10, mask4 ratio: 0.80
2026-01-22 17:44:37,449 - root - INFO - mask1 ratio: 0.02, mask2 ratio: 0.13, mask3 ratio: 0.10, mask4 ratio: 0.75
2026-01-22 17:44:37,659 - root - INFO - mask1 ratio: 0.00, mask2 ratio: 0.02, mask3 ratio: 0.10, mask4 ratio: 0.88
2026-01-22 17:44:37,881 - root - INFO - mask1 ratio: 0.03, mask2 ratio: 0.28, mask3 ratio: 0.10, mask4 ratio: 0.59
2026-01-22 17:44:38,097 - root - INFO - mask1 ratio: 0.01, mask2 ratio: 0.04, mask3 ratio: 0.10, mask4 ratio: 0.85
2026-01-22 17:44:38,317 - root - INFO - mask1 ratio: 0.02, mask2 ratio: 0.13, mask3 ratio: 0.10, mask4 ratio: 0.75
2026-01-22 17:44:38,528 - root - INFO - mask1 ratio: 0.02, mask2 ratio: 0.13, mask3 ratio: 0.10, mask4 ratio: 0.76
2026-01-22 17:44:38,756 - root - INFO - mask1 ratio: 0.01, mask2 ratio: 0.03, mask3 ratio: 0.10, mask4 ratio: 0.87
2026-01-22 17:44:38,965 - root - INFO - mask1 ratio: 0.01, mask2 ratio: 0.04, mask3 ratio: 0.10, mask4 ratio: 0.85
2026-01-22 17:44:39,179 - root - INFO - mask1 ratio: 0.02, mask2 ratio: 0.18, mask3 ratio: 0.10, mask4 ratio: 0.70
2026-01-22 17:44:39,400 - root - INFO - mask1 ratio: 0.00, mask2 ratio: 0.02, mask3 ratio: 0.10, mask4 ratio: 0.88
2026-01-22 17:44:39,427 - root - INFO - time 4.34
2026-01-22 17:44:39,430 - root - INFO - 15 self_attn.q_proj
2026-01-22 17:44:39,430 - root - INFO - Quantizing ...
2026-01-22 17:44:39,623 - root - INFO - mask1 ratio: 0.01, mask2 ratio: 0.03, mask3 ratio: 0.10, mask4 ratio: 0.86
2026-01-22 17:44:39,841 - root - INFO - mask1 ratio: 0.02, mask2 ratio: 0.11, mask3 ratio: 0.10, mask4 ratio: 0.77
2026-01-22 17:44:40,050 - root - INFO - mask1 ratio: 0.01, mask2 ratio: 0.00, mask3 ratio: 0.10, mask4 ratio: 0.88
2026-01-22 17:44:40,271 - root - INFO - mask1 ratio: 0.01, mask2 ratio: 0.04, mask3 ratio: 0.10, mask4 ratio: 0.85
2026-01-22 17:44:40,482 - root - INFO - mask1 ratio: 0.02, mask2 ratio: 0.09, mask3 ratio: 0.10, mask4 ratio: 0.80
2026-01-22 17:44:40,699 - root - INFO - mask1 ratio: 0.03, mask2 ratio: 0.24, mask3 ratio: 0.10, mask4 ratio: 0.63
2026-01-22 17:44:40,920 - root - INFO - mask1 ratio: 0.02, mask2 ratio: 0.14, mask3 ratio: 0.10, mask4 ratio: 0.74
2026-01-22 17:44:41,141 - root - INFO - mask1 ratio: 0.01, mask2 ratio: 0.05, mask3 ratio: 0.10, mask4 ratio: 0.84
2026-01-22 17:44:41,360 - root - INFO - mask1 ratio: 0.01, mask2 ratio: 0.02, mask3 ratio: 0.10, mask4 ratio: 0.88
2026-01-22 17:44:41,571 - root - INFO - mask1 ratio: 0.03, mask2 ratio: 0.24, mask3 ratio: 0.10, mask4 ratio: 0.63
2026-01-22 17:44:41,793 - root - INFO - mask1 ratio: 0.02, mask2 ratio: 0.18, mask3 ratio: 0.10, mask4 ratio: 0.70
2026-01-22 17:44:42,003 - root - INFO - mask1 ratio: 0.01, mask2 ratio: 0.00, mask3 ratio: 0.10, mask4 ratio: 0.88
2026-01-22 17:44:42,216 - root - INFO - mask1 ratio: 0.01, mask2 ratio: 0.02, mask3 ratio: 0.10, mask4 ratio: 0.88
2026-01-22 17:44:42,438 - root - INFO - mask1 ratio: 0.01, mask2 ratio: 0.02, mask3 ratio: 0.10, mask4 ratio: 0.88
2026-01-22 17:44:42,647 - root - INFO - mask1 ratio: 0.01, mask2 ratio: 0.02, mask3 ratio: 0.10, mask4 ratio: 0.88
2026-01-22 17:44:42,861 - root - INFO - mask1 ratio: 0.01, mask2 ratio: 0.05, mask3 ratio: 0.10, mask4 ratio: 0.84
2026-01-22 17:44:43,071 - root - INFO - mask1 ratio: 0.01, mask2 ratio: 0.02, mask3 ratio: 0.10, mask4 ratio: 0.87
2026-01-22 17:44:43,291 - root - INFO - mask1 ratio: 0.01, mask2 ratio: 0.02, mask3 ratio: 0.10, mask4 ratio: 0.87
2026-01-22 17:44:43,503 - root - INFO - mask1 ratio: 0.01, mask2 ratio: 0.04, mask3 ratio: 0.10, mask4 ratio: 0.85
2026-01-22 17:44:43,720 - root - INFO - mask1 ratio: 0.01, mask2 ratio: 0.00, mask3 ratio: 0.10, mask4 ratio: 0.88
2026-01-22 17:44:43,746 - root - INFO - time 4.32
2026-01-22 17:44:43,749 - root - INFO - 15 self_attn.out_proj
2026-01-22 17:44:43,749 - root - INFO - Quantizing ...
2026-01-22 17:44:43,940 - root - INFO - mask1 ratio: 0.04, mask2 ratio: 0.34, mask3 ratio: 0.10, mask4 ratio: 0.52
2026-01-22 17:44:44,159 - root - INFO - mask1 ratio: 0.02, mask2 ratio: 0.12, mask3 ratio: 0.10, mask4 ratio: 0.76
2026-01-22 17:44:44,377 - root - INFO - mask1 ratio: 0.01, mask2 ratio: 0.02, mask3 ratio: 0.10, mask4 ratio: 0.87
2026-01-22 17:44:44,589 - root - INFO - mask1 ratio: 0.04, mask2 ratio: 0.30, mask3 ratio: 0.10, mask4 ratio: 0.56
2026-01-22 17:44:44,811 - root - INFO - mask1 ratio: 0.04, mask2 ratio: 0.33, mask3 ratio: 0.10, mask4 ratio: 0.53
2026-01-22 17:44:45,021 - root - INFO - mask1 ratio: 0.01, mask2 ratio: 0.02, mask3 ratio: 0.10, mask4 ratio: 0.87
2026-01-22 17:44:45,241 - root - INFO - mask1 ratio: 0.04, mask2 ratio: 0.34, mask3 ratio: 0.10, mask4 ratio: 0.53
2026-01-22 17:44:45,453 - root - INFO - mask1 ratio: 0.01, mask2 ratio: 0.03, mask3 ratio: 0.10, mask4 ratio: 0.86
2026-01-22 17:44:45,674 - root - INFO - mask1 ratio: 0.02, mask2 ratio: 0.10, mask3 ratio: 0.10, mask4 ratio: 0.78
2026-01-22 17:44:45,891 - root - INFO - mask1 ratio: 0.01, mask2 ratio: 0.04, mask3 ratio: 0.10, mask4 ratio: 0.85
2026-01-22 17:44:46,104 - root - INFO - mask1 ratio: 0.01, mask2 ratio: 0.03, mask3 ratio: 0.10, mask4 ratio: 0.86
2026-01-22 17:44:46,326 - root - INFO - mask1 ratio: 0.04, mask2 ratio: 0.34, mask3 ratio: 0.10, mask4 ratio: 0.53
2026-01-22 17:44:46,538 - root - INFO - mask1 ratio: 0.04, mask2 ratio: 0.34, mask3 ratio: 0.10, mask4 ratio: 0.52
2026-01-22 17:44:46,762 - root - INFO - mask1 ratio: 0.02, mask2 ratio: 0.10, mask3 ratio: 0.10, mask4 ratio: 0.78
2026-01-22 17:44:46,973 - root - INFO - mask1 ratio: 0.01, mask2 ratio: 0.03, mask3 ratio: 0.10, mask4 ratio: 0.86
2026-01-22 17:44:47,194 - root - INFO - mask1 ratio: 0.04, mask2 ratio: 0.34, mask3 ratio: 0.10, mask4 ratio: 0.52
2026-01-22 17:44:47,413 - root - INFO - mask1 ratio: 0.02, mask2 ratio: 0.11, mask3 ratio: 0.10, mask4 ratio: 0.78
2026-01-22 17:44:47,624 - root - INFO - mask1 ratio: 0.01, mask2 ratio: 0.05, mask3 ratio: 0.10, mask4 ratio: 0.84
2026-01-22 17:44:47,841 - root - INFO - mask1 ratio: 0.00, mask2 ratio: 0.02, mask3 ratio: 0.10, mask4 ratio: 0.88
2026-01-22 17:44:48,051 - root - INFO - mask1 ratio: 0.01, mask2 ratio: 0.03, mask3 ratio: 0.10, mask4 ratio: 0.86
2026-01-22 17:44:48,078 - root - INFO - time 4.33
2026-01-22 17:44:48,081 - root - INFO - 15 fc1
2026-01-22 17:44:48,081 - root - INFO - Quantizing ...
2026-01-22 17:44:48,352 - root - INFO - mask1 ratio: 0.02, mask2 ratio: 0.14, mask3 ratio: 0.10, mask4 ratio: 0.74
2026-01-22 17:44:48,657 - root - INFO - mask1 ratio: 0.02, mask2 ratio: 0.18, mask3 ratio: 0.10, mask4 ratio: 0.70
2026-01-22 17:44:48,954 - root - INFO - mask1 ratio: 0.04, mask2 ratio: 0.34, mask3 ratio: 0.10, mask4 ratio: 0.52
2026-01-22 17:44:49,237 - root - INFO - mask1 ratio: 0.01, mask2 ratio: 0.04, mask3 ratio: 0.10, mask4 ratio: 0.85
2026-01-22 17:44:49,528 - root - INFO - mask1 ratio: 0.02, mask2 ratio: 0.14, mask3 ratio: 0.10, mask4 ratio: 0.74
2026-01-22 17:44:49,819 - root - INFO - mask1 ratio: 0.02, mask2 ratio: 0.10, mask3 ratio: 0.10, mask4 ratio: 0.78
2026-01-22 17:44:50,115 - root - INFO - mask1 ratio: 0.02, mask2 ratio: 0.09, mask3 ratio: 0.10, mask4 ratio: 0.80
2026-01-22 17:44:50,407 - root - INFO - mask1 ratio: 0.03, mask2 ratio: 0.21, mask3 ratio: 0.10, mask4 ratio: 0.67
2026-01-22 17:44:50,703 - root - INFO - mask1 ratio: 0.02, mask2 ratio: 0.08, mask3 ratio: 0.10, mask4 ratio: 0.81
2026-01-22 17:44:50,989 - root - INFO - mask1 ratio: 0.02, mask2 ratio: 0.10, mask3 ratio: 0.10, mask4 ratio: 0.78
2026-01-22 17:44:51,285 - root - INFO - mask1 ratio: 0.02, mask2 ratio: 0.09, mask3 ratio: 0.10, mask4 ratio: 0.80
2026-01-22 17:44:51,569 - root - INFO - mask1 ratio: 0.00, mask2 ratio: 0.02, mask3 ratio: 0.10, mask4 ratio: 0.88
2026-01-22 17:44:51,858 - root - INFO - mask1 ratio: 0.00, mask2 ratio: 0.03, mask3 ratio: 0.10, mask4 ratio: 0.87
2026-01-22 17:44:52,153 - root - INFO - mask1 ratio: 0.01, mask2 ratio: 0.03, mask3 ratio: 0.10, mask4 ratio: 0.86
2026-01-22 17:44:52,446 - root - INFO - mask1 ratio: 0.04, mask2 ratio: 0.34, mask3 ratio: 0.10, mask4 ratio: 0.52
2026-01-22 17:44:52,731 - root - INFO - mask1 ratio: 0.02, mask2 ratio: 0.08, mask3 ratio: 0.10, mask4 ratio: 0.81
2026-01-22 17:44:53,021 - root - INFO - mask1 ratio: 0.01, mask2 ratio: 0.02, mask3 ratio: 0.10, mask4 ratio: 0.87
2026-01-22 17:44:53,304 - root - INFO - mask1 ratio: 0.01, mask2 ratio: 0.02, mask3 ratio: 0.10, mask4 ratio: 0.87
2026-01-22 17:44:53,595 - root - INFO - mask1 ratio: 0.01, mask2 ratio: 0.04, mask3 ratio: 0.10, mask4 ratio: 0.85
2026-01-22 17:44:53,885 - root - INFO - mask1 ratio: 0.01, mask2 ratio: 0.02, mask3 ratio: 0.10, mask4 ratio: 0.88
2026-01-22 17:44:53,917 - root - INFO - time 5.84
2026-01-22 17:44:53,926 - root - INFO - 15 fc2
2026-01-22 17:44:53,926 - root - INFO - Quantizing ...
2026-01-22 17:44:54,236 - root - INFO - mask1 ratio: 0.01, mask2 ratio: 0.03, mask3 ratio: 0.10, mask4 ratio: 0.86
2026-01-22 17:44:54,448 - root - INFO - mask1 ratio: 0.01, mask2 ratio: 0.05, mask3 ratio: 0.10, mask4 ratio: 0.84
2026-01-22 17:44:54,669 - root - INFO - mask1 ratio: 0.01, mask2 ratio: 0.05, mask3 ratio: 0.10, mask4 ratio: 0.85
2026-01-22 17:44:54,880 - root - INFO - mask1 ratio: 0.02, mask2 ratio: 0.14, mask3 ratio: 0.10, mask4 ratio: 0.74
2026-01-22 17:44:55,095 - root - INFO - mask1 ratio: 0.02, mask2 ratio: 0.10, mask3 ratio: 0.10, mask4 ratio: 0.78
2026-01-22 17:44:55,313 - root - INFO - mask1 ratio: 0.01, mask2 ratio: 0.07, mask3 ratio: 0.10, mask4 ratio: 0.81
2026-01-22 17:44:55,524 - root - INFO - mask1 ratio: 0.01, mask2 ratio: 0.03, mask3 ratio: 0.10, mask4 ratio: 0.86
2026-01-22 17:44:55,747 - root - INFO - mask1 ratio: 0.02, mask2 ratio: 0.15, mask3 ratio: 0.10, mask4 ratio: 0.73
2026-01-22 17:44:55,959 - root - INFO - mask1 ratio: 0.01, mask2 ratio: 0.06, mask3 ratio: 0.10, mask4 ratio: 0.83
2026-01-22 17:44:56,189 - root - INFO - mask1 ratio: 0.02, mask2 ratio: 0.10, mask3 ratio: 0.10, mask4 ratio: 0.78
2026-01-22 17:44:56,417 - root - INFO - mask1 ratio: 0.01, mask2 ratio: 0.04, mask3 ratio: 0.10, mask4 ratio: 0.85
2026-01-22 17:44:56,644 - root - INFO - mask1 ratio: 0.01, mask2 ratio: 0.04, mask3 ratio: 0.10, mask4 ratio: 0.85
2026-01-22 17:44:56,873 - root - INFO - mask1 ratio: 0.01, mask2 ratio: 0.03, mask3 ratio: 0.10, mask4 ratio: 0.86
2026-01-22 17:44:57,092 - root - INFO - mask1 ratio: 0.01, mask2 ratio: 0.03, mask3 ratio: 0.10, mask4 ratio: 0.86
2026-01-22 17:44:57,327 - root - INFO - mask1 ratio: 0.02, mask2 ratio: 0.12, mask3 ratio: 0.10, mask4 ratio: 0.76
2026-01-22 17:44:57,539 - root - INFO - mask1 ratio: 0.01, mask2 ratio: 0.06, mask3 ratio: 0.10, mask4 ratio: 0.83
2026-01-22 17:44:57,757 - root - INFO - mask1 ratio: 0.01, mask2 ratio: 0.04, mask3 ratio: 0.10, mask4 ratio: 0.85
2026-01-22 17:44:57,968 - root - INFO - mask1 ratio: 0.01, mask2 ratio: 0.03, mask3 ratio: 0.10, mask4 ratio: 0.86
2026-01-22 17:44:58,184 - root - INFO - mask1 ratio: 0.01, mask2 ratio: 0.04, mask3 ratio: 0.10, mask4 ratio: 0.85
2026-01-22 17:44:58,401 - root - INFO - mask1 ratio: 0.02, mask2 ratio: 0.10, mask3 ratio: 0.10, mask4 ratio: 0.78
2026-01-22 17:44:58,611 - root - INFO - mask1 ratio: 0.01, mask2 ratio: 0.02, mask3 ratio: 0.10, mask4 ratio: 0.87
2026-01-22 17:44:58,828 - root - INFO - mask1 ratio: 0.01, mask2 ratio: 0.02, mask3 ratio: 0.10, mask4 ratio: 0.87
2026-01-22 17:44:59,040 - root - INFO - mask1 ratio: 0.01, mask2 ratio: 0.02, mask3 ratio: 0.10, mask4 ratio: 0.87
2026-01-22 17:44:59,257 - root - INFO - mask1 ratio: 0.02, mask2 ratio: 0.08, mask3 ratio: 0.10, mask4 ratio: 0.81
2026-01-22 17:44:59,467 - root - INFO - mask1 ratio: 0.02, mask2 ratio: 0.10, mask3 ratio: 0.10, mask4 ratio: 0.78
2026-01-22 17:44:59,688 - root - INFO - mask1 ratio: 0.02, mask2 ratio: 0.07, mask3 ratio: 0.10, mask4 ratio: 0.81
2026-01-22 17:44:59,901 - root - INFO - mask1 ratio: 0.02, mask2 ratio: 0.11, mask3 ratio: 0.10, mask4 ratio: 0.77
2026-01-22 17:45:00,120 - root - INFO - mask1 ratio: 0.01, mask2 ratio: 0.04, mask3 ratio: 0.10, mask4 ratio: 0.85
2026-01-22 17:45:00,352 - root - INFO - mask1 ratio: 0.01, mask2 ratio: 0.04, mask3 ratio: 0.10, mask4 ratio: 0.85
2026-01-22 17:45:00,563 - root - INFO - mask1 ratio: 0.01, mask2 ratio: 0.04, mask3 ratio: 0.10, mask4 ratio: 0.85
2026-01-22 17:45:00,782 - root - INFO - mask1 ratio: 0.03, mask2 ratio: 0.18, mask3 ratio: 0.10, mask4 ratio: 0.70
2026-01-22 17:45:01,010 - root - INFO - mask1 ratio: 0.02, mask2 ratio: 0.14, mask3 ratio: 0.10, mask4 ratio: 0.74
2026-01-22 17:45:01,231 - root - INFO - mask1 ratio: 0.01, mask2 ratio: 0.04, mask3 ratio: 0.10, mask4 ratio: 0.85
2026-01-22 17:45:01,442 - root - INFO - mask1 ratio: 0.01, mask2 ratio: 0.04, mask3 ratio: 0.10, mask4 ratio: 0.85
2026-01-22 17:45:01,656 - root - INFO - mask1 ratio: 0.01, mask2 ratio: 0.03, mask3 ratio: 0.10, mask4 ratio: 0.86
2026-01-22 17:45:01,898 - root - INFO - mask1 ratio: 0.01, mask2 ratio: 0.07, mask3 ratio: 0.10, mask4 ratio: 0.81
2026-01-22 17:45:02,113 - root - INFO - mask1 ratio: 0.02, mask2 ratio: 0.09, mask3 ratio: 0.10, mask4 ratio: 0.79
2026-01-22 17:45:02,331 - root - INFO - mask1 ratio: 0.01, mask2 ratio: 0.04, mask3 ratio: 0.10, mask4 ratio: 0.85
2026-01-22 17:45:02,541 - root - INFO - mask1 ratio: 0.01, mask2 ratio: 0.02, mask3 ratio: 0.10, mask4 ratio: 0.87
2026-01-22 17:45:02,762 - root - INFO - mask1 ratio: 0.01, mask2 ratio: 0.02, mask3 ratio: 0.10, mask4 ratio: 0.87
2026-01-22 17:45:02,975 - root - INFO - mask1 ratio: 0.02, mask2 ratio: 0.13, mask3 ratio: 0.10, mask4 ratio: 0.74
2026-01-22 17:45:03,193 - root - INFO - mask1 ratio: 0.02, mask2 ratio: 0.06, mask3 ratio: 0.10, mask4 ratio: 0.82
2026-01-22 17:45:03,414 - root - INFO - mask1 ratio: 0.02, mask2 ratio: 0.13, mask3 ratio: 0.10, mask4 ratio: 0.75
2026-01-22 17:45:03,625 - root - INFO - mask1 ratio: 0.01, mask2 ratio: 0.02, mask3 ratio: 0.10, mask4 ratio: 0.87
2026-01-22 17:45:03,839 - root - INFO - mask1 ratio: 0.01, mask2 ratio: 0.02, mask3 ratio: 0.10, mask4 ratio: 0.87
2026-01-22 17:45:04,050 - root - INFO - mask1 ratio: 0.02, mask2 ratio: 0.11, mask3 ratio: 0.10, mask4 ratio: 0.77
2026-01-22 17:45:04,272 - root - INFO - mask1 ratio: 0.02, mask2 ratio: 0.08, mask3 ratio: 0.10, mask4 ratio: 0.81
2026-01-22 17:45:04,485 - root - INFO - mask1 ratio: 0.02, mask2 ratio: 0.10, mask3 ratio: 0.10, mask4 ratio: 0.78
2026-01-22 17:45:04,706 - root - INFO - mask1 ratio: 0.01, mask2 ratio: 0.06, mask3 ratio: 0.10, mask4 ratio: 0.83
2026-01-22 17:45:04,926 - root - INFO - mask1 ratio: 0.01, mask2 ratio: 0.07, mask3 ratio: 0.10, mask4 ratio: 0.81
2026-01-22 17:45:05,153 - root - INFO - mask1 ratio: 0.01, mask2 ratio: 0.05, mask3 ratio: 0.10, mask4 ratio: 0.84
2026-01-22 17:45:05,379 - root - INFO - mask1 ratio: 0.02, mask2 ratio: 0.11, mask3 ratio: 0.10, mask4 ratio: 0.77
2026-01-22 17:45:05,600 - root - INFO - mask1 ratio: 0.02, mask2 ratio: 0.10, mask3 ratio: 0.10, mask4 ratio: 0.78
2026-01-22 17:45:05,822 - root - INFO - mask1 ratio: 0.01, mask2 ratio: 0.02, mask3 ratio: 0.10, mask4 ratio: 0.88
2026-01-22 17:45:06,034 - root - INFO - mask1 ratio: 0.02, mask2 ratio: 0.07, mask3 ratio: 0.10, mask4 ratio: 0.81
2026-01-22 17:45:06,260 - root - INFO - mask1 ratio: 0.01, mask2 ratio: 0.05, mask3 ratio: 0.10, mask4 ratio: 0.84
2026-01-22 17:45:06,471 - root - INFO - mask1 ratio: 0.02, mask2 ratio: 0.05, mask3 ratio: 0.10, mask4 ratio: 0.83
2026-01-22 17:45:06,685 - root - INFO - mask1 ratio: 0.01, mask2 ratio: 0.04, mask3 ratio: 0.10, mask4 ratio: 0.85
2026-01-22 17:45:06,903 - root - INFO - mask1 ratio: 0.01, mask2 ratio: 0.02, mask3 ratio: 0.10, mask4 ratio: 0.87
2026-01-22 17:45:07,113 - root - INFO - mask1 ratio: 0.01, mask2 ratio: 0.02, mask3 ratio: 0.10, mask4 ratio: 0.87
2026-01-22 17:45:07,331 - root - INFO - mask1 ratio: 0.01, mask2 ratio: 0.04, mask3 ratio: 0.10, mask4 ratio: 0.85
2026-01-22 17:45:07,542 - root - INFO - mask1 ratio: 0.01, mask2 ratio: 0.03, mask3 ratio: 0.10, mask4 ratio: 0.86
2026-01-22 17:45:07,759 - root - INFO - mask1 ratio: 0.01, mask2 ratio: 0.03, mask3 ratio: 0.10, mask4 ratio: 0.86
2026-01-22 17:45:07,969 - root - INFO - mask1 ratio: 0.01, mask2 ratio: 0.04, mask3 ratio: 0.10, mask4 ratio: 0.85
2026-01-22 17:45:08,191 - root - INFO - mask1 ratio: 0.02, mask2 ratio: 0.08, mask3 ratio: 0.10, mask4 ratio: 0.81
2026-01-22 17:45:08,404 - root - INFO - mask1 ratio: 0.02, mask2 ratio: 0.08, mask3 ratio: 0.10, mask4 ratio: 0.80
2026-01-22 17:45:08,628 - root - INFO - mask1 ratio: 0.01, mask2 ratio: 0.05, mask3 ratio: 0.10, mask4 ratio: 0.84
2026-01-22 17:45:08,851 - root - INFO - mask1 ratio: 0.02, mask2 ratio: 0.06, mask3 ratio: 0.10, mask4 ratio: 0.82
2026-01-22 17:45:09,062 - root - INFO - mask1 ratio: 0.01, mask2 ratio: 0.02, mask3 ratio: 0.10, mask4 ratio: 0.87
2026-01-22 17:45:09,281 - root - INFO - mask1 ratio: 0.02, mask2 ratio: 0.08, mask3 ratio: 0.10, mask4 ratio: 0.80
2026-01-22 17:45:09,493 - root - INFO - mask1 ratio: 0.01, mask2 ratio: 0.04, mask3 ratio: 0.10, mask4 ratio: 0.85
2026-01-22 17:45:09,715 - root - INFO - mask1 ratio: 0.02, mask2 ratio: 0.14, mask3 ratio: 0.10, mask4 ratio: 0.74
2026-01-22 17:45:09,926 - root - INFO - mask1 ratio: 0.01, mask2 ratio: 0.02, mask3 ratio: 0.10, mask4 ratio: 0.87
2026-01-22 17:45:10,143 - root - INFO - mask1 ratio: 0.01, mask2 ratio: 0.03, mask3 ratio: 0.10, mask4 ratio: 0.86
2026-01-22 17:45:10,365 - root - INFO - mask1 ratio: 0.01, mask2 ratio: 0.06, mask3 ratio: 0.10, mask4 ratio: 0.83
2026-01-22 17:45:10,576 - root - INFO - mask1 ratio: 0.01, mask2 ratio: 0.03, mask3 ratio: 0.10, mask4 ratio: 0.86
2026-01-22 17:45:10,792 - root - INFO - mask1 ratio: 0.02, mask2 ratio: 0.11, mask3 ratio: 0.10, mask4 ratio: 0.78
2026-01-22 17:45:11,002 - root - INFO - mask1 ratio: 0.02, mask2 ratio: 0.14, mask3 ratio: 0.10, mask4 ratio: 0.74
2026-01-22 17:45:11,224 - root - INFO - mask1 ratio: 0.01, mask2 ratio: 0.03, mask3 ratio: 0.10, mask4 ratio: 0.86
2026-01-22 17:45:11,435 - root - INFO - mask1 ratio: 0.02, mask2 ratio: 0.09, mask3 ratio: 0.10, mask4 ratio: 0.79
2026-01-22 17:45:11,462 - root - INFO - time 17.54
2026-01-22 17:45:13,726 - root - INFO - 16 self_attn.k_proj
2026-01-22 17:45:13,726 - root - INFO - Quantizing ...
2026-01-22 17:45:14,337 - root - INFO - mask1 ratio: 0.01, mask2 ratio: 0.03, mask3 ratio: 0.10, mask4 ratio: 0.87
2026-01-22 17:45:14,555 - root - INFO - mask1 ratio: 0.01, mask2 ratio: 0.00, mask3 ratio: 0.10, mask4 ratio: 0.88
2026-01-22 17:45:14,766 - root - INFO - mask1 ratio: 0.01, mask2 ratio: 0.00, mask3 ratio: 0.10, mask4 ratio: 0.88
2026-01-22 17:45:15,010 - root - INFO - mask1 ratio: 0.01, mask2 ratio: 0.03, mask3 ratio: 0.10, mask4 ratio: 0.86
2026-01-22 17:45:15,224 - root - INFO - mask1 ratio: 0.02, mask2 ratio: 0.12, mask3 ratio: 0.10, mask4 ratio: 0.76
2026-01-22 17:45:15,435 - root - INFO - mask1 ratio: 0.02, mask2 ratio: 0.14, mask3 ratio: 0.10, mask4 ratio: 0.74
2026-01-22 17:45:15,646 - root - INFO - mask1 ratio: 0.01, mask2 ratio: 0.04, mask3 ratio: 0.10, mask4 ratio: 0.85
2026-01-22 17:45:15,858 - root - INFO - mask1 ratio: 0.01, mask2 ratio: 0.05, mask3 ratio: 0.10, mask4 ratio: 0.85
2026-01-22 17:45:16,070 - root - INFO - mask1 ratio: 0.01, mask2 ratio: 0.00, mask3 ratio: 0.10, mask4 ratio: 0.88
2026-01-22 17:45:16,281 - root - INFO - mask1 ratio: 0.01, mask2 ratio: 0.13, mask3 ratio: 0.10, mask4 ratio: 0.76
2026-01-22 17:45:16,519 - root - INFO - mask1 ratio: 0.02, mask2 ratio: 0.09, mask3 ratio: 0.10, mask4 ratio: 0.79
2026-01-22 17:45:16,730 - root - INFO - mask1 ratio: 0.01, mask2 ratio: 0.00, mask3 ratio: 0.10, mask4 ratio: 0.88
2026-01-22 17:45:16,942 - root - INFO - mask1 ratio: 0.00, mask2 ratio: 0.02, mask3 ratio: 0.10, mask4 ratio: 0.88
2026-01-22 17:45:17,151 - root - INFO - mask1 ratio: 0.01, mask2 ratio: 0.02, mask3 ratio: 0.10, mask4 ratio: 0.88
2026-01-22 17:45:17,361 - root - INFO - mask1 ratio: 0.01, mask2 ratio: 0.02, mask3 ratio: 0.10, mask4 ratio: 0.88
2026-01-22 17:45:17,573 - root - INFO - mask1 ratio: 0.01, mask2 ratio: 0.03, mask3 ratio: 0.10, mask4 ratio: 0.87
2026-01-22 17:45:17,785 - root - INFO - mask1 ratio: 0.00, mask2 ratio: 0.02, mask3 ratio: 0.10, mask4 ratio: 0.88
2026-01-22 17:45:18,037 - root - INFO - mask1 ratio: 0.00, mask2 ratio: 0.02, mask3 ratio: 0.10, mask4 ratio: 0.88
2026-01-22 17:45:18,248 - root - INFO - mask1 ratio: 0.01, mask2 ratio: 0.03, mask3 ratio: 0.10, mask4 ratio: 0.86
2026-01-22 17:45:18,460 - root - INFO - mask1 ratio: 0.01, mask2 ratio: 0.00, mask3 ratio: 0.10, mask4 ratio: 0.88
2026-01-22 17:45:18,487 - root - INFO - time 4.76
2026-01-22 17:45:18,498 - root - INFO - 16 self_attn.v_proj
2026-01-22 17:45:18,498 - root - INFO - Quantizing ...
2026-01-22 17:45:18,691 - root - INFO - mask1 ratio: 0.02, mask2 ratio: 0.10, mask3 ratio: 0.10, mask4 ratio: 0.78
2026-01-22 17:45:18,903 - root - INFO - mask1 ratio: 0.01, mask2 ratio: 0.06, mask3 ratio: 0.10, mask4 ratio: 0.82
2026-01-22 17:45:19,121 - root - INFO - mask1 ratio: 0.04, mask2 ratio: 0.33, mask3 ratio: 0.10, mask4 ratio: 0.53
2026-01-22 17:45:19,348 - root - INFO - mask1 ratio: 0.01, mask2 ratio: 0.04, mask3 ratio: 0.10, mask4 ratio: 0.85
2026-01-22 17:45:19,584 - root - INFO - mask1 ratio: 0.02, mask2 ratio: 0.16, mask3 ratio: 0.10, mask4 ratio: 0.71
2026-01-22 17:45:19,819 - root - INFO - mask1 ratio: 0.02, mask2 ratio: 0.09, mask3 ratio: 0.10, mask4 ratio: 0.79
2026-01-22 17:45:20,046 - root - INFO - mask1 ratio: 0.03, mask2 ratio: 0.25, mask3 ratio: 0.10, mask4 ratio: 0.62
2026-01-22 17:45:20,276 - root - INFO - mask1 ratio: 0.03, mask2 ratio: 0.27, mask3 ratio: 0.10, mask4 ratio: 0.60
2026-01-22 17:45:20,502 - root - INFO - mask1 ratio: 0.02, mask2 ratio: 0.12, mask3 ratio: 0.10, mask4 ratio: 0.76
2026-01-22 17:45:20,725 - root - INFO - mask1 ratio: 0.02, mask2 ratio: 0.11, mask3 ratio: 0.10, mask4 ratio: 0.78
2026-01-22 17:45:20,992 - root - INFO - mask1 ratio: 0.03, mask2 ratio: 0.26, mask3 ratio: 0.10, mask4 ratio: 0.61
2026-01-22 17:45:21,230 - root - INFO - mask1 ratio: 0.00, mask2 ratio: 0.02, mask3 ratio: 0.10, mask4 ratio: 0.88
2026-01-22 17:45:21,449 - root - INFO - mask1 ratio: 0.02, mask2 ratio: 0.17, mask3 ratio: 0.10, mask4 ratio: 0.71
2026-01-22 17:45:21,667 - root - INFO - mask1 ratio: 0.01, mask2 ratio: 0.02, mask3 ratio: 0.10, mask4 ratio: 0.87
2026-01-22 17:45:21,888 - root - INFO - mask1 ratio: 0.02, mask2 ratio: 0.10, mask3 ratio: 0.10, mask4 ratio: 0.78
2026-01-22 17:45:22,107 - root - INFO - mask1 ratio: 0.03, mask2 ratio: 0.22, mask3 ratio: 0.10, mask4 ratio: 0.65
2026-01-22 17:45:22,325 - root - INFO - mask1 ratio: 0.01, mask2 ratio: 0.02, mask3 ratio: 0.10, mask4 ratio: 0.87
2026-01-22 17:45:22,569 - root - INFO - mask1 ratio: 0.01, mask2 ratio: 0.07, mask3 ratio: 0.10, mask4 ratio: 0.81
2026-01-22 17:45:22,792 - root - INFO - mask1 ratio: 0.03, mask2 ratio: 0.19, mask3 ratio: 0.10, mask4 ratio: 0.69
2026-01-22 17:45:23,013 - root - INFO - mask1 ratio: 0.01, mask2 ratio: 0.02, mask3 ratio: 0.10, mask4 ratio: 0.88
2026-01-22 17:45:23,040 - root - INFO - time 4.54
2026-01-22 17:45:23,043 - root - INFO - 16 self_attn.q_proj
2026-01-22 17:45:23,043 - root - INFO - Quantizing ...
2026-01-22 17:45:23,237 - root - INFO - mask1 ratio: 0.01, mask2 ratio: 0.02, mask3 ratio: 0.10, mask4 ratio: 0.87
2026-01-22 17:45:23,453 - root - INFO - mask1 ratio: 0.03, mask2 ratio: 0.19, mask3 ratio: 0.10, mask4 ratio: 0.69
2026-01-22 17:45:23,686 - root - INFO - mask1 ratio: 0.01, mask2 ratio: 0.00, mask3 ratio: 0.10, mask4 ratio: 0.88
2026-01-22 17:45:23,916 - root - INFO - mask1 ratio: 0.01, mask2 ratio: 0.09, mask3 ratio: 0.10, mask4 ratio: 0.80
2026-01-22 17:45:24,170 - root - INFO - mask1 ratio: 0.02, mask2 ratio: 0.18, mask3 ratio: 0.10, mask4 ratio: 0.70
2026-01-22 17:45:24,407 - root - INFO - mask1 ratio: 0.03, mask2 ratio: 0.25, mask3 ratio: 0.10, mask4 ratio: 0.62
2026-01-22 17:45:24,652 - root - INFO - mask1 ratio: 0.03, mask2 ratio: 0.25, mask3 ratio: 0.10, mask4 ratio: 0.63
2026-01-22 17:45:24,875 - root - INFO - mask1 ratio: 0.02, mask2 ratio: 0.13, mask3 ratio: 0.10, mask4 ratio: 0.75
2026-01-22 17:45:25,099 - root - INFO - mask1 ratio: 0.01, mask2 ratio: 0.02, mask3 ratio: 0.10, mask4 ratio: 0.88
2026-01-22 17:45:25,324 - root - INFO - mask1 ratio: 0.02, mask2 ratio: 0.18, mask3 ratio: 0.10, mask4 ratio: 0.70
2026-01-22 17:45:25,580 - root - INFO - mask1 ratio: 0.02, mask2 ratio: 0.11, mask3 ratio: 0.10, mask4 ratio: 0.78
2026-01-22 17:45:25,804 - root - INFO - mask1 ratio: 0.01, mask2 ratio: 0.00, mask3 ratio: 0.10, mask4 ratio: 0.88
2026-01-22 17:45:26,026 - root - INFO - mask1 ratio: 0.01, mask2 ratio: 0.02, mask3 ratio: 0.10, mask4 ratio: 0.88
2026-01-22 17:45:26,242 - root - INFO - mask1 ratio: 0.01, mask2 ratio: 0.02, mask3 ratio: 0.10, mask4 ratio: 0.88
2026-01-22 17:45:26,461 - root - INFO - mask1 ratio: 0.01, mask2 ratio: 0.02, mask3 ratio: 0.10, mask4 ratio: 0.88
2026-01-22 17:45:26,678 - root - INFO - mask1 ratio: 0.02, mask2 ratio: 0.08, mask3 ratio: 0.10, mask4 ratio: 0.81
2026-01-22 17:45:26,890 - root - INFO - mask1 ratio: 0.01, mask2 ratio: 0.03, mask3 ratio: 0.10, mask4 ratio: 0.87
2026-01-22 17:45:27,140 - root - INFO - mask1 ratio: 0.01, mask2 ratio: 0.02, mask3 ratio: 0.10, mask4 ratio: 0.87
2026-01-22 17:45:27,352 - root - INFO - mask1 ratio: 0.01, mask2 ratio: 0.05, mask3 ratio: 0.10, mask4 ratio: 0.84
2026-01-22 17:45:27,584 - root - INFO - mask1 ratio: 0.01, mask2 ratio: 0.00, mask3 ratio: 0.10, mask4 ratio: 0.88
2026-01-22 17:45:27,611 - root - INFO - time 4.57
2026-01-22 17:45:27,614 - root - INFO - 16 self_attn.out_proj
2026-01-22 17:45:27,614 - root - INFO - Quantizing ...
2026-01-22 17:45:27,826 - root - INFO - mask1 ratio: 0.04, mask2 ratio: 0.34, mask3 ratio: 0.10, mask4 ratio: 0.52
2026-01-22 17:45:28,058 - root - INFO - mask1 ratio: 0.04, mask2 ratio: 0.34, mask3 ratio: 0.10, mask4 ratio: 0.52
2026-01-22 17:45:28,291 - root - INFO - mask1 ratio: 0.01, mask2 ratio: 0.05, mask3 ratio: 0.10, mask4 ratio: 0.84
2026-01-22 17:45:28,523 - root - INFO - mask1 ratio: 0.04, mask2 ratio: 0.33, mask3 ratio: 0.10, mask4 ratio: 0.53
2026-01-22 17:45:28,766 - root - INFO - mask1 ratio: 0.02, mask2 ratio: 0.11, mask3 ratio: 0.10, mask4 ratio: 0.77
2026-01-22 17:45:28,978 - root - INFO - mask1 ratio: 0.01, mask2 ratio: 0.04, mask3 ratio: 0.10, mask4 ratio: 0.85
2026-01-22 17:45:29,191 - root - INFO - mask1 ratio: 0.03, mask2 ratio: 0.22, mask3 ratio: 0.10, mask4 ratio: 0.64
2026-01-22 17:45:29,403 - root - INFO - mask1 ratio: 0.02, mask2 ratio: 0.08, mask3 ratio: 0.10, mask4 ratio: 0.80
2026-01-22 17:45:29,614 - root - INFO - mask1 ratio: 0.01, mask2 ratio: 0.03, mask3 ratio: 0.10, mask4 ratio: 0.85
2026-01-22 17:45:29,828 - root - INFO - mask1 ratio: 0.02, mask2 ratio: 0.10, mask3 ratio: 0.10, mask4 ratio: 0.78
2026-01-22 17:45:30,041 - root - INFO - mask1 ratio: 0.04, mask2 ratio: 0.34, mask3 ratio: 0.10, mask4 ratio: 0.53
2026-01-22 17:45:30,296 - root - INFO - mask1 ratio: 0.03, mask2 ratio: 0.25, mask3 ratio: 0.10, mask4 ratio: 0.62
2026-01-22 17:45:30,510 - root - INFO - mask1 ratio: 0.04, mask2 ratio: 0.34, mask3 ratio: 0.10, mask4 ratio: 0.52
2026-01-22 17:45:30,725 - root - INFO - mask1 ratio: 0.01, mask2 ratio: 0.03, mask3 ratio: 0.10, mask4 ratio: 0.85
2026-01-22 17:45:30,938 - root - INFO - mask1 ratio: 0.04, mask2 ratio: 0.34, mask3 ratio: 0.10, mask4 ratio: 0.53
2026-01-22 17:45:31,150 - root - INFO - mask1 ratio: 0.02, mask2 ratio: 0.05, mask3 ratio: 0.10, mask4 ratio: 0.83
2026-01-22 17:45:31,361 - root - INFO - mask1 ratio: 0.04, mask2 ratio: 0.34, mask3 ratio: 0.10, mask4 ratio: 0.53
2026-01-22 17:45:31,572 - root - INFO - mask1 ratio: 0.01, mask2 ratio: 0.06, mask3 ratio: 0.10, mask4 ratio: 0.83
2026-01-22 17:45:31,809 - root - INFO - mask1 ratio: 0.04, mask2 ratio: 0.34, mask3 ratio: 0.10, mask4 ratio: 0.52
2026-01-22 17:45:32,020 - root - INFO - mask1 ratio: 0.00, mask2 ratio: 0.03, mask3 ratio: 0.10, mask4 ratio: 0.87
2026-01-22 17:45:32,046 - root - INFO - time 4.43
2026-01-22 17:45:32,049 - root - INFO - 16 fc1
2026-01-22 17:45:32,049 - root - INFO - Quantizing ...
2026-01-22 17:45:32,314 - root - INFO - mask1 ratio: 0.01, mask2 ratio: 0.06, mask3 ratio: 0.10, mask4 ratio: 0.82
2026-01-22 17:45:32,601 - root - INFO - mask1 ratio: 0.02, mask2 ratio: 0.14, mask3 ratio: 0.10, mask4 ratio: 0.74
2026-01-22 17:45:32,890 - root - INFO - mask1 ratio: 0.04, mask2 ratio: 0.34, mask3 ratio: 0.10, mask4 ratio: 0.52
2026-01-22 17:45:33,214 - root - INFO - mask1 ratio: 0.01, mask2 ratio: 0.04, mask3 ratio: 0.10, mask4 ratio: 0.85
2026-01-22 17:45:33,499 - root - INFO - mask1 ratio: 0.01, mask2 ratio: 0.07, mask3 ratio: 0.10, mask4 ratio: 0.81
2026-01-22 17:45:33,786 - root - INFO - mask1 ratio: 0.02, mask2 ratio: 0.13, mask3 ratio: 0.10, mask4 ratio: 0.75
2026-01-22 17:45:34,072 - root - INFO - mask1 ratio: 0.02, mask2 ratio: 0.10, mask3 ratio: 0.10, mask4 ratio: 0.78
2026-01-22 17:45:34,385 - root - INFO - mask1 ratio: 0.02, mask2 ratio: 0.17, mask3 ratio: 0.10, mask4 ratio: 0.70
2026-01-22 17:45:34,674 - root - INFO - mask1 ratio: 0.02, mask2 ratio: 0.15, mask3 ratio: 0.10, mask4 ratio: 0.73
2026-01-22 17:45:34,961 - root - INFO - mask1 ratio: 0.02, mask2 ratio: 0.17, mask3 ratio: 0.10, mask4 ratio: 0.70
2026-01-22 17:45:35,243 - root - INFO - mask1 ratio: 0.02, mask2 ratio: 0.09, mask3 ratio: 0.10, mask4 ratio: 0.79
2026-01-22 17:45:35,526 - root - INFO - mask1 ratio: 0.01, mask2 ratio: 0.02, mask3 ratio: 0.10, mask4 ratio: 0.88
2026-01-22 17:45:35,851 - root - INFO - mask1 ratio: 0.01, mask2 ratio: 0.03, mask3 ratio: 0.10, mask4 ratio: 0.87
2026-01-22 17:45:36,136 - root - INFO - mask1 ratio: 0.00, mask2 ratio: 0.03, mask3 ratio: 0.10, mask4 ratio: 0.87
2026-01-22 17:45:36,423 - root - INFO - mask1 ratio: 0.02, mask2 ratio: 0.18, mask3 ratio: 0.10, mask4 ratio: 0.70
2026-01-22 17:45:36,707 - root - INFO - mask1 ratio: 0.02, mask2 ratio: 0.08, mask3 ratio: 0.10, mask4 ratio: 0.81
2026-01-22 17:45:37,026 - root - INFO - mask1 ratio: 0.01, mask2 ratio: 0.02, mask3 ratio: 0.10, mask4 ratio: 0.87
2026-01-22 17:45:37,310 - root - INFO - mask1 ratio: 0.01, mask2 ratio: 0.03, mask3 ratio: 0.10, mask4 ratio: 0.87
2026-01-22 17:45:37,594 - root - INFO - mask1 ratio: 0.01, mask2 ratio: 0.04, mask3 ratio: 0.10, mask4 ratio: 0.85
2026-01-22 17:45:37,876 - root - INFO - mask1 ratio: 0.01, mask2 ratio: 0.02, mask3 ratio: 0.10, mask4 ratio: 0.88
2026-01-22 17:45:37,907 - root - INFO - time 5.86
2026-01-22 17:45:37,916 - root - INFO - 16 fc2
2026-01-22 17:45:37,916 - root - INFO - Quantizing ...
2026-01-22 17:45:38,216 - root - INFO - mask1 ratio: 0.01, mask2 ratio: 0.05, mask3 ratio: 0.10, mask4 ratio: 0.84
2026-01-22 17:45:38,431 - root - INFO - mask1 ratio: 0.01, mask2 ratio: 0.06, mask3 ratio: 0.10, mask4 ratio: 0.83
2026-01-22 17:45:38,674 - root - INFO - mask1 ratio: 0.02, mask2 ratio: 0.08, mask3 ratio: 0.10, mask4 ratio: 0.80
2026-01-22 17:45:38,905 - root - INFO - mask1 ratio: 0.01, mask2 ratio: 0.04, mask3 ratio: 0.10, mask4 ratio: 0.85
2026-01-22 17:45:39,118 - root - INFO - mask1 ratio: 0.01, mask2 ratio: 0.05, mask3 ratio: 0.10, mask4 ratio: 0.84
2026-01-22 17:45:39,331 - root - INFO - mask1 ratio: 0.01, mask2 ratio: 0.03, mask3 ratio: 0.10, mask4 ratio: 0.86
2026-01-22 17:45:39,542 - root - INFO - mask1 ratio: 0.02, mask2 ratio: 0.08, mask3 ratio: 0.10, mask4 ratio: 0.81
2026-01-22 17:45:39,754 - root - INFO - mask1 ratio: 0.01, mask2 ratio: 0.04, mask3 ratio: 0.10, mask4 ratio: 0.85
2026-01-22 17:45:39,965 - root - INFO - mask1 ratio: 0.01, mask2 ratio: 0.04, mask3 ratio: 0.10, mask4 ratio: 0.85
2026-01-22 17:45:40,162 - root - INFO - mask1 ratio: 0.01, mask2 ratio: 0.04, mask3 ratio: 0.10, mask4 ratio: 0.85
2026-01-22 17:45:40,375 - root - INFO - mask1 ratio: 0.01, mask2 ratio: 0.04, mask3 ratio: 0.10, mask4 ratio: 0.85
2026-01-22 17:45:40,585 - root - INFO - mask1 ratio: 0.01, mask2 ratio: 0.04, mask3 ratio: 0.10, mask4 ratio: 0.85
2026-01-22 17:45:40,795 - root - INFO - mask1 ratio: 0.01, mask2 ratio: 0.06, mask3 ratio: 0.10, mask4 ratio: 0.82
2026-01-22 17:45:41,006 - root - INFO - mask1 ratio: 0.01, mask2 ratio: 0.03, mask3 ratio: 0.10, mask4 ratio: 0.86
2026-01-22 17:45:41,218 - root - INFO - mask1 ratio: 0.01, mask2 ratio: 0.05, mask3 ratio: 0.10, mask4 ratio: 0.84
2026-01-22 17:45:41,429 - root - INFO - mask1 ratio: 0.01, mask2 ratio: 0.04, mask3 ratio: 0.10, mask4 ratio: 0.85
2026-01-22 17:45:41,654 - root - INFO - mask1 ratio: 0.02, mask2 ratio: 0.09, mask3 ratio: 0.10, mask4 ratio: 0.79
2026-01-22 17:45:41,885 - root - INFO - mask1 ratio: 0.02, mask2 ratio: 0.09, mask3 ratio: 0.10, mask4 ratio: 0.80
2026-01-22 17:45:42,096 - root - INFO - mask1 ratio: 0.01, mask2 ratio: 0.02, mask3 ratio: 0.10, mask4 ratio: 0.88
2026-01-22 17:45:42,309 - root - INFO - mask1 ratio: 0.01, mask2 ratio: 0.05, mask3 ratio: 0.10, mask4 ratio: 0.84
2026-01-22 17:45:42,521 - root - INFO - mask1 ratio: 0.02, mask2 ratio: 0.09, mask3 ratio: 0.10, mask4 ratio: 0.80
2026-01-22 17:45:42,733 - root - INFO - mask1 ratio: 0.01, mask2 ratio: 0.03, mask3 ratio: 0.10, mask4 ratio: 0.86
2026-01-22 17:45:42,952 - root - INFO - mask1 ratio: 0.01, mask2 ratio: 0.03, mask3 ratio: 0.10, mask4 ratio: 0.86
2026-01-22 17:45:43,174 - root - INFO - mask1 ratio: 0.02, mask2 ratio: 0.12, mask3 ratio: 0.10, mask4 ratio: 0.76
2026-01-22 17:45:43,402 - root - INFO - mask1 ratio: 0.01, mask2 ratio: 0.03, mask3 ratio: 0.10, mask4 ratio: 0.86
2026-01-22 17:45:43,612 - root - INFO - mask1 ratio: 0.02, mask2 ratio: 0.06, mask3 ratio: 0.10, mask4 ratio: 0.82
2026-01-22 17:45:43,823 - root - INFO - mask1 ratio: 0.02, mask2 ratio: 0.12, mask3 ratio: 0.10, mask4 ratio: 0.76
2026-01-22 17:45:44,040 - root - INFO - mask1 ratio: 0.01, mask2 ratio: 0.02, mask3 ratio: 0.10, mask4 ratio: 0.88
2026-01-22 17:45:44,269 - root - INFO - mask1 ratio: 0.02, mask2 ratio: 0.12, mask3 ratio: 0.10, mask4 ratio: 0.76
2026-01-22 17:45:44,479 - root - INFO - mask1 ratio: 0.01, mask2 ratio: 0.03, mask3 ratio: 0.10, mask4 ratio: 0.86
2026-01-22 17:45:44,711 - root - INFO - mask1 ratio: 0.02, mask2 ratio: 0.13, mask3 ratio: 0.10, mask4 ratio: 0.75
2026-01-22 17:45:44,933 - root - INFO - mask1 ratio: 0.01, mask2 ratio: 0.05, mask3 ratio: 0.10, mask4 ratio: 0.84
2026-01-22 17:45:45,145 - root - INFO - mask1 ratio: 0.01, mask2 ratio: 0.04, mask3 ratio: 0.10, mask4 ratio: 0.85
2026-01-22 17:45:45,359 - root - INFO - mask1 ratio: 0.02, mask2 ratio: 0.13, mask3 ratio: 0.10, mask4 ratio: 0.74
2026-01-22 17:45:45,570 - root - INFO - mask1 ratio: 0.03, mask2 ratio: 0.22, mask3 ratio: 0.10, mask4 ratio: 0.66
2026-01-22 17:45:45,782 - root - INFO - mask1 ratio: 0.01, mask2 ratio: 0.05, mask3 ratio: 0.10, mask4 ratio: 0.84
2026-01-22 17:45:45,993 - root - INFO - mask1 ratio: 0.01, mask2 ratio: 0.05, mask3 ratio: 0.10, mask4 ratio: 0.84
2026-01-22 17:45:46,204 - root - INFO - mask1 ratio: 0.01, mask2 ratio: 0.02, mask3 ratio: 0.10, mask4 ratio: 0.87
2026-01-22 17:45:46,443 - root - INFO - mask1 ratio: 0.01, mask2 ratio: 0.02, mask3 ratio: 0.10, mask4 ratio: 0.88
2026-01-22 17:45:46,655 - root - INFO - mask1 ratio: 0.02, mask2 ratio: 0.13, mask3 ratio: 0.10, mask4 ratio: 0.75
2026-01-22 17:45:46,870 - root - INFO - mask1 ratio: 0.01, mask2 ratio: 0.04, mask3 ratio: 0.10, mask4 ratio: 0.85
2026-01-22 17:45:47,083 - root - INFO - mask1 ratio: 0.01, mask2 ratio: 0.02, mask3 ratio: 0.10, mask4 ratio: 0.87
2026-01-22 17:45:47,294 - root - INFO - mask1 ratio: 0.01, mask2 ratio: 0.04, mask3 ratio: 0.10, mask4 ratio: 0.85
2026-01-22 17:45:47,505 - root - INFO - mask1 ratio: 0.02, mask2 ratio: 0.17, mask3 ratio: 0.10, mask4 ratio: 0.71
2026-01-22 17:45:47,715 - root - INFO - mask1 ratio: 0.01, mask2 ratio: 0.03, mask3 ratio: 0.10, mask4 ratio: 0.86
2026-01-22 17:45:47,968 - root - INFO - mask1 ratio: 0.01, mask2 ratio: 0.06, mask3 ratio: 0.10, mask4 ratio: 0.83
2026-01-22 17:45:48,179 - root - INFO - mask1 ratio: 0.01, mask2 ratio: 0.03, mask3 ratio: 0.10, mask4 ratio: 0.86
2026-01-22 17:45:48,411 - root - INFO - mask1 ratio: 0.02, mask2 ratio: 0.08, mask3 ratio: 0.10, mask4 ratio: 0.81
2026-01-22 17:45:48,622 - root - INFO - mask1 ratio: 0.02, mask2 ratio: 0.12, mask3 ratio: 0.10, mask4 ratio: 0.76
2026-01-22 17:45:48,833 - root - INFO - mask1 ratio: 0.02, mask2 ratio: 0.08, mask3 ratio: 0.10, mask4 ratio: 0.80
2026-01-22 17:45:49,045 - root - INFO - mask1 ratio: 0.01, mask2 ratio: 0.04, mask3 ratio: 0.10, mask4 ratio: 0.85
2026-01-22 17:45:49,258 - root - INFO - mask1 ratio: 0.01, mask2 ratio: 0.07, mask3 ratio: 0.10, mask4 ratio: 0.81
2026-01-22 17:45:49,498 - root - INFO - mask1 ratio: 0.02, mask2 ratio: 0.12, mask3 ratio: 0.10, mask4 ratio: 0.76
2026-01-22 17:45:49,716 - root - INFO - mask1 ratio: 0.01, mask2 ratio: 0.03, mask3 ratio: 0.10, mask4 ratio: 0.86
2026-01-22 17:45:49,927 - root - INFO - mask1 ratio: 0.01, mask2 ratio: 0.06, mask3 ratio: 0.10, mask4 ratio: 0.82
2026-01-22 17:45:50,139 - root - INFO - mask1 ratio: 0.01, mask2 ratio: 0.06, mask3 ratio: 0.10, mask4 ratio: 0.84
2026-01-22 17:45:50,349 - root - INFO - mask1 ratio: 0.01, mask2 ratio: 0.04, mask3 ratio: 0.10, mask4 ratio: 0.85
2026-01-22 17:45:50,561 - root - INFO - mask1 ratio: 0.03, mask2 ratio: 0.19, mask3 ratio: 0.10, mask4 ratio: 0.68
2026-01-22 17:45:50,772 - root - INFO - mask1 ratio: 0.01, mask2 ratio: 0.05, mask3 ratio: 0.10, mask4 ratio: 0.84
2026-01-22 17:45:51,026 - root - INFO - mask1 ratio: 0.01, mask2 ratio: 0.04, mask3 ratio: 0.10, mask4 ratio: 0.85
2026-01-22 17:45:51,237 - root - INFO - mask1 ratio: 0.01, mask2 ratio: 0.02, mask3 ratio: 0.10, mask4 ratio: 0.87
2026-01-22 17:45:51,448 - root - INFO - mask1 ratio: 0.01, mask2 ratio: 0.03, mask3 ratio: 0.10, mask4 ratio: 0.86
2026-01-22 17:45:51,662 - root - INFO - mask1 ratio: 0.03, mask2 ratio: 0.19, mask3 ratio: 0.10, mask4 ratio: 0.69
2026-01-22 17:45:51,874 - root - INFO - mask1 ratio: 0.01, mask2 ratio: 0.02, mask3 ratio: 0.10, mask4 ratio: 0.87
2026-01-22 17:45:52,095 - root - INFO - mask1 ratio: 0.01, mask2 ratio: 0.02, mask3 ratio: 0.10, mask4 ratio: 0.87
2026-01-22 17:45:52,317 - root - INFO - mask1 ratio: 0.01, mask2 ratio: 0.02, mask3 ratio: 0.10, mask4 ratio: 0.87
2026-01-22 17:45:52,556 - root - INFO - mask1 ratio: 0.02, mask2 ratio: 0.07, mask3 ratio: 0.10, mask4 ratio: 0.81
2026-01-22 17:45:52,767 - root - INFO - mask1 ratio: 0.02, mask2 ratio: 0.19, mask3 ratio: 0.10, mask4 ratio: 0.68
2026-01-22 17:45:52,979 - root - INFO - mask1 ratio: 0.02, mask2 ratio: 0.11, mask3 ratio: 0.10, mask4 ratio: 0.77
2026-01-22 17:45:53,188 - root - INFO - mask1 ratio: 0.01, mask2 ratio: 0.04, mask3 ratio: 0.10, mask4 ratio: 0.85
2026-01-22 17:45:53,400 - root - INFO - mask1 ratio: 0.03, mask2 ratio: 0.21, mask3 ratio: 0.10, mask4 ratio: 0.67
2026-01-22 17:45:53,612 - root - INFO - mask1 ratio: 0.02, mask2 ratio: 0.08, mask3 ratio: 0.10, mask4 ratio: 0.81
2026-01-22 17:45:53,823 - root - INFO - mask1 ratio: 0.01, mask2 ratio: 0.02, mask3 ratio: 0.10, mask4 ratio: 0.88
2026-01-22 17:45:54,074 - root - INFO - mask1 ratio: 0.01, mask2 ratio: 0.02, mask3 ratio: 0.10, mask4 ratio: 0.88
2026-01-22 17:45:54,285 - root - INFO - mask1 ratio: 0.01, mask2 ratio: 0.05, mask3 ratio: 0.10, mask4 ratio: 0.84
2026-01-22 17:45:54,496 - root - INFO - mask1 ratio: 0.01, mask2 ratio: 0.02, mask3 ratio: 0.10, mask4 ratio: 0.88
2026-01-22 17:45:54,709 - root - INFO - mask1 ratio: 0.02, mask2 ratio: 0.08, mask3 ratio: 0.10, mask4 ratio: 0.81
2026-01-22 17:45:54,919 - root - INFO - mask1 ratio: 0.01, mask2 ratio: 0.02, mask3 ratio: 0.10, mask4 ratio: 0.87
2026-01-22 17:45:55,129 - root - INFO - mask1 ratio: 0.02, mask2 ratio: 0.13, mask3 ratio: 0.10, mask4 ratio: 0.74
2026-01-22 17:45:55,341 - root - INFO - mask1 ratio: 0.01, mask2 ratio: 0.00, mask3 ratio: 0.10, mask4 ratio: 0.88
2026-01-22 17:45:55,367 - root - INFO - time 17.45
2026-01-22 17:45:57,674 - root - INFO - 17 self_attn.k_proj
2026-01-22 17:45:57,674 - root - INFO - Quantizing ...
2026-01-22 17:45:58,291 - root - INFO - mask1 ratio: 0.01, mask2 ratio: 0.02, mask3 ratio: 0.10, mask4 ratio: 0.87
2026-01-22 17:45:58,502 - root - INFO - mask1 ratio: 0.01, mask2 ratio: 0.00, mask3 ratio: 0.10, mask4 ratio: 0.88
2026-01-22 17:45:58,712 - root - INFO - mask1 ratio: 0.01, mask2 ratio: 0.00, mask3 ratio: 0.10, mask4 ratio: 0.88
2026-01-22 17:45:58,923 - root - INFO - mask1 ratio: 0.01, mask2 ratio: 0.03, mask3 ratio: 0.10, mask4 ratio: 0.86
2026-01-22 17:45:59,175 - root - INFO - mask1 ratio: 0.02, mask2 ratio: 0.08, mask3 ratio: 0.10, mask4 ratio: 0.80
2026-01-22 17:45:59,385 - root - INFO - mask1 ratio: 0.02, mask2 ratio: 0.17, mask3 ratio: 0.10, mask4 ratio: 0.70
2026-01-22 17:45:59,597 - root - INFO - mask1 ratio: 0.02, mask2 ratio: 0.09, mask3 ratio: 0.10, mask4 ratio: 0.79
2026-01-22 17:45:59,808 - root - INFO - mask1 ratio: 0.01, mask2 ratio: 0.04, mask3 ratio: 0.10, mask4 ratio: 0.85
2026-01-22 17:46:00,019 - root - INFO - mask1 ratio: 0.01, mask2 ratio: 0.00, mask3 ratio: 0.10, mask4 ratio: 0.88
2026-01-22 17:46:00,230 - root - INFO - mask1 ratio: 0.02, mask2 ratio: 0.11, mask3 ratio: 0.10, mask4 ratio: 0.78
2026-01-22 17:46:00,440 - root - INFO - mask1 ratio: 0.01, mask2 ratio: 0.06, mask3 ratio: 0.10, mask4 ratio: 0.83
2026-01-22 17:46:00,666 - root - INFO - mask1 ratio: 0.01, mask2 ratio: 0.00, mask3 ratio: 0.10, mask4 ratio: 0.88
2026-01-22 17:46:00,884 - root - INFO - mask1 ratio: 0.00, mask2 ratio: 0.02, mask3 ratio: 0.10, mask4 ratio: 0.88
2026-01-22 17:46:01,093 - root - INFO - mask1 ratio: 0.00, mask2 ratio: 0.02, mask3 ratio: 0.10, mask4 ratio: 0.88
2026-01-22 17:46:01,303 - root - INFO - mask1 ratio: 0.01, mask2 ratio: 0.02, mask3 ratio: 0.10, mask4 ratio: 0.88
2026-01-22 17:46:01,512 - root - INFO - mask1 ratio: 0.01, mask2 ratio: 0.02, mask3 ratio: 0.10, mask4 ratio: 0.87
2026-01-22 17:46:01,723 - root - INFO - mask1 ratio: 0.01, mask2 ratio: 0.02, mask3 ratio: 0.10, mask4 ratio: 0.88
2026-01-22 17:46:01,943 - root - INFO - mask1 ratio: 0.01, mask2 ratio: 0.03, mask3 ratio: 0.10, mask4 ratio: 0.87
2026-01-22 17:46:02,163 - root - INFO - mask1 ratio: 0.01, mask2 ratio: 0.03, mask3 ratio: 0.10, mask4 ratio: 0.86
2026-01-22 17:46:02,396 - root - INFO - mask1 ratio: 0.01, mask2 ratio: 0.00, mask3 ratio: 0.10, mask4 ratio: 0.88
2026-01-22 17:46:02,422 - root - INFO - time 4.75
2026-01-22 17:46:02,433 - root - INFO - 17 self_attn.v_proj
2026-01-22 17:46:02,433 - root - INFO - Quantizing ...
2026-01-22 17:46:02,627 - root - INFO - mask1 ratio: 0.04, mask2 ratio: 0.32, mask3 ratio: 0.10, mask4 ratio: 0.54
2026-01-22 17:46:02,841 - root - INFO - mask1 ratio: 0.03, mask2 ratio: 0.21, mask3 ratio: 0.10, mask4 ratio: 0.67
2026-01-22 17:46:03,052 - root - INFO - mask1 ratio: 0.02, mask2 ratio: 0.14, mask3 ratio: 0.10, mask4 ratio: 0.74
2026-01-22 17:46:03,263 - root - INFO - mask1 ratio: 0.02, mask2 ratio: 0.13, mask3 ratio: 0.10, mask4 ratio: 0.75
2026-01-22 17:46:03,484 - root - INFO - mask1 ratio: 0.03, mask2 ratio: 0.22, mask3 ratio: 0.10, mask4 ratio: 0.65
2026-01-22 17:46:03,722 - root - INFO - mask1 ratio: 0.03, mask2 ratio: 0.24, mask3 ratio: 0.10, mask4 ratio: 0.63
2026-01-22 17:46:03,935 - root - INFO - mask1 ratio: 0.02, mask2 ratio: 0.17, mask3 ratio: 0.10, mask4 ratio: 0.71
2026-01-22 17:46:04,145 - root - INFO - mask1 ratio: 0.02, mask2 ratio: 0.15, mask3 ratio: 0.10, mask4 ratio: 0.74
2026-01-22 17:46:04,355 - root - INFO - mask1 ratio: 0.03, mask2 ratio: 0.30, mask3 ratio: 0.10, mask4 ratio: 0.57
2026-01-22 17:46:04,567 - root - INFO - mask1 ratio: 0.03, mask2 ratio: 0.22, mask3 ratio: 0.10, mask4 ratio: 0.66
2026-01-22 17:46:04,779 - root - INFO - mask1 ratio: 0.04, mask2 ratio: 0.29, mask3 ratio: 0.10, mask4 ratio: 0.57
2026-01-22 17:46:04,990 - root - INFO - mask1 ratio: 0.00, mask2 ratio: 0.02, mask3 ratio: 0.10, mask4 ratio: 0.88
2026-01-22 17:46:05,243 - root - INFO - mask1 ratio: 0.02, mask2 ratio: 0.21, mask3 ratio: 0.10, mask4 ratio: 0.67
2026-01-22 17:46:05,453 - root - INFO - mask1 ratio: 0.01, mask2 ratio: 0.03, mask3 ratio: 0.10, mask4 ratio: 0.86
2026-01-22 17:46:05,665 - root - INFO - mask1 ratio: 0.02, mask2 ratio: 0.16, mask3 ratio: 0.10, mask4 ratio: 0.72
2026-01-22 17:46:05,887 - root - INFO - mask1 ratio: 0.01, mask2 ratio: 0.06, mask3 ratio: 0.10, mask4 ratio: 0.82
2026-01-22 17:46:06,102 - root - INFO - mask1 ratio: 0.01, mask2 ratio: 0.04, mask3 ratio: 0.10, mask4 ratio: 0.85
2026-01-22 17:46:06,313 - root - INFO - mask1 ratio: 0.01, mask2 ratio: 0.04, mask3 ratio: 0.10, mask4 ratio: 0.85
2026-01-22 17:46:06,524 - root - INFO - mask1 ratio: 0.01, mask2 ratio: 0.07, mask3 ratio: 0.10, mask4 ratio: 0.82
2026-01-22 17:46:06,761 - root - INFO - mask1 ratio: 0.01, mask2 ratio: 0.00, mask3 ratio: 0.10, mask4 ratio: 0.88
2026-01-22 17:46:06,788 - root - INFO - time 4.35
2026-01-22 17:46:06,790 - root - INFO - 17 self_attn.q_proj
2026-01-22 17:46:06,790 - root - INFO - Quantizing ...
2026-01-22 17:46:06,982 - root - INFO - mask1 ratio: 0.01, mask2 ratio: 0.03, mask3 ratio: 0.10, mask4 ratio: 0.86
2026-01-22 17:46:07,194 - root - INFO - mask1 ratio: 0.04, mask2 ratio: 0.34, mask3 ratio: 0.10, mask4 ratio: 0.52
2026-01-22 17:46:07,403 - root - INFO - mask1 ratio: 0.01, mask2 ratio: 0.00, mask3 ratio: 0.10, mask4 ratio: 0.88
2026-01-22 17:46:07,612 - root - INFO - mask1 ratio: 0.01, mask2 ratio: 0.04, mask3 ratio: 0.10, mask4 ratio: 0.85
2026-01-22 17:46:07,822 - root - INFO - mask1 ratio: 0.02, mask2 ratio: 0.10, mask3 ratio: 0.10, mask4 ratio: 0.78
2026-01-22 17:46:08,034 - root - INFO - mask1 ratio: 0.02, mask2 ratio: 0.12, mask3 ratio: 0.10, mask4 ratio: 0.76
2026-01-22 17:46:08,268 - root - INFO - mask1 ratio: 0.02, mask2 ratio: 0.12, mask3 ratio: 0.10, mask4 ratio: 0.76
2026-01-22 17:46:08,500 - root - INFO - mask1 ratio: 0.02, mask2 ratio: 0.10, mask3 ratio: 0.10, mask4 ratio: 0.78
2026-01-22 17:46:08,722 - root - INFO - mask1 ratio: 0.01, mask2 ratio: 0.02, mask3 ratio: 0.10, mask4 ratio: 0.88
2026-01-22 17:46:08,945 - root - INFO - mask1 ratio: 0.02, mask2 ratio: 0.13, mask3 ratio: 0.10, mask4 ratio: 0.75
2026-01-22 17:46:09,158 - root - INFO - mask1 ratio: 0.02, mask2 ratio: 0.14, mask3 ratio: 0.10, mask4 ratio: 0.74
2026-01-22 17:46:09,368 - root - INFO - mask1 ratio: 0.01, mask2 ratio: 0.00, mask3 ratio: 0.10, mask4 ratio: 0.88
2026-01-22 17:46:09,578 - root - INFO - mask1 ratio: 0.01, mask2 ratio: 0.02, mask3 ratio: 0.10, mask4 ratio: 0.88
2026-01-22 17:46:09,814 - root - INFO - mask1 ratio: 0.00, mask2 ratio: 0.02, mask3 ratio: 0.10, mask4 ratio: 0.88
2026-01-22 17:46:10,025 - root - INFO - mask1 ratio: 0.01, mask2 ratio: 0.02, mask3 ratio: 0.10, mask4 ratio: 0.87
2026-01-22 17:46:10,236 - root - INFO - mask1 ratio: 0.01, mask2 ratio: 0.02, mask3 ratio: 0.10, mask4 ratio: 0.87
2026-01-22 17:46:10,445 - root - INFO - mask1 ratio: 0.01, mask2 ratio: 0.03, mask3 ratio: 0.10, mask4 ratio: 0.86
2026-01-22 17:46:10,655 - root - INFO - mask1 ratio: 0.01, mask2 ratio: 0.03, mask3 ratio: 0.10, mask4 ratio: 0.86
2026-01-22 17:46:10,865 - root - INFO - mask1 ratio: 0.01, mask2 ratio: 0.04, mask3 ratio: 0.10, mask4 ratio: 0.85
2026-01-22 17:46:11,075 - root - INFO - mask1 ratio: 0.01, mask2 ratio: 0.00, mask3 ratio: 0.10, mask4 ratio: 0.88
2026-01-22 17:46:11,102 - root - INFO - time 4.31
2026-01-22 17:46:11,105 - root - INFO - 17 self_attn.out_proj
2026-01-22 17:46:11,105 - root - INFO - Quantizing ...
2026-01-22 17:46:11,340 - root - INFO - mask1 ratio: 0.01, mask2 ratio: 0.05, mask3 ratio: 0.10, mask4 ratio: 0.84
2026-01-22 17:46:11,552 - root - INFO - mask1 ratio: 0.04, mask2 ratio: 0.34, mask3 ratio: 0.10, mask4 ratio: 0.52
2026-01-22 17:46:11,763 - root - INFO - mask1 ratio: 0.01, mask2 ratio: 0.05, mask3 ratio: 0.10, mask4 ratio: 0.85
2026-01-22 17:46:11,974 - root - INFO - mask1 ratio: 0.04, mask2 ratio: 0.34, mask3 ratio: 0.10, mask4 ratio: 0.53
2026-01-22 17:46:12,186 - root - INFO - mask1 ratio: 0.04, mask2 ratio: 0.33, mask3 ratio: 0.10, mask4 ratio: 0.53
2026-01-22 17:46:12,396 - root - INFO - mask1 ratio: 0.01, mask2 ratio: 0.05, mask3 ratio: 0.10, mask4 ratio: 0.84
2026-01-22 17:46:12,607 - root - INFO - mask1 ratio: 0.01, mask2 ratio: 0.03, mask3 ratio: 0.10, mask4 ratio: 0.86
2026-01-22 17:46:12,829 - root - INFO - mask1 ratio: 0.04, mask2 ratio: 0.34, mask3 ratio: 0.10, mask4 ratio: 0.52
2026-01-22 17:46:13,047 - root - INFO - mask1 ratio: 0.02, mask2 ratio: 0.10, mask3 ratio: 0.10, mask4 ratio: 0.78
2026-01-22 17:46:13,260 - root - INFO - mask1 ratio: 0.01, mask2 ratio: 0.04, mask3 ratio: 0.10, mask4 ratio: 0.85
2026-01-22 17:46:13,473 - root - INFO - mask1 ratio: 0.02, mask2 ratio: 0.08, mask3 ratio: 0.10, mask4 ratio: 0.80
2026-01-22 17:46:13,683 - root - INFO - mask1 ratio: 0.01, mask2 ratio: 0.05, mask3 ratio: 0.10, mask4 ratio: 0.84
2026-01-22 17:46:13,905 - root - INFO - mask1 ratio: 0.01, mask2 ratio: 0.05, mask3 ratio: 0.10, mask4 ratio: 0.84
2026-01-22 17:46:14,119 - root - INFO - mask1 ratio: 0.03, mask2 ratio: 0.31, mask3 ratio: 0.10, mask4 ratio: 0.56
2026-01-22 17:46:14,356 - root - INFO - mask1 ratio: 0.01, mask2 ratio: 0.02, mask3 ratio: 0.10, mask4 ratio: 0.87
2026-01-22 17:46:14,575 - root - INFO - mask1 ratio: 0.01, mask2 ratio: 0.02, mask3 ratio: 0.10, mask4 ratio: 0.87
2026-01-22 17:46:14,790 - root - INFO - mask1 ratio: 0.01, mask2 ratio: 0.06, mask3 ratio: 0.10, mask4 ratio: 0.83
2026-01-22 17:46:15,001 - root - INFO - mask1 ratio: 0.04, mask2 ratio: 0.34, mask3 ratio: 0.10, mask4 ratio: 0.52
2026-01-22 17:46:15,213 - root - INFO - mask1 ratio: 0.02, mask2 ratio: 0.07, mask3 ratio: 0.10, mask4 ratio: 0.81
2026-01-22 17:46:15,425 - root - INFO - mask1 ratio: 0.02, mask2 ratio: 0.13, mask3 ratio: 0.10, mask4 ratio: 0.74
2026-01-22 17:46:15,452 - root - INFO - time 4.35
2026-01-22 17:46:15,455 - root - INFO - 17 fc1
2026-01-22 17:46:15,455 - root - INFO - Quantizing ...
2026-01-22 17:46:15,720 - root - INFO - mask1 ratio: 0.01, mask2 ratio: 0.06, mask3 ratio: 0.10, mask4 ratio: 0.82
2026-01-22 17:46:16,031 - root - INFO - mask1 ratio: 0.02, mask2 ratio: 0.09, mask3 ratio: 0.10, mask4 ratio: 0.79
2026-01-22 17:46:16,320 - root - INFO - mask1 ratio: 0.04, mask2 ratio: 0.34, mask3 ratio: 0.10, mask4 ratio: 0.52
2026-01-22 17:46:16,604 - root - INFO - mask1 ratio: 0.01, mask2 ratio: 0.04, mask3 ratio: 0.10, mask4 ratio: 0.85
2026-01-22 17:46:16,891 - root - INFO - mask1 ratio: 0.02, mask2 ratio: 0.19, mask3 ratio: 0.10, mask4 ratio: 0.68
2026-01-22 17:46:17,207 - root - INFO - mask1 ratio: 0.01, mask2 ratio: 0.07, mask3 ratio: 0.10, mask4 ratio: 0.81
2026-01-22 17:46:17,496 - root - INFO - mask1 ratio: 0.02, mask2 ratio: 0.14, mask3 ratio: 0.10, mask4 ratio: 0.74
2026-01-22 17:46:17,786 - root - INFO - mask1 ratio: 0.02, mask2 ratio: 0.09, mask3 ratio: 0.10, mask4 ratio: 0.79
2026-01-22 17:46:18,072 - root - INFO - mask1 ratio: 0.01, mask2 ratio: 0.07, mask3 ratio: 0.10, mask4 ratio: 0.81
2026-01-22 17:46:18,360 - root - INFO - mask1 ratio: 0.02, mask2 ratio: 0.12, mask3 ratio: 0.10, mask4 ratio: 0.76
2026-01-22 17:46:18,675 - root - INFO - mask1 ratio: 0.03, mask2 ratio: 0.24, mask3 ratio: 0.10, mask4 ratio: 0.63
2026-01-22 17:46:18,957 - root - INFO - mask1 ratio: 0.01, mask2 ratio: 0.02, mask3 ratio: 0.10, mask4 ratio: 0.88
2026-01-22 17:46:19,238 - root - INFO - mask1 ratio: 0.00, mask2 ratio: 0.03, mask3 ratio: 0.10, mask4 ratio: 0.87
2026-01-22 17:46:19,523 - root - INFO - mask1 ratio: 0.01, mask2 ratio: 0.02, mask3 ratio: 0.10, mask4 ratio: 0.87
2026-01-22 17:46:19,849 - root - INFO - mask1 ratio: 0.02, mask2 ratio: 0.13, mask3 ratio: 0.10, mask4 ratio: 0.75
2026-01-22 17:46:20,133 - root - INFO - mask1 ratio: 0.01, mask2 ratio: 0.04, mask3 ratio: 0.10, mask4 ratio: 0.85
2026-01-22 17:46:20,418 - root - INFO - mask1 ratio: 0.01, mask2 ratio: 0.03, mask3 ratio: 0.10, mask4 ratio: 0.86
2026-01-22 17:46:20,700 - root - INFO - mask1 ratio: 0.01, mask2 ratio: 0.03, mask3 ratio: 0.10, mask4 ratio: 0.87
2026-01-22 17:46:20,983 - root - INFO - mask1 ratio: 0.01, mask2 ratio: 0.03, mask3 ratio: 0.10, mask4 ratio: 0.86
2026-01-22 17:46:21,283 - root - INFO - mask1 ratio: 0.00, mask2 ratio: 0.02, mask3 ratio: 0.10, mask4 ratio: 0.88
2026-01-22 17:46:21,315 - root - INFO - time 5.86
2026-01-22 17:46:21,324 - root - INFO - 17 fc2
2026-01-22 17:46:21,324 - root - INFO - Quantizing ...
2026-01-22 17:46:21,629 - root - INFO - mask1 ratio: 0.01, mask2 ratio: 0.05, mask3 ratio: 0.10, mask4 ratio: 0.84
2026-01-22 17:46:21,851 - root - INFO - mask1 ratio: 0.01, mask2 ratio: 0.02, mask3 ratio: 0.10, mask4 ratio: 0.87
2026-01-22 17:46:22,075 - root - INFO - mask1 ratio: 0.01, mask2 ratio: 0.03, mask3 ratio: 0.10, mask4 ratio: 0.86
2026-01-22 17:46:22,302 - root - INFO - mask1 ratio: 0.01, mask2 ratio: 0.06, mask3 ratio: 0.10, mask4 ratio: 0.83
2026-01-22 17:46:22,526 - root - INFO - mask1 ratio: 0.01, mask2 ratio: 0.06, mask3 ratio: 0.10, mask4 ratio: 0.83
2026-01-22 17:46:22,752 - root - INFO - mask1 ratio: 0.03, mask2 ratio: 0.23, mask3 ratio: 0.10, mask4 ratio: 0.64
2026-01-22 17:46:23,003 - root - INFO - mask1 ratio: 0.01, mask2 ratio: 0.05, mask3 ratio: 0.10, mask4 ratio: 0.84
2026-01-22 17:46:23,215 - root - INFO - mask1 ratio: 0.02, mask2 ratio: 0.16, mask3 ratio: 0.10, mask4 ratio: 0.72
2026-01-22 17:46:23,428 - root - INFO - mask1 ratio: 0.02, mask2 ratio: 0.20, mask3 ratio: 0.10, mask4 ratio: 0.67
2026-01-22 17:46:23,640 - root - INFO - mask1 ratio: 0.01, mask2 ratio: 0.04, mask3 ratio: 0.10, mask4 ratio: 0.85
2026-01-22 17:46:23,852 - root - INFO - mask1 ratio: 0.01, mask2 ratio: 0.03, mask3 ratio: 0.10, mask4 ratio: 0.86
2026-01-22 17:46:24,063 - root - INFO - mask1 ratio: 0.01, mask2 ratio: 0.04, mask3 ratio: 0.10, mask4 ratio: 0.85
2026-01-22 17:46:24,275 - root - INFO - mask1 ratio: 0.01, mask2 ratio: 0.02, mask3 ratio: 0.10, mask4 ratio: 0.88
2026-01-22 17:46:24,516 - root - INFO - mask1 ratio: 0.01, mask2 ratio: 0.05, mask3 ratio: 0.10, mask4 ratio: 0.84
2026-01-22 17:46:24,728 - root - INFO - mask1 ratio: 0.01, mask2 ratio: 0.04, mask3 ratio: 0.10, mask4 ratio: 0.85
2026-01-22 17:46:24,938 - root - INFO - mask1 ratio: 0.01, mask2 ratio: 0.04, mask3 ratio: 0.10, mask4 ratio: 0.85
2026-01-22 17:46:25,149 - root - INFO - mask1 ratio: 0.01, mask2 ratio: 0.04, mask3 ratio: 0.10, mask4 ratio: 0.85
2026-01-22 17:46:25,359 - root - INFO - mask1 ratio: 0.01, mask2 ratio: 0.03, mask3 ratio: 0.10, mask4 ratio: 0.86
2026-01-22 17:46:25,571 - root - INFO - mask1 ratio: 0.02, mask2 ratio: 0.09, mask3 ratio: 0.10, mask4 ratio: 0.80
2026-01-22 17:46:25,810 - root - INFO - mask1 ratio: 0.02, mask2 ratio: 0.08, mask3 ratio: 0.10, mask4 ratio: 0.81
2026-01-22 17:46:26,061 - root - INFO - mask1 ratio: 0.01, mask2 ratio: 0.04, mask3 ratio: 0.10, mask4 ratio: 0.85
2026-01-22 17:46:26,273 - root - INFO - mask1 ratio: 0.01, mask2 ratio: 0.02, mask3 ratio: 0.10, mask4 ratio: 0.87
2026-01-22 17:46:26,487 - root - INFO - mask1 ratio: 0.01, mask2 ratio: 0.04, mask3 ratio: 0.10, mask4 ratio: 0.85
2026-01-22 17:46:26,699 - root - INFO - mask1 ratio: 0.01, mask2 ratio: 0.04, mask3 ratio: 0.10, mask4 ratio: 0.85
2026-01-22 17:46:26,911 - root - INFO - mask1 ratio: 0.03, mask2 ratio: 0.18, mask3 ratio: 0.10, mask4 ratio: 0.69
2026-01-22 17:46:27,122 - root - INFO - mask1 ratio: 0.01, mask2 ratio: 0.04, mask3 ratio: 0.10, mask4 ratio: 0.85
2026-01-22 17:46:27,335 - root - INFO - mask1 ratio: 0.01, mask2 ratio: 0.04, mask3 ratio: 0.10, mask4 ratio: 0.85
2026-01-22 17:46:27,575 - root - INFO - mask1 ratio: 0.01, mask2 ratio: 0.03, mask3 ratio: 0.10, mask4 ratio: 0.86
2026-01-22 17:46:27,786 - root - INFO - mask1 ratio: 0.01, mask2 ratio: 0.03, mask3 ratio: 0.10, mask4 ratio: 0.86
2026-01-22 17:46:27,996 - root - INFO - mask1 ratio: 0.01, mask2 ratio: 0.03, mask3 ratio: 0.10, mask4 ratio: 0.86
2026-01-22 17:46:28,207 - root - INFO - mask1 ratio: 0.02, mask2 ratio: 0.12, mask3 ratio: 0.10, mask4 ratio: 0.76
2026-01-22 17:46:28,418 - root - INFO - mask1 ratio: 0.01, mask2 ratio: 0.04, mask3 ratio: 0.10, mask4 ratio: 0.85
2026-01-22 17:46:28,638 - root - INFO - mask1 ratio: 0.03, mask2 ratio: 0.15, mask3 ratio: 0.10, mask4 ratio: 0.72
2026-01-22 17:46:28,851 - root - INFO - mask1 ratio: 0.02, mask2 ratio: 0.06, mask3 ratio: 0.10, mask4 ratio: 0.82
2026-01-22 17:46:29,110 - root - INFO - mask1 ratio: 0.01, mask2 ratio: 0.04, mask3 ratio: 0.10, mask4 ratio: 0.85
2026-01-22 17:46:29,344 - root - INFO - mask1 ratio: 0.01, mask2 ratio: 0.04, mask3 ratio: 0.10, mask4 ratio: 0.85
2026-01-22 17:46:29,574 - root - INFO - mask1 ratio: 0.02, mask2 ratio: 0.06, mask3 ratio: 0.10, mask4 ratio: 0.82
2026-01-22 17:46:29,802 - root - INFO - mask1 ratio: 0.03, mask2 ratio: 0.19, mask3 ratio: 0.10, mask4 ratio: 0.68
2026-01-22 17:46:30,030 - root - INFO - mask1 ratio: 0.02, mask2 ratio: 0.09, mask3 ratio: 0.10, mask4 ratio: 0.80
2026-01-22 17:46:30,265 - root - INFO - mask1 ratio: 0.01, mask2 ratio: 0.06, mask3 ratio: 0.10, mask4 ratio: 0.83
2026-01-22 17:46:30,495 - root - INFO - mask1 ratio: 0.02, mask2 ratio: 0.07, mask3 ratio: 0.10, mask4 ratio: 0.81
2026-01-22 17:46:30,738 - root - INFO - mask1 ratio: 0.02, mask2 ratio: 0.07, mask3 ratio: 0.10, mask4 ratio: 0.81
2026-01-22 17:46:30,961 - root - INFO - mask1 ratio: 0.01, mask2 ratio: 0.04, mask3 ratio: 0.10, mask4 ratio: 0.85
2026-01-22 17:46:31,183 - root - INFO - mask1 ratio: 0.01, mask2 ratio: 0.02, mask3 ratio: 0.10, mask4 ratio: 0.87
2026-01-22 17:46:31,422 - root - INFO - mask1 ratio: 0.01, mask2 ratio: 0.04, mask3 ratio: 0.10, mask4 ratio: 0.85
2026-01-22 17:46:31,668 - root - INFO - mask1 ratio: 0.01, mask2 ratio: 0.02, mask3 ratio: 0.10, mask4 ratio: 0.87
2026-01-22 17:46:31,892 - root - INFO - mask1 ratio: 0.01, mask2 ratio: 0.05, mask3 ratio: 0.10, mask4 ratio: 0.84
2026-01-22 17:46:32,152 - root - INFO - mask1 ratio: 0.02, mask2 ratio: 0.08, mask3 ratio: 0.10, mask4 ratio: 0.81
2026-01-22 17:46:32,386 - root - INFO - mask1 ratio: 0.02, mask2 ratio: 0.14, mask3 ratio: 0.10, mask4 ratio: 0.74
2026-01-22 17:46:32,605 - root - INFO - mask1 ratio: 0.01, mask2 ratio: 0.02, mask3 ratio: 0.10, mask4 ratio: 0.88
2026-01-22 17:46:32,832 - root - INFO - mask1 ratio: 0.02, mask2 ratio: 0.16, mask3 ratio: 0.10, mask4 ratio: 0.71
2026-01-22 17:46:33,068 - root - INFO - mask1 ratio: 0.01, mask2 ratio: 0.02, mask3 ratio: 0.10, mask4 ratio: 0.87
2026-01-22 17:46:33,287 - root - INFO - mask1 ratio: 0.04, mask2 ratio: 0.34, mask3 ratio: 0.10, mask4 ratio: 0.52
2026-01-22 17:46:33,505 - root - INFO - mask1 ratio: 0.01, mask2 ratio: 0.05, mask3 ratio: 0.10, mask4 ratio: 0.84
2026-01-22 17:46:33,750 - root - INFO - mask1 ratio: 0.01, mask2 ratio: 0.05, mask3 ratio: 0.10, mask4 ratio: 0.84
2026-01-22 17:46:33,987 - root - INFO - mask1 ratio: 0.04, mask2 ratio: 0.29, mask3 ratio: 0.10, mask4 ratio: 0.58
2026-01-22 17:46:34,227 - root - INFO - mask1 ratio: 0.02, mask2 ratio: 0.12, mask3 ratio: 0.10, mask4 ratio: 0.76
2026-01-22 17:46:34,463 - root - INFO - mask1 ratio: 0.01, mask2 ratio: 0.04, mask3 ratio: 0.10, mask4 ratio: 0.85
2026-01-22 17:46:34,696 - root - INFO - mask1 ratio: 0.02, mask2 ratio: 0.09, mask3 ratio: 0.10, mask4 ratio: 0.80
2026-01-22 17:46:34,924 - root - INFO - mask1 ratio: 0.01, mask2 ratio: 0.04, mask3 ratio: 0.10, mask4 ratio: 0.85
2026-01-22 17:46:35,179 - root - INFO - mask1 ratio: 0.01, mask2 ratio: 0.05, mask3 ratio: 0.10, mask4 ratio: 0.84
2026-01-22 17:46:35,400 - root - INFO - mask1 ratio: 0.01, mask2 ratio: 0.02, mask3 ratio: 0.10, mask4 ratio: 0.87
2026-01-22 17:46:35,643 - root - INFO - mask1 ratio: 0.01, mask2 ratio: 0.05, mask3 ratio: 0.10, mask4 ratio: 0.84
2026-01-22 17:46:35,868 - root - INFO - mask1 ratio: 0.01, mask2 ratio: 0.03, mask3 ratio: 0.10, mask4 ratio: 0.86
2026-01-22 17:46:36,084 - root - INFO - mask1 ratio: 0.01, mask2 ratio: 0.03, mask3 ratio: 0.10, mask4 ratio: 0.87
2026-01-22 17:46:36,296 - root - INFO - mask1 ratio: 0.02, mask2 ratio: 0.09, mask3 ratio: 0.10, mask4 ratio: 0.79
2026-01-22 17:46:36,509 - root - INFO - mask1 ratio: 0.02, mask2 ratio: 0.08, mask3 ratio: 0.10, mask4 ratio: 0.81
2026-01-22 17:46:36,747 - root - INFO - mask1 ratio: 0.01, mask2 ratio: 0.02, mask3 ratio: 0.10, mask4 ratio: 0.87
2026-01-22 17:46:36,959 - root - INFO - mask1 ratio: 0.01, mask2 ratio: 0.02, mask3 ratio: 0.10, mask4 ratio: 0.88
2026-01-22 17:46:37,171 - root - INFO - mask1 ratio: 0.01, mask2 ratio: 0.04, mask3 ratio: 0.10, mask4 ratio: 0.85
2026-01-22 17:46:37,383 - root - INFO - mask1 ratio: 0.01, mask2 ratio: 0.03, mask3 ratio: 0.10, mask4 ratio: 0.86
2026-01-22 17:46:37,595 - root - INFO - mask1 ratio: 0.01, mask2 ratio: 0.02, mask3 ratio: 0.10, mask4 ratio: 0.88
2026-01-22 17:46:37,806 - root - INFO - mask1 ratio: 0.01, mask2 ratio: 0.02, mask3 ratio: 0.10, mask4 ratio: 0.87
2026-01-22 17:46:38,019 - root - INFO - mask1 ratio: 0.01, mask2 ratio: 0.03, mask3 ratio: 0.10, mask4 ratio: 0.86
2026-01-22 17:46:38,270 - root - INFO - mask1 ratio: 0.03, mask2 ratio: 0.15, mask3 ratio: 0.10, mask4 ratio: 0.72
2026-01-22 17:46:38,490 - root - INFO - mask1 ratio: 0.02, mask2 ratio: 0.09, mask3 ratio: 0.10, mask4 ratio: 0.79
2026-01-22 17:46:38,726 - root - INFO - mask1 ratio: 0.02, mask2 ratio: 0.13, mask3 ratio: 0.10, mask4 ratio: 0.75
2026-01-22 17:46:38,940 - root - INFO - mask1 ratio: 0.01, mask2 ratio: 0.03, mask3 ratio: 0.10, mask4 ratio: 0.86
2026-01-22 17:46:39,157 - root - INFO - mask1 ratio: 0.01, mask2 ratio: 0.04, mask3 ratio: 0.10, mask4 ratio: 0.85
2026-01-22 17:46:39,369 - root - INFO - mask1 ratio: 0.01, mask2 ratio: 0.02, mask3 ratio: 0.10, mask4 ratio: 0.88
2026-01-22 17:46:39,395 - root - INFO - time 18.07
2026-01-22 17:46:41,720 - root - INFO - 18 self_attn.k_proj
2026-01-22 17:46:41,721 - root - INFO - Quantizing ...
2026-01-22 17:46:42,339 - root - INFO - mask1 ratio: 0.01, mask2 ratio: 0.03, mask3 ratio: 0.10, mask4 ratio: 0.87
2026-01-22 17:46:42,549 - root - INFO - mask1 ratio: 0.01, mask2 ratio: 0.00, mask3 ratio: 0.10, mask4 ratio: 0.88
2026-01-22 17:46:42,758 - root - INFO - mask1 ratio: 0.01, mask2 ratio: 0.00, mask3 ratio: 0.10, mask4 ratio: 0.88
2026-01-22 17:46:42,970 - root - INFO - mask1 ratio: 0.01, mask2 ratio: 0.05, mask3 ratio: 0.10, mask4 ratio: 0.84
2026-01-22 17:46:43,181 - root - INFO - mask1 ratio: 0.01, mask2 ratio: 0.07, mask3 ratio: 0.10, mask4 ratio: 0.81
2026-01-22 17:46:43,392 - root - INFO - mask1 ratio: 0.02, mask2 ratio: 0.13, mask3 ratio: 0.10, mask4 ratio: 0.74
2026-01-22 17:46:43,643 - root - INFO - mask1 ratio: 0.02, mask2 ratio: 0.08, mask3 ratio: 0.10, mask4 ratio: 0.81
2026-01-22 17:46:43,875 - root - INFO - mask1 ratio: 0.01, mask2 ratio: 0.05, mask3 ratio: 0.10, mask4 ratio: 0.84
2026-01-22 17:46:44,087 - root - INFO - mask1 ratio: 0.01, mask2 ratio: 0.00, mask3 ratio: 0.10, mask4 ratio: 0.88
2026-01-22 17:46:44,300 - root - INFO - mask1 ratio: 0.02, mask2 ratio: 0.08, mask3 ratio: 0.10, mask4 ratio: 0.81
2026-01-22 17:46:44,512 - root - INFO - mask1 ratio: 0.03, mask2 ratio: 0.19, mask3 ratio: 0.10, mask4 ratio: 0.69
2026-01-22 17:46:44,724 - root - INFO - mask1 ratio: 0.01, mask2 ratio: 0.00, mask3 ratio: 0.10, mask4 ratio: 0.88
2026-01-22 17:46:44,949 - root - INFO - mask1 ratio: 0.01, mask2 ratio: 0.02, mask3 ratio: 0.10, mask4 ratio: 0.88
2026-01-22 17:46:45,191 - root - INFO - mask1 ratio: 0.00, mask2 ratio: 0.02, mask3 ratio: 0.10, mask4 ratio: 0.88
2026-01-22 17:46:45,404 - root - INFO - mask1 ratio: 0.01, mask2 ratio: 0.02, mask3 ratio: 0.10, mask4 ratio: 0.88
2026-01-22 17:46:45,614 - root - INFO - mask1 ratio: 0.01, mask2 ratio: 0.02, mask3 ratio: 0.10, mask4 ratio: 0.87
2026-01-22 17:46:45,825 - root - INFO - mask1 ratio: 0.01, mask2 ratio: 0.02, mask3 ratio: 0.10, mask4 ratio: 0.87
2026-01-22 17:46:46,035 - root - INFO - mask1 ratio: 0.01, mask2 ratio: 0.03, mask3 ratio: 0.10, mask4 ratio: 0.87
2026-01-22 17:46:46,247 - root - INFO - mask1 ratio: 0.01, mask2 ratio: 0.03, mask3 ratio: 0.10, mask4 ratio: 0.86
2026-01-22 17:46:46,458 - root - INFO - mask1 ratio: 0.01, mask2 ratio: 0.00, mask3 ratio: 0.10, mask4 ratio: 0.88
2026-01-22 17:46:46,484 - root - INFO - time 4.76
2026-01-22 17:46:46,495 - root - INFO - 18 self_attn.v_proj
2026-01-22 17:46:46,495 - root - INFO - Quantizing ...
2026-01-22 17:46:46,726 - root - INFO - mask1 ratio: 0.04, mask2 ratio: 0.34, mask3 ratio: 0.10, mask4 ratio: 0.52
2026-01-22 17:46:46,946 - root - INFO - mask1 ratio: 0.03, mask2 ratio: 0.22, mask3 ratio: 0.10, mask4 ratio: 0.66
2026-01-22 17:46:47,171 - root - INFO - mask1 ratio: 0.04, mask2 ratio: 0.34, mask3 ratio: 0.10, mask4 ratio: 0.52
2026-01-22 17:46:47,391 - root - INFO - mask1 ratio: 0.01, mask2 ratio: 0.04, mask3 ratio: 0.10, mask4 ratio: 0.85
2026-01-22 17:46:47,604 - root - INFO - mask1 ratio: 0.02, mask2 ratio: 0.15, mask3 ratio: 0.10, mask4 ratio: 0.73
2026-01-22 17:46:47,816 - root - INFO - mask1 ratio: 0.02, mask2 ratio: 0.10, mask3 ratio: 0.10, mask4 ratio: 0.78
2026-01-22 17:46:48,040 - root - INFO - mask1 ratio: 0.02, mask2 ratio: 0.16, mask3 ratio: 0.10, mask4 ratio: 0.71
2026-01-22 17:46:48,258 - root - INFO - mask1 ratio: 0.03, mask2 ratio: 0.18, mask3 ratio: 0.10, mask4 ratio: 0.70
2026-01-22 17:46:48,469 - root - INFO - mask1 ratio: 0.01, mask2 ratio: 0.02, mask3 ratio: 0.10, mask4 ratio: 0.87
2026-01-22 17:46:48,679 - root - INFO - mask1 ratio: 0.02, mask2 ratio: 0.09, mask3 ratio: 0.10, mask4 ratio: 0.79
2026-01-22 17:46:48,890 - root - INFO - mask1 ratio: 0.01, mask2 ratio: 0.06, mask3 ratio: 0.10, mask4 ratio: 0.82
2026-01-22 17:46:49,099 - root - INFO - mask1 ratio: 0.00, mask2 ratio: 0.02, mask3 ratio: 0.10, mask4 ratio: 0.88
2026-01-22 17:46:49,310 - root - INFO - mask1 ratio: 0.01, mask2 ratio: 0.04, mask3 ratio: 0.10, mask4 ratio: 0.85
2026-01-22 17:46:49,542 - root - INFO - mask1 ratio: 0.01, mask2 ratio: 0.03, mask3 ratio: 0.10, mask4 ratio: 0.87
2026-01-22 17:46:49,788 - root - INFO - mask1 ratio: 0.03, mask2 ratio: 0.28, mask3 ratio: 0.10, mask4 ratio: 0.59
2026-01-22 17:46:50,009 - root - INFO - mask1 ratio: 0.02, mask2 ratio: 0.14, mask3 ratio: 0.10, mask4 ratio: 0.74
2026-01-22 17:46:50,231 - root - INFO - mask1 ratio: 0.01, mask2 ratio: 0.02, mask3 ratio: 0.10, mask4 ratio: 0.87
2026-01-22 17:46:50,451 - root - INFO - mask1 ratio: 0.01, mask2 ratio: 0.03, mask3 ratio: 0.10, mask4 ratio: 0.86
2026-01-22 17:46:50,661 - root - INFO - mask1 ratio: 0.01, mask2 ratio: 0.06, mask3 ratio: 0.10, mask4 ratio: 0.82
2026-01-22 17:46:50,870 - root - INFO - mask1 ratio: 0.01, mask2 ratio: 0.00, mask3 ratio: 0.10, mask4 ratio: 0.88
2026-01-22 17:46:50,896 - root - INFO - time 4.40
2026-01-22 17:46:50,899 - root - INFO - 18 self_attn.q_proj
2026-01-22 17:46:50,899 - root - INFO - Quantizing ...
2026-01-22 17:46:51,121 - root - INFO - mask1 ratio: 0.01, mask2 ratio: 0.04, mask3 ratio: 0.10, mask4 ratio: 0.85
2026-01-22 17:46:51,357 - root - INFO - mask1 ratio: 0.04, mask2 ratio: 0.34, mask3 ratio: 0.10, mask4 ratio: 0.53
2026-01-22 17:46:51,578 - root - INFO - mask1 ratio: 0.01, mask2 ratio: 0.00, mask3 ratio: 0.10, mask4 ratio: 0.88
2026-01-22 17:46:51,800 - root - INFO - mask1 ratio: 0.01, mask2 ratio: 0.06, mask3 ratio: 0.10, mask4 ratio: 0.83
2026-01-22 17:46:52,024 - root - INFO - mask1 ratio: 0.02, mask2 ratio: 0.16, mask3 ratio: 0.10, mask4 ratio: 0.72
2026-01-22 17:46:52,246 - root - INFO - mask1 ratio: 0.02, mask2 ratio: 0.08, mask3 ratio: 0.10, mask4 ratio: 0.81
2026-01-22 17:46:52,467 - root - INFO - mask1 ratio: 0.01, mask2 ratio: 0.09, mask3 ratio: 0.10, mask4 ratio: 0.80
2026-01-22 17:46:52,723 - root - INFO - mask1 ratio: 0.03, mask2 ratio: 0.30, mask3 ratio: 0.10, mask4 ratio: 0.57
2026-01-22 17:46:52,933 - root - INFO - mask1 ratio: 0.01, mask2 ratio: 0.03, mask3 ratio: 0.10, mask4 ratio: 0.87
2026-01-22 17:46:53,143 - root - INFO - mask1 ratio: 0.02, mask2 ratio: 0.08, mask3 ratio: 0.10, mask4 ratio: 0.80
2026-01-22 17:46:53,354 - root - INFO - mask1 ratio: 0.02, mask2 ratio: 0.15, mask3 ratio: 0.10, mask4 ratio: 0.73
2026-01-22 17:46:53,574 - root - INFO - mask1 ratio: 0.01, mask2 ratio: 0.00, mask3 ratio: 0.10, mask4 ratio: 0.88
2026-01-22 17:46:53,786 - root - INFO - mask1 ratio: 0.01, mask2 ratio: 0.03, mask3 ratio: 0.10, mask4 ratio: 0.87
2026-01-22 17:46:54,000 - root - INFO - mask1 ratio: 0.01, mask2 ratio: 0.02, mask3 ratio: 0.10, mask4 ratio: 0.87
2026-01-22 17:46:54,237 - root - INFO - mask1 ratio: 0.01, mask2 ratio: 0.02, mask3 ratio: 0.10, mask4 ratio: 0.87
2026-01-22 17:46:54,448 - root - INFO - mask1 ratio: 0.02, mask2 ratio: 0.09, mask3 ratio: 0.10, mask4 ratio: 0.79
2026-01-22 17:46:54,661 - root - INFO - mask1 ratio: 0.01, mask2 ratio: 0.03, mask3 ratio: 0.10, mask4 ratio: 0.87
2026-01-22 17:46:54,870 - root - INFO - mask1 ratio: 0.01, mask2 ratio: 0.02, mask3 ratio: 0.10, mask4 ratio: 0.87
2026-01-22 17:46:55,080 - root - INFO - mask1 ratio: 0.01, mask2 ratio: 0.04, mask3 ratio: 0.10, mask4 ratio: 0.85
2026-01-22 17:46:55,290 - root - INFO - mask1 ratio: 0.01, mask2 ratio: 0.00, mask3 ratio: 0.10, mask4 ratio: 0.88
2026-01-22 17:46:55,316 - root - INFO - time 4.42
2026-01-22 17:46:55,319 - root - INFO - 18 self_attn.out_proj
2026-01-22 17:46:55,319 - root - INFO - Quantizing ...
2026-01-22 17:46:55,510 - root - INFO - mask1 ratio: 0.01, mask2 ratio: 0.03, mask3 ratio: 0.10, mask4 ratio: 0.86
2026-01-22 17:46:55,803 - root - INFO - mask1 ratio: 0.02, mask2 ratio: 0.11, mask3 ratio: 0.10, mask4 ratio: 0.77
2026-01-22 17:46:56,014 - root - INFO - mask1 ratio: 0.01, mask2 ratio: 0.04, mask3 ratio: 0.10, mask4 ratio: 0.85
2026-01-22 17:46:56,224 - root - INFO - mask1 ratio: 0.01, mask2 ratio: 0.04, mask3 ratio: 0.10, mask4 ratio: 0.85
2026-01-22 17:46:56,435 - root - INFO - mask1 ratio: 0.02, mask2 ratio: 0.10, mask3 ratio: 0.10, mask4 ratio: 0.78
2026-01-22 17:46:56,647 - root - INFO - mask1 ratio: 0.02, mask2 ratio: 0.07, mask3 ratio: 0.10, mask4 ratio: 0.81
2026-01-22 17:46:56,858 - root - INFO - mask1 ratio: 0.02, mask2 ratio: 0.12, mask3 ratio: 0.10, mask4 ratio: 0.76
2026-01-22 17:46:57,069 - root - INFO - mask1 ratio: 0.04, mask2 ratio: 0.34, mask3 ratio: 0.10, mask4 ratio: 0.52
2026-01-22 17:46:57,280 - root - INFO - mask1 ratio: 0.03, mask2 ratio: 0.24, mask3 ratio: 0.10, mask4 ratio: 0.63
2026-01-22 17:46:57,492 - root - INFO - mask1 ratio: 0.04, mask2 ratio: 0.34, mask3 ratio: 0.10, mask4 ratio: 0.52
2026-01-22 17:46:57,713 - root - INFO - mask1 ratio: 0.01, mask2 ratio: 0.07, mask3 ratio: 0.10, mask4 ratio: 0.81
2026-01-22 17:46:57,924 - root - INFO - mask1 ratio: 0.02, mask2 ratio: 0.10, mask3 ratio: 0.10, mask4 ratio: 0.78
2026-01-22 17:46:58,160 - root - INFO - mask1 ratio: 0.04, mask2 ratio: 0.34, mask3 ratio: 0.10, mask4 ratio: 0.52
2026-01-22 17:46:58,374 - root - INFO - mask1 ratio: 0.02, mask2 ratio: 0.11, mask3 ratio: 0.10, mask4 ratio: 0.77
2026-01-22 17:46:58,586 - root - INFO - mask1 ratio: 0.03, mask2 ratio: 0.28, mask3 ratio: 0.10, mask4 ratio: 0.59
2026-01-22 17:46:58,799 - root - INFO - mask1 ratio: 0.01, mask2 ratio: 0.06, mask3 ratio: 0.10, mask4 ratio: 0.82
2026-01-22 17:46:59,010 - root - INFO - mask1 ratio: 0.01, mask2 ratio: 0.06, mask3 ratio: 0.10, mask4 ratio: 0.83
2026-01-22 17:46:59,221 - root - INFO - mask1 ratio: 0.01, mask2 ratio: 0.03, mask3 ratio: 0.10, mask4 ratio: 0.86
2026-01-22 17:46:59,432 - root - INFO - mask1 ratio: 0.03, mask2 ratio: 0.22, mask3 ratio: 0.10, mask4 ratio: 0.65
2026-01-22 17:46:59,643 - root - INFO - mask1 ratio: 0.01, mask2 ratio: 0.02, mask3 ratio: 0.10, mask4 ratio: 0.87
2026-01-22 17:46:59,670 - root - INFO - time 4.35
2026-01-22 17:46:59,674 - root - INFO - 18 fc1
2026-01-22 17:46:59,674 - root - INFO - Quantizing ...
2026-01-22 17:46:59,935 - root - INFO - mask1 ratio: 0.02, mask2 ratio: 0.08, mask3 ratio: 0.10, mask4 ratio: 0.81
2026-01-22 17:47:00,224 - root - INFO - mask1 ratio: 0.02, mask2 ratio: 0.19, mask3 ratio: 0.10, mask4 ratio: 0.69
2026-01-22 17:47:00,513 - root - INFO - mask1 ratio: 0.04, mask2 ratio: 0.34, mask3 ratio: 0.10, mask4 ratio: 0.52
2026-01-22 17:47:00,876 - root - INFO - mask1 ratio: 0.01, mask2 ratio: 0.04, mask3 ratio: 0.10, mask4 ratio: 0.85
2026-01-22 17:47:01,168 - root - INFO - mask1 ratio: 0.02, mask2 ratio: 0.18, mask3 ratio: 0.10, mask4 ratio: 0.70
2026-01-22 17:47:01,456 - root - INFO - mask1 ratio: 0.02, mask2 ratio: 0.16, mask3 ratio: 0.10, mask4 ratio: 0.72
2026-01-22 17:47:01,743 - root - INFO - mask1 ratio: 0.02, mask2 ratio: 0.14, mask3 ratio: 0.10, mask4 ratio: 0.74
2026-01-22 17:47:02,029 - root - INFO - mask1 ratio: 0.02, mask2 ratio: 0.13, mask3 ratio: 0.10, mask4 ratio: 0.75
2026-01-22 17:47:02,312 - root - INFO - mask1 ratio: 0.01, mask2 ratio: 0.08, mask3 ratio: 0.10, mask4 ratio: 0.81
2026-01-22 17:47:02,598 - root - INFO - mask1 ratio: 0.02, mask2 ratio: 0.13, mask3 ratio: 0.10, mask4 ratio: 0.75
2026-01-22 17:47:02,886 - root - INFO - mask1 ratio: 0.02, mask2 ratio: 0.16, mask3 ratio: 0.10, mask4 ratio: 0.72
2026-01-22 17:47:03,168 - root - INFO - mask1 ratio: 0.00, mask2 ratio: 0.02, mask3 ratio: 0.10, mask4 ratio: 0.88
2026-01-22 17:47:03,451 - root - INFO - mask1 ratio: 0.00, mask2 ratio: 0.03, mask3 ratio: 0.10, mask4 ratio: 0.87
2026-01-22 17:47:03,733 - root - INFO - mask1 ratio: 0.00, mask2 ratio: 0.03, mask3 ratio: 0.10, mask4 ratio: 0.87
2026-01-22 17:47:04,019 - root - INFO - mask1 ratio: 0.02, mask2 ratio: 0.15, mask3 ratio: 0.10, mask4 ratio: 0.73
2026-01-22 17:47:04,301 - root - INFO - mask1 ratio: 0.01, mask2 ratio: 0.05, mask3 ratio: 0.10, mask4 ratio: 0.84
2026-01-22 17:47:04,585 - root - INFO - mask1 ratio: 0.01, mask2 ratio: 0.03, mask3 ratio: 0.10, mask4 ratio: 0.86
2026-01-22 17:47:04,872 - root - INFO - mask1 ratio: 0.01, mask2 ratio: 0.03, mask3 ratio: 0.10, mask4 ratio: 0.87
2026-01-22 17:47:05,157 - root - INFO - mask1 ratio: 0.01, mask2 ratio: 0.03, mask3 ratio: 0.10, mask4 ratio: 0.86
2026-01-22 17:47:05,570 - root - INFO - mask1 ratio: 0.01, mask2 ratio: 0.02, mask3 ratio: 0.10, mask4 ratio: 0.88
2026-01-22 17:47:05,602 - root - INFO - time 5.93
2026-01-22 17:47:05,611 - root - INFO - 18 fc2
2026-01-22 17:47:05,611 - root - INFO - Quantizing ...
2026-01-22 17:47:05,912 - root - INFO - mask1 ratio: 0.02, mask2 ratio: 0.07, mask3 ratio: 0.10, mask4 ratio: 0.81
2026-01-22 17:47:06,124 - root - INFO - mask1 ratio: 0.02, mask2 ratio: 0.19, mask3 ratio: 0.10, mask4 ratio: 0.69
2026-01-22 17:47:06,336 - root - INFO - mask1 ratio: 0.01, mask2 ratio: 0.03, mask3 ratio: 0.10, mask4 ratio: 0.86
2026-01-22 17:47:06,547 - root - INFO - mask1 ratio: 0.01, mask2 ratio: 0.03, mask3 ratio: 0.10, mask4 ratio: 0.86
2026-01-22 17:47:06,758 - root - INFO - mask1 ratio: 0.01, mask2 ratio: 0.03, mask3 ratio: 0.10, mask4 ratio: 0.86
2026-01-22 17:47:06,971 - root - INFO - mask1 ratio: 0.01, mask2 ratio: 0.04, mask3 ratio: 0.10, mask4 ratio: 0.85
2026-01-22 17:47:07,184 - root - INFO - mask1 ratio: 0.01, mask2 ratio: 0.06, mask3 ratio: 0.10, mask4 ratio: 0.82
2026-01-22 17:47:07,396 - root - INFO - mask1 ratio: 0.02, mask2 ratio: 0.15, mask3 ratio: 0.10, mask4 ratio: 0.73
2026-01-22 17:47:07,608 - root - INFO - mask1 ratio: 0.01, mask2 ratio: 0.05, mask3 ratio: 0.10, mask4 ratio: 0.84
2026-01-22 17:47:07,819 - root - INFO - mask1 ratio: 0.02, mask2 ratio: 0.07, mask3 ratio: 0.10, mask4 ratio: 0.81
2026-01-22 17:47:08,034 - root - INFO - mask1 ratio: 0.02, mask2 ratio: 0.10, mask3 ratio: 0.10, mask4 ratio: 0.78
2026-01-22 17:47:08,245 - root - INFO - mask1 ratio: 0.02, mask2 ratio: 0.11, mask3 ratio: 0.10, mask4 ratio: 0.77
2026-01-22 17:47:08,458 - root - INFO - mask1 ratio: 0.02, mask2 ratio: 0.10, mask3 ratio: 0.10, mask4 ratio: 0.78
2026-01-22 17:47:08,669 - root - INFO - mask1 ratio: 0.02, mask2 ratio: 0.11, mask3 ratio: 0.10, mask4 ratio: 0.78
2026-01-22 17:47:08,882 - root - INFO - mask1 ratio: 0.02, mask2 ratio: 0.13, mask3 ratio: 0.10, mask4 ratio: 0.74
2026-01-22 17:47:09,094 - root - INFO - mask1 ratio: 0.01, mask2 ratio: 0.05, mask3 ratio: 0.10, mask4 ratio: 0.84
2026-01-22 17:47:09,306 - root - INFO - mask1 ratio: 0.03, mask2 ratio: 0.21, mask3 ratio: 0.10, mask4 ratio: 0.67
2026-01-22 17:47:09,517 - root - INFO - mask1 ratio: 0.01, mask2 ratio: 0.02, mask3 ratio: 0.10, mask4 ratio: 0.87
2026-01-22 17:47:09,729 - root - INFO - mask1 ratio: 0.01, mask2 ratio: 0.04, mask3 ratio: 0.10, mask4 ratio: 0.85
2026-01-22 17:47:09,943 - root - INFO - mask1 ratio: 0.01, mask2 ratio: 0.05, mask3 ratio: 0.10, mask4 ratio: 0.84
2026-01-22 17:47:10,156 - root - INFO - mask1 ratio: 0.02, mask2 ratio: 0.11, mask3 ratio: 0.10, mask4 ratio: 0.78
2026-01-22 17:47:10,367 - root - INFO - mask1 ratio: 0.01, mask2 ratio: 0.03, mask3 ratio: 0.10, mask4 ratio: 0.86
2026-01-22 17:47:10,579 - root - INFO - mask1 ratio: 0.01, mask2 ratio: 0.10, mask3 ratio: 0.10, mask4 ratio: 0.78
2026-01-22 17:47:10,789 - root - INFO - mask1 ratio: 0.01, mask2 ratio: 0.04, mask3 ratio: 0.10, mask4 ratio: 0.85
2026-01-22 17:47:11,083 - root - INFO - mask1 ratio: 0.01, mask2 ratio: 0.05, mask3 ratio: 0.10, mask4 ratio: 0.84
2026-01-22 17:47:11,294 - root - INFO - mask1 ratio: 0.02, mask2 ratio: 0.09, mask3 ratio: 0.10, mask4 ratio: 0.80
2026-01-22 17:47:11,504 - root - INFO - mask1 ratio: 0.02, mask2 ratio: 0.07, mask3 ratio: 0.10, mask4 ratio: 0.81
2026-01-22 17:47:11,715 - root - INFO - mask1 ratio: 0.01, mask2 ratio: 0.04, mask3 ratio: 0.10, mask4 ratio: 0.85
2026-01-22 17:47:11,925 - root - INFO - mask1 ratio: 0.01, mask2 ratio: 0.07, mask3 ratio: 0.10, mask4 ratio: 0.81
2026-01-22 17:47:12,138 - root - INFO - mask1 ratio: 0.01, mask2 ratio: 0.02, mask3 ratio: 0.10, mask4 ratio: 0.87
2026-01-22 17:47:12,349 - root - INFO - mask1 ratio: 0.02, mask2 ratio: 0.12, mask3 ratio: 0.10, mask4 ratio: 0.76
2026-01-22 17:47:12,558 - root - INFO - mask1 ratio: 0.01, mask2 ratio: 0.03, mask3 ratio: 0.10, mask4 ratio: 0.87
2026-01-22 17:47:12,768 - root - INFO - mask1 ratio: 0.01, mask2 ratio: 0.06, mask3 ratio: 0.10, mask4 ratio: 0.82
2026-01-22 17:47:12,979 - root - INFO - mask1 ratio: 0.01, mask2 ratio: 0.03, mask3 ratio: 0.10, mask4 ratio: 0.86
2026-01-22 17:47:13,191 - root - INFO - mask1 ratio: 0.01, mask2 ratio: 0.04, mask3 ratio: 0.10, mask4 ratio: 0.85
2026-01-22 17:47:13,402 - root - INFO - mask1 ratio: 0.01, mask2 ratio: 0.04, mask3 ratio: 0.10, mask4 ratio: 0.85
2026-01-22 17:47:13,613 - root - INFO - mask1 ratio: 0.01, mask2 ratio: 0.06, mask3 ratio: 0.10, mask4 ratio: 0.82
2026-01-22 17:47:13,823 - root - INFO - mask1 ratio: 0.01, mask2 ratio: 0.03, mask3 ratio: 0.10, mask4 ratio: 0.87
2026-01-22 17:47:14,034 - root - INFO - mask1 ratio: 0.01, mask2 ratio: 0.02, mask3 ratio: 0.10, mask4 ratio: 0.87
2026-01-22 17:47:14,247 - root - INFO - mask1 ratio: 0.01, mask2 ratio: 0.04, mask3 ratio: 0.10, mask4 ratio: 0.85
2026-01-22 17:47:14,457 - root - INFO - mask1 ratio: 0.01, mask2 ratio: 0.03, mask3 ratio: 0.10, mask4 ratio: 0.86
2026-01-22 17:47:14,668 - root - INFO - mask1 ratio: 0.01, mask2 ratio: 0.03, mask3 ratio: 0.10, mask4 ratio: 0.86
2026-01-22 17:47:14,879 - root - INFO - mask1 ratio: 0.02, mask2 ratio: 0.08, mask3 ratio: 0.10, mask4 ratio: 0.80
2026-01-22 17:47:15,095 - root - INFO - mask1 ratio: 0.01, mask2 ratio: 0.03, mask3 ratio: 0.10, mask4 ratio: 0.86
2026-01-22 17:47:15,306 - root - INFO - mask1 ratio: 0.01, mask2 ratio: 0.04, mask3 ratio: 0.10, mask4 ratio: 0.85
2026-01-22 17:47:15,517 - root - INFO - mask1 ratio: 0.01, mask2 ratio: 0.04, mask3 ratio: 0.10, mask4 ratio: 0.85
2026-01-22 17:47:15,727 - root - INFO - mask1 ratio: 0.02, mask2 ratio: 0.08, mask3 ratio: 0.10, mask4 ratio: 0.81
2026-01-22 17:47:15,936 - root - INFO - mask1 ratio: 0.01, mask2 ratio: 0.02, mask3 ratio: 0.10, mask4 ratio: 0.87
2026-01-22 17:47:16,147 - root - INFO - mask1 ratio: 0.01, mask2 ratio: 0.03, mask3 ratio: 0.10, mask4 ratio: 0.86
2026-01-22 17:47:16,495 - root - INFO - mask1 ratio: 0.01, mask2 ratio: 0.04, mask3 ratio: 0.10, mask4 ratio: 0.85
2026-01-22 17:47:16,710 - root - INFO - mask1 ratio: 0.02, mask2 ratio: 0.16, mask3 ratio: 0.10, mask4 ratio: 0.71
2026-01-22 17:47:16,922 - root - INFO - mask1 ratio: 0.02, mask2 ratio: 0.11, mask3 ratio: 0.10, mask4 ratio: 0.77
2026-01-22 17:47:17,133 - root - INFO - mask1 ratio: 0.01, mask2 ratio: 0.04, mask3 ratio: 0.10, mask4 ratio: 0.85
2026-01-22 17:47:17,347 - root - INFO - mask1 ratio: 0.01, mask2 ratio: 0.03, mask3 ratio: 0.10, mask4 ratio: 0.85
2026-01-22 17:47:17,558 - root - INFO - mask1 ratio: 0.01, mask2 ratio: 0.04, mask3 ratio: 0.10, mask4 ratio: 0.85
2026-01-22 17:47:17,769 - root - INFO - mask1 ratio: 0.01, mask2 ratio: 0.02, mask3 ratio: 0.10, mask4 ratio: 0.88
2026-01-22 17:47:17,980 - root - INFO - mask1 ratio: 0.03, mask2 ratio: 0.17, mask3 ratio: 0.10, mask4 ratio: 0.70
2026-01-22 17:47:18,191 - root - INFO - mask1 ratio: 0.02, mask2 ratio: 0.10, mask3 ratio: 0.10, mask4 ratio: 0.78
2026-01-22 17:47:18,406 - root - INFO - mask1 ratio: 0.01, mask2 ratio: 0.04, mask3 ratio: 0.10, mask4 ratio: 0.85
2026-01-22 17:47:18,618 - root - INFO - mask1 ratio: 0.01, mask2 ratio: 0.03, mask3 ratio: 0.10, mask4 ratio: 0.86
2026-01-22 17:47:18,851 - root - INFO - mask1 ratio: 0.01, mask2 ratio: 0.04, mask3 ratio: 0.10, mask4 ratio: 0.85
2026-01-22 17:47:19,061 - root - INFO - mask1 ratio: 0.01, mask2 ratio: 0.02, mask3 ratio: 0.10, mask4 ratio: 0.87
2026-01-22 17:47:19,273 - root - INFO - mask1 ratio: 0.03, mask2 ratio: 0.18, mask3 ratio: 0.10, mask4 ratio: 0.69
2026-01-22 17:47:19,484 - root - INFO - mask1 ratio: 0.01, mask2 ratio: 0.03, mask3 ratio: 0.10, mask4 ratio: 0.86
2026-01-22 17:47:19,696 - root - INFO - mask1 ratio: 0.02, mask2 ratio: 0.05, mask3 ratio: 0.10, mask4 ratio: 0.83
2026-01-22 17:47:19,927 - root - INFO - mask1 ratio: 0.01, mask2 ratio: 0.02, mask3 ratio: 0.10, mask4 ratio: 0.87
2026-01-22 17:47:20,139 - root - INFO - mask1 ratio: 0.01, mask2 ratio: 0.03, mask3 ratio: 0.10, mask4 ratio: 0.86
2026-01-22 17:47:20,350 - root - INFO - mask1 ratio: 0.01, mask2 ratio: 0.06, mask3 ratio: 0.10, mask4 ratio: 0.83
2026-01-22 17:47:20,562 - root - INFO - mask1 ratio: 0.01, mask2 ratio: 0.03, mask3 ratio: 0.10, mask4 ratio: 0.87
2026-01-22 17:47:20,774 - root - INFO - mask1 ratio: 0.01, mask2 ratio: 0.02, mask3 ratio: 0.10, mask4 ratio: 0.87
2026-01-22 17:47:20,986 - root - INFO - mask1 ratio: 0.01, mask2 ratio: 0.04, mask3 ratio: 0.10, mask4 ratio: 0.85
2026-01-22 17:47:21,198 - root - INFO - mask1 ratio: 0.00, mask2 ratio: 0.03, mask3 ratio: 0.10, mask4 ratio: 0.86
2026-01-22 17:47:21,410 - root - INFO - mask1 ratio: 0.01, mask2 ratio: 0.02, mask3 ratio: 0.10, mask4 ratio: 0.87
2026-01-22 17:47:21,651 - root - INFO - mask1 ratio: 0.01, mask2 ratio: 0.02, mask3 ratio: 0.10, mask4 ratio: 0.87
2026-01-22 17:47:21,923 - root - INFO - mask1 ratio: 0.01, mask2 ratio: 0.04, mask3 ratio: 0.10, mask4 ratio: 0.85
2026-01-22 17:47:22,134 - root - INFO - mask1 ratio: 0.01, mask2 ratio: 0.02, mask3 ratio: 0.10, mask4 ratio: 0.87
2026-01-22 17:47:22,346 - root - INFO - mask1 ratio: 0.01, mask2 ratio: 0.07, mask3 ratio: 0.10, mask4 ratio: 0.82
2026-01-22 17:47:22,558 - root - INFO - mask1 ratio: 0.01, mask2 ratio: 0.04, mask3 ratio: 0.10, mask4 ratio: 0.85
2026-01-22 17:47:22,772 - root - INFO - mask1 ratio: 0.01, mask2 ratio: 0.05, mask3 ratio: 0.10, mask4 ratio: 0.84
2026-01-22 17:47:22,984 - root - INFO - mask1 ratio: 0.01, mask2 ratio: 0.02, mask3 ratio: 0.10, mask4 ratio: 0.88
2026-01-22 17:47:23,011 - root - INFO - time 17.40
2026-01-22 17:47:25,305 - root - INFO - 19 self_attn.k_proj
2026-01-22 17:47:25,305 - root - INFO - Quantizing ...
2026-01-22 17:47:25,925 - root - INFO - mask1 ratio: 0.01, mask2 ratio: 0.03, mask3 ratio: 0.10, mask4 ratio: 0.87
2026-01-22 17:47:26,136 - root - INFO - mask1 ratio: 0.01, mask2 ratio: 0.00, mask3 ratio: 0.10, mask4 ratio: 0.88
2026-01-22 17:47:26,347 - root - INFO - mask1 ratio: 0.01, mask2 ratio: 0.00, mask3 ratio: 0.10, mask4 ratio: 0.88
2026-01-22 17:47:26,557 - root - INFO - mask1 ratio: 0.01, mask2 ratio: 0.03, mask3 ratio: 0.10, mask4 ratio: 0.86
2026-01-22 17:47:26,769 - root - INFO - mask1 ratio: 0.02, mask2 ratio: 0.09, mask3 ratio: 0.10, mask4 ratio: 0.79
2026-01-22 17:47:26,980 - root - INFO - mask1 ratio: 0.01, mask2 ratio: 0.06, mask3 ratio: 0.10, mask4 ratio: 0.83
2026-01-22 17:47:27,190 - root - INFO - mask1 ratio: 0.02, mask2 ratio: 0.07, mask3 ratio: 0.10, mask4 ratio: 0.81
2026-01-22 17:47:27,401 - root - INFO - mask1 ratio: 0.01, mask2 ratio: 0.03, mask3 ratio: 0.10, mask4 ratio: 0.86
2026-01-22 17:47:27,612 - root - INFO - mask1 ratio: 0.01, mask2 ratio: 0.00, mask3 ratio: 0.10, mask4 ratio: 0.88
2026-01-22 17:47:27,822 - root - INFO - mask1 ratio: 0.02, mask2 ratio: 0.08, mask3 ratio: 0.10, mask4 ratio: 0.80
2026-01-22 17:47:28,032 - root - INFO - mask1 ratio: 0.02, mask2 ratio: 0.13, mask3 ratio: 0.10, mask4 ratio: 0.74
2026-01-22 17:47:28,243 - root - INFO - mask1 ratio: 0.01, mask2 ratio: 0.00, mask3 ratio: 0.10, mask4 ratio: 0.88
2026-01-22 17:47:28,453 - root - INFO - mask1 ratio: 0.00, mask2 ratio: 0.02, mask3 ratio: 0.10, mask4 ratio: 0.88
2026-01-22 17:47:28,664 - root - INFO - mask1 ratio: 0.00, mask2 ratio: 0.02, mask3 ratio: 0.10, mask4 ratio: 0.88
2026-01-22 17:47:28,874 - root - INFO - mask1 ratio: 0.01, mask2 ratio: 0.02, mask3 ratio: 0.10, mask4 ratio: 0.88
2026-01-22 17:47:29,084 - root - INFO - mask1 ratio: 0.01, mask2 ratio: 0.02, mask3 ratio: 0.10, mask4 ratio: 0.87
2026-01-22 17:47:29,430 - root - INFO - mask1 ratio: 0.01, mask2 ratio: 0.02, mask3 ratio: 0.10, mask4 ratio: 0.87
2026-01-22 17:47:29,642 - root - INFO - mask1 ratio: 0.01, mask2 ratio: 0.02, mask3 ratio: 0.10, mask4 ratio: 0.87
2026-01-22 17:47:29,854 - root - INFO - mask1 ratio: 0.01, mask2 ratio: 0.02, mask3 ratio: 0.10, mask4 ratio: 0.87
2026-01-22 17:47:30,065 - root - INFO - mask1 ratio: 0.01, mask2 ratio: 0.00, mask3 ratio: 0.10, mask4 ratio: 0.88
2026-01-22 17:47:30,092 - root - INFO - time 4.79
2026-01-22 17:47:30,102 - root - INFO - 19 self_attn.v_proj
2026-01-22 17:47:30,102 - root - INFO - Quantizing ...
2026-01-22 17:47:30,296 - root - INFO - mask1 ratio: 0.03, mask2 ratio: 0.25, mask3 ratio: 0.10, mask4 ratio: 0.63
2026-01-22 17:47:30,508 - root - INFO - mask1 ratio: 0.02, mask2 ratio: 0.15, mask3 ratio: 0.10, mask4 ratio: 0.73
2026-01-22 17:47:30,720 - root - INFO - mask1 ratio: 0.03, mask2 ratio: 0.28, mask3 ratio: 0.10, mask4 ratio: 0.59
2026-01-22 17:47:30,932 - root - INFO - mask1 ratio: 0.02, mask2 ratio: 0.20, mask3 ratio: 0.10, mask4 ratio: 0.67
2026-01-22 17:47:31,144 - root - INFO - mask1 ratio: 0.02, mask2 ratio: 0.15, mask3 ratio: 0.10, mask4 ratio: 0.73
2026-01-22 17:47:31,356 - root - INFO - mask1 ratio: 0.01, mask2 ratio: 0.06, mask3 ratio: 0.10, mask4 ratio: 0.83
2026-01-22 17:47:31,568 - root - INFO - mask1 ratio: 0.02, mask2 ratio: 0.09, mask3 ratio: 0.10, mask4 ratio: 0.80
2026-01-22 17:47:31,784 - root - INFO - mask1 ratio: 0.03, mask2 ratio: 0.19, mask3 ratio: 0.10, mask4 ratio: 0.69
2026-01-22 17:47:31,995 - root - INFO - mask1 ratio: 0.03, mask2 ratio: 0.30, mask3 ratio: 0.10, mask4 ratio: 0.57
2026-01-22 17:47:32,206 - root - INFO - mask1 ratio: 0.02, mask2 ratio: 0.08, mask3 ratio: 0.10, mask4 ratio: 0.80
2026-01-22 17:47:32,419 - root - INFO - mask1 ratio: 0.02, mask2 ratio: 0.13, mask3 ratio: 0.10, mask4 ratio: 0.75
2026-01-22 17:47:32,631 - root - INFO - mask1 ratio: 0.04, mask2 ratio: 0.34, mask3 ratio: 0.10, mask4 ratio: 0.52
2026-01-22 17:47:32,845 - root - INFO - mask1 ratio: 0.02, mask2 ratio: 0.15, mask3 ratio: 0.10, mask4 ratio: 0.73
2026-01-22 17:47:33,055 - root - INFO - mask1 ratio: 0.01, mask2 ratio: 0.04, mask3 ratio: 0.10, mask4 ratio: 0.85
2026-01-22 17:47:33,267 - root - INFO - mask1 ratio: 0.02, mask2 ratio: 0.15, mask3 ratio: 0.10, mask4 ratio: 0.73
2026-01-22 17:47:33,480 - root - INFO - mask1 ratio: 0.02, mask2 ratio: 0.12, mask3 ratio: 0.10, mask4 ratio: 0.76
2026-01-22 17:47:33,693 - root - INFO - mask1 ratio: 0.02, mask2 ratio: 0.11, mask3 ratio: 0.10, mask4 ratio: 0.78
2026-01-22 17:47:33,905 - root - INFO - mask1 ratio: 0.01, mask2 ratio: 0.06, mask3 ratio: 0.10, mask4 ratio: 0.83
2026-01-22 17:47:34,116 - root - INFO - mask1 ratio: 0.02, mask2 ratio: 0.18, mask3 ratio: 0.10, mask4 ratio: 0.70
2026-01-22 17:47:34,326 - root - INFO - mask1 ratio: 0.01, mask2 ratio: 0.02, mask3 ratio: 0.10, mask4 ratio: 0.88
2026-01-22 17:47:34,353 - root - INFO - time 4.25
2026-01-22 17:47:34,356 - root - INFO - 19 self_attn.q_proj
2026-01-22 17:47:34,356 - root - INFO - Quantizing ...
2026-01-22 17:47:34,576 - root - INFO - mask1 ratio: 0.01, mask2 ratio: 0.03, mask3 ratio: 0.10, mask4 ratio: 0.86
2026-01-22 17:47:34,843 - root - INFO - mask1 ratio: 0.04, mask2 ratio: 0.30, mask3 ratio: 0.10, mask4 ratio: 0.56
2026-01-22 17:47:35,052 - root - INFO - mask1 ratio: 0.01, mask2 ratio: 0.00, mask3 ratio: 0.10, mask4 ratio: 0.88
2026-01-22 17:47:35,263 - root - INFO - mask1 ratio: 0.03, mask2 ratio: 0.18, mask3 ratio: 0.10, mask4 ratio: 0.70
2026-01-22 17:47:35,473 - root - INFO - mask1 ratio: 0.02, mask2 ratio: 0.08, mask3 ratio: 0.10, mask4 ratio: 0.81
2026-01-22 17:47:35,684 - root - INFO - mask1 ratio: 0.03, mask2 ratio: 0.25, mask3 ratio: 0.10, mask4 ratio: 0.62
2026-01-22 17:47:35,895 - root - INFO - mask1 ratio: 0.02, mask2 ratio: 0.08, mask3 ratio: 0.10, mask4 ratio: 0.80
2026-01-22 17:47:36,104 - root - INFO - mask1 ratio: 0.01, mask2 ratio: 0.04, mask3 ratio: 0.10, mask4 ratio: 0.85
2026-01-22 17:47:36,314 - root - INFO - mask1 ratio: 0.01, mask2 ratio: 0.02, mask3 ratio: 0.10, mask4 ratio: 0.88
2026-01-22 17:47:36,524 - root - INFO - mask1 ratio: 0.02, mask2 ratio: 0.09, mask3 ratio: 0.10, mask4 ratio: 0.80
2026-01-22 17:47:36,734 - root - INFO - mask1 ratio: 0.02, mask2 ratio: 0.13, mask3 ratio: 0.10, mask4 ratio: 0.75
2026-01-22 17:47:36,945 - root - INFO - mask1 ratio: 0.01, mask2 ratio: 0.00, mask3 ratio: 0.10, mask4 ratio: 0.88
2026-01-22 17:47:37,155 - root - INFO - mask1 ratio: 0.00, mask2 ratio: 0.02, mask3 ratio: 0.10, mask4 ratio: 0.88
2026-01-22 17:47:37,366 - root - INFO - mask1 ratio: 0.01, mask2 ratio: 0.02, mask3 ratio: 0.10, mask4 ratio: 0.88
2026-01-22 17:47:37,576 - root - INFO - mask1 ratio: 0.01, mask2 ratio: 0.02, mask3 ratio: 0.10, mask4 ratio: 0.88
2026-01-22 17:47:37,785 - root - INFO - mask1 ratio: 0.02, mask2 ratio: 0.05, mask3 ratio: 0.10, mask4 ratio: 0.83
2026-01-22 17:47:37,995 - root - INFO - mask1 ratio: 0.01, mask2 ratio: 0.04, mask3 ratio: 0.10, mask4 ratio: 0.85
2026-01-22 17:47:38,210 - root - INFO - mask1 ratio: 0.01, mask2 ratio: 0.02, mask3 ratio: 0.10, mask4 ratio: 0.87
2026-01-22 17:47:38,422 - root - INFO - mask1 ratio: 0.01, mask2 ratio: 0.03, mask3 ratio: 0.10, mask4 ratio: 0.86
2026-01-22 17:47:38,646 - root - INFO - mask1 ratio: 0.01, mask2 ratio: 0.00, mask3 ratio: 0.10, mask4 ratio: 0.88
2026-01-22 17:47:38,675 - root - INFO - time 4.32
2026-01-22 17:47:38,678 - root - INFO - 19 self_attn.out_proj
2026-01-22 17:47:38,678 - root - INFO - Quantizing ...
2026-01-22 17:47:38,875 - root - INFO - mask1 ratio: 0.04, mask2 ratio: 0.34, mask3 ratio: 0.10, mask4 ratio: 0.52
2026-01-22 17:47:39,134 - root - INFO - mask1 ratio: 0.02, mask2 ratio: 0.10, mask3 ratio: 0.10, mask4 ratio: 0.78
2026-01-22 17:47:39,356 - root - INFO - mask1 ratio: 0.04, mask2 ratio: 0.34, mask3 ratio: 0.10, mask4 ratio: 0.52
2026-01-22 17:47:39,578 - root - INFO - mask1 ratio: 0.04, mask2 ratio: 0.33, mask3 ratio: 0.10, mask4 ratio: 0.53
2026-01-22 17:47:39,831 - root - INFO - mask1 ratio: 0.04, mask2 ratio: 0.27, mask3 ratio: 0.10, mask4 ratio: 0.60
2026-01-22 17:47:40,158 - root - INFO - mask1 ratio: 0.03, mask2 ratio: 0.15, mask3 ratio: 0.10, mask4 ratio: 0.73
2026-01-22 17:47:40,392 - root - INFO - mask1 ratio: 0.04, mask2 ratio: 0.34, mask3 ratio: 0.10, mask4 ratio: 0.52
2026-01-22 17:47:40,624 - root - INFO - mask1 ratio: 0.04, mask2 ratio: 0.34, mask3 ratio: 0.10, mask4 ratio: 0.52
2026-01-22 17:47:40,847 - root - INFO - mask1 ratio: 0.02, mask2 ratio: 0.09, mask3 ratio: 0.10, mask4 ratio: 0.79
2026-01-22 17:47:41,071 - root - INFO - mask1 ratio: 0.04, mask2 ratio: 0.34, mask3 ratio: 0.10, mask4 ratio: 0.52
2026-01-22 17:47:41,288 - root - INFO - mask1 ratio: 0.02, mask2 ratio: 0.11, mask3 ratio: 0.10, mask4 ratio: 0.77
2026-01-22 17:47:41,510 - root - INFO - mask1 ratio: 0.04, mask2 ratio: 0.33, mask3 ratio: 0.10, mask4 ratio: 0.53
2026-01-22 17:47:41,730 - root - INFO - mask1 ratio: 0.04, mask2 ratio: 0.34, mask3 ratio: 0.10, mask4 ratio: 0.52
2026-01-22 17:47:41,964 - root - INFO - mask1 ratio: 0.01, mask2 ratio: 0.05, mask3 ratio: 0.10, mask4 ratio: 0.84
2026-01-22 17:47:42,189 - root - INFO - mask1 ratio: 0.04, mask2 ratio: 0.32, mask3 ratio: 0.10, mask4 ratio: 0.54
2026-01-22 17:47:42,409 - root - INFO - mask1 ratio: 0.00, mask2 ratio: 0.02, mask3 ratio: 0.10, mask4 ratio: 0.88
2026-01-22 17:47:42,630 - root - INFO - mask1 ratio: 0.02, mask2 ratio: 0.10, mask3 ratio: 0.10, mask4 ratio: 0.78
2026-01-22 17:47:42,864 - root - INFO - mask1 ratio: 0.01, mask2 ratio: 0.06, mask3 ratio: 0.10, mask4 ratio: 0.83
2026-01-22 17:47:43,091 - root - INFO - mask1 ratio: 0.02, mask2 ratio: 0.08, mask3 ratio: 0.10, mask4 ratio: 0.81
2026-01-22 17:47:43,325 - root - INFO - mask1 ratio: 0.01, mask2 ratio: 0.02, mask3 ratio: 0.10, mask4 ratio: 0.87
2026-01-22 17:47:43,353 - root - INFO - time 4.67
2026-01-22 17:47:43,356 - root - INFO - 19 fc1
2026-01-22 17:47:43,356 - root - INFO - Quantizing ...
2026-01-22 17:47:43,626 - root - INFO - mask1 ratio: 0.01, mask2 ratio: 0.04, mask3 ratio: 0.10, mask4 ratio: 0.85
2026-01-22 17:47:43,917 - root - INFO - mask1 ratio: 0.01, mask2 ratio: 0.09, mask3 ratio: 0.10, mask4 ratio: 0.80
2026-01-22 17:47:44,214 - root - INFO - mask1 ratio: 0.04, mask2 ratio: 0.34, mask3 ratio: 0.10, mask4 ratio: 0.52
2026-01-22 17:47:44,504 - root - INFO - mask1 ratio: 0.01, mask2 ratio: 0.04, mask3 ratio: 0.10, mask4 ratio: 0.85
2026-01-22 17:47:44,794 - root - INFO - mask1 ratio: 0.02, mask2 ratio: 0.18, mask3 ratio: 0.10, mask4 ratio: 0.70
2026-01-22 17:47:45,118 - root - INFO - mask1 ratio: 0.02, mask2 ratio: 0.12, mask3 ratio: 0.10, mask4 ratio: 0.77
2026-01-22 17:47:45,456 - root - INFO - mask1 ratio: 0.01, mask2 ratio: 0.09, mask3 ratio: 0.10, mask4 ratio: 0.80
2026-01-22 17:47:45,748 - root - INFO - mask1 ratio: 0.02, mask2 ratio: 0.12, mask3 ratio: 0.10, mask4 ratio: 0.77
2026-01-22 17:47:46,034 - root - INFO - mask1 ratio: 0.02, mask2 ratio: 0.22, mask3 ratio: 0.10, mask4 ratio: 0.66
2026-01-22 17:47:46,322 - root - INFO - mask1 ratio: 0.02, mask2 ratio: 0.20, mask3 ratio: 0.10, mask4 ratio: 0.67
2026-01-22 17:47:46,607 - root - INFO - mask1 ratio: 0.01, mask2 ratio: 0.08, mask3 ratio: 0.10, mask4 ratio: 0.81
2026-01-22 17:47:46,895 - root - INFO - mask1 ratio: 0.01, mask2 ratio: 0.02, mask3 ratio: 0.10, mask4 ratio: 0.88
2026-01-22 17:47:47,120 - root - INFO - mask1 ratio: 0.01, mask2 ratio: 0.03, mask3 ratio: 0.10, mask4 ratio: 0.87
2026-01-22 17:47:47,405 - root - INFO - mask1 ratio: 0.01, mask2 ratio: 0.05, mask3 ratio: 0.10, mask4 ratio: 0.84
2026-01-22 17:47:47,689 - root - INFO - mask1 ratio: 0.01, mask2 ratio: 0.07, mask3 ratio: 0.10, mask4 ratio: 0.81
2026-01-22 17:47:47,978 - root - INFO - mask1 ratio: 0.01, mask2 ratio: 0.06, mask3 ratio: 0.10, mask4 ratio: 0.82
2026-01-22 17:47:48,263 - root - INFO - mask1 ratio: 0.01, mask2 ratio: 0.02, mask3 ratio: 0.10, mask4 ratio: 0.87
2026-01-22 17:47:48,547 - root - INFO - mask1 ratio: 0.01, mask2 ratio: 0.02, mask3 ratio: 0.10, mask4 ratio: 0.87
2026-01-22 17:47:48,831 - root - INFO - mask1 ratio: 0.01, mask2 ratio: 0.03, mask3 ratio: 0.10, mask4 ratio: 0.86
2026-01-22 17:47:49,114 - root - INFO - mask1 ratio: 0.00, mask2 ratio: 0.02, mask3 ratio: 0.10, mask4 ratio: 0.88
2026-01-22 17:47:49,147 - root - INFO - time 5.79
2026-01-22 17:47:49,156 - root - INFO - 19 fc2
2026-01-22 17:47:49,156 - root - INFO - Quantizing ...
2026-01-22 17:47:49,456 - root - INFO - mask1 ratio: 0.01, mask2 ratio: 0.05, mask3 ratio: 0.10, mask4 ratio: 0.85
2026-01-22 17:47:49,668 - root - INFO - mask1 ratio: 0.02, mask2 ratio: 0.09, mask3 ratio: 0.10, mask4 ratio: 0.80
2026-01-22 17:47:49,880 - root - INFO - mask1 ratio: 0.01, mask2 ratio: 0.05, mask3 ratio: 0.10, mask4 ratio: 0.84
2026-01-22 17:47:50,143 - root - INFO - mask1 ratio: 0.01, mask2 ratio: 0.02, mask3 ratio: 0.10, mask4 ratio: 0.88
2026-01-22 17:47:50,437 - root - INFO - mask1 ratio: 0.01, mask2 ratio: 0.03, mask3 ratio: 0.10, mask4 ratio: 0.86
2026-01-22 17:47:50,648 - root - INFO - mask1 ratio: 0.01, mask2 ratio: 0.02, mask3 ratio: 0.10, mask4 ratio: 0.87
2026-01-22 17:47:50,860 - root - INFO - mask1 ratio: 0.02, mask2 ratio: 0.16, mask3 ratio: 0.10, mask4 ratio: 0.72
2026-01-22 17:47:51,072 - root - INFO - mask1 ratio: 0.01, mask2 ratio: 0.03, mask3 ratio: 0.10, mask4 ratio: 0.86
2026-01-22 17:47:51,284 - root - INFO - mask1 ratio: 0.01, mask2 ratio: 0.04, mask3 ratio: 0.10, mask4 ratio: 0.85
2026-01-22 17:47:51,498 - root - INFO - mask1 ratio: 0.01, mask2 ratio: 0.05, mask3 ratio: 0.10, mask4 ratio: 0.84
2026-01-22 17:47:51,711 - root - INFO - mask1 ratio: 0.03, mask2 ratio: 0.26, mask3 ratio: 0.10, mask4 ratio: 0.60
2026-01-22 17:47:51,923 - root - INFO - mask1 ratio: 0.01, mask2 ratio: 0.04, mask3 ratio: 0.10, mask4 ratio: 0.85
2026-01-22 17:47:52,135 - root - INFO - mask1 ratio: 0.01, mask2 ratio: 0.04, mask3 ratio: 0.10, mask4 ratio: 0.85
2026-01-22 17:47:52,348 - root - INFO - mask1 ratio: 0.01, mask2 ratio: 0.04, mask3 ratio: 0.10, mask4 ratio: 0.85
2026-01-22 17:47:52,560 - root - INFO - mask1 ratio: 0.01, mask2 ratio: 0.03, mask3 ratio: 0.10, mask4 ratio: 0.86
2026-01-22 17:47:52,772 - root - INFO - mask1 ratio: 0.02, mask2 ratio: 0.10, mask3 ratio: 0.10, mask4 ratio: 0.78
2026-01-22 17:47:52,983 - root - INFO - mask1 ratio: 0.01, mask2 ratio: 0.04, mask3 ratio: 0.10, mask4 ratio: 0.85
2026-01-22 17:47:53,199 - root - INFO - mask1 ratio: 0.01, mask2 ratio: 0.04, mask3 ratio: 0.10, mask4 ratio: 0.85
2026-01-22 17:47:53,414 - root - INFO - mask1 ratio: 0.01, mask2 ratio: 0.06, mask3 ratio: 0.10, mask4 ratio: 0.83
2026-01-22 17:47:53,626 - root - INFO - mask1 ratio: 0.01, mask2 ratio: 0.02, mask3 ratio: 0.10, mask4 ratio: 0.87
2026-01-22 17:47:53,839 - root - INFO - mask1 ratio: 0.01, mask2 ratio: 0.02, mask3 ratio: 0.10, mask4 ratio: 0.87
2026-01-22 17:47:54,053 - root - INFO - mask1 ratio: 0.01, mask2 ratio: 0.04, mask3 ratio: 0.10, mask4 ratio: 0.85
2026-01-22 17:47:54,266 - root - INFO - mask1 ratio: 0.01, mask2 ratio: 0.06, mask3 ratio: 0.10, mask4 ratio: 0.83
2026-01-22 17:47:54,480 - root - INFO - mask1 ratio: 0.02, mask2 ratio: 0.11, mask3 ratio: 0.10, mask4 ratio: 0.77
2026-01-22 17:47:54,693 - root - INFO - mask1 ratio: 0.01, mask2 ratio: 0.05, mask3 ratio: 0.10, mask4 ratio: 0.84
2026-01-22 17:47:54,905 - root - INFO - mask1 ratio: 0.01, mask2 ratio: 0.02, mask3 ratio: 0.10, mask4 ratio: 0.87
2026-01-22 17:47:55,117 - root - INFO - mask1 ratio: 0.01, mask2 ratio: 0.07, mask3 ratio: 0.10, mask4 ratio: 0.81
2026-01-22 17:47:55,327 - root - INFO - mask1 ratio: 0.01, mask2 ratio: 0.03, mask3 ratio: 0.10, mask4 ratio: 0.86
2026-01-22 17:47:55,593 - root - INFO - mask1 ratio: 0.01, mask2 ratio: 0.04, mask3 ratio: 0.10, mask4 ratio: 0.85
2026-01-22 17:47:55,837 - root - INFO - mask1 ratio: 0.02, mask2 ratio: 0.06, mask3 ratio: 0.10, mask4 ratio: 0.82
2026-01-22 17:47:56,049 - root - INFO - mask1 ratio: 0.02, mask2 ratio: 0.08, mask3 ratio: 0.10, mask4 ratio: 0.81
2026-01-22 17:47:56,259 - root - INFO - mask1 ratio: 0.01, mask2 ratio: 0.04, mask3 ratio: 0.10, mask4 ratio: 0.85
2026-01-22 17:47:56,471 - root - INFO - mask1 ratio: 0.01, mask2 ratio: 0.04, mask3 ratio: 0.10, mask4 ratio: 0.85
2026-01-22 17:47:56,688 - root - INFO - mask1 ratio: 0.01, mask2 ratio: 0.04, mask3 ratio: 0.10, mask4 ratio: 0.85
2026-01-22 17:47:56,899 - root - INFO - mask1 ratio: 0.01, mask2 ratio: 0.04, mask3 ratio: 0.10, mask4 ratio: 0.85
2026-01-22 17:47:57,112 - root - INFO - mask1 ratio: 0.01, mask2 ratio: 0.04, mask3 ratio: 0.10, mask4 ratio: 0.85
2026-01-22 17:47:57,325 - root - INFO - mask1 ratio: 0.01, mask2 ratio: 0.02, mask3 ratio: 0.10, mask4 ratio: 0.87
2026-01-22 17:47:57,538 - root - INFO - mask1 ratio: 0.01, mask2 ratio: 0.04, mask3 ratio: 0.10, mask4 ratio: 0.85
2026-01-22 17:47:57,749 - root - INFO - mask1 ratio: 0.01, mask2 ratio: 0.02, mask3 ratio: 0.10, mask4 ratio: 0.87
2026-01-22 17:47:57,961 - root - INFO - mask1 ratio: 0.01, mask2 ratio: 0.03, mask3 ratio: 0.10, mask4 ratio: 0.86
2026-01-22 17:47:58,187 - root - INFO - mask1 ratio: 0.01, mask2 ratio: 0.04, mask3 ratio: 0.10, mask4 ratio: 0.85
2026-01-22 17:47:58,402 - root - INFO - mask1 ratio: 0.01, mask2 ratio: 0.05, mask3 ratio: 0.10, mask4 ratio: 0.84
2026-01-22 17:47:58,619 - root - INFO - mask1 ratio: 0.02, mask2 ratio: 0.13, mask3 ratio: 0.10, mask4 ratio: 0.75
2026-01-22 17:47:58,829 - root - INFO - mask1 ratio: 0.01, mask2 ratio: 0.02, mask3 ratio: 0.10, mask4 ratio: 0.87
2026-01-22 17:47:59,040 - root - INFO - mask1 ratio: 0.01, mask2 ratio: 0.04, mask3 ratio: 0.10, mask4 ratio: 0.85
2026-01-22 17:47:59,256 - root - INFO - mask1 ratio: 0.02, mask2 ratio: 0.08, mask3 ratio: 0.10, mask4 ratio: 0.80
2026-01-22 17:47:59,468 - root - INFO - mask1 ratio: 0.01, mask2 ratio: 0.03, mask3 ratio: 0.10, mask4 ratio: 0.86
2026-01-22 17:47:59,681 - root - INFO - mask1 ratio: 0.02, mask2 ratio: 0.11, mask3 ratio: 0.10, mask4 ratio: 0.78
2026-01-22 17:47:59,891 - root - INFO - mask1 ratio: 0.01, mask2 ratio: 0.03, mask3 ratio: 0.10, mask4 ratio: 0.87
2026-01-22 17:48:00,102 - root - INFO - mask1 ratio: 0.01, mask2 ratio: 0.05, mask3 ratio: 0.10, mask4 ratio: 0.84
2026-01-22 17:48:00,313 - root - INFO - mask1 ratio: 0.02, mask2 ratio: 0.14, mask3 ratio: 0.10, mask4 ratio: 0.74
2026-01-22 17:48:00,524 - root - INFO - mask1 ratio: 0.01, mask2 ratio: 0.05, mask3 ratio: 0.10, mask4 ratio: 0.84
2026-01-22 17:48:00,735 - root - INFO - mask1 ratio: 0.01, mask2 ratio: 0.03, mask3 ratio: 0.10, mask4 ratio: 0.86
2026-01-22 17:48:01,086 - root - INFO - mask1 ratio: 0.01, mask2 ratio: 0.03, mask3 ratio: 0.10, mask4 ratio: 0.86
2026-01-22 17:48:01,298 - root - INFO - mask1 ratio: 0.01, mask2 ratio: 0.03, mask3 ratio: 0.10, mask4 ratio: 0.86
2026-01-22 17:48:01,509 - root - INFO - mask1 ratio: 0.01, mask2 ratio: 0.06, mask3 ratio: 0.10, mask4 ratio: 0.83
2026-01-22 17:48:01,723 - root - INFO - mask1 ratio: 0.02, mask2 ratio: 0.19, mask3 ratio: 0.10, mask4 ratio: 0.69
2026-01-22 17:48:01,933 - root - INFO - mask1 ratio: 0.01, mask2 ratio: 0.04, mask3 ratio: 0.10, mask4 ratio: 0.85
2026-01-22 17:48:02,144 - root - INFO - mask1 ratio: 0.01, mask2 ratio: 0.02, mask3 ratio: 0.10, mask4 ratio: 0.88
2026-01-22 17:48:02,356 - root - INFO - mask1 ratio: 0.01, mask2 ratio: 0.02, mask3 ratio: 0.10, mask4 ratio: 0.87
2026-01-22 17:48:02,567 - root - INFO - mask1 ratio: 0.01, mask2 ratio: 0.02, mask3 ratio: 0.10, mask4 ratio: 0.87
2026-01-22 17:48:02,782 - root - INFO - mask1 ratio: 0.01, mask2 ratio: 0.04, mask3 ratio: 0.10, mask4 ratio: 0.85
2026-01-22 17:48:02,994 - root - INFO - mask1 ratio: 0.01, mask2 ratio: 0.06, mask3 ratio: 0.10, mask4 ratio: 0.82
2026-01-22 17:48:03,207 - root - INFO - mask1 ratio: 0.01, mask2 ratio: 0.03, mask3 ratio: 0.10, mask4 ratio: 0.86
2026-01-22 17:48:03,424 - root - INFO - mask1 ratio: 0.01, mask2 ratio: 0.10, mask3 ratio: 0.10, mask4 ratio: 0.79
2026-01-22 17:48:03,636 - root - INFO - mask1 ratio: 0.01, mask2 ratio: 0.02, mask3 ratio: 0.10, mask4 ratio: 0.87
2026-01-22 17:48:03,850 - root - INFO - mask1 ratio: 0.01, mask2 ratio: 0.04, mask3 ratio: 0.10, mask4 ratio: 0.85
2026-01-22 17:48:04,062 - root - INFO - mask1 ratio: 0.02, mask2 ratio: 0.09, mask3 ratio: 0.10, mask4 ratio: 0.79
2026-01-22 17:48:04,274 - root - INFO - mask1 ratio: 0.02, mask2 ratio: 0.11, mask3 ratio: 0.10, mask4 ratio: 0.78
2026-01-22 17:48:04,485 - root - INFO - mask1 ratio: 0.01, mask2 ratio: 0.05, mask3 ratio: 0.10, mask4 ratio: 0.84
2026-01-22 17:48:04,698 - root - INFO - mask1 ratio: 0.01, mask2 ratio: 0.04, mask3 ratio: 0.10, mask4 ratio: 0.85
2026-01-22 17:48:04,910 - root - INFO - mask1 ratio: 0.02, mask2 ratio: 0.05, mask3 ratio: 0.10, mask4 ratio: 0.83
2026-01-22 17:48:05,121 - root - INFO - mask1 ratio: 0.01, mask2 ratio: 0.04, mask3 ratio: 0.10, mask4 ratio: 0.85
2026-01-22 17:48:05,332 - root - INFO - mask1 ratio: 0.01, mask2 ratio: 0.03, mask3 ratio: 0.10, mask4 ratio: 0.86
2026-01-22 17:48:05,543 - root - INFO - mask1 ratio: 0.01, mask2 ratio: 0.04, mask3 ratio: 0.10, mask4 ratio: 0.85
2026-01-22 17:48:05,755 - root - INFO - mask1 ratio: 0.01, mask2 ratio: 0.04, mask3 ratio: 0.10, mask4 ratio: 0.85
2026-01-22 17:48:05,966 - root - INFO - mask1 ratio: 0.01, mask2 ratio: 0.03, mask3 ratio: 0.10, mask4 ratio: 0.86
2026-01-22 17:48:06,179 - root - INFO - mask1 ratio: 0.01, mask2 ratio: 0.05, mask3 ratio: 0.10, mask4 ratio: 0.84
2026-01-22 17:48:06,476 - root - INFO - mask1 ratio: 0.01, mask2 ratio: 0.02, mask3 ratio: 0.10, mask4 ratio: 0.88
2026-01-22 17:48:06,690 - root - INFO - mask1 ratio: 0.01, mask2 ratio: 0.02, mask3 ratio: 0.10, mask4 ratio: 0.87
2026-01-22 17:48:06,718 - root - INFO - time 17.56
2026-01-22 17:48:09,009 - root - INFO - 20 self_attn.k_proj
2026-01-22 17:48:09,009 - root - INFO - Quantizing ...
2026-01-22 17:48:09,628 - root - INFO - mask1 ratio: 0.01, mask2 ratio: 0.03, mask3 ratio: 0.10, mask4 ratio: 0.87
2026-01-22 17:48:09,839 - root - INFO - mask1 ratio: 0.01, mask2 ratio: 0.00, mask3 ratio: 0.11, mask4 ratio: 0.87
2026-01-22 17:48:10,050 - root - INFO - mask1 ratio: 0.01, mask2 ratio: 0.00, mask3 ratio: 0.10, mask4 ratio: 0.88
2026-01-22 17:48:10,261 - root - INFO - mask1 ratio: 0.01, mask2 ratio: 0.04, mask3 ratio: 0.10, mask4 ratio: 0.85
2026-01-22 17:48:10,473 - root - INFO - mask1 ratio: 0.02, mask2 ratio: 0.15, mask3 ratio: 0.10, mask4 ratio: 0.73
2026-01-22 17:48:10,694 - root - INFO - mask1 ratio: 0.02, mask2 ratio: 0.07, mask3 ratio: 0.10, mask4 ratio: 0.81
2026-01-22 17:48:10,914 - root - INFO - mask1 ratio: 0.02, mask2 ratio: 0.10, mask3 ratio: 0.10, mask4 ratio: 0.78
2026-01-22 17:48:11,139 - root - INFO - mask1 ratio: 0.01, mask2 ratio: 0.04, mask3 ratio: 0.10, mask4 ratio: 0.85
2026-01-22 17:48:11,360 - root - INFO - mask1 ratio: 0.01, mask2 ratio: 0.00, mask3 ratio: 0.10, mask4 ratio: 0.88
2026-01-22 17:48:11,582 - root - INFO - mask1 ratio: 0.02, mask2 ratio: 0.13, mask3 ratio: 0.10, mask4 ratio: 0.75
2026-01-22 17:48:11,802 - root - INFO - mask1 ratio: 0.02, mask2 ratio: 0.11, mask3 ratio: 0.10, mask4 ratio: 0.78
2026-01-22 17:48:12,024 - root - INFO - mask1 ratio: 0.01, mask2 ratio: 0.00, mask3 ratio: 0.10, mask4 ratio: 0.88
2026-01-22 17:48:12,235 - root - INFO - mask1 ratio: 0.00, mask2 ratio: 0.02, mask3 ratio: 0.10, mask4 ratio: 0.88
2026-01-22 17:48:12,450 - root - INFO - mask1 ratio: 0.01, mask2 ratio: 0.02, mask3 ratio: 0.10, mask4 ratio: 0.88
2026-01-22 17:48:12,661 - root - INFO - mask1 ratio: 0.01, mask2 ratio: 0.02, mask3 ratio: 0.10, mask4 ratio: 0.88
2026-01-22 17:48:12,872 - root - INFO - mask1 ratio: 0.01, mask2 ratio: 0.02, mask3 ratio: 0.10, mask4 ratio: 0.87
2026-01-22 17:48:13,086 - root - INFO - mask1 ratio: 0.01, mask2 ratio: 0.04, mask3 ratio: 0.10, mask4 ratio: 0.85
2026-01-22 17:48:13,297 - root - INFO - mask1 ratio: 0.01, mask2 ratio: 0.02, mask3 ratio: 0.10, mask4 ratio: 0.87
2026-01-22 17:48:13,510 - root - INFO - mask1 ratio: 0.01, mask2 ratio: 0.02, mask3 ratio: 0.10, mask4 ratio: 0.87
2026-01-22 17:48:13,752 - root - INFO - mask1 ratio: 0.01, mask2 ratio: 0.00, mask3 ratio: 0.10, mask4 ratio: 0.88
2026-01-22 17:48:13,781 - root - INFO - time 4.77
2026-01-22 17:48:13,793 - root - INFO - 20 self_attn.v_proj
2026-01-22 17:48:13,793 - root - INFO - Quantizing ...
2026-01-22 17:48:14,081 - root - INFO - mask1 ratio: 0.02, mask2 ratio: 0.08, mask3 ratio: 0.10, mask4 ratio: 0.81
2026-01-22 17:48:14,292 - root - INFO - mask1 ratio: 0.03, mask2 ratio: 0.22, mask3 ratio: 0.10, mask4 ratio: 0.65
2026-01-22 17:48:14,503 - root - INFO - mask1 ratio: 0.02, mask2 ratio: 0.16, mask3 ratio: 0.10, mask4 ratio: 0.72
2026-01-22 17:48:14,714 - root - INFO - mask1 ratio: 0.02, mask2 ratio: 0.16, mask3 ratio: 0.10, mask4 ratio: 0.72
2026-01-22 17:48:14,928 - root - INFO - mask1 ratio: 0.02, mask2 ratio: 0.13, mask3 ratio: 0.10, mask4 ratio: 0.75
2026-01-22 17:48:15,142 - root - INFO - mask1 ratio: 0.02, mask2 ratio: 0.09, mask3 ratio: 0.10, mask4 ratio: 0.79
2026-01-22 17:48:15,356 - root - INFO - mask1 ratio: 0.03, mask2 ratio: 0.29, mask3 ratio: 0.10, mask4 ratio: 0.58
2026-01-22 17:48:15,569 - root - INFO - mask1 ratio: 0.02, mask2 ratio: 0.14, mask3 ratio: 0.10, mask4 ratio: 0.74
2026-01-22 17:48:15,782 - root - INFO - mask1 ratio: 0.03, mask2 ratio: 0.21, mask3 ratio: 0.10, mask4 ratio: 0.66
2026-01-22 17:48:15,996 - root - INFO - mask1 ratio: 0.02, mask2 ratio: 0.14, mask3 ratio: 0.10, mask4 ratio: 0.74
2026-01-22 17:48:16,210 - root - INFO - mask1 ratio: 0.02, mask2 ratio: 0.15, mask3 ratio: 0.10, mask4 ratio: 0.73
2026-01-22 17:48:16,424 - root - INFO - mask1 ratio: 0.04, mask2 ratio: 0.34, mask3 ratio: 0.10, mask4 ratio: 0.52
2026-01-22 17:48:16,637 - root - INFO - mask1 ratio: 0.02, mask2 ratio: 0.22, mask3 ratio: 0.10, mask4 ratio: 0.66
2026-01-22 17:48:16,850 - root - INFO - mask1 ratio: 0.01, mask2 ratio: 0.04, mask3 ratio: 0.10, mask4 ratio: 0.85
2026-01-22 17:48:17,063 - root - INFO - mask1 ratio: 0.02, mask2 ratio: 0.16, mask3 ratio: 0.10, mask4 ratio: 0.71
2026-01-22 17:48:17,279 - root - INFO - mask1 ratio: 0.03, mask2 ratio: 0.30, mask3 ratio: 0.10, mask4 ratio: 0.57
2026-01-22 17:48:17,490 - root - INFO - mask1 ratio: 0.01, mask2 ratio: 0.06, mask3 ratio: 0.10, mask4 ratio: 0.83
2026-01-22 17:48:17,701 - root - INFO - mask1 ratio: 0.02, mask2 ratio: 0.08, mask3 ratio: 0.10, mask4 ratio: 0.81
2026-01-22 17:48:17,913 - root - INFO - mask1 ratio: 0.02, mask2 ratio: 0.14, mask3 ratio: 0.10, mask4 ratio: 0.74
2026-01-22 17:48:18,123 - root - INFO - mask1 ratio: 0.01, mask2 ratio: 0.02, mask3 ratio: 0.10, mask4 ratio: 0.88
2026-01-22 17:48:18,151 - root - INFO - time 4.36
2026-01-22 17:48:18,154 - root - INFO - 20 self_attn.q_proj
2026-01-22 17:48:18,154 - root - INFO - Quantizing ...
2026-01-22 17:48:18,346 - root - INFO - mask1 ratio: 0.01, mask2 ratio: 0.05, mask3 ratio: 0.10, mask4 ratio: 0.84
2026-01-22 17:48:18,556 - root - INFO - mask1 ratio: 0.02, mask2 ratio: 0.07, mask3 ratio: 0.10, mask4 ratio: 0.81
2026-01-22 17:48:18,766 - root - INFO - mask1 ratio: 0.01, mask2 ratio: 0.02, mask3 ratio: 0.10, mask4 ratio: 0.88
2026-01-22 17:48:18,976 - root - INFO - mask1 ratio: 0.02, mask2 ratio: 0.08, mask3 ratio: 0.10, mask4 ratio: 0.80
2026-01-22 17:48:19,259 - root - INFO - mask1 ratio: 0.03, mask2 ratio: 0.16, mask3 ratio: 0.10, mask4 ratio: 0.71
2026-01-22 17:48:19,484 - root - INFO - mask1 ratio: 0.02, mask2 ratio: 0.12, mask3 ratio: 0.10, mask4 ratio: 0.75
2026-01-22 17:48:19,694 - root - INFO - mask1 ratio: 0.03, mask2 ratio: 0.17, mask3 ratio: 0.10, mask4 ratio: 0.70
2026-01-22 17:48:19,903 - root - INFO - mask1 ratio: 0.02, mask2 ratio: 0.07, mask3 ratio: 0.10, mask4 ratio: 0.81
2026-01-22 17:48:20,112 - root - INFO - mask1 ratio: 0.01, mask2 ratio: 0.02, mask3 ratio: 0.10, mask4 ratio: 0.87
2026-01-22 17:48:20,324 - root - INFO - mask1 ratio: 0.02, mask2 ratio: 0.09, mask3 ratio: 0.10, mask4 ratio: 0.79
2026-01-22 17:48:20,533 - root - INFO - mask1 ratio: 0.02, mask2 ratio: 0.08, mask3 ratio: 0.10, mask4 ratio: 0.81
2026-01-22 17:48:20,743 - root - INFO - mask1 ratio: 0.01, mask2 ratio: 0.00, mask3 ratio: 0.10, mask4 ratio: 0.88
2026-01-22 17:48:20,953 - root - INFO - mask1 ratio: 0.01, mask2 ratio: 0.02, mask3 ratio: 0.10, mask4 ratio: 0.88
2026-01-22 17:48:21,162 - root - INFO - mask1 ratio: 0.01, mask2 ratio: 0.03, mask3 ratio: 0.10, mask4 ratio: 0.87
2026-01-22 17:48:21,374 - root - INFO - mask1 ratio: 0.01, mask2 ratio: 0.02, mask3 ratio: 0.10, mask4 ratio: 0.87
2026-01-22 17:48:21,585 - root - INFO - mask1 ratio: 0.03, mask2 ratio: 0.18, mask3 ratio: 0.10, mask4 ratio: 0.70
2026-01-22 17:48:21,795 - root - INFO - mask1 ratio: 0.01, mask2 ratio: 0.04, mask3 ratio: 0.10, mask4 ratio: 0.85
2026-01-22 17:48:22,004 - root - INFO - mask1 ratio: 0.01, mask2 ratio: 0.02, mask3 ratio: 0.10, mask4 ratio: 0.87
2026-01-22 17:48:22,214 - root - INFO - mask1 ratio: 0.01, mask2 ratio: 0.03, mask3 ratio: 0.10, mask4 ratio: 0.85
2026-01-22 17:48:22,426 - root - INFO - mask1 ratio: 0.01, mask2 ratio: 0.00, mask3 ratio: 0.10, mask4 ratio: 0.88
2026-01-22 17:48:22,453 - root - INFO - time 4.30
2026-01-22 17:48:22,456 - root - INFO - 20 self_attn.out_proj
2026-01-22 17:48:22,456 - root - INFO - Quantizing ...
2026-01-22 17:48:22,647 - root - INFO - mask1 ratio: 0.04, mask2 ratio: 0.34, mask3 ratio: 0.10, mask4 ratio: 0.52
2026-01-22 17:48:22,863 - root - INFO - mask1 ratio: 0.03, mask2 ratio: 0.23, mask3 ratio: 0.10, mask4 ratio: 0.64
2026-01-22 17:48:23,074 - root - INFO - mask1 ratio: 0.04, mask2 ratio: 0.34, mask3 ratio: 0.10, mask4 ratio: 0.52
2026-01-22 17:48:23,286 - root - INFO - mask1 ratio: 0.04, mask2 ratio: 0.34, mask3 ratio: 0.10, mask4 ratio: 0.52
2026-01-22 17:48:23,497 - root - INFO - mask1 ratio: 0.02, mask2 ratio: 0.05, mask3 ratio: 0.10, mask4 ratio: 0.83
2026-01-22 17:48:23,708 - root - INFO - mask1 ratio: 0.01, mask2 ratio: 0.04, mask3 ratio: 0.10, mask4 ratio: 0.85
2026-01-22 17:48:23,931 - root - INFO - mask1 ratio: 0.04, mask2 ratio: 0.34, mask3 ratio: 0.10, mask4 ratio: 0.52
2026-01-22 17:48:24,154 - root - INFO - mask1 ratio: 0.04, mask2 ratio: 0.34, mask3 ratio: 0.10, mask4 ratio: 0.52
2026-01-22 17:48:24,396 - root - INFO - mask1 ratio: 0.02, mask2 ratio: 0.11, mask3 ratio: 0.10, mask4 ratio: 0.78
2026-01-22 17:48:24,727 - root - INFO - mask1 ratio: 0.03, mask2 ratio: 0.16, mask3 ratio: 0.10, mask4 ratio: 0.71
2026-01-22 17:48:24,938 - root - INFO - mask1 ratio: 0.03, mask2 ratio: 0.24, mask3 ratio: 0.10, mask4 ratio: 0.63
2026-01-22 17:48:25,148 - root - INFO - mask1 ratio: 0.01, mask2 ratio: 0.03, mask3 ratio: 0.10, mask4 ratio: 0.86
2026-01-22 17:48:25,359 - root - INFO - mask1 ratio: 0.04, mask2 ratio: 0.34, mask3 ratio: 0.10, mask4 ratio: 0.52
2026-01-22 17:48:25,571 - root - INFO - mask1 ratio: 0.02, mask2 ratio: 0.12, mask3 ratio: 0.10, mask4 ratio: 0.76
2026-01-22 17:48:25,783 - root - INFO - mask1 ratio: 0.04, mask2 ratio: 0.33, mask3 ratio: 0.10, mask4 ratio: 0.53
2026-01-22 17:48:25,994 - root - INFO - mask1 ratio: 0.04, mask2 ratio: 0.34, mask3 ratio: 0.10, mask4 ratio: 0.53
2026-01-22 17:48:26,204 - root - INFO - mask1 ratio: 0.03, mask2 ratio: 0.15, mask3 ratio: 0.10, mask4 ratio: 0.72
2026-01-22 17:48:26,415 - root - INFO - mask1 ratio: 0.01, mask2 ratio: 0.04, mask3 ratio: 0.10, mask4 ratio: 0.85
2026-01-22 17:48:26,629 - root - INFO - mask1 ratio: 0.02, mask2 ratio: 0.08, mask3 ratio: 0.10, mask4 ratio: 0.80
2026-01-22 17:48:26,840 - root - INFO - mask1 ratio: 0.01, mask2 ratio: 0.02, mask3 ratio: 0.10, mask4 ratio: 0.87
2026-01-22 17:48:26,866 - root - INFO - time 4.41
2026-01-22 17:48:26,869 - root - INFO - 20 fc1
2026-01-22 17:48:26,870 - root - INFO - Quantizing ...
2026-01-22 17:48:27,133 - root - INFO - mask1 ratio: 0.01, mask2 ratio: 0.07, mask3 ratio: 0.10, mask4 ratio: 0.81
2026-01-22 17:48:27,420 - root - INFO - mask1 ratio: 0.02, mask2 ratio: 0.12, mask3 ratio: 0.10, mask4 ratio: 0.77
2026-01-22 17:48:27,711 - root - INFO - mask1 ratio: 0.04, mask2 ratio: 0.34, mask3 ratio: 0.10, mask4 ratio: 0.52
2026-01-22 17:48:27,995 - root - INFO - mask1 ratio: 0.01, mask2 ratio: 0.05, mask3 ratio: 0.10, mask4 ratio: 0.84
2026-01-22 17:48:28,284 - root - INFO - mask1 ratio: 0.02, mask2 ratio: 0.17, mask3 ratio: 0.10, mask4 ratio: 0.70
2026-01-22 17:48:28,573 - root - INFO - mask1 ratio: 0.04, mask2 ratio: 0.34, mask3 ratio: 0.10, mask4 ratio: 0.52
2026-01-22 17:48:28,859 - root - INFO - mask1 ratio: 0.02, mask2 ratio: 0.09, mask3 ratio: 0.10, mask4 ratio: 0.79
2026-01-22 17:48:29,145 - root - INFO - mask1 ratio: 0.03, mask2 ratio: 0.24, mask3 ratio: 0.10, mask4 ratio: 0.63
2026-01-22 17:48:29,467 - root - INFO - mask1 ratio: 0.01, mask2 ratio: 0.06, mask3 ratio: 0.10, mask4 ratio: 0.83
2026-01-22 17:48:29,800 - root - INFO - mask1 ratio: 0.02, mask2 ratio: 0.14, mask3 ratio: 0.10, mask4 ratio: 0.74
2026-01-22 17:48:30,088 - root - INFO - mask1 ratio: 0.03, mask2 ratio: 0.24, mask3 ratio: 0.10, mask4 ratio: 0.63
2026-01-22 17:48:30,369 - root - INFO - mask1 ratio: 0.01, mask2 ratio: 0.02, mask3 ratio: 0.10, mask4 ratio: 0.88
2026-01-22 17:48:30,656 - root - INFO - mask1 ratio: 0.01, mask2 ratio: 0.03, mask3 ratio: 0.10, mask4 ratio: 0.86
2026-01-22 17:48:30,941 - root - INFO - mask1 ratio: 0.01, mask2 ratio: 0.03, mask3 ratio: 0.10, mask4 ratio: 0.86
2026-01-22 17:48:31,228 - root - INFO - mask1 ratio: 0.02, mask2 ratio: 0.12, mask3 ratio: 0.10, mask4 ratio: 0.76
2026-01-22 17:48:31,515 - root - INFO - mask1 ratio: 0.01, mask2 ratio: 0.09, mask3 ratio: 0.10, mask4 ratio: 0.80
2026-01-22 17:48:31,797 - root - INFO - mask1 ratio: 0.01, mask2 ratio: 0.03, mask3 ratio: 0.10, mask4 ratio: 0.86
2026-01-22 17:48:32,079 - root - INFO - mask1 ratio: 0.01, mask2 ratio: 0.03, mask3 ratio: 0.10, mask4 ratio: 0.87
2026-01-22 17:48:32,360 - root - INFO - mask1 ratio: 0.01, mask2 ratio: 0.03, mask3 ratio: 0.10, mask4 ratio: 0.86
2026-01-22 17:48:32,643 - root - INFO - mask1 ratio: 0.00, mask2 ratio: 0.02, mask3 ratio: 0.10, mask4 ratio: 0.88
2026-01-22 17:48:32,676 - root - INFO - time 5.81
2026-01-22 17:48:32,685 - root - INFO - 20 fc2
2026-01-22 17:48:32,685 - root - INFO - Quantizing ...
2026-01-22 17:48:32,984 - root - INFO - mask1 ratio: 0.03, mask2 ratio: 0.18, mask3 ratio: 0.10, mask4 ratio: 0.69
2026-01-22 17:48:33,198 - root - INFO - mask1 ratio: 0.01, mask2 ratio: 0.06, mask3 ratio: 0.10, mask4 ratio: 0.83
2026-01-22 17:48:33,409 - root - INFO - mask1 ratio: 0.01, mask2 ratio: 0.02, mask3 ratio: 0.10, mask4 ratio: 0.87
2026-01-22 17:48:33,620 - root - INFO - mask1 ratio: 0.01, mask2 ratio: 0.02, mask3 ratio: 0.10, mask4 ratio: 0.87
2026-01-22 17:48:33,833 - root - INFO - mask1 ratio: 0.00, mask2 ratio: 0.03, mask3 ratio: 0.10, mask4 ratio: 0.87
2026-01-22 17:48:34,045 - root - INFO - mask1 ratio: 0.01, mask2 ratio: 0.02, mask3 ratio: 0.10, mask4 ratio: 0.87
2026-01-22 17:48:34,278 - root - INFO - mask1 ratio: 0.01, mask2 ratio: 0.03, mask3 ratio: 0.10, mask4 ratio: 0.86
2026-01-22 17:48:34,601 - root - INFO - mask1 ratio: 0.01, mask2 ratio: 0.06, mask3 ratio: 0.10, mask4 ratio: 0.83
2026-01-22 17:48:34,818 - root - INFO - mask1 ratio: 0.01, mask2 ratio: 0.02, mask3 ratio: 0.10, mask4 ratio: 0.87
2026-01-22 17:48:35,029 - root - INFO - mask1 ratio: 0.01, mask2 ratio: 0.06, mask3 ratio: 0.10, mask4 ratio: 0.83
2026-01-22 17:48:35,241 - root - INFO - mask1 ratio: 0.01, mask2 ratio: 0.05, mask3 ratio: 0.10, mask4 ratio: 0.84
2026-01-22 17:48:35,453 - root - INFO - mask1 ratio: 0.00, mask2 ratio: 0.04, mask3 ratio: 0.10, mask4 ratio: 0.86
2026-01-22 17:48:35,664 - root - INFO - mask1 ratio: 0.00, mask2 ratio: 0.03, mask3 ratio: 0.10, mask4 ratio: 0.87
2026-01-22 17:48:35,877 - root - INFO - mask1 ratio: 0.02, mask2 ratio: 0.08, mask3 ratio: 0.10, mask4 ratio: 0.80
2026-01-22 17:48:36,090 - root - INFO - mask1 ratio: 0.00, mask2 ratio: 0.03, mask3 ratio: 0.10, mask4 ratio: 0.87
2026-01-22 17:48:36,303 - root - INFO - mask1 ratio: 0.01, mask2 ratio: 0.04, mask3 ratio: 0.10, mask4 ratio: 0.85
2026-01-22 17:48:36,515 - root - INFO - mask1 ratio: 0.01, mask2 ratio: 0.04, mask3 ratio: 0.10, mask4 ratio: 0.85
2026-01-22 17:48:36,726 - root - INFO - mask1 ratio: 0.02, mask2 ratio: 0.11, mask3 ratio: 0.10, mask4 ratio: 0.77
2026-01-22 17:48:36,939 - root - INFO - mask1 ratio: 0.02, mask2 ratio: 0.09, mask3 ratio: 0.10, mask4 ratio: 0.79
2026-01-22 17:48:37,152 - root - INFO - mask1 ratio: 0.04, mask2 ratio: 0.34, mask3 ratio: 0.10, mask4 ratio: 0.52
2026-01-22 17:48:37,363 - root - INFO - mask1 ratio: 0.01, mask2 ratio: 0.02, mask3 ratio: 0.10, mask4 ratio: 0.87
2026-01-22 17:48:37,575 - root - INFO - mask1 ratio: 0.01, mask2 ratio: 0.05, mask3 ratio: 0.10, mask4 ratio: 0.84
2026-01-22 17:48:37,788 - root - INFO - mask1 ratio: 0.02, mask2 ratio: 0.16, mask3 ratio: 0.10, mask4 ratio: 0.72
2026-01-22 17:48:38,001 - root - INFO - mask1 ratio: 0.01, mask2 ratio: 0.02, mask3 ratio: 0.10, mask4 ratio: 0.87
2026-01-22 17:48:38,212 - root - INFO - mask1 ratio: 0.02, mask2 ratio: 0.08, mask3 ratio: 0.10, mask4 ratio: 0.80
2026-01-22 17:48:38,425 - root - INFO - mask1 ratio: 0.01, mask2 ratio: 0.04, mask3 ratio: 0.10, mask4 ratio: 0.85
2026-01-22 17:48:38,636 - root - INFO - mask1 ratio: 0.01, mask2 ratio: 0.03, mask3 ratio: 0.10, mask4 ratio: 0.86
2026-01-22 17:48:38,848 - root - INFO - mask1 ratio: 0.01, mask2 ratio: 0.03, mask3 ratio: 0.10, mask4 ratio: 0.86
2026-01-22 17:48:39,060 - root - INFO - mask1 ratio: 0.01, mask2 ratio: 0.04, mask3 ratio: 0.10, mask4 ratio: 0.85
2026-01-22 17:48:39,271 - root - INFO - mask1 ratio: 0.01, mask2 ratio: 0.05, mask3 ratio: 0.10, mask4 ratio: 0.84
2026-01-22 17:48:39,484 - root - INFO - mask1 ratio: 0.02, mask2 ratio: 0.10, mask3 ratio: 0.10, mask4 ratio: 0.78
2026-01-22 17:48:39,723 - root - INFO - mask1 ratio: 0.01, mask2 ratio: 0.03, mask3 ratio: 0.10, mask4 ratio: 0.86
2026-01-22 17:48:39,993 - root - INFO - mask1 ratio: 0.01, mask2 ratio: 0.03, mask3 ratio: 0.10, mask4 ratio: 0.86
2026-01-22 17:48:40,203 - root - INFO - mask1 ratio: 0.01, mask2 ratio: 0.02, mask3 ratio: 0.10, mask4 ratio: 0.87
2026-01-22 17:48:40,413 - root - INFO - mask1 ratio: 0.01, mask2 ratio: 0.02, mask3 ratio: 0.10, mask4 ratio: 0.87
2026-01-22 17:48:40,624 - root - INFO - mask1 ratio: 0.02, mask2 ratio: 0.09, mask3 ratio: 0.10, mask4 ratio: 0.79
2026-01-22 17:48:40,834 - root - INFO - mask1 ratio: 0.01, mask2 ratio: 0.03, mask3 ratio: 0.10, mask4 ratio: 0.86
2026-01-22 17:48:41,046 - root - INFO - mask1 ratio: 0.02, mask2 ratio: 0.10, mask3 ratio: 0.10, mask4 ratio: 0.78
2026-01-22 17:48:41,257 - root - INFO - mask1 ratio: 0.01, mask2 ratio: 0.06, mask3 ratio: 0.10, mask4 ratio: 0.83
2026-01-22 17:48:41,467 - root - INFO - mask1 ratio: 0.01, mask2 ratio: 0.02, mask3 ratio: 0.10, mask4 ratio: 0.87
2026-01-22 17:48:41,678 - root - INFO - mask1 ratio: 0.01, mask2 ratio: 0.02, mask3 ratio: 0.10, mask4 ratio: 0.87
2026-01-22 17:48:41,889 - root - INFO - mask1 ratio: 0.01, mask2 ratio: 0.13, mask3 ratio: 0.10, mask4 ratio: 0.75
2026-01-22 17:48:42,102 - root - INFO - mask1 ratio: 0.02, mask2 ratio: 0.09, mask3 ratio: 0.10, mask4 ratio: 0.79
2026-01-22 17:48:42,315 - root - INFO - mask1 ratio: 0.01, mask2 ratio: 0.03, mask3 ratio: 0.10, mask4 ratio: 0.86
2026-01-22 17:48:42,529 - root - INFO - mask1 ratio: 0.02, mask2 ratio: 0.09, mask3 ratio: 0.10, mask4 ratio: 0.79
2026-01-22 17:48:42,740 - root - INFO - mask1 ratio: 0.01, mask2 ratio: 0.03, mask3 ratio: 0.10, mask4 ratio: 0.86
2026-01-22 17:48:42,951 - root - INFO - mask1 ratio: 0.02, mask2 ratio: 0.11, mask3 ratio: 0.10, mask4 ratio: 0.78
2026-01-22 17:48:43,162 - root - INFO - mask1 ratio: 0.01, mask2 ratio: 0.02, mask3 ratio: 0.10, mask4 ratio: 0.87
2026-01-22 17:48:43,373 - root - INFO - mask1 ratio: 0.01, mask2 ratio: 0.07, mask3 ratio: 0.10, mask4 ratio: 0.81
2026-01-22 17:48:43,586 - root - INFO - mask1 ratio: 0.01, mask2 ratio: 0.03, mask3 ratio: 0.10, mask4 ratio: 0.86
2026-01-22 17:48:43,797 - root - INFO - mask1 ratio: 0.01, mask2 ratio: 0.06, mask3 ratio: 0.10, mask4 ratio: 0.83
2026-01-22 17:48:44,009 - root - INFO - mask1 ratio: 0.02, mask2 ratio: 0.12, mask3 ratio: 0.10, mask4 ratio: 0.77
2026-01-22 17:48:44,220 - root - INFO - mask1 ratio: 0.01, mask2 ratio: 0.02, mask3 ratio: 0.10, mask4 ratio: 0.88
2026-01-22 17:48:44,431 - root - INFO - mask1 ratio: 0.03, mask2 ratio: 0.23, mask3 ratio: 0.10, mask4 ratio: 0.65
2026-01-22 17:48:44,643 - root - INFO - mask1 ratio: 0.01, mask2 ratio: 0.04, mask3 ratio: 0.10, mask4 ratio: 0.85
2026-01-22 17:48:44,860 - root - INFO - mask1 ratio: 0.01, mask2 ratio: 0.06, mask3 ratio: 0.10, mask4 ratio: 0.83
2026-01-22 17:48:45,132 - root - INFO - mask1 ratio: 0.00, mask2 ratio: 0.03, mask3 ratio: 0.10, mask4 ratio: 0.87
2026-01-22 17:48:45,415 - root - INFO - mask1 ratio: 0.02, mask2 ratio: 0.10, mask3 ratio: 0.10, mask4 ratio: 0.78
2026-01-22 17:48:45,627 - root - INFO - mask1 ratio: 0.01, mask2 ratio: 0.02, mask3 ratio: 0.10, mask4 ratio: 0.88
2026-01-22 17:48:45,838 - root - INFO - mask1 ratio: 0.01, mask2 ratio: 0.04, mask3 ratio: 0.10, mask4 ratio: 0.85
2026-01-22 17:48:46,049 - root - INFO - mask1 ratio: 0.01, mask2 ratio: 0.03, mask3 ratio: 0.10, mask4 ratio: 0.86
2026-01-22 17:48:46,261 - root - INFO - mask1 ratio: 0.01, mask2 ratio: 0.02, mask3 ratio: 0.10, mask4 ratio: 0.87
2026-01-22 17:48:46,472 - root - INFO - mask1 ratio: 0.01, mask2 ratio: 0.04, mask3 ratio: 0.10, mask4 ratio: 0.85
2026-01-22 17:48:46,684 - root - INFO - mask1 ratio: 0.03, mask2 ratio: 0.24, mask3 ratio: 0.10, mask4 ratio: 0.63
2026-01-22 17:48:46,896 - root - INFO - mask1 ratio: 0.01, mask2 ratio: 0.04, mask3 ratio: 0.10, mask4 ratio: 0.85
2026-01-22 17:48:47,107 - root - INFO - mask1 ratio: 0.01, mask2 ratio: 0.02, mask3 ratio: 0.10, mask4 ratio: 0.87
2026-01-22 17:48:47,320 - root - INFO - mask1 ratio: 0.02, mask2 ratio: 0.08, mask3 ratio: 0.10, mask4 ratio: 0.81
2026-01-22 17:48:47,532 - root - INFO - mask1 ratio: 0.01, mask2 ratio: 0.05, mask3 ratio: 0.10, mask4 ratio: 0.85
2026-01-22 17:48:47,743 - root - INFO - mask1 ratio: 0.01, mask2 ratio: 0.06, mask3 ratio: 0.10, mask4 ratio: 0.83
2026-01-22 17:48:47,958 - root - INFO - mask1 ratio: 0.02, mask2 ratio: 0.06, mask3 ratio: 0.10, mask4 ratio: 0.82
2026-01-22 17:48:48,173 - root - INFO - mask1 ratio: 0.01, mask2 ratio: 0.03, mask3 ratio: 0.10, mask4 ratio: 0.86
2026-01-22 17:48:48,394 - root - INFO - mask1 ratio: 0.01, mask2 ratio: 0.02, mask3 ratio: 0.10, mask4 ratio: 0.87
2026-01-22 17:48:48,624 - root - INFO - mask1 ratio: 0.01, mask2 ratio: 0.04, mask3 ratio: 0.10, mask4 ratio: 0.85
2026-01-22 17:48:48,856 - root - INFO - mask1 ratio: 0.01, mask2 ratio: 0.04, mask3 ratio: 0.10, mask4 ratio: 0.85
2026-01-22 17:48:49,087 - root - INFO - mask1 ratio: 0.03, mask2 ratio: 0.21, mask3 ratio: 0.10, mask4 ratio: 0.67
2026-01-22 17:48:49,324 - root - INFO - mask1 ratio: 0.01, mask2 ratio: 0.04, mask3 ratio: 0.10, mask4 ratio: 0.85
2026-01-22 17:48:49,554 - root - INFO - mask1 ratio: 0.01, mask2 ratio: 0.03, mask3 ratio: 0.10, mask4 ratio: 0.86
2026-01-22 17:48:49,797 - root - INFO - mask1 ratio: 0.01, mask2 ratio: 0.05, mask3 ratio: 0.10, mask4 ratio: 0.84
2026-01-22 17:48:50,025 - root - INFO - mask1 ratio: 0.01, mask2 ratio: 0.04, mask3 ratio: 0.10, mask4 ratio: 0.85
2026-01-22 17:48:50,250 - root - INFO - mask1 ratio: 0.02, mask2 ratio: 0.18, mask3 ratio: 0.10, mask4 ratio: 0.70
2026-01-22 17:48:50,279 - root - INFO - time 17.59
2026-01-22 17:48:52,667 - root - INFO - 21 self_attn.k_proj
2026-01-22 17:48:52,667 - root - INFO - Quantizing ...
2026-01-22 17:48:53,291 - root - INFO - mask1 ratio: 0.01, mask2 ratio: 0.03, mask3 ratio: 0.10, mask4 ratio: 0.87
2026-01-22 17:48:53,516 - root - INFO - mask1 ratio: 0.01, mask2 ratio: 0.00, mask3 ratio: 0.10, mask4 ratio: 0.88
2026-01-22 17:48:53,732 - root - INFO - mask1 ratio: 0.01, mask2 ratio: 0.00, mask3 ratio: 0.10, mask4 ratio: 0.88
2026-01-22 17:48:53,951 - root - INFO - mask1 ratio: 0.02, mask2 ratio: 0.08, mask3 ratio: 0.10, mask4 ratio: 0.81
2026-01-22 17:48:54,188 - root - INFO - mask1 ratio: 0.02, mask2 ratio: 0.09, mask3 ratio: 0.10, mask4 ratio: 0.79
2026-01-22 17:48:54,404 - root - INFO - mask1 ratio: 0.02, mask2 ratio: 0.07, mask3 ratio: 0.10, mask4 ratio: 0.81
2026-01-22 17:48:54,630 - root - INFO - mask1 ratio: 0.01, mask2 ratio: 0.05, mask3 ratio: 0.10, mask4 ratio: 0.84
2026-01-22 17:48:54,862 - root - INFO - mask1 ratio: 0.01, mask2 ratio: 0.02, mask3 ratio: 0.10, mask4 ratio: 0.87
2026-01-22 17:48:55,084 - root - INFO - mask1 ratio: 0.00, mask2 ratio: 0.02, mask3 ratio: 0.10, mask4 ratio: 0.88
2026-01-22 17:48:55,298 - root - INFO - mask1 ratio: 0.01, mask2 ratio: 0.05, mask3 ratio: 0.10, mask4 ratio: 0.84
2026-01-22 17:48:55,511 - root - INFO - mask1 ratio: 0.02, mask2 ratio: 0.11, mask3 ratio: 0.10, mask4 ratio: 0.77
2026-01-22 17:48:55,722 - root - INFO - mask1 ratio: 0.01, mask2 ratio: 0.00, mask3 ratio: 0.10, mask4 ratio: 0.88
2026-01-22 17:48:55,933 - root - INFO - mask1 ratio: 0.00, mask2 ratio: 0.02, mask3 ratio: 0.10, mask4 ratio: 0.88
2026-01-22 17:48:56,144 - root - INFO - mask1 ratio: 0.00, mask2 ratio: 0.02, mask3 ratio: 0.10, mask4 ratio: 0.88
2026-01-22 17:48:56,356 - root - INFO - mask1 ratio: 0.01, mask2 ratio: 0.02, mask3 ratio: 0.10, mask4 ratio: 0.88
2026-01-22 17:48:56,569 - root - INFO - mask1 ratio: 0.01, mask2 ratio: 0.03, mask3 ratio: 0.10, mask4 ratio: 0.86
2026-01-22 17:48:56,788 - root - INFO - mask1 ratio: 0.01, mask2 ratio: 0.04, mask3 ratio: 0.10, mask4 ratio: 0.85
2026-01-22 17:48:56,999 - root - INFO - mask1 ratio: 0.01, mask2 ratio: 0.02, mask3 ratio: 0.10, mask4 ratio: 0.87
2026-01-22 17:48:57,211 - root - INFO - mask1 ratio: 0.01, mask2 ratio: 0.02, mask3 ratio: 0.10, mask4 ratio: 0.87
2026-01-22 17:48:57,433 - root - INFO - mask1 ratio: 0.01, mask2 ratio: 0.00, mask3 ratio: 0.10, mask4 ratio: 0.88
2026-01-22 17:48:57,460 - root - INFO - time 4.79
2026-01-22 17:48:57,471 - root - INFO - 21 self_attn.v_proj
2026-01-22 17:48:57,471 - root - INFO - Quantizing ...
2026-01-22 17:48:57,664 - root - INFO - mask1 ratio: 0.02, mask2 ratio: 0.11, mask3 ratio: 0.10, mask4 ratio: 0.77
2026-01-22 17:48:57,874 - root - INFO - mask1 ratio: 0.03, mask2 ratio: 0.21, mask3 ratio: 0.10, mask4 ratio: 0.67
2026-01-22 17:48:58,160 - root - INFO - mask1 ratio: 0.03, mask2 ratio: 0.19, mask3 ratio: 0.10, mask4 ratio: 0.68
2026-01-22 17:48:58,429 - root - INFO - mask1 ratio: 0.02, mask2 ratio: 0.10, mask3 ratio: 0.10, mask4 ratio: 0.78
2026-01-22 17:48:58,643 - root - INFO - mask1 ratio: 0.02, mask2 ratio: 0.09, mask3 ratio: 0.10, mask4 ratio: 0.80
2026-01-22 17:48:58,854 - root - INFO - mask1 ratio: 0.02, mask2 ratio: 0.10, mask3 ratio: 0.10, mask4 ratio: 0.78
2026-01-22 17:48:59,064 - root - INFO - mask1 ratio: 0.02, mask2 ratio: 0.14, mask3 ratio: 0.10, mask4 ratio: 0.74
2026-01-22 17:48:59,288 - root - INFO - mask1 ratio: 0.02, mask2 ratio: 0.13, mask3 ratio: 0.10, mask4 ratio: 0.75
2026-01-22 17:48:59,499 - root - INFO - mask1 ratio: 0.03, mask2 ratio: 0.15, mask3 ratio: 0.10, mask4 ratio: 0.73
2026-01-22 17:48:59,711 - root - INFO - mask1 ratio: 0.02, mask2 ratio: 0.13, mask3 ratio: 0.10, mask4 ratio: 0.75
2026-01-22 17:48:59,922 - root - INFO - mask1 ratio: 0.03, mask2 ratio: 0.18, mask3 ratio: 0.10, mask4 ratio: 0.70
2026-01-22 17:49:00,133 - root - INFO - mask1 ratio: 0.04, mask2 ratio: 0.34, mask3 ratio: 0.10, mask4 ratio: 0.52
2026-01-22 17:49:00,346 - root - INFO - mask1 ratio: 0.02, mask2 ratio: 0.11, mask3 ratio: 0.10, mask4 ratio: 0.78
2026-01-22 17:49:00,558 - root - INFO - mask1 ratio: 0.03, mask2 ratio: 0.25, mask3 ratio: 0.10, mask4 ratio: 0.62
2026-01-22 17:49:00,769 - root - INFO - mask1 ratio: 0.02, mask2 ratio: 0.10, mask3 ratio: 0.10, mask4 ratio: 0.78
2026-01-22 17:49:00,979 - root - INFO - mask1 ratio: 0.02, mask2 ratio: 0.07, mask3 ratio: 0.10, mask4 ratio: 0.81
2026-01-22 17:49:01,190 - root - INFO - mask1 ratio: 0.01, mask2 ratio: 0.06, mask3 ratio: 0.10, mask4 ratio: 0.83
2026-01-22 17:49:01,401 - root - INFO - mask1 ratio: 0.02, mask2 ratio: 0.10, mask3 ratio: 0.10, mask4 ratio: 0.78
2026-01-22 17:49:01,613 - root - INFO - mask1 ratio: 0.02, mask2 ratio: 0.08, mask3 ratio: 0.10, mask4 ratio: 0.81
2026-01-22 17:49:01,824 - root - INFO - mask1 ratio: 0.01, mask2 ratio: 0.02, mask3 ratio: 0.10, mask4 ratio: 0.88
2026-01-22 17:49:01,850 - root - INFO - time 4.38
2026-01-22 17:49:01,853 - root - INFO - 21 self_attn.q_proj
2026-01-22 17:49:01,853 - root - INFO - Quantizing ...
2026-01-22 17:49:02,044 - root - INFO - mask1 ratio: 0.01, mask2 ratio: 0.04, mask3 ratio: 0.10, mask4 ratio: 0.85
2026-01-22 17:49:02,254 - root - INFO - mask1 ratio: 0.04, mask2 ratio: 0.34, mask3 ratio: 0.10, mask4 ratio: 0.52
2026-01-22 17:49:02,464 - root - INFO - mask1 ratio: 0.01, mask2 ratio: 0.00, mask3 ratio: 0.10, mask4 ratio: 0.88
2026-01-22 17:49:02,679 - root - INFO - mask1 ratio: 0.03, mask2 ratio: 0.27, mask3 ratio: 0.10, mask4 ratio: 0.60
2026-01-22 17:49:02,893 - root - INFO - mask1 ratio: 0.02, mask2 ratio: 0.10, mask3 ratio: 0.10, mask4 ratio: 0.78
2026-01-22 17:49:03,106 - root - INFO - mask1 ratio: 0.03, mask2 ratio: 0.17, mask3 ratio: 0.10, mask4 ratio: 0.70
2026-01-22 17:49:03,317 - root - INFO - mask1 ratio: 0.02, mask2 ratio: 0.08, mask3 ratio: 0.10, mask4 ratio: 0.80
2026-01-22 17:49:03,620 - root - INFO - mask1 ratio: 0.01, mask2 ratio: 0.04, mask3 ratio: 0.10, mask4 ratio: 0.85
2026-01-22 17:49:03,832 - root - INFO - mask1 ratio: 0.01, mask2 ratio: 0.02, mask3 ratio: 0.10, mask4 ratio: 0.87
2026-01-22 17:49:04,043 - root - INFO - mask1 ratio: 0.03, mask2 ratio: 0.16, mask3 ratio: 0.10, mask4 ratio: 0.71
2026-01-22 17:49:04,253 - root - INFO - mask1 ratio: 0.03, mask2 ratio: 0.17, mask3 ratio: 0.10, mask4 ratio: 0.70
2026-01-22 17:49:04,462 - root - INFO - mask1 ratio: 0.01, mask2 ratio: 0.00, mask3 ratio: 0.10, mask4 ratio: 0.88
2026-01-22 17:49:04,675 - root - INFO - mask1 ratio: 0.01, mask2 ratio: 0.02, mask3 ratio: 0.10, mask4 ratio: 0.88
2026-01-22 17:49:04,887 - root - INFO - mask1 ratio: 0.00, mask2 ratio: 0.03, mask3 ratio: 0.10, mask4 ratio: 0.87
2026-01-22 17:49:05,098 - root - INFO - mask1 ratio: 0.01, mask2 ratio: 0.02, mask3 ratio: 0.10, mask4 ratio: 0.87
2026-01-22 17:49:05,309 - root - INFO - mask1 ratio: 0.02, mask2 ratio: 0.07, mask3 ratio: 0.10, mask4 ratio: 0.81
2026-01-22 17:49:05,518 - root - INFO - mask1 ratio: 0.02, mask2 ratio: 0.08, mask3 ratio: 0.10, mask4 ratio: 0.81
2026-01-22 17:49:05,729 - root - INFO - mask1 ratio: 0.01, mask2 ratio: 0.02, mask3 ratio: 0.10, mask4 ratio: 0.87
2026-01-22 17:49:05,939 - root - INFO - mask1 ratio: 0.01, mask2 ratio: 0.04, mask3 ratio: 0.10, mask4 ratio: 0.85
2026-01-22 17:49:06,149 - root - INFO - mask1 ratio: 0.01, mask2 ratio: 0.00, mask3 ratio: 0.10, mask4 ratio: 0.88
2026-01-22 17:49:06,174 - root - INFO - time 4.32
2026-01-22 17:49:06,178 - root - INFO - 21 self_attn.out_proj
2026-01-22 17:49:06,178 - root - INFO - Quantizing ...
2026-01-22 17:49:06,368 - root - INFO - mask1 ratio: 0.01, mask2 ratio: 0.04, mask3 ratio: 0.10, mask4 ratio: 0.85
2026-01-22 17:49:06,578 - root - INFO - mask1 ratio: 0.02, mask2 ratio: 0.13, mask3 ratio: 0.10, mask4 ratio: 0.75
2026-01-22 17:49:06,791 - root - INFO - mask1 ratio: 0.04, mask2 ratio: 0.34, mask3 ratio: 0.10, mask4 ratio: 0.52
2026-01-22 17:49:07,000 - root - INFO - mask1 ratio: 0.03, mask2 ratio: 0.23, mask3 ratio: 0.10, mask4 ratio: 0.64
2026-01-22 17:49:07,212 - root - INFO - mask1 ratio: 0.03, mask2 ratio: 0.30, mask3 ratio: 0.10, mask4 ratio: 0.57
2026-01-22 17:49:07,423 - root - INFO - mask1 ratio: 0.01, mask2 ratio: 0.05, mask3 ratio: 0.10, mask4 ratio: 0.84
2026-01-22 17:49:07,633 - root - INFO - mask1 ratio: 0.04, mask2 ratio: 0.34, mask3 ratio: 0.10, mask4 ratio: 0.52
2026-01-22 17:49:07,846 - root - INFO - mask1 ratio: 0.03, mask2 ratio: 0.17, mask3 ratio: 0.10, mask4 ratio: 0.70
2026-01-22 17:49:08,057 - root - INFO - mask1 ratio: 0.02, mask2 ratio: 0.10, mask3 ratio: 0.10, mask4 ratio: 0.78
2026-01-22 17:49:08,268 - root - INFO - mask1 ratio: 0.01, mask2 ratio: 0.06, mask3 ratio: 0.10, mask4 ratio: 0.83
2026-01-22 17:49:08,478 - root - INFO - mask1 ratio: 0.01, mask2 ratio: 0.02, mask3 ratio: 0.10, mask4 ratio: 0.87
2026-01-22 17:49:08,717 - root - INFO - mask1 ratio: 0.04, mask2 ratio: 0.33, mask3 ratio: 0.10, mask4 ratio: 0.53
2026-01-22 17:49:09,033 - root - INFO - mask1 ratio: 0.04, mask2 ratio: 0.34, mask3 ratio: 0.10, mask4 ratio: 0.52
2026-01-22 17:49:09,244 - root - INFO - mask1 ratio: 0.02, mask2 ratio: 0.12, mask3 ratio: 0.10, mask4 ratio: 0.76
2026-01-22 17:49:09,454 - root - INFO - mask1 ratio: 0.02, mask2 ratio: 0.13, mask3 ratio: 0.10, mask4 ratio: 0.75
2026-01-22 17:49:09,666 - root - INFO - mask1 ratio: 0.04, mask2 ratio: 0.34, mask3 ratio: 0.10, mask4 ratio: 0.52
2026-01-22 17:49:09,879 - root - INFO - mask1 ratio: 0.02, mask2 ratio: 0.08, mask3 ratio: 0.10, mask4 ratio: 0.81
2026-01-22 17:49:10,090 - root - INFO - mask1 ratio: 0.04, mask2 ratio: 0.34, mask3 ratio: 0.10, mask4 ratio: 0.52
2026-01-22 17:49:10,302 - root - INFO - mask1 ratio: 0.01, mask2 ratio: 0.03, mask3 ratio: 0.10, mask4 ratio: 0.86
2026-01-22 17:49:10,512 - root - INFO - mask1 ratio: 0.02, mask2 ratio: 0.09, mask3 ratio: 0.10, mask4 ratio: 0.79
2026-01-22 17:49:10,538 - root - INFO - time 4.36
2026-01-22 17:49:10,542 - root - INFO - 21 fc1
2026-01-22 17:49:10,542 - root - INFO - Quantizing ...
2026-01-22 17:49:10,810 - root - INFO - mask1 ratio: 0.03, mask2 ratio: 0.21, mask3 ratio: 0.10, mask4 ratio: 0.67
2026-01-22 17:49:11,094 - root - INFO - mask1 ratio: 0.02, mask2 ratio: 0.09, mask3 ratio: 0.10, mask4 ratio: 0.80
2026-01-22 17:49:11,381 - root - INFO - mask1 ratio: 0.04, mask2 ratio: 0.34, mask3 ratio: 0.10, mask4 ratio: 0.52
2026-01-22 17:49:11,667 - root - INFO - mask1 ratio: 0.01, mask2 ratio: 0.05, mask3 ratio: 0.10, mask4 ratio: 0.85
2026-01-22 17:49:11,955 - root - INFO - mask1 ratio: 0.02, mask2 ratio: 0.09, mask3 ratio: 0.10, mask4 ratio: 0.80
2026-01-22 17:49:12,242 - root - INFO - mask1 ratio: 0.02, mask2 ratio: 0.11, mask3 ratio: 0.10, mask4 ratio: 0.78
2026-01-22 17:49:12,530 - root - INFO - mask1 ratio: 0.02, mask2 ratio: 0.09, mask3 ratio: 0.10, mask4 ratio: 0.80
2026-01-22 17:49:12,815 - root - INFO - mask1 ratio: 0.02, mask2 ratio: 0.09, mask3 ratio: 0.10, mask4 ratio: 0.79
2026-01-22 17:49:13,105 - root - INFO - mask1 ratio: 0.01, mask2 ratio: 0.05, mask3 ratio: 0.10, mask4 ratio: 0.84
2026-01-22 17:49:13,391 - root - INFO - mask1 ratio: 0.03, mask2 ratio: 0.22, mask3 ratio: 0.10, mask4 ratio: 0.65
2026-01-22 17:49:13,714 - root - INFO - mask1 ratio: 0.02, mask2 ratio: 0.10, mask3 ratio: 0.10, mask4 ratio: 0.78
2026-01-22 17:49:14,049 - root - INFO - mask1 ratio: 0.00, mask2 ratio: 0.02, mask3 ratio: 0.10, mask4 ratio: 0.88
2026-01-22 17:49:14,332 - root - INFO - mask1 ratio: 0.01, mask2 ratio: 0.03, mask3 ratio: 0.10, mask4 ratio: 0.87
2026-01-22 17:49:14,614 - root - INFO - mask1 ratio: 0.01, mask2 ratio: 0.02, mask3 ratio: 0.10, mask4 ratio: 0.87
2026-01-22 17:49:14,902 - root - INFO - mask1 ratio: 0.02, mask2 ratio: 0.09, mask3 ratio: 0.10, mask4 ratio: 0.80
2026-01-22 17:49:15,187 - root - INFO - mask1 ratio: 0.01, mask2 ratio: 0.07, mask3 ratio: 0.10, mask4 ratio: 0.81
2026-01-22 17:49:15,471 - root - INFO - mask1 ratio: 0.01, mask2 ratio: 0.03, mask3 ratio: 0.10, mask4 ratio: 0.86
2026-01-22 17:49:15,756 - root - INFO - mask1 ratio: 0.01, mask2 ratio: 0.02, mask3 ratio: 0.10, mask4 ratio: 0.87
2026-01-22 17:49:16,040 - root - INFO - mask1 ratio: 0.01, mask2 ratio: 0.04, mask3 ratio: 0.10, mask4 ratio: 0.85
2026-01-22 17:49:16,321 - root - INFO - mask1 ratio: 0.00, mask2 ratio: 0.02, mask3 ratio: 0.10, mask4 ratio: 0.88
2026-01-22 17:49:16,353 - root - INFO - time 5.81
2026-01-22 17:49:16,363 - root - INFO - 21 fc2
2026-01-22 17:49:16,363 - root - INFO - Quantizing ...
2026-01-22 17:49:16,664 - root - INFO - mask1 ratio: 0.01, mask2 ratio: 0.04, mask3 ratio: 0.10, mask4 ratio: 0.85
2026-01-22 17:49:16,878 - root - INFO - mask1 ratio: 0.01, mask2 ratio: 0.02, mask3 ratio: 0.10, mask4 ratio: 0.87
2026-01-22 17:49:17,092 - root - INFO - mask1 ratio: 0.01, mask2 ratio: 0.04, mask3 ratio: 0.10, mask4 ratio: 0.85
2026-01-22 17:49:17,305 - root - INFO - mask1 ratio: 0.03, mask2 ratio: 0.25, mask3 ratio: 0.10, mask4 ratio: 0.62
2026-01-22 17:49:17,516 - root - INFO - mask1 ratio: 0.01, mask2 ratio: 0.06, mask3 ratio: 0.10, mask4 ratio: 0.83
2026-01-22 17:49:17,728 - root - INFO - mask1 ratio: 0.01, mask2 ratio: 0.04, mask3 ratio: 0.10, mask4 ratio: 0.85
2026-01-22 17:49:17,940 - root - INFO - mask1 ratio: 0.01, mask2 ratio: 0.07, mask3 ratio: 0.10, mask4 ratio: 0.82
2026-01-22 17:49:18,156 - root - INFO - mask1 ratio: 0.01, mask2 ratio: 0.05, mask3 ratio: 0.10, mask4 ratio: 0.84
2026-01-22 17:49:18,367 - root - INFO - mask1 ratio: 0.01, mask2 ratio: 0.04, mask3 ratio: 0.10, mask4 ratio: 0.85
2026-01-22 17:49:18,578 - root - INFO - mask1 ratio: 0.01, mask2 ratio: 0.05, mask3 ratio: 0.10, mask4 ratio: 0.84
2026-01-22 17:49:18,928 - root - INFO - mask1 ratio: 0.01, mask2 ratio: 0.02, mask3 ratio: 0.10, mask4 ratio: 0.88
2026-01-22 17:49:19,142 - root - INFO - mask1 ratio: 0.01, mask2 ratio: 0.02, mask3 ratio: 0.10, mask4 ratio: 0.87
2026-01-22 17:49:19,354 - root - INFO - mask1 ratio: 0.01, mask2 ratio: 0.03, mask3 ratio: 0.10, mask4 ratio: 0.86
2026-01-22 17:49:19,566 - root - INFO - mask1 ratio: 0.01, mask2 ratio: 0.06, mask3 ratio: 0.10, mask4 ratio: 0.82
2026-01-22 17:49:19,776 - root - INFO - mask1 ratio: 0.01, mask2 ratio: 0.03, mask3 ratio: 0.10, mask4 ratio: 0.87
2026-01-22 17:49:19,988 - root - INFO - mask1 ratio: 0.01, mask2 ratio: 0.04, mask3 ratio: 0.10, mask4 ratio: 0.85
2026-01-22 17:49:20,208 - root - INFO - mask1 ratio: 0.02, mask2 ratio: 0.13, mask3 ratio: 0.10, mask4 ratio: 0.74
2026-01-22 17:49:20,419 - root - INFO - mask1 ratio: 0.01, mask2 ratio: 0.04, mask3 ratio: 0.10, mask4 ratio: 0.85
2026-01-22 17:49:20,630 - root - INFO - mask1 ratio: 0.01, mask2 ratio: 0.05, mask3 ratio: 0.10, mask4 ratio: 0.84
2026-01-22 17:49:20,842 - root - INFO - mask1 ratio: 0.01, mask2 ratio: 0.05, mask3 ratio: 0.10, mask4 ratio: 0.84
2026-01-22 17:49:21,053 - root - INFO - mask1 ratio: 0.01, mask2 ratio: 0.03, mask3 ratio: 0.10, mask4 ratio: 0.86
2026-01-22 17:49:21,266 - root - INFO - mask1 ratio: 0.01, mask2 ratio: 0.04, mask3 ratio: 0.10, mask4 ratio: 0.85
2026-01-22 17:49:21,461 - root - INFO - mask1 ratio: 0.01, mask2 ratio: 0.03, mask3 ratio: 0.10, mask4 ratio: 0.86
2026-01-22 17:49:21,646 - root - INFO - mask1 ratio: 0.01, mask2 ratio: 0.03, mask3 ratio: 0.10, mask4 ratio: 0.86
2026-01-22 17:49:21,859 - root - INFO - mask1 ratio: 0.02, mask2 ratio: 0.18, mask3 ratio: 0.10, mask4 ratio: 0.70
2026-01-22 17:49:22,071 - root - INFO - mask1 ratio: 0.01, mask2 ratio: 0.02, mask3 ratio: 0.10, mask4 ratio: 0.87
2026-01-22 17:49:22,282 - root - INFO - mask1 ratio: 0.01, mask2 ratio: 0.04, mask3 ratio: 0.10, mask4 ratio: 0.85
2026-01-22 17:49:22,494 - root - INFO - mask1 ratio: 0.02, mask2 ratio: 0.11, mask3 ratio: 0.10, mask4 ratio: 0.78
2026-01-22 17:49:22,706 - root - INFO - mask1 ratio: 0.03, mask2 ratio: 0.18, mask3 ratio: 0.10, mask4 ratio: 0.69
2026-01-22 17:49:22,918 - root - INFO - mask1 ratio: 0.02, mask2 ratio: 0.12, mask3 ratio: 0.10, mask4 ratio: 0.77
2026-01-22 17:49:23,130 - root - INFO - mask1 ratio: 0.01, mask2 ratio: 0.03, mask3 ratio: 0.10, mask4 ratio: 0.86
2026-01-22 17:49:23,344 - root - INFO - mask1 ratio: 0.01, mask2 ratio: 0.04, mask3 ratio: 0.10, mask4 ratio: 0.85
2026-01-22 17:49:23,577 - root - INFO - mask1 ratio: 0.02, mask2 ratio: 0.07, mask3 ratio: 0.10, mask4 ratio: 0.81
2026-01-22 17:49:23,789 - root - INFO - mask1 ratio: 0.01, mask2 ratio: 0.03, mask3 ratio: 0.10, mask4 ratio: 0.86
2026-01-22 17:49:24,000 - root - INFO - mask1 ratio: 0.01, mask2 ratio: 0.04, mask3 ratio: 0.10, mask4 ratio: 0.85
2026-01-22 17:49:24,240 - root - INFO - mask1 ratio: 0.01, mask2 ratio: 0.06, mask3 ratio: 0.10, mask4 ratio: 0.83
2026-01-22 17:49:24,512 - root - INFO - mask1 ratio: 0.01, mask2 ratio: 0.02, mask3 ratio: 0.10, mask4 ratio: 0.87
2026-01-22 17:49:24,725 - root - INFO - mask1 ratio: 0.02, mask2 ratio: 0.09, mask3 ratio: 0.10, mask4 ratio: 0.80
2026-01-22 17:49:24,938 - root - INFO - mask1 ratio: 0.02, mask2 ratio: 0.09, mask3 ratio: 0.10, mask4 ratio: 0.80
2026-01-22 17:49:25,149 - root - INFO - mask1 ratio: 0.01, mask2 ratio: 0.04, mask3 ratio: 0.10, mask4 ratio: 0.85
2026-01-22 17:49:25,362 - root - INFO - mask1 ratio: 0.01, mask2 ratio: 0.05, mask3 ratio: 0.10, mask4 ratio: 0.85
2026-01-22 17:49:25,574 - root - INFO - mask1 ratio: 0.01, mask2 ratio: 0.06, mask3 ratio: 0.10, mask4 ratio: 0.83
2026-01-22 17:49:25,785 - root - INFO - mask1 ratio: 0.01, mask2 ratio: 0.02, mask3 ratio: 0.10, mask4 ratio: 0.87
2026-01-22 17:49:25,997 - root - INFO - mask1 ratio: 0.01, mask2 ratio: 0.10, mask3 ratio: 0.10, mask4 ratio: 0.78
2026-01-22 17:49:26,208 - root - INFO - mask1 ratio: 0.01, mask2 ratio: 0.02, mask3 ratio: 0.10, mask4 ratio: 0.87
2026-01-22 17:49:26,423 - root - INFO - mask1 ratio: 0.01, mask2 ratio: 0.03, mask3 ratio: 0.10, mask4 ratio: 0.86
2026-01-22 17:49:26,639 - root - INFO - mask1 ratio: 0.01, mask2 ratio: 0.05, mask3 ratio: 0.10, mask4 ratio: 0.84
2026-01-22 17:49:26,851 - root - INFO - mask1 ratio: 0.02, mask2 ratio: 0.09, mask3 ratio: 0.10, mask4 ratio: 0.79
2026-01-22 17:49:27,063 - root - INFO - mask1 ratio: 0.01, mask2 ratio: 0.07, mask3 ratio: 0.10, mask4 ratio: 0.81
2026-01-22 17:49:27,275 - root - INFO - mask1 ratio: 0.02, mask2 ratio: 0.08, mask3 ratio: 0.10, mask4 ratio: 0.81
2026-01-22 17:49:27,488 - root - INFO - mask1 ratio: 0.01, mask2 ratio: 0.04, mask3 ratio: 0.10, mask4 ratio: 0.85
2026-01-22 17:49:27,698 - root - INFO - mask1 ratio: 0.01, mask2 ratio: 0.03, mask3 ratio: 0.10, mask4 ratio: 0.87
2026-01-22 17:49:27,910 - root - INFO - mask1 ratio: 0.02, mask2 ratio: 0.09, mask3 ratio: 0.10, mask4 ratio: 0.80
2026-01-22 17:49:28,122 - root - INFO - mask1 ratio: 0.02, mask2 ratio: 0.20, mask3 ratio: 0.10, mask4 ratio: 0.67
2026-01-22 17:49:28,335 - root - INFO - mask1 ratio: 0.00, mask2 ratio: 0.03, mask3 ratio: 0.10, mask4 ratio: 0.87
2026-01-22 17:49:28,546 - root - INFO - mask1 ratio: 0.01, mask2 ratio: 0.04, mask3 ratio: 0.10, mask4 ratio: 0.85
2026-01-22 17:49:28,756 - root - INFO - mask1 ratio: 0.01, mask2 ratio: 0.04, mask3 ratio: 0.10, mask4 ratio: 0.85
2026-01-22 17:49:28,966 - root - INFO - mask1 ratio: 0.01, mask2 ratio: 0.03, mask3 ratio: 0.10, mask4 ratio: 0.86
2026-01-22 17:49:29,177 - root - INFO - mask1 ratio: 0.01, mask2 ratio: 0.06, mask3 ratio: 0.10, mask4 ratio: 0.83
2026-01-22 17:49:29,388 - root - INFO - mask1 ratio: 0.01, mask2 ratio: 0.02, mask3 ratio: 0.10, mask4 ratio: 0.88
2026-01-22 17:49:29,669 - root - INFO - mask1 ratio: 0.01, mask2 ratio: 0.04, mask3 ratio: 0.10, mask4 ratio: 0.85
2026-01-22 17:49:29,951 - root - INFO - mask1 ratio: 0.01, mask2 ratio: 0.04, mask3 ratio: 0.10, mask4 ratio: 0.85
2026-01-22 17:49:30,174 - root - INFO - mask1 ratio: 0.01, mask2 ratio: 0.04, mask3 ratio: 0.10, mask4 ratio: 0.85
2026-01-22 17:49:30,396 - root - INFO - mask1 ratio: 0.01, mask2 ratio: 0.04, mask3 ratio: 0.10, mask4 ratio: 0.85
2026-01-22 17:49:30,610 - root - INFO - mask1 ratio: 0.01, mask2 ratio: 0.04, mask3 ratio: 0.10, mask4 ratio: 0.85
2026-01-22 17:49:30,821 - root - INFO - mask1 ratio: 0.01, mask2 ratio: 0.03, mask3 ratio: 0.10, mask4 ratio: 0.87
2026-01-22 17:49:31,031 - root - INFO - mask1 ratio: 0.02, mask2 ratio: 0.05, mask3 ratio: 0.10, mask4 ratio: 0.83
2026-01-22 17:49:31,242 - root - INFO - mask1 ratio: 0.01, mask2 ratio: 0.02, mask3 ratio: 0.10, mask4 ratio: 0.87
2026-01-22 17:49:31,457 - root - INFO - mask1 ratio: 0.01, mask2 ratio: 0.06, mask3 ratio: 0.10, mask4 ratio: 0.83
2026-01-22 17:49:31,670 - root - INFO - mask1 ratio: 0.01, mask2 ratio: 0.02, mask3 ratio: 0.10, mask4 ratio: 0.87
2026-01-22 17:49:31,881 - root - INFO - mask1 ratio: 0.01, mask2 ratio: 0.04, mask3 ratio: 0.10, mask4 ratio: 0.85
2026-01-22 17:49:32,092 - root - INFO - mask1 ratio: 0.02, mask2 ratio: 0.06, mask3 ratio: 0.10, mask4 ratio: 0.82
2026-01-22 17:49:32,303 - root - INFO - mask1 ratio: 0.01, mask2 ratio: 0.02, mask3 ratio: 0.10, mask4 ratio: 0.88
2026-01-22 17:49:32,515 - root - INFO - mask1 ratio: 0.02, mask2 ratio: 0.06, mask3 ratio: 0.10, mask4 ratio: 0.82
2026-01-22 17:49:32,727 - root - INFO - mask1 ratio: 0.01, mask2 ratio: 0.03, mask3 ratio: 0.10, mask4 ratio: 0.86
2026-01-22 17:49:32,938 - root - INFO - mask1 ratio: 0.01, mask2 ratio: 0.05, mask3 ratio: 0.10, mask4 ratio: 0.85
2026-01-22 17:49:33,148 - root - INFO - mask1 ratio: 0.01, mask2 ratio: 0.04, mask3 ratio: 0.10, mask4 ratio: 0.85
2026-01-22 17:49:33,361 - root - INFO - mask1 ratio: 0.01, mask2 ratio: 0.03, mask3 ratio: 0.10, mask4 ratio: 0.86
2026-01-22 17:49:33,573 - root - INFO - mask1 ratio: 0.01, mask2 ratio: 0.03, mask3 ratio: 0.10, mask4 ratio: 0.86
2026-01-22 17:49:33,785 - root - INFO - mask1 ratio: 0.01, mask2 ratio: 0.06, mask3 ratio: 0.10, mask4 ratio: 0.82
2026-01-22 17:49:33,811 - root - INFO - time 17.45
2026-01-22 17:49:36,105 - root - INFO - 22 self_attn.k_proj
2026-01-22 17:49:36,106 - root - INFO - Quantizing ...
2026-01-22 17:49:36,729 - root - INFO - mask1 ratio: 0.01, mask2 ratio: 0.03, mask3 ratio: 0.10, mask4 ratio: 0.87
2026-01-22 17:49:36,954 - root - INFO - mask1 ratio: 0.01, mask2 ratio: 0.00, mask3 ratio: 0.10, mask4 ratio: 0.88
2026-01-22 17:49:37,188 - root - INFO - mask1 ratio: 0.01, mask2 ratio: 0.00, mask3 ratio: 0.10, mask4 ratio: 0.88
2026-01-22 17:49:37,462 - root - INFO - mask1 ratio: 0.02, mask2 ratio: 0.07, mask3 ratio: 0.10, mask4 ratio: 0.81
2026-01-22 17:49:37,673 - root - INFO - mask1 ratio: 0.03, mask2 ratio: 0.16, mask3 ratio: 0.10, mask4 ratio: 0.71
2026-01-22 17:49:37,886 - root - INFO - mask1 ratio: 0.02, mask2 ratio: 0.15, mask3 ratio: 0.10, mask4 ratio: 0.73
2026-01-22 17:49:38,096 - root - INFO - mask1 ratio: 0.02, mask2 ratio: 0.05, mask3 ratio: 0.10, mask4 ratio: 0.83
2026-01-22 17:49:38,306 - root - INFO - mask1 ratio: 0.01, mask2 ratio: 0.04, mask3 ratio: 0.10, mask4 ratio: 0.85
2026-01-22 17:49:38,518 - root - INFO - mask1 ratio: 0.01, mask2 ratio: 0.02, mask3 ratio: 0.10, mask4 ratio: 0.88
2026-01-22 17:49:38,729 - root - INFO - mask1 ratio: 0.03, mask2 ratio: 0.15, mask3 ratio: 0.10, mask4 ratio: 0.73
2026-01-22 17:49:38,940 - root - INFO - mask1 ratio: 0.03, mask2 ratio: 0.16, mask3 ratio: 0.10, mask4 ratio: 0.71
2026-01-22 17:49:39,151 - root - INFO - mask1 ratio: 0.01, mask2 ratio: 0.00, mask3 ratio: 0.10, mask4 ratio: 0.88
2026-01-22 17:49:39,360 - root - INFO - mask1 ratio: 0.00, mask2 ratio: 0.02, mask3 ratio: 0.10, mask4 ratio: 0.88
2026-01-22 17:49:39,570 - root - INFO - mask1 ratio: 0.00, mask2 ratio: 0.02, mask3 ratio: 0.10, mask4 ratio: 0.88
2026-01-22 17:49:39,781 - root - INFO - mask1 ratio: 0.00, mask2 ratio: 0.02, mask3 ratio: 0.10, mask4 ratio: 0.88
2026-01-22 17:49:39,992 - root - INFO - mask1 ratio: 0.01, mask2 ratio: 0.02, mask3 ratio: 0.10, mask4 ratio: 0.87
2026-01-22 17:49:40,203 - root - INFO - mask1 ratio: 0.01, mask2 ratio: 0.04, mask3 ratio: 0.10, mask4 ratio: 0.85
2026-01-22 17:49:40,411 - root - INFO - mask1 ratio: 0.01, mask2 ratio: 0.02, mask3 ratio: 0.10, mask4 ratio: 0.87
2026-01-22 17:49:40,622 - root - INFO - mask1 ratio: 0.01, mask2 ratio: 0.03, mask3 ratio: 0.10, mask4 ratio: 0.87
2026-01-22 17:49:40,844 - root - INFO - mask1 ratio: 0.01, mask2 ratio: 0.00, mask3 ratio: 0.10, mask4 ratio: 0.88
2026-01-22 17:49:40,871 - root - INFO - time 4.77
2026-01-22 17:49:40,882 - root - INFO - 22 self_attn.v_proj
2026-01-22 17:49:40,882 - root - INFO - Quantizing ...
2026-01-22 17:49:41,075 - root - INFO - mask1 ratio: 0.02, mask2 ratio: 0.10, mask3 ratio: 0.10, mask4 ratio: 0.78
2026-01-22 17:49:41,286 - root - INFO - mask1 ratio: 0.02, mask2 ratio: 0.11, mask3 ratio: 0.10, mask4 ratio: 0.78
2026-01-22 17:49:41,497 - root - INFO - mask1 ratio: 0.03, mask2 ratio: 0.30, mask3 ratio: 0.10, mask4 ratio: 0.57
2026-01-22 17:49:41,709 - root - INFO - mask1 ratio: 0.03, mask2 ratio: 0.21, mask3 ratio: 0.10, mask4 ratio: 0.67
2026-01-22 17:49:41,922 - root - INFO - mask1 ratio: 0.02, mask2 ratio: 0.13, mask3 ratio: 0.10, mask4 ratio: 0.76
2026-01-22 17:49:42,132 - root - INFO - mask1 ratio: 0.04, mask2 ratio: 0.32, mask3 ratio: 0.10, mask4 ratio: 0.55
2026-01-22 17:49:42,344 - root - INFO - mask1 ratio: 0.02, mask2 ratio: 0.16, mask3 ratio: 0.10, mask4 ratio: 0.71
2026-01-22 17:49:42,693 - root - INFO - mask1 ratio: 0.04, mask2 ratio: 0.32, mask3 ratio: 0.10, mask4 ratio: 0.54
2026-01-22 17:49:42,905 - root - INFO - mask1 ratio: 0.03, mask2 ratio: 0.30, mask3 ratio: 0.10, mask4 ratio: 0.57
2026-01-22 17:49:43,118 - root - INFO - mask1 ratio: 0.02, mask2 ratio: 0.16, mask3 ratio: 0.10, mask4 ratio: 0.72
2026-01-22 17:49:43,329 - root - INFO - mask1 ratio: 0.02, mask2 ratio: 0.10, mask3 ratio: 0.10, mask4 ratio: 0.78
2026-01-22 17:49:43,542 - root - INFO - mask1 ratio: 0.04, mask2 ratio: 0.34, mask3 ratio: 0.10, mask4 ratio: 0.52
2026-01-22 17:49:43,752 - root - INFO - mask1 ratio: 0.02, mask2 ratio: 0.13, mask3 ratio: 0.10, mask4 ratio: 0.75
2026-01-22 17:49:43,964 - root - INFO - mask1 ratio: 0.01, mask2 ratio: 0.03, mask3 ratio: 0.10, mask4 ratio: 0.86
2026-01-22 17:49:44,175 - root - INFO - mask1 ratio: 0.02, mask2 ratio: 0.11, mask3 ratio: 0.10, mask4 ratio: 0.77
2026-01-22 17:49:44,387 - root - INFO - mask1 ratio: 0.03, mask2 ratio: 0.27, mask3 ratio: 0.10, mask4 ratio: 0.60
2026-01-22 17:49:44,598 - root - INFO - mask1 ratio: 0.02, mask2 ratio: 0.07, mask3 ratio: 0.10, mask4 ratio: 0.81
2026-01-22 17:49:44,810 - root - INFO - mask1 ratio: 0.01, mask2 ratio: 0.05, mask3 ratio: 0.10, mask4 ratio: 0.84
2026-01-22 17:49:45,028 - root - INFO - mask1 ratio: 0.03, mask2 ratio: 0.23, mask3 ratio: 0.10, mask4 ratio: 0.64
2026-01-22 17:49:45,238 - root - INFO - mask1 ratio: 0.01, mask2 ratio: 0.02, mask3 ratio: 0.10, mask4 ratio: 0.88
2026-01-22 17:49:45,264 - root - INFO - time 4.38
2026-01-22 17:49:45,267 - root - INFO - 22 self_attn.q_proj
2026-01-22 17:49:45,267 - root - INFO - Quantizing ...
2026-01-22 17:49:45,459 - root - INFO - mask1 ratio: 0.02, mask2 ratio: 0.11, mask3 ratio: 0.10, mask4 ratio: 0.78
2026-01-22 17:49:45,672 - root - INFO - mask1 ratio: 0.04, mask2 ratio: 0.30, mask3 ratio: 0.10, mask4 ratio: 0.56
2026-01-22 17:49:45,882 - root - INFO - mask1 ratio: 0.01, mask2 ratio: 0.00, mask3 ratio: 0.11, mask4 ratio: 0.87
2026-01-22 17:49:46,094 - root - INFO - mask1 ratio: 0.01, mask2 ratio: 0.06, mask3 ratio: 0.10, mask4 ratio: 0.83
2026-01-22 17:49:46,305 - root - INFO - mask1 ratio: 0.01, mask2 ratio: 0.06, mask3 ratio: 0.10, mask4 ratio: 0.82
2026-01-22 17:49:46,516 - root - INFO - mask1 ratio: 0.03, mask2 ratio: 0.18, mask3 ratio: 0.10, mask4 ratio: 0.69
2026-01-22 17:49:46,730 - root - INFO - mask1 ratio: 0.03, mask2 ratio: 0.20, mask3 ratio: 0.10, mask4 ratio: 0.67
2026-01-22 17:49:46,941 - root - INFO - mask1 ratio: 0.01, mask2 ratio: 0.06, mask3 ratio: 0.10, mask4 ratio: 0.83
2026-01-22 17:49:47,152 - root - INFO - mask1 ratio: 0.01, mask2 ratio: 0.02, mask3 ratio: 0.10, mask4 ratio: 0.88
2026-01-22 17:49:47,363 - root - INFO - mask1 ratio: 0.03, mask2 ratio: 0.15, mask3 ratio: 0.10, mask4 ratio: 0.73
2026-01-22 17:49:47,574 - root - INFO - mask1 ratio: 0.02, mask2 ratio: 0.12, mask3 ratio: 0.10, mask4 ratio: 0.76
2026-01-22 17:49:47,784 - root - INFO - mask1 ratio: 0.01, mask2 ratio: 0.00, mask3 ratio: 0.10, mask4 ratio: 0.88
2026-01-22 17:49:48,085 - root - INFO - mask1 ratio: 0.01, mask2 ratio: 0.02, mask3 ratio: 0.10, mask4 ratio: 0.88
2026-01-22 17:49:48,296 - root - INFO - mask1 ratio: 0.01, mask2 ratio: 0.03, mask3 ratio: 0.10, mask4 ratio: 0.87
2026-01-22 17:49:48,506 - root - INFO - mask1 ratio: 0.01, mask2 ratio: 0.03, mask3 ratio: 0.10, mask4 ratio: 0.86
2026-01-22 17:49:48,715 - root - INFO - mask1 ratio: 0.01, mask2 ratio: 0.05, mask3 ratio: 0.10, mask4 ratio: 0.84
2026-01-22 17:49:48,924 - root - INFO - mask1 ratio: 0.01, mask2 ratio: 0.04, mask3 ratio: 0.10, mask4 ratio: 0.85
2026-01-22 17:49:49,135 - root - INFO - mask1 ratio: 0.01, mask2 ratio: 0.02, mask3 ratio: 0.10, mask4 ratio: 0.87
2026-01-22 17:49:49,348 - root - INFO - mask1 ratio: 0.01, mask2 ratio: 0.03, mask3 ratio: 0.10, mask4 ratio: 0.86
2026-01-22 17:49:49,556 - root - INFO - mask1 ratio: 0.01, mask2 ratio: 0.00, mask3 ratio: 0.10, mask4 ratio: 0.88
2026-01-22 17:49:49,582 - root - INFO - time 4.32
2026-01-22 17:49:49,585 - root - INFO - 22 self_attn.out_proj
2026-01-22 17:49:49,585 - root - INFO - Quantizing ...
2026-01-22 17:49:49,777 - root - INFO - mask1 ratio: 0.04, mask2 ratio: 0.34, mask3 ratio: 0.10, mask4 ratio: 0.52
2026-01-22 17:49:49,987 - root - INFO - mask1 ratio: 0.01, mask2 ratio: 0.05, mask3 ratio: 0.10, mask4 ratio: 0.84
2026-01-22 17:49:50,198 - root - INFO - mask1 ratio: 0.02, mask2 ratio: 0.11, mask3 ratio: 0.10, mask4 ratio: 0.77
2026-01-22 17:49:50,408 - root - INFO - mask1 ratio: 0.03, mask2 ratio: 0.28, mask3 ratio: 0.10, mask4 ratio: 0.59
2026-01-22 17:49:50,618 - root - INFO - mask1 ratio: 0.04, mask2 ratio: 0.34, mask3 ratio: 0.10, mask4 ratio: 0.52
2026-01-22 17:49:50,828 - root - INFO - mask1 ratio: 0.04, mask2 ratio: 0.34, mask3 ratio: 0.10, mask4 ratio: 0.52
2026-01-22 17:49:51,047 - root - INFO - mask1 ratio: 0.02, mask2 ratio: 0.07, mask3 ratio: 0.10, mask4 ratio: 0.81
2026-01-22 17:49:51,264 - root - INFO - mask1 ratio: 0.03, mask2 ratio: 0.31, mask3 ratio: 0.10, mask4 ratio: 0.56
2026-01-22 17:49:51,474 - root - INFO - mask1 ratio: 0.02, mask2 ratio: 0.09, mask3 ratio: 0.10, mask4 ratio: 0.79
2026-01-22 17:49:51,684 - root - INFO - mask1 ratio: 0.02, mask2 ratio: 0.06, mask3 ratio: 0.10, mask4 ratio: 0.82
2026-01-22 17:49:51,894 - root - INFO - mask1 ratio: 0.04, mask2 ratio: 0.33, mask3 ratio: 0.10, mask4 ratio: 0.53
2026-01-22 17:49:52,103 - root - INFO - mask1 ratio: 0.03, mask2 ratio: 0.22, mask3 ratio: 0.10, mask4 ratio: 0.64
2026-01-22 17:49:52,321 - root - INFO - mask1 ratio: 0.01, mask2 ratio: 0.06, mask3 ratio: 0.10, mask4 ratio: 0.83
2026-01-22 17:49:52,530 - root - INFO - mask1 ratio: 0.01, mask2 ratio: 0.03, mask3 ratio: 0.10, mask4 ratio: 0.86
2026-01-22 17:49:52,741 - root - INFO - mask1 ratio: 0.03, mask2 ratio: 0.30, mask3 ratio: 0.10, mask4 ratio: 0.57
2026-01-22 17:49:52,955 - root - INFO - mask1 ratio: 0.03, mask2 ratio: 0.25, mask3 ratio: 0.10, mask4 ratio: 0.62
2026-01-22 17:49:53,212 - root - INFO - mask1 ratio: 0.04, mask2 ratio: 0.34, mask3 ratio: 0.10, mask4 ratio: 0.52
2026-01-22 17:49:53,504 - root - INFO - mask1 ratio: 0.04, mask2 ratio: 0.34, mask3 ratio: 0.10, mask4 ratio: 0.52
2026-01-22 17:49:53,714 - root - INFO - mask1 ratio: 0.01, mask2 ratio: 0.03, mask3 ratio: 0.10, mask4 ratio: 0.86
2026-01-22 17:49:53,930 - root - INFO - mask1 ratio: 0.01, mask2 ratio: 0.06, mask3 ratio: 0.10, mask4 ratio: 0.83
2026-01-22 17:49:53,957 - root - INFO - time 4.37
2026-01-22 17:49:53,960 - root - INFO - 22 fc1
2026-01-22 17:49:53,960 - root - INFO - Quantizing ...
2026-01-22 17:49:54,228 - root - INFO - mask1 ratio: 0.03, mask2 ratio: 0.25, mask3 ratio: 0.10, mask4 ratio: 0.62
2026-01-22 17:49:54,517 - root - INFO - mask1 ratio: 0.02, mask2 ratio: 0.15, mask3 ratio: 0.10, mask4 ratio: 0.73
2026-01-22 17:49:54,806 - root - INFO - mask1 ratio: 0.04, mask2 ratio: 0.34, mask3 ratio: 0.10, mask4 ratio: 0.52
2026-01-22 17:49:55,096 - root - INFO - mask1 ratio: 0.01, mask2 ratio: 0.04, mask3 ratio: 0.10, mask4 ratio: 0.85
2026-01-22 17:49:55,384 - root - INFO - mask1 ratio: 0.02, mask2 ratio: 0.10, mask3 ratio: 0.10, mask4 ratio: 0.78
2026-01-22 17:49:55,670 - root - INFO - mask1 ratio: 0.02, mask2 ratio: 0.10, mask3 ratio: 0.10, mask4 ratio: 0.78
2026-01-22 17:49:55,956 - root - INFO - mask1 ratio: 0.02, mask2 ratio: 0.10, mask3 ratio: 0.10, mask4 ratio: 0.78
2026-01-22 17:49:56,244 - root - INFO - mask1 ratio: 0.02, mask2 ratio: 0.16, mask3 ratio: 0.10, mask4 ratio: 0.72
2026-01-22 17:49:56,527 - root - INFO - mask1 ratio: 0.01, mask2 ratio: 0.06, mask3 ratio: 0.10, mask4 ratio: 0.82
2026-01-22 17:49:56,814 - root - INFO - mask1 ratio: 0.02, mask2 ratio: 0.17, mask3 ratio: 0.10, mask4 ratio: 0.70
2026-01-22 17:49:57,099 - root - INFO - mask1 ratio: 0.01, mask2 ratio: 0.08, mask3 ratio: 0.10, mask4 ratio: 0.81
2026-01-22 17:49:57,385 - root - INFO - mask1 ratio: 0.01, mask2 ratio: 0.02, mask3 ratio: 0.10, mask4 ratio: 0.88
2026-01-22 17:49:57,669 - root - INFO - mask1 ratio: 0.01, mask2 ratio: 0.03, mask3 ratio: 0.10, mask4 ratio: 0.87
2026-01-22 17:49:57,992 - root - INFO - mask1 ratio: 0.01, mask2 ratio: 0.03, mask3 ratio: 0.10, mask4 ratio: 0.87
2026-01-22 17:49:58,333 - root - INFO - mask1 ratio: 0.02, mask2 ratio: 0.10, mask3 ratio: 0.10, mask4 ratio: 0.78
2026-01-22 17:49:58,626 - root - INFO - mask1 ratio: 0.02, mask2 ratio: 0.09, mask3 ratio: 0.10, mask4 ratio: 0.80
2026-01-22 17:49:58,923 - root - INFO - mask1 ratio: 0.01, mask2 ratio: 0.04, mask3 ratio: 0.10, mask4 ratio: 0.85
2026-01-22 17:49:59,217 - root - INFO - mask1 ratio: 0.01, mask2 ratio: 0.02, mask3 ratio: 0.10, mask4 ratio: 0.87
2026-01-22 17:49:59,510 - root - INFO - mask1 ratio: 0.01, mask2 ratio: 0.03, mask3 ratio: 0.10, mask4 ratio: 0.86
2026-01-22 17:49:59,798 - root - INFO - mask1 ratio: 0.01, mask2 ratio: 0.02, mask3 ratio: 0.10, mask4 ratio: 0.88
2026-01-22 17:49:59,832 - root - INFO - time 5.87
2026-01-22 17:49:59,840 - root - INFO - 22 fc2
2026-01-22 17:49:59,840 - root - INFO - Quantizing ...
2026-01-22 17:50:00,170 - root - INFO - mask1 ratio: 0.01, mask2 ratio: 0.06, mask3 ratio: 0.10, mask4 ratio: 0.82
2026-01-22 17:50:00,394 - root - INFO - mask1 ratio: 0.01, mask2 ratio: 0.06, mask3 ratio: 0.10, mask4 ratio: 0.82
2026-01-22 17:50:00,639 - root - INFO - mask1 ratio: 0.02, mask2 ratio: 0.16, mask3 ratio: 0.10, mask4 ratio: 0.71
2026-01-22 17:50:00,853 - root - INFO - mask1 ratio: 0.01, mask2 ratio: 0.03, mask3 ratio: 0.10, mask4 ratio: 0.86
2026-01-22 17:50:01,090 - root - INFO - mask1 ratio: 0.01, mask2 ratio: 0.05, mask3 ratio: 0.10, mask4 ratio: 0.84
2026-01-22 17:50:01,313 - root - INFO - mask1 ratio: 0.02, mask2 ratio: 0.10, mask3 ratio: 0.10, mask4 ratio: 0.78
2026-01-22 17:50:01,532 - root - INFO - mask1 ratio: 0.01, mask2 ratio: 0.04, mask3 ratio: 0.10, mask4 ratio: 0.85
2026-01-22 17:50:01,762 - root - INFO - mask1 ratio: 0.01, mask2 ratio: 0.06, mask3 ratio: 0.10, mask4 ratio: 0.83
2026-01-22 17:50:01,978 - root - INFO - mask1 ratio: 0.01, mask2 ratio: 0.03, mask3 ratio: 0.10, mask4 ratio: 0.86
2026-01-22 17:50:02,208 - root - INFO - mask1 ratio: 0.01, mask2 ratio: 0.03, mask3 ratio: 0.10, mask4 ratio: 0.85
2026-01-22 17:50:02,425 - root - INFO - mask1 ratio: 0.01, mask2 ratio: 0.04, mask3 ratio: 0.10, mask4 ratio: 0.85
2026-01-22 17:50:02,648 - root - INFO - mask1 ratio: 0.02, mask2 ratio: 0.22, mask3 ratio: 0.10, mask4 ratio: 0.66
2026-01-22 17:50:02,880 - root - INFO - mask1 ratio: 0.01, mask2 ratio: 0.02, mask3 ratio: 0.10, mask4 ratio: 0.87
2026-01-22 17:50:03,099 - root - INFO - mask1 ratio: 0.02, mask2 ratio: 0.14, mask3 ratio: 0.10, mask4 ratio: 0.74
2026-01-22 17:50:03,439 - root - INFO - mask1 ratio: 0.01, mask2 ratio: 0.04, mask3 ratio: 0.10, mask4 ratio: 0.85
2026-01-22 17:50:03,664 - root - INFO - mask1 ratio: 0.01, mask2 ratio: 0.02, mask3 ratio: 0.10, mask4 ratio: 0.87
2026-01-22 17:50:03,878 - root - INFO - mask1 ratio: 0.01, mask2 ratio: 0.04, mask3 ratio: 0.10, mask4 ratio: 0.85
2026-01-22 17:50:04,104 - root - INFO - mask1 ratio: 0.01, mask2 ratio: 0.02, mask3 ratio: 0.10, mask4 ratio: 0.87
2026-01-22 17:50:04,325 - root - INFO - mask1 ratio: 0.01, mask2 ratio: 0.04, mask3 ratio: 0.10, mask4 ratio: 0.85
2026-01-22 17:50:04,543 - root - INFO - mask1 ratio: 0.01, mask2 ratio: 0.05, mask3 ratio: 0.10, mask4 ratio: 0.84
2026-01-22 17:50:04,762 - root - INFO - mask1 ratio: 0.02, mask2 ratio: 0.12, mask3 ratio: 0.10, mask4 ratio: 0.76
2026-01-22 17:50:04,978 - root - INFO - mask1 ratio: 0.02, mask2 ratio: 0.16, mask3 ratio: 0.10, mask4 ratio: 0.71
2026-01-22 17:50:05,189 - root - INFO - mask1 ratio: 0.02, mask2 ratio: 0.08, mask3 ratio: 0.10, mask4 ratio: 0.80
2026-01-22 17:50:05,400 - root - INFO - mask1 ratio: 0.01, mask2 ratio: 0.06, mask3 ratio: 0.10, mask4 ratio: 0.82
2026-01-22 17:50:05,612 - root - INFO - mask1 ratio: 0.00, mask2 ratio: 0.03, mask3 ratio: 0.10, mask4 ratio: 0.87
2026-01-22 17:50:05,824 - root - INFO - mask1 ratio: 0.02, mask2 ratio: 0.18, mask3 ratio: 0.10, mask4 ratio: 0.70
2026-01-22 17:50:06,036 - root - INFO - mask1 ratio: 0.00, mask2 ratio: 0.03, mask3 ratio: 0.10, mask4 ratio: 0.86
2026-01-22 17:50:06,246 - root - INFO - mask1 ratio: 0.00, mask2 ratio: 0.03, mask3 ratio: 0.10, mask4 ratio: 0.87
2026-01-22 17:50:06,459 - root - INFO - mask1 ratio: 0.01, mask2 ratio: 0.05, mask3 ratio: 0.10, mask4 ratio: 0.84
2026-01-22 17:50:06,672 - root - INFO - mask1 ratio: 0.01, mask2 ratio: 0.02, mask3 ratio: 0.10, mask4 ratio: 0.88
2026-01-22 17:50:06,889 - root - INFO - mask1 ratio: 0.04, mask2 ratio: 0.32, mask3 ratio: 0.10, mask4 ratio: 0.54
2026-01-22 17:50:07,104 - root - INFO - mask1 ratio: 0.01, mask2 ratio: 0.06, mask3 ratio: 0.10, mask4 ratio: 0.83
2026-01-22 17:50:07,317 - root - INFO - mask1 ratio: 0.01, mask2 ratio: 0.04, mask3 ratio: 0.10, mask4 ratio: 0.85
2026-01-22 17:50:07,533 - root - INFO - mask1 ratio: 0.01, mask2 ratio: 0.06, mask3 ratio: 0.10, mask4 ratio: 0.82
2026-01-22 17:50:07,749 - root - INFO - mask1 ratio: 0.01, mask2 ratio: 0.05, mask3 ratio: 0.10, mask4 ratio: 0.84
2026-01-22 17:50:07,961 - root - INFO - mask1 ratio: 0.01, mask2 ratio: 0.03, mask3 ratio: 0.10, mask4 ratio: 0.86
2026-01-22 17:50:08,172 - root - INFO - mask1 ratio: 0.01, mask2 ratio: 0.04, mask3 ratio: 0.10, mask4 ratio: 0.85
2026-01-22 17:50:08,384 - root - INFO - mask1 ratio: 0.01, mask2 ratio: 0.03, mask3 ratio: 0.10, mask4 ratio: 0.87
2026-01-22 17:50:08,623 - root - INFO - mask1 ratio: 0.03, mask2 ratio: 0.24, mask3 ratio: 0.10, mask4 ratio: 0.63
2026-01-22 17:50:08,896 - root - INFO - mask1 ratio: 0.01, mask2 ratio: 0.04, mask3 ratio: 0.10, mask4 ratio: 0.85
2026-01-22 17:50:09,109 - root - INFO - mask1 ratio: 0.01, mask2 ratio: 0.05, mask3 ratio: 0.10, mask4 ratio: 0.84
2026-01-22 17:50:09,320 - root - INFO - mask1 ratio: 0.01, mask2 ratio: 0.06, mask3 ratio: 0.10, mask4 ratio: 0.83
2026-01-22 17:50:09,531 - root - INFO - mask1 ratio: 0.01, mask2 ratio: 0.06, mask3 ratio: 0.10, mask4 ratio: 0.82
2026-01-22 17:50:09,743 - root - INFO - mask1 ratio: 0.02, mask2 ratio: 0.07, mask3 ratio: 0.10, mask4 ratio: 0.81
2026-01-22 17:50:09,961 - root - INFO - mask1 ratio: 0.02, mask2 ratio: 0.12, mask3 ratio: 0.10, mask4 ratio: 0.76
2026-01-22 17:50:10,184 - root - INFO - mask1 ratio: 0.02, mask2 ratio: 0.13, mask3 ratio: 0.10, mask4 ratio: 0.75
2026-01-22 17:50:10,395 - root - INFO - mask1 ratio: 0.02, mask2 ratio: 0.09, mask3 ratio: 0.10, mask4 ratio: 0.80
2026-01-22 17:50:10,606 - root - INFO - mask1 ratio: 0.00, mask2 ratio: 0.03, mask3 ratio: 0.10, mask4 ratio: 0.86
2026-01-22 17:50:10,818 - root - INFO - mask1 ratio: 0.02, mask2 ratio: 0.16, mask3 ratio: 0.10, mask4 ratio: 0.72
2026-01-22 17:50:11,053 - root - INFO - mask1 ratio: 0.01, mask2 ratio: 0.02, mask3 ratio: 0.10, mask4 ratio: 0.87
2026-01-22 17:50:11,264 - root - INFO - mask1 ratio: 0.01, mask2 ratio: 0.03, mask3 ratio: 0.10, mask4 ratio: 0.86
2026-01-22 17:50:11,474 - root - INFO - mask1 ratio: 0.01, mask2 ratio: 0.04, mask3 ratio: 0.10, mask4 ratio: 0.85
2026-01-22 17:50:11,688 - root - INFO - mask1 ratio: 0.02, mask2 ratio: 0.16, mask3 ratio: 0.10, mask4 ratio: 0.72
2026-01-22 17:50:11,900 - root - INFO - mask1 ratio: 0.01, mask2 ratio: 0.04, mask3 ratio: 0.10, mask4 ratio: 0.85
2026-01-22 17:50:12,110 - root - INFO - mask1 ratio: 0.01, mask2 ratio: 0.04, mask3 ratio: 0.10, mask4 ratio: 0.85
2026-01-22 17:50:12,322 - root - INFO - mask1 ratio: 0.01, mask2 ratio: 0.03, mask3 ratio: 0.10, mask4 ratio: 0.86
2026-01-22 17:50:12,536 - root - INFO - mask1 ratio: 0.02, mask2 ratio: 0.15, mask3 ratio: 0.10, mask4 ratio: 0.73
2026-01-22 17:50:12,748 - root - INFO - mask1 ratio: 0.01, mask2 ratio: 0.03, mask3 ratio: 0.10, mask4 ratio: 0.86
2026-01-22 17:50:12,960 - root - INFO - mask1 ratio: 0.01, mask2 ratio: 0.03, mask3 ratio: 0.10, mask4 ratio: 0.86
2026-01-22 17:50:13,173 - root - INFO - mask1 ratio: 0.01, mask2 ratio: 0.05, mask3 ratio: 0.10, mask4 ratio: 0.84
2026-01-22 17:50:13,384 - root - INFO - mask1 ratio: 0.01, mask2 ratio: 0.03, mask3 ratio: 0.10, mask4 ratio: 0.85
2026-01-22 17:50:13,596 - root - INFO - mask1 ratio: 0.01, mask2 ratio: 0.03, mask3 ratio: 0.10, mask4 ratio: 0.86
2026-01-22 17:50:13,808 - root - INFO - mask1 ratio: 0.00, mask2 ratio: 0.03, mask3 ratio: 0.10, mask4 ratio: 0.86
2026-01-22 17:50:14,159 - root - INFO - mask1 ratio: 0.01, mask2 ratio: 0.05, mask3 ratio: 0.10, mask4 ratio: 0.84
2026-01-22 17:50:14,371 - root - INFO - mask1 ratio: 0.02, mask2 ratio: 0.08, mask3 ratio: 0.10, mask4 ratio: 0.81
2026-01-22 17:50:14,582 - root - INFO - mask1 ratio: 0.02, mask2 ratio: 0.08, mask3 ratio: 0.10, mask4 ratio: 0.80
2026-01-22 17:50:14,797 - root - INFO - mask1 ratio: 0.01, mask2 ratio: 0.02, mask3 ratio: 0.10, mask4 ratio: 0.88
2026-01-22 17:50:15,021 - root - INFO - mask1 ratio: 0.01, mask2 ratio: 0.07, mask3 ratio: 0.10, mask4 ratio: 0.81
2026-01-22 17:50:15,233 - root - INFO - mask1 ratio: 0.01, mask2 ratio: 0.02, mask3 ratio: 0.10, mask4 ratio: 0.88
2026-01-22 17:50:15,444 - root - INFO - mask1 ratio: 0.01, mask2 ratio: 0.02, mask3 ratio: 0.10, mask4 ratio: 0.87
2026-01-22 17:50:15,658 - root - INFO - mask1 ratio: 0.01, mask2 ratio: 0.02, mask3 ratio: 0.10, mask4 ratio: 0.87
2026-01-22 17:50:15,870 - root - INFO - mask1 ratio: 0.00, mask2 ratio: 0.02, mask3 ratio: 0.10, mask4 ratio: 0.88
2026-01-22 17:50:16,084 - root - INFO - mask1 ratio: 0.01, mask2 ratio: 0.03, mask3 ratio: 0.10, mask4 ratio: 0.86
2026-01-22 17:50:16,297 - root - INFO - mask1 ratio: 0.01, mask2 ratio: 0.03, mask3 ratio: 0.10, mask4 ratio: 0.86
2026-01-22 17:50:16,510 - root - INFO - mask1 ratio: 0.01, mask2 ratio: 0.05, mask3 ratio: 0.10, mask4 ratio: 0.85
2026-01-22 17:50:16,722 - root - INFO - mask1 ratio: 0.01, mask2 ratio: 0.08, mask3 ratio: 0.10, mask4 ratio: 0.81
2026-01-22 17:50:16,935 - root - INFO - mask1 ratio: 0.01, mask2 ratio: 0.02, mask3 ratio: 0.10, mask4 ratio: 0.87
2026-01-22 17:50:17,147 - root - INFO - mask1 ratio: 0.01, mask2 ratio: 0.03, mask3 ratio: 0.10, mask4 ratio: 0.86
2026-01-22 17:50:17,359 - root - INFO - mask1 ratio: 0.01, mask2 ratio: 0.04, mask3 ratio: 0.10, mask4 ratio: 0.85
2026-01-22 17:50:17,571 - root - INFO - mask1 ratio: 0.01, mask2 ratio: 0.03, mask3 ratio: 0.10, mask4 ratio: 0.86
2026-01-22 17:50:17,597 - root - INFO - time 17.76
2026-01-22 17:50:19,895 - root - INFO - 23 self_attn.k_proj
2026-01-22 17:50:19,895 - root - INFO - Quantizing ...
2026-01-22 17:50:20,516 - root - INFO - mask1 ratio: 0.01, mask2 ratio: 0.02, mask3 ratio: 0.10, mask4 ratio: 0.87
2026-01-22 17:50:20,726 - root - INFO - mask1 ratio: 0.01, mask2 ratio: 0.02, mask3 ratio: 0.10, mask4 ratio: 0.88
2026-01-22 17:50:20,937 - root - INFO - mask1 ratio: 0.01, mask2 ratio: 0.00, mask3 ratio: 0.10, mask4 ratio: 0.88
2026-01-22 17:50:21,149 - root - INFO - mask1 ratio: 0.02, mask2 ratio: 0.11, mask3 ratio: 0.10, mask4 ratio: 0.78
2026-01-22 17:50:21,361 - root - INFO - mask1 ratio: 0.02, mask2 ratio: 0.12, mask3 ratio: 0.10, mask4 ratio: 0.76
2026-01-22 17:50:21,620 - root - INFO - mask1 ratio: 0.02, mask2 ratio: 0.07, mask3 ratio: 0.10, mask4 ratio: 0.81
2026-01-22 17:50:21,870 - root - INFO - mask1 ratio: 0.02, mask2 ratio: 0.14, mask3 ratio: 0.10, mask4 ratio: 0.74
2026-01-22 17:50:22,082 - root - INFO - mask1 ratio: 0.01, mask2 ratio: 0.04, mask3 ratio: 0.10, mask4 ratio: 0.85
2026-01-22 17:50:22,292 - root - INFO - mask1 ratio: 0.00, mask2 ratio: 0.02, mask3 ratio: 0.10, mask4 ratio: 0.88
2026-01-22 17:50:22,507 - root - INFO - mask1 ratio: 0.02, mask2 ratio: 0.11, mask3 ratio: 0.10, mask4 ratio: 0.77
2026-01-22 17:50:22,718 - root - INFO - mask1 ratio: 0.02, mask2 ratio: 0.08, mask3 ratio: 0.10, mask4 ratio: 0.81
2026-01-22 17:50:22,929 - root - INFO - mask1 ratio: 0.00, mask2 ratio: 0.02, mask3 ratio: 0.10, mask4 ratio: 0.88
2026-01-22 17:50:23,139 - root - INFO - mask1 ratio: 0.00, mask2 ratio: 0.02, mask3 ratio: 0.10, mask4 ratio: 0.88
2026-01-22 17:50:23,353 - root - INFO - mask1 ratio: 0.01, mask2 ratio: 0.02, mask3 ratio: 0.10, mask4 ratio: 0.88
2026-01-22 17:50:23,562 - root - INFO - mask1 ratio: 0.01, mask2 ratio: 0.02, mask3 ratio: 0.10, mask4 ratio: 0.88
2026-01-22 17:50:23,771 - root - INFO - mask1 ratio: 0.01, mask2 ratio: 0.02, mask3 ratio: 0.10, mask4 ratio: 0.87
2026-01-22 17:50:23,981 - root - INFO - mask1 ratio: 0.01, mask2 ratio: 0.04, mask3 ratio: 0.10, mask4 ratio: 0.85
2026-01-22 17:50:24,192 - root - INFO - mask1 ratio: 0.01, mask2 ratio: 0.02, mask3 ratio: 0.10, mask4 ratio: 0.87
2026-01-22 17:50:24,402 - root - INFO - mask1 ratio: 0.01, mask2 ratio: 0.02, mask3 ratio: 0.10, mask4 ratio: 0.87
2026-01-22 17:50:24,612 - root - INFO - mask1 ratio: 0.01, mask2 ratio: 0.00, mask3 ratio: 0.10, mask4 ratio: 0.88
2026-01-22 17:50:24,638 - root - INFO - time 4.74
2026-01-22 17:50:24,649 - root - INFO - 23 self_attn.v_proj
2026-01-22 17:50:24,649 - root - INFO - Quantizing ...
2026-01-22 17:50:24,841 - root - INFO - mask1 ratio: 0.03, mask2 ratio: 0.22, mask3 ratio: 0.10, mask4 ratio: 0.65
2026-01-22 17:50:25,058 - root - INFO - mask1 ratio: 0.02, mask2 ratio: 0.10, mask3 ratio: 0.10, mask4 ratio: 0.78
2026-01-22 17:50:25,268 - root - INFO - mask1 ratio: 0.02, mask2 ratio: 0.12, mask3 ratio: 0.10, mask4 ratio: 0.77
2026-01-22 17:50:25,482 - root - INFO - mask1 ratio: 0.02, mask2 ratio: 0.09, mask3 ratio: 0.10, mask4 ratio: 0.80
2026-01-22 17:50:25,692 - root - INFO - mask1 ratio: 0.01, mask2 ratio: 0.07, mask3 ratio: 0.10, mask4 ratio: 0.81
2026-01-22 17:50:25,901 - root - INFO - mask1 ratio: 0.02, mask2 ratio: 0.11, mask3 ratio: 0.10, mask4 ratio: 0.78
2026-01-22 17:50:26,112 - root - INFO - mask1 ratio: 0.02, mask2 ratio: 0.13, mask3 ratio: 0.10, mask4 ratio: 0.75
2026-01-22 17:50:26,323 - root - INFO - mask1 ratio: 0.01, mask2 ratio: 0.06, mask3 ratio: 0.10, mask4 ratio: 0.82
2026-01-22 17:50:26,536 - root - INFO - mask1 ratio: 0.03, mask2 ratio: 0.23, mask3 ratio: 0.10, mask4 ratio: 0.64
2026-01-22 17:50:26,748 - root - INFO - mask1 ratio: 0.02, mask2 ratio: 0.15, mask3 ratio: 0.10, mask4 ratio: 0.73
2026-01-22 17:50:27,092 - root - INFO - mask1 ratio: 0.01, mask2 ratio: 0.06, mask3 ratio: 0.10, mask4 ratio: 0.83
2026-01-22 17:50:27,305 - root - INFO - mask1 ratio: 0.01, mask2 ratio: 0.07, mask3 ratio: 0.10, mask4 ratio: 0.81
2026-01-22 17:50:27,543 - root - INFO - mask1 ratio: 0.02, mask2 ratio: 0.13, mask3 ratio: 0.10, mask4 ratio: 0.74
2026-01-22 17:50:27,753 - root - INFO - mask1 ratio: 0.01, mask2 ratio: 0.04, mask3 ratio: 0.10, mask4 ratio: 0.85
2026-01-22 17:50:27,965 - root - INFO - mask1 ratio: 0.03, mask2 ratio: 0.24, mask3 ratio: 0.10, mask4 ratio: 0.63
2026-01-22 17:50:28,186 - root - INFO - mask1 ratio: 0.02, mask2 ratio: 0.14, mask3 ratio: 0.10, mask4 ratio: 0.74
2026-01-22 17:50:28,410 - root - INFO - mask1 ratio: 0.01, mask2 ratio: 0.04, mask3 ratio: 0.10, mask4 ratio: 0.85
2026-01-22 17:50:28,621 - root - INFO - mask1 ratio: 0.01, mask2 ratio: 0.05, mask3 ratio: 0.10, mask4 ratio: 0.84
2026-01-22 17:50:28,836 - root - INFO - mask1 ratio: 0.03, mask2 ratio: 0.21, mask3 ratio: 0.10, mask4 ratio: 0.67
2026-01-22 17:50:29,057 - root - INFO - mask1 ratio: 0.01, mask2 ratio: 0.02, mask3 ratio: 0.10, mask4 ratio: 0.87
2026-01-22 17:50:29,084 - root - INFO - time 4.44
2026-01-22 17:50:29,087 - root - INFO - 23 self_attn.q_proj
2026-01-22 17:50:29,087 - root - INFO - Quantizing ...
2026-01-22 17:50:29,292 - root - INFO - mask1 ratio: 0.02, mask2 ratio: 0.09, mask3 ratio: 0.10, mask4 ratio: 0.79
2026-01-22 17:50:29,514 - root - INFO - mask1 ratio: 0.02, mask2 ratio: 0.11, mask3 ratio: 0.10, mask4 ratio: 0.77
2026-01-22 17:50:29,728 - root - INFO - mask1 ratio: 0.00, mask2 ratio: 0.02, mask3 ratio: 0.11, mask4 ratio: 0.87
2026-01-22 17:50:29,940 - root - INFO - mask1 ratio: 0.03, mask2 ratio: 0.15, mask3 ratio: 0.10, mask4 ratio: 0.73
2026-01-22 17:50:30,150 - root - INFO - mask1 ratio: 0.03, mask2 ratio: 0.17, mask3 ratio: 0.10, mask4 ratio: 0.70
2026-01-22 17:50:30,362 - root - INFO - mask1 ratio: 0.03, mask2 ratio: 0.15, mask3 ratio: 0.10, mask4 ratio: 0.72
2026-01-22 17:50:30,574 - root - INFO - mask1 ratio: 0.03, mask2 ratio: 0.15, mask3 ratio: 0.10, mask4 ratio: 0.73
2026-01-22 17:50:30,785 - root - INFO - mask1 ratio: 0.03, mask2 ratio: 0.15, mask3 ratio: 0.10, mask4 ratio: 0.72
2026-01-22 17:50:30,995 - root - INFO - mask1 ratio: 0.01, mask2 ratio: 0.02, mask3 ratio: 0.11, mask4 ratio: 0.86
2026-01-22 17:50:31,206 - root - INFO - mask1 ratio: 0.02, mask2 ratio: 0.09, mask3 ratio: 0.10, mask4 ratio: 0.79
2026-01-22 17:50:31,417 - root - INFO - mask1 ratio: 0.03, mask2 ratio: 0.19, mask3 ratio: 0.10, mask4 ratio: 0.68
2026-01-22 17:50:31,628 - root - INFO - mask1 ratio: 0.01, mask2 ratio: 0.00, mask3 ratio: 0.10, mask4 ratio: 0.88
2026-01-22 17:50:31,838 - root - INFO - mask1 ratio: 0.01, mask2 ratio: 0.02, mask3 ratio: 0.10, mask4 ratio: 0.88
2026-01-22 17:50:32,048 - root - INFO - mask1 ratio: 0.01, mask2 ratio: 0.02, mask3 ratio: 0.10, mask4 ratio: 0.87
2026-01-22 17:50:32,337 - root - INFO - mask1 ratio: 0.01, mask2 ratio: 0.03, mask3 ratio: 0.10, mask4 ratio: 0.86
2026-01-22 17:50:32,553 - root - INFO - mask1 ratio: 0.02, mask2 ratio: 0.11, mask3 ratio: 0.10, mask4 ratio: 0.78
2026-01-22 17:50:32,763 - root - INFO - mask1 ratio: 0.01, mask2 ratio: 0.06, mask3 ratio: 0.10, mask4 ratio: 0.83
2026-01-22 17:50:32,972 - root - INFO - mask1 ratio: 0.01, mask2 ratio: 0.03, mask3 ratio: 0.10, mask4 ratio: 0.86
2026-01-22 17:50:33,181 - root - INFO - mask1 ratio: 0.01, mask2 ratio: 0.04, mask3 ratio: 0.10, mask4 ratio: 0.85
2026-01-22 17:50:33,391 - root - INFO - mask1 ratio: 0.01, mask2 ratio: 0.02, mask3 ratio: 0.10, mask4 ratio: 0.88
2026-01-22 17:50:33,418 - root - INFO - time 4.33
2026-01-22 17:50:33,421 - root - INFO - 23 self_attn.out_proj
2026-01-22 17:50:33,421 - root - INFO - Quantizing ...
2026-01-22 17:50:33,614 - root - INFO - mask1 ratio: 0.01, mask2 ratio: 0.03, mask3 ratio: 0.10, mask4 ratio: 0.86
2026-01-22 17:50:33,823 - root - INFO - mask1 ratio: 0.02, mask2 ratio: 0.09, mask3 ratio: 0.10, mask4 ratio: 0.79
2026-01-22 17:50:34,034 - root - INFO - mask1 ratio: 0.02, mask2 ratio: 0.11, mask3 ratio: 0.10, mask4 ratio: 0.77
2026-01-22 17:50:34,244 - root - INFO - mask1 ratio: 0.04, mask2 ratio: 0.34, mask3 ratio: 0.10, mask4 ratio: 0.52
2026-01-22 17:50:34,454 - root - INFO - mask1 ratio: 0.04, mask2 ratio: 0.34, mask3 ratio: 0.10, mask4 ratio: 0.52
2026-01-22 17:50:34,666 - root - INFO - mask1 ratio: 0.04, mask2 ratio: 0.34, mask3 ratio: 0.10, mask4 ratio: 0.52
2026-01-22 17:50:34,877 - root - INFO - mask1 ratio: 0.04, mask2 ratio: 0.34, mask3 ratio: 0.10, mask4 ratio: 0.52
2026-01-22 17:50:35,089 - root - INFO - mask1 ratio: 0.04, mask2 ratio: 0.34, mask3 ratio: 0.10, mask4 ratio: 0.52
2026-01-22 17:50:35,300 - root - INFO - mask1 ratio: 0.04, mask2 ratio: 0.34, mask3 ratio: 0.10, mask4 ratio: 0.52
2026-01-22 17:50:35,511 - root - INFO - mask1 ratio: 0.01, mask2 ratio: 0.03, mask3 ratio: 0.10, mask4 ratio: 0.86
2026-01-22 17:50:35,746 - root - INFO - mask1 ratio: 0.04, mask2 ratio: 0.34, mask3 ratio: 0.10, mask4 ratio: 0.52
2026-01-22 17:50:35,957 - root - INFO - mask1 ratio: 0.03, mask2 ratio: 0.22, mask3 ratio: 0.10, mask4 ratio: 0.65
2026-01-22 17:50:36,170 - root - INFO - mask1 ratio: 0.04, mask2 ratio: 0.34, mask3 ratio: 0.10, mask4 ratio: 0.53
2026-01-22 17:50:36,379 - root - INFO - mask1 ratio: 0.01, mask2 ratio: 0.03, mask3 ratio: 0.10, mask4 ratio: 0.86
2026-01-22 17:50:36,590 - root - INFO - mask1 ratio: 0.03, mask2 ratio: 0.27, mask3 ratio: 0.10, mask4 ratio: 0.60
2026-01-22 17:50:36,802 - root - INFO - mask1 ratio: 0.02, mask2 ratio: 0.10, mask3 ratio: 0.10, mask4 ratio: 0.78
2026-01-22 17:50:37,014 - root - INFO - mask1 ratio: 0.04, mask2 ratio: 0.34, mask3 ratio: 0.10, mask4 ratio: 0.53
2026-01-22 17:50:37,225 - root - INFO - mask1 ratio: 0.02, mask2 ratio: 0.10, mask3 ratio: 0.10, mask4 ratio: 0.77
2026-01-22 17:50:37,467 - root - INFO - mask1 ratio: 0.04, mask2 ratio: 0.32, mask3 ratio: 0.10, mask4 ratio: 0.55
2026-01-22 17:50:37,782 - root - INFO - mask1 ratio: 0.04, mask2 ratio: 0.34, mask3 ratio: 0.10, mask4 ratio: 0.52
2026-01-22 17:50:37,809 - root - INFO - time 4.39
2026-01-22 17:50:37,812 - root - INFO - 23 fc1
2026-01-22 17:50:37,812 - root - INFO - Quantizing ...
2026-01-22 17:50:38,075 - root - INFO - mask1 ratio: 0.03, mask2 ratio: 0.18, mask3 ratio: 0.10, mask4 ratio: 0.69
2026-01-22 17:50:38,362 - root - INFO - mask1 ratio: 0.02, mask2 ratio: 0.11, mask3 ratio: 0.10, mask4 ratio: 0.78
2026-01-22 17:50:38,652 - root - INFO - mask1 ratio: 0.04, mask2 ratio: 0.34, mask3 ratio: 0.10, mask4 ratio: 0.53
2026-01-22 17:50:38,940 - root - INFO - mask1 ratio: 0.02, mask2 ratio: 0.13, mask3 ratio: 0.10, mask4 ratio: 0.75
2026-01-22 17:50:39,225 - root - INFO - mask1 ratio: 0.02, mask2 ratio: 0.11, mask3 ratio: 0.10, mask4 ratio: 0.77
2026-01-22 17:50:39,511 - root - INFO - mask1 ratio: 0.03, mask2 ratio: 0.22, mask3 ratio: 0.10, mask4 ratio: 0.66
2026-01-22 17:50:39,796 - root - INFO - mask1 ratio: 0.02, mask2 ratio: 0.10, mask3 ratio: 0.10, mask4 ratio: 0.78
2026-01-22 17:50:40,081 - root - INFO - mask1 ratio: 0.02, mask2 ratio: 0.11, mask3 ratio: 0.10, mask4 ratio: 0.77
2026-01-22 17:50:40,368 - root - INFO - mask1 ratio: 0.02, mask2 ratio: 0.16, mask3 ratio: 0.10, mask4 ratio: 0.72
2026-01-22 17:50:40,656 - root - INFO - mask1 ratio: 0.03, mask2 ratio: 0.24, mask3 ratio: 0.10, mask4 ratio: 0.63
2026-01-22 17:50:40,945 - root - INFO - mask1 ratio: 0.02, mask2 ratio: 0.13, mask3 ratio: 0.10, mask4 ratio: 0.74
2026-01-22 17:50:41,226 - root - INFO - mask1 ratio: 0.01, mask2 ratio: 0.02, mask3 ratio: 0.10, mask4 ratio: 0.87
2026-01-22 17:50:41,510 - root - INFO - mask1 ratio: 0.01, mask2 ratio: 0.03, mask3 ratio: 0.10, mask4 ratio: 0.86
2026-01-22 17:50:41,796 - root - INFO - mask1 ratio: 0.01, mask2 ratio: 0.03, mask3 ratio: 0.10, mask4 ratio: 0.86
2026-01-22 17:50:42,082 - root - INFO - mask1 ratio: 0.02, mask2 ratio: 0.08, mask3 ratio: 0.10, mask4 ratio: 0.81
2026-01-22 17:50:42,451 - root - INFO - mask1 ratio: 0.02, mask2 ratio: 0.08, mask3 ratio: 0.10, mask4 ratio: 0.81
2026-01-22 17:50:42,738 - root - INFO - mask1 ratio: 0.01, mask2 ratio: 0.04, mask3 ratio: 0.10, mask4 ratio: 0.85
2026-01-22 17:50:43,022 - root - INFO - mask1 ratio: 0.01, mask2 ratio: 0.03, mask3 ratio: 0.10, mask4 ratio: 0.86
2026-01-22 17:50:43,308 - root - INFO - mask1 ratio: 0.01, mask2 ratio: 0.04, mask3 ratio: 0.10, mask4 ratio: 0.85
2026-01-22 17:50:43,591 - root - INFO - mask1 ratio: 0.01, mask2 ratio: 0.02, mask3 ratio: 0.10, mask4 ratio: 0.88
2026-01-22 17:50:43,624 - root - INFO - time 5.81
2026-01-22 17:50:43,633 - root - INFO - 23 fc2
2026-01-22 17:50:43,633 - root - INFO - Quantizing ...
2026-01-22 17:50:43,934 - root - INFO - mask1 ratio: 0.02, mask2 ratio: 0.07, mask3 ratio: 0.10, mask4 ratio: 0.81
2026-01-22 17:50:44,149 - root - INFO - mask1 ratio: 0.01, mask2 ratio: 0.02, mask3 ratio: 0.10, mask4 ratio: 0.88
2026-01-22 17:50:44,360 - root - INFO - mask1 ratio: 0.02, mask2 ratio: 0.13, mask3 ratio: 0.10, mask4 ratio: 0.75
2026-01-22 17:50:44,572 - root - INFO - mask1 ratio: 0.02, mask2 ratio: 0.10, mask3 ratio: 0.10, mask4 ratio: 0.78
2026-01-22 17:50:44,786 - root - INFO - mask1 ratio: 0.02, mask2 ratio: 0.07, mask3 ratio: 0.10, mask4 ratio: 0.81
2026-01-22 17:50:44,998 - root - INFO - mask1 ratio: 0.01, mask2 ratio: 0.03, mask3 ratio: 0.10, mask4 ratio: 0.86
2026-01-22 17:50:45,209 - root - INFO - mask1 ratio: 0.01, mask2 ratio: 0.11, mask3 ratio: 0.10, mask4 ratio: 0.78
2026-01-22 17:50:45,387 - root - INFO - mask1 ratio: 0.01, mask2 ratio: 0.06, mask3 ratio: 0.10, mask4 ratio: 0.83
2026-01-22 17:50:45,590 - root - INFO - mask1 ratio: 0.02, mask2 ratio: 0.07, mask3 ratio: 0.10, mask4 ratio: 0.81
2026-01-22 17:50:45,803 - root - INFO - mask1 ratio: 0.03, mask2 ratio: 0.28, mask3 ratio: 0.10, mask4 ratio: 0.59
2026-01-22 17:50:46,015 - root - INFO - mask1 ratio: 0.01, mask2 ratio: 0.03, mask3 ratio: 0.10, mask4 ratio: 0.86
2026-01-22 17:50:46,225 - root - INFO - mask1 ratio: 0.01, mask2 ratio: 0.02, mask3 ratio: 0.10, mask4 ratio: 0.87
2026-01-22 17:50:46,436 - root - INFO - mask1 ratio: 0.02, mask2 ratio: 0.09, mask3 ratio: 0.10, mask4 ratio: 0.79
2026-01-22 17:50:46,646 - root - INFO - mask1 ratio: 0.01, mask2 ratio: 0.04, mask3 ratio: 0.10, mask4 ratio: 0.85
2026-01-22 17:50:46,858 - root - INFO - mask1 ratio: 0.02, mask2 ratio: 0.10, mask3 ratio: 0.10, mask4 ratio: 0.78
2026-01-22 17:50:47,069 - root - INFO - mask1 ratio: 0.01, mask2 ratio: 0.04, mask3 ratio: 0.10, mask4 ratio: 0.85
2026-01-22 17:50:47,281 - root - INFO - mask1 ratio: 0.02, mask2 ratio: 0.05, mask3 ratio: 0.10, mask4 ratio: 0.83
2026-01-22 17:50:47,511 - root - INFO - mask1 ratio: 0.02, mask2 ratio: 0.11, mask3 ratio: 0.10, mask4 ratio: 0.78
2026-01-22 17:50:47,860 - root - INFO - mask1 ratio: 0.01, mask2 ratio: 0.04, mask3 ratio: 0.10, mask4 ratio: 0.85
2026-01-22 17:50:48,074 - root - INFO - mask1 ratio: 0.01, mask2 ratio: 0.02, mask3 ratio: 0.10, mask4 ratio: 0.87
2026-01-22 17:50:48,285 - root - INFO - mask1 ratio: 0.01, mask2 ratio: 0.04, mask3 ratio: 0.10, mask4 ratio: 0.85
2026-01-22 17:50:48,497 - root - INFO - mask1 ratio: 0.01, mask2 ratio: 0.03, mask3 ratio: 0.10, mask4 ratio: 0.86
2026-01-22 17:50:48,709 - root - INFO - mask1 ratio: 0.01, mask2 ratio: 0.04, mask3 ratio: 0.10, mask4 ratio: 0.85
2026-01-22 17:50:48,920 - root - INFO - mask1 ratio: 0.01, mask2 ratio: 0.04, mask3 ratio: 0.10, mask4 ratio: 0.85
2026-01-22 17:50:49,134 - root - INFO - mask1 ratio: 0.01, mask2 ratio: 0.05, mask3 ratio: 0.10, mask4 ratio: 0.84
2026-01-22 17:50:49,349 - root - INFO - mask1 ratio: 0.02, mask2 ratio: 0.07, mask3 ratio: 0.10, mask4 ratio: 0.81
2026-01-22 17:50:49,562 - root - INFO - mask1 ratio: 0.01, mask2 ratio: 0.03, mask3 ratio: 0.10, mask4 ratio: 0.86
2026-01-22 17:50:49,773 - root - INFO - mask1 ratio: 0.01, mask2 ratio: 0.06, mask3 ratio: 0.10, mask4 ratio: 0.83
2026-01-22 17:50:49,985 - root - INFO - mask1 ratio: 0.01, mask2 ratio: 0.04, mask3 ratio: 0.10, mask4 ratio: 0.85
2026-01-22 17:50:50,198 - root - INFO - mask1 ratio: 0.02, mask2 ratio: 0.07, mask3 ratio: 0.10, mask4 ratio: 0.81
2026-01-22 17:50:50,409 - root - INFO - mask1 ratio: 0.02, mask2 ratio: 0.10, mask3 ratio: 0.10, mask4 ratio: 0.78
2026-01-22 17:50:50,621 - root - INFO - mask1 ratio: 0.01, mask2 ratio: 0.04, mask3 ratio: 0.10, mask4 ratio: 0.85
2026-01-22 17:50:50,831 - root - INFO - mask1 ratio: 0.01, mask2 ratio: 0.11, mask3 ratio: 0.10, mask4 ratio: 0.78
2026-01-22 17:50:51,044 - root - INFO - mask1 ratio: 0.01, mask2 ratio: 0.04, mask3 ratio: 0.10, mask4 ratio: 0.85
2026-01-22 17:50:51,256 - root - INFO - mask1 ratio: 0.01, mask2 ratio: 0.03, mask3 ratio: 0.10, mask4 ratio: 0.86
2026-01-22 17:50:51,466 - root - INFO - mask1 ratio: 0.01, mask2 ratio: 0.02, mask3 ratio: 0.10, mask4 ratio: 0.87
2026-01-22 17:50:51,678 - root - INFO - mask1 ratio: 0.01, mask2 ratio: 0.05, mask3 ratio: 0.10, mask4 ratio: 0.84
2026-01-22 17:50:51,889 - root - INFO - mask1 ratio: 0.02, mask2 ratio: 0.08, mask3 ratio: 0.10, mask4 ratio: 0.81
2026-01-22 17:50:52,107 - root - INFO - mask1 ratio: 0.01, mask2 ratio: 0.03, mask3 ratio: 0.10, mask4 ratio: 0.86
2026-01-22 17:50:52,330 - root - INFO - mask1 ratio: 0.02, mask2 ratio: 0.11, mask3 ratio: 0.10, mask4 ratio: 0.78
2026-01-22 17:50:52,553 - root - INFO - mask1 ratio: 0.01, mask2 ratio: 0.05, mask3 ratio: 0.10, mask4 ratio: 0.84
2026-01-22 17:50:52,766 - root - INFO - mask1 ratio: 0.01, mask2 ratio: 0.02, mask3 ratio: 0.10, mask4 ratio: 0.87
2026-01-22 17:50:52,977 - root - INFO - mask1 ratio: 0.01, mask2 ratio: 0.04, mask3 ratio: 0.10, mask4 ratio: 0.85
2026-01-22 17:50:53,273 - root - INFO - mask1 ratio: 0.01, mask2 ratio: 0.02, mask3 ratio: 0.10, mask4 ratio: 0.87
2026-01-22 17:50:53,486 - root - INFO - mask1 ratio: 0.03, mask2 ratio: 0.15, mask3 ratio: 0.10, mask4 ratio: 0.72
2026-01-22 17:50:53,698 - root - INFO - mask1 ratio: 0.01, mask2 ratio: 0.02, mask3 ratio: 0.10, mask4 ratio: 0.87
2026-01-22 17:50:53,909 - root - INFO - mask1 ratio: 0.01, mask2 ratio: 0.05, mask3 ratio: 0.10, mask4 ratio: 0.85
2026-01-22 17:50:54,121 - root - INFO - mask1 ratio: 0.01, mask2 ratio: 0.03, mask3 ratio: 0.10, mask4 ratio: 0.86
2026-01-22 17:50:54,334 - root - INFO - mask1 ratio: 0.02, mask2 ratio: 0.07, mask3 ratio: 0.10, mask4 ratio: 0.81
2026-01-22 17:50:54,547 - root - INFO - mask1 ratio: 0.01, mask2 ratio: 0.05, mask3 ratio: 0.10, mask4 ratio: 0.84
2026-01-22 17:50:54,758 - root - INFO - mask1 ratio: 0.01, mask2 ratio: 0.06, mask3 ratio: 0.10, mask4 ratio: 0.83
2026-01-22 17:50:54,971 - root - INFO - mask1 ratio: 0.01, mask2 ratio: 0.03, mask3 ratio: 0.10, mask4 ratio: 0.86
2026-01-22 17:50:55,184 - root - INFO - mask1 ratio: 0.01, mask2 ratio: 0.02, mask3 ratio: 0.10, mask4 ratio: 0.88
2026-01-22 17:50:55,396 - root - INFO - mask1 ratio: 0.01, mask2 ratio: 0.07, mask3 ratio: 0.10, mask4 ratio: 0.81
2026-01-22 17:50:55,607 - root - INFO - mask1 ratio: 0.01, mask2 ratio: 0.03, mask3 ratio: 0.10, mask4 ratio: 0.86
2026-01-22 17:50:55,818 - root - INFO - mask1 ratio: 0.01, mask2 ratio: 0.03, mask3 ratio: 0.10, mask4 ratio: 0.86
2026-01-22 17:50:56,030 - root - INFO - mask1 ratio: 0.01, mask2 ratio: 0.04, mask3 ratio: 0.10, mask4 ratio: 0.85
2026-01-22 17:50:56,242 - root - INFO - mask1 ratio: 0.01, mask2 ratio: 0.05, mask3 ratio: 0.10, mask4 ratio: 0.84
2026-01-22 17:50:56,454 - root - INFO - mask1 ratio: 0.01, mask2 ratio: 0.03, mask3 ratio: 0.10, mask4 ratio: 0.86
2026-01-22 17:50:56,665 - root - INFO - mask1 ratio: 0.01, mask2 ratio: 0.03, mask3 ratio: 0.10, mask4 ratio: 0.86
2026-01-22 17:50:56,877 - root - INFO - mask1 ratio: 0.01, mask2 ratio: 0.02, mask3 ratio: 0.10, mask4 ratio: 0.88
2026-01-22 17:50:57,088 - root - INFO - mask1 ratio: 0.02, mask2 ratio: 0.12, mask3 ratio: 0.10, mask4 ratio: 0.76
2026-01-22 17:50:57,300 - root - INFO - mask1 ratio: 0.00, mask2 ratio: 0.02, mask3 ratio: 0.10, mask4 ratio: 0.88
2026-01-22 17:50:57,513 - root - INFO - mask1 ratio: 0.01, mask2 ratio: 0.06, mask3 ratio: 0.10, mask4 ratio: 0.82
2026-01-22 17:50:57,723 - root - INFO - mask1 ratio: 0.02, mask2 ratio: 0.11, mask3 ratio: 0.10, mask4 ratio: 0.77
2026-01-22 17:50:57,934 - root - INFO - mask1 ratio: 0.04, mask2 ratio: 0.34, mask3 ratio: 0.10, mask4 ratio: 0.52
2026-01-22 17:50:58,145 - root - INFO - mask1 ratio: 0.01, mask2 ratio: 0.02, mask3 ratio: 0.10, mask4 ratio: 0.87
2026-01-22 17:50:58,411 - root - INFO - mask1 ratio: 0.02, mask2 ratio: 0.08, mask3 ratio: 0.10, mask4 ratio: 0.81
2026-01-22 17:50:58,716 - root - INFO - mask1 ratio: 0.00, mask2 ratio: 0.03, mask3 ratio: 0.10, mask4 ratio: 0.87
2026-01-22 17:50:58,927 - root - INFO - mask1 ratio: 0.01, mask2 ratio: 0.03, mask3 ratio: 0.10, mask4 ratio: 0.85
2026-01-22 17:50:59,138 - root - INFO - mask1 ratio: 0.01, mask2 ratio: 0.04, mask3 ratio: 0.10, mask4 ratio: 0.85
2026-01-22 17:50:59,350 - root - INFO - mask1 ratio: 0.01, mask2 ratio: 0.10, mask3 ratio: 0.10, mask4 ratio: 0.78
2026-01-22 17:50:59,562 - root - INFO - mask1 ratio: 0.01, mask2 ratio: 0.06, mask3 ratio: 0.10, mask4 ratio: 0.82
2026-01-22 17:50:59,775 - root - INFO - mask1 ratio: 0.03, mask2 ratio: 0.20, mask3 ratio: 0.10, mask4 ratio: 0.67
2026-01-22 17:50:59,988 - root - INFO - mask1 ratio: 0.01, mask2 ratio: 0.02, mask3 ratio: 0.10, mask4 ratio: 0.87
2026-01-22 17:51:00,200 - root - INFO - mask1 ratio: 0.02, mask2 ratio: 0.08, mask3 ratio: 0.10, mask4 ratio: 0.81
2026-01-22 17:51:00,415 - root - INFO - mask1 ratio: 0.01, mask2 ratio: 0.04, mask3 ratio: 0.10, mask4 ratio: 0.85
2026-01-22 17:51:00,625 - root - INFO - mask1 ratio: 0.01, mask2 ratio: 0.02, mask3 ratio: 0.10, mask4 ratio: 0.87
2026-01-22 17:51:00,836 - root - INFO - mask1 ratio: 0.01, mask2 ratio: 0.02, mask3 ratio: 0.10, mask4 ratio: 0.87
2026-01-22 17:51:01,047 - root - INFO - mask1 ratio: 0.02, mask2 ratio: 0.18, mask3 ratio: 0.10, mask4 ratio: 0.70
2026-01-22 17:51:01,073 - root - INFO - time 17.44
2026-01-22 17:51:03,365 - root - INFO - 24 self_attn.k_proj
2026-01-22 17:51:03,365 - root - INFO - Quantizing ...
2026-01-22 17:51:03,987 - root - INFO - mask1 ratio: 0.01, mask2 ratio: 0.03, mask3 ratio: 0.10, mask4 ratio: 0.87
2026-01-22 17:51:04,198 - root - INFO - mask1 ratio: 0.01, mask2 ratio: 0.00, mask3 ratio: 0.10, mask4 ratio: 0.88
2026-01-22 17:51:04,409 - root - INFO - mask1 ratio: 0.01, mask2 ratio: 0.00, mask3 ratio: 0.10, mask4 ratio: 0.88
2026-01-22 17:51:04,621 - root - INFO - mask1 ratio: 0.01, mask2 ratio: 0.05, mask3 ratio: 0.10, mask4 ratio: 0.84
2026-01-22 17:51:04,834 - root - INFO - mask1 ratio: 0.02, mask2 ratio: 0.13, mask3 ratio: 0.10, mask4 ratio: 0.74
2026-01-22 17:51:05,047 - root - INFO - mask1 ratio: 0.02, mask2 ratio: 0.08, mask3 ratio: 0.10, mask4 ratio: 0.81
2026-01-22 17:51:05,258 - root - INFO - mask1 ratio: 0.02, mask2 ratio: 0.10, mask3 ratio: 0.10, mask4 ratio: 0.78
2026-01-22 17:51:05,469 - root - INFO - mask1 ratio: 0.01, mask2 ratio: 0.03, mask3 ratio: 0.10, mask4 ratio: 0.86
2026-01-22 17:51:05,681 - root - INFO - mask1 ratio: 0.00, mask2 ratio: 0.02, mask3 ratio: 0.10, mask4 ratio: 0.88
2026-01-22 17:51:05,892 - root - INFO - mask1 ratio: 0.02, mask2 ratio: 0.08, mask3 ratio: 0.10, mask4 ratio: 0.80
2026-01-22 17:51:06,192 - root - INFO - mask1 ratio: 0.02, mask2 ratio: 0.10, mask3 ratio: 0.10, mask4 ratio: 0.78
2026-01-22 17:51:06,405 - root - INFO - mask1 ratio: 0.00, mask2 ratio: 0.02, mask3 ratio: 0.10, mask4 ratio: 0.88
2026-01-22 17:51:06,616 - root - INFO - mask1 ratio: 0.01, mask2 ratio: 0.02, mask3 ratio: 0.10, mask4 ratio: 0.88
2026-01-22 17:51:06,831 - root - INFO - mask1 ratio: 0.01, mask2 ratio: 0.02, mask3 ratio: 0.10, mask4 ratio: 0.87
2026-01-22 17:51:07,045 - root - INFO - mask1 ratio: 0.01, mask2 ratio: 0.02, mask3 ratio: 0.11, mask4 ratio: 0.87
2026-01-22 17:51:07,283 - root - INFO - mask1 ratio: 0.01, mask2 ratio: 0.03, mask3 ratio: 0.10, mask4 ratio: 0.86
2026-01-22 17:51:07,516 - root - INFO - mask1 ratio: 0.01, mask2 ratio: 0.04, mask3 ratio: 0.10, mask4 ratio: 0.85
2026-01-22 17:51:07,749 - root - INFO - mask1 ratio: 0.01, mask2 ratio: 0.02, mask3 ratio: 0.10, mask4 ratio: 0.87
2026-01-22 17:51:07,970 - root - INFO - mask1 ratio: 0.01, mask2 ratio: 0.02, mask3 ratio: 0.10, mask4 ratio: 0.87
2026-01-22 17:51:08,197 - root - INFO - mask1 ratio: 0.01, mask2 ratio: 0.00, mask3 ratio: 0.10, mask4 ratio: 0.88
2026-01-22 17:51:08,226 - root - INFO - time 4.86
2026-01-22 17:51:08,237 - root - INFO - 24 self_attn.v_proj
2026-01-22 17:51:08,237 - root - INFO - Quantizing ...
2026-01-22 17:51:08,446 - root - INFO - mask1 ratio: 0.03, mask2 ratio: 0.23, mask3 ratio: 0.10, mask4 ratio: 0.63
2026-01-22 17:51:08,693 - root - INFO - mask1 ratio: 0.01, mask2 ratio: 0.06, mask3 ratio: 0.10, mask4 ratio: 0.83
2026-01-22 17:51:08,921 - root - INFO - mask1 ratio: 0.03, mask2 ratio: 0.26, mask3 ratio: 0.10, mask4 ratio: 0.60
2026-01-22 17:51:09,147 - root - INFO - mask1 ratio: 0.02, mask2 ratio: 0.13, mask3 ratio: 0.10, mask4 ratio: 0.75
2026-01-22 17:51:09,365 - root - INFO - mask1 ratio: 0.03, mask2 ratio: 0.15, mask3 ratio: 0.10, mask4 ratio: 0.72
2026-01-22 17:51:09,595 - root - INFO - mask1 ratio: 0.03, mask2 ratio: 0.18, mask3 ratio: 0.10, mask4 ratio: 0.70
2026-01-22 17:51:09,819 - root - INFO - mask1 ratio: 0.02, mask2 ratio: 0.16, mask3 ratio: 0.10, mask4 ratio: 0.71
2026-01-22 17:51:10,040 - root - INFO - mask1 ratio: 0.02, mask2 ratio: 0.11, mask3 ratio: 0.10, mask4 ratio: 0.77
2026-01-22 17:51:10,261 - root - INFO - mask1 ratio: 0.02, mask2 ratio: 0.16, mask3 ratio: 0.10, mask4 ratio: 0.71
2026-01-22 17:51:10,487 - root - INFO - mask1 ratio: 0.02, mask2 ratio: 0.14, mask3 ratio: 0.10, mask4 ratio: 0.74
2026-01-22 17:51:10,727 - root - INFO - mask1 ratio: 0.02, mask2 ratio: 0.16, mask3 ratio: 0.10, mask4 ratio: 0.71
2026-01-22 17:51:10,946 - root - INFO - mask1 ratio: 0.04, mask2 ratio: 0.34, mask3 ratio: 0.10, mask4 ratio: 0.52
2026-01-22 17:51:11,161 - root - INFO - mask1 ratio: 0.03, mask2 ratio: 0.21, mask3 ratio: 0.10, mask4 ratio: 0.66
2026-01-22 17:51:11,506 - root - INFO - mask1 ratio: 0.03, mask2 ratio: 0.24, mask3 ratio: 0.10, mask4 ratio: 0.63
2026-01-22 17:51:11,725 - root - INFO - mask1 ratio: 0.02, mask2 ratio: 0.15, mask3 ratio: 0.10, mask4 ratio: 0.73
2026-01-22 17:51:11,943 - root - INFO - mask1 ratio: 0.03, mask2 ratio: 0.19, mask3 ratio: 0.10, mask4 ratio: 0.68
2026-01-22 17:51:12,167 - root - INFO - mask1 ratio: 0.02, mask2 ratio: 0.10, mask3 ratio: 0.10, mask4 ratio: 0.78
2026-01-22 17:51:12,410 - root - INFO - mask1 ratio: 0.01, mask2 ratio: 0.07, mask3 ratio: 0.10, mask4 ratio: 0.82
2026-01-22 17:51:12,627 - root - INFO - mask1 ratio: 0.02, mask2 ratio: 0.13, mask3 ratio: 0.10, mask4 ratio: 0.75
2026-01-22 17:51:12,842 - root - INFO - mask1 ratio: 0.01, mask2 ratio: 0.03, mask3 ratio: 0.10, mask4 ratio: 0.87
2026-01-22 17:51:12,871 - root - INFO - time 4.63
2026-01-22 17:51:12,874 - root - INFO - 24 self_attn.q_proj
2026-01-22 17:51:12,874 - root - INFO - Quantizing ...
2026-01-22 17:51:13,069 - root - INFO - mask1 ratio: 0.02, mask2 ratio: 0.06, mask3 ratio: 0.10, mask4 ratio: 0.82
2026-01-22 17:51:13,288 - root - INFO - mask1 ratio: 0.05, mask2 ratio: 0.33, mask3 ratio: 0.10, mask4 ratio: 0.52
2026-01-22 17:51:13,506 - root - INFO - mask1 ratio: 0.01, mask2 ratio: 0.02, mask3 ratio: 0.11, mask4 ratio: 0.87
2026-01-22 17:51:13,728 - root - INFO - mask1 ratio: 0.02, mask2 ratio: 0.13, mask3 ratio: 0.10, mask4 ratio: 0.74
2026-01-22 17:51:13,948 - root - INFO - mask1 ratio: 0.02, mask2 ratio: 0.10, mask3 ratio: 0.10, mask4 ratio: 0.78
2026-01-22 17:51:14,175 - root - INFO - mask1 ratio: 0.02, mask2 ratio: 0.12, mask3 ratio: 0.10, mask4 ratio: 0.76
2026-01-22 17:51:14,393 - root - INFO - mask1 ratio: 0.02, mask2 ratio: 0.15, mask3 ratio: 0.10, mask4 ratio: 0.73
2026-01-22 17:51:14,607 - root - INFO - mask1 ratio: 0.04, mask2 ratio: 0.27, mask3 ratio: 0.10, mask4 ratio: 0.60
2026-01-22 17:51:14,818 - root - INFO - mask1 ratio: 0.01, mask2 ratio: 0.03, mask3 ratio: 0.11, mask4 ratio: 0.86
2026-01-22 17:51:15,032 - root - INFO - mask1 ratio: 0.02, mask2 ratio: 0.09, mask3 ratio: 0.10, mask4 ratio: 0.79
2026-01-22 17:51:15,245 - root - INFO - mask1 ratio: 0.04, mask2 ratio: 0.31, mask3 ratio: 0.10, mask4 ratio: 0.56
2026-01-22 17:51:15,458 - root - INFO - mask1 ratio: 0.01, mask2 ratio: 0.00, mask3 ratio: 0.10, mask4 ratio: 0.88
2026-01-22 17:51:15,672 - root - INFO - mask1 ratio: 0.01, mask2 ratio: 0.02, mask3 ratio: 0.10, mask4 ratio: 0.88
2026-01-22 17:51:15,884 - root - INFO - mask1 ratio: 0.01, mask2 ratio: 0.03, mask3 ratio: 0.11, mask4 ratio: 0.86
2026-01-22 17:51:16,096 - root - INFO - mask1 ratio: 0.01, mask2 ratio: 0.02, mask3 ratio: 0.11, mask4 ratio: 0.86
2026-01-22 17:51:16,308 - root - INFO - mask1 ratio: 0.01, mask2 ratio: 0.06, mask3 ratio: 0.10, mask4 ratio: 0.82
2026-01-22 17:51:16,524 - root - INFO - mask1 ratio: 0.02, mask2 ratio: 0.10, mask3 ratio: 0.10, mask4 ratio: 0.78
2026-01-22 17:51:16,812 - root - INFO - mask1 ratio: 0.01, mask2 ratio: 0.03, mask3 ratio: 0.10, mask4 ratio: 0.86
2026-01-22 17:51:17,039 - root - INFO - mask1 ratio: 0.01, mask2 ratio: 0.05, mask3 ratio: 0.10, mask4 ratio: 0.84
2026-01-22 17:51:17,250 - root - INFO - mask1 ratio: 0.01, mask2 ratio: 0.02, mask3 ratio: 0.10, mask4 ratio: 0.88
2026-01-22 17:51:17,279 - root - INFO - time 4.41
2026-01-22 17:51:17,282 - root - INFO - 24 self_attn.out_proj
2026-01-22 17:51:17,282 - root - INFO - Quantizing ...
2026-01-22 17:51:17,478 - root - INFO - mask1 ratio: 0.04, mask2 ratio: 0.33, mask3 ratio: 0.10, mask4 ratio: 0.53
2026-01-22 17:51:17,692 - root - INFO - mask1 ratio: 0.04, mask2 ratio: 0.34, mask3 ratio: 0.10, mask4 ratio: 0.53
2026-01-22 17:51:17,908 - root - INFO - mask1 ratio: 0.04, mask2 ratio: 0.34, mask3 ratio: 0.10, mask4 ratio: 0.52
2026-01-22 17:51:18,121 - root - INFO - mask1 ratio: 0.02, mask2 ratio: 0.10, mask3 ratio: 0.10, mask4 ratio: 0.78
2026-01-22 17:51:18,335 - root - INFO - mask1 ratio: 0.04, mask2 ratio: 0.34, mask3 ratio: 0.10, mask4 ratio: 0.52
2026-01-22 17:51:18,549 - root - INFO - mask1 ratio: 0.04, mask2 ratio: 0.32, mask3 ratio: 0.10, mask4 ratio: 0.54
2026-01-22 17:51:18,761 - root - INFO - mask1 ratio: 0.01, mask2 ratio: 0.05, mask3 ratio: 0.10, mask4 ratio: 0.84
2026-01-22 17:51:18,975 - root - INFO - mask1 ratio: 0.04, mask2 ratio: 0.34, mask3 ratio: 0.10, mask4 ratio: 0.52
2026-01-22 17:51:19,187 - root - INFO - mask1 ratio: 0.02, mask2 ratio: 0.11, mask3 ratio: 0.10, mask4 ratio: 0.77
2026-01-22 17:51:19,398 - root - INFO - mask1 ratio: 0.03, mask2 ratio: 0.21, mask3 ratio: 0.10, mask4 ratio: 0.66
2026-01-22 17:51:19,611 - root - INFO - mask1 ratio: 0.02, mask2 ratio: 0.10, mask3 ratio: 0.10, mask4 ratio: 0.78
2026-01-22 17:51:19,823 - root - INFO - mask1 ratio: 0.03, mask2 ratio: 0.23, mask3 ratio: 0.10, mask4 ratio: 0.64
2026-01-22 17:51:20,036 - root - INFO - mask1 ratio: 0.01, mask2 ratio: 0.02, mask3 ratio: 0.10, mask4 ratio: 0.88
2026-01-22 17:51:20,248 - root - INFO - mask1 ratio: 0.04, mask2 ratio: 0.34, mask3 ratio: 0.10, mask4 ratio: 0.52
2026-01-22 17:51:20,461 - root - INFO - mask1 ratio: 0.03, mask2 ratio: 0.15, mask3 ratio: 0.10, mask4 ratio: 0.72
2026-01-22 17:51:20,673 - root - INFO - mask1 ratio: 0.04, mask2 ratio: 0.34, mask3 ratio: 0.10, mask4 ratio: 0.52
2026-01-22 17:51:20,885 - root - INFO - mask1 ratio: 0.02, mask2 ratio: 0.08, mask3 ratio: 0.10, mask4 ratio: 0.80
2026-01-22 17:51:21,113 - root - INFO - mask1 ratio: 0.02, mask2 ratio: 0.08, mask3 ratio: 0.10, mask4 ratio: 0.81
2026-01-22 17:51:21,323 - root - INFO - mask1 ratio: 0.02, mask2 ratio: 0.10, mask3 ratio: 0.10, mask4 ratio: 0.78
2026-01-22 17:51:21,533 - root - INFO - mask1 ratio: 0.02, mask2 ratio: 0.05, mask3 ratio: 0.10, mask4 ratio: 0.83
2026-01-22 17:51:21,560 - root - INFO - time 4.28
2026-01-22 17:51:21,563 - root - INFO - 24 fc1
2026-01-22 17:51:21,563 - root - INFO - Quantizing ...
2026-01-22 17:51:21,864 - root - INFO - mask1 ratio: 0.03, mask2 ratio: 0.21, mask3 ratio: 0.10, mask4 ratio: 0.67
2026-01-22 17:51:22,247 - root - INFO - mask1 ratio: 0.02, mask2 ratio: 0.13, mask3 ratio: 0.10, mask4 ratio: 0.74
2026-01-22 17:51:22,533 - root - INFO - mask1 ratio: 0.02, mask2 ratio: 0.11, mask3 ratio: 0.10, mask4 ratio: 0.78
2026-01-22 17:51:22,818 - root - INFO - mask1 ratio: 0.01, mask2 ratio: 0.05, mask3 ratio: 0.10, mask4 ratio: 0.84
2026-01-22 17:51:23,105 - root - INFO - mask1 ratio: 0.02, mask2 ratio: 0.09, mask3 ratio: 0.10, mask4 ratio: 0.80
2026-01-22 17:51:23,392 - root - INFO - mask1 ratio: 0.03, mask2 ratio: 0.22, mask3 ratio: 0.10, mask4 ratio: 0.66
2026-01-22 17:51:23,678 - root - INFO - mask1 ratio: 0.02, mask2 ratio: 0.09, mask3 ratio: 0.10, mask4 ratio: 0.79
2026-01-22 17:51:23,961 - root - INFO - mask1 ratio: 0.01, mask2 ratio: 0.07, mask3 ratio: 0.10, mask4 ratio: 0.81
2026-01-22 17:51:24,248 - root - INFO - mask1 ratio: 0.02, mask2 ratio: 0.18, mask3 ratio: 0.10, mask4 ratio: 0.70
2026-01-22 17:51:24,533 - root - INFO - mask1 ratio: 0.02, mask2 ratio: 0.14, mask3 ratio: 0.10, mask4 ratio: 0.74
2026-01-22 17:51:24,819 - root - INFO - mask1 ratio: 0.02, mask2 ratio: 0.13, mask3 ratio: 0.10, mask4 ratio: 0.75
2026-01-22 17:51:25,104 - root - INFO - mask1 ratio: 0.01, mask2 ratio: 0.02, mask3 ratio: 0.10, mask4 ratio: 0.87
2026-01-22 17:51:25,388 - root - INFO - mask1 ratio: 0.01, mask2 ratio: 0.03, mask3 ratio: 0.10, mask4 ratio: 0.86
2026-01-22 17:51:25,670 - root - INFO - mask1 ratio: 0.01, mask2 ratio: 0.03, mask3 ratio: 0.10, mask4 ratio: 0.86
2026-01-22 17:51:25,956 - root - INFO - mask1 ratio: 0.02, mask2 ratio: 0.13, mask3 ratio: 0.10, mask4 ratio: 0.74
2026-01-22 17:51:26,241 - root - INFO - mask1 ratio: 0.02, mask2 ratio: 0.11, mask3 ratio: 0.10, mask4 ratio: 0.77
2026-01-22 17:51:26,524 - root - INFO - mask1 ratio: 0.01, mask2 ratio: 0.05, mask3 ratio: 0.10, mask4 ratio: 0.84
2026-01-22 17:51:26,895 - root - INFO - mask1 ratio: 0.01, mask2 ratio: 0.04, mask3 ratio: 0.10, mask4 ratio: 0.85
2026-01-22 17:51:27,181 - root - INFO - mask1 ratio: 0.01, mask2 ratio: 0.05, mask3 ratio: 0.10, mask4 ratio: 0.84
2026-01-22 17:51:27,465 - root - INFO - mask1 ratio: 0.01, mask2 ratio: 0.02, mask3 ratio: 0.10, mask4 ratio: 0.87
2026-01-22 17:51:27,497 - root - INFO - time 5.93
2026-01-22 17:51:27,506 - root - INFO - 24 fc2
2026-01-22 17:51:27,506 - root - INFO - Quantizing ...
2026-01-22 17:51:27,804 - root - INFO - mask1 ratio: 0.01, mask2 ratio: 0.02, mask3 ratio: 0.10, mask4 ratio: 0.88
2026-01-22 17:51:28,015 - root - INFO - mask1 ratio: 0.01, mask2 ratio: 0.04, mask3 ratio: 0.10, mask4 ratio: 0.85
2026-01-22 17:51:28,232 - root - INFO - mask1 ratio: 0.01, mask2 ratio: 0.02, mask3 ratio: 0.10, mask4 ratio: 0.87
2026-01-22 17:51:28,465 - root - INFO - mask1 ratio: 0.02, mask2 ratio: 0.06, mask3 ratio: 0.10, mask4 ratio: 0.82
2026-01-22 17:51:28,676 - root - INFO - mask1 ratio: 0.01, mask2 ratio: 0.05, mask3 ratio: 0.10, mask4 ratio: 0.84
2026-01-22 17:51:28,886 - root - INFO - mask1 ratio: 0.01, mask2 ratio: 0.02, mask3 ratio: 0.10, mask4 ratio: 0.87
2026-01-22 17:51:29,098 - root - INFO - mask1 ratio: 0.02, mask2 ratio: 0.18, mask3 ratio: 0.10, mask4 ratio: 0.70
2026-01-22 17:51:29,309 - root - INFO - mask1 ratio: 0.01, mask2 ratio: 0.02, mask3 ratio: 0.10, mask4 ratio: 0.87
2026-01-22 17:51:29,521 - root - INFO - mask1 ratio: 0.01, mask2 ratio: 0.08, mask3 ratio: 0.10, mask4 ratio: 0.81
2026-01-22 17:51:29,731 - root - INFO - mask1 ratio: 0.01, mask2 ratio: 0.03, mask3 ratio: 0.10, mask4 ratio: 0.86
2026-01-22 17:51:29,941 - root - INFO - mask1 ratio: 0.01, mask2 ratio: 0.04, mask3 ratio: 0.10, mask4 ratio: 0.85
2026-01-22 17:51:30,153 - root - INFO - mask1 ratio: 0.02, mask2 ratio: 0.11, mask3 ratio: 0.10, mask4 ratio: 0.78
2026-01-22 17:51:30,368 - root - INFO - mask1 ratio: 0.01, mask2 ratio: 0.06, mask3 ratio: 0.10, mask4 ratio: 0.83
2026-01-22 17:51:30,579 - root - INFO - mask1 ratio: 0.01, mask2 ratio: 0.05, mask3 ratio: 0.10, mask4 ratio: 0.84
2026-01-22 17:51:30,790 - root - INFO - mask1 ratio: 0.01, mask2 ratio: 0.05, mask3 ratio: 0.10, mask4 ratio: 0.84
2026-01-22 17:51:30,999 - root - INFO - mask1 ratio: 0.01, mask2 ratio: 0.02, mask3 ratio: 0.10, mask4 ratio: 0.87
2026-01-22 17:51:31,210 - root - INFO - mask1 ratio: 0.01, mask2 ratio: 0.03, mask3 ratio: 0.10, mask4 ratio: 0.86
2026-01-22 17:51:31,423 - root - INFO - mask1 ratio: 0.01, mask2 ratio: 0.05, mask3 ratio: 0.10, mask4 ratio: 0.84
2026-01-22 17:51:31,642 - root - INFO - mask1 ratio: 0.02, mask2 ratio: 0.10, mask3 ratio: 0.10, mask4 ratio: 0.78
2026-01-22 17:51:31,898 - root - INFO - mask1 ratio: 0.02, mask2 ratio: 0.09, mask3 ratio: 0.10, mask4 ratio: 0.79
2026-01-22 17:51:32,203 - root - INFO - mask1 ratio: 0.01, mask2 ratio: 0.03, mask3 ratio: 0.10, mask4 ratio: 0.87
2026-01-22 17:51:32,417 - root - INFO - mask1 ratio: 0.01, mask2 ratio: 0.03, mask3 ratio: 0.10, mask4 ratio: 0.86
2026-01-22 17:51:32,629 - root - INFO - mask1 ratio: 0.02, mask2 ratio: 0.13, mask3 ratio: 0.10, mask4 ratio: 0.74
2026-01-22 17:51:32,840 - root - INFO - mask1 ratio: 0.01, mask2 ratio: 0.04, mask3 ratio: 0.10, mask4 ratio: 0.85
2026-01-22 17:51:33,054 - root - INFO - mask1 ratio: 0.01, mask2 ratio: 0.05, mask3 ratio: 0.10, mask4 ratio: 0.84
2026-01-22 17:51:33,266 - root - INFO - mask1 ratio: 0.01, mask2 ratio: 0.03, mask3 ratio: 0.10, mask4 ratio: 0.86
2026-01-22 17:51:33,478 - root - INFO - mask1 ratio: 0.01, mask2 ratio: 0.06, mask3 ratio: 0.10, mask4 ratio: 0.82
2026-01-22 17:51:33,690 - root - INFO - mask1 ratio: 0.01, mask2 ratio: 0.07, mask3 ratio: 0.10, mask4 ratio: 0.81
2026-01-22 17:51:33,902 - root - INFO - mask1 ratio: 0.02, mask2 ratio: 0.11, mask3 ratio: 0.10, mask4 ratio: 0.78
2026-01-22 17:51:34,114 - root - INFO - mask1 ratio: 0.01, mask2 ratio: 0.04, mask3 ratio: 0.10, mask4 ratio: 0.85
2026-01-22 17:51:34,328 - root - INFO - mask1 ratio: 0.03, mask2 ratio: 0.19, mask3 ratio: 0.10, mask4 ratio: 0.69
2026-01-22 17:51:34,540 - root - INFO - mask1 ratio: 0.01, mask2 ratio: 0.04, mask3 ratio: 0.10, mask4 ratio: 0.85
2026-01-22 17:51:34,752 - root - INFO - mask1 ratio: 0.01, mask2 ratio: 0.05, mask3 ratio: 0.10, mask4 ratio: 0.84
2026-01-22 17:51:34,963 - root - INFO - mask1 ratio: 0.01, mask2 ratio: 0.05, mask3 ratio: 0.10, mask4 ratio: 0.84
2026-01-22 17:51:35,174 - root - INFO - mask1 ratio: 0.01, mask2 ratio: 0.04, mask3 ratio: 0.10, mask4 ratio: 0.85
2026-01-22 17:51:35,385 - root - INFO - mask1 ratio: 0.01, mask2 ratio: 0.04, mask3 ratio: 0.10, mask4 ratio: 0.85
2026-01-22 17:51:35,597 - root - INFO - mask1 ratio: 0.01, mask2 ratio: 0.04, mask3 ratio: 0.10, mask4 ratio: 0.85
2026-01-22 17:51:35,809 - root - INFO - mask1 ratio: 0.01, mask2 ratio: 0.04, mask3 ratio: 0.10, mask4 ratio: 0.85
2026-01-22 17:51:36,020 - root - INFO - mask1 ratio: 0.01, mask2 ratio: 0.03, mask3 ratio: 0.10, mask4 ratio: 0.86
2026-01-22 17:51:36,232 - root - INFO - mask1 ratio: 0.01, mask2 ratio: 0.02, mask3 ratio: 0.10, mask4 ratio: 0.87
2026-01-22 17:51:36,445 - root - INFO - mask1 ratio: 0.01, mask2 ratio: 0.05, mask3 ratio: 0.10, mask4 ratio: 0.84
2026-01-22 17:51:36,670 - root - INFO - mask1 ratio: 0.01, mask2 ratio: 0.06, mask3 ratio: 0.10, mask4 ratio: 0.83
2026-01-22 17:51:36,891 - root - INFO - mask1 ratio: 0.02, mask2 ratio: 0.15, mask3 ratio: 0.10, mask4 ratio: 0.73
2026-01-22 17:51:37,121 - root - INFO - mask1 ratio: 0.01, mask2 ratio: 0.02, mask3 ratio: 0.10, mask4 ratio: 0.87
2026-01-22 17:51:37,399 - root - INFO - mask1 ratio: 0.01, mask2 ratio: 0.03, mask3 ratio: 0.10, mask4 ratio: 0.87
2026-01-22 17:51:37,642 - root - INFO - mask1 ratio: 0.02, mask2 ratio: 0.08, mask3 ratio: 0.10, mask4 ratio: 0.81
2026-01-22 17:51:37,863 - root - INFO - mask1 ratio: 0.01, mask2 ratio: 0.03, mask3 ratio: 0.10, mask4 ratio: 0.86
2026-01-22 17:51:38,074 - root - INFO - mask1 ratio: 0.02, mask2 ratio: 0.10, mask3 ratio: 0.10, mask4 ratio: 0.78
2026-01-22 17:51:38,283 - root - INFO - mask1 ratio: 0.01, mask2 ratio: 0.02, mask3 ratio: 0.10, mask4 ratio: 0.87
2026-01-22 17:51:38,493 - root - INFO - mask1 ratio: 0.01, mask2 ratio: 0.02, mask3 ratio: 0.10, mask4 ratio: 0.87
2026-01-22 17:51:38,705 - root - INFO - mask1 ratio: 0.01, mask2 ratio: 0.03, mask3 ratio: 0.10, mask4 ratio: 0.86
2026-01-22 17:51:38,915 - root - INFO - mask1 ratio: 0.01, mask2 ratio: 0.04, mask3 ratio: 0.10, mask4 ratio: 0.85
2026-01-22 17:51:39,125 - root - INFO - mask1 ratio: 0.01, mask2 ratio: 0.03, mask3 ratio: 0.10, mask4 ratio: 0.86
2026-01-22 17:51:39,335 - root - INFO - mask1 ratio: 0.01, mask2 ratio: 0.04, mask3 ratio: 0.10, mask4 ratio: 0.85
2026-01-22 17:51:39,546 - root - INFO - mask1 ratio: 0.01, mask2 ratio: 0.05, mask3 ratio: 0.10, mask4 ratio: 0.84
2026-01-22 17:51:39,768 - root - INFO - mask1 ratio: 0.01, mask2 ratio: 0.09, mask3 ratio: 0.10, mask4 ratio: 0.80
2026-01-22 17:51:39,978 - root - INFO - mask1 ratio: 0.01, mask2 ratio: 0.03, mask3 ratio: 0.10, mask4 ratio: 0.87
2026-01-22 17:51:40,187 - root - INFO - mask1 ratio: 0.01, mask2 ratio: 0.04, mask3 ratio: 0.10, mask4 ratio: 0.85
2026-01-22 17:51:40,397 - root - INFO - mask1 ratio: 0.01, mask2 ratio: 0.03, mask3 ratio: 0.10, mask4 ratio: 0.86
2026-01-22 17:51:40,607 - root - INFO - mask1 ratio: 0.01, mask2 ratio: 0.04, mask3 ratio: 0.10, mask4 ratio: 0.85
2026-01-22 17:51:40,842 - root - INFO - mask1 ratio: 0.00, mask2 ratio: 0.03, mask3 ratio: 0.10, mask4 ratio: 0.86
2026-01-22 17:51:41,053 - root - INFO - mask1 ratio: 0.02, mask2 ratio: 0.09, mask3 ratio: 0.10, mask4 ratio: 0.79
2026-01-22 17:51:41,263 - root - INFO - mask1 ratio: 0.01, mask2 ratio: 0.02, mask3 ratio: 0.10, mask4 ratio: 0.87
2026-01-22 17:51:41,474 - root - INFO - mask1 ratio: 0.01, mask2 ratio: 0.06, mask3 ratio: 0.10, mask4 ratio: 0.82
2026-01-22 17:51:41,685 - root - INFO - mask1 ratio: 0.02, mask2 ratio: 0.14, mask3 ratio: 0.10, mask4 ratio: 0.74
2026-01-22 17:51:41,896 - root - INFO - mask1 ratio: 0.02, mask2 ratio: 0.06, mask3 ratio: 0.10, mask4 ratio: 0.82
2026-01-22 17:51:42,106 - root - INFO - mask1 ratio: 0.01, mask2 ratio: 0.05, mask3 ratio: 0.10, mask4 ratio: 0.84
2026-01-22 17:51:42,315 - root - INFO - mask1 ratio: 0.00, mask2 ratio: 0.02, mask3 ratio: 0.10, mask4 ratio: 0.88
2026-01-22 17:51:42,526 - root - INFO - mask1 ratio: 0.02, mask2 ratio: 0.12, mask3 ratio: 0.10, mask4 ratio: 0.77
2026-01-22 17:51:42,876 - root - INFO - mask1 ratio: 0.01, mask2 ratio: 0.02, mask3 ratio: 0.10, mask4 ratio: 0.87
2026-01-22 17:51:43,087 - root - INFO - mask1 ratio: 0.01, mask2 ratio: 0.03, mask3 ratio: 0.10, mask4 ratio: 0.86
2026-01-22 17:51:43,298 - root - INFO - mask1 ratio: 0.02, mask2 ratio: 0.10, mask3 ratio: 0.10, mask4 ratio: 0.78
2026-01-22 17:51:43,510 - root - INFO - mask1 ratio: 0.03, mask2 ratio: 0.30, mask3 ratio: 0.10, mask4 ratio: 0.57
2026-01-22 17:51:43,724 - root - INFO - mask1 ratio: 0.01, mask2 ratio: 0.04, mask3 ratio: 0.10, mask4 ratio: 0.85
2026-01-22 17:51:43,934 - root - INFO - mask1 ratio: 0.01, mask2 ratio: 0.02, mask3 ratio: 0.10, mask4 ratio: 0.87
2026-01-22 17:51:44,145 - root - INFO - mask1 ratio: 0.01, mask2 ratio: 0.02, mask3 ratio: 0.10, mask4 ratio: 0.88
2026-01-22 17:51:44,355 - root - INFO - mask1 ratio: 0.01, mask2 ratio: 0.04, mask3 ratio: 0.10, mask4 ratio: 0.85
2026-01-22 17:51:44,568 - root - INFO - mask1 ratio: 0.02, mask2 ratio: 0.08, mask3 ratio: 0.10, mask4 ratio: 0.80
2026-01-22 17:51:44,781 - root - INFO - mask1 ratio: 0.01, mask2 ratio: 0.03, mask3 ratio: 0.10, mask4 ratio: 0.86
2026-01-22 17:51:44,991 - root - INFO - mask1 ratio: 0.01, mask2 ratio: 0.02, mask3 ratio: 0.10, mask4 ratio: 0.87
2026-01-22 17:51:45,018 - root - INFO - time 17.51
2026-01-22 17:51:47,308 - root - INFO - 25 self_attn.k_proj
2026-01-22 17:51:47,308 - root - INFO - Quantizing ...
2026-01-22 17:51:47,942 - root - INFO - mask1 ratio: 0.01, mask2 ratio: 0.03, mask3 ratio: 0.10, mask4 ratio: 0.86
2026-01-22 17:51:48,155 - root - INFO - mask1 ratio: 0.01, mask2 ratio: 0.02, mask3 ratio: 0.10, mask4 ratio: 0.88
2026-01-22 17:51:48,366 - root - INFO - mask1 ratio: 0.01, mask2 ratio: 0.00, mask3 ratio: 0.10, mask4 ratio: 0.88
2026-01-22 17:51:48,577 - root - INFO - mask1 ratio: 0.02, mask2 ratio: 0.09, mask3 ratio: 0.10, mask4 ratio: 0.79
2026-01-22 17:51:48,791 - root - INFO - mask1 ratio: 0.02, mask2 ratio: 0.08, mask3 ratio: 0.10, mask4 ratio: 0.80
2026-01-22 17:51:49,003 - root - INFO - mask1 ratio: 0.02, mask2 ratio: 0.08, mask3 ratio: 0.10, mask4 ratio: 0.81
2026-01-22 17:51:49,224 - root - INFO - mask1 ratio: 0.01, mask2 ratio: 0.06, mask3 ratio: 0.10, mask4 ratio: 0.83
2026-01-22 17:51:49,448 - root - INFO - mask1 ratio: 0.02, mask2 ratio: 0.07, mask3 ratio: 0.10, mask4 ratio: 0.81
2026-01-22 17:51:49,668 - root - INFO - mask1 ratio: 0.00, mask2 ratio: 0.02, mask3 ratio: 0.10, mask4 ratio: 0.88
2026-01-22 17:51:49,888 - root - INFO - mask1 ratio: 0.03, mask2 ratio: 0.22, mask3 ratio: 0.10, mask4 ratio: 0.65
2026-01-22 17:51:50,110 - root - INFO - mask1 ratio: 0.02, mask2 ratio: 0.09, mask3 ratio: 0.10, mask4 ratio: 0.79
2026-01-22 17:51:50,399 - root - INFO - mask1 ratio: 0.01, mask2 ratio: 0.00, mask3 ratio: 0.10, mask4 ratio: 0.88
2026-01-22 17:51:50,631 - root - INFO - mask1 ratio: 0.00, mask2 ratio: 0.02, mask3 ratio: 0.10, mask4 ratio: 0.88
2026-01-22 17:51:50,841 - root - INFO - mask1 ratio: 0.01, mask2 ratio: 0.02, mask3 ratio: 0.10, mask4 ratio: 0.88
2026-01-22 17:51:51,051 - root - INFO - mask1 ratio: 0.01, mask2 ratio: 0.02, mask3 ratio: 0.10, mask4 ratio: 0.87
2026-01-22 17:51:51,261 - root - INFO - mask1 ratio: 0.01, mask2 ratio: 0.03, mask3 ratio: 0.11, mask4 ratio: 0.85
2026-01-22 17:51:51,472 - root - INFO - mask1 ratio: 0.01, mask2 ratio: 0.06, mask3 ratio: 0.10, mask4 ratio: 0.82
2026-01-22 17:51:51,692 - root - INFO - mask1 ratio: 0.01, mask2 ratio: 0.02, mask3 ratio: 0.10, mask4 ratio: 0.87
2026-01-22 17:51:51,902 - root - INFO - mask1 ratio: 0.01, mask2 ratio: 0.02, mask3 ratio: 0.10, mask4 ratio: 0.87
2026-01-22 17:51:52,113 - root - INFO - mask1 ratio: 0.01, mask2 ratio: 0.00, mask3 ratio: 0.10, mask4 ratio: 0.88
2026-01-22 17:51:52,139 - root - INFO - time 4.83
2026-01-22 17:51:52,149 - root - INFO - 25 self_attn.v_proj
2026-01-22 17:51:52,149 - root - INFO - Quantizing ...
2026-01-22 17:51:52,342 - root - INFO - mask1 ratio: 0.02, mask2 ratio: 0.20, mask3 ratio: 0.10, mask4 ratio: 0.67
2026-01-22 17:51:52,551 - root - INFO - mask1 ratio: 0.02, mask2 ratio: 0.09, mask3 ratio: 0.10, mask4 ratio: 0.80
2026-01-22 17:51:52,761 - root - INFO - mask1 ratio: 0.02, mask2 ratio: 0.10, mask3 ratio: 0.10, mask4 ratio: 0.78
2026-01-22 17:51:52,971 - root - INFO - mask1 ratio: 0.01, mask2 ratio: 0.06, mask3 ratio: 0.10, mask4 ratio: 0.82
2026-01-22 17:51:53,182 - root - INFO - mask1 ratio: 0.02, mask2 ratio: 0.11, mask3 ratio: 0.10, mask4 ratio: 0.77
2026-01-22 17:51:53,391 - root - INFO - mask1 ratio: 0.02, mask2 ratio: 0.12, mask3 ratio: 0.10, mask4 ratio: 0.76
2026-01-22 17:51:53,602 - root - INFO - mask1 ratio: 0.03, mask2 ratio: 0.26, mask3 ratio: 0.10, mask4 ratio: 0.60
2026-01-22 17:51:53,811 - root - INFO - mask1 ratio: 0.03, mask2 ratio: 0.22, mask3 ratio: 0.10, mask4 ratio: 0.65
2026-01-22 17:51:54,023 - root - INFO - mask1 ratio: 0.03, mask2 ratio: 0.19, mask3 ratio: 0.10, mask4 ratio: 0.69
2026-01-22 17:51:54,234 - root - INFO - mask1 ratio: 0.03, mask2 ratio: 0.19, mask3 ratio: 0.10, mask4 ratio: 0.69
2026-01-22 17:51:54,445 - root - INFO - mask1 ratio: 0.03, mask2 ratio: 0.25, mask3 ratio: 0.10, mask4 ratio: 0.62
2026-01-22 17:51:54,655 - root - INFO - mask1 ratio: 0.04, mask2 ratio: 0.32, mask3 ratio: 0.10, mask4 ratio: 0.55
2026-01-22 17:51:54,865 - root - INFO - mask1 ratio: 0.02, mask2 ratio: 0.12, mask3 ratio: 0.10, mask4 ratio: 0.76
2026-01-22 17:51:55,077 - root - INFO - mask1 ratio: 0.01, mask2 ratio: 0.04, mask3 ratio: 0.10, mask4 ratio: 0.85
2026-01-22 17:51:55,287 - root - INFO - mask1 ratio: 0.02, mask2 ratio: 0.12, mask3 ratio: 0.10, mask4 ratio: 0.76
2026-01-22 17:51:55,529 - root - INFO - mask1 ratio: 0.03, mask2 ratio: 0.17, mask3 ratio: 0.10, mask4 ratio: 0.70
2026-01-22 17:51:55,842 - root - INFO - mask1 ratio: 0.01, mask2 ratio: 0.05, mask3 ratio: 0.10, mask4 ratio: 0.84
2026-01-22 17:51:56,056 - root - INFO - mask1 ratio: 0.01, mask2 ratio: 0.08, mask3 ratio: 0.10, mask4 ratio: 0.81
2026-01-22 17:51:56,268 - root - INFO - mask1 ratio: 0.02, mask2 ratio: 0.10, mask3 ratio: 0.10, mask4 ratio: 0.78
2026-01-22 17:51:56,483 - root - INFO - mask1 ratio: 0.01, mask2 ratio: 0.03, mask3 ratio: 0.10, mask4 ratio: 0.87
2026-01-22 17:51:56,509 - root - INFO - time 4.36
2026-01-22 17:51:56,512 - root - INFO - 25 self_attn.q_proj
2026-01-22 17:51:56,512 - root - INFO - Quantizing ...
2026-01-22 17:51:56,704 - root - INFO - mask1 ratio: 0.03, mask2 ratio: 0.17, mask3 ratio: 0.10, mask4 ratio: 0.70
2026-01-22 17:51:56,914 - root - INFO - mask1 ratio: 0.03, mask2 ratio: 0.22, mask3 ratio: 0.10, mask4 ratio: 0.64
2026-01-22 17:51:57,130 - root - INFO - mask1 ratio: 0.01, mask2 ratio: 0.03, mask3 ratio: 0.11, mask4 ratio: 0.86
2026-01-22 17:51:57,343 - root - INFO - mask1 ratio: 0.03, mask2 ratio: 0.17, mask3 ratio: 0.10, mask4 ratio: 0.70
2026-01-22 17:51:57,557 - root - INFO - mask1 ratio: 0.04, mask2 ratio: 0.32, mask3 ratio: 0.10, mask4 ratio: 0.53
2026-01-22 17:51:57,769 - root - INFO - mask1 ratio: 0.02, mask2 ratio: 0.10, mask3 ratio: 0.10, mask4 ratio: 0.78
2026-01-22 17:51:57,985 - root - INFO - mask1 ratio: 0.03, mask2 ratio: 0.18, mask3 ratio: 0.10, mask4 ratio: 0.69
2026-01-22 17:51:58,196 - root - INFO - mask1 ratio: 0.02, mask2 ratio: 0.15, mask3 ratio: 0.10, mask4 ratio: 0.73
2026-01-22 17:51:58,407 - root - INFO - mask1 ratio: 0.01, mask2 ratio: 0.03, mask3 ratio: 0.11, mask4 ratio: 0.86
2026-01-22 17:51:58,619 - root - INFO - mask1 ratio: 0.03, mask2 ratio: 0.19, mask3 ratio: 0.10, mask4 ratio: 0.67
2026-01-22 17:51:58,829 - root - INFO - mask1 ratio: 0.03, mask2 ratio: 0.22, mask3 ratio: 0.10, mask4 ratio: 0.65
2026-01-22 17:51:59,040 - root - INFO - mask1 ratio: 0.01, mask2 ratio: 0.00, mask3 ratio: 0.10, mask4 ratio: 0.88
2026-01-22 17:51:59,251 - root - INFO - mask1 ratio: 0.01, mask2 ratio: 0.02, mask3 ratio: 0.10, mask4 ratio: 0.88
2026-01-22 17:51:59,461 - root - INFO - mask1 ratio: 0.01, mask2 ratio: 0.02, mask3 ratio: 0.11, mask4 ratio: 0.86
2026-01-22 17:51:59,671 - root - INFO - mask1 ratio: 0.01, mask2 ratio: 0.05, mask3 ratio: 0.10, mask4 ratio: 0.84
2026-01-22 17:51:59,881 - root - INFO - mask1 ratio: 0.01, mask2 ratio: 0.06, mask3 ratio: 0.10, mask4 ratio: 0.83
2026-01-22 17:52:00,093 - root - INFO - mask1 ratio: 0.02, mask2 ratio: 0.10, mask3 ratio: 0.10, mask4 ratio: 0.78
2026-01-22 17:52:00,306 - root - INFO - mask1 ratio: 0.01, mask2 ratio: 0.03, mask3 ratio: 0.10, mask4 ratio: 0.87
2026-01-22 17:52:00,518 - root - INFO - mask1 ratio: 0.01, mask2 ratio: 0.04, mask3 ratio: 0.10, mask4 ratio: 0.85
2026-01-22 17:52:00,728 - root - INFO - mask1 ratio: 0.01, mask2 ratio: 0.02, mask3 ratio: 0.10, mask4 ratio: 0.88
2026-01-22 17:52:00,754 - root - INFO - time 4.24
2026-01-22 17:52:00,757 - root - INFO - 25 self_attn.out_proj
2026-01-22 17:52:00,757 - root - INFO - Quantizing ...
2026-01-22 17:52:01,016 - root - INFO - mask1 ratio: 0.04, mask2 ratio: 0.34, mask3 ratio: 0.10, mask4 ratio: 0.52
2026-01-22 17:52:01,245 - root - INFO - mask1 ratio: 0.02, mask2 ratio: 0.11, mask3 ratio: 0.10, mask4 ratio: 0.77
2026-01-22 17:52:01,455 - root - INFO - mask1 ratio: 0.01, mask2 ratio: 0.03, mask3 ratio: 0.10, mask4 ratio: 0.86
2026-01-22 17:52:01,667 - root - INFO - mask1 ratio: 0.01, mask2 ratio: 0.03, mask3 ratio: 0.10, mask4 ratio: 0.86
2026-01-22 17:52:01,887 - root - INFO - mask1 ratio: 0.04, mask2 ratio: 0.34, mask3 ratio: 0.10, mask4 ratio: 0.53
2026-01-22 17:52:02,098 - root - INFO - mask1 ratio: 0.04, mask2 ratio: 0.34, mask3 ratio: 0.10, mask4 ratio: 0.52
2026-01-22 17:52:02,308 - root - INFO - mask1 ratio: 0.04, mask2 ratio: 0.34, mask3 ratio: 0.10, mask4 ratio: 0.52
2026-01-22 17:52:02,518 - root - INFO - mask1 ratio: 0.00, mask2 ratio: 0.02, mask3 ratio: 0.10, mask4 ratio: 0.88
2026-01-22 17:52:02,733 - root - INFO - mask1 ratio: 0.04, mask2 ratio: 0.28, mask3 ratio: 0.10, mask4 ratio: 0.58
2026-01-22 17:52:02,955 - root - INFO - mask1 ratio: 0.02, mask2 ratio: 0.12, mask3 ratio: 0.10, mask4 ratio: 0.75
2026-01-22 17:52:03,182 - root - INFO - mask1 ratio: 0.04, mask2 ratio: 0.33, mask3 ratio: 0.10, mask4 ratio: 0.53
2026-01-22 17:52:03,406 - root - INFO - mask1 ratio: 0.02, mask2 ratio: 0.14, mask3 ratio: 0.10, mask4 ratio: 0.74
2026-01-22 17:52:03,617 - root - INFO - mask1 ratio: 0.04, mask2 ratio: 0.33, mask3 ratio: 0.10, mask4 ratio: 0.53
2026-01-22 17:52:03,827 - root - INFO - mask1 ratio: 0.02, mask2 ratio: 0.10, mask3 ratio: 0.10, mask4 ratio: 0.78
2026-01-22 17:52:04,036 - root - INFO - mask1 ratio: 0.04, mask2 ratio: 0.34, mask3 ratio: 0.10, mask4 ratio: 0.52
2026-01-22 17:52:04,248 - root - INFO - mask1 ratio: 0.02, mask2 ratio: 0.10, mask3 ratio: 0.10, mask4 ratio: 0.78
2026-01-22 17:52:04,458 - root - INFO - mask1 ratio: 0.01, mask2 ratio: 0.04, mask3 ratio: 0.10, mask4 ratio: 0.85
2026-01-22 17:52:04,621 - root - INFO - mask1 ratio: 0.04, mask2 ratio: 0.34, mask3 ratio: 0.10, mask4 ratio: 0.52
2026-01-22 17:52:04,832 - root - INFO - mask1 ratio: 0.04, mask2 ratio: 0.30, mask3 ratio: 0.10, mask4 ratio: 0.56
2026-01-22 17:52:05,043 - root - INFO - mask1 ratio: 0.02, mask2 ratio: 0.08, mask3 ratio: 0.10, mask4 ratio: 0.81
2026-01-22 17:52:05,070 - root - INFO - time 4.31
2026-01-22 17:52:05,073 - root - INFO - 25 fc1
2026-01-22 17:52:05,073 - root - INFO - Quantizing ...
2026-01-22 17:52:05,337 - root - INFO - mask1 ratio: 0.03, mask2 ratio: 0.21, mask3 ratio: 0.10, mask4 ratio: 0.66
2026-01-22 17:52:05,623 - root - INFO - mask1 ratio: 0.02, mask2 ratio: 0.12, mask3 ratio: 0.10, mask4 ratio: 0.76
2026-01-22 17:52:05,911 - root - INFO - mask1 ratio: 0.02, mask2 ratio: 0.16, mask3 ratio: 0.10, mask4 ratio: 0.71
2026-01-22 17:52:06,246 - root - INFO - mask1 ratio: 0.02, mask2 ratio: 0.09, mask3 ratio: 0.10, mask4 ratio: 0.79
2026-01-22 17:52:06,606 - root - INFO - mask1 ratio: 0.02, mask2 ratio: 0.11, mask3 ratio: 0.10, mask4 ratio: 0.77
2026-01-22 17:52:06,893 - root - INFO - mask1 ratio: 0.03, mask2 ratio: 0.21, mask3 ratio: 0.10, mask4 ratio: 0.66
2026-01-22 17:52:07,178 - root - INFO - mask1 ratio: 0.02, mask2 ratio: 0.08, mask3 ratio: 0.10, mask4 ratio: 0.81
2026-01-22 17:52:07,466 - root - INFO - mask1 ratio: 0.02, mask2 ratio: 0.13, mask3 ratio: 0.10, mask4 ratio: 0.75
2026-01-22 17:52:07,753 - root - INFO - mask1 ratio: 0.03, mask2 ratio: 0.24, mask3 ratio: 0.10, mask4 ratio: 0.63
2026-01-22 17:52:08,039 - root - INFO - mask1 ratio: 0.03, mask2 ratio: 0.26, mask3 ratio: 0.10, mask4 ratio: 0.61
2026-01-22 17:52:08,326 - root - INFO - mask1 ratio: 0.02, mask2 ratio: 0.13, mask3 ratio: 0.10, mask4 ratio: 0.75
2026-01-22 17:52:08,611 - root - INFO - mask1 ratio: 0.01, mask2 ratio: 0.03, mask3 ratio: 0.10, mask4 ratio: 0.87
2026-01-22 17:52:08,896 - root - INFO - mask1 ratio: 0.01, mask2 ratio: 0.04, mask3 ratio: 0.10, mask4 ratio: 0.85
2026-01-22 17:52:09,180 - root - INFO - mask1 ratio: 0.01, mask2 ratio: 0.05, mask3 ratio: 0.10, mask4 ratio: 0.84
2026-01-22 17:52:09,467 - root - INFO - mask1 ratio: 0.02, mask2 ratio: 0.09, mask3 ratio: 0.10, mask4 ratio: 0.80
2026-01-22 17:52:09,755 - root - INFO - mask1 ratio: 0.02, mask2 ratio: 0.14, mask3 ratio: 0.10, mask4 ratio: 0.74
2026-01-22 17:52:10,040 - root - INFO - mask1 ratio: 0.01, mask2 ratio: 0.06, mask3 ratio: 0.10, mask4 ratio: 0.82
2026-01-22 17:52:10,325 - root - INFO - mask1 ratio: 0.01, mask2 ratio: 0.05, mask3 ratio: 0.10, mask4 ratio: 0.84
2026-01-22 17:52:10,614 - root - INFO - mask1 ratio: 0.01, mask2 ratio: 0.06, mask3 ratio: 0.10, mask4 ratio: 0.83
2026-01-22 17:52:10,933 - root - INFO - mask1 ratio: 0.01, mask2 ratio: 0.02, mask3 ratio: 0.10, mask4 ratio: 0.87
2026-01-22 17:52:10,979 - root - INFO - time 5.91
2026-01-22 17:52:10,989 - root - INFO - 25 fc2
2026-01-22 17:52:10,989 - root - INFO - Quantizing ...
2026-01-22 17:52:11,330 - root - INFO - mask1 ratio: 0.02, mask2 ratio: 0.11, mask3 ratio: 0.10, mask4 ratio: 0.77
2026-01-22 17:52:11,543 - root - INFO - mask1 ratio: 0.01, mask2 ratio: 0.07, mask3 ratio: 0.10, mask4 ratio: 0.82
2026-01-22 17:52:11,755 - root - INFO - mask1 ratio: 0.04, mask2 ratio: 0.29, mask3 ratio: 0.10, mask4 ratio: 0.58
2026-01-22 17:52:11,965 - root - INFO - mask1 ratio: 0.02, mask2 ratio: 0.08, mask3 ratio: 0.10, mask4 ratio: 0.81
2026-01-22 17:52:12,177 - root - INFO - mask1 ratio: 0.01, mask2 ratio: 0.04, mask3 ratio: 0.10, mask4 ratio: 0.85
2026-01-22 17:52:12,388 - root - INFO - mask1 ratio: 0.01, mask2 ratio: 0.04, mask3 ratio: 0.10, mask4 ratio: 0.85
2026-01-22 17:52:12,612 - root - INFO - mask1 ratio: 0.01, mask2 ratio: 0.04, mask3 ratio: 0.10, mask4 ratio: 0.85
2026-01-22 17:52:12,825 - root - INFO - mask1 ratio: 0.02, mask2 ratio: 0.12, mask3 ratio: 0.10, mask4 ratio: 0.77
2026-01-22 17:52:13,036 - root - INFO - mask1 ratio: 0.01, mask2 ratio: 0.04, mask3 ratio: 0.10, mask4 ratio: 0.85
2026-01-22 17:52:13,248 - root - INFO - mask1 ratio: 0.02, mask2 ratio: 0.09, mask3 ratio: 0.10, mask4 ratio: 0.80
2026-01-22 17:52:13,459 - root - INFO - mask1 ratio: 0.01, mask2 ratio: 0.04, mask3 ratio: 0.10, mask4 ratio: 0.85
2026-01-22 17:52:13,695 - root - INFO - mask1 ratio: 0.02, mask2 ratio: 0.08, mask3 ratio: 0.10, mask4 ratio: 0.80
2026-01-22 17:52:13,908 - root - INFO - mask1 ratio: 0.01, mask2 ratio: 0.02, mask3 ratio: 0.10, mask4 ratio: 0.87
2026-01-22 17:52:14,119 - root - INFO - mask1 ratio: 0.01, mask2 ratio: 0.04, mask3 ratio: 0.10, mask4 ratio: 0.85
2026-01-22 17:52:14,330 - root - INFO - mask1 ratio: 0.02, mask2 ratio: 0.07, mask3 ratio: 0.10, mask4 ratio: 0.81
2026-01-22 17:52:14,540 - root - INFO - mask1 ratio: 0.01, mask2 ratio: 0.02, mask3 ratio: 0.10, mask4 ratio: 0.87
2026-01-22 17:52:14,752 - root - INFO - mask1 ratio: 0.01, mask2 ratio: 0.04, mask3 ratio: 0.10, mask4 ratio: 0.85
2026-01-22 17:52:14,963 - root - INFO - mask1 ratio: 0.02, mask2 ratio: 0.05, mask3 ratio: 0.10, mask4 ratio: 0.83
2026-01-22 17:52:15,174 - root - INFO - mask1 ratio: 0.01, mask2 ratio: 0.05, mask3 ratio: 0.10, mask4 ratio: 0.84
2026-01-22 17:52:15,384 - root - INFO - mask1 ratio: 0.01, mask2 ratio: 0.05, mask3 ratio: 0.10, mask4 ratio: 0.84
2026-01-22 17:52:15,595 - root - INFO - mask1 ratio: 0.02, mask2 ratio: 0.06, mask3 ratio: 0.10, mask4 ratio: 0.82
2026-01-22 17:52:15,809 - root - INFO - mask1 ratio: 0.01, mask2 ratio: 0.05, mask3 ratio: 0.10, mask4 ratio: 0.84
2026-01-22 17:52:16,021 - root - INFO - mask1 ratio: 0.02, mask2 ratio: 0.07, mask3 ratio: 0.10, mask4 ratio: 0.81
2026-01-22 17:52:16,262 - root - INFO - mask1 ratio: 0.01, mask2 ratio: 0.05, mask3 ratio: 0.10, mask4 ratio: 0.84
2026-01-22 17:52:16,578 - root - INFO - mask1 ratio: 0.01, mask2 ratio: 0.04, mask3 ratio: 0.10, mask4 ratio: 0.85
2026-01-22 17:52:16,799 - root - INFO - mask1 ratio: 0.02, mask2 ratio: 0.07, mask3 ratio: 0.10, mask4 ratio: 0.81
2026-01-22 17:52:17,019 - root - INFO - mask1 ratio: 0.01, mask2 ratio: 0.04, mask3 ratio: 0.10, mask4 ratio: 0.85
2026-01-22 17:52:17,237 - root - INFO - mask1 ratio: 0.01, mask2 ratio: 0.04, mask3 ratio: 0.10, mask4 ratio: 0.85
2026-01-22 17:52:17,486 - root - INFO - mask1 ratio: 0.01, mask2 ratio: 0.04, mask3 ratio: 0.10, mask4 ratio: 0.85
2026-01-22 17:52:17,716 - root - INFO - mask1 ratio: 0.02, mask2 ratio: 0.17, mask3 ratio: 0.10, mask4 ratio: 0.71
2026-01-22 17:52:17,957 - root - INFO - mask1 ratio: 0.01, mask2 ratio: 0.04, mask3 ratio: 0.10, mask4 ratio: 0.85
2026-01-22 17:52:18,182 - root - INFO - mask1 ratio: 0.02, mask2 ratio: 0.14, mask3 ratio: 0.10, mask4 ratio: 0.74
2026-01-22 17:52:18,403 - root - INFO - mask1 ratio: 0.01, mask2 ratio: 0.03, mask3 ratio: 0.10, mask4 ratio: 0.87
2026-01-22 17:52:18,623 - root - INFO - mask1 ratio: 0.01, mask2 ratio: 0.04, mask3 ratio: 0.10, mask4 ratio: 0.85
2026-01-22 17:52:18,857 - root - INFO - mask1 ratio: 0.01, mask2 ratio: 0.05, mask3 ratio: 0.10, mask4 ratio: 0.84
2026-01-22 17:52:19,071 - root - INFO - mask1 ratio: 0.01, mask2 ratio: 0.03, mask3 ratio: 0.10, mask4 ratio: 0.85
2026-01-22 17:52:19,289 - root - INFO - mask1 ratio: 0.01, mask2 ratio: 0.02, mask3 ratio: 0.10, mask4 ratio: 0.87
2026-01-22 17:52:19,510 - root - INFO - mask1 ratio: 0.01, mask2 ratio: 0.06, mask3 ratio: 0.10, mask4 ratio: 0.82
2026-01-22 17:52:19,726 - root - INFO - mask1 ratio: 0.01, mask2 ratio: 0.06, mask3 ratio: 0.10, mask4 ratio: 0.83
2026-01-22 17:52:19,947 - root - INFO - mask1 ratio: 0.01, mask2 ratio: 0.02, mask3 ratio: 0.10, mask4 ratio: 0.87
2026-01-22 17:52:20,184 - root - INFO - mask1 ratio: 0.01, mask2 ratio: 0.04, mask3 ratio: 0.10, mask4 ratio: 0.85
2026-01-22 17:52:20,441 - root - INFO - mask1 ratio: 0.02, mask2 ratio: 0.07, mask3 ratio: 0.10, mask4 ratio: 0.81
2026-01-22 17:52:20,660 - root - INFO - mask1 ratio: 0.01, mask2 ratio: 0.03, mask3 ratio: 0.10, mask4 ratio: 0.86
2026-01-22 17:52:20,881 - root - INFO - mask1 ratio: 0.01, mask2 ratio: 0.04, mask3 ratio: 0.10, mask4 ratio: 0.85
2026-01-22 17:52:21,104 - root - INFO - mask1 ratio: 0.01, mask2 ratio: 0.04, mask3 ratio: 0.10, mask4 ratio: 0.85
2026-01-22 17:52:21,330 - root - INFO - mask1 ratio: 0.02, mask2 ratio: 0.07, mask3 ratio: 0.10, mask4 ratio: 0.81
2026-01-22 17:52:21,548 - root - INFO - mask1 ratio: 0.01, mask2 ratio: 0.03, mask3 ratio: 0.10, mask4 ratio: 0.86
2026-01-22 17:52:21,842 - root - INFO - mask1 ratio: 0.01, mask2 ratio: 0.02, mask3 ratio: 0.10, mask4 ratio: 0.88
2026-01-22 17:52:22,073 - root - INFO - mask1 ratio: 0.01, mask2 ratio: 0.04, mask3 ratio: 0.10, mask4 ratio: 0.85
2026-01-22 17:52:22,286 - root - INFO - mask1 ratio: 0.01, mask2 ratio: 0.04, mask3 ratio: 0.10, mask4 ratio: 0.85
2026-01-22 17:52:22,508 - root - INFO - mask1 ratio: 0.01, mask2 ratio: 0.02, mask3 ratio: 0.10, mask4 ratio: 0.87
2026-01-22 17:52:22,740 - root - INFO - mask1 ratio: 0.01, mask2 ratio: 0.05, mask3 ratio: 0.10, mask4 ratio: 0.84
2026-01-22 17:52:22,959 - root - INFO - mask1 ratio: 0.01, mask2 ratio: 0.03, mask3 ratio: 0.10, mask4 ratio: 0.86
2026-01-22 17:52:23,187 - root - INFO - mask1 ratio: 0.01, mask2 ratio: 0.04, mask3 ratio: 0.10, mask4 ratio: 0.85
2026-01-22 17:52:23,411 - root - INFO - mask1 ratio: 0.01, mask2 ratio: 0.04, mask3 ratio: 0.10, mask4 ratio: 0.85
2026-01-22 17:52:23,629 - root - INFO - mask1 ratio: 0.01, mask2 ratio: 0.06, mask3 ratio: 0.10, mask4 ratio: 0.83
2026-01-22 17:52:23,873 - root - INFO - mask1 ratio: 0.01, mask2 ratio: 0.03, mask3 ratio: 0.10, mask4 ratio: 0.87
2026-01-22 17:52:24,087 - root - INFO - mask1 ratio: 0.00, mask2 ratio: 0.03, mask3 ratio: 0.10, mask4 ratio: 0.87
2026-01-22 17:52:24,298 - root - INFO - mask1 ratio: 0.01, mask2 ratio: 0.04, mask3 ratio: 0.10, mask4 ratio: 0.85
2026-01-22 17:52:24,507 - root - INFO - mask1 ratio: 0.01, mask2 ratio: 0.03, mask3 ratio: 0.10, mask4 ratio: 0.86
2026-01-22 17:52:24,718 - root - INFO - mask1 ratio: 0.01, mask2 ratio: 0.05, mask3 ratio: 0.10, mask4 ratio: 0.84
2026-01-22 17:52:24,932 - root - INFO - mask1 ratio: 0.01, mask2 ratio: 0.03, mask3 ratio: 0.10, mask4 ratio: 0.87
2026-01-22 17:52:25,143 - root - INFO - mask1 ratio: 0.01, mask2 ratio: 0.06, mask3 ratio: 0.10, mask4 ratio: 0.83
2026-01-22 17:52:25,353 - root - INFO - mask1 ratio: 0.01, mask2 ratio: 0.03, mask3 ratio: 0.10, mask4 ratio: 0.86
2026-01-22 17:52:25,563 - root - INFO - mask1 ratio: 0.02, mask2 ratio: 0.08, mask3 ratio: 0.10, mask4 ratio: 0.81
2026-01-22 17:52:25,773 - root - INFO - mask1 ratio: 0.01, mask2 ratio: 0.05, mask3 ratio: 0.10, mask4 ratio: 0.84
2026-01-22 17:52:25,984 - root - INFO - mask1 ratio: 0.01, mask2 ratio: 0.03, mask3 ratio: 0.10, mask4 ratio: 0.86
2026-01-22 17:52:26,201 - root - INFO - mask1 ratio: 0.01, mask2 ratio: 0.04, mask3 ratio: 0.10, mask4 ratio: 0.85
2026-01-22 17:52:26,414 - root - INFO - mask1 ratio: 0.01, mask2 ratio: 0.02, mask3 ratio: 0.10, mask4 ratio: 0.87
2026-01-22 17:52:26,625 - root - INFO - mask1 ratio: 0.01, mask2 ratio: 0.02, mask3 ratio: 0.10, mask4 ratio: 0.87
2026-01-22 17:52:26,837 - root - INFO - mask1 ratio: 0.01, mask2 ratio: 0.04, mask3 ratio: 0.10, mask4 ratio: 0.85
2026-01-22 17:52:27,094 - root - INFO - mask1 ratio: 0.02, mask2 ratio: 0.08, mask3 ratio: 0.10, mask4 ratio: 0.81
2026-01-22 17:52:27,388 - root - INFO - mask1 ratio: 0.02, mask2 ratio: 0.03, mask3 ratio: 0.10, mask4 ratio: 0.85
2026-01-22 17:52:27,599 - root - INFO - mask1 ratio: 0.02, mask2 ratio: 0.10, mask3 ratio: 0.10, mask4 ratio: 0.78
2026-01-22 17:52:27,809 - root - INFO - mask1 ratio: 0.01, mask2 ratio: 0.02, mask3 ratio: 0.10, mask4 ratio: 0.87
2026-01-22 17:52:28,020 - root - INFO - mask1 ratio: 0.01, mask2 ratio: 0.06, mask3 ratio: 0.10, mask4 ratio: 0.82
2026-01-22 17:52:28,234 - root - INFO - mask1 ratio: 0.01, mask2 ratio: 0.10, mask3 ratio: 0.10, mask4 ratio: 0.79
2026-01-22 17:52:28,445 - root - INFO - mask1 ratio: 0.01, mask2 ratio: 0.04, mask3 ratio: 0.10, mask4 ratio: 0.85
2026-01-22 17:52:28,656 - root - INFO - mask1 ratio: 0.01, mask2 ratio: 0.03, mask3 ratio: 0.10, mask4 ratio: 0.86
2026-01-22 17:52:28,866 - root - INFO - mask1 ratio: 0.01, mask2 ratio: 0.03, mask3 ratio: 0.10, mask4 ratio: 0.86
2026-01-22 17:52:28,892 - root - INFO - time 17.90
2026-01-22 17:52:31,186 - root - INFO - 26 self_attn.k_proj
2026-01-22 17:52:31,186 - root - INFO - Quantizing ...
2026-01-22 17:52:31,829 - root - INFO - mask1 ratio: 0.01, mask2 ratio: 0.03, mask3 ratio: 0.10, mask4 ratio: 0.86
2026-01-22 17:52:32,040 - root - INFO - mask1 ratio: 0.01, mask2 ratio: 0.02, mask3 ratio: 0.10, mask4 ratio: 0.88
2026-01-22 17:52:32,252 - root - INFO - mask1 ratio: 0.01, mask2 ratio: 0.00, mask3 ratio: 0.10, mask4 ratio: 0.88
2026-01-22 17:52:32,465 - root - INFO - mask1 ratio: 0.01, mask2 ratio: 0.06, mask3 ratio: 0.10, mask4 ratio: 0.83
2026-01-22 17:52:32,676 - root - INFO - mask1 ratio: 0.04, mask2 ratio: 0.25, mask3 ratio: 0.10, mask4 ratio: 0.61
2026-01-22 17:52:32,887 - root - INFO - mask1 ratio: 0.01, mask2 ratio: 0.05, mask3 ratio: 0.10, mask4 ratio: 0.84
2026-01-22 17:52:33,097 - root - INFO - mask1 ratio: 0.02, mask2 ratio: 0.08, mask3 ratio: 0.10, mask4 ratio: 0.80
2026-01-22 17:52:33,309 - root - INFO - mask1 ratio: 0.01, mask2 ratio: 0.04, mask3 ratio: 0.10, mask4 ratio: 0.85
2026-01-22 17:52:33,519 - root - INFO - mask1 ratio: 0.00, mask2 ratio: 0.02, mask3 ratio: 0.10, mask4 ratio: 0.88
2026-01-22 17:52:33,730 - root - INFO - mask1 ratio: 0.02, mask2 ratio: 0.10, mask3 ratio: 0.10, mask4 ratio: 0.78
2026-01-22 17:52:33,941 - root - INFO - mask1 ratio: 0.03, mask2 ratio: 0.18, mask3 ratio: 0.10, mask4 ratio: 0.69
2026-01-22 17:52:34,153 - root - INFO - mask1 ratio: 0.01, mask2 ratio: 0.02, mask3 ratio: 0.10, mask4 ratio: 0.88
2026-01-22 17:52:34,364 - root - INFO - mask1 ratio: 0.00, mask2 ratio: 0.02, mask3 ratio: 0.10, mask4 ratio: 0.88
2026-01-22 17:52:34,574 - root - INFO - mask1 ratio: 0.00, mask2 ratio: 0.02, mask3 ratio: 0.11, mask4 ratio: 0.87
2026-01-22 17:52:34,876 - root - INFO - mask1 ratio: 0.01, mask2 ratio: 0.02, mask3 ratio: 0.10, mask4 ratio: 0.87
2026-01-22 17:52:35,086 - root - INFO - mask1 ratio: 0.01, mask2 ratio: 0.04, mask3 ratio: 0.10, mask4 ratio: 0.85
2026-01-22 17:52:35,297 - root - INFO - mask1 ratio: 0.02, mask2 ratio: 0.07, mask3 ratio: 0.10, mask4 ratio: 0.81
2026-01-22 17:52:35,507 - root - INFO - mask1 ratio: 0.01, mask2 ratio: 0.02, mask3 ratio: 0.10, mask4 ratio: 0.87
2026-01-22 17:52:35,717 - root - INFO - mask1 ratio: 0.01, mask2 ratio: 0.03, mask3 ratio: 0.10, mask4 ratio: 0.86
2026-01-22 17:52:35,926 - root - INFO - mask1 ratio: 0.01, mask2 ratio: 0.00, mask3 ratio: 0.10, mask4 ratio: 0.88
2026-01-22 17:52:35,952 - root - INFO - time 4.77
2026-01-22 17:52:35,963 - root - INFO - 26 self_attn.v_proj
2026-01-22 17:52:35,963 - root - INFO - Quantizing ...
2026-01-22 17:52:36,156 - root - INFO - mask1 ratio: 0.03, mask2 ratio: 0.21, mask3 ratio: 0.10, mask4 ratio: 0.67
2026-01-22 17:52:36,366 - root - INFO - mask1 ratio: 0.02, mask2 ratio: 0.22, mask3 ratio: 0.10, mask4 ratio: 0.66
2026-01-22 17:52:36,577 - root - INFO - mask1 ratio: 0.03, mask2 ratio: 0.30, mask3 ratio: 0.10, mask4 ratio: 0.56
2026-01-22 17:52:36,789 - root - INFO - mask1 ratio: 0.03, mask2 ratio: 0.19, mask3 ratio: 0.10, mask4 ratio: 0.69
2026-01-22 17:52:37,000 - root - INFO - mask1 ratio: 0.02, mask2 ratio: 0.16, mask3 ratio: 0.10, mask4 ratio: 0.72
2026-01-22 17:52:37,211 - root - INFO - mask1 ratio: 0.03, mask2 ratio: 0.27, mask3 ratio: 0.10, mask4 ratio: 0.60
2026-01-22 17:52:37,424 - root - INFO - mask1 ratio: 0.03, mask2 ratio: 0.19, mask3 ratio: 0.10, mask4 ratio: 0.69
2026-01-22 17:52:37,636 - root - INFO - mask1 ratio: 0.02, mask2 ratio: 0.19, mask3 ratio: 0.10, mask4 ratio: 0.69
2026-01-22 17:52:37,846 - root - INFO - mask1 ratio: 0.02, mask2 ratio: 0.11, mask3 ratio: 0.10, mask4 ratio: 0.78
2026-01-22 17:52:38,056 - root - INFO - mask1 ratio: 0.02, mask2 ratio: 0.12, mask3 ratio: 0.10, mask4 ratio: 0.76
2026-01-22 17:52:38,266 - root - INFO - mask1 ratio: 0.03, mask2 ratio: 0.22, mask3 ratio: 0.10, mask4 ratio: 0.66
2026-01-22 17:52:38,478 - root - INFO - mask1 ratio: 0.03, mask2 ratio: 0.21, mask3 ratio: 0.10, mask4 ratio: 0.67
2026-01-22 17:52:38,689 - root - INFO - mask1 ratio: 0.03, mask2 ratio: 0.31, mask3 ratio: 0.10, mask4 ratio: 0.56
2026-01-22 17:52:38,900 - root - INFO - mask1 ratio: 0.02, mask2 ratio: 0.11, mask3 ratio: 0.10, mask4 ratio: 0.78
2026-01-22 17:52:39,132 - root - INFO - mask1 ratio: 0.03, mask2 ratio: 0.19, mask3 ratio: 0.10, mask4 ratio: 0.68
2026-01-22 17:52:39,342 - root - INFO - mask1 ratio: 0.03, mask2 ratio: 0.22, mask3 ratio: 0.10, mask4 ratio: 0.66
2026-01-22 17:52:39,553 - root - INFO - mask1 ratio: 0.02, mask2 ratio: 0.17, mask3 ratio: 0.10, mask4 ratio: 0.71
2026-01-22 17:52:39,782 - root - INFO - mask1 ratio: 0.02, mask2 ratio: 0.12, mask3 ratio: 0.10, mask4 ratio: 0.76
2026-01-22 17:52:40,068 - root - INFO - mask1 ratio: 0.02, mask2 ratio: 0.14, mask3 ratio: 0.10, mask4 ratio: 0.74
2026-01-22 17:52:40,335 - root - INFO - mask1 ratio: 0.01, mask2 ratio: 0.04, mask3 ratio: 0.10, mask4 ratio: 0.85
2026-01-22 17:52:40,362 - root - INFO - time 4.40
2026-01-22 17:52:40,365 - root - INFO - 26 self_attn.q_proj
2026-01-22 17:52:40,365 - root - INFO - Quantizing ...
2026-01-22 17:52:40,557 - root - INFO - mask1 ratio: 0.01, mask2 ratio: 0.06, mask3 ratio: 0.11, mask4 ratio: 0.82
2026-01-22 17:52:40,767 - root - INFO - mask1 ratio: 0.02, mask2 ratio: 0.10, mask3 ratio: 0.10, mask4 ratio: 0.77
2026-01-22 17:52:40,977 - root - INFO - mask1 ratio: 0.01, mask2 ratio: 0.03, mask3 ratio: 0.11, mask4 ratio: 0.86
2026-01-22 17:52:41,187 - root - INFO - mask1 ratio: 0.03, mask2 ratio: 0.15, mask3 ratio: 0.10, mask4 ratio: 0.72
2026-01-22 17:52:41,399 - root - INFO - mask1 ratio: 0.03, mask2 ratio: 0.15, mask3 ratio: 0.10, mask4 ratio: 0.72
2026-01-22 17:52:41,616 - root - INFO - mask1 ratio: 0.02, mask2 ratio: 0.07, mask3 ratio: 0.10, mask4 ratio: 0.81
2026-01-22 17:52:41,827 - root - INFO - mask1 ratio: 0.03, mask2 ratio: 0.19, mask3 ratio: 0.10, mask4 ratio: 0.68
2026-01-22 17:52:42,038 - root - INFO - mask1 ratio: 0.02, mask2 ratio: 0.13, mask3 ratio: 0.10, mask4 ratio: 0.74
2026-01-22 17:52:42,251 - root - INFO - mask1 ratio: 0.01, mask2 ratio: 0.02, mask3 ratio: 0.11, mask4 ratio: 0.86
2026-01-22 17:52:42,463 - root - INFO - mask1 ratio: 0.03, mask2 ratio: 0.20, mask3 ratio: 0.10, mask4 ratio: 0.67
2026-01-22 17:52:42,675 - root - INFO - mask1 ratio: 0.02, mask2 ratio: 0.14, mask3 ratio: 0.10, mask4 ratio: 0.74
2026-01-22 17:52:42,884 - root - INFO - mask1 ratio: 0.01, mask2 ratio: 0.00, mask3 ratio: 0.10, mask4 ratio: 0.88
2026-01-22 17:52:43,094 - root - INFO - mask1 ratio: 0.01, mask2 ratio: 0.02, mask3 ratio: 0.10, mask4 ratio: 0.88
2026-01-22 17:52:43,303 - root - INFO - mask1 ratio: 0.01, mask2 ratio: 0.02, mask3 ratio: 0.11, mask4 ratio: 0.86
2026-01-22 17:52:43,514 - root - INFO - mask1 ratio: 0.01, mask2 ratio: 0.04, mask3 ratio: 0.10, mask4 ratio: 0.85
2026-01-22 17:52:43,726 - root - INFO - mask1 ratio: 0.02, mask2 ratio: 0.08, mask3 ratio: 0.10, mask4 ratio: 0.80
2026-01-22 17:52:43,936 - root - INFO - mask1 ratio: 0.01, mask2 ratio: 0.06, mask3 ratio: 0.10, mask4 ratio: 0.83
2026-01-22 17:52:44,146 - root - INFO - mask1 ratio: 0.01, mask2 ratio: 0.03, mask3 ratio: 0.10, mask4 ratio: 0.86
2026-01-22 17:52:44,356 - root - INFO - mask1 ratio: 0.01, mask2 ratio: 0.04, mask3 ratio: 0.10, mask4 ratio: 0.85
2026-01-22 17:52:44,568 - root - INFO - mask1 ratio: 0.00, mask2 ratio: 0.02, mask3 ratio: 0.10, mask4 ratio: 0.88
2026-01-22 17:52:44,595 - root - INFO - time 4.23
2026-01-22 17:52:44,598 - root - INFO - 26 self_attn.out_proj
2026-01-22 17:52:44,598 - root - INFO - Quantizing ...
2026-01-22 17:52:44,799 - root - INFO - mask1 ratio: 0.04, mask2 ratio: 0.33, mask3 ratio: 0.10, mask4 ratio: 0.52
2026-01-22 17:52:45,009 - root - INFO - mask1 ratio: 0.03, mask2 ratio: 0.22, mask3 ratio: 0.10, mask4 ratio: 0.65
2026-01-22 17:52:45,220 - root - INFO - mask1 ratio: 0.04, mask2 ratio: 0.34, mask3 ratio: 0.10, mask4 ratio: 0.52
2026-01-22 17:52:45,510 - root - INFO - mask1 ratio: 0.03, mask2 ratio: 0.28, mask3 ratio: 0.10, mask4 ratio: 0.59
2026-01-22 17:52:45,727 - root - INFO - mask1 ratio: 0.05, mask2 ratio: 0.34, mask3 ratio: 0.10, mask4 ratio: 0.52
2026-01-22 17:52:45,937 - root - INFO - mask1 ratio: 0.04, mask2 ratio: 0.33, mask3 ratio: 0.10, mask4 ratio: 0.53
2026-01-22 17:52:46,146 - root - INFO - mask1 ratio: 0.03, mask2 ratio: 0.22, mask3 ratio: 0.10, mask4 ratio: 0.65
2026-01-22 17:52:46,356 - root - INFO - mask1 ratio: 0.04, mask2 ratio: 0.30, mask3 ratio: 0.10, mask4 ratio: 0.56
2026-01-22 17:52:46,567 - root - INFO - mask1 ratio: 0.02, mask2 ratio: 0.18, mask3 ratio: 0.10, mask4 ratio: 0.70
2026-01-22 17:52:46,780 - root - INFO - mask1 ratio: 0.04, mask2 ratio: 0.30, mask3 ratio: 0.10, mask4 ratio: 0.56
2026-01-22 17:52:46,990 - root - INFO - mask1 ratio: 0.03, mask2 ratio: 0.19, mask3 ratio: 0.10, mask4 ratio: 0.68
2026-01-22 17:52:47,201 - root - INFO - mask1 ratio: 0.04, mask2 ratio: 0.33, mask3 ratio: 0.10, mask4 ratio: 0.53
2026-01-22 17:52:47,413 - root - INFO - mask1 ratio: 0.04, mask2 ratio: 0.34, mask3 ratio: 0.10, mask4 ratio: 0.52
2026-01-22 17:52:47,624 - root - INFO - mask1 ratio: 0.03, mask2 ratio: 0.22, mask3 ratio: 0.10, mask4 ratio: 0.65
2026-01-22 17:52:47,835 - root - INFO - mask1 ratio: 0.04, mask2 ratio: 0.34, mask3 ratio: 0.10, mask4 ratio: 0.53
2026-01-22 17:52:48,045 - root - INFO - mask1 ratio: 0.02, mask2 ratio: 0.07, mask3 ratio: 0.10, mask4 ratio: 0.81
2026-01-22 17:52:48,255 - root - INFO - mask1 ratio: 0.04, mask2 ratio: 0.32, mask3 ratio: 0.10, mask4 ratio: 0.54
2026-01-22 17:52:48,465 - root - INFO - mask1 ratio: 0.04, mask2 ratio: 0.34, mask3 ratio: 0.10, mask4 ratio: 0.52
2026-01-22 17:52:48,676 - root - INFO - mask1 ratio: 0.04, mask2 ratio: 0.34, mask3 ratio: 0.10, mask4 ratio: 0.52
2026-01-22 17:52:48,888 - root - INFO - mask1 ratio: 0.02, mask2 ratio: 0.15, mask3 ratio: 0.10, mask4 ratio: 0.73
2026-01-22 17:52:48,914 - root - INFO - time 4.32
2026-01-22 17:52:48,918 - root - INFO - 26 fc1
2026-01-22 17:52:48,918 - root - INFO - Quantizing ...
2026-01-22 17:52:49,183 - root - INFO - mask1 ratio: 0.02, mask2 ratio: 0.19, mask3 ratio: 0.10, mask4 ratio: 0.68
2026-01-22 17:52:49,471 - root - INFO - mask1 ratio: 0.03, mask2 ratio: 0.27, mask3 ratio: 0.10, mask4 ratio: 0.60
2026-01-22 17:52:49,757 - root - INFO - mask1 ratio: 0.02, mask2 ratio: 0.11, mask3 ratio: 0.10, mask4 ratio: 0.77
2026-01-22 17:52:50,049 - root - INFO - mask1 ratio: 0.02, mask2 ratio: 0.09, mask3 ratio: 0.10, mask4 ratio: 0.80
2026-01-22 17:52:50,375 - root - INFO - mask1 ratio: 0.02, mask2 ratio: 0.18, mask3 ratio: 0.10, mask4 ratio: 0.70
2026-01-22 17:52:50,769 - root - INFO - mask1 ratio: 0.02, mask2 ratio: 0.09, mask3 ratio: 0.10, mask4 ratio: 0.79
2026-01-22 17:52:51,056 - root - INFO - mask1 ratio: 0.03, mask2 ratio: 0.22, mask3 ratio: 0.10, mask4 ratio: 0.66
2026-01-22 17:52:51,342 - root - INFO - mask1 ratio: 0.02, mask2 ratio: 0.14, mask3 ratio: 0.10, mask4 ratio: 0.74
2026-01-22 17:52:51,629 - root - INFO - mask1 ratio: 0.03, mask2 ratio: 0.19, mask3 ratio: 0.10, mask4 ratio: 0.69
2026-01-22 17:52:51,918 - root - INFO - mask1 ratio: 0.02, mask2 ratio: 0.19, mask3 ratio: 0.10, mask4 ratio: 0.69
2026-01-22 17:52:52,204 - root - INFO - mask1 ratio: 0.03, mask2 ratio: 0.21, mask3 ratio: 0.10, mask4 ratio: 0.66
2026-01-22 17:52:52,486 - root - INFO - mask1 ratio: 0.01, mask2 ratio: 0.02, mask3 ratio: 0.10, mask4 ratio: 0.88
2026-01-22 17:52:52,769 - root - INFO - mask1 ratio: 0.01, mask2 ratio: 0.04, mask3 ratio: 0.10, mask4 ratio: 0.85
2026-01-22 17:52:53,054 - root - INFO - mask1 ratio: 0.01, mask2 ratio: 0.06, mask3 ratio: 0.10, mask4 ratio: 0.83
2026-01-22 17:52:53,340 - root - INFO - mask1 ratio: 0.03, mask2 ratio: 0.19, mask3 ratio: 0.10, mask4 ratio: 0.68
2026-01-22 17:52:53,624 - root - INFO - mask1 ratio: 0.02, mask2 ratio: 0.10, mask3 ratio: 0.10, mask4 ratio: 0.78
2026-01-22 17:52:53,908 - root - INFO - mask1 ratio: 0.01, mask2 ratio: 0.06, mask3 ratio: 0.10, mask4 ratio: 0.82
2026-01-22 17:52:54,191 - root - INFO - mask1 ratio: 0.01, mask2 ratio: 0.06, mask3 ratio: 0.10, mask4 ratio: 0.82
2026-01-22 17:52:54,475 - root - INFO - mask1 ratio: 0.01, mask2 ratio: 0.06, mask3 ratio: 0.10, mask4 ratio: 0.82
2026-01-22 17:52:54,759 - root - INFO - mask1 ratio: 0.01, mask2 ratio: 0.03, mask3 ratio: 0.10, mask4 ratio: 0.86
2026-01-22 17:52:54,791 - root - INFO - time 5.87
2026-01-22 17:52:54,800 - root - INFO - 26 fc2
2026-01-22 17:52:54,800 - root - INFO - Quantizing ...
2026-01-22 17:52:55,098 - root - INFO - mask1 ratio: 0.01, mask2 ratio: 0.04, mask3 ratio: 0.10, mask4 ratio: 0.85
2026-01-22 17:52:55,338 - root - INFO - mask1 ratio: 0.02, mask2 ratio: 0.08, mask3 ratio: 0.10, mask4 ratio: 0.81
2026-01-22 17:52:55,606 - root - INFO - mask1 ratio: 0.01, mask2 ratio: 0.05, mask3 ratio: 0.10, mask4 ratio: 0.84
2026-01-22 17:52:55,816 - root - INFO - mask1 ratio: 0.01, mask2 ratio: 0.04, mask3 ratio: 0.10, mask4 ratio: 0.85
2026-01-22 17:52:56,027 - root - INFO - mask1 ratio: 0.01, mask2 ratio: 0.04, mask3 ratio: 0.10, mask4 ratio: 0.85
2026-01-22 17:52:56,238 - root - INFO - mask1 ratio: 0.01, mask2 ratio: 0.04, mask3 ratio: 0.10, mask4 ratio: 0.85
2026-01-22 17:52:56,450 - root - INFO - mask1 ratio: 0.02, mask2 ratio: 0.05, mask3 ratio: 0.10, mask4 ratio: 0.83
2026-01-22 17:52:56,661 - root - INFO - mask1 ratio: 0.01, mask2 ratio: 0.03, mask3 ratio: 0.10, mask4 ratio: 0.86
2026-01-22 17:52:56,872 - root - INFO - mask1 ratio: 0.01, mask2 ratio: 0.05, mask3 ratio: 0.10, mask4 ratio: 0.84
2026-01-22 17:52:57,086 - root - INFO - mask1 ratio: 0.02, mask2 ratio: 0.14, mask3 ratio: 0.10, mask4 ratio: 0.74
2026-01-22 17:52:57,298 - root - INFO - mask1 ratio: 0.01, mask2 ratio: 0.04, mask3 ratio: 0.10, mask4 ratio: 0.85
2026-01-22 17:52:57,508 - root - INFO - mask1 ratio: 0.01, mask2 ratio: 0.02, mask3 ratio: 0.10, mask4 ratio: 0.88
2026-01-22 17:52:57,719 - root - INFO - mask1 ratio: 0.01, mask2 ratio: 0.05, mask3 ratio: 0.10, mask4 ratio: 0.84
2026-01-22 17:52:57,931 - root - INFO - mask1 ratio: 0.02, mask2 ratio: 0.14, mask3 ratio: 0.10, mask4 ratio: 0.74
2026-01-22 17:52:58,143 - root - INFO - mask1 ratio: 0.02, mask2 ratio: 0.07, mask3 ratio: 0.10, mask4 ratio: 0.81
2026-01-22 17:52:58,354 - root - INFO - mask1 ratio: 0.02, mask2 ratio: 0.12, mask3 ratio: 0.10, mask4 ratio: 0.77
2026-01-22 17:52:58,565 - root - INFO - mask1 ratio: 0.02, mask2 ratio: 0.14, mask3 ratio: 0.10, mask4 ratio: 0.74
2026-01-22 17:52:58,776 - root - INFO - mask1 ratio: 0.02, mask2 ratio: 0.08, mask3 ratio: 0.10, mask4 ratio: 0.81
2026-01-22 17:52:58,987 - root - INFO - mask1 ratio: 0.02, mask2 ratio: 0.07, mask3 ratio: 0.10, mask4 ratio: 0.81
2026-01-22 17:52:59,198 - root - INFO - mask1 ratio: 0.02, mask2 ratio: 0.09, mask3 ratio: 0.10, mask4 ratio: 0.79
2026-01-22 17:52:59,408 - root - INFO - mask1 ratio: 0.01, mask2 ratio: 0.02, mask3 ratio: 0.10, mask4 ratio: 0.88
2026-01-22 17:52:59,619 - root - INFO - mask1 ratio: 0.01, mask2 ratio: 0.04, mask3 ratio: 0.10, mask4 ratio: 0.85
2026-01-22 17:52:59,829 - root - INFO - mask1 ratio: 0.01, mask2 ratio: 0.04, mask3 ratio: 0.10, mask4 ratio: 0.85
2026-01-22 17:53:00,040 - root - INFO - mask1 ratio: 0.01, mask2 ratio: 0.06, mask3 ratio: 0.10, mask4 ratio: 0.82
2026-01-22 17:53:00,252 - root - INFO - mask1 ratio: 0.01, mask2 ratio: 0.04, mask3 ratio: 0.10, mask4 ratio: 0.85
2026-01-22 17:53:00,463 - root - INFO - mask1 ratio: 0.01, mask2 ratio: 0.05, mask3 ratio: 0.10, mask4 ratio: 0.84
2026-01-22 17:53:00,706 - root - INFO - mask1 ratio: 0.01, mask2 ratio: 0.04, mask3 ratio: 0.10, mask4 ratio: 0.85
2026-01-22 17:53:01,012 - root - INFO - mask1 ratio: 0.01, mask2 ratio: 0.04, mask3 ratio: 0.10, mask4 ratio: 0.85
2026-01-22 17:53:01,226 - root - INFO - mask1 ratio: 0.01, mask2 ratio: 0.04, mask3 ratio: 0.10, mask4 ratio: 0.85
2026-01-22 17:53:01,441 - root - INFO - mask1 ratio: 0.01, mask2 ratio: 0.04, mask3 ratio: 0.10, mask4 ratio: 0.85
2026-01-22 17:53:01,652 - root - INFO - mask1 ratio: 0.02, mask2 ratio: 0.12, mask3 ratio: 0.10, mask4 ratio: 0.77
2026-01-22 17:53:01,871 - root - INFO - mask1 ratio: 0.01, mask2 ratio: 0.03, mask3 ratio: 0.10, mask4 ratio: 0.86
2026-01-22 17:53:02,084 - root - INFO - mask1 ratio: 0.01, mask2 ratio: 0.03, mask3 ratio: 0.10, mask4 ratio: 0.86
2026-01-22 17:53:02,298 - root - INFO - mask1 ratio: 0.02, mask2 ratio: 0.06, mask3 ratio: 0.10, mask4 ratio: 0.82
2026-01-22 17:53:02,510 - root - INFO - mask1 ratio: 0.02, mask2 ratio: 0.06, mask3 ratio: 0.10, mask4 ratio: 0.82
2026-01-22 17:53:02,720 - root - INFO - mask1 ratio: 0.01, mask2 ratio: 0.04, mask3 ratio: 0.10, mask4 ratio: 0.85
2026-01-22 17:53:02,931 - root - INFO - mask1 ratio: 0.01, mask2 ratio: 0.06, mask3 ratio: 0.10, mask4 ratio: 0.84
2026-01-22 17:53:03,158 - root - INFO - mask1 ratio: 0.01, mask2 ratio: 0.03, mask3 ratio: 0.10, mask4 ratio: 0.86
2026-01-22 17:53:03,381 - root - INFO - mask1 ratio: 0.01, mask2 ratio: 0.04, mask3 ratio: 0.10, mask4 ratio: 0.85
2026-01-22 17:53:03,593 - root - INFO - mask1 ratio: 0.01, mask2 ratio: 0.02, mask3 ratio: 0.10, mask4 ratio: 0.87
2026-01-22 17:53:03,804 - root - INFO - mask1 ratio: 0.01, mask2 ratio: 0.03, mask3 ratio: 0.10, mask4 ratio: 0.87
2026-01-22 17:53:04,035 - root - INFO - mask1 ratio: 0.01, mask2 ratio: 0.02, mask3 ratio: 0.10, mask4 ratio: 0.87
2026-01-22 17:53:04,247 - root - INFO - mask1 ratio: 0.01, mask2 ratio: 0.04, mask3 ratio: 0.10, mask4 ratio: 0.85
2026-01-22 17:53:04,459 - root - INFO - mask1 ratio: 0.01, mask2 ratio: 0.03, mask3 ratio: 0.10, mask4 ratio: 0.86
2026-01-22 17:53:04,671 - root - INFO - mask1 ratio: 0.01, mask2 ratio: 0.05, mask3 ratio: 0.10, mask4 ratio: 0.84
2026-01-22 17:53:04,881 - root - INFO - mask1 ratio: 0.01, mask2 ratio: 0.02, mask3 ratio: 0.10, mask4 ratio: 0.87
2026-01-22 17:53:05,094 - root - INFO - mask1 ratio: 0.01, mask2 ratio: 0.04, mask3 ratio: 0.10, mask4 ratio: 0.85
2026-01-22 17:53:05,308 - root - INFO - mask1 ratio: 0.01, mask2 ratio: 0.04, mask3 ratio: 0.10, mask4 ratio: 0.85
2026-01-22 17:53:05,519 - root - INFO - mask1 ratio: 0.02, mask2 ratio: 0.06, mask3 ratio: 0.10, mask4 ratio: 0.82
2026-01-22 17:53:05,731 - root - INFO - mask1 ratio: 0.02, mask2 ratio: 0.18, mask3 ratio: 0.10, mask4 ratio: 0.70
2026-01-22 17:53:05,941 - root - INFO - mask1 ratio: 0.01, mask2 ratio: 0.05, mask3 ratio: 0.10, mask4 ratio: 0.84
2026-01-22 17:53:06,230 - root - INFO - mask1 ratio: 0.01, mask2 ratio: 0.10, mask3 ratio: 0.10, mask4 ratio: 0.79
2026-01-22 17:53:06,448 - root - INFO - mask1 ratio: 0.00, mask2 ratio: 0.03, mask3 ratio: 0.10, mask4 ratio: 0.87
2026-01-22 17:53:06,662 - root - INFO - mask1 ratio: 0.01, mask2 ratio: 0.03, mask3 ratio: 0.10, mask4 ratio: 0.86
2026-01-22 17:53:06,885 - root - INFO - mask1 ratio: 0.02, mask2 ratio: 0.06, mask3 ratio: 0.10, mask4 ratio: 0.82
2026-01-22 17:53:07,106 - root - INFO - mask1 ratio: 0.01, mask2 ratio: 0.05, mask3 ratio: 0.10, mask4 ratio: 0.84
2026-01-22 17:53:07,332 - root - INFO - mask1 ratio: 0.01, mask2 ratio: 0.03, mask3 ratio: 0.10, mask4 ratio: 0.86
2026-01-22 17:53:07,556 - root - INFO - mask1 ratio: 0.03, mask2 ratio: 0.22, mask3 ratio: 0.10, mask4 ratio: 0.65
2026-01-22 17:53:07,778 - root - INFO - mask1 ratio: 0.02, mask2 ratio: 0.09, mask3 ratio: 0.10, mask4 ratio: 0.80
2026-01-22 17:53:07,998 - root - INFO - mask1 ratio: 0.02, mask2 ratio: 0.12, mask3 ratio: 0.10, mask4 ratio: 0.76
2026-01-22 17:53:08,218 - root - INFO - mask1 ratio: 0.01, mask2 ratio: 0.03, mask3 ratio: 0.10, mask4 ratio: 0.86
2026-01-22 17:53:08,440 - root - INFO - mask1 ratio: 0.02, mask2 ratio: 0.11, mask3 ratio: 0.10, mask4 ratio: 0.77
2026-01-22 17:53:08,661 - root - INFO - mask1 ratio: 0.02, mask2 ratio: 0.11, mask3 ratio: 0.10, mask4 ratio: 0.77
2026-01-22 17:53:08,881 - root - INFO - mask1 ratio: 0.00, mask2 ratio: 0.02, mask3 ratio: 0.10, mask4 ratio: 0.88
2026-01-22 17:53:09,102 - root - INFO - mask1 ratio: 0.01, mask2 ratio: 0.06, mask3 ratio: 0.10, mask4 ratio: 0.83
2026-01-22 17:53:09,320 - root - INFO - mask1 ratio: 0.01, mask2 ratio: 0.03, mask3 ratio: 0.10, mask4 ratio: 0.86
2026-01-22 17:53:09,532 - root - INFO - mask1 ratio: 0.01, mask2 ratio: 0.03, mask3 ratio: 0.10, mask4 ratio: 0.86
2026-01-22 17:53:09,741 - root - INFO - mask1 ratio: 0.01, mask2 ratio: 0.04, mask3 ratio: 0.10, mask4 ratio: 0.85
2026-01-22 17:53:09,955 - root - INFO - mask1 ratio: 0.01, mask2 ratio: 0.04, mask3 ratio: 0.10, mask4 ratio: 0.85
2026-01-22 17:53:10,177 - root - INFO - mask1 ratio: 0.00, mask2 ratio: 0.04, mask3 ratio: 0.10, mask4 ratio: 0.85
2026-01-22 17:53:10,388 - root - INFO - mask1 ratio: 0.01, mask2 ratio: 0.03, mask3 ratio: 0.10, mask4 ratio: 0.87
2026-01-22 17:53:10,598 - root - INFO - mask1 ratio: 0.01, mask2 ratio: 0.03, mask3 ratio: 0.10, mask4 ratio: 0.86
2026-01-22 17:53:10,808 - root - INFO - mask1 ratio: 0.01, mask2 ratio: 0.03, mask3 ratio: 0.10, mask4 ratio: 0.86
2026-01-22 17:53:11,018 - root - INFO - mask1 ratio: 0.02, mask2 ratio: 0.12, mask3 ratio: 0.10, mask4 ratio: 0.77
2026-01-22 17:53:11,228 - root - INFO - mask1 ratio: 0.01, mask2 ratio: 0.02, mask3 ratio: 0.10, mask4 ratio: 0.87
2026-01-22 17:53:11,486 - root - INFO - mask1 ratio: 0.01, mask2 ratio: 0.03, mask3 ratio: 0.10, mask4 ratio: 0.86
2026-01-22 17:53:11,781 - root - INFO - mask1 ratio: 0.01, mask2 ratio: 0.08, mask3 ratio: 0.10, mask4 ratio: 0.81
2026-01-22 17:53:12,007 - root - INFO - mask1 ratio: 0.01, mask2 ratio: 0.07, mask3 ratio: 0.10, mask4 ratio: 0.82
2026-01-22 17:53:12,219 - root - INFO - mask1 ratio: 0.02, mask2 ratio: 0.08, mask3 ratio: 0.10, mask4 ratio: 0.81
2026-01-22 17:53:12,432 - root - INFO - mask1 ratio: 0.01, mask2 ratio: 0.06, mask3 ratio: 0.10, mask4 ratio: 0.83
2026-01-22 17:53:12,459 - root - INFO - time 17.66
2026-01-22 17:53:14,748 - root - INFO - 27 self_attn.k_proj
2026-01-22 17:53:14,749 - root - INFO - Quantizing ...
2026-01-22 17:53:15,368 - root - INFO - mask1 ratio: 0.01, mask2 ratio: 0.03, mask3 ratio: 0.10, mask4 ratio: 0.86
2026-01-22 17:53:15,579 - root - INFO - mask1 ratio: 0.01, mask2 ratio: 0.02, mask3 ratio: 0.10, mask4 ratio: 0.88
2026-01-22 17:53:15,791 - root - INFO - mask1 ratio: 0.01, mask2 ratio: 0.00, mask3 ratio: 0.10, mask4 ratio: 0.88
2026-01-22 17:53:16,002 - root - INFO - mask1 ratio: 0.02, mask2 ratio: 0.08, mask3 ratio: 0.10, mask4 ratio: 0.81
2026-01-22 17:53:16,214 - root - INFO - mask1 ratio: 0.03, mask2 ratio: 0.19, mask3 ratio: 0.10, mask4 ratio: 0.68
2026-01-22 17:53:16,425 - root - INFO - mask1 ratio: 0.02, mask2 ratio: 0.15, mask3 ratio: 0.10, mask4 ratio: 0.73
2026-01-22 17:53:16,636 - root - INFO - mask1 ratio: 0.02, mask2 ratio: 0.09, mask3 ratio: 0.10, mask4 ratio: 0.79
2026-01-22 17:53:16,849 - root - INFO - mask1 ratio: 0.01, mask2 ratio: 0.04, mask3 ratio: 0.10, mask4 ratio: 0.85
2026-01-22 17:53:17,059 - root - INFO - mask1 ratio: 0.00, mask2 ratio: 0.02, mask3 ratio: 0.10, mask4 ratio: 0.88
2026-01-22 17:53:17,269 - root - INFO - mask1 ratio: 0.02, mask2 ratio: 0.07, mask3 ratio: 0.10, mask4 ratio: 0.81
2026-01-22 17:53:17,481 - root - INFO - mask1 ratio: 0.02, mask2 ratio: 0.10, mask3 ratio: 0.10, mask4 ratio: 0.78
2026-01-22 17:53:17,693 - root - INFO - mask1 ratio: 0.01, mask2 ratio: 0.00, mask3 ratio: 0.10, mask4 ratio: 0.88
2026-01-22 17:53:17,901 - root - INFO - mask1 ratio: 0.00, mask2 ratio: 0.02, mask3 ratio: 0.10, mask4 ratio: 0.88
2026-01-22 17:53:18,093 - root - INFO - mask1 ratio: 0.01, mask2 ratio: 0.02, mask3 ratio: 0.10, mask4 ratio: 0.87
2026-01-22 17:53:18,304 - root - INFO - mask1 ratio: 0.01, mask2 ratio: 0.02, mask3 ratio: 0.10, mask4 ratio: 0.87
2026-01-22 17:53:18,514 - root - INFO - mask1 ratio: 0.01, mask2 ratio: 0.04, mask3 ratio: 0.10, mask4 ratio: 0.85
2026-01-22 17:53:18,727 - root - INFO - mask1 ratio: 0.02, mask2 ratio: 0.11, mask3 ratio: 0.10, mask4 ratio: 0.77
2026-01-22 17:53:18,938 - root - INFO - mask1 ratio: 0.01, mask2 ratio: 0.03, mask3 ratio: 0.10, mask4 ratio: 0.86
2026-01-22 17:53:19,175 - root - INFO - mask1 ratio: 0.01, mask2 ratio: 0.04, mask3 ratio: 0.10, mask4 ratio: 0.85
2026-01-22 17:53:19,445 - root - INFO - mask1 ratio: 0.01, mask2 ratio: 0.00, mask3 ratio: 0.10, mask4 ratio: 0.88
2026-01-22 17:53:19,472 - root - INFO - time 4.72
2026-01-22 17:53:19,484 - root - INFO - 27 self_attn.v_proj
2026-01-22 17:53:19,484 - root - INFO - Quantizing ...
2026-01-22 17:53:19,677 - root - INFO - mask1 ratio: 0.03, mask2 ratio: 0.18, mask3 ratio: 0.10, mask4 ratio: 0.70
2026-01-22 17:53:19,889 - root - INFO - mask1 ratio: 0.03, mask2 ratio: 0.23, mask3 ratio: 0.10, mask4 ratio: 0.64
2026-01-22 17:53:20,100 - root - INFO - mask1 ratio: 0.02, mask2 ratio: 0.18, mask3 ratio: 0.10, mask4 ratio: 0.70
2026-01-22 17:53:20,331 - root - INFO - mask1 ratio: 0.02, mask2 ratio: 0.08, mask3 ratio: 0.10, mask4 ratio: 0.81
2026-01-22 17:53:20,541 - root - INFO - mask1 ratio: 0.02, mask2 ratio: 0.11, mask3 ratio: 0.10, mask4 ratio: 0.78
2026-01-22 17:53:20,753 - root - INFO - mask1 ratio: 0.02, mask2 ratio: 0.12, mask3 ratio: 0.10, mask4 ratio: 0.77
2026-01-22 17:53:20,966 - root - INFO - mask1 ratio: 0.02, mask2 ratio: 0.13, mask3 ratio: 0.10, mask4 ratio: 0.74
2026-01-22 17:53:21,177 - root - INFO - mask1 ratio: 0.02, mask2 ratio: 0.10, mask3 ratio: 0.10, mask4 ratio: 0.78
2026-01-22 17:53:21,388 - root - INFO - mask1 ratio: 0.02, mask2 ratio: 0.15, mask3 ratio: 0.10, mask4 ratio: 0.73
2026-01-22 17:53:21,599 - root - INFO - mask1 ratio: 0.02, mask2 ratio: 0.18, mask3 ratio: 0.10, mask4 ratio: 0.70
2026-01-22 17:53:21,811 - root - INFO - mask1 ratio: 0.02, mask2 ratio: 0.09, mask3 ratio: 0.10, mask4 ratio: 0.79
2026-01-22 17:53:22,021 - root - INFO - mask1 ratio: 0.02, mask2 ratio: 0.08, mask3 ratio: 0.10, mask4 ratio: 0.81
2026-01-22 17:53:22,231 - root - INFO - mask1 ratio: 0.03, mask2 ratio: 0.19, mask3 ratio: 0.10, mask4 ratio: 0.68
2026-01-22 17:53:22,460 - root - INFO - mask1 ratio: 0.03, mask2 ratio: 0.19, mask3 ratio: 0.10, mask4 ratio: 0.68
2026-01-22 17:53:22,670 - root - INFO - mask1 ratio: 0.02, mask2 ratio: 0.19, mask3 ratio: 0.10, mask4 ratio: 0.68
2026-01-22 17:53:22,882 - root - INFO - mask1 ratio: 0.02, mask2 ratio: 0.13, mask3 ratio: 0.10, mask4 ratio: 0.75
2026-01-22 17:53:23,093 - root - INFO - mask1 ratio: 0.03, mask2 ratio: 0.19, mask3 ratio: 0.10, mask4 ratio: 0.68
2026-01-22 17:53:23,305 - root - INFO - mask1 ratio: 0.01, mask2 ratio: 0.05, mask3 ratio: 0.10, mask4 ratio: 0.84
2026-01-22 17:53:23,515 - root - INFO - mask1 ratio: 0.02, mask2 ratio: 0.13, mask3 ratio: 0.10, mask4 ratio: 0.74
2026-01-22 17:53:23,725 - root - INFO - mask1 ratio: 0.01, mask2 ratio: 0.04, mask3 ratio: 0.10, mask4 ratio: 0.85
2026-01-22 17:53:23,753 - root - INFO - time 4.27
2026-01-22 17:53:23,756 - root - INFO - 27 self_attn.q_proj
2026-01-22 17:53:23,756 - root - INFO - Quantizing ...
2026-01-22 17:53:23,946 - root - INFO - mask1 ratio: 0.02, mask2 ratio: 0.09, mask3 ratio: 0.10, mask4 ratio: 0.79
2026-01-22 17:53:24,157 - root - INFO - mask1 ratio: 0.01, mask2 ratio: 0.08, mask3 ratio: 0.10, mask4 ratio: 0.81
2026-01-22 17:53:24,397 - root - INFO - mask1 ratio: 0.01, mask2 ratio: 0.02, mask3 ratio: 0.10, mask4 ratio: 0.87
2026-01-22 17:53:24,711 - root - INFO - mask1 ratio: 0.03, mask2 ratio: 0.20, mask3 ratio: 0.10, mask4 ratio: 0.67
2026-01-22 17:53:24,924 - root - INFO - mask1 ratio: 0.03, mask2 ratio: 0.21, mask3 ratio: 0.10, mask4 ratio: 0.66
2026-01-22 17:53:25,134 - root - INFO - mask1 ratio: 0.03, mask2 ratio: 0.17, mask3 ratio: 0.10, mask4 ratio: 0.70
2026-01-22 17:53:25,347 - root - INFO - mask1 ratio: 0.02, mask2 ratio: 0.10, mask3 ratio: 0.10, mask4 ratio: 0.78
2026-01-22 17:53:25,557 - root - INFO - mask1 ratio: 0.02, mask2 ratio: 0.07, mask3 ratio: 0.10, mask4 ratio: 0.81
2026-01-22 17:53:25,768 - root - INFO - mask1 ratio: 0.01, mask2 ratio: 0.02, mask3 ratio: 0.10, mask4 ratio: 0.87
2026-01-22 17:53:25,984 - root - INFO - mask1 ratio: 0.03, mask2 ratio: 0.16, mask3 ratio: 0.10, mask4 ratio: 0.71
2026-01-22 17:53:26,199 - root - INFO - mask1 ratio: 0.01, mask2 ratio: 0.06, mask3 ratio: 0.10, mask4 ratio: 0.82
2026-01-22 17:53:26,431 - root - INFO - mask1 ratio: 0.01, mask2 ratio: 0.00, mask3 ratio: 0.11, mask4 ratio: 0.87
2026-01-22 17:53:26,658 - root - INFO - mask1 ratio: 0.00, mask2 ratio: 0.02, mask3 ratio: 0.10, mask4 ratio: 0.88
2026-01-22 17:53:26,888 - root - INFO - mask1 ratio: 0.01, mask2 ratio: 0.03, mask3 ratio: 0.10, mask4 ratio: 0.86
2026-01-22 17:53:27,119 - root - INFO - mask1 ratio: 0.01, mask2 ratio: 0.02, mask3 ratio: 0.10, mask4 ratio: 0.87
2026-01-22 17:53:27,346 - root - INFO - mask1 ratio: 0.02, mask2 ratio: 0.07, mask3 ratio: 0.10, mask4 ratio: 0.81
2026-01-22 17:53:27,582 - root - INFO - mask1 ratio: 0.01, mask2 ratio: 0.06, mask3 ratio: 0.10, mask4 ratio: 0.83
2026-01-22 17:53:27,811 - root - INFO - mask1 ratio: 0.01, mask2 ratio: 0.03, mask3 ratio: 0.10, mask4 ratio: 0.87
2026-01-22 17:53:28,070 - root - INFO - mask1 ratio: 0.01, mask2 ratio: 0.05, mask3 ratio: 0.10, mask4 ratio: 0.84
2026-01-22 17:53:28,315 - root - INFO - mask1 ratio: 0.00, mask2 ratio: 0.02, mask3 ratio: 0.10, mask4 ratio: 0.88
2026-01-22 17:53:28,345 - root - INFO - time 4.59
2026-01-22 17:53:28,348 - root - INFO - 27 self_attn.out_proj
2026-01-22 17:53:28,348 - root - INFO - Quantizing ...
2026-01-22 17:53:28,569 - root - INFO - mask1 ratio: 0.04, mask2 ratio: 0.33, mask3 ratio: 0.10, mask4 ratio: 0.53
2026-01-22 17:53:28,789 - root - INFO - mask1 ratio: 0.04, mask2 ratio: 0.34, mask3 ratio: 0.10, mask4 ratio: 0.52
2026-01-22 17:53:29,009 - root - INFO - mask1 ratio: 0.01, mask2 ratio: 0.04, mask3 ratio: 0.10, mask4 ratio: 0.85
2026-01-22 17:53:29,228 - root - INFO - mask1 ratio: 0.04, mask2 ratio: 0.34, mask3 ratio: 0.10, mask4 ratio: 0.52
2026-01-22 17:53:29,459 - root - INFO - mask1 ratio: 0.04, mask2 ratio: 0.32, mask3 ratio: 0.10, mask4 ratio: 0.55
2026-01-22 17:53:29,687 - root - INFO - mask1 ratio: 0.04, mask2 ratio: 0.34, mask3 ratio: 0.10, mask4 ratio: 0.52
2026-01-22 17:53:29,996 - root - INFO - mask1 ratio: 0.03, mask2 ratio: 0.19, mask3 ratio: 0.10, mask4 ratio: 0.68
2026-01-22 17:53:30,226 - root - INFO - mask1 ratio: 0.03, mask2 ratio: 0.16, mask3 ratio: 0.10, mask4 ratio: 0.71
2026-01-22 17:53:30,451 - root - INFO - mask1 ratio: 0.03, mask2 ratio: 0.22, mask3 ratio: 0.10, mask4 ratio: 0.65
2026-01-22 17:53:30,671 - root - INFO - mask1 ratio: 0.02, mask2 ratio: 0.08, mask3 ratio: 0.10, mask4 ratio: 0.80
2026-01-22 17:53:30,891 - root - INFO - mask1 ratio: 0.01, mask2 ratio: 0.02, mask3 ratio: 0.10, mask4 ratio: 0.88
2026-01-22 17:53:31,117 - root - INFO - mask1 ratio: 0.04, mask2 ratio: 0.34, mask3 ratio: 0.10, mask4 ratio: 0.53
2026-01-22 17:53:31,340 - root - INFO - mask1 ratio: 0.03, mask2 ratio: 0.22, mask3 ratio: 0.10, mask4 ratio: 0.65
2026-01-22 17:53:31,558 - root - INFO - mask1 ratio: 0.02, mask2 ratio: 0.12, mask3 ratio: 0.10, mask4 ratio: 0.76
2026-01-22 17:53:31,788 - root - INFO - mask1 ratio: 0.01, mask2 ratio: 0.03, mask3 ratio: 0.10, mask4 ratio: 0.86
2026-01-22 17:53:32,026 - root - INFO - mask1 ratio: 0.04, mask2 ratio: 0.34, mask3 ratio: 0.10, mask4 ratio: 0.52
2026-01-22 17:53:32,259 - root - INFO - mask1 ratio: 0.01, mask2 ratio: 0.03, mask3 ratio: 0.10, mask4 ratio: 0.86
2026-01-22 17:53:32,490 - root - INFO - mask1 ratio: 0.02, mask2 ratio: 0.09, mask3 ratio: 0.10, mask4 ratio: 0.79
2026-01-22 17:53:32,721 - root - INFO - mask1 ratio: 0.03, mask2 ratio: 0.19, mask3 ratio: 0.10, mask4 ratio: 0.68
2026-01-22 17:53:32,943 - root - INFO - mask1 ratio: 0.04, mask2 ratio: 0.34, mask3 ratio: 0.10, mask4 ratio: 0.53
2026-01-22 17:53:32,971 - root - INFO - time 4.62
2026-01-22 17:53:32,975 - root - INFO - 27 fc1
2026-01-22 17:53:32,975 - root - INFO - Quantizing ...
2026-01-22 17:53:33,243 - root - INFO - mask1 ratio: 0.02, mask2 ratio: 0.13, mask3 ratio: 0.10, mask4 ratio: 0.74
2026-01-22 17:53:33,540 - root - INFO - mask1 ratio: 0.02, mask2 ratio: 0.09, mask3 ratio: 0.10, mask4 ratio: 0.79
2026-01-22 17:53:33,841 - root - INFO - mask1 ratio: 0.03, mask2 ratio: 0.20, mask3 ratio: 0.10, mask4 ratio: 0.67
2026-01-22 17:53:34,132 - root - INFO - mask1 ratio: 0.02, mask2 ratio: 0.16, mask3 ratio: 0.10, mask4 ratio: 0.72
2026-01-22 17:53:34,422 - root - INFO - mask1 ratio: 0.02, mask2 ratio: 0.13, mask3 ratio: 0.10, mask4 ratio: 0.75
2026-01-22 17:53:34,711 - root - INFO - mask1 ratio: 0.03, mask2 ratio: 0.21, mask3 ratio: 0.10, mask4 ratio: 0.67
2026-01-22 17:53:35,109 - root - INFO - mask1 ratio: 0.02, mask2 ratio: 0.10, mask3 ratio: 0.10, mask4 ratio: 0.78
2026-01-22 17:53:35,398 - root - INFO - mask1 ratio: 0.03, mask2 ratio: 0.24, mask3 ratio: 0.10, mask4 ratio: 0.63
2026-01-22 17:53:35,687 - root - INFO - mask1 ratio: 0.02, mask2 ratio: 0.11, mask3 ratio: 0.10, mask4 ratio: 0.77
2026-01-22 17:53:35,976 - root - INFO - mask1 ratio: 0.03, mask2 ratio: 0.19, mask3 ratio: 0.10, mask4 ratio: 0.68
2026-01-22 17:53:36,267 - root - INFO - mask1 ratio: 0.02, mask2 ratio: 0.11, mask3 ratio: 0.10, mask4 ratio: 0.78
2026-01-22 17:53:36,552 - root - INFO - mask1 ratio: 0.01, mask2 ratio: 0.02, mask3 ratio: 0.10, mask4 ratio: 0.87
2026-01-22 17:53:36,841 - root - INFO - mask1 ratio: 0.01, mask2 ratio: 0.05, mask3 ratio: 0.10, mask4 ratio: 0.84
2026-01-22 17:53:37,125 - root - INFO - mask1 ratio: 0.01, mask2 ratio: 0.06, mask3 ratio: 0.10, mask4 ratio: 0.82
2026-01-22 17:53:37,413 - root - INFO - mask1 ratio: 0.03, mask2 ratio: 0.19, mask3 ratio: 0.10, mask4 ratio: 0.69
2026-01-22 17:53:37,698 - root - INFO - mask1 ratio: 0.02, mask2 ratio: 0.09, mask3 ratio: 0.10, mask4 ratio: 0.79
2026-01-22 17:53:37,982 - root - INFO - mask1 ratio: 0.02, mask2 ratio: 0.09, mask3 ratio: 0.10, mask4 ratio: 0.80
2026-01-22 17:53:38,265 - root - INFO - mask1 ratio: 0.01, mask2 ratio: 0.05, mask3 ratio: 0.10, mask4 ratio: 0.84
2026-01-22 17:53:38,554 - root - INFO - mask1 ratio: 0.01, mask2 ratio: 0.06, mask3 ratio: 0.10, mask4 ratio: 0.83
2026-01-22 17:53:38,841 - root - INFO - mask1 ratio: 0.01, mask2 ratio: 0.03, mask3 ratio: 0.10, mask4 ratio: 0.86
2026-01-22 17:53:38,873 - root - INFO - time 5.90
2026-01-22 17:53:38,882 - root - INFO - 27 fc2
2026-01-22 17:53:38,882 - root - INFO - Quantizing ...
2026-01-22 17:53:39,181 - root - INFO - mask1 ratio: 0.01, mask2 ratio: 0.02, mask3 ratio: 0.10, mask4 ratio: 0.87
2026-01-22 17:53:39,405 - root - INFO - mask1 ratio: 0.01, mask2 ratio: 0.05, mask3 ratio: 0.10, mask4 ratio: 0.84
2026-01-22 17:53:39,616 - root - INFO - mask1 ratio: 0.01, mask2 ratio: 0.04, mask3 ratio: 0.10, mask4 ratio: 0.85
2026-01-22 17:53:39,858 - root - INFO - mask1 ratio: 0.01, mask2 ratio: 0.08, mask3 ratio: 0.10, mask4 ratio: 0.81
2026-01-22 17:53:40,127 - root - INFO - mask1 ratio: 0.01, mask2 ratio: 0.05, mask3 ratio: 0.10, mask4 ratio: 0.84
2026-01-22 17:53:40,362 - root - INFO - mask1 ratio: 0.02, mask2 ratio: 0.09, mask3 ratio: 0.10, mask4 ratio: 0.80
2026-01-22 17:53:40,585 - root - INFO - mask1 ratio: 0.01, mask2 ratio: 0.04, mask3 ratio: 0.10, mask4 ratio: 0.85
2026-01-22 17:53:40,797 - root - INFO - mask1 ratio: 0.01, mask2 ratio: 0.03, mask3 ratio: 0.10, mask4 ratio: 0.86
2026-01-22 17:53:41,008 - root - INFO - mask1 ratio: 0.01, mask2 ratio: 0.08, mask3 ratio: 0.10, mask4 ratio: 0.81
2026-01-22 17:53:41,219 - root - INFO - mask1 ratio: 0.01, mask2 ratio: 0.02, mask3 ratio: 0.10, mask4 ratio: 0.87
2026-01-22 17:53:41,446 - root - INFO - mask1 ratio: 0.01, mask2 ratio: 0.10, mask3 ratio: 0.10, mask4 ratio: 0.79
2026-01-22 17:53:41,657 - root - INFO - mask1 ratio: 0.01, mask2 ratio: 0.04, mask3 ratio: 0.10, mask4 ratio: 0.85
2026-01-22 17:53:41,871 - root - INFO - mask1 ratio: 0.01, mask2 ratio: 0.05, mask3 ratio: 0.10, mask4 ratio: 0.84
2026-01-22 17:53:42,083 - root - INFO - mask1 ratio: 0.01, mask2 ratio: 0.04, mask3 ratio: 0.10, mask4 ratio: 0.85
2026-01-22 17:53:42,295 - root - INFO - mask1 ratio: 0.01, mask2 ratio: 0.02, mask3 ratio: 0.10, mask4 ratio: 0.87
2026-01-22 17:53:42,508 - root - INFO - mask1 ratio: 0.01, mask2 ratio: 0.02, mask3 ratio: 0.10, mask4 ratio: 0.87
2026-01-22 17:53:42,720 - root - INFO - mask1 ratio: 0.01, mask2 ratio: 0.07, mask3 ratio: 0.10, mask4 ratio: 0.81
2026-01-22 17:53:42,931 - root - INFO - mask1 ratio: 0.01, mask2 ratio: 0.04, mask3 ratio: 0.10, mask4 ratio: 0.85
2026-01-22 17:53:43,144 - root - INFO - mask1 ratio: 0.01, mask2 ratio: 0.04, mask3 ratio: 0.10, mask4 ratio: 0.85
2026-01-22 17:53:43,359 - root - INFO - mask1 ratio: 0.01, mask2 ratio: 0.05, mask3 ratio: 0.10, mask4 ratio: 0.85
2026-01-22 17:53:43,572 - root - INFO - mask1 ratio: 0.01, mask2 ratio: 0.03, mask3 ratio: 0.10, mask4 ratio: 0.86
2026-01-22 17:53:43,805 - root - INFO - mask1 ratio: 0.02, mask2 ratio: 0.08, mask3 ratio: 0.10, mask4 ratio: 0.80
2026-01-22 17:53:44,017 - root - INFO - mask1 ratio: 0.02, mask2 ratio: 0.13, mask3 ratio: 0.10, mask4 ratio: 0.75
2026-01-22 17:53:44,232 - root - INFO - mask1 ratio: 0.00, mask2 ratio: 0.04, mask3 ratio: 0.10, mask4 ratio: 0.86
2026-01-22 17:53:44,443 - root - INFO - mask1 ratio: 0.01, mask2 ratio: 0.03, mask3 ratio: 0.10, mask4 ratio: 0.86
2026-01-22 17:53:44,655 - root - INFO - mask1 ratio: 0.00, mask2 ratio: 0.03, mask3 ratio: 0.10, mask4 ratio: 0.87
2026-01-22 17:53:44,865 - root - INFO - mask1 ratio: 0.01, mask2 ratio: 0.02, mask3 ratio: 0.10, mask4 ratio: 0.87
2026-01-22 17:53:45,101 - root - INFO - mask1 ratio: 0.01, mask2 ratio: 0.03, mask3 ratio: 0.10, mask4 ratio: 0.86
2026-01-22 17:53:45,421 - root - INFO - mask1 ratio: 0.01, mask2 ratio: 0.04, mask3 ratio: 0.10, mask4 ratio: 0.85
2026-01-22 17:53:45,634 - root - INFO - mask1 ratio: 0.02, mask2 ratio: 0.10, mask3 ratio: 0.10, mask4 ratio: 0.78
2026-01-22 17:53:45,847 - root - INFO - mask1 ratio: 0.01, mask2 ratio: 0.04, mask3 ratio: 0.10, mask4 ratio: 0.85
2026-01-22 17:53:46,065 - root - INFO - mask1 ratio: 0.01, mask2 ratio: 0.06, mask3 ratio: 0.10, mask4 ratio: 0.83
2026-01-22 17:53:46,291 - root - INFO - mask1 ratio: 0.01, mask2 ratio: 0.08, mask3 ratio: 0.10, mask4 ratio: 0.81
2026-01-22 17:53:46,519 - root - INFO - mask1 ratio: 0.01, mask2 ratio: 0.06, mask3 ratio: 0.10, mask4 ratio: 0.83
2026-01-22 17:53:46,742 - root - INFO - mask1 ratio: 0.01, mask2 ratio: 0.09, mask3 ratio: 0.10, mask4 ratio: 0.80
2026-01-22 17:53:46,965 - root - INFO - mask1 ratio: 0.01, mask2 ratio: 0.07, mask3 ratio: 0.10, mask4 ratio: 0.82
2026-01-22 17:53:47,187 - root - INFO - mask1 ratio: 0.01, mask2 ratio: 0.02, mask3 ratio: 0.10, mask4 ratio: 0.87
2026-01-22 17:53:47,408 - root - INFO - mask1 ratio: 0.01, mask2 ratio: 0.03, mask3 ratio: 0.10, mask4 ratio: 0.86
2026-01-22 17:53:47,621 - root - INFO - mask1 ratio: 0.01, mask2 ratio: 0.08, mask3 ratio: 0.10, mask4 ratio: 0.81
2026-01-22 17:53:47,832 - root - INFO - mask1 ratio: 0.01, mask2 ratio: 0.04, mask3 ratio: 0.10, mask4 ratio: 0.85
2026-01-22 17:53:48,049 - root - INFO - mask1 ratio: 0.01, mask2 ratio: 0.04, mask3 ratio: 0.10, mask4 ratio: 0.85
2026-01-22 17:53:48,272 - root - INFO - mask1 ratio: 0.02, mask2 ratio: 0.07, mask3 ratio: 0.10, mask4 ratio: 0.81
2026-01-22 17:53:48,483 - root - INFO - mask1 ratio: 0.01, mask2 ratio: 0.04, mask3 ratio: 0.10, mask4 ratio: 0.85
2026-01-22 17:53:48,698 - root - INFO - mask1 ratio: 0.01, mask2 ratio: 0.03, mask3 ratio: 0.10, mask4 ratio: 0.86
2026-01-22 17:53:48,909 - root - INFO - mask1 ratio: 0.01, mask2 ratio: 0.03, mask3 ratio: 0.10, mask4 ratio: 0.86
2026-01-22 17:53:49,120 - root - INFO - mask1 ratio: 0.01, mask2 ratio: 0.06, mask3 ratio: 0.10, mask4 ratio: 0.84
2026-01-22 17:53:49,354 - root - INFO - mask1 ratio: 0.01, mask2 ratio: 0.06, mask3 ratio: 0.10, mask4 ratio: 0.83
2026-01-22 17:53:49,566 - root - INFO - mask1 ratio: 0.01, mask2 ratio: 0.03, mask3 ratio: 0.10, mask4 ratio: 0.86
2026-01-22 17:53:49,779 - root - INFO - mask1 ratio: 0.01, mask2 ratio: 0.03, mask3 ratio: 0.10, mask4 ratio: 0.86
2026-01-22 17:53:49,990 - root - INFO - mask1 ratio: 0.01, mask2 ratio: 0.03, mask3 ratio: 0.10, mask4 ratio: 0.86
2026-01-22 17:53:50,200 - root - INFO - mask1 ratio: 0.01, mask2 ratio: 0.04, mask3 ratio: 0.10, mask4 ratio: 0.85
2026-01-22 17:53:50,412 - root - INFO - mask1 ratio: 0.02, mask2 ratio: 0.10, mask3 ratio: 0.10, mask4 ratio: 0.78
2026-01-22 17:53:50,713 - root - INFO - mask1 ratio: 0.00, mask2 ratio: 0.02, mask3 ratio: 0.10, mask4 ratio: 0.88
2026-01-22 17:53:50,924 - root - INFO - mask1 ratio: 0.02, mask2 ratio: 0.15, mask3 ratio: 0.10, mask4 ratio: 0.74
2026-01-22 17:53:51,135 - root - INFO - mask1 ratio: 0.02, mask2 ratio: 0.08, mask3 ratio: 0.10, mask4 ratio: 0.81
2026-01-22 17:53:51,347 - root - INFO - mask1 ratio: 0.01, mask2 ratio: 0.04, mask3 ratio: 0.10, mask4 ratio: 0.85
2026-01-22 17:53:51,558 - root - INFO - mask1 ratio: 0.01, mask2 ratio: 0.04, mask3 ratio: 0.10, mask4 ratio: 0.85
2026-01-22 17:53:51,770 - root - INFO - mask1 ratio: 0.01, mask2 ratio: 0.05, mask3 ratio: 0.10, mask4 ratio: 0.84
2026-01-22 17:53:51,981 - root - INFO - mask1 ratio: 0.02, mask2 ratio: 0.09, mask3 ratio: 0.10, mask4 ratio: 0.79
2026-01-22 17:53:52,191 - root - INFO - mask1 ratio: 0.01, mask2 ratio: 0.05, mask3 ratio: 0.10, mask4 ratio: 0.84
2026-01-22 17:53:52,401 - root - INFO - mask1 ratio: 0.00, mask2 ratio: 0.04, mask3 ratio: 0.10, mask4 ratio: 0.86
2026-01-22 17:53:52,611 - root - INFO - mask1 ratio: 0.00, mask2 ratio: 0.03, mask3 ratio: 0.10, mask4 ratio: 0.87
2026-01-22 17:53:52,824 - root - INFO - mask1 ratio: 0.00, mask2 ratio: 0.03, mask3 ratio: 0.10, mask4 ratio: 0.86
2026-01-22 17:53:53,035 - root - INFO - mask1 ratio: 0.01, mask2 ratio: 0.03, mask3 ratio: 0.10, mask4 ratio: 0.86
2026-01-22 17:53:53,244 - root - INFO - mask1 ratio: 0.01, mask2 ratio: 0.02, mask3 ratio: 0.10, mask4 ratio: 0.87
2026-01-22 17:53:53,454 - root - INFO - mask1 ratio: 0.01, mask2 ratio: 0.05, mask3 ratio: 0.10, mask4 ratio: 0.84
2026-01-22 17:53:53,665 - root - INFO - mask1 ratio: 0.01, mask2 ratio: 0.03, mask3 ratio: 0.10, mask4 ratio: 0.86
2026-01-22 17:53:53,876 - root - INFO - mask1 ratio: 0.02, mask2 ratio: 0.05, mask3 ratio: 0.10, mask4 ratio: 0.83
2026-01-22 17:53:54,086 - root - INFO - mask1 ratio: 0.01, mask2 ratio: 0.04, mask3 ratio: 0.10, mask4 ratio: 0.85
2026-01-22 17:53:54,297 - root - INFO - mask1 ratio: 0.01, mask2 ratio: 0.06, mask3 ratio: 0.10, mask4 ratio: 0.83
2026-01-22 17:53:54,507 - root - INFO - mask1 ratio: 0.01, mask2 ratio: 0.06, mask3 ratio: 0.10, mask4 ratio: 0.83
2026-01-22 17:53:54,718 - root - INFO - mask1 ratio: 0.01, mask2 ratio: 0.02, mask3 ratio: 0.10, mask4 ratio: 0.87
2026-01-22 17:53:54,929 - root - INFO - mask1 ratio: 0.01, mask2 ratio: 0.02, mask3 ratio: 0.10, mask4 ratio: 0.88
2026-01-22 17:53:55,140 - root - INFO - mask1 ratio: 0.01, mask2 ratio: 0.04, mask3 ratio: 0.10, mask4 ratio: 0.85
2026-01-22 17:53:55,350 - root - INFO - mask1 ratio: 0.01, mask2 ratio: 0.05, mask3 ratio: 0.10, mask4 ratio: 0.84
2026-01-22 17:53:55,559 - root - INFO - mask1 ratio: 0.01, mask2 ratio: 0.04, mask3 ratio: 0.10, mask4 ratio: 0.85
2026-01-22 17:53:55,770 - root - INFO - mask1 ratio: 0.01, mask2 ratio: 0.04, mask3 ratio: 0.10, mask4 ratio: 0.85
2026-01-22 17:53:56,118 - root - INFO - mask1 ratio: 0.01, mask2 ratio: 0.00, mask3 ratio: 0.10, mask4 ratio: 0.88
2026-01-22 17:53:56,330 - root - INFO - mask1 ratio: 0.01, mask2 ratio: 0.04, mask3 ratio: 0.10, mask4 ratio: 0.85
2026-01-22 17:53:56,543 - root - INFO - mask1 ratio: 0.01, mask2 ratio: 0.05, mask3 ratio: 0.10, mask4 ratio: 0.84
2026-01-22 17:53:56,569 - root - INFO - time 17.69
2026-01-22 17:53:58,856 - root - INFO - 28 self_attn.k_proj
2026-01-22 17:53:58,857 - root - INFO - Quantizing ...
2026-01-22 17:53:59,475 - root - INFO - mask1 ratio: 0.01, mask2 ratio: 0.02, mask3 ratio: 0.10, mask4 ratio: 0.87
2026-01-22 17:53:59,687 - root - INFO - mask1 ratio: 0.01, mask2 ratio: 0.02, mask3 ratio: 0.10, mask4 ratio: 0.88
2026-01-22 17:53:59,899 - root - INFO - mask1 ratio: 0.01, mask2 ratio: 0.00, mask3 ratio: 0.10, mask4 ratio: 0.88
2026-01-22 17:54:00,114 - root - INFO - mask1 ratio: 0.02, mask2 ratio: 0.11, mask3 ratio: 0.10, mask4 ratio: 0.77
2026-01-22 17:54:00,334 - root - INFO - mask1 ratio: 0.02, mask2 ratio: 0.12, mask3 ratio: 0.10, mask4 ratio: 0.75
2026-01-22 17:54:00,545 - root - INFO - mask1 ratio: 0.02, mask2 ratio: 0.12, mask3 ratio: 0.10, mask4 ratio: 0.76
2026-01-22 17:54:00,757 - root - INFO - mask1 ratio: 0.02, mask2 ratio: 0.10, mask3 ratio: 0.10, mask4 ratio: 0.78
2026-01-22 17:54:00,968 - root - INFO - mask1 ratio: 0.01, mask2 ratio: 0.04, mask3 ratio: 0.10, mask4 ratio: 0.85
2026-01-22 17:54:01,182 - root - INFO - mask1 ratio: 0.00, mask2 ratio: 0.02, mask3 ratio: 0.10, mask4 ratio: 0.88
2026-01-22 17:54:01,394 - root - INFO - mask1 ratio: 0.02, mask2 ratio: 0.10, mask3 ratio: 0.10, mask4 ratio: 0.78
2026-01-22 17:54:01,610 - root - INFO - mask1 ratio: 0.02, mask2 ratio: 0.12, mask3 ratio: 0.10, mask4 ratio: 0.76
2026-01-22 17:54:01,830 - root - INFO - mask1 ratio: 0.01, mask2 ratio: 0.00, mask3 ratio: 0.10, mask4 ratio: 0.88
2026-01-22 17:54:02,043 - root - INFO - mask1 ratio: 0.01, mask2 ratio: 0.02, mask3 ratio: 0.10, mask4 ratio: 0.88
2026-01-22 17:54:02,255 - root - INFO - mask1 ratio: 0.00, mask2 ratio: 0.02, mask3 ratio: 0.10, mask4 ratio: 0.88
2026-01-22 17:54:02,467 - root - INFO - mask1 ratio: 0.01, mask2 ratio: 0.02, mask3 ratio: 0.10, mask4 ratio: 0.87
2026-01-22 17:54:02,679 - root - INFO - mask1 ratio: 0.02, mask2 ratio: 0.06, mask3 ratio: 0.10, mask4 ratio: 0.82
2026-01-22 17:54:02,890 - root - INFO - mask1 ratio: 0.01, mask2 ratio: 0.06, mask3 ratio: 0.10, mask4 ratio: 0.83
2026-01-22 17:54:03,101 - root - INFO - mask1 ratio: 0.01, mask2 ratio: 0.03, mask3 ratio: 0.11, mask4 ratio: 0.85
2026-01-22 17:54:03,312 - root - INFO - mask1 ratio: 0.01, mask2 ratio: 0.03, mask3 ratio: 0.10, mask4 ratio: 0.86
2026-01-22 17:54:03,572 - root - INFO - mask1 ratio: 0.01, mask2 ratio: 0.00, mask3 ratio: 0.10, mask4 ratio: 0.88
2026-01-22 17:54:03,602 - root - INFO - time 4.75
2026-01-22 17:54:03,614 - root - INFO - 28 self_attn.v_proj
2026-01-22 17:54:03,614 - root - INFO - Quantizing ...
2026-01-22 17:54:03,840 - root - INFO - mask1 ratio: 0.02, mask2 ratio: 0.13, mask3 ratio: 0.10, mask4 ratio: 0.75
2026-01-22 17:54:04,051 - root - INFO - mask1 ratio: 0.02, mask2 ratio: 0.16, mask3 ratio: 0.10, mask4 ratio: 0.72
2026-01-22 17:54:04,263 - root - INFO - mask1 ratio: 0.03, mask2 ratio: 0.30, mask3 ratio: 0.10, mask4 ratio: 0.56
2026-01-22 17:54:04,473 - root - INFO - mask1 ratio: 0.02, mask2 ratio: 0.11, mask3 ratio: 0.10, mask4 ratio: 0.77
2026-01-22 17:54:04,683 - root - INFO - mask1 ratio: 0.03, mask2 ratio: 0.23, mask3 ratio: 0.10, mask4 ratio: 0.64
2026-01-22 17:54:04,908 - root - INFO - mask1 ratio: 0.02, mask2 ratio: 0.11, mask3 ratio: 0.10, mask4 ratio: 0.77
2026-01-22 17:54:05,132 - root - INFO - mask1 ratio: 0.02, mask2 ratio: 0.17, mask3 ratio: 0.10, mask4 ratio: 0.70
2026-01-22 17:54:05,358 - root - INFO - mask1 ratio: 0.03, mask2 ratio: 0.27, mask3 ratio: 0.10, mask4 ratio: 0.60
2026-01-22 17:54:05,579 - root - INFO - mask1 ratio: 0.02, mask2 ratio: 0.08, mask3 ratio: 0.10, mask4 ratio: 0.81
2026-01-22 17:54:05,800 - root - INFO - mask1 ratio: 0.04, mask2 ratio: 0.34, mask3 ratio: 0.10, mask4 ratio: 0.53
2026-01-22 17:54:06,023 - root - INFO - mask1 ratio: 0.02, mask2 ratio: 0.14, mask3 ratio: 0.10, mask4 ratio: 0.74
2026-01-22 17:54:06,242 - root - INFO - mask1 ratio: 0.02, mask2 ratio: 0.10, mask3 ratio: 0.10, mask4 ratio: 0.78
2026-01-22 17:54:06,453 - root - INFO - mask1 ratio: 0.02, mask2 ratio: 0.12, mask3 ratio: 0.10, mask4 ratio: 0.76
2026-01-22 17:54:06,663 - root - INFO - mask1 ratio: 0.02, mask2 ratio: 0.09, mask3 ratio: 0.10, mask4 ratio: 0.79
2026-01-22 17:54:06,872 - root - INFO - mask1 ratio: 0.01, mask2 ratio: 0.05, mask3 ratio: 0.10, mask4 ratio: 0.84
2026-01-22 17:54:07,083 - root - INFO - mask1 ratio: 0.02, mask2 ratio: 0.13, mask3 ratio: 0.10, mask4 ratio: 0.75
2026-01-22 17:54:07,294 - root - INFO - mask1 ratio: 0.01, mask2 ratio: 0.06, mask3 ratio: 0.10, mask4 ratio: 0.83
2026-01-22 17:54:07,505 - root - INFO - mask1 ratio: 0.02, mask2 ratio: 0.12, mask3 ratio: 0.10, mask4 ratio: 0.76
2026-01-22 17:54:07,718 - root - INFO - mask1 ratio: 0.03, mask2 ratio: 0.27, mask3 ratio: 0.10, mask4 ratio: 0.60
2026-01-22 17:54:07,927 - root - INFO - mask1 ratio: 0.01, mask2 ratio: 0.05, mask3 ratio: 0.10, mask4 ratio: 0.84
2026-01-22 17:54:07,953 - root - INFO - time 4.34
2026-01-22 17:54:07,956 - root - INFO - 28 self_attn.q_proj
2026-01-22 17:54:07,956 - root - INFO - Quantizing ...
2026-01-22 17:54:08,147 - root - INFO - mask1 ratio: 0.01, mask2 ratio: 0.06, mask3 ratio: 0.11, mask4 ratio: 0.82
2026-01-22 17:54:08,366 - root - INFO - mask1 ratio: 0.02, mask2 ratio: 0.11, mask3 ratio: 0.10, mask4 ratio: 0.77
2026-01-22 17:54:08,590 - root - INFO - mask1 ratio: 0.01, mask2 ratio: 0.07, mask3 ratio: 0.10, mask4 ratio: 0.82
2026-01-22 17:54:08,894 - root - INFO - mask1 ratio: 0.01, mask2 ratio: 0.06, mask3 ratio: 0.10, mask4 ratio: 0.83
2026-01-22 17:54:09,163 - root - INFO - mask1 ratio: 0.02, mask2 ratio: 0.13, mask3 ratio: 0.10, mask4 ratio: 0.75
2026-01-22 17:54:09,388 - root - INFO - mask1 ratio: 0.03, mask2 ratio: 0.18, mask3 ratio: 0.10, mask4 ratio: 0.70
2026-01-22 17:54:09,611 - root - INFO - mask1 ratio: 0.02, mask2 ratio: 0.13, mask3 ratio: 0.10, mask4 ratio: 0.74
2026-01-22 17:54:09,833 - root - INFO - mask1 ratio: 0.04, mask2 ratio: 0.29, mask3 ratio: 0.10, mask4 ratio: 0.57
2026-01-22 17:54:10,044 - root - INFO - mask1 ratio: 0.01, mask2 ratio: 0.02, mask3 ratio: 0.10, mask4 ratio: 0.87
2026-01-22 17:54:10,255 - root - INFO - mask1 ratio: 0.02, mask2 ratio: 0.16, mask3 ratio: 0.10, mask4 ratio: 0.71
2026-01-22 17:54:10,467 - root - INFO - mask1 ratio: 0.02, mask2 ratio: 0.07, mask3 ratio: 0.10, mask4 ratio: 0.81
2026-01-22 17:54:10,676 - root - INFO - mask1 ratio: 0.01, mask2 ratio: 0.00, mask3 ratio: 0.10, mask4 ratio: 0.88
2026-01-22 17:54:10,887 - root - INFO - mask1 ratio: 0.01, mask2 ratio: 0.02, mask3 ratio: 0.10, mask4 ratio: 0.88
2026-01-22 17:54:11,097 - root - INFO - mask1 ratio: 0.01, mask2 ratio: 0.03, mask3 ratio: 0.10, mask4 ratio: 0.86
2026-01-22 17:54:11,309 - root - INFO - mask1 ratio: 0.02, mask2 ratio: 0.06, mask3 ratio: 0.10, mask4 ratio: 0.82
2026-01-22 17:54:11,520 - root - INFO - mask1 ratio: 0.02, mask2 ratio: 0.08, mask3 ratio: 0.10, mask4 ratio: 0.80
2026-01-22 17:54:11,732 - root - INFO - mask1 ratio: 0.02, mask2 ratio: 0.11, mask3 ratio: 0.10, mask4 ratio: 0.77
2026-01-22 17:54:11,945 - root - INFO - mask1 ratio: 0.01, mask2 ratio: 0.03, mask3 ratio: 0.10, mask4 ratio: 0.86
2026-01-22 17:54:12,156 - root - INFO - mask1 ratio: 0.01, mask2 ratio: 0.05, mask3 ratio: 0.10, mask4 ratio: 0.84
2026-01-22 17:54:12,367 - root - INFO - mask1 ratio: 0.00, mask2 ratio: 0.02, mask3 ratio: 0.10, mask4 ratio: 0.88
2026-01-22 17:54:12,394 - root - INFO - time 4.44
2026-01-22 17:54:12,397 - root - INFO - 28 self_attn.out_proj
2026-01-22 17:54:12,397 - root - INFO - Quantizing ...
2026-01-22 17:54:12,588 - root - INFO - mask1 ratio: 0.04, mask2 ratio: 0.34, mask3 ratio: 0.10, mask4 ratio: 0.52
2026-01-22 17:54:12,802 - root - INFO - mask1 ratio: 0.02, mask2 ratio: 0.10, mask3 ratio: 0.10, mask4 ratio: 0.78
2026-01-22 17:54:13,012 - root - INFO - mask1 ratio: 0.01, mask2 ratio: 0.02, mask3 ratio: 0.10, mask4 ratio: 0.87
2026-01-22 17:54:13,222 - root - INFO - mask1 ratio: 0.02, mask2 ratio: 0.10, mask3 ratio: 0.10, mask4 ratio: 0.78
2026-01-22 17:54:13,436 - root - INFO - mask1 ratio: 0.04, mask2 ratio: 0.34, mask3 ratio: 0.10, mask4 ratio: 0.52
2026-01-22 17:54:13,648 - root - INFO - mask1 ratio: 0.04, mask2 ratio: 0.29, mask3 ratio: 0.10, mask4 ratio: 0.57
2026-01-22 17:54:13,860 - root - INFO - mask1 ratio: 0.03, mask2 ratio: 0.18, mask3 ratio: 0.10, mask4 ratio: 0.70
2026-01-22 17:54:14,071 - root - INFO - mask1 ratio: 0.03, mask2 ratio: 0.22, mask3 ratio: 0.10, mask4 ratio: 0.65
2026-01-22 17:54:14,366 - root - INFO - mask1 ratio: 0.03, mask2 ratio: 0.24, mask3 ratio: 0.10, mask4 ratio: 0.63
2026-01-22 17:54:14,578 - root - INFO - mask1 ratio: 0.04, mask2 ratio: 0.31, mask3 ratio: 0.10, mask4 ratio: 0.55
2026-01-22 17:54:14,790 - root - INFO - mask1 ratio: 0.04, mask2 ratio: 0.34, mask3 ratio: 0.10, mask4 ratio: 0.52
2026-01-22 17:54:14,999 - root - INFO - mask1 ratio: 0.04, mask2 ratio: 0.33, mask3 ratio: 0.10, mask4 ratio: 0.53
2026-01-22 17:54:15,211 - root - INFO - mask1 ratio: 0.04, mask2 ratio: 0.31, mask3 ratio: 0.10, mask4 ratio: 0.55
2026-01-22 17:54:15,423 - root - INFO - mask1 ratio: 0.04, mask2 ratio: 0.34, mask3 ratio: 0.10, mask4 ratio: 0.52
2026-01-22 17:54:15,634 - root - INFO - mask1 ratio: 0.04, mask2 ratio: 0.34, mask3 ratio: 0.10, mask4 ratio: 0.52
2026-01-22 17:54:15,845 - root - INFO - mask1 ratio: 0.02, mask2 ratio: 0.20, mask3 ratio: 0.10, mask4 ratio: 0.67
2026-01-22 17:54:16,054 - root - INFO - mask1 ratio: 0.01, mask2 ratio: 0.02, mask3 ratio: 0.10, mask4 ratio: 0.87
2026-01-22 17:54:16,265 - root - INFO - mask1 ratio: 0.04, mask2 ratio: 0.34, mask3 ratio: 0.10, mask4 ratio: 0.52
2026-01-22 17:54:16,475 - root - INFO - mask1 ratio: 0.04, mask2 ratio: 0.34, mask3 ratio: 0.10, mask4 ratio: 0.53
2026-01-22 17:54:16,689 - root - INFO - mask1 ratio: 0.02, mask2 ratio: 0.07, mask3 ratio: 0.10, mask4 ratio: 0.81
2026-01-22 17:54:16,716 - root - INFO - time 4.32
2026-01-22 17:54:16,719 - root - INFO - 28 fc1
2026-01-22 17:54:16,720 - root - INFO - Quantizing ...
2026-01-22 17:54:16,981 - root - INFO - mask1 ratio: 0.03, mask2 ratio: 0.19, mask3 ratio: 0.10, mask4 ratio: 0.69
2026-01-22 17:54:17,267 - root - INFO - mask1 ratio: 0.03, mask2 ratio: 0.22, mask3 ratio: 0.10, mask4 ratio: 0.66
2026-01-22 17:54:17,555 - root - INFO - mask1 ratio: 0.02, mask2 ratio: 0.14, mask3 ratio: 0.10, mask4 ratio: 0.74
2026-01-22 17:54:17,840 - root - INFO - mask1 ratio: 0.02, mask2 ratio: 0.10, mask3 ratio: 0.10, mask4 ratio: 0.78
2026-01-22 17:54:18,127 - root - INFO - mask1 ratio: 0.03, mask2 ratio: 0.25, mask3 ratio: 0.10, mask4 ratio: 0.62
2026-01-22 17:54:18,414 - root - INFO - mask1 ratio: 0.03, mask2 ratio: 0.15, mask3 ratio: 0.10, mask4 ratio: 0.72
2026-01-22 17:54:18,702 - root - INFO - mask1 ratio: 0.02, mask2 ratio: 0.12, mask3 ratio: 0.10, mask4 ratio: 0.76
2026-01-22 17:54:19,020 - root - INFO - mask1 ratio: 0.02, mask2 ratio: 0.09, mask3 ratio: 0.10, mask4 ratio: 0.79
2026-01-22 17:54:19,404 - root - INFO - mask1 ratio: 0.02, mask2 ratio: 0.09, mask3 ratio: 0.10, mask4 ratio: 0.79
2026-01-22 17:54:19,691 - root - INFO - mask1 ratio: 0.02, mask2 ratio: 0.16, mask3 ratio: 0.10, mask4 ratio: 0.72
2026-01-22 17:54:19,975 - root - INFO - mask1 ratio: 0.02, mask2 ratio: 0.06, mask3 ratio: 0.10, mask4 ratio: 0.82
2026-01-22 17:54:20,259 - root - INFO - mask1 ratio: 0.01, mask2 ratio: 0.02, mask3 ratio: 0.10, mask4 ratio: 0.88
2026-01-22 17:54:20,546 - root - INFO - mask1 ratio: 0.01, mask2 ratio: 0.03, mask3 ratio: 0.10, mask4 ratio: 0.86
2026-01-22 17:54:20,834 - root - INFO - mask1 ratio: 0.02, mask2 ratio: 0.08, mask3 ratio: 0.10, mask4 ratio: 0.81
2026-01-22 17:54:21,118 - root - INFO - mask1 ratio: 0.02, mask2 ratio: 0.11, mask3 ratio: 0.10, mask4 ratio: 0.78
2026-01-22 17:54:21,407 - root - INFO - mask1 ratio: 0.02, mask2 ratio: 0.09, mask3 ratio: 0.10, mask4 ratio: 0.79
2026-01-22 17:54:21,695 - root - INFO - mask1 ratio: 0.01, mask2 ratio: 0.06, mask3 ratio: 0.10, mask4 ratio: 0.83
2026-01-22 17:54:21,979 - root - INFO - mask1 ratio: 0.01, mask2 ratio: 0.05, mask3 ratio: 0.10, mask4 ratio: 0.84
2026-01-22 17:54:22,264 - root - INFO - mask1 ratio: 0.01, mask2 ratio: 0.05, mask3 ratio: 0.10, mask4 ratio: 0.84
2026-01-22 17:54:22,547 - root - INFO - mask1 ratio: 0.01, mask2 ratio: 0.04, mask3 ratio: 0.10, mask4 ratio: 0.85
2026-01-22 17:54:22,580 - root - INFO - time 5.86
2026-01-22 17:54:22,588 - root - INFO - 28 fc2
2026-01-22 17:54:22,588 - root - INFO - Quantizing ...
2026-01-22 17:54:22,888 - root - INFO - mask1 ratio: 0.01, mask2 ratio: 0.03, mask3 ratio: 0.10, mask4 ratio: 0.86
2026-01-22 17:54:23,100 - root - INFO - mask1 ratio: 0.01, mask2 ratio: 0.06, mask3 ratio: 0.10, mask4 ratio: 0.83
2026-01-22 17:54:23,320 - root - INFO - mask1 ratio: 0.01, mask2 ratio: 0.02, mask3 ratio: 0.10, mask4 ratio: 0.87
2026-01-22 17:54:23,506 - root - INFO - mask1 ratio: 0.01, mask2 ratio: 0.06, mask3 ratio: 0.10, mask4 ratio: 0.83
2026-01-22 17:54:23,721 - root - INFO - mask1 ratio: 0.00, mask2 ratio: 0.03, mask3 ratio: 0.10, mask4 ratio: 0.87
2026-01-22 17:54:23,944 - root - INFO - mask1 ratio: 0.01, mask2 ratio: 0.07, mask3 ratio: 0.10, mask4 ratio: 0.81
2026-01-22 17:54:24,234 - root - INFO - mask1 ratio: 0.01, mask2 ratio: 0.05, mask3 ratio: 0.10, mask4 ratio: 0.85
2026-01-22 17:54:24,452 - root - INFO - mask1 ratio: 0.01, mask2 ratio: 0.12, mask3 ratio: 0.10, mask4 ratio: 0.77
2026-01-22 17:54:24,664 - root - INFO - mask1 ratio: 0.01, mask2 ratio: 0.04, mask3 ratio: 0.10, mask4 ratio: 0.85
2026-01-22 17:54:24,878 - root - INFO - mask1 ratio: 0.01, mask2 ratio: 0.03, mask3 ratio: 0.10, mask4 ratio: 0.86
2026-01-22 17:54:25,088 - root - INFO - mask1 ratio: 0.01, mask2 ratio: 0.04, mask3 ratio: 0.10, mask4 ratio: 0.85
2026-01-22 17:54:25,298 - root - INFO - mask1 ratio: 0.01, mask2 ratio: 0.04, mask3 ratio: 0.10, mask4 ratio: 0.85
2026-01-22 17:54:25,511 - root - INFO - mask1 ratio: 0.01, mask2 ratio: 0.06, mask3 ratio: 0.10, mask4 ratio: 0.82
2026-01-22 17:54:25,722 - root - INFO - mask1 ratio: 0.01, mask2 ratio: 0.03, mask3 ratio: 0.10, mask4 ratio: 0.85
2026-01-22 17:54:25,934 - root - INFO - mask1 ratio: 0.01, mask2 ratio: 0.04, mask3 ratio: 0.10, mask4 ratio: 0.85
2026-01-22 17:54:26,146 - root - INFO - mask1 ratio: 0.01, mask2 ratio: 0.04, mask3 ratio: 0.10, mask4 ratio: 0.85
2026-01-22 17:54:26,356 - root - INFO - mask1 ratio: 0.01, mask2 ratio: 0.05, mask3 ratio: 0.10, mask4 ratio: 0.85
2026-01-22 17:54:26,568 - root - INFO - mask1 ratio: 0.01, mask2 ratio: 0.05, mask3 ratio: 0.10, mask4 ratio: 0.84
2026-01-22 17:54:26,780 - root - INFO - mask1 ratio: 0.01, mask2 ratio: 0.03, mask3 ratio: 0.10, mask4 ratio: 0.87
2026-01-22 17:54:26,994 - root - INFO - mask1 ratio: 0.01, mask2 ratio: 0.03, mask3 ratio: 0.10, mask4 ratio: 0.87
2026-01-22 17:54:27,206 - root - INFO - mask1 ratio: 0.01, mask2 ratio: 0.05, mask3 ratio: 0.10, mask4 ratio: 0.84
2026-01-22 17:54:27,419 - root - INFO - mask1 ratio: 0.04, mask2 ratio: 0.32, mask3 ratio: 0.10, mask4 ratio: 0.54
2026-01-22 17:54:27,628 - root - INFO - mask1 ratio: 0.00, mask2 ratio: 0.03, mask3 ratio: 0.10, mask4 ratio: 0.87
2026-01-22 17:54:27,840 - root - INFO - mask1 ratio: 0.01, mask2 ratio: 0.04, mask3 ratio: 0.10, mask4 ratio: 0.85
2026-01-22 17:54:28,057 - root - INFO - mask1 ratio: 0.01, mask2 ratio: 0.03, mask3 ratio: 0.10, mask4 ratio: 0.86
2026-01-22 17:54:28,268 - root - INFO - mask1 ratio: 0.01, mask2 ratio: 0.04, mask3 ratio: 0.10, mask4 ratio: 0.85
2026-01-22 17:54:28,481 - root - INFO - mask1 ratio: 0.01, mask2 ratio: 0.04, mask3 ratio: 0.10, mask4 ratio: 0.85
2026-01-22 17:54:28,692 - root - INFO - mask1 ratio: 0.01, mask2 ratio: 0.04, mask3 ratio: 0.10, mask4 ratio: 0.85
2026-01-22 17:54:28,902 - root - INFO - mask1 ratio: 0.01, mask2 ratio: 0.03, mask3 ratio: 0.10, mask4 ratio: 0.86
2026-01-22 17:54:29,113 - root - INFO - mask1 ratio: 0.01, mask2 ratio: 0.04, mask3 ratio: 0.10, mask4 ratio: 0.85
2026-01-22 17:54:29,325 - root - INFO - mask1 ratio: 0.02, mask2 ratio: 0.15, mask3 ratio: 0.10, mask4 ratio: 0.73
2026-01-22 17:54:29,675 - root - INFO - mask1 ratio: 0.01, mask2 ratio: 0.02, mask3 ratio: 0.10, mask4 ratio: 0.87
2026-01-22 17:54:29,887 - root - INFO - mask1 ratio: 0.01, mask2 ratio: 0.04, mask3 ratio: 0.10, mask4 ratio: 0.85
2026-01-22 17:54:30,100 - root - INFO - mask1 ratio: 0.01, mask2 ratio: 0.06, mask3 ratio: 0.10, mask4 ratio: 0.83
2026-01-22 17:54:30,313 - root - INFO - mask1 ratio: 0.01, mask2 ratio: 0.05, mask3 ratio: 0.10, mask4 ratio: 0.84
2026-01-22 17:54:30,525 - root - INFO - mask1 ratio: 0.01, mask2 ratio: 0.04, mask3 ratio: 0.10, mask4 ratio: 0.85
2026-01-22 17:54:30,736 - root - INFO - mask1 ratio: 0.01, mask2 ratio: 0.03, mask3 ratio: 0.10, mask4 ratio: 0.86
2026-01-22 17:54:30,948 - root - INFO - mask1 ratio: 0.01, mask2 ratio: 0.03, mask3 ratio: 0.10, mask4 ratio: 0.86
2026-01-22 17:54:31,161 - root - INFO - mask1 ratio: 0.01, mask2 ratio: 0.07, mask3 ratio: 0.10, mask4 ratio: 0.82
2026-01-22 17:54:31,379 - root - INFO - mask1 ratio: 0.01, mask2 ratio: 0.05, mask3 ratio: 0.10, mask4 ratio: 0.84
2026-01-22 17:54:31,590 - root - INFO - mask1 ratio: 0.01, mask2 ratio: 0.06, mask3 ratio: 0.10, mask4 ratio: 0.84
2026-01-22 17:54:31,801 - root - INFO - mask1 ratio: 0.02, mask2 ratio: 0.08, mask3 ratio: 0.10, mask4 ratio: 0.80
2026-01-22 17:54:32,014 - root - INFO - mask1 ratio: 0.01, mask2 ratio: 0.06, mask3 ratio: 0.10, mask4 ratio: 0.83
2026-01-22 17:54:32,226 - root - INFO - mask1 ratio: 0.01, mask2 ratio: 0.06, mask3 ratio: 0.10, mask4 ratio: 0.82
2026-01-22 17:54:32,439 - root - INFO - mask1 ratio: 0.01, mask2 ratio: 0.04, mask3 ratio: 0.10, mask4 ratio: 0.85
2026-01-22 17:54:32,654 - root - INFO - mask1 ratio: 0.02, mask2 ratio: 0.08, mask3 ratio: 0.10, mask4 ratio: 0.81
2026-01-22 17:54:32,865 - root - INFO - mask1 ratio: 0.01, mask2 ratio: 0.03, mask3 ratio: 0.10, mask4 ratio: 0.87
2026-01-22 17:54:33,078 - root - INFO - mask1 ratio: 0.01, mask2 ratio: 0.03, mask3 ratio: 0.10, mask4 ratio: 0.87
2026-01-22 17:54:33,289 - root - INFO - mask1 ratio: 0.01, mask2 ratio: 0.04, mask3 ratio: 0.10, mask4 ratio: 0.85
2026-01-22 17:54:33,500 - root - INFO - mask1 ratio: 0.02, mask2 ratio: 0.07, mask3 ratio: 0.10, mask4 ratio: 0.81
2026-01-22 17:54:33,711 - root - INFO - mask1 ratio: 0.01, mask2 ratio: 0.03, mask3 ratio: 0.10, mask4 ratio: 0.86
2026-01-22 17:54:33,924 - root - INFO - mask1 ratio: 0.02, mask2 ratio: 0.06, mask3 ratio: 0.10, mask4 ratio: 0.82
2026-01-22 17:54:34,137 - root - INFO - mask1 ratio: 0.01, mask2 ratio: 0.04, mask3 ratio: 0.10, mask4 ratio: 0.85
2026-01-22 17:54:34,347 - root - INFO - mask1 ratio: 0.01, mask2 ratio: 0.03, mask3 ratio: 0.10, mask4 ratio: 0.86
2026-01-22 17:54:34,558 - root - INFO - mask1 ratio: 0.01, mask2 ratio: 0.04, mask3 ratio: 0.10, mask4 ratio: 0.85
2026-01-22 17:54:34,769 - root - INFO - mask1 ratio: 0.01, mask2 ratio: 0.02, mask3 ratio: 0.10, mask4 ratio: 0.87
2026-01-22 17:54:35,067 - root - INFO - mask1 ratio: 0.01, mask2 ratio: 0.02, mask3 ratio: 0.10, mask4 ratio: 0.87
2026-01-22 17:54:35,283 - root - INFO - mask1 ratio: 0.01, mask2 ratio: 0.04, mask3 ratio: 0.10, mask4 ratio: 0.85
2026-01-22 17:54:35,493 - root - INFO - mask1 ratio: 0.01, mask2 ratio: 0.08, mask3 ratio: 0.10, mask4 ratio: 0.81
2026-01-22 17:54:35,704 - root - INFO - mask1 ratio: 0.01, mask2 ratio: 0.03, mask3 ratio: 0.10, mask4 ratio: 0.86
2026-01-22 17:54:35,915 - root - INFO - mask1 ratio: 0.01, mask2 ratio: 0.07, mask3 ratio: 0.10, mask4 ratio: 0.82
2026-01-22 17:54:36,127 - root - INFO - mask1 ratio: 0.01, mask2 ratio: 0.04, mask3 ratio: 0.10, mask4 ratio: 0.85
2026-01-22 17:54:36,356 - root - INFO - mask1 ratio: 0.02, mask2 ratio: 0.07, mask3 ratio: 0.10, mask4 ratio: 0.81
2026-01-22 17:54:36,569 - root - INFO - mask1 ratio: 0.01, mask2 ratio: 0.03, mask3 ratio: 0.10, mask4 ratio: 0.86
2026-01-22 17:54:36,794 - root - INFO - mask1 ratio: 0.01, mask2 ratio: 0.02, mask3 ratio: 0.10, mask4 ratio: 0.87
2026-01-22 17:54:37,023 - root - INFO - mask1 ratio: 0.01, mask2 ratio: 0.02, mask3 ratio: 0.10, mask4 ratio: 0.87
2026-01-22 17:54:37,253 - root - INFO - mask1 ratio: 0.01, mask2 ratio: 0.04, mask3 ratio: 0.10, mask4 ratio: 0.85
2026-01-22 17:54:37,479 - root - INFO - mask1 ratio: 0.02, mask2 ratio: 0.08, mask3 ratio: 0.10, mask4 ratio: 0.81
2026-01-22 17:54:37,706 - root - INFO - mask1 ratio: 0.02, mask2 ratio: 0.09, mask3 ratio: 0.10, mask4 ratio: 0.79
2026-01-22 17:54:37,934 - root - INFO - mask1 ratio: 0.01, mask2 ratio: 0.05, mask3 ratio: 0.10, mask4 ratio: 0.84
2026-01-22 17:54:38,155 - root - INFO - mask1 ratio: 0.00, mask2 ratio: 0.02, mask3 ratio: 0.10, mask4 ratio: 0.88
2026-01-22 17:54:38,377 - root - INFO - mask1 ratio: 0.01, mask2 ratio: 0.03, mask3 ratio: 0.10, mask4 ratio: 0.86
2026-01-22 17:54:38,600 - root - INFO - mask1 ratio: 0.00, mask2 ratio: 0.03, mask3 ratio: 0.10, mask4 ratio: 0.87
2026-01-22 17:54:38,817 - root - INFO - mask1 ratio: 0.01, mask2 ratio: 0.03, mask3 ratio: 0.10, mask4 ratio: 0.86
2026-01-22 17:54:39,041 - root - INFO - mask1 ratio: 0.00, mask2 ratio: 0.02, mask3 ratio: 0.10, mask4 ratio: 0.88
2026-01-22 17:54:39,259 - root - INFO - mask1 ratio: 0.01, mask2 ratio: 0.08, mask3 ratio: 0.10, mask4 ratio: 0.81
2026-01-22 17:54:39,486 - root - INFO - mask1 ratio: 0.00, mask2 ratio: 0.03, mask3 ratio: 0.10, mask4 ratio: 0.87
2026-01-22 17:54:39,726 - root - INFO - mask1 ratio: 0.01, mask2 ratio: 0.08, mask3 ratio: 0.10, mask4 ratio: 0.81
2026-01-22 17:54:39,955 - root - INFO - mask1 ratio: 0.01, mask2 ratio: 0.00, mask3 ratio: 0.10, mask4 ratio: 0.88
2026-01-22 17:54:40,202 - root - INFO - mask1 ratio: 0.01, mask2 ratio: 0.04, mask3 ratio: 0.10, mask4 ratio: 0.85
2026-01-22 17:54:40,232 - root - INFO - time 17.64
2026-01-22 17:54:42,626 - root - INFO - 29 self_attn.k_proj
2026-01-22 17:54:42,626 - root - INFO - Quantizing ...
2026-01-22 17:54:43,252 - root - INFO - mask1 ratio: 0.01, mask2 ratio: 0.03, mask3 ratio: 0.11, mask4 ratio: 0.85
2026-01-22 17:54:43,481 - root - INFO - mask1 ratio: 0.01, mask2 ratio: 0.02, mask3 ratio: 0.11, mask4 ratio: 0.87
2026-01-22 17:54:43,694 - root - INFO - mask1 ratio: 0.01, mask2 ratio: 0.00, mask3 ratio: 0.11, mask4 ratio: 0.87
2026-01-22 17:54:43,906 - root - INFO - mask1 ratio: 0.02, mask2 ratio: 0.11, mask3 ratio: 0.10, mask4 ratio: 0.77
2026-01-22 17:54:44,117 - root - INFO - mask1 ratio: 0.04, mask2 ratio: 0.28, mask3 ratio: 0.10, mask4 ratio: 0.58
2026-01-22 17:54:44,330 - root - INFO - mask1 ratio: 0.03, mask2 ratio: 0.13, mask3 ratio: 0.10, mask4 ratio: 0.74
2026-01-22 17:54:44,542 - root - INFO - mask1 ratio: 0.02, mask2 ratio: 0.10, mask3 ratio: 0.10, mask4 ratio: 0.78
2026-01-22 17:54:44,752 - root - INFO - mask1 ratio: 0.02, mask2 ratio: 0.06, mask3 ratio: 0.10, mask4 ratio: 0.82
2026-01-22 17:54:44,963 - root - INFO - mask1 ratio: 0.01, mask2 ratio: 0.02, mask3 ratio: 0.11, mask4 ratio: 0.86
2026-01-22 17:54:45,174 - root - INFO - mask1 ratio: 0.04, mask2 ratio: 0.29, mask3 ratio: 0.10, mask4 ratio: 0.57
2026-01-22 17:54:45,385 - root - INFO - mask1 ratio: 0.02, mask2 ratio: 0.12, mask3 ratio: 0.10, mask4 ratio: 0.76
2026-01-22 17:54:45,597 - root - INFO - mask1 ratio: 0.01, mask2 ratio: 0.00, mask3 ratio: 0.10, mask4 ratio: 0.88
2026-01-22 17:54:45,813 - root - INFO - mask1 ratio: 0.01, mask2 ratio: 0.02, mask3 ratio: 0.11, mask4 ratio: 0.87
2026-01-22 17:54:46,038 - root - INFO - mask1 ratio: 0.01, mask2 ratio: 0.02, mask3 ratio: 0.10, mask4 ratio: 0.87
2026-01-22 17:54:46,262 - root - INFO - mask1 ratio: 0.01, mask2 ratio: 0.03, mask3 ratio: 0.10, mask4 ratio: 0.85
2026-01-22 17:54:46,491 - root - INFO - mask1 ratio: 0.03, mask2 ratio: 0.15, mask3 ratio: 0.10, mask4 ratio: 0.73
2026-01-22 17:54:46,703 - root - INFO - mask1 ratio: 0.03, mask2 ratio: 0.14, mask3 ratio: 0.10, mask4 ratio: 0.73
2026-01-22 17:54:46,913 - root - INFO - mask1 ratio: 0.01, mask2 ratio: 0.05, mask3 ratio: 0.10, mask4 ratio: 0.84
2026-01-22 17:54:47,123 - root - INFO - mask1 ratio: 0.01, mask2 ratio: 0.05, mask3 ratio: 0.10, mask4 ratio: 0.84
2026-01-22 17:54:47,334 - root - INFO - mask1 ratio: 0.01, mask2 ratio: 0.02, mask3 ratio: 0.10, mask4 ratio: 0.88
2026-01-22 17:54:47,361 - root - INFO - time 4.73
2026-01-22 17:54:47,372 - root - INFO - 29 self_attn.v_proj
2026-01-22 17:54:47,372 - root - INFO - Quantizing ...
2026-01-22 17:54:47,567 - root - INFO - mask1 ratio: 0.02, mask2 ratio: 0.13, mask3 ratio: 0.10, mask4 ratio: 0.75
2026-01-22 17:54:47,809 - root - INFO - mask1 ratio: 0.03, mask2 ratio: 0.17, mask3 ratio: 0.10, mask4 ratio: 0.70
2026-01-22 17:54:48,071 - root - INFO - mask1 ratio: 0.02, mask2 ratio: 0.18, mask3 ratio: 0.10, mask4 ratio: 0.70
2026-01-22 17:54:48,281 - root - INFO - mask1 ratio: 0.02, mask2 ratio: 0.13, mask3 ratio: 0.10, mask4 ratio: 0.74
2026-01-22 17:54:48,493 - root - INFO - mask1 ratio: 0.02, mask2 ratio: 0.12, mask3 ratio: 0.10, mask4 ratio: 0.76
2026-01-22 17:54:48,706 - root - INFO - mask1 ratio: 0.03, mask2 ratio: 0.30, mask3 ratio: 0.10, mask4 ratio: 0.57
2026-01-22 17:54:48,916 - root - INFO - mask1 ratio: 0.02, mask2 ratio: 0.11, mask3 ratio: 0.10, mask4 ratio: 0.77
2026-01-22 17:54:49,126 - root - INFO - mask1 ratio: 0.02, mask2 ratio: 0.16, mask3 ratio: 0.10, mask4 ratio: 0.72
2026-01-22 17:54:49,336 - root - INFO - mask1 ratio: 0.02, mask2 ratio: 0.18, mask3 ratio: 0.10, mask4 ratio: 0.70
2026-01-22 17:54:49,547 - root - INFO - mask1 ratio: 0.02, mask2 ratio: 0.14, mask3 ratio: 0.10, mask4 ratio: 0.74
2026-01-22 17:54:49,765 - root - INFO - mask1 ratio: 0.02, mask2 ratio: 0.09, mask3 ratio: 0.10, mask4 ratio: 0.80
2026-01-22 17:54:49,987 - root - INFO - mask1 ratio: 0.03, mask2 ratio: 0.22, mask3 ratio: 0.10, mask4 ratio: 0.65
2026-01-22 17:54:50,207 - root - INFO - mask1 ratio: 0.04, mask2 ratio: 0.34, mask3 ratio: 0.10, mask4 ratio: 0.52
2026-01-22 17:54:50,429 - root - INFO - mask1 ratio: 0.02, mask2 ratio: 0.14, mask3 ratio: 0.10, mask4 ratio: 0.74
2026-01-22 17:54:50,650 - root - INFO - mask1 ratio: 0.02, mask2 ratio: 0.13, mask3 ratio: 0.10, mask4 ratio: 0.75
2026-01-22 17:54:50,860 - root - INFO - mask1 ratio: 0.02, mask2 ratio: 0.08, mask3 ratio: 0.10, mask4 ratio: 0.80
2026-01-22 17:54:51,071 - root - INFO - mask1 ratio: 0.02, mask2 ratio: 0.14, mask3 ratio: 0.10, mask4 ratio: 0.74
2026-01-22 17:54:51,281 - root - INFO - mask1 ratio: 0.01, mask2 ratio: 0.06, mask3 ratio: 0.10, mask4 ratio: 0.83
2026-01-22 17:54:51,494 - root - INFO - mask1 ratio: 0.02, mask2 ratio: 0.08, mask3 ratio: 0.10, mask4 ratio: 0.81
2026-01-22 17:54:51,705 - root - INFO - mask1 ratio: 0.01, mask2 ratio: 0.03, mask3 ratio: 0.10, mask4 ratio: 0.86
2026-01-22 17:54:51,731 - root - INFO - time 4.36
2026-01-22 17:54:51,734 - root - INFO - 29 self_attn.q_proj
2026-01-22 17:54:51,734 - root - INFO - Quantizing ...
2026-01-22 17:54:51,925 - root - INFO - mask1 ratio: 0.01, mask2 ratio: 0.05, mask3 ratio: 0.10, mask4 ratio: 0.85
2026-01-22 17:54:52,140 - root - INFO - mask1 ratio: 0.02, mask2 ratio: 0.12, mask3 ratio: 0.10, mask4 ratio: 0.76
2026-01-22 17:54:52,351 - root - INFO - mask1 ratio: 0.01, mask2 ratio: 0.07, mask3 ratio: 0.10, mask4 ratio: 0.82
2026-01-22 17:54:52,560 - root - INFO - mask1 ratio: 0.01, mask2 ratio: 0.07, mask3 ratio: 0.10, mask4 ratio: 0.81
2026-01-22 17:54:52,773 - root - INFO - mask1 ratio: 0.03, mask2 ratio: 0.17, mask3 ratio: 0.10, mask4 ratio: 0.70
2026-01-22 17:54:52,983 - root - INFO - mask1 ratio: 0.01, mask2 ratio: 0.04, mask3 ratio: 0.10, mask4 ratio: 0.85
2026-01-22 17:54:53,328 - root - INFO - mask1 ratio: 0.01, mask2 ratio: 0.04, mask3 ratio: 0.10, mask4 ratio: 0.85
2026-01-22 17:54:53,539 - root - INFO - mask1 ratio: 0.02, mask2 ratio: 0.11, mask3 ratio: 0.10, mask4 ratio: 0.77
2026-01-22 17:54:53,751 - root - INFO - mask1 ratio: 0.01, mask2 ratio: 0.03, mask3 ratio: 0.10, mask4 ratio: 0.86
2026-01-22 17:54:53,962 - root - INFO - mask1 ratio: 0.01, mask2 ratio: 0.03, mask3 ratio: 0.10, mask4 ratio: 0.86
2026-01-22 17:54:54,173 - root - INFO - mask1 ratio: 0.01, mask2 ratio: 0.04, mask3 ratio: 0.10, mask4 ratio: 0.85
2026-01-22 17:54:54,384 - root - INFO - mask1 ratio: 0.00, mask2 ratio: 0.02, mask3 ratio: 0.10, mask4 ratio: 0.88
2026-01-22 17:54:54,610 - root - INFO - mask1 ratio: 0.01, mask2 ratio: 0.02, mask3 ratio: 0.10, mask4 ratio: 0.88
2026-01-22 17:54:54,824 - root - INFO - mask1 ratio: 0.01, mask2 ratio: 0.06, mask3 ratio: 0.10, mask4 ratio: 0.83
2026-01-22 17:54:55,035 - root - INFO - mask1 ratio: 0.01, mask2 ratio: 0.04, mask3 ratio: 0.10, mask4 ratio: 0.85
2026-01-22 17:54:55,247 - root - INFO - mask1 ratio: 0.02, mask2 ratio: 0.13, mask3 ratio: 0.10, mask4 ratio: 0.75
2026-01-22 17:54:55,458 - root - INFO - mask1 ratio: 0.02, mask2 ratio: 0.15, mask3 ratio: 0.10, mask4 ratio: 0.73
2026-01-22 17:54:55,668 - root - INFO - mask1 ratio: 0.01, mask2 ratio: 0.02, mask3 ratio: 0.10, mask4 ratio: 0.87
2026-01-22 17:54:55,881 - root - INFO - mask1 ratio: 0.01, mask2 ratio: 0.03, mask3 ratio: 0.10, mask4 ratio: 0.86
2026-01-22 17:54:56,091 - root - INFO - mask1 ratio: 0.01, mask2 ratio: 0.02, mask3 ratio: 0.10, mask4 ratio: 0.87
2026-01-22 17:54:56,117 - root - INFO - time 4.38
2026-01-22 17:54:56,120 - root - INFO - 29 self_attn.out_proj
2026-01-22 17:54:56,120 - root - INFO - Quantizing ...
2026-01-22 17:54:56,313 - root - INFO - mask1 ratio: 0.04, mask2 ratio: 0.33, mask3 ratio: 0.10, mask4 ratio: 0.52
2026-01-22 17:54:56,533 - root - INFO - mask1 ratio: 0.04, mask2 ratio: 0.34, mask3 ratio: 0.10, mask4 ratio: 0.53
2026-01-22 17:54:56,744 - root - INFO - mask1 ratio: 0.04, mask2 ratio: 0.34, mask3 ratio: 0.10, mask4 ratio: 0.52
2026-01-22 17:54:56,958 - root - INFO - mask1 ratio: 0.04, mask2 ratio: 0.33, mask3 ratio: 0.10, mask4 ratio: 0.53
2026-01-22 17:54:57,169 - root - INFO - mask1 ratio: 0.04, mask2 ratio: 0.34, mask3 ratio: 0.10, mask4 ratio: 0.53
2026-01-22 17:54:57,379 - root - INFO - mask1 ratio: 0.04, mask2 ratio: 0.34, mask3 ratio: 0.10, mask4 ratio: 0.53
2026-01-22 17:54:57,590 - root - INFO - mask1 ratio: 0.04, mask2 ratio: 0.34, mask3 ratio: 0.10, mask4 ratio: 0.53
2026-01-22 17:54:57,801 - root - INFO - mask1 ratio: 0.04, mask2 ratio: 0.34, mask3 ratio: 0.10, mask4 ratio: 0.52
2026-01-22 17:54:58,017 - root - INFO - mask1 ratio: 0.03, mask2 ratio: 0.30, mask3 ratio: 0.10, mask4 ratio: 0.56
2026-01-22 17:54:58,230 - root - INFO - mask1 ratio: 0.04, mask2 ratio: 0.34, mask3 ratio: 0.10, mask4 ratio: 0.53
2026-01-22 17:54:58,474 - root - INFO - mask1 ratio: 0.03, mask2 ratio: 0.26, mask3 ratio: 0.10, mask4 ratio: 0.60
2026-01-22 17:54:58,733 - root - INFO - mask1 ratio: 0.02, mask2 ratio: 0.14, mask3 ratio: 0.10, mask4 ratio: 0.74
2026-01-22 17:54:58,945 - root - INFO - mask1 ratio: 0.04, mask2 ratio: 0.34, mask3 ratio: 0.10, mask4 ratio: 0.52
2026-01-22 17:54:59,156 - root - INFO - mask1 ratio: 0.02, mask2 ratio: 0.08, mask3 ratio: 0.10, mask4 ratio: 0.81
2026-01-22 17:54:59,365 - root - INFO - mask1 ratio: 0.04, mask2 ratio: 0.34, mask3 ratio: 0.10, mask4 ratio: 0.52
2026-01-22 17:54:59,575 - root - INFO - mask1 ratio: 0.04, mask2 ratio: 0.29, mask3 ratio: 0.10, mask4 ratio: 0.57
2026-01-22 17:54:59,785 - root - INFO - mask1 ratio: 0.05, mask2 ratio: 0.34, mask3 ratio: 0.10, mask4 ratio: 0.52
2026-01-22 17:54:59,998 - root - INFO - mask1 ratio: 0.04, mask2 ratio: 0.34, mask3 ratio: 0.10, mask4 ratio: 0.52
2026-01-22 17:55:00,208 - root - INFO - mask1 ratio: 0.01, mask2 ratio: 0.04, mask3 ratio: 0.10, mask4 ratio: 0.85
2026-01-22 17:55:00,418 - root - INFO - mask1 ratio: 0.01, mask2 ratio: 0.04, mask3 ratio: 0.10, mask4 ratio: 0.85
2026-01-22 17:55:00,444 - root - INFO - time 4.32
2026-01-22 17:55:00,447 - root - INFO - 29 fc1
2026-01-22 17:55:00,447 - root - INFO - Quantizing ...
2026-01-22 17:55:00,709 - root - INFO - mask1 ratio: 0.02, mask2 ratio: 0.10, mask3 ratio: 0.10, mask4 ratio: 0.78
2026-01-22 17:55:00,996 - root - INFO - mask1 ratio: 0.02, mask2 ratio: 0.13, mask3 ratio: 0.10, mask4 ratio: 0.74
2026-01-22 17:55:01,284 - root - INFO - mask1 ratio: 0.02, mask2 ratio: 0.16, mask3 ratio: 0.10, mask4 ratio: 0.71
2026-01-22 17:55:01,572 - root - INFO - mask1 ratio: 0.02, mask2 ratio: 0.11, mask3 ratio: 0.10, mask4 ratio: 0.77
2026-01-22 17:55:01,860 - root - INFO - mask1 ratio: 0.03, mask2 ratio: 0.19, mask3 ratio: 0.10, mask4 ratio: 0.68
2026-01-22 17:55:02,147 - root - INFO - mask1 ratio: 0.02, mask2 ratio: 0.13, mask3 ratio: 0.10, mask4 ratio: 0.74
2026-01-22 17:55:02,431 - root - INFO - mask1 ratio: 0.02, mask2 ratio: 0.11, mask3 ratio: 0.10, mask4 ratio: 0.77
2026-01-22 17:55:02,720 - root - INFO - mask1 ratio: 0.02, mask2 ratio: 0.12, mask3 ratio: 0.10, mask4 ratio: 0.76
2026-01-22 17:55:03,006 - root - INFO - mask1 ratio: 0.02, mask2 ratio: 0.08, mask3 ratio: 0.10, mask4 ratio: 0.81
2026-01-22 17:55:03,328 - root - INFO - mask1 ratio: 0.02, mask2 ratio: 0.09, mask3 ratio: 0.10, mask4 ratio: 0.79
2026-01-22 17:55:03,706 - root - INFO - mask1 ratio: 0.02, mask2 ratio: 0.07, mask3 ratio: 0.10, mask4 ratio: 0.81
2026-01-22 17:55:03,991 - root - INFO - mask1 ratio: 0.01, mask2 ratio: 0.02, mask3 ratio: 0.10, mask4 ratio: 0.88
2026-01-22 17:55:04,278 - root - INFO - mask1 ratio: 0.02, mask2 ratio: 0.10, mask3 ratio: 0.10, mask4 ratio: 0.78
2026-01-22 17:55:04,562 - root - INFO - mask1 ratio: 0.02, mask2 ratio: 0.06, mask3 ratio: 0.10, mask4 ratio: 0.82
2026-01-22 17:55:04,844 - root - INFO - mask1 ratio: 0.01, mask2 ratio: 0.05, mask3 ratio: 0.10, mask4 ratio: 0.84
2026-01-22 17:55:05,130 - root - INFO - mask1 ratio: 0.01, mask2 ratio: 0.06, mask3 ratio: 0.10, mask4 ratio: 0.82
2026-01-22 17:55:05,422 - root - INFO - mask1 ratio: 0.02, mask2 ratio: 0.08, mask3 ratio: 0.10, mask4 ratio: 0.81
2026-01-22 17:55:05,705 - root - INFO - mask1 ratio: 0.01, mask2 ratio: 0.06, mask3 ratio: 0.10, mask4 ratio: 0.83
2026-01-22 17:55:05,988 - root - INFO - mask1 ratio: 0.01, mask2 ratio: 0.05, mask3 ratio: 0.10, mask4 ratio: 0.84
2026-01-22 17:55:06,272 - root - INFO - mask1 ratio: 0.01, mask2 ratio: 0.03, mask3 ratio: 0.10, mask4 ratio: 0.86
2026-01-22 17:55:06,305 - root - INFO - time 5.86
2026-01-22 17:55:06,313 - root - INFO - 29 fc2
2026-01-22 17:55:06,313 - root - INFO - Quantizing ...
2026-01-22 17:55:06,613 - root - INFO - mask1 ratio: 0.01, mask2 ratio: 0.10, mask3 ratio: 0.10, mask4 ratio: 0.79
2026-01-22 17:55:06,825 - root - INFO - mask1 ratio: 0.01, mask2 ratio: 0.05, mask3 ratio: 0.10, mask4 ratio: 0.84
2026-01-22 17:55:07,036 - root - INFO - mask1 ratio: 0.02, mask2 ratio: 0.10, mask3 ratio: 0.10, mask4 ratio: 0.78
2026-01-22 17:55:07,249 - root - INFO - mask1 ratio: 0.03, mask2 ratio: 0.24, mask3 ratio: 0.10, mask4 ratio: 0.63
2026-01-22 17:55:07,461 - root - INFO - mask1 ratio: 0.01, mask2 ratio: 0.03, mask3 ratio: 0.10, mask4 ratio: 0.87
2026-01-22 17:55:07,674 - root - INFO - mask1 ratio: 0.02, mask2 ratio: 0.08, mask3 ratio: 0.10, mask4 ratio: 0.81
2026-01-22 17:55:07,885 - root - INFO - mask1 ratio: 0.00, mask2 ratio: 0.03, mask3 ratio: 0.10, mask4 ratio: 0.87
2026-01-22 17:55:08,098 - root - INFO - mask1 ratio: 0.01, mask2 ratio: 0.03, mask3 ratio: 0.10, mask4 ratio: 0.87
2026-01-22 17:55:08,312 - root - INFO - mask1 ratio: 0.01, mask2 ratio: 0.05, mask3 ratio: 0.10, mask4 ratio: 0.85
2026-01-22 17:55:08,614 - root - INFO - mask1 ratio: 0.02, mask2 ratio: 0.12, mask3 ratio: 0.10, mask4 ratio: 0.76
2026-01-22 17:55:08,825 - root - INFO - mask1 ratio: 0.00, mask2 ratio: 0.03, mask3 ratio: 0.10, mask4 ratio: 0.86
2026-01-22 17:55:09,036 - root - INFO - mask1 ratio: 0.01, mask2 ratio: 0.05, mask3 ratio: 0.10, mask4 ratio: 0.84
2026-01-22 17:55:09,248 - root - INFO - mask1 ratio: 0.01, mask2 ratio: 0.05, mask3 ratio: 0.10, mask4 ratio: 0.85
2026-01-22 17:55:09,459 - root - INFO - mask1 ratio: 0.01, mask2 ratio: 0.03, mask3 ratio: 0.10, mask4 ratio: 0.86
2026-01-22 17:55:09,691 - root - INFO - mask1 ratio: 0.01, mask2 ratio: 0.04, mask3 ratio: 0.10, mask4 ratio: 0.85
2026-01-22 17:55:09,928 - root - INFO - mask1 ratio: 0.01, mask2 ratio: 0.05, mask3 ratio: 0.10, mask4 ratio: 0.84
2026-01-22 17:55:10,138 - root - INFO - mask1 ratio: 0.01, mask2 ratio: 0.03, mask3 ratio: 0.10, mask4 ratio: 0.86
2026-01-22 17:55:10,351 - root - INFO - mask1 ratio: 0.01, mask2 ratio: 0.03, mask3 ratio: 0.10, mask4 ratio: 0.86
2026-01-22 17:55:10,561 - root - INFO - mask1 ratio: 0.00, mask2 ratio: 0.03, mask3 ratio: 0.10, mask4 ratio: 0.87
2026-01-22 17:55:10,771 - root - INFO - mask1 ratio: 0.01, mask2 ratio: 0.02, mask3 ratio: 0.10, mask4 ratio: 0.87
2026-01-22 17:55:10,981 - root - INFO - mask1 ratio: 0.01, mask2 ratio: 0.06, mask3 ratio: 0.10, mask4 ratio: 0.83
2026-01-22 17:55:11,192 - root - INFO - mask1 ratio: 0.01, mask2 ratio: 0.02, mask3 ratio: 0.10, mask4 ratio: 0.88
2026-01-22 17:55:11,405 - root - INFO - mask1 ratio: 0.01, mask2 ratio: 0.06, mask3 ratio: 0.10, mask4 ratio: 0.82
2026-01-22 17:55:11,620 - root - INFO - mask1 ratio: 0.02, mask2 ratio: 0.16, mask3 ratio: 0.10, mask4 ratio: 0.72
2026-01-22 17:55:11,831 - root - INFO - mask1 ratio: 0.01, mask2 ratio: 0.02, mask3 ratio: 0.10, mask4 ratio: 0.87
2026-01-22 17:55:12,043 - root - INFO - mask1 ratio: 0.01, mask2 ratio: 0.13, mask3 ratio: 0.10, mask4 ratio: 0.75
2026-01-22 17:55:12,256 - root - INFO - mask1 ratio: 0.02, mask2 ratio: 0.18, mask3 ratio: 0.10, mask4 ratio: 0.70
2026-01-22 17:55:12,467 - root - INFO - mask1 ratio: 0.00, mask2 ratio: 0.03, mask3 ratio: 0.10, mask4 ratio: 0.87
2026-01-22 17:55:12,678 - root - INFO - mask1 ratio: 0.02, mask2 ratio: 0.07, mask3 ratio: 0.10, mask4 ratio: 0.81
2026-01-22 17:55:12,888 - root - INFO - mask1 ratio: 0.01, mask2 ratio: 0.03, mask3 ratio: 0.10, mask4 ratio: 0.87
2026-01-22 17:55:13,098 - root - INFO - mask1 ratio: 0.01, mask2 ratio: 0.06, mask3 ratio: 0.10, mask4 ratio: 0.83
2026-01-22 17:55:13,311 - root - INFO - mask1 ratio: 0.02, mask2 ratio: 0.11, mask3 ratio: 0.10, mask4 ratio: 0.78
2026-01-22 17:55:13,526 - root - INFO - mask1 ratio: 0.01, mask2 ratio: 0.05, mask3 ratio: 0.10, mask4 ratio: 0.84
2026-01-22 17:55:13,784 - root - INFO - mask1 ratio: 0.01, mask2 ratio: 0.04, mask3 ratio: 0.10, mask4 ratio: 0.85
2026-01-22 17:55:14,089 - root - INFO - mask1 ratio: 0.01, mask2 ratio: 0.04, mask3 ratio: 0.10, mask4 ratio: 0.85
2026-01-22 17:55:14,313 - root - INFO - mask1 ratio: 0.01, mask2 ratio: 0.09, mask3 ratio: 0.10, mask4 ratio: 0.80
2026-01-22 17:55:14,535 - root - INFO - mask1 ratio: 0.01, mask2 ratio: 0.04, mask3 ratio: 0.10, mask4 ratio: 0.85
2026-01-22 17:55:14,755 - root - INFO - mask1 ratio: 0.00, mask2 ratio: 0.03, mask3 ratio: 0.10, mask4 ratio: 0.87
2026-01-22 17:55:14,977 - root - INFO - mask1 ratio: 0.01, mask2 ratio: 0.07, mask3 ratio: 0.10, mask4 ratio: 0.82
2026-01-22 17:55:15,189 - root - INFO - mask1 ratio: 0.01, mask2 ratio: 0.04, mask3 ratio: 0.10, mask4 ratio: 0.85
2026-01-22 17:55:15,402 - root - INFO - mask1 ratio: 0.01, mask2 ratio: 0.03, mask3 ratio: 0.10, mask4 ratio: 0.86
2026-01-22 17:55:15,614 - root - INFO - mask1 ratio: 0.01, mask2 ratio: 0.05, mask3 ratio: 0.10, mask4 ratio: 0.85
2026-01-22 17:55:15,830 - root - INFO - mask1 ratio: 0.01, mask2 ratio: 0.03, mask3 ratio: 0.10, mask4 ratio: 0.86
2026-01-22 17:55:16,052 - root - INFO - mask1 ratio: 0.02, mask2 ratio: 0.12, mask3 ratio: 0.10, mask4 ratio: 0.77
2026-01-22 17:55:16,264 - root - INFO - mask1 ratio: 0.01, mask2 ratio: 0.04, mask3 ratio: 0.10, mask4 ratio: 0.85
2026-01-22 17:55:16,477 - root - INFO - mask1 ratio: 0.02, mask2 ratio: 0.15, mask3 ratio: 0.10, mask4 ratio: 0.74
2026-01-22 17:55:16,690 - root - INFO - mask1 ratio: 0.01, mask2 ratio: 0.03, mask3 ratio: 0.10, mask4 ratio: 0.86
2026-01-22 17:55:16,902 - root - INFO - mask1 ratio: 0.01, mask2 ratio: 0.05, mask3 ratio: 0.10, mask4 ratio: 0.84
2026-01-22 17:55:17,113 - root - INFO - mask1 ratio: 0.01, mask2 ratio: 0.05, mask3 ratio: 0.10, mask4 ratio: 0.85
2026-01-22 17:55:17,326 - root - INFO - mask1 ratio: 0.02, mask2 ratio: 0.09, mask3 ratio: 0.10, mask4 ratio: 0.80
2026-01-22 17:55:17,539 - root - INFO - mask1 ratio: 0.01, mask2 ratio: 0.04, mask3 ratio: 0.10, mask4 ratio: 0.85
2026-01-22 17:55:17,758 - root - INFO - mask1 ratio: 0.02, mask2 ratio: 0.17, mask3 ratio: 0.10, mask4 ratio: 0.71
2026-01-22 17:55:17,979 - root - INFO - mask1 ratio: 0.02, mask2 ratio: 0.18, mask3 ratio: 0.10, mask4 ratio: 0.70
2026-01-22 17:55:18,195 - root - INFO - mask1 ratio: 0.01, mask2 ratio: 0.04, mask3 ratio: 0.10, mask4 ratio: 0.85
2026-01-22 17:55:18,407 - root - INFO - mask1 ratio: 0.01, mask2 ratio: 0.04, mask3 ratio: 0.10, mask4 ratio: 0.85
2026-01-22 17:55:18,620 - root - INFO - mask1 ratio: 0.02, mask2 ratio: 0.20, mask3 ratio: 0.10, mask4 ratio: 0.67
2026-01-22 17:55:18,831 - root - INFO - mask1 ratio: 0.02, mask2 ratio: 0.17, mask3 ratio: 0.10, mask4 ratio: 0.70
2026-01-22 17:55:19,042 - root - INFO - mask1 ratio: 0.01, mask2 ratio: 0.04, mask3 ratio: 0.10, mask4 ratio: 0.85
2026-01-22 17:55:19,319 - root - INFO - mask1 ratio: 0.00, mask2 ratio: 0.03, mask3 ratio: 0.10, mask4 ratio: 0.87
2026-01-22 17:55:19,548 - root - INFO - mask1 ratio: 0.01, mask2 ratio: 0.04, mask3 ratio: 0.10, mask4 ratio: 0.85
2026-01-22 17:55:19,758 - root - INFO - mask1 ratio: 0.01, mask2 ratio: 0.05, mask3 ratio: 0.10, mask4 ratio: 0.84
2026-01-22 17:55:19,968 - root - INFO - mask1 ratio: 0.01, mask2 ratio: 0.02, mask3 ratio: 0.10, mask4 ratio: 0.88
2026-01-22 17:55:20,179 - root - INFO - mask1 ratio: 0.01, mask2 ratio: 0.08, mask3 ratio: 0.10, mask4 ratio: 0.81
2026-01-22 17:55:20,388 - root - INFO - mask1 ratio: 0.01, mask2 ratio: 0.05, mask3 ratio: 0.10, mask4 ratio: 0.84
2026-01-22 17:55:20,600 - root - INFO - mask1 ratio: 0.01, mask2 ratio: 0.02, mask3 ratio: 0.10, mask4 ratio: 0.87
2026-01-22 17:55:20,817 - root - INFO - mask1 ratio: 0.01, mask2 ratio: 0.06, mask3 ratio: 0.10, mask4 ratio: 0.83
2026-01-22 17:55:21,039 - root - INFO - mask1 ratio: 0.00, mask2 ratio: 0.02, mask3 ratio: 0.10, mask4 ratio: 0.88
2026-01-22 17:55:21,260 - root - INFO - mask1 ratio: 0.01, mask2 ratio: 0.03, mask3 ratio: 0.10, mask4 ratio: 0.86
2026-01-22 17:55:21,493 - root - INFO - mask1 ratio: 0.02, mask2 ratio: 0.07, mask3 ratio: 0.10, mask4 ratio: 0.81
2026-01-22 17:55:21,705 - root - INFO - mask1 ratio: 0.01, mask2 ratio: 0.08, mask3 ratio: 0.10, mask4 ratio: 0.81
2026-01-22 17:55:21,915 - root - INFO - mask1 ratio: 0.00, mask2 ratio: 0.03, mask3 ratio: 0.10, mask4 ratio: 0.87
2026-01-22 17:55:22,126 - root - INFO - mask1 ratio: 0.00, mask2 ratio: 0.03, mask3 ratio: 0.10, mask4 ratio: 0.87
2026-01-22 17:55:22,337 - root - INFO - mask1 ratio: 0.00, mask2 ratio: 0.03, mask3 ratio: 0.10, mask4 ratio: 0.87
2026-01-22 17:55:22,548 - root - INFO - mask1 ratio: 0.01, mask2 ratio: 0.06, mask3 ratio: 0.10, mask4 ratio: 0.83
2026-01-22 17:55:22,770 - root - INFO - mask1 ratio: 0.01, mask2 ratio: 0.04, mask3 ratio: 0.10, mask4 ratio: 0.85
2026-01-22 17:55:22,991 - root - INFO - mask1 ratio: 0.01, mask2 ratio: 0.04, mask3 ratio: 0.10, mask4 ratio: 0.85
2026-01-22 17:55:23,202 - root - INFO - mask1 ratio: 0.01, mask2 ratio: 0.05, mask3 ratio: 0.10, mask4 ratio: 0.85
2026-01-22 17:55:23,413 - root - INFO - mask1 ratio: 0.01, mask2 ratio: 0.05, mask3 ratio: 0.10, mask4 ratio: 0.85
2026-01-22 17:55:23,626 - root - INFO - mask1 ratio: 0.02, mask2 ratio: 0.19, mask3 ratio: 0.10, mask4 ratio: 0.69
2026-01-22 17:55:23,836 - root - INFO - mask1 ratio: 0.00, mask2 ratio: 0.02, mask3 ratio: 0.10, mask4 ratio: 0.88
2026-01-22 17:55:23,862 - root - INFO - time 17.55
2026-01-22 17:55:26,096 - root - INFO - 30 self_attn.k_proj
2026-01-22 17:55:26,097 - root - INFO - Quantizing ...
2026-01-22 17:55:26,775 - root - INFO - mask1 ratio: 0.02, mask2 ratio: 0.07, mask3 ratio: 0.10, mask4 ratio: 0.81
2026-01-22 17:55:27,058 - root - INFO - mask1 ratio: 0.00, mask2 ratio: 0.02, mask3 ratio: 0.11, mask4 ratio: 0.87
2026-01-22 17:55:27,269 - root - INFO - mask1 ratio: 0.01, mask2 ratio: 0.02, mask3 ratio: 0.11, mask4 ratio: 0.87
2026-01-22 17:55:27,480 - root - INFO - mask1 ratio: 0.03, mask2 ratio: 0.16, mask3 ratio: 0.10, mask4 ratio: 0.71
2026-01-22 17:55:27,691 - root - INFO - mask1 ratio: 0.03, mask2 ratio: 0.14, mask3 ratio: 0.10, mask4 ratio: 0.74
2026-01-22 17:55:27,904 - root - INFO - mask1 ratio: 0.04, mask2 ratio: 0.18, mask3 ratio: 0.10, mask4 ratio: 0.68
2026-01-22 17:55:28,115 - root - INFO - mask1 ratio: 0.02, mask2 ratio: 0.11, mask3 ratio: 0.10, mask4 ratio: 0.77
2026-01-22 17:55:28,325 - root - INFO - mask1 ratio: 0.03, mask2 ratio: 0.15, mask3 ratio: 0.10, mask4 ratio: 0.72
2026-01-22 17:55:28,536 - root - INFO - mask1 ratio: 0.01, mask2 ratio: 0.02, mask3 ratio: 0.11, mask4 ratio: 0.86
2026-01-22 17:55:28,746 - root - INFO - mask1 ratio: 0.03, mask2 ratio: 0.18, mask3 ratio: 0.10, mask4 ratio: 0.69
2026-01-22 17:55:28,958 - root - INFO - mask1 ratio: 0.03, mask2 ratio: 0.15, mask3 ratio: 0.10, mask4 ratio: 0.72
2026-01-22 17:55:29,169 - root - INFO - mask1 ratio: 0.01, mask2 ratio: 0.00, mask3 ratio: 0.11, mask4 ratio: 0.87
2026-01-22 17:55:29,389 - root - INFO - mask1 ratio: 0.01, mask2 ratio: 0.02, mask3 ratio: 0.10, mask4 ratio: 0.88
2026-01-22 17:55:29,599 - root - INFO - mask1 ratio: 0.01, mask2 ratio: 0.03, mask3 ratio: 0.11, mask4 ratio: 0.85
2026-01-22 17:55:29,810 - root - INFO - mask1 ratio: 0.02, mask2 ratio: 0.05, mask3 ratio: 0.10, mask4 ratio: 0.83
2026-01-22 17:55:30,023 - root - INFO - mask1 ratio: 0.03, mask2 ratio: 0.13, mask3 ratio: 0.10, mask4 ratio: 0.74
2026-01-22 17:55:30,234 - root - INFO - mask1 ratio: 0.04, mask2 ratio: 0.26, mask3 ratio: 0.10, mask4 ratio: 0.60
2026-01-22 17:55:30,444 - root - INFO - mask1 ratio: 0.02, mask2 ratio: 0.08, mask3 ratio: 0.10, mask4 ratio: 0.81
2026-01-22 17:55:30,654 - root - INFO - mask1 ratio: 0.02, mask2 ratio: 0.06, mask3 ratio: 0.10, mask4 ratio: 0.82
2026-01-22 17:55:30,864 - root - INFO - mask1 ratio: 0.00, mask2 ratio: 0.02, mask3 ratio: 0.10, mask4 ratio: 0.88
2026-01-22 17:55:30,892 - root - INFO - time 4.80
2026-01-22 17:55:30,902 - root - INFO - 30 self_attn.v_proj
2026-01-22 17:55:30,902 - root - INFO - Quantizing ...
2026-01-22 17:55:31,095 - root - INFO - mask1 ratio: 0.04, mask2 ratio: 0.31, mask3 ratio: 0.10, mask4 ratio: 0.56
2026-01-22 17:55:31,305 - root - INFO - mask1 ratio: 0.02, mask2 ratio: 0.08, mask3 ratio: 0.10, mask4 ratio: 0.81
2026-01-22 17:55:31,516 - root - INFO - mask1 ratio: 0.03, mask2 ratio: 0.19, mask3 ratio: 0.10, mask4 ratio: 0.69
2026-01-22 17:55:31,731 - root - INFO - mask1 ratio: 0.04, mask2 ratio: 0.32, mask3 ratio: 0.10, mask4 ratio: 0.54
2026-01-22 17:55:31,942 - root - INFO - mask1 ratio: 0.03, mask2 ratio: 0.19, mask3 ratio: 0.10, mask4 ratio: 0.68
2026-01-22 17:55:32,245 - root - INFO - mask1 ratio: 0.04, mask2 ratio: 0.33, mask3 ratio: 0.10, mask4 ratio: 0.53
2026-01-22 17:55:32,458 - root - INFO - mask1 ratio: 0.03, mask2 ratio: 0.19, mask3 ratio: 0.10, mask4 ratio: 0.68
2026-01-22 17:55:32,668 - root - INFO - mask1 ratio: 0.03, mask2 ratio: 0.28, mask3 ratio: 0.10, mask4 ratio: 0.59
2026-01-22 17:55:32,879 - root - INFO - mask1 ratio: 0.03, mask2 ratio: 0.21, mask3 ratio: 0.10, mask4 ratio: 0.66
2026-01-22 17:55:33,097 - root - INFO - mask1 ratio: 0.03, mask2 ratio: 0.23, mask3 ratio: 0.10, mask4 ratio: 0.63
2026-01-22 17:55:33,307 - root - INFO - mask1 ratio: 0.03, mask2 ratio: 0.28, mask3 ratio: 0.10, mask4 ratio: 0.59
2026-01-22 17:55:33,524 - root - INFO - mask1 ratio: 0.04, mask2 ratio: 0.34, mask3 ratio: 0.10, mask4 ratio: 0.53
2026-01-22 17:55:33,734 - root - INFO - mask1 ratio: 0.04, mask2 ratio: 0.33, mask3 ratio: 0.10, mask4 ratio: 0.53
2026-01-22 17:55:33,944 - root - INFO - mask1 ratio: 0.02, mask2 ratio: 0.13, mask3 ratio: 0.10, mask4 ratio: 0.75
2026-01-22 17:55:34,156 - root - INFO - mask1 ratio: 0.02, mask2 ratio: 0.15, mask3 ratio: 0.10, mask4 ratio: 0.73
2026-01-22 17:55:34,393 - root - INFO - mask1 ratio: 0.03, mask2 ratio: 0.17, mask3 ratio: 0.10, mask4 ratio: 0.70
2026-01-22 17:55:34,603 - root - INFO - mask1 ratio: 0.02, mask2 ratio: 0.16, mask3 ratio: 0.10, mask4 ratio: 0.72
2026-01-22 17:55:34,812 - root - INFO - mask1 ratio: 0.01, mask2 ratio: 0.04, mask3 ratio: 0.10, mask4 ratio: 0.85
2026-01-22 17:55:35,022 - root - INFO - mask1 ratio: 0.02, mask2 ratio: 0.11, mask3 ratio: 0.10, mask4 ratio: 0.77
2026-01-22 17:55:35,232 - root - INFO - mask1 ratio: 0.01, mask2 ratio: 0.03, mask3 ratio: 0.10, mask4 ratio: 0.86
2026-01-22 17:55:35,259 - root - INFO - time 4.36
2026-01-22 17:55:35,262 - root - INFO - 30 self_attn.q_proj
2026-01-22 17:55:35,262 - root - INFO - Quantizing ...
2026-01-22 17:55:35,452 - root - INFO - mask1 ratio: 0.01, mask2 ratio: 0.03, mask3 ratio: 0.10, mask4 ratio: 0.86
2026-01-22 17:55:35,662 - root - INFO - mask1 ratio: 0.02, mask2 ratio: 0.11, mask3 ratio: 0.10, mask4 ratio: 0.77
2026-01-22 17:55:35,872 - root - INFO - mask1 ratio: 0.01, mask2 ratio: 0.06, mask3 ratio: 0.10, mask4 ratio: 0.82
2026-01-22 17:55:36,083 - root - INFO - mask1 ratio: 0.03, mask2 ratio: 0.15, mask3 ratio: 0.10, mask4 ratio: 0.72
2026-01-22 17:55:36,293 - root - INFO - mask1 ratio: 0.01, mask2 ratio: 0.07, mask3 ratio: 0.10, mask4 ratio: 0.81
2026-01-22 17:55:36,502 - root - INFO - mask1 ratio: 0.01, mask2 ratio: 0.04, mask3 ratio: 0.10, mask4 ratio: 0.85
2026-01-22 17:55:36,714 - root - INFO - mask1 ratio: 0.02, mask2 ratio: 0.13, mask3 ratio: 0.10, mask4 ratio: 0.74
2026-01-22 17:55:36,923 - root - INFO - mask1 ratio: 0.02, mask2 ratio: 0.08, mask3 ratio: 0.10, mask4 ratio: 0.81
2026-01-22 17:55:37,133 - root - INFO - mask1 ratio: 0.01, mask2 ratio: 0.03, mask3 ratio: 0.10, mask4 ratio: 0.86
2026-01-22 17:55:37,383 - root - INFO - mask1 ratio: 0.01, mask2 ratio: 0.03, mask3 ratio: 0.10, mask4 ratio: 0.86
2026-01-22 17:55:37,684 - root - INFO - mask1 ratio: 0.01, mask2 ratio: 0.04, mask3 ratio: 0.10, mask4 ratio: 0.85
2026-01-22 17:55:37,903 - root - INFO - mask1 ratio: 0.01, mask2 ratio: 0.02, mask3 ratio: 0.10, mask4 ratio: 0.88
2026-01-22 17:55:38,114 - root - INFO - mask1 ratio: 0.01, mask2 ratio: 0.03, mask3 ratio: 0.11, mask4 ratio: 0.86
2026-01-22 17:55:38,326 - root - INFO - mask1 ratio: 0.01, mask2 ratio: 0.06, mask3 ratio: 0.10, mask4 ratio: 0.83
2026-01-22 17:55:38,537 - root - INFO - mask1 ratio: 0.01, mask2 ratio: 0.04, mask3 ratio: 0.10, mask4 ratio: 0.85
2026-01-22 17:55:38,747 - root - INFO - mask1 ratio: 0.01, mask2 ratio: 0.04, mask3 ratio: 0.10, mask4 ratio: 0.85
2026-01-22 17:55:38,958 - root - INFO - mask1 ratio: 0.02, mask2 ratio: 0.09, mask3 ratio: 0.10, mask4 ratio: 0.79
2026-01-22 17:55:39,168 - root - INFO - mask1 ratio: 0.01, mask2 ratio: 0.03, mask3 ratio: 0.10, mask4 ratio: 0.87
2026-01-22 17:55:39,380 - root - INFO - mask1 ratio: 0.01, mask2 ratio: 0.03, mask3 ratio: 0.10, mask4 ratio: 0.86
2026-01-22 17:55:39,594 - root - INFO - mask1 ratio: 0.01, mask2 ratio: 0.02, mask3 ratio: 0.10, mask4 ratio: 0.87
2026-01-22 17:55:39,620 - root - INFO - time 4.36
2026-01-22 17:55:39,623 - root - INFO - 30 self_attn.out_proj
2026-01-22 17:55:39,624 - root - INFO - Quantizing ...
2026-01-22 17:55:39,827 - root - INFO - mask1 ratio: 0.04, mask2 ratio: 0.34, mask3 ratio: 0.10, mask4 ratio: 0.52
2026-01-22 17:55:40,046 - root - INFO - mask1 ratio: 0.03, mask2 ratio: 0.23, mask3 ratio: 0.10, mask4 ratio: 0.63
2026-01-22 17:55:40,267 - root - INFO - mask1 ratio: 0.04, mask2 ratio: 0.34, mask3 ratio: 0.10, mask4 ratio: 0.52
2026-01-22 17:55:40,477 - root - INFO - mask1 ratio: 0.01, mask2 ratio: 0.03, mask3 ratio: 0.10, mask4 ratio: 0.85
2026-01-22 17:55:40,690 - root - INFO - mask1 ratio: 0.04, mask2 ratio: 0.32, mask3 ratio: 0.10, mask4 ratio: 0.54
2026-01-22 17:55:40,900 - root - INFO - mask1 ratio: 0.04, mask2 ratio: 0.33, mask3 ratio: 0.10, mask4 ratio: 0.53
2026-01-22 17:55:41,111 - root - INFO - mask1 ratio: 0.03, mask2 ratio: 0.22, mask3 ratio: 0.10, mask4 ratio: 0.65
2026-01-22 17:55:41,323 - root - INFO - mask1 ratio: 0.04, mask2 ratio: 0.34, mask3 ratio: 0.10, mask4 ratio: 0.52
2026-01-22 17:55:41,534 - root - INFO - mask1 ratio: 0.03, mask2 ratio: 0.22, mask3 ratio: 0.10, mask4 ratio: 0.65
2026-01-22 17:55:41,744 - root - INFO - mask1 ratio: 0.03, mask2 ratio: 0.31, mask3 ratio: 0.10, mask4 ratio: 0.56
2026-01-22 17:55:41,954 - root - INFO - mask1 ratio: 0.01, mask2 ratio: 0.04, mask3 ratio: 0.10, mask4 ratio: 0.85
2026-01-22 17:55:42,164 - root - INFO - mask1 ratio: 0.03, mask2 ratio: 0.22, mask3 ratio: 0.10, mask4 ratio: 0.65
2026-01-22 17:55:42,377 - root - INFO - mask1 ratio: 0.04, mask2 ratio: 0.33, mask3 ratio: 0.10, mask4 ratio: 0.53
2026-01-22 17:55:42,611 - root - INFO - mask1 ratio: 0.01, mask2 ratio: 0.02, mask3 ratio: 0.10, mask4 ratio: 0.87
2026-01-22 17:55:42,909 - root - INFO - mask1 ratio: 0.01, mask2 ratio: 0.08, mask3 ratio: 0.10, mask4 ratio: 0.81
2026-01-22 17:55:43,124 - root - INFO - mask1 ratio: 0.03, mask2 ratio: 0.22, mask3 ratio: 0.10, mask4 ratio: 0.65
2026-01-22 17:55:43,334 - root - INFO - mask1 ratio: 0.02, mask2 ratio: 0.11, mask3 ratio: 0.10, mask4 ratio: 0.78
2026-01-22 17:55:43,544 - root - INFO - mask1 ratio: 0.02, mask2 ratio: 0.16, mask3 ratio: 0.10, mask4 ratio: 0.72
2026-01-22 17:55:43,756 - root - INFO - mask1 ratio: 0.01, mask2 ratio: 0.07, mask3 ratio: 0.10, mask4 ratio: 0.81
2026-01-22 17:55:43,966 - root - INFO - mask1 ratio: 0.01, mask2 ratio: 0.04, mask3 ratio: 0.10, mask4 ratio: 0.85
2026-01-22 17:55:43,992 - root - INFO - time 4.37
2026-01-22 17:55:43,995 - root - INFO - 30 fc1
2026-01-22 17:55:43,995 - root - INFO - Quantizing ...
2026-01-22 17:55:44,260 - root - INFO - mask1 ratio: 0.02, mask2 ratio: 0.16, mask3 ratio: 0.10, mask4 ratio: 0.72
2026-01-22 17:55:44,545 - root - INFO - mask1 ratio: 0.02, mask2 ratio: 0.13, mask3 ratio: 0.10, mask4 ratio: 0.75
2026-01-22 17:55:44,833 - root - INFO - mask1 ratio: 0.03, mask2 ratio: 0.20, mask3 ratio: 0.10, mask4 ratio: 0.67
2026-01-22 17:55:45,119 - root - INFO - mask1 ratio: 0.04, mask2 ratio: 0.29, mask3 ratio: 0.10, mask4 ratio: 0.58
2026-01-22 17:55:45,409 - root - INFO - mask1 ratio: 0.03, mask2 ratio: 0.22, mask3 ratio: 0.10, mask4 ratio: 0.65
2026-01-22 17:55:45,700 - root - INFO - mask1 ratio: 0.02, mask2 ratio: 0.11, mask3 ratio: 0.10, mask4 ratio: 0.77
2026-01-22 17:55:45,989 - root - INFO - mask1 ratio: 0.02, mask2 ratio: 0.11, mask3 ratio: 0.10, mask4 ratio: 0.77
2026-01-22 17:55:46,282 - root - INFO - mask1 ratio: 0.02, mask2 ratio: 0.13, mask3 ratio: 0.10, mask4 ratio: 0.75
2026-01-22 17:55:46,578 - root - INFO - mask1 ratio: 0.03, mask2 ratio: 0.17, mask3 ratio: 0.10, mask4 ratio: 0.70
2026-01-22 17:55:46,871 - root - INFO - mask1 ratio: 0.01, mask2 ratio: 0.06, mask3 ratio: 0.10, mask4 ratio: 0.82
2026-01-22 17:55:47,170 - root - INFO - mask1 ratio: 0.01, mask2 ratio: 0.06, mask3 ratio: 0.10, mask4 ratio: 0.83
2026-01-22 17:55:47,492 - root - INFO - mask1 ratio: 0.01, mask2 ratio: 0.02, mask3 ratio: 0.10, mask4 ratio: 0.88
2026-01-22 17:55:47,882 - root - INFO - mask1 ratio: 0.01, mask2 ratio: 0.03, mask3 ratio: 0.10, mask4 ratio: 0.87
2026-01-22 17:55:48,173 - root - INFO - mask1 ratio: 0.01, mask2 ratio: 0.06, mask3 ratio: 0.10, mask4 ratio: 0.83
2026-01-22 17:55:48,461 - root - INFO - mask1 ratio: 0.01, mask2 ratio: 0.03, mask3 ratio: 0.10, mask4 ratio: 0.86
2026-01-22 17:55:48,750 - root - INFO - mask1 ratio: 0.02, mask2 ratio: 0.08, mask3 ratio: 0.10, mask4 ratio: 0.81
2026-01-22 17:55:49,040 - root - INFO - mask1 ratio: 0.02, mask2 ratio: 0.07, mask3 ratio: 0.10, mask4 ratio: 0.81
2026-01-22 17:55:49,330 - root - INFO - mask1 ratio: 0.01, mask2 ratio: 0.03, mask3 ratio: 0.10, mask4 ratio: 0.87
2026-01-22 17:55:49,625 - root - INFO - mask1 ratio: 0.01, mask2 ratio: 0.05, mask3 ratio: 0.10, mask4 ratio: 0.84
2026-01-22 17:55:49,929 - root - INFO - mask1 ratio: 0.01, mask2 ratio: 0.03, mask3 ratio: 0.10, mask4 ratio: 0.87
2026-01-22 17:55:49,962 - root - INFO - time 5.97
2026-01-22 17:55:49,971 - root - INFO - 30 fc2
2026-01-22 17:55:49,971 - root - INFO - Quantizing ...
2026-01-22 17:55:50,274 - root - INFO - mask1 ratio: 0.00, mask2 ratio: 0.04, mask3 ratio: 0.10, mask4 ratio: 0.86
2026-01-22 17:55:50,492 - root - INFO - mask1 ratio: 0.01, mask2 ratio: 0.04, mask3 ratio: 0.10, mask4 ratio: 0.85
2026-01-22 17:55:50,711 - root - INFO - mask1 ratio: 0.01, mask2 ratio: 0.03, mask3 ratio: 0.10, mask4 ratio: 0.86
2026-01-22 17:55:50,939 - root - INFO - mask1 ratio: 0.01, mask2 ratio: 0.04, mask3 ratio: 0.10, mask4 ratio: 0.85
2026-01-22 17:55:51,176 - root - INFO - mask1 ratio: 0.01, mask2 ratio: 0.07, mask3 ratio: 0.10, mask4 ratio: 0.82
2026-01-22 17:55:51,394 - root - INFO - mask1 ratio: 0.01, mask2 ratio: 0.04, mask3 ratio: 0.10, mask4 ratio: 0.85
2026-01-22 17:55:51,619 - root - INFO - mask1 ratio: 0.01, mask2 ratio: 0.09, mask3 ratio: 0.10, mask4 ratio: 0.80
2026-01-22 17:55:51,842 - root - INFO - mask1 ratio: 0.02, mask2 ratio: 0.14, mask3 ratio: 0.10, mask4 ratio: 0.74
2026-01-22 17:55:52,065 - root - INFO - mask1 ratio: 0.01, mask2 ratio: 0.04, mask3 ratio: 0.10, mask4 ratio: 0.85
2026-01-22 17:55:52,295 - root - INFO - mask1 ratio: 0.01, mask2 ratio: 0.04, mask3 ratio: 0.10, mask4 ratio: 0.85
2026-01-22 17:55:52,523 - root - INFO - mask1 ratio: 0.00, mask2 ratio: 0.03, mask3 ratio: 0.10, mask4 ratio: 0.87
2026-01-22 17:55:52,770 - root - INFO - mask1 ratio: 0.00, mask2 ratio: 0.03, mask3 ratio: 0.10, mask4 ratio: 0.87
2026-01-22 17:55:53,052 - root - INFO - mask1 ratio: 0.01, mask2 ratio: 0.04, mask3 ratio: 0.10, mask4 ratio: 0.85
2026-01-22 17:55:53,271 - root - INFO - mask1 ratio: 0.01, mask2 ratio: 0.05, mask3 ratio: 0.10, mask4 ratio: 0.85
2026-01-22 17:55:53,483 - root - INFO - mask1 ratio: 0.01, mask2 ratio: 0.02, mask3 ratio: 0.10, mask4 ratio: 0.87
2026-01-22 17:55:53,697 - root - INFO - mask1 ratio: 0.01, mask2 ratio: 0.05, mask3 ratio: 0.10, mask4 ratio: 0.84
2026-01-22 17:55:53,909 - root - INFO - mask1 ratio: 0.02, mask2 ratio: 0.13, mask3 ratio: 0.10, mask4 ratio: 0.76
2026-01-22 17:55:54,120 - root - INFO - mask1 ratio: 0.01, mask2 ratio: 0.04, mask3 ratio: 0.10, mask4 ratio: 0.85
2026-01-22 17:55:54,333 - root - INFO - mask1 ratio: 0.02, mask2 ratio: 0.13, mask3 ratio: 0.10, mask4 ratio: 0.74
2026-01-22 17:55:54,545 - root - INFO - mask1 ratio: 0.01, mask2 ratio: 0.05, mask3 ratio: 0.10, mask4 ratio: 0.84
2026-01-22 17:55:54,759 - root - INFO - mask1 ratio: 0.01, mask2 ratio: 0.04, mask3 ratio: 0.10, mask4 ratio: 0.85
2026-01-22 17:55:54,974 - root - INFO - mask1 ratio: 0.01, mask2 ratio: 0.05, mask3 ratio: 0.10, mask4 ratio: 0.85
2026-01-22 17:55:55,185 - root - INFO - mask1 ratio: 0.01, mask2 ratio: 0.04, mask3 ratio: 0.10, mask4 ratio: 0.85
2026-01-22 17:55:55,399 - root - INFO - mask1 ratio: 0.01, mask2 ratio: 0.04, mask3 ratio: 0.10, mask4 ratio: 0.85
2026-01-22 17:55:55,612 - root - INFO - mask1 ratio: 0.01, mask2 ratio: 0.04, mask3 ratio: 0.10, mask4 ratio: 0.85
2026-01-22 17:55:55,827 - root - INFO - mask1 ratio: 0.01, mask2 ratio: 0.03, mask3 ratio: 0.10, mask4 ratio: 0.86
2026-01-22 17:55:56,039 - root - INFO - mask1 ratio: 0.01, mask2 ratio: 0.05, mask3 ratio: 0.10, mask4 ratio: 0.85
2026-01-22 17:55:56,249 - root - INFO - mask1 ratio: 0.01, mask2 ratio: 0.05, mask3 ratio: 0.10, mask4 ratio: 0.84
2026-01-22 17:55:56,460 - root - INFO - mask1 ratio: 0.00, mask2 ratio: 0.02, mask3 ratio: 0.10, mask4 ratio: 0.88
2026-01-22 17:55:56,671 - root - INFO - mask1 ratio: 0.01, mask2 ratio: 0.03, mask3 ratio: 0.10, mask4 ratio: 0.86
2026-01-22 17:55:56,885 - root - INFO - mask1 ratio: 0.01, mask2 ratio: 0.11, mask3 ratio: 0.10, mask4 ratio: 0.78
2026-01-22 17:55:57,096 - root - INFO - mask1 ratio: 0.01, mask2 ratio: 0.05, mask3 ratio: 0.10, mask4 ratio: 0.84
2026-01-22 17:55:57,308 - root - INFO - mask1 ratio: 0.01, mask2 ratio: 0.03, mask3 ratio: 0.10, mask4 ratio: 0.87
2026-01-22 17:55:57,529 - root - INFO - mask1 ratio: 0.01, mask2 ratio: 0.11, mask3 ratio: 0.10, mask4 ratio: 0.78
2026-01-22 17:55:57,746 - root - INFO - mask1 ratio: 0.01, mask2 ratio: 0.04, mask3 ratio: 0.10, mask4 ratio: 0.85
2026-01-22 17:55:57,957 - root - INFO - mask1 ratio: 0.01, mask2 ratio: 0.04, mask3 ratio: 0.10, mask4 ratio: 0.85
2026-01-22 17:55:58,243 - root - INFO - mask1 ratio: 0.01, mask2 ratio: 0.06, mask3 ratio: 0.10, mask4 ratio: 0.83
2026-01-22 17:55:58,511 - root - INFO - mask1 ratio: 0.01, mask2 ratio: 0.03, mask3 ratio: 0.10, mask4 ratio: 0.86
2026-01-22 17:55:58,723 - root - INFO - mask1 ratio: 0.01, mask2 ratio: 0.06, mask3 ratio: 0.10, mask4 ratio: 0.83
2026-01-22 17:55:58,936 - root - INFO - mask1 ratio: 0.01, mask2 ratio: 0.07, mask3 ratio: 0.10, mask4 ratio: 0.82
2026-01-22 17:55:59,149 - root - INFO - mask1 ratio: 0.01, mask2 ratio: 0.11, mask3 ratio: 0.10, mask4 ratio: 0.78
2026-01-22 17:55:59,360 - root - INFO - mask1 ratio: 0.01, mask2 ratio: 0.07, mask3 ratio: 0.10, mask4 ratio: 0.81
2026-01-22 17:55:59,571 - root - INFO - mask1 ratio: 0.00, mask2 ratio: 0.03, mask3 ratio: 0.10, mask4 ratio: 0.87
2026-01-22 17:55:59,783 - root - INFO - mask1 ratio: 0.01, mask2 ratio: 0.08, mask3 ratio: 0.10, mask4 ratio: 0.81
2026-01-22 17:55:59,995 - root - INFO - mask1 ratio: 0.01, mask2 ratio: 0.06, mask3 ratio: 0.10, mask4 ratio: 0.84
2026-01-22 17:56:00,206 - root - INFO - mask1 ratio: 0.02, mask2 ratio: 0.12, mask3 ratio: 0.10, mask4 ratio: 0.77
2026-01-22 17:56:00,416 - root - INFO - mask1 ratio: 0.00, mask2 ratio: 0.03, mask3 ratio: 0.10, mask4 ratio: 0.87
2026-01-22 17:56:00,627 - root - INFO - mask1 ratio: 0.01, mask2 ratio: 0.04, mask3 ratio: 0.10, mask4 ratio: 0.85
2026-01-22 17:56:00,842 - root - INFO - mask1 ratio: 0.02, mask2 ratio: 0.16, mask3 ratio: 0.10, mask4 ratio: 0.72
2026-01-22 17:56:01,055 - root - INFO - mask1 ratio: 0.01, mask2 ratio: 0.05, mask3 ratio: 0.10, mask4 ratio: 0.84
2026-01-22 17:56:01,266 - root - INFO - mask1 ratio: 0.01, mask2 ratio: 0.06, mask3 ratio: 0.10, mask4 ratio: 0.83
2026-01-22 17:56:01,478 - root - INFO - mask1 ratio: 0.01, mask2 ratio: 0.02, mask3 ratio: 0.10, mask4 ratio: 0.87
2026-01-22 17:56:01,690 - root - INFO - mask1 ratio: 0.01, mask2 ratio: 0.03, mask3 ratio: 0.10, mask4 ratio: 0.86
2026-01-22 17:56:01,903 - root - INFO - mask1 ratio: 0.00, mask2 ratio: 0.02, mask3 ratio: 0.10, mask4 ratio: 0.88
2026-01-22 17:56:02,115 - root - INFO - mask1 ratio: 0.01, mask2 ratio: 0.00, mask3 ratio: 0.10, mask4 ratio: 0.88
2026-01-22 17:56:02,326 - root - INFO - mask1 ratio: 0.00, mask2 ratio: 0.03, mask3 ratio: 0.10, mask4 ratio: 0.87
2026-01-22 17:56:02,539 - root - INFO - mask1 ratio: 0.00, mask2 ratio: 0.03, mask3 ratio: 0.10, mask4 ratio: 0.87
2026-01-22 17:56:02,749 - root - INFO - mask1 ratio: 0.01, mask2 ratio: 0.03, mask3 ratio: 0.10, mask4 ratio: 0.86
2026-01-22 17:56:02,963 - root - INFO - mask1 ratio: 0.01, mask2 ratio: 0.07, mask3 ratio: 0.10, mask4 ratio: 0.81
2026-01-22 17:56:03,174 - root - INFO - mask1 ratio: 0.01, mask2 ratio: 0.06, mask3 ratio: 0.10, mask4 ratio: 0.83
2026-01-22 17:56:03,386 - root - INFO - mask1 ratio: 0.01, mask2 ratio: 0.03, mask3 ratio: 0.10, mask4 ratio: 0.86
2026-01-22 17:56:03,653 - root - INFO - mask1 ratio: 0.02, mask2 ratio: 0.08, mask3 ratio: 0.10, mask4 ratio: 0.81
2026-01-22 17:56:03,894 - root - INFO - mask1 ratio: 0.01, mask2 ratio: 0.03, mask3 ratio: 0.10, mask4 ratio: 0.86
2026-01-22 17:56:04,105 - root - INFO - mask1 ratio: 0.01, mask2 ratio: 0.02, mask3 ratio: 0.10, mask4 ratio: 0.87
2026-01-22 17:56:04,315 - root - INFO - mask1 ratio: 0.01, mask2 ratio: 0.04, mask3 ratio: 0.10, mask4 ratio: 0.85
2026-01-22 17:56:04,526 - root - INFO - mask1 ratio: 0.01, mask2 ratio: 0.02, mask3 ratio: 0.10, mask4 ratio: 0.87
2026-01-22 17:56:04,736 - root - INFO - mask1 ratio: 0.00, mask2 ratio: 0.03, mask3 ratio: 0.10, mask4 ratio: 0.87
2026-01-22 17:56:04,949 - root - INFO - mask1 ratio: 0.01, mask2 ratio: 0.02, mask3 ratio: 0.10, mask4 ratio: 0.87
2026-01-22 17:56:05,162 - root - INFO - mask1 ratio: 0.01, mask2 ratio: 0.08, mask3 ratio: 0.10, mask4 ratio: 0.81
2026-01-22 17:56:05,375 - root - INFO - mask1 ratio: 0.01, mask2 ratio: 0.06, mask3 ratio: 0.10, mask4 ratio: 0.83
2026-01-22 17:56:05,585 - root - INFO - mask1 ratio: 0.01, mask2 ratio: 0.06, mask3 ratio: 0.10, mask4 ratio: 0.83
2026-01-22 17:56:05,796 - root - INFO - mask1 ratio: 0.01, mask2 ratio: 0.08, mask3 ratio: 0.10, mask4 ratio: 0.81
2026-01-22 17:56:06,010 - root - INFO - mask1 ratio: 0.00, mask2 ratio: 0.03, mask3 ratio: 0.10, mask4 ratio: 0.87
2026-01-22 17:56:06,222 - root - INFO - mask1 ratio: 0.00, mask2 ratio: 0.02, mask3 ratio: 0.10, mask4 ratio: 0.88
2026-01-22 17:56:06,433 - root - INFO - mask1 ratio: 0.00, mask2 ratio: 0.02, mask3 ratio: 0.10, mask4 ratio: 0.88
2026-01-22 17:56:06,643 - root - INFO - mask1 ratio: 0.00, mask2 ratio: 0.02, mask3 ratio: 0.10, mask4 ratio: 0.88
2026-01-22 17:56:06,852 - root - INFO - mask1 ratio: 0.00, mask2 ratio: 0.03, mask3 ratio: 0.10, mask4 ratio: 0.87
2026-01-22 17:56:07,065 - root - INFO - mask1 ratio: 0.01, mask2 ratio: 0.03, mask3 ratio: 0.10, mask4 ratio: 0.87
2026-01-22 17:56:07,277 - root - INFO - mask1 ratio: 0.01, mask2 ratio: 0.08, mask3 ratio: 0.10, mask4 ratio: 0.81
2026-01-22 17:56:07,489 - root - INFO - mask1 ratio: 0.01, mask2 ratio: 0.05, mask3 ratio: 0.10, mask4 ratio: 0.85
2026-01-22 17:56:07,515 - root - INFO - time 17.54
2026-01-22 17:56:09,813 - root - INFO - 31 self_attn.k_proj
2026-01-22 17:56:09,813 - root - INFO - Quantizing ...
2026-01-22 17:56:10,432 - root - INFO - mask1 ratio: 0.01, mask2 ratio: 0.03, mask3 ratio: 0.11, mask4 ratio: 0.85
2026-01-22 17:56:10,643 - root - INFO - mask1 ratio: 0.01, mask2 ratio: 0.02, mask3 ratio: 0.10, mask4 ratio: 0.87
2026-01-22 17:56:10,855 - root - INFO - mask1 ratio: 0.01, mask2 ratio: 0.02, mask3 ratio: 0.11, mask4 ratio: 0.87
2026-01-22 17:56:11,088 - root - INFO - mask1 ratio: 0.04, mask2 ratio: 0.26, mask3 ratio: 0.10, mask4 ratio: 0.60
2026-01-22 17:56:11,412 - root - INFO - mask1 ratio: 0.04, mask2 ratio: 0.23, mask3 ratio: 0.10, mask4 ratio: 0.63
2026-01-22 17:56:11,625 - root - INFO - mask1 ratio: 0.03, mask2 ratio: 0.13, mask3 ratio: 0.10, mask4 ratio: 0.74
2026-01-22 17:56:11,837 - root - INFO - mask1 ratio: 0.03, mask2 ratio: 0.15, mask3 ratio: 0.10, mask4 ratio: 0.72
2026-01-22 17:56:12,050 - root - INFO - mask1 ratio: 0.03, mask2 ratio: 0.14, mask3 ratio: 0.10, mask4 ratio: 0.74
2026-01-22 17:56:12,262 - root - INFO - mask1 ratio: 0.01, mask2 ratio: 0.02, mask3 ratio: 0.10, mask4 ratio: 0.87
2026-01-22 17:56:12,475 - root - INFO - mask1 ratio: 0.03, mask2 ratio: 0.16, mask3 ratio: 0.10, mask4 ratio: 0.71
2026-01-22 17:56:12,687 - root - INFO - mask1 ratio: 0.04, mask2 ratio: 0.25, mask3 ratio: 0.10, mask4 ratio: 0.61
2026-01-22 17:56:12,898 - root - INFO - mask1 ratio: 0.01, mask2 ratio: 0.00, mask3 ratio: 0.11, mask4 ratio: 0.87
2026-01-22 17:56:13,110 - root - INFO - mask1 ratio: 0.01, mask2 ratio: 0.00, mask3 ratio: 0.11, mask4 ratio: 0.87
2026-01-22 17:56:13,324 - root - INFO - mask1 ratio: 0.04, mask2 ratio: 0.25, mask3 ratio: 0.10, mask4 ratio: 0.61
2026-01-22 17:56:13,535 - root - INFO - mask1 ratio: 0.02, mask2 ratio: 0.06, mask3 ratio: 0.10, mask4 ratio: 0.82
2026-01-22 17:56:13,746 - root - INFO - mask1 ratio: 0.04, mask2 ratio: 0.21, mask3 ratio: 0.10, mask4 ratio: 0.66
2026-01-22 17:56:13,957 - root - INFO - mask1 ratio: 0.02, mask2 ratio: 0.09, mask3 ratio: 0.10, mask4 ratio: 0.79
2026-01-22 17:56:14,168 - root - INFO - mask1 ratio: 0.02, mask2 ratio: 0.10, mask3 ratio: 0.10, mask4 ratio: 0.78
2026-01-22 17:56:14,383 - root - INFO - mask1 ratio: 0.01, mask2 ratio: 0.06, mask3 ratio: 0.11, mask4 ratio: 0.82
2026-01-22 17:56:14,595 - root - INFO - mask1 ratio: 0.01, mask2 ratio: 0.02, mask3 ratio: 0.10, mask4 ratio: 0.87
2026-01-22 17:56:14,622 - root - INFO - time 4.81
2026-01-22 17:56:14,633 - root - INFO - 31 self_attn.v_proj
2026-01-22 17:56:14,633 - root - INFO - Quantizing ...
2026-01-22 17:56:14,826 - root - INFO - mask1 ratio: 0.02, mask2 ratio: 0.20, mask3 ratio: 0.10, mask4 ratio: 0.67
2026-01-22 17:56:15,038 - root - INFO - mask1 ratio: 0.03, mask2 ratio: 0.30, mask3 ratio: 0.10, mask4 ratio: 0.57
2026-01-22 17:56:15,249 - root - INFO - mask1 ratio: 0.01, mask2 ratio: 0.03, mask3 ratio: 0.10, mask4 ratio: 0.86
2026-01-22 17:56:15,462 - root - INFO - mask1 ratio: 0.04, mask2 ratio: 0.34, mask3 ratio: 0.10, mask4 ratio: 0.52
2026-01-22 17:56:15,675 - root - INFO - mask1 ratio: 0.03, mask2 ratio: 0.23, mask3 ratio: 0.10, mask4 ratio: 0.65
2026-01-22 17:56:15,893 - root - INFO - mask1 ratio: 0.04, mask2 ratio: 0.33, mask3 ratio: 0.10, mask4 ratio: 0.53
2026-01-22 17:56:16,109 - root - INFO - mask1 ratio: 0.03, mask2 ratio: 0.31, mask3 ratio: 0.10, mask4 ratio: 0.56
2026-01-22 17:56:16,321 - root - INFO - mask1 ratio: 0.04, mask2 ratio: 0.32, mask3 ratio: 0.10, mask4 ratio: 0.55
2026-01-22 17:56:16,610 - root - INFO - mask1 ratio: 0.03, mask2 ratio: 0.26, mask3 ratio: 0.10, mask4 ratio: 0.61
2026-01-22 17:56:16,831 - root - INFO - mask1 ratio: 0.02, mask2 ratio: 0.20, mask3 ratio: 0.10, mask4 ratio: 0.67
2026-01-22 17:56:17,041 - root - INFO - mask1 ratio: 0.02, mask2 ratio: 0.17, mask3 ratio: 0.10, mask4 ratio: 0.70
2026-01-22 17:56:17,250 - root - INFO - mask1 ratio: 0.00, mask2 ratio: 0.02, mask3 ratio: 0.10, mask4 ratio: 0.88
2026-01-22 17:56:17,462 - root - INFO - mask1 ratio: 0.00, mask2 ratio: 0.02, mask3 ratio: 0.10, mask4 ratio: 0.88
2026-01-22 17:56:17,675 - root - INFO - mask1 ratio: 0.03, mask2 ratio: 0.24, mask3 ratio: 0.10, mask4 ratio: 0.63
2026-01-22 17:56:17,885 - root - INFO - mask1 ratio: 0.03, mask2 ratio: 0.22, mask3 ratio: 0.10, mask4 ratio: 0.65
2026-01-22 17:56:18,096 - root - INFO - mask1 ratio: 0.03, mask2 ratio: 0.19, mask3 ratio: 0.10, mask4 ratio: 0.68
2026-01-22 17:56:18,306 - root - INFO - mask1 ratio: 0.02, mask2 ratio: 0.10, mask3 ratio: 0.10, mask4 ratio: 0.78
2026-01-22 17:56:18,518 - root - INFO - mask1 ratio: 0.01, mask2 ratio: 0.04, mask3 ratio: 0.10, mask4 ratio: 0.85
2026-01-22 17:56:18,734 - root - INFO - mask1 ratio: 0.02, mask2 ratio: 0.10, mask3 ratio: 0.10, mask4 ratio: 0.78
2026-01-22 17:56:18,957 - root - INFO - mask1 ratio: 0.01, mask2 ratio: 0.03, mask3 ratio: 0.10, mask4 ratio: 0.87
2026-01-22 17:56:18,984 - root - INFO - time 4.35
2026-01-22 17:56:18,986 - root - INFO - 31 self_attn.q_proj
2026-01-22 17:56:18,986 - root - INFO - Quantizing ...
2026-01-22 17:56:19,192 - root - INFO - mask1 ratio: 0.01, mask2 ratio: 0.03, mask3 ratio: 0.10, mask4 ratio: 0.87
2026-01-22 17:56:19,404 - root - INFO - mask1 ratio: 0.01, mask2 ratio: 0.07, mask3 ratio: 0.10, mask4 ratio: 0.81
2026-01-22 17:56:19,619 - root - INFO - mask1 ratio: 0.01, mask2 ratio: 0.02, mask3 ratio: 0.10, mask4 ratio: 0.87
2026-01-22 17:56:19,829 - root - INFO - mask1 ratio: 0.01, mask2 ratio: 0.05, mask3 ratio: 0.10, mask4 ratio: 0.84
2026-01-22 17:56:20,038 - root - INFO - mask1 ratio: 0.01, mask2 ratio: 0.03, mask3 ratio: 0.10, mask4 ratio: 0.87
2026-01-22 17:56:20,248 - root - INFO - mask1 ratio: 0.01, mask2 ratio: 0.04, mask3 ratio: 0.10, mask4 ratio: 0.85
2026-01-22 17:56:20,459 - root - INFO - mask1 ratio: 0.02, mask2 ratio: 0.08, mask3 ratio: 0.10, mask4 ratio: 0.81
2026-01-22 17:56:20,669 - root - INFO - mask1 ratio: 0.01, mask2 ratio: 0.05, mask3 ratio: 0.10, mask4 ratio: 0.84
2026-01-22 17:56:20,879 - root - INFO - mask1 ratio: 0.01, mask2 ratio: 0.02, mask3 ratio: 0.11, mask4 ratio: 0.86
2026-01-22 17:56:21,088 - root - INFO - mask1 ratio: 0.00, mask2 ratio: 0.02, mask3 ratio: 0.10, mask4 ratio: 0.88
2026-01-22 17:56:21,301 - root - INFO - mask1 ratio: 0.01, mask2 ratio: 0.03, mask3 ratio: 0.10, mask4 ratio: 0.86
2026-01-22 17:56:21,510 - root - INFO - mask1 ratio: 0.01, mask2 ratio: 0.00, mask3 ratio: 0.10, mask4 ratio: 0.88
2026-01-22 17:56:21,747 - root - INFO - mask1 ratio: 0.01, mask2 ratio: 0.02, mask3 ratio: 0.10, mask4 ratio: 0.88
2026-01-22 17:56:22,062 - root - INFO - mask1 ratio: 0.01, mask2 ratio: 0.06, mask3 ratio: 0.10, mask4 ratio: 0.83
2026-01-22 17:56:22,274 - root - INFO - mask1 ratio: 0.01, mask2 ratio: 0.03, mask3 ratio: 0.10, mask4 ratio: 0.87
2026-01-22 17:56:22,485 - root - INFO - mask1 ratio: 0.02, mask2 ratio: 0.07, mask3 ratio: 0.10, mask4 ratio: 0.81
2026-01-22 17:56:22,703 - root - INFO - mask1 ratio: 0.02, mask2 ratio: 0.08, mask3 ratio: 0.10, mask4 ratio: 0.80
2026-01-22 17:56:22,928 - root - INFO - mask1 ratio: 0.00, mask2 ratio: 0.03, mask3 ratio: 0.11, mask4 ratio: 0.86
2026-01-22 17:56:23,139 - root - INFO - mask1 ratio: 0.01, mask2 ratio: 0.04, mask3 ratio: 0.10, mask4 ratio: 0.85
2026-01-22 17:56:23,349 - root - INFO - mask1 ratio: 0.01, mask2 ratio: 0.02, mask3 ratio: 0.10, mask4 ratio: 0.87
2026-01-22 17:56:23,375 - root - INFO - time 4.39
2026-01-22 17:56:23,378 - root - INFO - 31 self_attn.out_proj
2026-01-22 17:56:23,378 - root - INFO - Quantizing ...
2026-01-22 17:56:23,570 - root - INFO - mask1 ratio: 0.03, mask2 ratio: 0.29, mask3 ratio: 0.10, mask4 ratio: 0.58
2026-01-22 17:56:23,783 - root - INFO - mask1 ratio: 0.03, mask2 ratio: 0.23, mask3 ratio: 0.10, mask4 ratio: 0.65
2026-01-22 17:56:23,993 - root - INFO - mask1 ratio: 0.04, mask2 ratio: 0.34, mask3 ratio: 0.10, mask4 ratio: 0.52
2026-01-22 17:56:24,212 - root - INFO - mask1 ratio: 0.02, mask2 ratio: 0.13, mask3 ratio: 0.10, mask4 ratio: 0.75
2026-01-22 17:56:24,435 - root - INFO - mask1 ratio: 0.04, mask2 ratio: 0.28, mask3 ratio: 0.10, mask4 ratio: 0.59
2026-01-22 17:56:24,658 - root - INFO - mask1 ratio: 0.02, mask2 ratio: 0.09, mask3 ratio: 0.10, mask4 ratio: 0.79
2026-01-22 17:56:24,880 - root - INFO - mask1 ratio: 0.03, mask2 ratio: 0.21, mask3 ratio: 0.10, mask4 ratio: 0.66
2026-01-22 17:56:25,102 - root - INFO - mask1 ratio: 0.02, mask2 ratio: 0.16, mask3 ratio: 0.10, mask4 ratio: 0.71
2026-01-22 17:56:25,325 - root - INFO - mask1 ratio: 0.04, mask2 ratio: 0.34, mask3 ratio: 0.10, mask4 ratio: 0.53
2026-01-22 17:56:25,548 - root - INFO - mask1 ratio: 0.04, mask2 ratio: 0.34, mask3 ratio: 0.10, mask4 ratio: 0.53
2026-01-22 17:56:25,762 - root - INFO - mask1 ratio: 0.04, mask2 ratio: 0.34, mask3 ratio: 0.10, mask4 ratio: 0.52
2026-01-22 17:56:25,972 - root - INFO - mask1 ratio: 0.03, mask2 ratio: 0.29, mask3 ratio: 0.10, mask4 ratio: 0.58
2026-01-22 17:56:26,181 - root - INFO - mask1 ratio: 0.02, mask2 ratio: 0.06, mask3 ratio: 0.10, mask4 ratio: 0.82
2026-01-22 17:56:26,392 - root - INFO - mask1 ratio: 0.03, mask2 ratio: 0.22, mask3 ratio: 0.10, mask4 ratio: 0.65
2026-01-22 17:56:26,602 - root - INFO - mask1 ratio: 0.04, mask2 ratio: 0.34, mask3 ratio: 0.10, mask4 ratio: 0.53
2026-01-22 17:56:26,814 - root - INFO - mask1 ratio: 0.02, mask2 ratio: 0.10, mask3 ratio: 0.10, mask4 ratio: 0.78
2026-01-22 17:56:27,023 - root - INFO - mask1 ratio: 0.02, mask2 ratio: 0.12, mask3 ratio: 0.10, mask4 ratio: 0.76
2026-01-22 17:56:27,187 - root - INFO - mask1 ratio: 0.04, mask2 ratio: 0.34, mask3 ratio: 0.10, mask4 ratio: 0.52
2026-01-22 17:56:27,480 - root - INFO - mask1 ratio: 0.02, mask2 ratio: 0.11, mask3 ratio: 0.10, mask4 ratio: 0.77
2026-01-22 17:56:27,690 - root - INFO - mask1 ratio: 0.01, mask2 ratio: 0.08, mask3 ratio: 0.10, mask4 ratio: 0.81
2026-01-22 17:56:27,716 - root - INFO - time 4.34
2026-01-22 17:56:27,719 - root - INFO - 31 fc1
2026-01-22 17:56:27,719 - root - INFO - Quantizing ...
2026-01-22 17:56:27,984 - root - INFO - mask1 ratio: 0.04, mask2 ratio: 0.34, mask3 ratio: 0.10, mask4 ratio: 0.52
2026-01-22 17:56:28,270 - root - INFO - mask1 ratio: 0.03, mask2 ratio: 0.21, mask3 ratio: 0.10, mask4 ratio: 0.67
2026-01-22 17:56:28,553 - root - INFO - mask1 ratio: 0.00, mask2 ratio: 0.02, mask3 ratio: 0.10, mask4 ratio: 0.88
2026-01-22 17:56:28,843 - root - INFO - mask1 ratio: 0.02, mask2 ratio: 0.10, mask3 ratio: 0.10, mask4 ratio: 0.78
2026-01-22 17:56:29,128 - root - INFO - mask1 ratio: 0.01, mask2 ratio: 0.04, mask3 ratio: 0.10, mask4 ratio: 0.85
2026-01-22 17:56:29,415 - root - INFO - mask1 ratio: 0.02, mask2 ratio: 0.12, mask3 ratio: 0.10, mask4 ratio: 0.76
2026-01-22 17:56:29,699 - root - INFO - mask1 ratio: 0.01, mask2 ratio: 0.05, mask3 ratio: 0.10, mask4 ratio: 0.84
2026-01-22 17:56:29,989 - root - INFO - mask1 ratio: 0.02, mask2 ratio: 0.11, mask3 ratio: 0.10, mask4 ratio: 0.77
2026-01-22 17:56:30,276 - root - INFO - mask1 ratio: 0.02, mask2 ratio: 0.08, mask3 ratio: 0.10, mask4 ratio: 0.81
2026-01-22 17:56:30,560 - root - INFO - mask1 ratio: 0.03, mask2 ratio: 0.19, mask3 ratio: 0.10, mask4 ratio: 0.68
2026-01-22 17:56:30,848 - root - INFO - mask1 ratio: 0.02, mask2 ratio: 0.16, mask3 ratio: 0.10, mask4 ratio: 0.72
2026-01-22 17:56:31,130 - root - INFO - mask1 ratio: 0.00, mask2 ratio: 0.02, mask3 ratio: 0.10, mask4 ratio: 0.88
2026-01-22 17:56:31,412 - root - INFO - mask1 ratio: 0.00, mask2 ratio: 0.02, mask3 ratio: 0.10, mask4 ratio: 0.88
2026-01-22 17:56:31,695 - root - INFO - mask1 ratio: 0.01, mask2 ratio: 0.05, mask3 ratio: 0.10, mask4 ratio: 0.84
2026-01-22 17:56:32,106 - root - INFO - mask1 ratio: 0.01, mask2 ratio: 0.03, mask3 ratio: 0.10, mask4 ratio: 0.86
2026-01-22 17:56:32,392 - root - INFO - mask1 ratio: 0.02, mask2 ratio: 0.09, mask3 ratio: 0.10, mask4 ratio: 0.79
2026-01-22 17:56:32,679 - root - INFO - mask1 ratio: 0.01, mask2 ratio: 0.05, mask3 ratio: 0.10, mask4 ratio: 0.84
2026-01-22 17:56:32,963 - root - INFO - mask1 ratio: 0.01, mask2 ratio: 0.03, mask3 ratio: 0.10, mask4 ratio: 0.86
2026-01-22 17:56:33,246 - root - INFO - mask1 ratio: 0.01, mask2 ratio: 0.03, mask3 ratio: 0.10, mask4 ratio: 0.86
2026-01-22 17:56:33,533 - root - INFO - mask1 ratio: 0.01, mask2 ratio: 0.02, mask3 ratio: 0.10, mask4 ratio: 0.88
2026-01-22 17:56:33,565 - root - INFO - time 5.85
2026-01-22 17:56:33,574 - root - INFO - 31 fc2
2026-01-22 17:56:33,574 - root - INFO - Quantizing ...
2026-01-22 17:56:33,874 - root - INFO - mask1 ratio: 0.00, mask2 ratio: 0.02, mask3 ratio: 0.10, mask4 ratio: 0.88
2026-01-22 17:56:34,085 - root - INFO - mask1 ratio: 0.01, mask2 ratio: 0.04, mask3 ratio: 0.10, mask4 ratio: 0.85
2026-01-22 17:56:34,297 - root - INFO - mask1 ratio: 0.01, mask2 ratio: 0.05, mask3 ratio: 0.10, mask4 ratio: 0.84
2026-01-22 17:56:34,507 - root - INFO - mask1 ratio: 0.01, mask2 ratio: 0.04, mask3 ratio: 0.10, mask4 ratio: 0.85
2026-01-22 17:56:34,718 - root - INFO - mask1 ratio: 0.00, mask2 ratio: 0.03, mask3 ratio: 0.10, mask4 ratio: 0.87
2026-01-22 17:56:34,929 - root - INFO - mask1 ratio: 0.01, mask2 ratio: 0.06, mask3 ratio: 0.10, mask4 ratio: 0.83
2026-01-22 17:56:35,141 - root - INFO - mask1 ratio: 0.01, mask2 ratio: 0.03, mask3 ratio: 0.10, mask4 ratio: 0.86
2026-01-22 17:56:35,353 - root - INFO - mask1 ratio: 0.01, mask2 ratio: 0.07, mask3 ratio: 0.10, mask4 ratio: 0.82
2026-01-22 17:56:35,564 - root - INFO - mask1 ratio: 0.00, mask2 ratio: 0.02, mask3 ratio: 0.10, mask4 ratio: 0.88
2026-01-22 17:56:35,775 - root - INFO - mask1 ratio: 0.02, mask2 ratio: 0.20, mask3 ratio: 0.10, mask4 ratio: 0.67
2026-01-22 17:56:35,986 - root - INFO - mask1 ratio: 0.01, mask2 ratio: 0.06, mask3 ratio: 0.10, mask4 ratio: 0.83
2026-01-22 17:56:36,198 - root - INFO - mask1 ratio: 0.03, mask2 ratio: 0.17, mask3 ratio: 0.10, mask4 ratio: 0.70
2026-01-22 17:56:36,409 - root - INFO - mask1 ratio: 0.02, mask2 ratio: 0.08, mask3 ratio: 0.10, mask4 ratio: 0.81
2026-01-22 17:56:36,622 - root - INFO - mask1 ratio: 0.02, mask2 ratio: 0.18, mask3 ratio: 0.10, mask4 ratio: 0.70
2026-01-22 17:56:36,832 - root - INFO - mask1 ratio: 0.00, mask2 ratio: 0.03, mask3 ratio: 0.10, mask4 ratio: 0.87
2026-01-22 17:56:37,044 - root - INFO - mask1 ratio: 0.01, mask2 ratio: 0.06, mask3 ratio: 0.10, mask4 ratio: 0.83
2026-01-22 17:56:37,301 - root - INFO - mask1 ratio: 0.02, mask2 ratio: 0.12, mask3 ratio: 0.10, mask4 ratio: 0.77
2026-01-22 17:56:37,547 - root - INFO - mask1 ratio: 0.00, mask2 ratio: 0.03, mask3 ratio: 0.10, mask4 ratio: 0.87
2026-01-22 17:56:37,757 - root - INFO - mask1 ratio: 0.01, mask2 ratio: 0.04, mask3 ratio: 0.10, mask4 ratio: 0.85
2026-01-22 17:56:37,968 - root - INFO - mask1 ratio: 0.01, mask2 ratio: 0.03, mask3 ratio: 0.10, mask4 ratio: 0.86
2026-01-22 17:56:38,180 - root - INFO - mask1 ratio: 0.01, mask2 ratio: 0.04, mask3 ratio: 0.10, mask4 ratio: 0.85
2026-01-22 17:56:38,390 - root - INFO - mask1 ratio: 0.00, mask2 ratio: 0.03, mask3 ratio: 0.10, mask4 ratio: 0.87
2026-01-22 17:56:38,600 - root - INFO - mask1 ratio: 0.01, mask2 ratio: 0.02, mask3 ratio: 0.10, mask4 ratio: 0.87
2026-01-22 17:56:38,811 - root - INFO - mask1 ratio: 0.01, mask2 ratio: 0.07, mask3 ratio: 0.10, mask4 ratio: 0.82
2026-01-22 17:56:39,022 - root - INFO - mask1 ratio: 0.01, mask2 ratio: 0.05, mask3 ratio: 0.10, mask4 ratio: 0.84
2026-01-22 17:56:39,233 - root - INFO - mask1 ratio: 0.01, mask2 ratio: 0.03, mask3 ratio: 0.10, mask4 ratio: 0.86
2026-01-22 17:56:39,444 - root - INFO - mask1 ratio: 0.00, mask2 ratio: 0.02, mask3 ratio: 0.10, mask4 ratio: 0.88
2026-01-22 17:56:39,655 - root - INFO - mask1 ratio: 0.01, mask2 ratio: 0.04, mask3 ratio: 0.10, mask4 ratio: 0.85
2026-01-22 17:56:39,876 - root - INFO - mask1 ratio: 0.01, mask2 ratio: 0.08, mask3 ratio: 0.10, mask4 ratio: 0.81
2026-01-22 17:56:40,087 - root - INFO - mask1 ratio: 0.00, mask2 ratio: 0.03, mask3 ratio: 0.10, mask4 ratio: 0.87
2026-01-22 17:56:40,321 - root - INFO - mask1 ratio: 0.02, mask2 ratio: 0.20, mask3 ratio: 0.10, mask4 ratio: 0.68
2026-01-22 17:56:40,532 - root - INFO - mask1 ratio: 0.01, mask2 ratio: 0.02, mask3 ratio: 0.10, mask4 ratio: 0.87
2026-01-22 17:56:40,743 - root - INFO - mask1 ratio: 0.01, mask2 ratio: 0.02, mask3 ratio: 0.10, mask4 ratio: 0.88
2026-01-22 17:56:40,953 - root - INFO - mask1 ratio: 0.01, mask2 ratio: 0.12, mask3 ratio: 0.10, mask4 ratio: 0.77
2026-01-22 17:56:41,165 - root - INFO - mask1 ratio: 0.01, mask2 ratio: 0.03, mask3 ratio: 0.10, mask4 ratio: 0.86
2026-01-22 17:56:41,376 - root - INFO - mask1 ratio: 0.01, mask2 ratio: 0.02, mask3 ratio: 0.10, mask4 ratio: 0.87
2026-01-22 17:56:41,595 - root - INFO - mask1 ratio: 0.01, mask2 ratio: 0.06, mask3 ratio: 0.10, mask4 ratio: 0.84
2026-01-22 17:56:41,818 - root - INFO - mask1 ratio: 0.01, mask2 ratio: 0.04, mask3 ratio: 0.10, mask4 ratio: 0.85
2026-01-22 17:56:42,038 - root - INFO - mask1 ratio: 0.01, mask2 ratio: 0.03, mask3 ratio: 0.10, mask4 ratio: 0.86
2026-01-22 17:56:42,259 - root - INFO - mask1 ratio: 0.01, mask2 ratio: 0.03, mask3 ratio: 0.10, mask4 ratio: 0.86
2026-01-22 17:56:42,479 - root - INFO - mask1 ratio: 0.01, mask2 ratio: 0.04, mask3 ratio: 0.10, mask4 ratio: 0.85
2026-01-22 17:56:42,825 - root - INFO - mask1 ratio: 0.01, mask2 ratio: 0.04, mask3 ratio: 0.10, mask4 ratio: 0.85
2026-01-22 17:56:43,036 - root - INFO - mask1 ratio: 0.02, mask2 ratio: 0.09, mask3 ratio: 0.10, mask4 ratio: 0.79
2026-01-22 17:56:43,249 - root - INFO - mask1 ratio: 0.01, mask2 ratio: 0.05, mask3 ratio: 0.10, mask4 ratio: 0.85
2026-01-22 17:56:43,460 - root - INFO - mask1 ratio: 0.01, mask2 ratio: 0.00, mask3 ratio: 0.10, mask4 ratio: 0.88
2026-01-22 17:56:43,671 - root - INFO - mask1 ratio: 0.01, mask2 ratio: 0.03, mask3 ratio: 0.10, mask4 ratio: 0.86
2026-01-22 17:56:43,883 - root - INFO - mask1 ratio: 0.01, mask2 ratio: 0.04, mask3 ratio: 0.10, mask4 ratio: 0.85
2026-01-22 17:56:44,094 - root - INFO - mask1 ratio: 0.01, mask2 ratio: 0.03, mask3 ratio: 0.10, mask4 ratio: 0.86
2026-01-22 17:56:44,306 - root - INFO - mask1 ratio: 0.01, mask2 ratio: 0.04, mask3 ratio: 0.10, mask4 ratio: 0.85
2026-01-22 17:56:44,516 - root - INFO - mask1 ratio: 0.00, mask2 ratio: 0.03, mask3 ratio: 0.10, mask4 ratio: 0.87
2026-01-22 17:56:44,728 - root - INFO - mask1 ratio: 0.01, mask2 ratio: 0.07, mask3 ratio: 0.10, mask4 ratio: 0.82
2026-01-22 17:56:44,956 - root - INFO - mask1 ratio: 0.01, mask2 ratio: 0.02, mask3 ratio: 0.10, mask4 ratio: 0.87
2026-01-22 17:56:45,171 - root - INFO - mask1 ratio: 0.01, mask2 ratio: 0.04, mask3 ratio: 0.10, mask4 ratio: 0.85
2026-01-22 17:56:45,385 - root - INFO - mask1 ratio: 0.00, mask2 ratio: 0.02, mask3 ratio: 0.10, mask4 ratio: 0.88
2026-01-22 17:56:45,596 - root - INFO - mask1 ratio: 0.01, mask2 ratio: 0.03, mask3 ratio: 0.10, mask4 ratio: 0.86
2026-01-22 17:56:45,807 - root - INFO - mask1 ratio: 0.00, mask2 ratio: 0.04, mask3 ratio: 0.10, mask4 ratio: 0.85
2026-01-22 17:56:46,021 - root - INFO - mask1 ratio: 0.01, mask2 ratio: 0.13, mask3 ratio: 0.10, mask4 ratio: 0.75
2026-01-22 17:56:46,232 - root - INFO - mask1 ratio: 0.00, mask2 ratio: 0.02, mask3 ratio: 0.10, mask4 ratio: 0.88
2026-01-22 17:56:46,445 - root - INFO - mask1 ratio: 0.01, mask2 ratio: 0.02, mask3 ratio: 0.10, mask4 ratio: 0.87
2026-01-22 17:56:46,655 - root - INFO - mask1 ratio: 0.01, mask2 ratio: 0.05, mask3 ratio: 0.10, mask4 ratio: 0.85
2026-01-22 17:56:46,868 - root - INFO - mask1 ratio: 0.01, mask2 ratio: 0.06, mask3 ratio: 0.10, mask4 ratio: 0.83
2026-01-22 17:56:47,079 - root - INFO - mask1 ratio: 0.01, mask2 ratio: 0.07, mask3 ratio: 0.10, mask4 ratio: 0.81
2026-01-22 17:56:47,291 - root - INFO - mask1 ratio: 0.00, mask2 ratio: 0.03, mask3 ratio: 0.10, mask4 ratio: 0.87
2026-01-22 17:56:47,502 - root - INFO - mask1 ratio: 0.01, mask2 ratio: 0.02, mask3 ratio: 0.10, mask4 ratio: 0.88
2026-01-22 17:56:47,713 - root - INFO - mask1 ratio: 0.02, mask2 ratio: 0.11, mask3 ratio: 0.10, mask4 ratio: 0.78
2026-01-22 17:56:47,923 - root - INFO - mask1 ratio: 0.01, mask2 ratio: 0.06, mask3 ratio: 0.10, mask4 ratio: 0.83
2026-01-22 17:56:48,224 - root - INFO - mask1 ratio: 0.01, mask2 ratio: 0.02, mask3 ratio: 0.10, mask4 ratio: 0.88
2026-01-22 17:56:48,436 - root - INFO - mask1 ratio: 0.01, mask2 ratio: 0.04, mask3 ratio: 0.10, mask4 ratio: 0.85
2026-01-22 17:56:48,647 - root - INFO - mask1 ratio: 0.01, mask2 ratio: 0.05, mask3 ratio: 0.10, mask4 ratio: 0.85
2026-01-22 17:56:48,857 - root - INFO - mask1 ratio: 0.01, mask2 ratio: 0.00, mask3 ratio: 0.10, mask4 ratio: 0.88
2026-01-22 17:56:49,067 - root - INFO - mask1 ratio: 0.01, mask2 ratio: 0.04, mask3 ratio: 0.10, mask4 ratio: 0.85
2026-01-22 17:56:49,277 - root - INFO - mask1 ratio: 0.00, mask2 ratio: 0.04, mask3 ratio: 0.10, mask4 ratio: 0.86
2026-01-22 17:56:49,489 - root - INFO - mask1 ratio: 0.01, mask2 ratio: 0.06, mask3 ratio: 0.10, mask4 ratio: 0.83
2026-01-22 17:56:49,700 - root - INFO - mask1 ratio: 0.00, mask2 ratio: 0.04, mask3 ratio: 0.10, mask4 ratio: 0.86
2026-01-22 17:56:49,910 - root - INFO - mask1 ratio: 0.01, mask2 ratio: 0.07, mask3 ratio: 0.10, mask4 ratio: 0.82
2026-01-22 17:56:50,120 - root - INFO - mask1 ratio: 0.00, mask2 ratio: 0.02, mask3 ratio: 0.10, mask4 ratio: 0.88
2026-01-22 17:56:50,330 - root - INFO - mask1 ratio: 0.00, mask2 ratio: 0.03, mask3 ratio: 0.10, mask4 ratio: 0.87
2026-01-22 17:56:50,541 - root - INFO - mask1 ratio: 0.01, mask2 ratio: 0.07, mask3 ratio: 0.10, mask4 ratio: 0.82
2026-01-22 17:56:50,755 - root - INFO - mask1 ratio: 0.00, mask2 ratio: 0.04, mask3 ratio: 0.10, mask4 ratio: 0.86
2026-01-22 17:56:50,977 - root - INFO - mask1 ratio: 0.00, mask2 ratio: 0.04, mask3 ratio: 0.10, mask4 ratio: 0.86
2026-01-22 17:56:51,003 - root - INFO - time 17.43
2026-01-22 17:56:51,398 - root - INFO - Experiment: 
2026-01-22 17:56:55,777 - fsspec.local - DEBUG - open file: /data/xjh/dataset/wikitext-2-raw-v1/dataset_dict.json
2026-01-22 17:57:19,970 - fsspec.local - DEBUG - open file: /data/xjh/dataset/ptb_text_only/dataset_dict.json
2026-01-22 17:57:30,079 - urllib3.connectionpool - DEBUG - Resetting dropped connection: s3.amazonaws.com
2026-01-22 17:57:30,816 - urllib3.connectionpool - DEBUG - https://s3.amazonaws.com:443 "HEAD /datasets.huggingface.co/datasets/datasets/json/json.py HTTP/11" 200 0
2026-01-22 17:57:30,819 - filelock - DEBUG - Attempting to acquire lock 140245274285296 on /home/xjh/.cache/huggingface/datasets/_home_xjh_.cache_huggingface_datasets_json_default-07a3d7608cc7c204_0.0.0_ff8895240c1c6d49c1ae5a8af7cd4b065d168a612f3f6bd42470270b78a42c18.lock
2026-01-22 17:57:30,819 - filelock - DEBUG - Lock 140245274285296 acquired on /home/xjh/.cache/huggingface/datasets/_home_xjh_.cache_huggingface_datasets_json_default-07a3d7608cc7c204_0.0.0_ff8895240c1c6d49c1ae5a8af7cd4b065d168a612f3f6bd42470270b78a42c18.lock
2026-01-22 17:57:30,820 - filelock - DEBUG - Attempting to release lock 140245274285296 on /home/xjh/.cache/huggingface/datasets/_home_xjh_.cache_huggingface_datasets_json_default-07a3d7608cc7c204_0.0.0_ff8895240c1c6d49c1ae5a8af7cd4b065d168a612f3f6bd42470270b78a42c18.lock
2026-01-22 17:57:30,820 - filelock - DEBUG - Lock 140245274285296 released on /home/xjh/.cache/huggingface/datasets/_home_xjh_.cache_huggingface_datasets_json_default-07a3d7608cc7c204_0.0.0_ff8895240c1c6d49c1ae5a8af7cd4b065d168a612f3f6bd42470270b78a42c18.lock
2026-01-22 17:57:30,820 - filelock - DEBUG - Attempting to acquire lock 140250587780480 on /home/xjh/.cache/huggingface/datasets/json/default-07a3d7608cc7c204/0.0.0/8bb11242116d547c741b2e8a1f18598ffdd40a1d4f2a2872c7a28b697434bc96_builder.lock
2026-01-22 17:57:30,820 - filelock - DEBUG - Lock 140250587780480 acquired on /home/xjh/.cache/huggingface/datasets/json/default-07a3d7608cc7c204/0.0.0/8bb11242116d547c741b2e8a1f18598ffdd40a1d4f2a2872c7a28b697434bc96_builder.lock
2026-01-22 17:57:30,820 - fsspec.local - DEBUG - open file: /home/xjh/.cache/huggingface/datasets/json/default-07a3d7608cc7c204/0.0.0/8bb11242116d547c741b2e8a1f18598ffdd40a1d4f2a2872c7a28b697434bc96/dataset_info.json
2026-01-22 17:57:30,821 - filelock - DEBUG - Attempting to release lock 140250587780480 on /home/xjh/.cache/huggingface/datasets/json/default-07a3d7608cc7c204/0.0.0/8bb11242116d547c741b2e8a1f18598ffdd40a1d4f2a2872c7a28b697434bc96_builder.lock
2026-01-22 17:57:30,821 - filelock - DEBUG - Lock 140250587780480 released on /home/xjh/.cache/huggingface/datasets/json/default-07a3d7608cc7c204/0.0.0/8bb11242116d547c741b2e8a1f18598ffdd40a1d4f2a2872c7a28b697434bc96_builder.lock
2026-01-22 17:57:31,079 - urllib3.connectionpool - DEBUG - https://s3.amazonaws.com:443 "HEAD /datasets.huggingface.co/datasets/datasets/json/json.py HTTP/11" 200 0
2026-01-22 17:57:31,081 - filelock - DEBUG - Attempting to acquire lock 140245164932896 on /home/xjh/.cache/huggingface/datasets/_home_xjh_.cache_huggingface_datasets_json_default-6a9cca7ecda2bde3_0.0.0_ff8895240c1c6d49c1ae5a8af7cd4b065d168a612f3f6bd42470270b78a42c18.lock
2026-01-22 17:57:31,082 - filelock - DEBUG - Lock 140245164932896 acquired on /home/xjh/.cache/huggingface/datasets/_home_xjh_.cache_huggingface_datasets_json_default-6a9cca7ecda2bde3_0.0.0_ff8895240c1c6d49c1ae5a8af7cd4b065d168a612f3f6bd42470270b78a42c18.lock
2026-01-22 17:57:31,082 - filelock - DEBUG - Attempting to release lock 140245164932896 on /home/xjh/.cache/huggingface/datasets/_home_xjh_.cache_huggingface_datasets_json_default-6a9cca7ecda2bde3_0.0.0_ff8895240c1c6d49c1ae5a8af7cd4b065d168a612f3f6bd42470270b78a42c18.lock
2026-01-22 17:57:31,082 - filelock - DEBUG - Lock 140245164932896 released on /home/xjh/.cache/huggingface/datasets/_home_xjh_.cache_huggingface_datasets_json_default-6a9cca7ecda2bde3_0.0.0_ff8895240c1c6d49c1ae5a8af7cd4b065d168a612f3f6bd42470270b78a42c18.lock
2026-01-22 17:57:31,082 - filelock - DEBUG - Attempting to acquire lock 140245164919696 on /home/xjh/.cache/huggingface/datasets/json/default-6a9cca7ecda2bde3/0.0.0/8bb11242116d547c741b2e8a1f18598ffdd40a1d4f2a2872c7a28b697434bc96_builder.lock
2026-01-22 17:57:31,082 - filelock - DEBUG - Lock 140245164919696 acquired on /home/xjh/.cache/huggingface/datasets/json/default-6a9cca7ecda2bde3/0.0.0/8bb11242116d547c741b2e8a1f18598ffdd40a1d4f2a2872c7a28b697434bc96_builder.lock
2026-01-22 17:57:31,082 - fsspec.local - DEBUG - open file: /home/xjh/.cache/huggingface/datasets/json/default-6a9cca7ecda2bde3/0.0.0/8bb11242116d547c741b2e8a1f18598ffdd40a1d4f2a2872c7a28b697434bc96/dataset_info.json
2026-01-22 17:57:31,082 - filelock - DEBUG - Attempting to release lock 140245164919696 on /home/xjh/.cache/huggingface/datasets/json/default-6a9cca7ecda2bde3/0.0.0/8bb11242116d547c741b2e8a1f18598ffdd40a1d4f2a2872c7a28b697434bc96_builder.lock
2026-01-22 17:57:31,082 - filelock - DEBUG - Lock 140245164919696 released on /home/xjh/.cache/huggingface/datasets/json/default-6a9cca7ecda2bde3/0.0.0/8bb11242116d547c741b2e8a1f18598ffdd40a1d4f2a2872c7a28b697434bc96_builder.lock
