`torch_dtype` is deprecated! Use `dtype` instead!
Token indices sequence length is longer than the specified maximum sequence length for this model (517864 > 131072). Running this sequence through the model will result in indexing errors
Loading model ...
/data/xjh/model_weight/llama/llama3.2-1b
Model loaded.
model LlamaForCausalLM(
  (model): LlamaModel(
    (embed_tokens): Embedding(128256, 2048)
    (layers): ModuleList(
      (0-15): 16 x LlamaDecoderLayer(
        (self_attn): LlamaAttention(
          (q_proj): Linear(in_features=2048, out_features=2048, bias=False)
          (k_proj): Linear(in_features=2048, out_features=512, bias=False)
          (v_proj): Linear(in_features=2048, out_features=512, bias=False)
          (o_proj): Linear(in_features=2048, out_features=2048, bias=False)
        )
        (mlp): LlamaMLP(
          (gate_proj): Linear(in_features=2048, out_features=8192, bias=False)
          (up_proj): Linear(in_features=2048, out_features=8192, bias=False)
          (down_proj): Linear(in_features=8192, out_features=2048, bias=False)
          (act_fn): SiLUActivation()
        )
        (input_layernorm): LlamaRMSNorm((2048,), eps=1e-05)
        (post_attention_layernorm): LlamaRMSNorm((2048,), eps=1e-05)
      )
    )
    (norm): LlamaRMSNorm((2048,), eps=1e-05)
    (rotary_emb): LlamaRotaryEmbedding()
  )
  (lm_head): Linear(in_features=2048, out_features=128256, bias=False)
)
xjh_edit,load from local file:/data/xjh/dataset/c4_part,get c4
Starting ...
Llama model detected.
Ready.
0 self_attn.q_proj
Quantizing ...
tensor(0.8531, device='cuda:0') tensor(0.1000, device='cuda:0') tensor(0.0469, device='cuda:0')
tensor(0.8687, device='cuda:0') tensor(0.1000, device='cuda:0') tensor(0.0312, device='cuda:0')
tensor(0.8609, device='cuda:0') tensor(0.1000, device='cuda:0') tensor(0.0391, device='cuda:0')
tensor(0.8687, device='cuda:0') tensor(0.1000, device='cuda:0') tensor(0.0312, device='cuda:0')
tensor(0.8687, device='cuda:0') tensor(0.1000, device='cuda:0') tensor(0.0312, device='cuda:0')
tensor(0.8687, device='cuda:0') tensor(0.1000, device='cuda:0') tensor(0.0312, device='cuda:0')
tensor(0.8609, device='cuda:0') tensor(0.1000, device='cuda:0') tensor(0.0391, device='cuda:0')
tensor(0.8766, device='cuda:0') tensor(0.1000, device='cuda:0') tensor(0.0234, device='cuda:0')
tensor(0.8297, device='cuda:0') tensor(0.1000, device='cuda:0') tensor(0.0703, device='cuda:0')
tensor(0.8609, device='cuda:0') tensor(0.1000, device='cuda:0') tensor(0.0391, device='cuda:0')
tensor(0.8766, device='cuda:0') tensor(0.1000, device='cuda:0') tensor(0.0234, device='cuda:0')
tensor(0.8766, device='cuda:0') tensor(0.1000, device='cuda:0') tensor(0.0234, device='cuda:0')
tensor(0.8609, device='cuda:0') tensor(0.1000, device='cuda:0') tensor(0.0391, device='cuda:0')
tensor(0.8766, device='cuda:0') tensor(0.1000, device='cuda:0') tensor(0.0234, device='cuda:0')
tensor(0.8453, device='cuda:0') tensor(0.1000, device='cuda:0') tensor(0.0547, device='cuda:0')
tensor(0.8687, device='cuda:0') tensor(0.1000, device='cuda:0') tensor(0.0312, device='cuda:0')
time 1.53
error 54870.0078125
0 self_attn.k_proj
Quantizing ...
tensor(0.8609, device='cuda:0') tensor(0.1000, device='cuda:0') tensor(0.0391, device='cuda:0')
tensor(0.8844, device='cuda:0') tensor(0.1000, device='cuda:0') tensor(0.0156, device='cuda:0')
tensor(0.8766, device='cuda:0') tensor(0.1000, device='cuda:0') tensor(0.0234, device='cuda:0')
tensor(0.8687, device='cuda:0') tensor(0.1000, device='cuda:0') tensor(0.0312, device='cuda:0')
tensor(0.8687, device='cuda:0') tensor(0.1000, device='cuda:0') tensor(0.0312, device='cuda:0')
tensor(0.8609, device='cuda:0') tensor(0.1000, device='cuda:0') tensor(0.0391, device='cuda:0')
tensor(0.8687, device='cuda:0') tensor(0.1000, device='cuda:0') tensor(0.0312, device='cuda:0')
tensor(0.8687, device='cuda:0') tensor(0.1000, device='cuda:0') tensor(0.0312, device='cuda:0')
tensor(0.8297, device='cuda:0') tensor(0.1000, device='cuda:0') tensor(0.0703, device='cuda:0')
tensor(0.8687, device='cuda:0') tensor(0.1000, device='cuda:0') tensor(0.0312, device='cuda:0')
tensor(0.8687, device='cuda:0') tensor(0.1000, device='cuda:0') tensor(0.0312, device='cuda:0')
tensor(0.8766, device='cuda:0') tensor(0.1000, device='cuda:0') tensor(0.0234, device='cuda:0')
tensor(0.8531, device='cuda:0') tensor(0.1000, device='cuda:0') tensor(0.0469, device='cuda:0')
tensor(0.8687, device='cuda:0') tensor(0.1000, device='cuda:0') tensor(0.0312, device='cuda:0')
tensor(0.8766, device='cuda:0') tensor(0.1000, device='cuda:0') tensor(0.0234, device='cuda:0')
tensor(0.8453, device='cuda:0') tensor(0.1000, device='cuda:0') tensor(0.0547, device='cuda:0')
time 1.16
error 22940.205078125
0 self_attn.v_proj
Quantizing ...
tensor(0.8531, device='cuda:0') tensor(0.1000, device='cuda:0') tensor(0.0469, device='cuda:0')
tensor(0.8219, device='cuda:0') tensor(0.1000, device='cuda:0') tensor(0.0781, device='cuda:0')
tensor(0.8531, device='cuda:0') tensor(0.1000, device='cuda:0') tensor(0.0469, device='cuda:0')
tensor(0.8609, device='cuda:0') tensor(0.1000, device='cuda:0') tensor(0.0391, device='cuda:0')
tensor(0.8453, device='cuda:0') tensor(0.1000, device='cuda:0') tensor(0.0547, device='cuda:0')
tensor(0.8609, device='cuda:0') tensor(0.1000, device='cuda:0') tensor(0.0391, device='cuda:0')
tensor(0.7984, device='cuda:0') tensor(0.1000, device='cuda:0') tensor(0.1016, device='cuda:0')
tensor(0.8687, device='cuda:0') tensor(0.1000, device='cuda:0') tensor(0.0312, device='cuda:0')
tensor(0.8531, device='cuda:0') tensor(0.1000, device='cuda:0') tensor(0.0469, device='cuda:0')
tensor(0.8219, device='cuda:0') tensor(0.1000, device='cuda:0') tensor(0.0781, device='cuda:0')
tensor(0.8609, device='cuda:0') tensor(0.1000, device='cuda:0') tensor(0.0391, device='cuda:0')
tensor(0.7906, device='cuda:0') tensor(0.1000, device='cuda:0') tensor(0.1094, device='cuda:0')
tensor(0.8531, device='cuda:0') tensor(0.1000, device='cuda:0') tensor(0.0469, device='cuda:0')
tensor(0.8609, device='cuda:0') tensor(0.1000, device='cuda:0') tensor(0.0391, device='cuda:0')
tensor(0.8687, device='cuda:0') tensor(0.1000, device='cuda:0') tensor(0.0312, device='cuda:0')
tensor(0.8687, device='cuda:0') tensor(0.1000, device='cuda:0') tensor(0.0312, device='cuda:0')
time 1.18
error 716.0341186523438
0 self_attn.o_proj
Quantizing ...
tensor(0.8453, device='cuda:0') tensor(0.1000, device='cuda:0') tensor(0.0547, device='cuda:0')
tensor(0.8453, device='cuda:0') tensor(0.1000, device='cuda:0') tensor(0.0547, device='cuda:0')
tensor(0.8453, device='cuda:0') tensor(0.1000, device='cuda:0') tensor(0.0547, device='cuda:0')
tensor(0.8766, device='cuda:0') tensor(0.1000, device='cuda:0') tensor(0.0234, device='cuda:0')
tensor(0.8687, device='cuda:0') tensor(0.1000, device='cuda:0') tensor(0.0312, device='cuda:0')
tensor(0.8687, device='cuda:0') tensor(0.1000, device='cuda:0') tensor(0.0312, device='cuda:0')
tensor(0.5172, device='cuda:0') tensor(0.1000, device='cuda:0') tensor(0.3828, device='cuda:0')
tensor(0.7828, device='cuda:0') tensor(0.1000, device='cuda:0') tensor(0.1172, device='cuda:0')
tensor(0.8687, device='cuda:0') tensor(0.1000, device='cuda:0') tensor(0.0312, device='cuda:0')
tensor(0.7828, device='cuda:0') tensor(0.1000, device='cuda:0') tensor(0.1172, device='cuda:0')
tensor(0.8766, device='cuda:0') tensor(0.1000, device='cuda:0') tensor(0.0234, device='cuda:0')
tensor(0.8844, device='cuda:0') tensor(0.1000, device='cuda:0') tensor(0.0156, device='cuda:0')
tensor(0.8766, device='cuda:0') tensor(0.1000, device='cuda:0') tensor(0.0234, device='cuda:0')
tensor(0.8766, device='cuda:0') tensor(0.1000, device='cuda:0') tensor(0.0234, device='cuda:0')
tensor(0.8766, device='cuda:0') tensor(0.1000, device='cuda:0') tensor(0.0234, device='cuda:0')
tensor(0.8844, device='cuda:0') tensor(0.1000, device='cuda:0') tensor(0.0156, device='cuda:0')
time 1.28
error 52.750850677490234
0 mlp.gate_proj
Quantizing ...
tensor(0.8531, device='cuda:0') tensor(0.1000, device='cuda:0') tensor(0.0469, device='cuda:0')
tensor(0.8687, device='cuda:0') tensor(0.1000, device='cuda:0') tensor(0.0312, device='cuda:0')
tensor(0.8453, device='cuda:0') tensor(0.1000, device='cuda:0') tensor(0.0547, device='cuda:0')
tensor(0.8453, device='cuda:0') tensor(0.1000, device='cuda:0') tensor(0.0547, device='cuda:0')
tensor(0.8375, device='cuda:0') tensor(0.1000, device='cuda:0') tensor(0.0625, device='cuda:0')
tensor(0.8609, device='cuda:0') tensor(0.1000, device='cuda:0') tensor(0.0391, device='cuda:0')
tensor(0.7984, device='cuda:0') tensor(0.1000, device='cuda:0') tensor(0.1016, device='cuda:0')
tensor(0.8531, device='cuda:0') tensor(0.1000, device='cuda:0') tensor(0.0469, device='cuda:0')
tensor(0.8531, device='cuda:0') tensor(0.1000, device='cuda:0') tensor(0.0469, device='cuda:0')
tensor(0.8766, device='cuda:0') tensor(0.1000, device='cuda:0') tensor(0.0234, device='cuda:0')
tensor(0.8453, device='cuda:0') tensor(0.1000, device='cuda:0') tensor(0.0547, device='cuda:0')
tensor(0.8687, device='cuda:0') tensor(0.1000, device='cuda:0') tensor(0.0312, device='cuda:0')
tensor(0.8609, device='cuda:0') tensor(0.1000, device='cuda:0') tensor(0.0391, device='cuda:0')
tensor(0.8766, device='cuda:0') tensor(0.1000, device='cuda:0') tensor(0.0234, device='cuda:0')
tensor(0.8766, device='cuda:0') tensor(0.1000, device='cuda:0') tensor(0.0234, device='cuda:0')
tensor(0.8609, device='cuda:0') tensor(0.1000, device='cuda:0') tensor(0.0391, device='cuda:0')
time 1.75
error 54352.8359375
0 mlp.up_proj
Quantizing ...
tensor(0.8375, device='cuda:0') tensor(0.1000, device='cuda:0') tensor(0.0625, device='cuda:0')
tensor(0.7906, device='cuda:0') tensor(0.1000, device='cuda:0') tensor(0.1094, device='cuda:0')
tensor(0.8453, device='cuda:0') tensor(0.1000, device='cuda:0') tensor(0.0547, device='cuda:0')
tensor(0.8609, device='cuda:0') tensor(0.1000, device='cuda:0') tensor(0.0391, device='cuda:0')
tensor(0.8453, device='cuda:0') tensor(0.1000, device='cuda:0') tensor(0.0547, device='cuda:0')
tensor(0.8531, device='cuda:0') tensor(0.1000, device='cuda:0') tensor(0.0469, device='cuda:0')
tensor(0.7906, device='cuda:0') tensor(0.1000, device='cuda:0') tensor(0.1094, device='cuda:0')
tensor(0.8219, device='cuda:0') tensor(0.1000, device='cuda:0') tensor(0.0781, device='cuda:0')
tensor(0.7828, device='cuda:0') tensor(0.1000, device='cuda:0') tensor(0.1172, device='cuda:0')
tensor(0.8687, device='cuda:0') tensor(0.1000, device='cuda:0') tensor(0.0312, device='cuda:0')
tensor(0.8453, device='cuda:0') tensor(0.1000, device='cuda:0') tensor(0.0547, device='cuda:0')
tensor(0.8687, device='cuda:0') tensor(0.1000, device='cuda:0') tensor(0.0312, device='cuda:0')
tensor(0.8609, device='cuda:0') tensor(0.1000, device='cuda:0') tensor(0.0391, device='cuda:0')
tensor(0.8531, device='cuda:0') tensor(0.1000, device='cuda:0') tensor(0.0469, device='cuda:0')
tensor(0.8687, device='cuda:0') tensor(0.1000, device='cuda:0') tensor(0.0312, device='cuda:0')
tensor(0.8609, device='cuda:0') tensor(0.1000, device='cuda:0') tensor(0.0391, device='cuda:0')
time 1.77
error 42436.58203125
0 mlp.down_proj
Quantizing ...
tensor(0.7984, device='cuda:0') tensor(0.1000, device='cuda:0') tensor(0.1016, device='cuda:0')
tensor(0.8609, device='cuda:0') tensor(0.1000, device='cuda:0') tensor(0.0391, device='cuda:0')
tensor(0.8844, device='cuda:0') tensor(0.1000, device='cuda:0') tensor(0.0156, device='cuda:0')
tensor(0.8453, device='cuda:0') tensor(0.1000, device='cuda:0') tensor(0.0547, device='cuda:0')
tensor(0.8609, device='cuda:0') tensor(0.1000, device='cuda:0') tensor(0.0391, device='cuda:0')
tensor(0.8687, device='cuda:0') tensor(0.1000, device='cuda:0') tensor(0.0312, device='cuda:0')
tensor(0.8687, device='cuda:0') tensor(0.1000, device='cuda:0') tensor(0.0312, device='cuda:0')
tensor(0.8766, device='cuda:0') tensor(0.1000, device='cuda:0') tensor(0.0234, device='cuda:0')
tensor(0.8844, device='cuda:0') tensor(0.1000, device='cuda:0') tensor(0.0156, device='cuda:0')
tensor(0.8531, device='cuda:0') tensor(0.1000, device='cuda:0') tensor(0.0469, device='cuda:0')
tensor(0.8375, device='cuda:0') tensor(0.1000, device='cuda:0') tensor(0.0625, device='cuda:0')
tensor(0.8219, device='cuda:0') tensor(0.1000, device='cuda:0') tensor(0.0781, device='cuda:0')
tensor(0.8687, device='cuda:0') tensor(0.1000, device='cuda:0') tensor(0.0312, device='cuda:0')
tensor(0.8687, device='cuda:0') tensor(0.1000, device='cuda:0') tensor(0.0312, device='cuda:0')
tensor(0.8531, device='cuda:0') tensor(0.1000, device='cuda:0') tensor(0.0469, device='cuda:0')
tensor(0.8297, device='cuda:0') tensor(0.1000, device='cuda:0') tensor(0.0703, device='cuda:0')
tensor(0.8531, device='cuda:0') tensor(0.1000, device='cuda:0') tensor(0.0469, device='cuda:0')
tensor(0.8687, device='cuda:0') tensor(0.1000, device='cuda:0') tensor(0.0312, device='cuda:0')
tensor(0.8609, device='cuda:0') tensor(0.1000, device='cuda:0') tensor(0.0391, device='cuda:0')
tensor(0.8141, device='cuda:0') tensor(0.1000, device='cuda:0') tensor(0.0859, device='cuda:0')
tensor(0.8687, device='cuda:0') tensor(0.1000, device='cuda:0') tensor(0.0312, device='cuda:0')
tensor(0.8687, device='cuda:0') tensor(0.1000, device='cuda:0') tensor(0.0312, device='cuda:0')
tensor(0.8375, device='cuda:0') tensor(0.1000, device='cuda:0') tensor(0.0625, device='cuda:0')
tensor(0.8766, device='cuda:0') tensor(0.1000, device='cuda:0') tensor(0.0234, device='cuda:0')
tensor(0.8844, device='cuda:0') tensor(0.1000, device='cuda:0') tensor(0.0156, device='cuda:0')
tensor(0.8766, device='cuda:0') tensor(0.1000, device='cuda:0') tensor(0.0234, device='cuda:0')
tensor(0.8531, device='cuda:0') tensor(0.1000, device='cuda:0') tensor(0.0469, device='cuda:0')
tensor(0.7516, device='cuda:0') tensor(0.1000, device='cuda:0') tensor(0.1484, device='cuda:0')
tensor(0.8609, device='cuda:0') tensor(0.1000, device='cuda:0') tensor(0.0391, device='cuda:0')
tensor(0.8609, device='cuda:0') tensor(0.1000, device='cuda:0') tensor(0.0391, device='cuda:0')
tensor(0.8609, device='cuda:0') tensor(0.1000, device='cuda:0') tensor(0.0391, device='cuda:0')
tensor(0.8453, device='cuda:0') tensor(0.1000, device='cuda:0') tensor(0.0547, device='cuda:0')
tensor(0.8687, device='cuda:0') tensor(0.1000, device='cuda:0') tensor(0.0312, device='cuda:0')
tensor(0.8609, device='cuda:0') tensor(0.1000, device='cuda:0') tensor(0.0391, device='cuda:0')
tensor(0.8375, device='cuda:0') tensor(0.1000, device='cuda:0') tensor(0.0625, device='cuda:0')
tensor(0.8844, device='cuda:0') tensor(0.1000, device='cuda:0') tensor(0.0156, device='cuda:0')
tensor(0.8766, device='cuda:0') tensor(0.1000, device='cuda:0') tensor(0.0234, device='cuda:0')
tensor(0.8687, device='cuda:0') tensor(0.1000, device='cuda:0') tensor(0.0312, device='cuda:0')
tensor(0.8609, device='cuda:0') tensor(0.1000, device='cuda:0') tensor(0.0391, device='cuda:0')
tensor(0.8531, device='cuda:0') tensor(0.1000, device='cuda:0') tensor(0.0469, device='cuda:0')
tensor(0.8531, device='cuda:0') tensor(0.1000, device='cuda:0') tensor(0.0469, device='cuda:0')
tensor(0.8687, device='cuda:0') tensor(0.1000, device='cuda:0') tensor(0.0312, device='cuda:0')
tensor(0.8609, device='cuda:0') tensor(0.1000, device='cuda:0') tensor(0.0391, device='cuda:0')
tensor(0.8687, device='cuda:0') tensor(0.1000, device='cuda:0') tensor(0.0312, device='cuda:0')
tensor(0.8687, device='cuda:0') tensor(0.1000, device='cuda:0') tensor(0.0312, device='cuda:0')
tensor(0.8453, device='cuda:0') tensor(0.1000, device='cuda:0') tensor(0.0547, device='cuda:0')
tensor(0.8766, device='cuda:0') tensor(0.1000, device='cuda:0') tensor(0.0234, device='cuda:0')
tensor(0.8766, device='cuda:0') tensor(0.1000, device='cuda:0') tensor(0.0234, device='cuda:0')
tensor(0.8687, device='cuda:0') tensor(0.1000, device='cuda:0') tensor(0.0312, device='cuda:0')
tensor(0.8609, device='cuda:0') tensor(0.1000, device='cuda:0') tensor(0.0391, device='cuda:0')
tensor(0.8375, device='cuda:0') tensor(0.1000, device='cuda:0') tensor(0.0625, device='cuda:0')
tensor(0.8609, device='cuda:0') tensor(0.1000, device='cuda:0') tensor(0.0391, device='cuda:0')
tensor(0.8609, device='cuda:0') tensor(0.1000, device='cuda:0') tensor(0.0391, device='cuda:0')
tensor(0.8062, device='cuda:0') tensor(0.1000, device='cuda:0') tensor(0.0938, device='cuda:0')
tensor(0.8844, device='cuda:0') tensor(0.1000, device='cuda:0') tensor(0.0156, device='cuda:0')
tensor(0.8687, device='cuda:0') tensor(0.1000, device='cuda:0') tensor(0.0312, device='cuda:0')
tensor(0.8687, device='cuda:0') tensor(0.1000, device='cuda:0') tensor(0.0312, device='cuda:0')
tensor(0.8766, device='cuda:0') tensor(0.1000, device='cuda:0') tensor(0.0234, device='cuda:0')
tensor(0.8766, device='cuda:0') tensor(0.1000, device='cuda:0') tensor(0.0234, device='cuda:0')
tensor(0.8766, device='cuda:0') tensor(0.1000, device='cuda:0') tensor(0.0234, device='cuda:0')
tensor(0.8687, device='cuda:0') tensor(0.1000, device='cuda:0') tensor(0.0312, device='cuda:0')
tensor(0.8531, device='cuda:0') tensor(0.1000, device='cuda:0') tensor(0.0469, device='cuda:0')
tensor(0.8844, device='cuda:0') tensor(0.1000, device='cuda:0') tensor(0.0156, device='cuda:0')
tensor(0.8766, device='cuda:0') tensor(0.1000, device='cuda:0') tensor(0.0234, device='cuda:0')
time 5.22
error 354.12176513671875
1 self_attn.q_proj
Quantizing ...
tensor(0.8609, device='cuda:0') tensor(0.1000, device='cuda:0') tensor(0.0391, device='cuda:0')
tensor(0.8531, device='cuda:0') tensor(0.1000, device='cuda:0') tensor(0.0469, device='cuda:0')
tensor(0.8609, device='cuda:0') tensor(0.1000, device='cuda:0') tensor(0.0391, device='cuda:0')
tensor(0.8531, device='cuda:0') tensor(0.1000, device='cuda:0') tensor(0.0469, device='cuda:0')
tensor(0.8687, device='cuda:0') tensor(0.1000, device='cuda:0') tensor(0.0312, device='cuda:0')
tensor(0.8219, device='cuda:0') tensor(0.1000, device='cuda:0') tensor(0.0781, device='cuda:0')
tensor(0.8062, device='cuda:0') tensor(0.1000, device='cuda:0') tensor(0.0938, device='cuda:0')
tensor(0.8609, device='cuda:0') tensor(0.1000, device='cuda:0') tensor(0.0391, device='cuda:0')
tensor(0.8375, device='cuda:0') tensor(0.1000, device='cuda:0') tensor(0.0625, device='cuda:0')
tensor(0.8297, device='cuda:0') tensor(0.1000, device='cuda:0') tensor(0.0703, device='cuda:0')
tensor(0.8453, device='cuda:0') tensor(0.1000, device='cuda:0') tensor(0.0547, device='cuda:0')
tensor(0.8375, device='cuda:0') tensor(0.1000, device='cuda:0') tensor(0.0625, device='cuda:0')
tensor(0.8609, device='cuda:0') tensor(0.1000, device='cuda:0') tensor(0.0391, device='cuda:0')
tensor(0.7906, device='cuda:0') tensor(0.1000, device='cuda:0') tensor(0.1094, device='cuda:0')
tensor(0.8375, device='cuda:0') tensor(0.1000, device='cuda:0') tensor(0.0625, device='cuda:0')
tensor(0.8219, device='cuda:0') tensor(0.1000, device='cuda:0') tensor(0.0781, device='cuda:0')
time 1.40
error 84754.484375
1 self_attn.k_proj
Quantizing ...
tensor(0.8375, device='cuda:0') tensor(0.1000, device='cuda:0') tensor(0.0625, device='cuda:0')
tensor(0.8375, device='cuda:0') tensor(0.1000, device='cuda:0') tensor(0.0625, device='cuda:0')
tensor(0.8609, device='cuda:0') tensor(0.1000, device='cuda:0') tensor(0.0391, device='cuda:0')
tensor(0.8297, device='cuda:0') tensor(0.1000, device='cuda:0') tensor(0.0703, device='cuda:0')
tensor(0.8531, device='cuda:0') tensor(0.1000, device='cuda:0') tensor(0.0469, device='cuda:0')
tensor(0.8297, device='cuda:0') tensor(0.1000, device='cuda:0') tensor(0.0703, device='cuda:0')
tensor(0.8141, device='cuda:0') tensor(0.1000, device='cuda:0') tensor(0.0859, device='cuda:0')
tensor(0.8297, device='cuda:0') tensor(0.1000, device='cuda:0') tensor(0.0703, device='cuda:0')
tensor(0.8453, device='cuda:0') tensor(0.1000, device='cuda:0') tensor(0.0547, device='cuda:0')
tensor(0.8141, device='cuda:0') tensor(0.1000, device='cuda:0') tensor(0.0859, device='cuda:0')
tensor(0.8453, device='cuda:0') tensor(0.1000, device='cuda:0') tensor(0.0547, device='cuda:0')
tensor(0.8062, device='cuda:0') tensor(0.1000, device='cuda:0') tensor(0.0938, device='cuda:0')
tensor(0.8531, device='cuda:0') tensor(0.1000, device='cuda:0') tensor(0.0469, device='cuda:0')
tensor(0.8297, device='cuda:0') tensor(0.1000, device='cuda:0') tensor(0.0703, device='cuda:0')
tensor(0.8219, device='cuda:0') tensor(0.1000, device='cuda:0') tensor(0.0781, device='cuda:0')
tensor(0.8609, device='cuda:0') tensor(0.1000, device='cuda:0') tensor(0.0391, device='cuda:0')
time 1.16
error 46533.41796875
1 self_attn.v_proj
Quantizing ...
tensor(0.8141, device='cuda:0') tensor(0.1000, device='cuda:0') tensor(0.0859, device='cuda:0')
tensor(0.8219, device='cuda:0') tensor(0.1000, device='cuda:0') tensor(0.0781, device='cuda:0')
tensor(0.8141, device='cuda:0') tensor(0.1000, device='cuda:0') tensor(0.0859, device='cuda:0')
tensor(0.8297, device='cuda:0') tensor(0.1000, device='cuda:0') tensor(0.0703, device='cuda:0')
tensor(0.8531, device='cuda:0') tensor(0.1000, device='cuda:0') tensor(0.0469, device='cuda:0')
tensor(0.8219, device='cuda:0') tensor(0.1000, device='cuda:0') tensor(0.0781, device='cuda:0')
tensor(0.8375, device='cuda:0') tensor(0.1000, device='cuda:0') tensor(0.0625, device='cuda:0')
tensor(0.7906, device='cuda:0') tensor(0.1000, device='cuda:0') tensor(0.1094, device='cuda:0')
tensor(0.8141, device='cuda:0') tensor(0.1000, device='cuda:0') tensor(0.0859, device='cuda:0')
tensor(0.8375, device='cuda:0') tensor(0.1000, device='cuda:0') tensor(0.0625, device='cuda:0')
tensor(0.8531, device='cuda:0') tensor(0.1000, device='cuda:0') tensor(0.0469, device='cuda:0')
tensor(0.7984, device='cuda:0') tensor(0.1000, device='cuda:0') tensor(0.1016, device='cuda:0')
tensor(0.8375, device='cuda:0') tensor(0.1000, device='cuda:0') tensor(0.0625, device='cuda:0')
tensor(0.8375, device='cuda:0') tensor(0.1000, device='cuda:0') tensor(0.0625, device='cuda:0')
tensor(0.7984, device='cuda:0') tensor(0.1000, device='cuda:0') tensor(0.1016, device='cuda:0')
tensor(0.8375, device='cuda:0') tensor(0.1000, device='cuda:0') tensor(0.0625, device='cuda:0')
time 1.18
error 2707.355224609375
1 self_attn.o_proj
Quantizing ...
tensor(0.8062, device='cuda:0') tensor(0.1000, device='cuda:0') tensor(0.0938, device='cuda:0')
tensor(0.8609, device='cuda:0') tensor(0.1000, device='cuda:0') tensor(0.0391, device='cuda:0')
tensor(0.8687, device='cuda:0') tensor(0.1000, device='cuda:0') tensor(0.0312, device='cuda:0')
tensor(0.8687, device='cuda:0') tensor(0.1000, device='cuda:0') tensor(0.0312, device='cuda:0')
tensor(0.8766, device='cuda:0') tensor(0.1000, device='cuda:0') tensor(0.0234, device='cuda:0')
tensor(0.8219, device='cuda:0') tensor(0.1000, device='cuda:0') tensor(0.0781, device='cuda:0')
tensor(0.8766, device='cuda:0') tensor(0.1000, device='cuda:0') tensor(0.0234, device='cuda:0')
tensor(0.8609, device='cuda:0') tensor(0.1000, device='cuda:0') tensor(0.0391, device='cuda:0')
tensor(0.8687, device='cuda:0') tensor(0.1000, device='cuda:0') tensor(0.0312, device='cuda:0')
tensor(0.8844, device='cuda:0') tensor(0.1000, device='cuda:0') tensor(0.0156, device='cuda:0')
tensor(0.7125, device='cuda:0') tensor(0.1000, device='cuda:0') tensor(0.1875, device='cuda:0')
tensor(0.8609, device='cuda:0') tensor(0.1000, device='cuda:0') tensor(0.0391, device='cuda:0')
tensor(0.8844, device='cuda:0') tensor(0.1000, device='cuda:0') tensor(0.0156, device='cuda:0')
tensor(0.8844, device='cuda:0') tensor(0.1000, device='cuda:0') tensor(0.0156, device='cuda:0')
tensor(0.8687, device='cuda:0') tensor(0.1000, device='cuda:0') tensor(0.0312, device='cuda:0')
tensor(0.8062, device='cuda:0') tensor(0.1000, device='cuda:0') tensor(0.0938, device='cuda:0')
time 1.29
error 167.49197387695312
1 mlp.gate_proj
Quantizing ...
tensor(0.8531, device='cuda:0') tensor(0.1000, device='cuda:0') tensor(0.0469, device='cuda:0')
tensor(0.8375, device='cuda:0') tensor(0.1000, device='cuda:0') tensor(0.0625, device='cuda:0')
tensor(0.8297, device='cuda:0') tensor(0.1000, device='cuda:0') tensor(0.0703, device='cuda:0')
tensor(0.7828, device='cuda:0') tensor(0.1000, device='cuda:0') tensor(0.1172, device='cuda:0')
tensor(0.8297, device='cuda:0') tensor(0.1000, device='cuda:0') tensor(0.0703, device='cuda:0')
tensor(0.7984, device='cuda:0') tensor(0.1000, device='cuda:0') tensor(0.1016, device='cuda:0')
tensor(0.8844, device='cuda:0') tensor(0.1000, device='cuda:0') tensor(0.0156, device='cuda:0')
tensor(0.8297, device='cuda:0') tensor(0.1000, device='cuda:0') tensor(0.0703, device='cuda:0')
tensor(0.8297, device='cuda:0') tensor(0.1000, device='cuda:0') tensor(0.0703, device='cuda:0')
tensor(0.8375, device='cuda:0') tensor(0.1000, device='cuda:0') tensor(0.0625, device='cuda:0')
tensor(0.7516, device='cuda:0') tensor(0.1000, device='cuda:0') tensor(0.1484, device='cuda:0')
tensor(0.8453, device='cuda:0') tensor(0.1000, device='cuda:0') tensor(0.0547, device='cuda:0')
tensor(0.8141, device='cuda:0') tensor(0.1000, device='cuda:0') tensor(0.0859, device='cuda:0')
tensor(0.8453, device='cuda:0') tensor(0.1000, device='cuda:0') tensor(0.0547, device='cuda:0')
tensor(0.8766, device='cuda:0') tensor(0.1000, device='cuda:0') tensor(0.0234, device='cuda:0')
tensor(0.8766, device='cuda:0') tensor(0.1000, device='cuda:0') tensor(0.0234, device='cuda:0')
time 1.79
error 83503.078125
1 mlp.up_proj
Quantizing ...
tensor(0.7281, device='cuda:0') tensor(0.1000, device='cuda:0') tensor(0.1719, device='cuda:0')
tensor(0.5250, device='cuda:0') tensor(0.1000, device='cuda:0') tensor(0.3750, device='cuda:0')
tensor(0.8219, device='cuda:0') tensor(0.1000, device='cuda:0') tensor(0.0781, device='cuda:0')
tensor(0.8297, device='cuda:0') tensor(0.1000, device='cuda:0') tensor(0.0703, device='cuda:0')
tensor(0.8844, device='cuda:0') tensor(0.1000, device='cuda:0') tensor(0.0156, device='cuda:0')
tensor(0.8766, device='cuda:0') tensor(0.1000, device='cuda:0') tensor(0.0234, device='cuda:0')
tensor(0.8844, device='cuda:0') tensor(0.1000, device='cuda:0') tensor(0.0156, device='cuda:0')
tensor(0.8766, device='cuda:0') tensor(0.1000, device='cuda:0') tensor(0.0234, device='cuda:0')
tensor(0.8375, device='cuda:0') tensor(0.1000, device='cuda:0') tensor(0.0625, device='cuda:0')
tensor(0.8141, device='cuda:0') tensor(0.1000, device='cuda:0') tensor(0.0859, device='cuda:0')
tensor(0.8844, device='cuda:0') tensor(0.1000, device='cuda:0') tensor(0.0156, device='cuda:0')
tensor(0.8062, device='cuda:0') tensor(0.1000, device='cuda:0') tensor(0.0938, device='cuda:0')
tensor(0.8609, device='cuda:0') tensor(0.1000, device='cuda:0') tensor(0.0391, device='cuda:0')
tensor(0.8844, device='cuda:0') tensor(0.1000, device='cuda:0') tensor(0.0156, device='cuda:0')
tensor(0.7984, device='cuda:0') tensor(0.1000, device='cuda:0') tensor(0.1016, device='cuda:0')
tensor(0.8453, device='cuda:0') tensor(0.1000, device='cuda:0') tensor(0.0547, device='cuda:0')
time 2.00
error 60192.921875
1 mlp.down_proj
Quantizing ...
tensor(0.8843, device='cuda:0') tensor(0.1000, device='cuda:0') tensor(0.0156, device='cuda:0')
tensor(0.8141, device='cuda:0') tensor(0.1000, device='cuda:0') tensor(0.0859, device='cuda:0')
tensor(0.7750, device='cuda:0') tensor(0.1000, device='cuda:0') tensor(0.1250, device='cuda:0')
tensor(0.8766, device='cuda:0') tensor(0.1000, device='cuda:0') tensor(0.0234, device='cuda:0')
tensor(0.8219, device='cuda:0') tensor(0.1000, device='cuda:0') tensor(0.0781, device='cuda:0')
tensor(0.8141, device='cuda:0') tensor(0.1000, device='cuda:0') tensor(0.0859, device='cuda:0')
tensor(0.8687, device='cuda:0') tensor(0.1000, device='cuda:0') tensor(0.0312, device='cuda:0')
tensor(0.7984, device='cuda:0') tensor(0.1000, device='cuda:0') tensor(0.1016, device='cuda:0')
tensor(0.8219, device='cuda:0') tensor(0.1000, device='cuda:0') tensor(0.0781, device='cuda:0')
tensor(0.7906, device='cuda:0') tensor(0.1000, device='cuda:0') tensor(0.1094, device='cuda:0')
tensor(0.7125, device='cuda:0') tensor(0.1000, device='cuda:0') tensor(0.1875, device='cuda:0')
tensor(0.8844, device='cuda:0') tensor(0.1000, device='cuda:0') tensor(0.0156, device='cuda:0')
tensor(0.8453, device='cuda:0') tensor(0.1000, device='cuda:0') tensor(0.0547, device='cuda:0')
tensor(0.8453, device='cuda:0') tensor(0.1000, device='cuda:0') tensor(0.0547, device='cuda:0')
tensor(0.8766, device='cuda:0') tensor(0.1000, device='cuda:0') tensor(0.0234, device='cuda:0')
tensor(0.8453, device='cuda:0') tensor(0.1000, device='cuda:0') tensor(0.0547, device='cuda:0')
tensor(0.8219, device='cuda:0') tensor(0.1000, device='cuda:0') tensor(0.0781, device='cuda:0')
tensor(0.8687, device='cuda:0') tensor(0.1000, device='cuda:0') tensor(0.0312, device='cuda:0')
tensor(0.7750, device='cuda:0') tensor(0.1000, device='cuda:0') tensor(0.1250, device='cuda:0')
tensor(0.8687, device='cuda:0') tensor(0.1000, device='cuda:0') tensor(0.0312, device='cuda:0')
tensor(0.8609, device='cuda:0') tensor(0.1000, device='cuda:0') tensor(0.0391, device='cuda:0')
tensor(0.8766, device='cuda:0') tensor(0.1000, device='cuda:0') tensor(0.0234, device='cuda:0')
tensor(0.8844, device='cuda:0') tensor(0.1000, device='cuda:0') tensor(0.0156, device='cuda:0')
tensor(0.7516, device='cuda:0') tensor(0.1000, device='cuda:0') tensor(0.1484, device='cuda:0')
tensor(0.8375, device='cuda:0') tensor(0.1000, device='cuda:0') tensor(0.0625, device='cuda:0')
tensor(0.8453, device='cuda:0') tensor(0.1000, device='cuda:0') tensor(0.0547, device='cuda:0')
tensor(0.8766, device='cuda:0') tensor(0.1000, device='cuda:0') tensor(0.0234, device='cuda:0')
tensor(0.8687, device='cuda:0') tensor(0.1000, device='cuda:0') tensor(0.0312, device='cuda:0')
tensor(0.8609, device='cuda:0') tensor(0.1000, device='cuda:0') tensor(0.0391, device='cuda:0')
tensor(0.8609, device='cuda:0') tensor(0.1000, device='cuda:0') tensor(0.0391, device='cuda:0')
tensor(0.8766, device='cuda:0') tensor(0.1000, device='cuda:0') tensor(0.0234, device='cuda:0')
tensor(0.8219, device='cuda:0') tensor(0.1000, device='cuda:0') tensor(0.0781, device='cuda:0')
tensor(0.7672, device='cuda:0') tensor(0.1000, device='cuda:0') tensor(0.1328, device='cuda:0')
tensor(0.8375, device='cuda:0') tensor(0.1000, device='cuda:0') tensor(0.0625, device='cuda:0')
tensor(0.8531, device='cuda:0') tensor(0.1000, device='cuda:0') tensor(0.0469, device='cuda:0')
tensor(0.8141, device='cuda:0') tensor(0.1000, device='cuda:0') tensor(0.0859, device='cuda:0')
tensor(0.8453, device='cuda:0') tensor(0.1000, device='cuda:0') tensor(0.0547, device='cuda:0')
tensor(0.8609, device='cuda:0') tensor(0.1000, device='cuda:0') tensor(0.0391, device='cuda:0')
tensor(0.8453, device='cuda:0') tensor(0.1000, device='cuda:0') tensor(0.0547, device='cuda:0')
tensor(0.8375, device='cuda:0') tensor(0.1000, device='cuda:0') tensor(0.0625, device='cuda:0')
tensor(0.8375, device='cuda:0') tensor(0.1000, device='cuda:0') tensor(0.0625, device='cuda:0')
tensor(0.8766, device='cuda:0') tensor(0.1000, device='cuda:0') tensor(0.0234, device='cuda:0')
tensor(0.7672, device='cuda:0') tensor(0.1000, device='cuda:0') tensor(0.1328, device='cuda:0')
tensor(0.8766, device='cuda:0') tensor(0.1000, device='cuda:0') tensor(0.0234, device='cuda:0')
tensor(0.8297, device='cuda:0') tensor(0.1000, device='cuda:0') tensor(0.0703, device='cuda:0')
tensor(0.8062, device='cuda:0') tensor(0.1000, device='cuda:0') tensor(0.0938, device='cuda:0')
tensor(0.8531, device='cuda:0') tensor(0.1000, device='cuda:0') tensor(0.0469, device='cuda:0')
tensor(0.8219, device='cuda:0') tensor(0.1000, device='cuda:0') tensor(0.0781, device='cuda:0')
tensor(0.8219, device='cuda:0') tensor(0.1000, device='cuda:0') tensor(0.0781, device='cuda:0')
tensor(0.8062, device='cuda:0') tensor(0.1000, device='cuda:0') tensor(0.0938, device='cuda:0')
tensor(0.8609, device='cuda:0') tensor(0.1000, device='cuda:0') tensor(0.0391, device='cuda:0')
tensor(0.8766, device='cuda:0') tensor(0.1000, device='cuda:0') tensor(0.0234, device='cuda:0')
tensor(0.8453, device='cuda:0') tensor(0.1000, device='cuda:0') tensor(0.0547, device='cuda:0')
tensor(0.7359, device='cuda:0') tensor(0.1000, device='cuda:0') tensor(0.1641, device='cuda:0')
tensor(0.8297, device='cuda:0') tensor(0.1000, device='cuda:0') tensor(0.0703, device='cuda:0')
tensor(0.8687, device='cuda:0') tensor(0.1000, device='cuda:0') tensor(0.0312, device='cuda:0')
tensor(0.8844, device='cuda:0') tensor(0.1000, device='cuda:0') tensor(0.0156, device='cuda:0')
tensor(0.6109, device='cuda:0') tensor(0.1000, device='cuda:0') tensor(0.2891, device='cuda:0')
tensor(0.7828, device='cuda:0') tensor(0.1000, device='cuda:0') tensor(0.1172, device='cuda:0')
tensor(0.8531, device='cuda:0') tensor(0.1000, device='cuda:0') tensor(0.0469, device='cuda:0')
tensor(0.8687, device='cuda:0') tensor(0.1000, device='cuda:0') tensor(0.0312, device='cuda:0')
tensor(0.7672, device='cuda:0') tensor(0.1000, device='cuda:0') tensor(0.1328, device='cuda:0')
tensor(0.8687, device='cuda:0') tensor(0.1000, device='cuda:0') tensor(0.0312, device='cuda:0')
tensor(0.8687, device='cuda:0') tensor(0.1000, device='cuda:0') tensor(0.0312, device='cuda:0')
time 5.85
error 926.739990234375
2 self_attn.q_proj
Quantizing ...
tensor(0.8297, device='cuda:0') tensor(0.1000, device='cuda:0') tensor(0.0703, device='cuda:0')
tensor(0.8375, device='cuda:0') tensor(0.1000, device='cuda:0') tensor(0.0625, device='cuda:0')
tensor(0.8687, device='cuda:0') tensor(0.1000, device='cuda:0') tensor(0.0312, device='cuda:0')
tensor(0.8531, device='cuda:0') tensor(0.1000, device='cuda:0') tensor(0.0469, device='cuda:0')
tensor(0.8687, device='cuda:0') tensor(0.1000, device='cuda:0') tensor(0.0312, device='cuda:0')
tensor(0.8375, device='cuda:0') tensor(0.1000, device='cuda:0') tensor(0.0625, device='cuda:0')
tensor(0.8531, device='cuda:0') tensor(0.1000, device='cuda:0') tensor(0.0469, device='cuda:0')
tensor(0.7906, device='cuda:0') tensor(0.1000, device='cuda:0') tensor(0.1094, device='cuda:0')
tensor(0.8609, device='cuda:0') tensor(0.1000, device='cuda:0') tensor(0.0391, device='cuda:0')
tensor(0.8297, device='cuda:0') tensor(0.1000, device='cuda:0') tensor(0.0703, device='cuda:0')
tensor(0.8531, device='cuda:0') tensor(0.1000, device='cuda:0') tensor(0.0469, device='cuda:0')
tensor(0.8453, device='cuda:0') tensor(0.1000, device='cuda:0') tensor(0.0547, device='cuda:0')
tensor(0.8687, device='cuda:0') tensor(0.1000, device='cuda:0') tensor(0.0312, device='cuda:0')
tensor(0.8453, device='cuda:0') tensor(0.1000, device='cuda:0') tensor(0.0547, device='cuda:0')
tensor(0.7984, device='cuda:0') tensor(0.1000, device='cuda:0') tensor(0.1016, device='cuda:0')
tensor(0.8531, device='cuda:0') tensor(0.1000, device='cuda:0') tensor(0.0469, device='cuda:0')
time 1.55
error 160095.671875
2 self_attn.k_proj
Quantizing ...
tensor(0.8609, device='cuda:0') tensor(0.1000, device='cuda:0') tensor(0.0391, device='cuda:0')
tensor(0.8609, device='cuda:0') tensor(0.1000, device='cuda:0') tensor(0.0391, device='cuda:0')
tensor(0.8453, device='cuda:0') tensor(0.1000, device='cuda:0') tensor(0.0547, device='cuda:0')
tensor(0.8453, device='cuda:0') tensor(0.1000, device='cuda:0') tensor(0.0547, device='cuda:0')
tensor(0.8453, device='cuda:0') tensor(0.1000, device='cuda:0') tensor(0.0547, device='cuda:0')
tensor(0.8766, device='cuda:0') tensor(0.1000, device='cuda:0') tensor(0.0234, device='cuda:0')
tensor(0.8531, device='cuda:0') tensor(0.1000, device='cuda:0') tensor(0.0469, device='cuda:0')
tensor(0.8766, device='cuda:0') tensor(0.1000, device='cuda:0') tensor(0.0234, device='cuda:0')
tensor(0.8687, device='cuda:0') tensor(0.1000, device='cuda:0') tensor(0.0312, device='cuda:0')
tensor(0.8609, device='cuda:0') tensor(0.1000, device='cuda:0') tensor(0.0391, device='cuda:0')
tensor(0.8687, device='cuda:0') tensor(0.1000, device='cuda:0') tensor(0.0312, device='cuda:0')
tensor(0.8766, device='cuda:0') tensor(0.1000, device='cuda:0') tensor(0.0234, device='cuda:0')
tensor(0.8609, device='cuda:0') tensor(0.1000, device='cuda:0') tensor(0.0391, device='cuda:0')
tensor(0.8453, device='cuda:0') tensor(0.1000, device='cuda:0') tensor(0.0547, device='cuda:0')
tensor(0.8766, device='cuda:0') tensor(0.1000, device='cuda:0') tensor(0.0234, device='cuda:0')
tensor(0.8609, device='cuda:0') tensor(0.1000, device='cuda:0') tensor(0.0391, device='cuda:0')
time 1.31
error 85805.6875
2 self_attn.v_proj
Quantizing ...
tensor(0.7984, device='cuda:0') tensor(0.1000, device='cuda:0') tensor(0.1016, device='cuda:0')
tensor(0.8141, device='cuda:0') tensor(0.1000, device='cuda:0') tensor(0.0859, device='cuda:0')
tensor(0.7359, device='cuda:0') tensor(0.1000, device='cuda:0') tensor(0.1641, device='cuda:0')
tensor(0.7359, device='cuda:0') tensor(0.1000, device='cuda:0') tensor(0.1641, device='cuda:0')
tensor(0.6969, device='cuda:0') tensor(0.1000, device='cuda:0') tensor(0.2031, device='cuda:0')
tensor(0.7984, device='cuda:0') tensor(0.1000, device='cuda:0') tensor(0.1016, device='cuda:0')
tensor(0.7437, device='cuda:0') tensor(0.1000, device='cuda:0') tensor(0.1562, device='cuda:0')
tensor(0.7437, device='cuda:0') tensor(0.1000, device='cuda:0') tensor(0.1562, device='cuda:0')
tensor(0.8375, device='cuda:0') tensor(0.1000, device='cuda:0') tensor(0.0625, device='cuda:0')
tensor(0.8141, device='cuda:0') tensor(0.1000, device='cuda:0') tensor(0.0859, device='cuda:0')
tensor(0.7750, device='cuda:0') tensor(0.1000, device='cuda:0') tensor(0.1250, device='cuda:0')
tensor(0.7828, device='cuda:0') tensor(0.1000, device='cuda:0') tensor(0.1172, device='cuda:0')
tensor(0.7984, device='cuda:0') tensor(0.1000, device='cuda:0') tensor(0.1016, device='cuda:0')
tensor(0.7594, device='cuda:0') tensor(0.1000, device='cuda:0') tensor(0.1406, device='cuda:0')
tensor(0.7594, device='cuda:0') tensor(0.1000, device='cuda:0') tensor(0.1406, device='cuda:0')
tensor(0.8375, device='cuda:0') tensor(0.1000, device='cuda:0') tensor(0.0625, device='cuda:0')
time 1.36
error 6044.92578125
2 self_attn.o_proj
Quantizing ...
tensor(0.8687, device='cuda:0') tensor(0.1000, device='cuda:0') tensor(0.0312, device='cuda:0')
tensor(0.8766, device='cuda:0') tensor(0.1000, device='cuda:0') tensor(0.0234, device='cuda:0')
tensor(0.6500, device='cuda:0') tensor(0.1000, device='cuda:0') tensor(0.2500, device='cuda:0')
tensor(0.6734, device='cuda:0') tensor(0.1000, device='cuda:0') tensor(0.2266, device='cuda:0')
tensor(0.8687, device='cuda:0') tensor(0.1000, device='cuda:0') tensor(0.0312, device='cuda:0')
tensor(0.8609, device='cuda:0') tensor(0.1000, device='cuda:0') tensor(0.0391, device='cuda:0')
tensor(0.7984, device='cuda:0') tensor(0.1000, device='cuda:0') tensor(0.1016, device='cuda:0')
tensor(0.8531, device='cuda:0') tensor(0.1000, device='cuda:0') tensor(0.0469, device='cuda:0')
tensor(0.8766, device='cuda:0') tensor(0.1000, device='cuda:0') tensor(0.0234, device='cuda:0')
tensor(0.7125, device='cuda:0') tensor(0.1000, device='cuda:0') tensor(0.1875, device='cuda:0')
tensor(0.8766, device='cuda:0') tensor(0.1000, device='cuda:0') tensor(0.0234, device='cuda:0')
tensor(0.8531, device='cuda:0') tensor(0.1000, device='cuda:0') tensor(0.0469, device='cuda:0')
tensor(0.8687, device='cuda:0') tensor(0.1000, device='cuda:0') tensor(0.0312, device='cuda:0')
tensor(0.8687, device='cuda:0') tensor(0.1000, device='cuda:0') tensor(0.0312, device='cuda:0')
tensor(0.8609, device='cuda:0') tensor(0.1000, device='cuda:0') tensor(0.0391, device='cuda:0')
tensor(0.8687, device='cuda:0') tensor(0.1000, device='cuda:0') tensor(0.0312, device='cuda:0')
time 1.41
error 465.9210205078125
2 mlp.gate_proj
Quantizing ...
tensor(0.8766, device='cuda:0') tensor(0.1000, device='cuda:0') tensor(0.0234, device='cuda:0')
tensor(0.8297, device='cuda:0') tensor(0.1000, device='cuda:0') tensor(0.0703, device='cuda:0')
tensor(0.7906, device='cuda:0') tensor(0.1000, device='cuda:0') tensor(0.1094, device='cuda:0')
tensor(0.8609, device='cuda:0') tensor(0.1000, device='cuda:0') tensor(0.0391, device='cuda:0')
tensor(0.8609, device='cuda:0') tensor(0.1000, device='cuda:0') tensor(0.0391, device='cuda:0')
tensor(0.8375, device='cuda:0') tensor(0.1000, device='cuda:0') tensor(0.0625, device='cuda:0')
tensor(0.8687, device='cuda:0') tensor(0.1000, device='cuda:0') tensor(0.0312, device='cuda:0')
tensor(0.8453, device='cuda:0') tensor(0.1000, device='cuda:0') tensor(0.0547, device='cuda:0')
tensor(0.8297, device='cuda:0') tensor(0.1000, device='cuda:0') tensor(0.0703, device='cuda:0')
tensor(0.8531, device='cuda:0') tensor(0.1000, device='cuda:0') tensor(0.0469, device='cuda:0')
tensor(0.8531, device='cuda:0') tensor(0.1000, device='cuda:0') tensor(0.0469, device='cuda:0')
tensor(0.8531, device='cuda:0') tensor(0.1000, device='cuda:0') tensor(0.0469, device='cuda:0')
tensor(0.8453, device='cuda:0') tensor(0.1000, device='cuda:0') tensor(0.0547, device='cuda:0')
tensor(0.8375, device='cuda:0') tensor(0.1000, device='cuda:0') tensor(0.0625, device='cuda:0')
tensor(0.7750, device='cuda:0') tensor(0.1000, device='cuda:0') tensor(0.1250, device='cuda:0')
tensor(0.8609, device='cuda:0') tensor(0.1000, device='cuda:0') tensor(0.0391, device='cuda:0')
time 1.84
error 127105.890625
2 mlp.up_proj
Quantizing ...
tensor(0.5172, device='cuda:0') tensor(0.1000, device='cuda:0') tensor(0.3828, device='cuda:0')
tensor(0.5250, device='cuda:0') tensor(0.1000, device='cuda:0') tensor(0.3750, device='cuda:0')
tensor(0.5172, device='cuda:0') tensor(0.1000, device='cuda:0') tensor(0.3828, device='cuda:0')
tensor(0.5172, device='cuda:0') tensor(0.1000, device='cuda:0') tensor(0.3828, device='cuda:0')
tensor(0.5172, device='cuda:0') tensor(0.1000, device='cuda:0') tensor(0.3828, device='cuda:0')
tensor(0.7906, device='cuda:0') tensor(0.1000, device='cuda:0') tensor(0.1094, device='cuda:0')
tensor(0.8375, device='cuda:0') tensor(0.1000, device='cuda:0') tensor(0.0625, device='cuda:0')
tensor(0.5172, device='cuda:0') tensor(0.1000, device='cuda:0') tensor(0.3828, device='cuda:0')
tensor(0.5172, device='cuda:0') tensor(0.1000, device='cuda:0') tensor(0.3828, device='cuda:0')
tensor(0.8375, device='cuda:0') tensor(0.1000, device='cuda:0') tensor(0.0625, device='cuda:0')
tensor(0.7672, device='cuda:0') tensor(0.1000, device='cuda:0') tensor(0.1328, device='cuda:0')
tensor(0.8453, device='cuda:0') tensor(0.1000, device='cuda:0') tensor(0.0547, device='cuda:0')
tensor(0.8375, device='cuda:0') tensor(0.1000, device='cuda:0') tensor(0.0625, device='cuda:0')
tensor(0.8219, device='cuda:0') tensor(0.1000, device='cuda:0') tensor(0.0781, device='cuda:0')
tensor(0.8531, device='cuda:0') tensor(0.1000, device='cuda:0') tensor(0.0469, device='cuda:0')
tensor(0.8531, device='cuda:0') tensor(0.1000, device='cuda:0') tensor(0.0469, device='cuda:0')
time 1.82
error 73519.40625
2 mlp.down_proj
Quantizing ...
tensor(0.8453, device='cuda:0') tensor(0.1000, device='cuda:0') tensor(0.0547, device='cuda:0')
tensor(0.8609, device='cuda:0') tensor(0.1000, device='cuda:0') tensor(0.0391, device='cuda:0')
tensor(0.8609, device='cuda:0') tensor(0.1000, device='cuda:0') tensor(0.0391, device='cuda:0')
tensor(0.8531, device='cuda:0') tensor(0.1000, device='cuda:0') tensor(0.0469, device='cuda:0')
tensor(0.8766, device='cuda:0') tensor(0.1000, device='cuda:0') tensor(0.0234, device='cuda:0')
tensor(0.8609, device='cuda:0') tensor(0.1000, device='cuda:0') tensor(0.0391, device='cuda:0')
tensor(0.8766, device='cuda:0') tensor(0.1000, device='cuda:0') tensor(0.0234, device='cuda:0')
tensor(0.7828, device='cuda:0') tensor(0.1000, device='cuda:0') tensor(0.1172, device='cuda:0')
tensor(0.6734, device='cuda:0') tensor(0.1000, device='cuda:0') tensor(0.2266, device='cuda:0')
tensor(0.8453, device='cuda:0') tensor(0.1000, device='cuda:0') tensor(0.0547, device='cuda:0')
tensor(0.8062, device='cuda:0') tensor(0.1000, device='cuda:0') tensor(0.0938, device='cuda:0')
tensor(0.7828, device='cuda:0') tensor(0.1000, device='cuda:0') tensor(0.1172, device='cuda:0')
tensor(0.8453, device='cuda:0') tensor(0.1000, device='cuda:0') tensor(0.0547, device='cuda:0')
tensor(0.8609, device='cuda:0') tensor(0.1000, device='cuda:0') tensor(0.0391, device='cuda:0')
tensor(0.8844, device='cuda:0') tensor(0.1000, device='cuda:0') tensor(0.0156, device='cuda:0')
tensor(0.8687, device='cuda:0') tensor(0.1000, device='cuda:0') tensor(0.0312, device='cuda:0')
tensor(0.8766, device='cuda:0') tensor(0.1000, device='cuda:0') tensor(0.0234, device='cuda:0')
tensor(0.8297, device='cuda:0') tensor(0.1000, device='cuda:0') tensor(0.0703, device='cuda:0')
tensor(0.7750, device='cuda:0') tensor(0.1000, device='cuda:0') tensor(0.1250, device='cuda:0')
tensor(0.8687, device='cuda:0') tensor(0.1000, device='cuda:0') tensor(0.0312, device='cuda:0')
tensor(0.8766, device='cuda:0') tensor(0.1000, device='cuda:0') tensor(0.0234, device='cuda:0')
tensor(0.6734, device='cuda:0') tensor(0.1000, device='cuda:0') tensor(0.2266, device='cuda:0')
tensor(0.8297, device='cuda:0') tensor(0.1000, device='cuda:0') tensor(0.0703, device='cuda:0')
tensor(0.7906, device='cuda:0') tensor(0.1000, device='cuda:0') tensor(0.1094, device='cuda:0')
tensor(0.8141, device='cuda:0') tensor(0.1000, device='cuda:0') tensor(0.0859, device='cuda:0')
tensor(0.8219, device='cuda:0') tensor(0.1000, device='cuda:0') tensor(0.0781, device='cuda:0')
tensor(0.8766, device='cuda:0') tensor(0.1000, device='cuda:0') tensor(0.0234, device='cuda:0')
tensor(0.8453, device='cuda:0') tensor(0.1000, device='cuda:0') tensor(0.0547, device='cuda:0')
tensor(0.8375, device='cuda:0') tensor(0.1000, device='cuda:0') tensor(0.0625, device='cuda:0')
tensor(0.8453, device='cuda:0') tensor(0.1000, device='cuda:0') tensor(0.0547, device='cuda:0')
tensor(0.7906, device='cuda:0') tensor(0.1000, device='cuda:0') tensor(0.1094, device='cuda:0')
tensor(0.8766, device='cuda:0') tensor(0.1000, device='cuda:0') tensor(0.0234, device='cuda:0')
tensor(0.8141, device='cuda:0') tensor(0.1000, device='cuda:0') tensor(0.0859, device='cuda:0')
tensor(0.8141, device='cuda:0') tensor(0.1000, device='cuda:0') tensor(0.0859, device='cuda:0')
tensor(0.8219, device='cuda:0') tensor(0.1000, device='cuda:0') tensor(0.0781, device='cuda:0')
tensor(0.8609, device='cuda:0') tensor(0.1000, device='cuda:0') tensor(0.0391, device='cuda:0')
tensor(0.8609, device='cuda:0') tensor(0.1000, device='cuda:0') tensor(0.0391, device='cuda:0')
tensor(0.8687, device='cuda:0') tensor(0.1000, device='cuda:0') tensor(0.0312, device='cuda:0')
tensor(0.8609, device='cuda:0') tensor(0.1000, device='cuda:0') tensor(0.0391, device='cuda:0')
tensor(0.8531, device='cuda:0') tensor(0.1000, device='cuda:0') tensor(0.0469, device='cuda:0')
tensor(0.7906, device='cuda:0') tensor(0.1000, device='cuda:0') tensor(0.1094, device='cuda:0')
tensor(0.8766, device='cuda:0') tensor(0.1000, device='cuda:0') tensor(0.0234, device='cuda:0')
tensor(0.8766, device='cuda:0') tensor(0.1000, device='cuda:0') tensor(0.0234, device='cuda:0')
tensor(0.8297, device='cuda:0') tensor(0.1000, device='cuda:0') tensor(0.0703, device='cuda:0')
tensor(0.8687, device='cuda:0') tensor(0.1000, device='cuda:0') tensor(0.0312, device='cuda:0')
tensor(0.8609, device='cuda:0') tensor(0.1000, device='cuda:0') tensor(0.0391, device='cuda:0')
tensor(0.7359, device='cuda:0') tensor(0.1000, device='cuda:0') tensor(0.1641, device='cuda:0')
tensor(0.8375, device='cuda:0') tensor(0.1000, device='cuda:0') tensor(0.0625, device='cuda:0')
tensor(0.8609, device='cuda:0') tensor(0.1000, device='cuda:0') tensor(0.0391, device='cuda:0')
tensor(0.7672, device='cuda:0') tensor(0.1000, device='cuda:0') tensor(0.1328, device='cuda:0')
tensor(0.8453, device='cuda:0') tensor(0.1000, device='cuda:0') tensor(0.0547, device='cuda:0')
tensor(0.8531, device='cuda:0') tensor(0.1000, device='cuda:0') tensor(0.0469, device='cuda:0')
tensor(0.8453, device='cuda:0') tensor(0.1000, device='cuda:0') tensor(0.0547, device='cuda:0')
tensor(0.8219, device='cuda:0') tensor(0.1000, device='cuda:0') tensor(0.0781, device='cuda:0')
tensor(0.8687, device='cuda:0') tensor(0.1000, device='cuda:0') tensor(0.0312, device='cuda:0')
tensor(0.8687, device='cuda:0') tensor(0.1000, device='cuda:0') tensor(0.0312, device='cuda:0')
tensor(0.8687, device='cuda:0') tensor(0.1000, device='cuda:0') tensor(0.0312, device='cuda:0')
tensor(0.7984, device='cuda:0') tensor(0.1000, device='cuda:0') tensor(0.1016, device='cuda:0')
tensor(0.8609, device='cuda:0') tensor(0.1000, device='cuda:0') tensor(0.0391, device='cuda:0')
tensor(0.8609, device='cuda:0') tensor(0.1000, device='cuda:0') tensor(0.0391, device='cuda:0')
tensor(0.8766, device='cuda:0') tensor(0.1000, device='cuda:0') tensor(0.0234, device='cuda:0')
tensor(0.8609, device='cuda:0') tensor(0.1000, device='cuda:0') tensor(0.0391, device='cuda:0')
tensor(0.8687, device='cuda:0') tensor(0.1000, device='cuda:0') tensor(0.0312, device='cuda:0')
tensor(0.8531, device='cuda:0') tensor(0.1000, device='cuda:0') tensor(0.0469, device='cuda:0')
time 5.65
error 1156.154052734375
3 self_attn.q_proj
Quantizing ...
tensor(0.8453, device='cuda:0') tensor(0.1000, device='cuda:0') tensor(0.0547, device='cuda:0')
tensor(0.8609, device='cuda:0') tensor(0.1000, device='cuda:0') tensor(0.0391, device='cuda:0')
tensor(0.8766, device='cuda:0') tensor(0.1000, device='cuda:0') tensor(0.0234, device='cuda:0')
tensor(0.8687, device='cuda:0') tensor(0.1000, device='cuda:0') tensor(0.0312, device='cuda:0')
tensor(0.8687, device='cuda:0') tensor(0.1000, device='cuda:0') tensor(0.0312, device='cuda:0')
tensor(0.7906, device='cuda:0') tensor(0.1000, device='cuda:0') tensor(0.1094, device='cuda:0')
tensor(0.8687, device='cuda:0') tensor(0.1000, device='cuda:0') tensor(0.0312, device='cuda:0')
tensor(0.8219, device='cuda:0') tensor(0.1000, device='cuda:0') tensor(0.0781, device='cuda:0')
tensor(0.8687, device='cuda:0') tensor(0.1000, device='cuda:0') tensor(0.0312, device='cuda:0')
tensor(0.8609, device='cuda:0') tensor(0.1000, device='cuda:0') tensor(0.0391, device='cuda:0')
tensor(0.8687, device='cuda:0') tensor(0.1000, device='cuda:0') tensor(0.0312, device='cuda:0')
tensor(0.8531, device='cuda:0') tensor(0.1000, device='cuda:0') tensor(0.0469, device='cuda:0')
tensor(0.8766, device='cuda:0') tensor(0.1000, device='cuda:0') tensor(0.0234, device='cuda:0')
tensor(0.8687, device='cuda:0') tensor(0.1000, device='cuda:0') tensor(0.0312, device='cuda:0')
tensor(0.8531, device='cuda:0') tensor(0.1000, device='cuda:0') tensor(0.0469, device='cuda:0')
tensor(0.8375, device='cuda:0') tensor(0.1000, device='cuda:0') tensor(0.0625, device='cuda:0')
time 1.58
error 101209.7734375
3 self_attn.k_proj
Quantizing ...
tensor(0.8687, device='cuda:0') tensor(0.1000, device='cuda:0') tensor(0.0312, device='cuda:0')
tensor(0.8687, device='cuda:0') tensor(0.1000, device='cuda:0') tensor(0.0312, device='cuda:0')
tensor(0.8766, device='cuda:0') tensor(0.1000, device='cuda:0') tensor(0.0234, device='cuda:0')
tensor(0.8453, device='cuda:0') tensor(0.1000, device='cuda:0') tensor(0.0547, device='cuda:0')
tensor(0.8609, device='cuda:0') tensor(0.1000, device='cuda:0') tensor(0.0391, device='cuda:0')
tensor(0.7516, device='cuda:0') tensor(0.1000, device='cuda:0') tensor(0.1484, device='cuda:0')
tensor(0.8531, device='cuda:0') tensor(0.1000, device='cuda:0') tensor(0.0469, device='cuda:0')
tensor(0.7984, device='cuda:0') tensor(0.1000, device='cuda:0') tensor(0.1016, device='cuda:0')
tensor(0.8687, device='cuda:0') tensor(0.1000, device='cuda:0') tensor(0.0312, device='cuda:0')
tensor(0.8687, device='cuda:0') tensor(0.1000, device='cuda:0') tensor(0.0312, device='cuda:0')
tensor(0.8687, device='cuda:0') tensor(0.1000, device='cuda:0') tensor(0.0312, device='cuda:0')
tensor(0.8453, device='cuda:0') tensor(0.1000, device='cuda:0') tensor(0.0547, device='cuda:0')
tensor(0.8687, device='cuda:0') tensor(0.1000, device='cuda:0') tensor(0.0312, device='cuda:0')
tensor(0.8453, device='cuda:0') tensor(0.1000, device='cuda:0') tensor(0.0547, device='cuda:0')
tensor(0.8609, device='cuda:0') tensor(0.1000, device='cuda:0') tensor(0.0391, device='cuda:0')
tensor(0.8687, device='cuda:0') tensor(0.1000, device='cuda:0') tensor(0.0312, device='cuda:0')
time 1.38
error 48272.1875
3 self_attn.v_proj
Quantizing ...
tensor(0.8141, device='cuda:0') tensor(0.1000, device='cuda:0') tensor(0.0859, device='cuda:0')
tensor(0.8141, device='cuda:0') tensor(0.1000, device='cuda:0') tensor(0.0859, device='cuda:0')
tensor(0.8453, device='cuda:0') tensor(0.1000, device='cuda:0') tensor(0.0547, device='cuda:0')
tensor(0.8375, device='cuda:0') tensor(0.1000, device='cuda:0') tensor(0.0625, device='cuda:0')
tensor(0.8375, device='cuda:0') tensor(0.1000, device='cuda:0') tensor(0.0625, device='cuda:0')
tensor(0.8219, device='cuda:0') tensor(0.1000, device='cuda:0') tensor(0.0781, device='cuda:0')
tensor(0.7437, device='cuda:0') tensor(0.1000, device='cuda:0') tensor(0.1562, device='cuda:0')
tensor(0.8766, device='cuda:0') tensor(0.1000, device='cuda:0') tensor(0.0234, device='cuda:0')
tensor(0.8687, device='cuda:0') tensor(0.1000, device='cuda:0') tensor(0.0312, device='cuda:0')
tensor(0.7125, device='cuda:0') tensor(0.1000, device='cuda:0') tensor(0.1875, device='cuda:0')
tensor(0.8453, device='cuda:0') tensor(0.1000, device='cuda:0') tensor(0.0547, device='cuda:0')
tensor(0.8453, device='cuda:0') tensor(0.1000, device='cuda:0') tensor(0.0547, device='cuda:0')
tensor(0.8141, device='cuda:0') tensor(0.1000, device='cuda:0') tensor(0.0859, device='cuda:0')
tensor(0.7906, device='cuda:0') tensor(0.1000, device='cuda:0') tensor(0.1094, device='cuda:0')
tensor(0.8062, device='cuda:0') tensor(0.1000, device='cuda:0') tensor(0.0938, device='cuda:0')
tensor(0.8531, device='cuda:0') tensor(0.1000, device='cuda:0') tensor(0.0469, device='cuda:0')
time 1.17
error 6967.306640625
3 self_attn.o_proj
Quantizing ...
tensor(0.6187, device='cuda:0') tensor(0.1000, device='cuda:0') tensor(0.2812, device='cuda:0')
tensor(0.5172, device='cuda:0') tensor(0.1000, device='cuda:0') tensor(0.3828, device='cuda:0')
tensor(0.8766, device='cuda:0') tensor(0.1000, device='cuda:0') tensor(0.0234, device='cuda:0')
tensor(0.5172, device='cuda:0') tensor(0.1000, device='cuda:0') tensor(0.3828, device='cuda:0')
tensor(0.8531, device='cuda:0') tensor(0.1000, device='cuda:0') tensor(0.0469, device='cuda:0')
tensor(0.5328, device='cuda:0') tensor(0.1000, device='cuda:0') tensor(0.3672, device='cuda:0')
tensor(0.8687, device='cuda:0') tensor(0.1000, device='cuda:0') tensor(0.0312, device='cuda:0')
tensor(0.5172, device='cuda:0') tensor(0.1000, device='cuda:0') tensor(0.3828, device='cuda:0')
tensor(0.8687, device='cuda:0') tensor(0.1000, device='cuda:0') tensor(0.0312, device='cuda:0')
tensor(0.8531, device='cuda:0') tensor(0.1000, device='cuda:0') tensor(0.0469, device='cuda:0')
tensor(0.5172, device='cuda:0') tensor(0.1000, device='cuda:0') tensor(0.3828, device='cuda:0')
tensor(0.8766, device='cuda:0') tensor(0.1000, device='cuda:0') tensor(0.0234, device='cuda:0')
tensor(0.5172, device='cuda:0') tensor(0.1000, device='cuda:0') tensor(0.3828, device='cuda:0')
tensor(0.8766, device='cuda:0') tensor(0.1000, device='cuda:0') tensor(0.0234, device='cuda:0')
tensor(0.8609, device='cuda:0') tensor(0.1000, device='cuda:0') tensor(0.0391, device='cuda:0')
tensor(0.8375, device='cuda:0') tensor(0.1000, device='cuda:0') tensor(0.0625, device='cuda:0')
time 1.32
error 636.4869384765625
3 mlp.gate_proj
Quantizing ...
tensor(0.8687, device='cuda:0') tensor(0.1000, device='cuda:0') tensor(0.0312, device='cuda:0')
tensor(0.8453, device='cuda:0') tensor(0.1000, device='cuda:0') tensor(0.0547, device='cuda:0')
tensor(0.8453, device='cuda:0') tensor(0.1000, device='cuda:0') tensor(0.0547, device='cuda:0')
tensor(0.8687, device='cuda:0') tensor(0.1000, device='cuda:0') tensor(0.0312, device='cuda:0')
tensor(0.8375, device='cuda:0') tensor(0.1000, device='cuda:0') tensor(0.0625, device='cuda:0')
tensor(0.8531, device='cuda:0') tensor(0.1000, device='cuda:0') tensor(0.0469, device='cuda:0')
tensor(0.8609, device='cuda:0') tensor(0.1000, device='cuda:0') tensor(0.0391, device='cuda:0')
tensor(0.8531, device='cuda:0') tensor(0.1000, device='cuda:0') tensor(0.0469, device='cuda:0')
tensor(0.8297, device='cuda:0') tensor(0.1000, device='cuda:0') tensor(0.0703, device='cuda:0')
tensor(0.7984, device='cuda:0') tensor(0.1000, device='cuda:0') tensor(0.1016, device='cuda:0')
tensor(0.8609, device='cuda:0') tensor(0.1000, device='cuda:0') tensor(0.0391, device='cuda:0')
tensor(0.8531, device='cuda:0') tensor(0.1000, device='cuda:0') tensor(0.0469, device='cuda:0')
tensor(0.8609, device='cuda:0') tensor(0.1000, device='cuda:0') tensor(0.0391, device='cuda:0')
tensor(0.7906, device='cuda:0') tensor(0.1000, device='cuda:0') tensor(0.1094, device='cuda:0')
tensor(0.8141, device='cuda:0') tensor(0.1000, device='cuda:0') tensor(0.0859, device='cuda:0')
tensor(0.8609, device='cuda:0') tensor(0.1000, device='cuda:0') tensor(0.0391, device='cuda:0')
time 1.91
error 167704.203125
3 mlp.up_proj
Quantizing ...
tensor(0.5172, device='cuda:0') tensor(0.1000, device='cuda:0') tensor(0.3828, device='cuda:0')
tensor(0.5172, device='cuda:0') tensor(0.1000, device='cuda:0') tensor(0.3828, device='cuda:0')
tensor(0.5172, device='cuda:0') tensor(0.1000, device='cuda:0') tensor(0.3828, device='cuda:0')
tensor(0.5172, device='cuda:0') tensor(0.1000, device='cuda:0') tensor(0.3828, device='cuda:0')
tensor(0.5172, device='cuda:0') tensor(0.1000, device='cuda:0') tensor(0.3828, device='cuda:0')
tensor(0.6656, device='cuda:0') tensor(0.1000, device='cuda:0') tensor(0.2344, device='cuda:0')
tensor(0.8297, device='cuda:0') tensor(0.1000, device='cuda:0') tensor(0.0703, device='cuda:0')
tensor(0.5172, device='cuda:0') tensor(0.1000, device='cuda:0') tensor(0.3828, device='cuda:0')
tensor(0.5172, device='cuda:0') tensor(0.1000, device='cuda:0') tensor(0.3828, device='cuda:0')
tensor(0.8219, device='cuda:0') tensor(0.1000, device='cuda:0') tensor(0.0781, device='cuda:0')
tensor(0.7906, device='cuda:0') tensor(0.1000, device='cuda:0') tensor(0.1094, device='cuda:0')
tensor(0.8687, device='cuda:0') tensor(0.1000, device='cuda:0') tensor(0.0312, device='cuda:0')
tensor(0.8766, device='cuda:0') tensor(0.1000, device='cuda:0') tensor(0.0234, device='cuda:0')
tensor(0.8453, device='cuda:0') tensor(0.1000, device='cuda:0') tensor(0.0547, device='cuda:0')
tensor(0.8531, device='cuda:0') tensor(0.1000, device='cuda:0') tensor(0.0469, device='cuda:0')
tensor(0.8141, device='cuda:0') tensor(0.1000, device='cuda:0') tensor(0.0859, device='cuda:0')
time 1.85
error 78838.1875
3 mlp.down_proj
Quantizing ...
tensor(0.8687, device='cuda:0') tensor(0.1000, device='cuda:0') tensor(0.0312, device='cuda:0')
tensor(0.8609, device='cuda:0') tensor(0.1000, device='cuda:0') tensor(0.0391, device='cuda:0')
tensor(0.8687, device='cuda:0') tensor(0.1000, device='cuda:0') tensor(0.0312, device='cuda:0')
tensor(0.8375, device='cuda:0') tensor(0.1000, device='cuda:0') tensor(0.0625, device='cuda:0')
tensor(0.8609, device='cuda:0') tensor(0.1000, device='cuda:0') tensor(0.0391, device='cuda:0')
tensor(0.8609, device='cuda:0') tensor(0.1000, device='cuda:0') tensor(0.0391, device='cuda:0')
tensor(0.8297, device='cuda:0') tensor(0.1000, device='cuda:0') tensor(0.0703, device='cuda:0')
tensor(0.8297, device='cuda:0') tensor(0.1000, device='cuda:0') tensor(0.0703, device='cuda:0')
tensor(0.7828, device='cuda:0') tensor(0.1000, device='cuda:0') tensor(0.1172, device='cuda:0')
tensor(0.8531, device='cuda:0') tensor(0.1000, device='cuda:0') tensor(0.0469, device='cuda:0')
tensor(0.8453, device='cuda:0') tensor(0.1000, device='cuda:0') tensor(0.0547, device='cuda:0')
tensor(0.8687, device='cuda:0') tensor(0.1000, device='cuda:0') tensor(0.0312, device='cuda:0')
tensor(0.8297, device='cuda:0') tensor(0.1000, device='cuda:0') tensor(0.0703, device='cuda:0')
tensor(0.8297, device='cuda:0') tensor(0.1000, device='cuda:0') tensor(0.0703, device='cuda:0')
tensor(0.8609, device='cuda:0') tensor(0.1000, device='cuda:0') tensor(0.0391, device='cuda:0')
tensor(0.8531, device='cuda:0') tensor(0.1000, device='cuda:0') tensor(0.0469, device='cuda:0')
tensor(0.8687, device='cuda:0') tensor(0.1000, device='cuda:0') tensor(0.0312, device='cuda:0')
tensor(0.8687, device='cuda:0') tensor(0.1000, device='cuda:0') tensor(0.0312, device='cuda:0')
tensor(0.8297, device='cuda:0') tensor(0.1000, device='cuda:0') tensor(0.0703, device='cuda:0')
tensor(0.7828, device='cuda:0') tensor(0.1000, device='cuda:0') tensor(0.1172, device='cuda:0')
tensor(0.8375, device='cuda:0') tensor(0.1000, device='cuda:0') tensor(0.0625, device='cuda:0')
tensor(0.8453, device='cuda:0') tensor(0.1000, device='cuda:0') tensor(0.0547, device='cuda:0')
tensor(0.6969, device='cuda:0') tensor(0.1000, device='cuda:0') tensor(0.2031, device='cuda:0')
tensor(0.8062, device='cuda:0') tensor(0.1000, device='cuda:0') tensor(0.0938, device='cuda:0')
tensor(0.8687, device='cuda:0') tensor(0.1000, device='cuda:0') tensor(0.0312, device='cuda:0')
tensor(0.8766, device='cuda:0') tensor(0.1000, device='cuda:0') tensor(0.0234, device='cuda:0')
tensor(0.7359, device='cuda:0') tensor(0.1000, device='cuda:0') tensor(0.1641, device='cuda:0')
tensor(0.6969, device='cuda:0') tensor(0.1000, device='cuda:0') tensor(0.2031, device='cuda:0')
tensor(0.8766, device='cuda:0') tensor(0.1000, device='cuda:0') tensor(0.0234, device='cuda:0')
tensor(0.7828, device='cuda:0') tensor(0.1000, device='cuda:0') tensor(0.1172, device='cuda:0')
tensor(0.8219, device='cuda:0') tensor(0.1000, device='cuda:0') tensor(0.0781, device='cuda:0')
tensor(0.8609, device='cuda:0') tensor(0.1000, device='cuda:0') tensor(0.0391, device='cuda:0')
tensor(0.8766, device='cuda:0') tensor(0.1000, device='cuda:0') tensor(0.0234, device='cuda:0')
tensor(0.8531, device='cuda:0') tensor(0.1000, device='cuda:0') tensor(0.0469, device='cuda:0')
tensor(0.8609, device='cuda:0') tensor(0.1000, device='cuda:0') tensor(0.0391, device='cuda:0')
tensor(0.8375, device='cuda:0') tensor(0.1000, device='cuda:0') tensor(0.0625, device='cuda:0')
tensor(0.7750, device='cuda:0') tensor(0.1000, device='cuda:0') tensor(0.1250, device='cuda:0')
tensor(0.7594, device='cuda:0') tensor(0.1000, device='cuda:0') tensor(0.1406, device='cuda:0')
tensor(0.8609, device='cuda:0') tensor(0.1000, device='cuda:0') tensor(0.0391, device='cuda:0')
tensor(0.8609, device='cuda:0') tensor(0.1000, device='cuda:0') tensor(0.0391, device='cuda:0')
tensor(0.8609, device='cuda:0') tensor(0.1000, device='cuda:0') tensor(0.0391, device='cuda:0')
tensor(0.8062, device='cuda:0') tensor(0.1000, device='cuda:0') tensor(0.0938, device='cuda:0')
tensor(0.8531, device='cuda:0') tensor(0.1000, device='cuda:0') tensor(0.0469, device='cuda:0')
tensor(0.8766, device='cuda:0') tensor(0.1000, device='cuda:0') tensor(0.0234, device='cuda:0')
tensor(0.8687, device='cuda:0') tensor(0.1000, device='cuda:0') tensor(0.0312, device='cuda:0')
tensor(0.8609, device='cuda:0') tensor(0.1000, device='cuda:0') tensor(0.0391, device='cuda:0')
tensor(0.8531, device='cuda:0') tensor(0.1000, device='cuda:0') tensor(0.0469, device='cuda:0')
tensor(0.8609, device='cuda:0') tensor(0.1000, device='cuda:0') tensor(0.0391, device='cuda:0')
tensor(0.7594, device='cuda:0') tensor(0.1000, device='cuda:0') tensor(0.1406, device='cuda:0')
tensor(0.8531, device='cuda:0') tensor(0.1000, device='cuda:0') tensor(0.0469, device='cuda:0')
tensor(0.8062, device='cuda:0') tensor(0.1000, device='cuda:0') tensor(0.0938, device='cuda:0')
tensor(0.8375, device='cuda:0') tensor(0.1000, device='cuda:0') tensor(0.0625, device='cuda:0')
tensor(0.8531, device='cuda:0') tensor(0.1000, device='cuda:0') tensor(0.0469, device='cuda:0')
tensor(0.8609, device='cuda:0') tensor(0.1000, device='cuda:0') tensor(0.0391, device='cuda:0')
tensor(0.8766, device='cuda:0') tensor(0.1000, device='cuda:0') tensor(0.0234, device='cuda:0')
tensor(0.8687, device='cuda:0') tensor(0.1000, device='cuda:0') tensor(0.0312, device='cuda:0')
tensor(0.8687, device='cuda:0') tensor(0.1000, device='cuda:0') tensor(0.0312, device='cuda:0')
tensor(0.7828, device='cuda:0') tensor(0.1000, device='cuda:0') tensor(0.1172, device='cuda:0')
tensor(0.8531, device='cuda:0') tensor(0.1000, device='cuda:0') tensor(0.0469, device='cuda:0')
tensor(0.8375, device='cuda:0') tensor(0.1000, device='cuda:0') tensor(0.0625, device='cuda:0')
tensor(0.8766, device='cuda:0') tensor(0.1000, device='cuda:0') tensor(0.0234, device='cuda:0')
tensor(0.8297, device='cuda:0') tensor(0.1000, device='cuda:0') tensor(0.0703, device='cuda:0')
tensor(0.8219, device='cuda:0') tensor(0.1000, device='cuda:0') tensor(0.0781, device='cuda:0')
tensor(0.8141, device='cuda:0') tensor(0.1000, device='cuda:0') tensor(0.0859, device='cuda:0')
time 5.56
error 1234.3682861328125
4 self_attn.q_proj
Quantizing ...
tensor(0.8297, device='cuda:0') tensor(0.1000, device='cuda:0') tensor(0.0703, device='cuda:0')
tensor(0.8531, device='cuda:0') tensor(0.1000, device='cuda:0') tensor(0.0469, device='cuda:0')
tensor(0.8609, device='cuda:0') tensor(0.1000, device='cuda:0') tensor(0.0391, device='cuda:0')
tensor(0.8453, device='cuda:0') tensor(0.1000, device='cuda:0') tensor(0.0547, device='cuda:0')
tensor(0.8609, device='cuda:0') tensor(0.1000, device='cuda:0') tensor(0.0391, device='cuda:0')
tensor(0.8375, device='cuda:0') tensor(0.1000, device='cuda:0') tensor(0.0625, device='cuda:0')
tensor(0.8297, device='cuda:0') tensor(0.1000, device='cuda:0') tensor(0.0703, device='cuda:0')
tensor(0.8375, device='cuda:0') tensor(0.1000, device='cuda:0') tensor(0.0625, device='cuda:0')
tensor(0.8609, device='cuda:0') tensor(0.1000, device='cuda:0') tensor(0.0391, device='cuda:0')
tensor(0.8141, device='cuda:0') tensor(0.1000, device='cuda:0') tensor(0.0859, device='cuda:0')
tensor(0.8687, device='cuda:0') tensor(0.1000, device='cuda:0') tensor(0.0312, device='cuda:0')
tensor(0.8453, device='cuda:0') tensor(0.1000, device='cuda:0') tensor(0.0547, device='cuda:0')
tensor(0.8531, device='cuda:0') tensor(0.1000, device='cuda:0') tensor(0.0469, device='cuda:0')
tensor(0.8141, device='cuda:0') tensor(0.1000, device='cuda:0') tensor(0.0859, device='cuda:0')
tensor(0.8531, device='cuda:0') tensor(0.1000, device='cuda:0') tensor(0.0469, device='cuda:0')
tensor(0.8375, device='cuda:0') tensor(0.1000, device='cuda:0') tensor(0.0625, device='cuda:0')
time 1.62
error 100452.1328125
4 self_attn.k_proj
Quantizing ...
tensor(0.8297, device='cuda:0') tensor(0.1000, device='cuda:0') tensor(0.0703, device='cuda:0')
tensor(0.8453, device='cuda:0') tensor(0.1000, device='cuda:0') tensor(0.0547, device='cuda:0')
tensor(0.8531, device='cuda:0') tensor(0.1000, device='cuda:0') tensor(0.0469, device='cuda:0')
tensor(0.8609, device='cuda:0') tensor(0.1000, device='cuda:0') tensor(0.0391, device='cuda:0')
tensor(0.8687, device='cuda:0') tensor(0.1000, device='cuda:0') tensor(0.0312, device='cuda:0')
tensor(0.8297, device='cuda:0') tensor(0.1000, device='cuda:0') tensor(0.0703, device='cuda:0')
tensor(0.8609, device='cuda:0') tensor(0.1000, device='cuda:0') tensor(0.0391, device='cuda:0')
tensor(0.7516, device='cuda:0') tensor(0.1000, device='cuda:0') tensor(0.1484, device='cuda:0')
tensor(0.8453, device='cuda:0') tensor(0.1000, device='cuda:0') tensor(0.0547, device='cuda:0')
tensor(0.8141, device='cuda:0') tensor(0.1000, device='cuda:0') tensor(0.0859, device='cuda:0')
tensor(0.8219, device='cuda:0') tensor(0.1000, device='cuda:0') tensor(0.0781, device='cuda:0')
tensor(0.8141, device='cuda:0') tensor(0.1000, device='cuda:0') tensor(0.0859, device='cuda:0')
tensor(0.8687, device='cuda:0') tensor(0.1000, device='cuda:0') tensor(0.0312, device='cuda:0')
tensor(0.8531, device='cuda:0') tensor(0.1000, device='cuda:0') tensor(0.0469, device='cuda:0')
tensor(0.8297, device='cuda:0') tensor(0.1000, device='cuda:0') tensor(0.0703, device='cuda:0')
tensor(0.8609, device='cuda:0') tensor(0.1000, device='cuda:0') tensor(0.0391, device='cuda:0')
time 1.36
error 49900.4609375
4 self_attn.v_proj
Quantizing ...
tensor(0.7516, device='cuda:0') tensor(0.1000, device='cuda:0') tensor(0.1484, device='cuda:0')
tensor(0.8297, device='cuda:0') tensor(0.1000, device='cuda:0') tensor(0.0703, device='cuda:0')
tensor(0.8687, device='cuda:0') tensor(0.1000, device='cuda:0') tensor(0.0312, device='cuda:0')
tensor(0.7906, device='cuda:0') tensor(0.1000, device='cuda:0') tensor(0.1094, device='cuda:0')
tensor(0.6031, device='cuda:0') tensor(0.1000, device='cuda:0') tensor(0.2969, device='cuda:0')
tensor(0.8062, device='cuda:0') tensor(0.1000, device='cuda:0') tensor(0.0938, device='cuda:0')
tensor(0.6266, device='cuda:0') tensor(0.1000, device='cuda:0') tensor(0.2734, device='cuda:0')
tensor(0.8453, device='cuda:0') tensor(0.1000, device='cuda:0') tensor(0.0547, device='cuda:0')
tensor(0.7437, device='cuda:0') tensor(0.1000, device='cuda:0') tensor(0.1562, device='cuda:0')
tensor(0.7984, device='cuda:0') tensor(0.1000, device='cuda:0') tensor(0.1016, device='cuda:0')
tensor(0.7281, device='cuda:0') tensor(0.1000, device='cuda:0') tensor(0.1719, device='cuda:0')
tensor(0.8453, device='cuda:0') tensor(0.1000, device='cuda:0') tensor(0.0547, device='cuda:0')
tensor(0.8453, device='cuda:0') tensor(0.1000, device='cuda:0') tensor(0.0547, device='cuda:0')
tensor(0.7516, device='cuda:0') tensor(0.1000, device='cuda:0') tensor(0.1484, device='cuda:0')
tensor(0.8531, device='cuda:0') tensor(0.1000, device='cuda:0') tensor(0.0469, device='cuda:0')
tensor(0.7750, device='cuda:0') tensor(0.1000, device='cuda:0') tensor(0.1250, device='cuda:0')
time 1.35
error 6258.74658203125
4 self_attn.o_proj
Quantizing ...
tensor(0.7828, device='cuda:0') tensor(0.1000, device='cuda:0') tensor(0.1172, device='cuda:0')
tensor(0.5172, device='cuda:0') tensor(0.1000, device='cuda:0') tensor(0.3828, device='cuda:0')
tensor(0.8687, device='cuda:0') tensor(0.1000, device='cuda:0') tensor(0.0312, device='cuda:0')
tensor(0.5172, device='cuda:0') tensor(0.1000, device='cuda:0') tensor(0.3828, device='cuda:0')
tensor(0.8531, device='cuda:0') tensor(0.1000, device='cuda:0') tensor(0.0469, device='cuda:0')
tensor(0.8531, device='cuda:0') tensor(0.1000, device='cuda:0') tensor(0.0469, device='cuda:0')
tensor(0.7359, device='cuda:0') tensor(0.1000, device='cuda:0') tensor(0.1641, device='cuda:0')
tensor(0.7750, device='cuda:0') tensor(0.1000, device='cuda:0') tensor(0.1250, device='cuda:0')
tensor(0.8609, device='cuda:0') tensor(0.1000, device='cuda:0') tensor(0.0391, device='cuda:0')
tensor(0.5172, device='cuda:0') tensor(0.1000, device='cuda:0') tensor(0.3828, device='cuda:0')
tensor(0.8687, device='cuda:0') tensor(0.1000, device='cuda:0') tensor(0.0312, device='cuda:0')
tensor(0.5484, device='cuda:0') tensor(0.1000, device='cuda:0') tensor(0.3516, device='cuda:0')
tensor(0.8609, device='cuda:0') tensor(0.1000, device='cuda:0') tensor(0.0391, device='cuda:0')
tensor(0.5875, device='cuda:0') tensor(0.1000, device='cuda:0') tensor(0.3125, device='cuda:0')
tensor(0.8531, device='cuda:0') tensor(0.1000, device='cuda:0') tensor(0.0469, device='cuda:0')
tensor(0.5172, device='cuda:0') tensor(0.1000, device='cuda:0') tensor(0.3828, device='cuda:0')
time 1.46
error 641.058837890625
4 mlp.gate_proj
Quantizing ...
tensor(0.8531, device='cuda:0') tensor(0.1000, device='cuda:0') tensor(0.0469, device='cuda:0')
tensor(0.8297, device='cuda:0') tensor(0.1000, device='cuda:0') tensor(0.0703, device='cuda:0')
tensor(0.5250, device='cuda:0') tensor(0.1000, device='cuda:0') tensor(0.3750, device='cuda:0')
tensor(0.8687, device='cuda:0') tensor(0.1000, device='cuda:0') tensor(0.0312, device='cuda:0')
tensor(0.8297, device='cuda:0') tensor(0.1000, device='cuda:0') tensor(0.0703, device='cuda:0')
tensor(0.8375, device='cuda:0') tensor(0.1000, device='cuda:0') tensor(0.0625, device='cuda:0')
tensor(0.8687, device='cuda:0') tensor(0.1000, device='cuda:0') tensor(0.0312, device='cuda:0')
tensor(0.8453, device='cuda:0') tensor(0.1000, device='cuda:0') tensor(0.0547, device='cuda:0')
tensor(0.8609, device='cuda:0') tensor(0.1000, device='cuda:0') tensor(0.0391, device='cuda:0')
tensor(0.8453, device='cuda:0') tensor(0.1000, device='cuda:0') tensor(0.0547, device='cuda:0')
tensor(0.8609, device='cuda:0') tensor(0.1000, device='cuda:0') tensor(0.0391, device='cuda:0')
tensor(0.8453, device='cuda:0') tensor(0.1000, device='cuda:0') tensor(0.0547, device='cuda:0')
tensor(0.8531, device='cuda:0') tensor(0.1000, device='cuda:0') tensor(0.0469, device='cuda:0')
tensor(0.8453, device='cuda:0') tensor(0.1000, device='cuda:0') tensor(0.0547, device='cuda:0')
tensor(0.8375, device='cuda:0') tensor(0.1000, device='cuda:0') tensor(0.0625, device='cuda:0')
tensor(0.8297, device='cuda:0') tensor(0.1000, device='cuda:0') tensor(0.0703, device='cuda:0')
time 1.87
error 164071.40625
4 mlp.up_proj
Quantizing ...
tensor(0.5172, device='cuda:0') tensor(0.1000, device='cuda:0') tensor(0.3828, device='cuda:0')
tensor(0.5172, device='cuda:0') tensor(0.1000, device='cuda:0') tensor(0.3828, device='cuda:0')
tensor(0.5172, device='cuda:0') tensor(0.1000, device='cuda:0') tensor(0.3828, device='cuda:0')
tensor(0.5172, device='cuda:0') tensor(0.1000, device='cuda:0') tensor(0.3828, device='cuda:0')
tensor(0.5172, device='cuda:0') tensor(0.1000, device='cuda:0') tensor(0.3828, device='cuda:0')
tensor(0.8687, device='cuda:0') tensor(0.1000, device='cuda:0') tensor(0.0312, device='cuda:0')
tensor(0.8297, device='cuda:0') tensor(0.1000, device='cuda:0') tensor(0.0703, device='cuda:0')
tensor(0.8844, device='cuda:0') tensor(0.1000, device='cuda:0') tensor(0.0156, device='cuda:0')
tensor(0.8609, device='cuda:0') tensor(0.1000, device='cuda:0') tensor(0.0391, device='cuda:0')
tensor(0.8453, device='cuda:0') tensor(0.1000, device='cuda:0') tensor(0.0547, device='cuda:0')
tensor(0.7906, device='cuda:0') tensor(0.1000, device='cuda:0') tensor(0.1094, device='cuda:0')
tensor(0.8766, device='cuda:0') tensor(0.1000, device='cuda:0') tensor(0.0234, device='cuda:0')
tensor(0.8375, device='cuda:0') tensor(0.1000, device='cuda:0') tensor(0.0625, device='cuda:0')
tensor(0.8453, device='cuda:0') tensor(0.1000, device='cuda:0') tensor(0.0547, device='cuda:0')
tensor(0.8531, device='cuda:0') tensor(0.1000, device='cuda:0') tensor(0.0469, device='cuda:0')
tensor(0.8375, device='cuda:0') tensor(0.1000, device='cuda:0') tensor(0.0625, device='cuda:0')
time 1.72
error 74194.5546875
4 mlp.down_proj
Quantizing ...
tensor(0.8453, device='cuda:0') tensor(0.1000, device='cuda:0') tensor(0.0547, device='cuda:0')
tensor(0.8687, device='cuda:0') tensor(0.1000, device='cuda:0') tensor(0.0312, device='cuda:0')
tensor(0.8844, device='cuda:0') tensor(0.1000, device='cuda:0') tensor(0.0156, device='cuda:0')
tensor(0.8766, device='cuda:0') tensor(0.1000, device='cuda:0') tensor(0.0234, device='cuda:0')
tensor(0.8531, device='cuda:0') tensor(0.1000, device='cuda:0') tensor(0.0469, device='cuda:0')
tensor(0.8609, device='cuda:0') tensor(0.1000, device='cuda:0') tensor(0.0391, device='cuda:0')
tensor(0.7672, device='cuda:0') tensor(0.1000, device='cuda:0') tensor(0.1328, device='cuda:0')
tensor(0.8687, device='cuda:0') tensor(0.1000, device='cuda:0') tensor(0.0312, device='cuda:0')
tensor(0.8219, device='cuda:0') tensor(0.1000, device='cuda:0') tensor(0.0781, device='cuda:0')
tensor(0.8609, device='cuda:0') tensor(0.1000, device='cuda:0') tensor(0.0391, device='cuda:0')
tensor(0.7828, device='cuda:0') tensor(0.1000, device='cuda:0') tensor(0.1172, device='cuda:0')
tensor(0.8453, device='cuda:0') tensor(0.1000, device='cuda:0') tensor(0.0547, device='cuda:0')
tensor(0.8687, device='cuda:0') tensor(0.1000, device='cuda:0') tensor(0.0312, device='cuda:0')
tensor(0.8531, device='cuda:0') tensor(0.1000, device='cuda:0') tensor(0.0469, device='cuda:0')
tensor(0.8766, device='cuda:0') tensor(0.1000, device='cuda:0') tensor(0.0234, device='cuda:0')
tensor(0.8766, device='cuda:0') tensor(0.1000, device='cuda:0') tensor(0.0234, device='cuda:0')
tensor(0.8687, device='cuda:0') tensor(0.1000, device='cuda:0') tensor(0.0312, device='cuda:0')
tensor(0.8453, device='cuda:0') tensor(0.1000, device='cuda:0') tensor(0.0547, device='cuda:0')
tensor(0.8687, device='cuda:0') tensor(0.1000, device='cuda:0') tensor(0.0312, device='cuda:0')
tensor(0.7516, device='cuda:0') tensor(0.1000, device='cuda:0') tensor(0.1484, device='cuda:0')
tensor(0.8297, device='cuda:0') tensor(0.1000, device='cuda:0') tensor(0.0703, device='cuda:0')
tensor(0.8609, device='cuda:0') tensor(0.1000, device='cuda:0') tensor(0.0391, device='cuda:0')
tensor(0.8687, device='cuda:0') tensor(0.1000, device='cuda:0') tensor(0.0312, device='cuda:0')
tensor(0.8766, device='cuda:0') tensor(0.1000, device='cuda:0') tensor(0.0234, device='cuda:0')
tensor(0.8687, device='cuda:0') tensor(0.1000, device='cuda:0') tensor(0.0312, device='cuda:0')
tensor(0.8375, device='cuda:0') tensor(0.1000, device='cuda:0') tensor(0.0625, device='cuda:0')
tensor(0.6812, device='cuda:0') tensor(0.1000, device='cuda:0') tensor(0.2188, device='cuda:0')
tensor(0.8609, device='cuda:0') tensor(0.1000, device='cuda:0') tensor(0.0391, device='cuda:0')
tensor(0.8531, device='cuda:0') tensor(0.1000, device='cuda:0') tensor(0.0469, device='cuda:0')
tensor(0.8687, device='cuda:0') tensor(0.1000, device='cuda:0') tensor(0.0312, device='cuda:0')
tensor(0.8687, device='cuda:0') tensor(0.1000, device='cuda:0') tensor(0.0312, device='cuda:0')
tensor(0.8766, device='cuda:0') tensor(0.1000, device='cuda:0') tensor(0.0234, device='cuda:0')
tensor(0.8766, device='cuda:0') tensor(0.1000, device='cuda:0') tensor(0.0234, device='cuda:0')
tensor(0.7750, device='cuda:0') tensor(0.1000, device='cuda:0') tensor(0.1250, device='cuda:0')
tensor(0.8609, device='cuda:0') tensor(0.1000, device='cuda:0') tensor(0.0391, device='cuda:0')
tensor(0.8297, device='cuda:0') tensor(0.1000, device='cuda:0') tensor(0.0703, device='cuda:0')
tensor(0.7828, device='cuda:0') tensor(0.1000, device='cuda:0') tensor(0.1172, device='cuda:0')
tensor(0.7750, device='cuda:0') tensor(0.1000, device='cuda:0') tensor(0.1250, device='cuda:0')
tensor(0.8531, device='cuda:0') tensor(0.1000, device='cuda:0') tensor(0.0469, device='cuda:0')
tensor(0.8766, device='cuda:0') tensor(0.1000, device='cuda:0') tensor(0.0234, device='cuda:0')
tensor(0.8141, device='cuda:0') tensor(0.1000, device='cuda:0') tensor(0.0859, device='cuda:0')
tensor(0.8687, device='cuda:0') tensor(0.1000, device='cuda:0') tensor(0.0312, device='cuda:0')
tensor(0.8219, device='cuda:0') tensor(0.1000, device='cuda:0') tensor(0.0781, device='cuda:0')
tensor(0.8609, device='cuda:0') tensor(0.1000, device='cuda:0') tensor(0.0391, device='cuda:0')
tensor(0.8766, device='cuda:0') tensor(0.1000, device='cuda:0') tensor(0.0234, device='cuda:0')
tensor(0.8766, device='cuda:0') tensor(0.1000, device='cuda:0') tensor(0.0234, device='cuda:0')
tensor(0.8609, device='cuda:0') tensor(0.1000, device='cuda:0') tensor(0.0391, device='cuda:0')
tensor(0.8531, device='cuda:0') tensor(0.1000, device='cuda:0') tensor(0.0469, device='cuda:0')
tensor(0.8766, device='cuda:0') tensor(0.1000, device='cuda:0') tensor(0.0234, device='cuda:0')
tensor(0.8687, device='cuda:0') tensor(0.1000, device='cuda:0') tensor(0.0312, device='cuda:0')
tensor(0.8687, device='cuda:0') tensor(0.1000, device='cuda:0') tensor(0.0312, device='cuda:0')
tensor(0.8687, device='cuda:0') tensor(0.1000, device='cuda:0') tensor(0.0312, device='cuda:0')
tensor(0.8219, device='cuda:0') tensor(0.1000, device='cuda:0') tensor(0.0781, device='cuda:0')
tensor(0.8531, device='cuda:0') tensor(0.1000, device='cuda:0') tensor(0.0469, device='cuda:0')
tensor(0.8687, device='cuda:0') tensor(0.1000, device='cuda:0') tensor(0.0312, device='cuda:0')
tensor(0.8766, device='cuda:0') tensor(0.1000, device='cuda:0') tensor(0.0234, device='cuda:0')
tensor(0.8453, device='cuda:0') tensor(0.1000, device='cuda:0') tensor(0.0547, device='cuda:0')
tensor(0.8609, device='cuda:0') tensor(0.1000, device='cuda:0') tensor(0.0391, device='cuda:0')
tensor(0.7437, device='cuda:0') tensor(0.1000, device='cuda:0') tensor(0.1562, device='cuda:0')
tensor(0.7594, device='cuda:0') tensor(0.1000, device='cuda:0') tensor(0.1406, device='cuda:0')
tensor(0.7828, device='cuda:0') tensor(0.1000, device='cuda:0') tensor(0.1172, device='cuda:0')
tensor(0.7672, device='cuda:0') tensor(0.1000, device='cuda:0') tensor(0.1328, device='cuda:0')
tensor(0.5406, device='cuda:0') tensor(0.1000, device='cuda:0') tensor(0.3594, device='cuda:0')
tensor(0.8219, device='cuda:0') tensor(0.1000, device='cuda:0') tensor(0.0781, device='cuda:0')
time 5.76
error 1116.39990234375
5 self_attn.q_proj
Quantizing ...
tensor(0.8375, device='cuda:0') tensor(0.1000, device='cuda:0') tensor(0.0625, device='cuda:0')
tensor(0.8609, device='cuda:0') tensor(0.1000, device='cuda:0') tensor(0.0391, device='cuda:0')
tensor(0.8766, device='cuda:0') tensor(0.1000, device='cuda:0') tensor(0.0234, device='cuda:0')
tensor(0.8609, device='cuda:0') tensor(0.1000, device='cuda:0') tensor(0.0391, device='cuda:0')
tensor(0.8766, device='cuda:0') tensor(0.1000, device='cuda:0') tensor(0.0234, device='cuda:0')
tensor(0.8687, device='cuda:0') tensor(0.1000, device='cuda:0') tensor(0.0312, device='cuda:0')
tensor(0.8609, device='cuda:0') tensor(0.1000, device='cuda:0') tensor(0.0391, device='cuda:0')
tensor(0.8141, device='cuda:0') tensor(0.1000, device='cuda:0') tensor(0.0859, device='cuda:0')
tensor(0.8609, device='cuda:0') tensor(0.1000, device='cuda:0') tensor(0.0391, device='cuda:0')
tensor(0.8375, device='cuda:0') tensor(0.1000, device='cuda:0') tensor(0.0625, device='cuda:0')
tensor(0.8609, device='cuda:0') tensor(0.1000, device='cuda:0') tensor(0.0391, device='cuda:0')
tensor(0.8609, device='cuda:0') tensor(0.1000, device='cuda:0') tensor(0.0391, device='cuda:0')
tensor(0.8687, device='cuda:0') tensor(0.1000, device='cuda:0') tensor(0.0312, device='cuda:0')
tensor(0.8609, device='cuda:0') tensor(0.1000, device='cuda:0') tensor(0.0391, device='cuda:0')
tensor(0.8531, device='cuda:0') tensor(0.1000, device='cuda:0') tensor(0.0469, device='cuda:0')
tensor(0.8375, device='cuda:0') tensor(0.1000, device='cuda:0') tensor(0.0625, device='cuda:0')
time 1.57
error 123036.875
5 self_attn.k_proj
Quantizing ...
tensor(0.8766, device='cuda:0') tensor(0.1000, device='cuda:0') tensor(0.0234, device='cuda:0')
tensor(0.8766, device='cuda:0') tensor(0.1000, device='cuda:0') tensor(0.0234, device='cuda:0')
tensor(0.8609, device='cuda:0') tensor(0.1000, device='cuda:0') tensor(0.0391, device='cuda:0')
tensor(0.8687, device='cuda:0') tensor(0.1000, device='cuda:0') tensor(0.0312, device='cuda:0')
tensor(0.8609, device='cuda:0') tensor(0.1000, device='cuda:0') tensor(0.0391, device='cuda:0')
tensor(0.8844, device='cuda:0') tensor(0.1000, device='cuda:0') tensor(0.0156, device='cuda:0')
tensor(0.8766, device='cuda:0') tensor(0.1000, device='cuda:0') tensor(0.0234, device='cuda:0')
tensor(0.8844, device='cuda:0') tensor(0.1000, device='cuda:0') tensor(0.0156, device='cuda:0')
tensor(0.8531, device='cuda:0') tensor(0.1000, device='cuda:0') tensor(0.0469, device='cuda:0')
tensor(0.8609, device='cuda:0') tensor(0.1000, device='cuda:0') tensor(0.0391, device='cuda:0')
tensor(0.8687, device='cuda:0') tensor(0.1000, device='cuda:0') tensor(0.0312, device='cuda:0')
tensor(0.8844, device='cuda:0') tensor(0.1000, device='cuda:0') tensor(0.0156, device='cuda:0')
tensor(0.8766, device='cuda:0') tensor(0.1000, device='cuda:0') tensor(0.0234, device='cuda:0')
tensor(0.8766, device='cuda:0') tensor(0.1000, device='cuda:0') tensor(0.0234, device='cuda:0')
tensor(0.8766, device='cuda:0') tensor(0.1000, device='cuda:0') tensor(0.0234, device='cuda:0')
tensor(0.8609, device='cuda:0') tensor(0.1000, device='cuda:0') tensor(0.0391, device='cuda:0')
time 1.25
error 72613.2734375
5 self_attn.v_proj
Quantizing ...
tensor(0.7125, device='cuda:0') tensor(0.1000, device='cuda:0') tensor(0.1875, device='cuda:0')
tensor(0.8531, device='cuda:0') tensor(0.1000, device='cuda:0') tensor(0.0469, device='cuda:0')
tensor(0.7984, device='cuda:0') tensor(0.1000, device='cuda:0') tensor(0.1016, device='cuda:0')
tensor(0.6969, device='cuda:0') tensor(0.1000, device='cuda:0') tensor(0.2031, device='cuda:0')
tensor(0.7047, device='cuda:0') tensor(0.1000, device='cuda:0') tensor(0.1953, device='cuda:0')
tensor(0.7984, device='cuda:0') tensor(0.1000, device='cuda:0') tensor(0.1016, device='cuda:0')
tensor(0.7906, device='cuda:0') tensor(0.1000, device='cuda:0') tensor(0.1094, device='cuda:0')
tensor(0.7906, device='cuda:0') tensor(0.1000, device='cuda:0') tensor(0.1094, device='cuda:0')
tensor(0.8609, device='cuda:0') tensor(0.1000, device='cuda:0') tensor(0.0391, device='cuda:0')
tensor(0.8609, device='cuda:0') tensor(0.1000, device='cuda:0') tensor(0.0391, device='cuda:0')
tensor(0.8062, device='cuda:0') tensor(0.1000, device='cuda:0') tensor(0.0938, device='cuda:0')
tensor(0.8609, device='cuda:0') tensor(0.1000, device='cuda:0') tensor(0.0391, device='cuda:0')
tensor(0.7906, device='cuda:0') tensor(0.1000, device='cuda:0') tensor(0.1094, device='cuda:0')
tensor(0.8453, device='cuda:0') tensor(0.1000, device='cuda:0') tensor(0.0547, device='cuda:0')
tensor(0.8531, device='cuda:0') tensor(0.1000, device='cuda:0') tensor(0.0469, device='cuda:0')
tensor(0.8609, device='cuda:0') tensor(0.1000, device='cuda:0') tensor(0.0391, device='cuda:0')
time 1.19
error 5441.22802734375
5 self_attn.o_proj
Quantizing ...
tensor(0.8609, device='cuda:0') tensor(0.1000, device='cuda:0') tensor(0.0391, device='cuda:0')
tensor(0.8609, device='cuda:0') tensor(0.1000, device='cuda:0') tensor(0.0391, device='cuda:0')
tensor(0.8766, device='cuda:0') tensor(0.1000, device='cuda:0') tensor(0.0234, device='cuda:0')
tensor(0.8687, device='cuda:0') tensor(0.1000, device='cuda:0') tensor(0.0312, device='cuda:0')
tensor(0.8766, device='cuda:0') tensor(0.1000, device='cuda:0') tensor(0.0234, device='cuda:0')
tensor(0.8766, device='cuda:0') tensor(0.1000, device='cuda:0') tensor(0.0234, device='cuda:0')
tensor(0.8531, device='cuda:0') tensor(0.1000, device='cuda:0') tensor(0.0469, device='cuda:0')
tensor(0.8453, device='cuda:0') tensor(0.1000, device='cuda:0') tensor(0.0547, device='cuda:0')
tensor(0.8141, device='cuda:0') tensor(0.1000, device='cuda:0') tensor(0.0859, device='cuda:0')
tensor(0.8453, device='cuda:0') tensor(0.1000, device='cuda:0') tensor(0.0547, device='cuda:0')
tensor(0.5172, device='cuda:0') tensor(0.1000, device='cuda:0') tensor(0.3828, device='cuda:0')
tensor(0.8531, device='cuda:0') tensor(0.1000, device='cuda:0') tensor(0.0469, device='cuda:0')
tensor(0.6656, device='cuda:0') tensor(0.1000, device='cuda:0') tensor(0.2344, device='cuda:0')
tensor(0.8687, device='cuda:0') tensor(0.1000, device='cuda:0') tensor(0.0312, device='cuda:0')
tensor(0.8609, device='cuda:0') tensor(0.1000, device='cuda:0') tensor(0.0391, device='cuda:0')
tensor(0.8766, device='cuda:0') tensor(0.1000, device='cuda:0') tensor(0.0234, device='cuda:0')
time 1.34
error 566.5286865234375
5 mlp.gate_proj
Quantizing ...
tensor(0.8453, device='cuda:0') tensor(0.1000, device='cuda:0') tensor(0.0547, device='cuda:0')
tensor(0.8297, device='cuda:0') tensor(0.1000, device='cuda:0') tensor(0.0703, device='cuda:0')
tensor(0.8453, device='cuda:0') tensor(0.1000, device='cuda:0') tensor(0.0547, device='cuda:0')
tensor(0.8609, device='cuda:0') tensor(0.1000, device='cuda:0') tensor(0.0391, device='cuda:0')
tensor(0.8219, device='cuda:0') tensor(0.1000, device='cuda:0') tensor(0.0781, device='cuda:0')
tensor(0.8687, device='cuda:0') tensor(0.1000, device='cuda:0') tensor(0.0312, device='cuda:0')
tensor(0.8687, device='cuda:0') tensor(0.1000, device='cuda:0') tensor(0.0312, device='cuda:0')
tensor(0.8687, device='cuda:0') tensor(0.1000, device='cuda:0') tensor(0.0312, device='cuda:0')
tensor(0.8531, device='cuda:0') tensor(0.1000, device='cuda:0') tensor(0.0469, device='cuda:0')
tensor(0.8609, device='cuda:0') tensor(0.1000, device='cuda:0') tensor(0.0391, device='cuda:0')
tensor(0.8453, device='cuda:0') tensor(0.1000, device='cuda:0') tensor(0.0547, device='cuda:0')
tensor(0.8531, device='cuda:0') tensor(0.1000, device='cuda:0') tensor(0.0469, device='cuda:0')
tensor(0.8609, device='cuda:0') tensor(0.1000, device='cuda:0') tensor(0.0391, device='cuda:0')
tensor(0.8609, device='cuda:0') tensor(0.1000, device='cuda:0') tensor(0.0391, device='cuda:0')
tensor(0.8219, device='cuda:0') tensor(0.1000, device='cuda:0') tensor(0.0781, device='cuda:0')
tensor(0.8609, device='cuda:0') tensor(0.1000, device='cuda:0') tensor(0.0391, device='cuda:0')
time 1.87
error 143641.6875
5 mlp.up_proj
Quantizing ...
tensor(0.5172, device='cuda:0') tensor(0.1000, device='cuda:0') tensor(0.3828, device='cuda:0')
tensor(0.8062, device='cuda:0') tensor(0.1000, device='cuda:0') tensor(0.0938, device='cuda:0')
tensor(0.5172, device='cuda:0') tensor(0.1000, device='cuda:0') tensor(0.3828, device='cuda:0')
tensor(0.8531, device='cuda:0') tensor(0.1000, device='cuda:0') tensor(0.0469, device='cuda:0')
tensor(0.8687, device='cuda:0') tensor(0.1000, device='cuda:0') tensor(0.0312, device='cuda:0')
tensor(0.5172, device='cuda:0') tensor(0.1000, device='cuda:0') tensor(0.3828, device='cuda:0')
tensor(0.8609, device='cuda:0') tensor(0.1000, device='cuda:0') tensor(0.0391, device='cuda:0')
tensor(0.8062, device='cuda:0') tensor(0.1000, device='cuda:0') tensor(0.0938, device='cuda:0')
tensor(0.8375, device='cuda:0') tensor(0.1000, device='cuda:0') tensor(0.0625, device='cuda:0')
tensor(0.8531, device='cuda:0') tensor(0.1000, device='cuda:0') tensor(0.0469, device='cuda:0')
tensor(0.8687, device='cuda:0') tensor(0.1000, device='cuda:0') tensor(0.0312, device='cuda:0')
tensor(0.8766, device='cuda:0') tensor(0.1000, device='cuda:0') tensor(0.0234, device='cuda:0')
tensor(0.8687, device='cuda:0') tensor(0.1000, device='cuda:0') tensor(0.0312, device='cuda:0')
tensor(0.8453, device='cuda:0') tensor(0.1000, device='cuda:0') tensor(0.0547, device='cuda:0')
tensor(0.7984, device='cuda:0') tensor(0.1000, device='cuda:0') tensor(0.1016, device='cuda:0')
tensor(0.8531, device='cuda:0') tensor(0.1000, device='cuda:0') tensor(0.0469, device='cuda:0')
time 1.83
error 77042.671875
5 mlp.down_proj
Quantizing ...
tensor(0.8766, device='cuda:0') tensor(0.1000, device='cuda:0') tensor(0.0234, device='cuda:0')
tensor(0.8531, device='cuda:0') tensor(0.1000, device='cuda:0') tensor(0.0469, device='cuda:0')
tensor(0.8766, device='cuda:0') tensor(0.1000, device='cuda:0') tensor(0.0234, device='cuda:0')
tensor(0.8687, device='cuda:0') tensor(0.1000, device='cuda:0') tensor(0.0312, device='cuda:0')
tensor(0.8766, device='cuda:0') tensor(0.1000, device='cuda:0') tensor(0.0234, device='cuda:0')
tensor(0.8609, device='cuda:0') tensor(0.1000, device='cuda:0') tensor(0.0391, device='cuda:0')
tensor(0.8766, device='cuda:0') tensor(0.1000, device='cuda:0') tensor(0.0234, device='cuda:0')
tensor(0.8766, device='cuda:0') tensor(0.1000, device='cuda:0') tensor(0.0234, device='cuda:0')
tensor(0.8687, device='cuda:0') tensor(0.1000, device='cuda:0') tensor(0.0312, device='cuda:0')
tensor(0.8375, device='cuda:0') tensor(0.1000, device='cuda:0') tensor(0.0625, device='cuda:0')
tensor(0.8531, device='cuda:0') tensor(0.1000, device='cuda:0') tensor(0.0469, device='cuda:0')
tensor(0.8609, device='cuda:0') tensor(0.1000, device='cuda:0') tensor(0.0391, device='cuda:0')
tensor(0.8844, device='cuda:0') tensor(0.1000, device='cuda:0') tensor(0.0156, device='cuda:0')
tensor(0.8766, device='cuda:0') tensor(0.1000, device='cuda:0') tensor(0.0234, device='cuda:0')
tensor(0.8844, device='cuda:0') tensor(0.1000, device='cuda:0') tensor(0.0156, device='cuda:0')
tensor(0.8219, device='cuda:0') tensor(0.1000, device='cuda:0') tensor(0.0781, device='cuda:0')
tensor(0.8687, device='cuda:0') tensor(0.1000, device='cuda:0') tensor(0.0312, device='cuda:0')
tensor(0.8844, device='cuda:0') tensor(0.1000, device='cuda:0') tensor(0.0156, device='cuda:0')
tensor(0.8844, device='cuda:0') tensor(0.1000, device='cuda:0') tensor(0.0156, device='cuda:0')
tensor(0.8844, device='cuda:0') tensor(0.1000, device='cuda:0') tensor(0.0156, device='cuda:0')
tensor(0.8219, device='cuda:0') tensor(0.1000, device='cuda:0') tensor(0.0781, device='cuda:0')
tensor(0.8766, device='cuda:0') tensor(0.1000, device='cuda:0') tensor(0.0234, device='cuda:0')
tensor(0.8766, device='cuda:0') tensor(0.1000, device='cuda:0') tensor(0.0234, device='cuda:0')
tensor(0.8453, device='cuda:0') tensor(0.1000, device='cuda:0') tensor(0.0547, device='cuda:0')
tensor(0.8609, device='cuda:0') tensor(0.1000, device='cuda:0') tensor(0.0391, device='cuda:0')
tensor(0.8453, device='cuda:0') tensor(0.1000, device='cuda:0') tensor(0.0547, device='cuda:0')
tensor(0.8531, device='cuda:0') tensor(0.1000, device='cuda:0') tensor(0.0469, device='cuda:0')
tensor(0.8766, device='cuda:0') tensor(0.1000, device='cuda:0') tensor(0.0234, device='cuda:0')
tensor(0.8219, device='cuda:0') tensor(0.1000, device='cuda:0') tensor(0.0781, device='cuda:0')
tensor(0.8844, device='cuda:0') tensor(0.1000, device='cuda:0') tensor(0.0156, device='cuda:0')
tensor(0.8609, device='cuda:0') tensor(0.1000, device='cuda:0') tensor(0.0391, device='cuda:0')
tensor(0.8766, device='cuda:0') tensor(0.1000, device='cuda:0') tensor(0.0234, device='cuda:0')
tensor(0.8844, device='cuda:0') tensor(0.1000, device='cuda:0') tensor(0.0156, device='cuda:0')
tensor(0.8844, device='cuda:0') tensor(0.1000, device='cuda:0') tensor(0.0156, device='cuda:0')
tensor(0.8375, device='cuda:0') tensor(0.1000, device='cuda:0') tensor(0.0625, device='cuda:0')
tensor(0.8297, device='cuda:0') tensor(0.1000, device='cuda:0') tensor(0.0703, device='cuda:0')
tensor(0.8531, device='cuda:0') tensor(0.1000, device='cuda:0') tensor(0.0469, device='cuda:0')
tensor(0.8297, device='cuda:0') tensor(0.1000, device='cuda:0') tensor(0.0703, device='cuda:0')
tensor(0.6187, device='cuda:0') tensor(0.1000, device='cuda:0') tensor(0.2812, device='cuda:0')
tensor(0.8844, device='cuda:0') tensor(0.1000, device='cuda:0') tensor(0.0156, device='cuda:0')
tensor(0.8766, device='cuda:0') tensor(0.1000, device='cuda:0') tensor(0.0234, device='cuda:0')
tensor(0.8141, device='cuda:0') tensor(0.1000, device='cuda:0') tensor(0.0859, device='cuda:0')
tensor(0.8375, device='cuda:0') tensor(0.1000, device='cuda:0') tensor(0.0625, device='cuda:0')
tensor(0.8531, device='cuda:0') tensor(0.1000, device='cuda:0') tensor(0.0469, device='cuda:0')
tensor(0.8531, device='cuda:0') tensor(0.1000, device='cuda:0') tensor(0.0469, device='cuda:0')
tensor(0.7750, device='cuda:0') tensor(0.1000, device='cuda:0') tensor(0.1250, device='cuda:0')
tensor(0.7828, device='cuda:0') tensor(0.1000, device='cuda:0') tensor(0.1172, device='cuda:0')
tensor(0.8844, device='cuda:0') tensor(0.1000, device='cuda:0') tensor(0.0156, device='cuda:0')
tensor(0.8609, device='cuda:0') tensor(0.1000, device='cuda:0') tensor(0.0391, device='cuda:0')
tensor(0.8687, device='cuda:0') tensor(0.1000, device='cuda:0') tensor(0.0312, device='cuda:0')
tensor(0.8609, device='cuda:0') tensor(0.1000, device='cuda:0') tensor(0.0391, device='cuda:0')
tensor(0.8453, device='cuda:0') tensor(0.1000, device='cuda:0') tensor(0.0547, device='cuda:0')
tensor(0.8687, device='cuda:0') tensor(0.1000, device='cuda:0') tensor(0.0312, device='cuda:0')
tensor(0.8844, device='cuda:0') tensor(0.1000, device='cuda:0') tensor(0.0156, device='cuda:0')
tensor(0.8687, device='cuda:0') tensor(0.1000, device='cuda:0') tensor(0.0312, device='cuda:0')
tensor(0.7906, device='cuda:0') tensor(0.1000, device='cuda:0') tensor(0.1094, device='cuda:0')
tensor(0.8531, device='cuda:0') tensor(0.1000, device='cuda:0') tensor(0.0469, device='cuda:0')
tensor(0.7594, device='cuda:0') tensor(0.1000, device='cuda:0') tensor(0.1406, device='cuda:0')
tensor(0.8687, device='cuda:0') tensor(0.1000, device='cuda:0') tensor(0.0312, device='cuda:0')
tensor(0.8375, device='cuda:0') tensor(0.1000, device='cuda:0') tensor(0.0625, device='cuda:0')
tensor(0.8531, device='cuda:0') tensor(0.1000, device='cuda:0') tensor(0.0469, device='cuda:0')
tensor(0.7984, device='cuda:0') tensor(0.1000, device='cuda:0') tensor(0.1016, device='cuda:0')
tensor(0.7828, device='cuda:0') tensor(0.1000, device='cuda:0') tensor(0.1172, device='cuda:0')
tensor(0.8766, device='cuda:0') tensor(0.1000, device='cuda:0') tensor(0.0234, device='cuda:0')
time 5.98
error 1247.22607421875
6 self_attn.q_proj
Quantizing ...
tensor(0.8297, device='cuda:0') tensor(0.1000, device='cuda:0') tensor(0.0703, device='cuda:0')
tensor(0.8219, device='cuda:0') tensor(0.1000, device='cuda:0') tensor(0.0781, device='cuda:0')
tensor(0.8766, device='cuda:0') tensor(0.1000, device='cuda:0') tensor(0.0234, device='cuda:0')
tensor(0.8062, device='cuda:0') tensor(0.1000, device='cuda:0') tensor(0.0938, device='cuda:0')
tensor(0.8687, device='cuda:0') tensor(0.1000, device='cuda:0') tensor(0.0312, device='cuda:0')
tensor(0.8219, device='cuda:0') tensor(0.1000, device='cuda:0') tensor(0.0781, device='cuda:0')
tensor(0.8687, device='cuda:0') tensor(0.1000, device='cuda:0') tensor(0.0312, device='cuda:0')
tensor(0.8531, device='cuda:0') tensor(0.1000, device='cuda:0') tensor(0.0469, device='cuda:0')
tensor(0.8766, device='cuda:0') tensor(0.1000, device='cuda:0') tensor(0.0234, device='cuda:0')
tensor(0.8687, device='cuda:0') tensor(0.1000, device='cuda:0') tensor(0.0312, device='cuda:0')
tensor(0.8609, device='cuda:0') tensor(0.1000, device='cuda:0') tensor(0.0391, device='cuda:0')
tensor(0.8375, device='cuda:0') tensor(0.1000, device='cuda:0') tensor(0.0625, device='cuda:0')
tensor(0.8687, device='cuda:0') tensor(0.1000, device='cuda:0') tensor(0.0312, device='cuda:0')
tensor(0.8609, device='cuda:0') tensor(0.1000, device='cuda:0') tensor(0.0391, device='cuda:0')
tensor(0.8453, device='cuda:0') tensor(0.1000, device='cuda:0') tensor(0.0547, device='cuda:0')
tensor(0.8687, device='cuda:0') tensor(0.1000, device='cuda:0') tensor(0.0312, device='cuda:0')
time 1.43
error 87237.28125
6 self_attn.k_proj
Quantizing ...
tensor(0.7437, device='cuda:0') tensor(0.1000, device='cuda:0') tensor(0.1562, device='cuda:0')
tensor(0.8609, device='cuda:0') tensor(0.1000, device='cuda:0') tensor(0.0391, device='cuda:0')
tensor(0.8453, device='cuda:0') tensor(0.1000, device='cuda:0') tensor(0.0547, device='cuda:0')
tensor(0.8609, device='cuda:0') tensor(0.1000, device='cuda:0') tensor(0.0391, device='cuda:0')
tensor(0.8531, device='cuda:0') tensor(0.1000, device='cuda:0') tensor(0.0469, device='cuda:0')
tensor(0.8297, device='cuda:0') tensor(0.1000, device='cuda:0') tensor(0.0703, device='cuda:0')
tensor(0.8453, device='cuda:0') tensor(0.1000, device='cuda:0') tensor(0.0547, device='cuda:0')
tensor(0.7984, device='cuda:0') tensor(0.1000, device='cuda:0') tensor(0.1016, device='cuda:0')
tensor(0.8531, device='cuda:0') tensor(0.1000, device='cuda:0') tensor(0.0469, device='cuda:0')
tensor(0.8453, device='cuda:0') tensor(0.1000, device='cuda:0') tensor(0.0547, device='cuda:0')
tensor(0.8687, device='cuda:0') tensor(0.1000, device='cuda:0') tensor(0.0312, device='cuda:0')
tensor(0.8531, device='cuda:0') tensor(0.1000, device='cuda:0') tensor(0.0469, device='cuda:0')
tensor(0.8531, device='cuda:0') tensor(0.1000, device='cuda:0') tensor(0.0469, device='cuda:0')
tensor(0.8453, device='cuda:0') tensor(0.1000, device='cuda:0') tensor(0.0547, device='cuda:0')
tensor(0.8297, device='cuda:0') tensor(0.1000, device='cuda:0') tensor(0.0703, device='cuda:0')
tensor(0.8766, device='cuda:0') tensor(0.1000, device='cuda:0') tensor(0.0234, device='cuda:0')
time 1.18
error 54702.0
6 self_attn.v_proj
Quantizing ...
tensor(0.7672, device='cuda:0') tensor(0.1000, device='cuda:0') tensor(0.1328, device='cuda:0')
tensor(0.5406, device='cuda:0') tensor(0.1000, device='cuda:0') tensor(0.3594, device='cuda:0')
tensor(0.8453, device='cuda:0') tensor(0.1000, device='cuda:0') tensor(0.0547, device='cuda:0')
tensor(0.8531, device='cuda:0') tensor(0.1000, device='cuda:0') tensor(0.0469, device='cuda:0')
tensor(0.8687, device='cuda:0') tensor(0.1000, device='cuda:0') tensor(0.0312, device='cuda:0')
tensor(0.6656, device='cuda:0') tensor(0.1000, device='cuda:0') tensor(0.2344, device='cuda:0')
tensor(0.7984, device='cuda:0') tensor(0.1000, device='cuda:0') tensor(0.1016, device='cuda:0')
tensor(0.8141, device='cuda:0') tensor(0.1000, device='cuda:0') tensor(0.0859, device='cuda:0')
tensor(0.8609, device='cuda:0') tensor(0.1000, device='cuda:0') tensor(0.0391, device='cuda:0')
tensor(0.8609, device='cuda:0') tensor(0.1000, device='cuda:0') tensor(0.0391, device='cuda:0')
tensor(0.8687, device='cuda:0') tensor(0.1000, device='cuda:0') tensor(0.0312, device='cuda:0')
tensor(0.7359, device='cuda:0') tensor(0.1000, device='cuda:0') tensor(0.1641, device='cuda:0')
tensor(0.8609, device='cuda:0') tensor(0.1000, device='cuda:0') tensor(0.0391, device='cuda:0')
tensor(0.7906, device='cuda:0') tensor(0.1000, device='cuda:0') tensor(0.1094, device='cuda:0')
tensor(0.7516, device='cuda:0') tensor(0.1000, device='cuda:0') tensor(0.1484, device='cuda:0')
tensor(0.8531, device='cuda:0') tensor(0.1000, device='cuda:0') tensor(0.0469, device='cuda:0')
time 1.19
error 6229.36328125
6 self_attn.o_proj
Quantizing ...
tensor(0.8531, device='cuda:0') tensor(0.1000, device='cuda:0') tensor(0.0469, device='cuda:0')
tensor(0.5172, device='cuda:0') tensor(0.1000, device='cuda:0') tensor(0.3828, device='cuda:0')
tensor(0.7906, device='cuda:0') tensor(0.1000, device='cuda:0') tensor(0.1094, device='cuda:0')
tensor(0.5250, device='cuda:0') tensor(0.1000, device='cuda:0') tensor(0.3750, device='cuda:0')
tensor(0.8453, device='cuda:0') tensor(0.1000, device='cuda:0') tensor(0.0547, device='cuda:0')
tensor(0.8687, device='cuda:0') tensor(0.1000, device='cuda:0') tensor(0.0312, device='cuda:0')
tensor(0.8766, device='cuda:0') tensor(0.1000, device='cuda:0') tensor(0.0234, device='cuda:0')
tensor(0.5172, device='cuda:0') tensor(0.1000, device='cuda:0') tensor(0.3828, device='cuda:0')
tensor(0.8609, device='cuda:0') tensor(0.1000, device='cuda:0') tensor(0.0391, device='cuda:0')
tensor(0.7984, device='cuda:0') tensor(0.1000, device='cuda:0') tensor(0.1016, device='cuda:0')
tensor(0.8531, device='cuda:0') tensor(0.1000, device='cuda:0') tensor(0.0469, device='cuda:0')
tensor(0.7437, device='cuda:0') tensor(0.1000, device='cuda:0') tensor(0.1562, device='cuda:0')
tensor(0.7672, device='cuda:0') tensor(0.1000, device='cuda:0') tensor(0.1328, device='cuda:0')
tensor(0.8766, device='cuda:0') tensor(0.1000, device='cuda:0') tensor(0.0234, device='cuda:0')
tensor(0.8687, device='cuda:0') tensor(0.1000, device='cuda:0') tensor(0.0312, device='cuda:0')
tensor(0.8687, device='cuda:0') tensor(0.1000, device='cuda:0') tensor(0.0312, device='cuda:0')
time 1.30
error 924.7747802734375
6 mlp.gate_proj
Quantizing ...
tensor(0.8375, device='cuda:0') tensor(0.1000, device='cuda:0') tensor(0.0625, device='cuda:0')
tensor(0.8453, device='cuda:0') tensor(0.1000, device='cuda:0') tensor(0.0547, device='cuda:0')
tensor(0.8609, device='cuda:0') tensor(0.1000, device='cuda:0') tensor(0.0391, device='cuda:0')
tensor(0.8687, device='cuda:0') tensor(0.1000, device='cuda:0') tensor(0.0312, device='cuda:0')
tensor(0.8453, device='cuda:0') tensor(0.1000, device='cuda:0') tensor(0.0547, device='cuda:0')
tensor(0.8531, device='cuda:0') tensor(0.1000, device='cuda:0') tensor(0.0469, device='cuda:0')
tensor(0.8687, device='cuda:0') tensor(0.1000, device='cuda:0') tensor(0.0312, device='cuda:0')
tensor(0.8453, device='cuda:0') tensor(0.1000, device='cuda:0') tensor(0.0547, device='cuda:0')
tensor(0.8531, device='cuda:0') tensor(0.1000, device='cuda:0') tensor(0.0469, device='cuda:0')
tensor(0.8687, device='cuda:0') tensor(0.1000, device='cuda:0') tensor(0.0312, device='cuda:0')
tensor(0.8297, device='cuda:0') tensor(0.1000, device='cuda:0') tensor(0.0703, device='cuda:0')
tensor(0.8609, device='cuda:0') tensor(0.1000, device='cuda:0') tensor(0.0391, device='cuda:0')
tensor(0.8687, device='cuda:0') tensor(0.1000, device='cuda:0') tensor(0.0312, device='cuda:0')
tensor(0.8687, device='cuda:0') tensor(0.1000, device='cuda:0') tensor(0.0312, device='cuda:0')
tensor(0.8375, device='cuda:0') tensor(0.1000, device='cuda:0') tensor(0.0625, device='cuda:0')
tensor(0.8687, device='cuda:0') tensor(0.1000, device='cuda:0') tensor(0.0312, device='cuda:0')
time 1.78
error 130279.984375
6 mlp.up_proj
Quantizing ...
tensor(0.5172, device='cuda:0') tensor(0.1000, device='cuda:0') tensor(0.3828, device='cuda:0')
tensor(0.5172, device='cuda:0') tensor(0.1000, device='cuda:0') tensor(0.3828, device='cuda:0')
tensor(0.8609, device='cuda:0') tensor(0.1000, device='cuda:0') tensor(0.0391, device='cuda:0')
tensor(0.8609, device='cuda:0') tensor(0.1000, device='cuda:0') tensor(0.0391, device='cuda:0')
tensor(0.8609, device='cuda:0') tensor(0.1000, device='cuda:0') tensor(0.0391, device='cuda:0')
tensor(0.8219, device='cuda:0') tensor(0.1000, device='cuda:0') tensor(0.0781, device='cuda:0')
tensor(0.8609, device='cuda:0') tensor(0.1000, device='cuda:0') tensor(0.0391, device='cuda:0')
tensor(0.8687, device='cuda:0') tensor(0.1000, device='cuda:0') tensor(0.0312, device='cuda:0')
tensor(0.8687, device='cuda:0') tensor(0.1000, device='cuda:0') tensor(0.0312, device='cuda:0')
tensor(0.8609, device='cuda:0') tensor(0.1000, device='cuda:0') tensor(0.0391, device='cuda:0')
tensor(0.8687, device='cuda:0') tensor(0.1000, device='cuda:0') tensor(0.0312, device='cuda:0')
tensor(0.8453, device='cuda:0') tensor(0.1000, device='cuda:0') tensor(0.0547, device='cuda:0')
tensor(0.8609, device='cuda:0') tensor(0.1000, device='cuda:0') tensor(0.0391, device='cuda:0')
tensor(0.8609, device='cuda:0') tensor(0.1000, device='cuda:0') tensor(0.0391, device='cuda:0')
tensor(0.8141, device='cuda:0') tensor(0.1000, device='cuda:0') tensor(0.0859, device='cuda:0')
tensor(0.8687, device='cuda:0') tensor(0.1000, device='cuda:0') tensor(0.0312, device='cuda:0')
time 1.87
error 72294.8515625
6 mlp.down_proj
Quantizing ...
tensor(0.8453, device='cuda:0') tensor(0.1000, device='cuda:0') tensor(0.0547, device='cuda:0')
tensor(0.8375, device='cuda:0') tensor(0.1000, device='cuda:0') tensor(0.0625, device='cuda:0')
tensor(0.8531, device='cuda:0') tensor(0.1000, device='cuda:0') tensor(0.0469, device='cuda:0')
tensor(0.8609, device='cuda:0') tensor(0.1000, device='cuda:0') tensor(0.0391, device='cuda:0')
tensor(0.8687, device='cuda:0') tensor(0.1000, device='cuda:0') tensor(0.0312, device='cuda:0')
tensor(0.8687, device='cuda:0') tensor(0.1000, device='cuda:0') tensor(0.0312, device='cuda:0')
tensor(0.8531, device='cuda:0') tensor(0.1000, device='cuda:0') tensor(0.0469, device='cuda:0')
tensor(0.8375, device='cuda:0') tensor(0.1000, device='cuda:0') tensor(0.0625, device='cuda:0')
tensor(0.8297, device='cuda:0') tensor(0.1000, device='cuda:0') tensor(0.0703, device='cuda:0')
tensor(0.8609, device='cuda:0') tensor(0.1000, device='cuda:0') tensor(0.0391, device='cuda:0')
tensor(0.6891, device='cuda:0') tensor(0.1000, device='cuda:0') tensor(0.2109, device='cuda:0')
tensor(0.8687, device='cuda:0') tensor(0.1000, device='cuda:0') tensor(0.0312, device='cuda:0')
tensor(0.8609, device='cuda:0') tensor(0.1000, device='cuda:0') tensor(0.0391, device='cuda:0')
tensor(0.8687, device='cuda:0') tensor(0.1000, device='cuda:0') tensor(0.0312, device='cuda:0')
tensor(0.8687, device='cuda:0') tensor(0.1000, device='cuda:0') tensor(0.0312, device='cuda:0')
tensor(0.8453, device='cuda:0') tensor(0.1000, device='cuda:0') tensor(0.0547, device='cuda:0')
tensor(0.7906, device='cuda:0') tensor(0.1000, device='cuda:0') tensor(0.1094, device='cuda:0')
tensor(0.8219, device='cuda:0') tensor(0.1000, device='cuda:0') tensor(0.0781, device='cuda:0')
tensor(0.8687, device='cuda:0') tensor(0.1000, device='cuda:0') tensor(0.0312, device='cuda:0')
tensor(0.8219, device='cuda:0') tensor(0.1000, device='cuda:0') tensor(0.0781, device='cuda:0')
tensor(0.8609, device='cuda:0') tensor(0.1000, device='cuda:0') tensor(0.0391, device='cuda:0')
tensor(0.8297, device='cuda:0') tensor(0.1000, device='cuda:0') tensor(0.0703, device='cuda:0')
tensor(0.8375, device='cuda:0') tensor(0.1000, device='cuda:0') tensor(0.0625, device='cuda:0')
tensor(0.8609, device='cuda:0') tensor(0.1000, device='cuda:0') tensor(0.0391, device='cuda:0')
tensor(0.8609, device='cuda:0') tensor(0.1000, device='cuda:0') tensor(0.0391, device='cuda:0')
tensor(0.8375, device='cuda:0') tensor(0.1000, device='cuda:0') tensor(0.0625, device='cuda:0')
tensor(0.8687, device='cuda:0') tensor(0.1000, device='cuda:0') tensor(0.0312, device='cuda:0')
tensor(0.8453, device='cuda:0') tensor(0.1000, device='cuda:0') tensor(0.0547, device='cuda:0')
tensor(0.8609, device='cuda:0') tensor(0.1000, device='cuda:0') tensor(0.0391, device='cuda:0')
tensor(0.8375, device='cuda:0') tensor(0.1000, device='cuda:0') tensor(0.0625, device='cuda:0')
tensor(0.8531, device='cuda:0') tensor(0.1000, device='cuda:0') tensor(0.0469, device='cuda:0')
tensor(0.8687, device='cuda:0') tensor(0.1000, device='cuda:0') tensor(0.0312, device='cuda:0')
tensor(0.8375, device='cuda:0') tensor(0.1000, device='cuda:0') tensor(0.0625, device='cuda:0')
tensor(0.8687, device='cuda:0') tensor(0.1000, device='cuda:0') tensor(0.0312, device='cuda:0')
tensor(0.7828, device='cuda:0') tensor(0.1000, device='cuda:0') tensor(0.1172, device='cuda:0')
tensor(0.8766, device='cuda:0') tensor(0.1000, device='cuda:0') tensor(0.0234, device='cuda:0')
tensor(0.8766, device='cuda:0') tensor(0.1000, device='cuda:0') tensor(0.0234, device='cuda:0')
tensor(0.8297, device='cuda:0') tensor(0.1000, device='cuda:0') tensor(0.0703, device='cuda:0')
tensor(0.8687, device='cuda:0') tensor(0.1000, device='cuda:0') tensor(0.0312, device='cuda:0')
tensor(0.7828, device='cuda:0') tensor(0.1000, device='cuda:0') tensor(0.1172, device='cuda:0')
tensor(0.8687, device='cuda:0') tensor(0.1000, device='cuda:0') tensor(0.0312, device='cuda:0')
tensor(0.8687, device='cuda:0') tensor(0.1000, device='cuda:0') tensor(0.0312, device='cuda:0')
tensor(0.8531, device='cuda:0') tensor(0.1000, device='cuda:0') tensor(0.0469, device='cuda:0')
tensor(0.8609, device='cuda:0') tensor(0.1000, device='cuda:0') tensor(0.0391, device='cuda:0')
tensor(0.7906, device='cuda:0') tensor(0.1000, device='cuda:0') tensor(0.1094, device='cuda:0')
tensor(0.8531, device='cuda:0') tensor(0.1000, device='cuda:0') tensor(0.0469, device='cuda:0')
tensor(0.8766, device='cuda:0') tensor(0.1000, device='cuda:0') tensor(0.0234, device='cuda:0')
tensor(0.8609, device='cuda:0') tensor(0.1000, device='cuda:0') tensor(0.0391, device='cuda:0')
tensor(0.8687, device='cuda:0') tensor(0.1000, device='cuda:0') tensor(0.0312, device='cuda:0')
tensor(0.8062, device='cuda:0') tensor(0.1000, device='cuda:0') tensor(0.0938, device='cuda:0')
tensor(0.8531, device='cuda:0') tensor(0.1000, device='cuda:0') tensor(0.0469, device='cuda:0')
tensor(0.8687, device='cuda:0') tensor(0.1000, device='cuda:0') tensor(0.0312, device='cuda:0')
tensor(0.8609, device='cuda:0') tensor(0.1000, device='cuda:0') tensor(0.0391, device='cuda:0')
tensor(0.8453, device='cuda:0') tensor(0.1000, device='cuda:0') tensor(0.0547, device='cuda:0')
tensor(0.8766, device='cuda:0') tensor(0.1000, device='cuda:0') tensor(0.0234, device='cuda:0')
tensor(0.7750, device='cuda:0') tensor(0.1000, device='cuda:0') tensor(0.1250, device='cuda:0')
tensor(0.8219, device='cuda:0') tensor(0.1000, device='cuda:0') tensor(0.0781, device='cuda:0')
tensor(0.8531, device='cuda:0') tensor(0.1000, device='cuda:0') tensor(0.0469, device='cuda:0')
tensor(0.8766, device='cuda:0') tensor(0.1000, device='cuda:0') tensor(0.0234, device='cuda:0')
tensor(0.8453, device='cuda:0') tensor(0.1000, device='cuda:0') tensor(0.0547, device='cuda:0')
tensor(0.8219, device='cuda:0') tensor(0.1000, device='cuda:0') tensor(0.0781, device='cuda:0')
tensor(0.7203, device='cuda:0') tensor(0.1000, device='cuda:0') tensor(0.1797, device='cuda:0')
tensor(0.8531, device='cuda:0') tensor(0.1000, device='cuda:0') tensor(0.0469, device='cuda:0')
tensor(0.8687, device='cuda:0') tensor(0.1000, device='cuda:0') tensor(0.0312, device='cuda:0')
time 5.83
error 1244.970947265625
7 self_attn.q_proj
Quantizing ...
tensor(0.8297, device='cuda:0') tensor(0.1000, device='cuda:0') tensor(0.0703, device='cuda:0')
tensor(0.8375, device='cuda:0') tensor(0.1000, device='cuda:0') tensor(0.0625, device='cuda:0')
tensor(0.8766, device='cuda:0') tensor(0.1000, device='cuda:0') tensor(0.0234, device='cuda:0')
tensor(0.8219, device='cuda:0') tensor(0.1000, device='cuda:0') tensor(0.0781, device='cuda:0')
tensor(0.8687, device='cuda:0') tensor(0.1000, device='cuda:0') tensor(0.0312, device='cuda:0')
tensor(0.8687, device='cuda:0') tensor(0.1000, device='cuda:0') tensor(0.0312, device='cuda:0')
tensor(0.8687, device='cuda:0') tensor(0.1000, device='cuda:0') tensor(0.0312, device='cuda:0')
tensor(0.8453, device='cuda:0') tensor(0.1000, device='cuda:0') tensor(0.0547, device='cuda:0')
tensor(0.8687, device='cuda:0') tensor(0.1000, device='cuda:0') tensor(0.0312, device='cuda:0')
tensor(0.8766, device='cuda:0') tensor(0.1000, device='cuda:0') tensor(0.0234, device='cuda:0')
tensor(0.8766, device='cuda:0') tensor(0.1000, device='cuda:0') tensor(0.0234, device='cuda:0')
tensor(0.8531, device='cuda:0') tensor(0.1000, device='cuda:0') tensor(0.0469, device='cuda:0')
tensor(0.8687, device='cuda:0') tensor(0.1000, device='cuda:0') tensor(0.0312, device='cuda:0')
tensor(0.8609, device='cuda:0') tensor(0.1000, device='cuda:0') tensor(0.0391, device='cuda:0')
tensor(0.8609, device='cuda:0') tensor(0.1000, device='cuda:0') tensor(0.0391, device='cuda:0')
tensor(0.8687, device='cuda:0') tensor(0.1000, device='cuda:0') tensor(0.0312, device='cuda:0')
time 1.45
error 98124.609375
7 self_attn.k_proj
Quantizing ...
tensor(0.8531, device='cuda:0') tensor(0.1000, device='cuda:0') tensor(0.0469, device='cuda:0')
tensor(0.8687, device='cuda:0') tensor(0.1000, device='cuda:0') tensor(0.0312, device='cuda:0')
tensor(0.8609, device='cuda:0') tensor(0.1000, device='cuda:0') tensor(0.0391, device='cuda:0')
tensor(0.8609, device='cuda:0') tensor(0.1000, device='cuda:0') tensor(0.0391, device='cuda:0')
tensor(0.8687, device='cuda:0') tensor(0.1000, device='cuda:0') tensor(0.0312, device='cuda:0')
tensor(0.8766, device='cuda:0') tensor(0.1000, device='cuda:0') tensor(0.0234, device='cuda:0')
tensor(0.8687, device='cuda:0') tensor(0.1000, device='cuda:0') tensor(0.0312, device='cuda:0')
tensor(0.8297, device='cuda:0') tensor(0.1000, device='cuda:0') tensor(0.0703, device='cuda:0')
tensor(0.8687, device='cuda:0') tensor(0.1000, device='cuda:0') tensor(0.0312, device='cuda:0')
tensor(0.8766, device='cuda:0') tensor(0.1000, device='cuda:0') tensor(0.0234, device='cuda:0')
tensor(0.8687, device='cuda:0') tensor(0.1000, device='cuda:0') tensor(0.0312, device='cuda:0')
tensor(0.8531, device='cuda:0') tensor(0.1000, device='cuda:0') tensor(0.0469, device='cuda:0')
tensor(0.8766, device='cuda:0') tensor(0.1000, device='cuda:0') tensor(0.0234, device='cuda:0')
tensor(0.8609, device='cuda:0') tensor(0.1000, device='cuda:0') tensor(0.0391, device='cuda:0')
tensor(0.8531, device='cuda:0') tensor(0.1000, device='cuda:0') tensor(0.0469, device='cuda:0')
tensor(0.8766, device='cuda:0') tensor(0.1000, device='cuda:0') tensor(0.0234, device='cuda:0')
time 1.17
error 52945.89453125
7 self_attn.v_proj
Quantizing ...
tensor(0.6031, device='cuda:0') tensor(0.1000, device='cuda:0') tensor(0.2969, device='cuda:0')
tensor(0.6344, device='cuda:0') tensor(0.1000, device='cuda:0') tensor(0.2656, device='cuda:0')
tensor(0.5250, device='cuda:0') tensor(0.1000, device='cuda:0') tensor(0.3750, device='cuda:0')
tensor(0.7750, device='cuda:0') tensor(0.1000, device='cuda:0') tensor(0.1250, device='cuda:0')
tensor(0.8531, device='cuda:0') tensor(0.1000, device='cuda:0') tensor(0.0469, device='cuda:0')
tensor(0.5328, device='cuda:0') tensor(0.1000, device='cuda:0') tensor(0.3672, device='cuda:0')
tensor(0.6734, device='cuda:0') tensor(0.1000, device='cuda:0') tensor(0.2266, device='cuda:0')
tensor(0.5172, device='cuda:0') tensor(0.1000, device='cuda:0') tensor(0.3828, device='cuda:0')
tensor(0.7516, device='cuda:0') tensor(0.1000, device='cuda:0') tensor(0.1484, device='cuda:0')
tensor(0.8609, device='cuda:0') tensor(0.1000, device='cuda:0') tensor(0.0391, device='cuda:0')
tensor(0.8531, device='cuda:0') tensor(0.1000, device='cuda:0') tensor(0.0469, device='cuda:0')
tensor(0.8609, device='cuda:0') tensor(0.1000, device='cuda:0') tensor(0.0391, device='cuda:0')
tensor(0.8375, device='cuda:0') tensor(0.1000, device='cuda:0') tensor(0.0625, device='cuda:0')
tensor(0.7203, device='cuda:0') tensor(0.1000, device='cuda:0') tensor(0.1797, device='cuda:0')
tensor(0.6500, device='cuda:0') tensor(0.1000, device='cuda:0') tensor(0.2500, device='cuda:0')
tensor(0.8609, device='cuda:0') tensor(0.1000, device='cuda:0') tensor(0.0391, device='cuda:0')
time 1.18
error 6709.85498046875
7 self_attn.o_proj
Quantizing ...
tensor(0.8609, device='cuda:0') tensor(0.1000, device='cuda:0') tensor(0.0391, device='cuda:0')
tensor(0.8375, device='cuda:0') tensor(0.1000, device='cuda:0') tensor(0.0625, device='cuda:0')
tensor(0.7203, device='cuda:0') tensor(0.1000, device='cuda:0') tensor(0.1797, device='cuda:0')
tensor(0.5250, device='cuda:0') tensor(0.1000, device='cuda:0') tensor(0.3750, device='cuda:0')
tensor(0.5172, device='cuda:0') tensor(0.1000, device='cuda:0') tensor(0.3828, device='cuda:0')
tensor(0.8687, device='cuda:0') tensor(0.1000, device='cuda:0') tensor(0.0312, device='cuda:0')
tensor(0.8453, device='cuda:0') tensor(0.1000, device='cuda:0') tensor(0.0547, device='cuda:0')
tensor(0.8609, device='cuda:0') tensor(0.1000, device='cuda:0') tensor(0.0391, device='cuda:0')
tensor(0.8766, device='cuda:0') tensor(0.1000, device='cuda:0') tensor(0.0234, device='cuda:0')
tensor(0.8687, device='cuda:0') tensor(0.1000, device='cuda:0') tensor(0.0312, device='cuda:0')
tensor(0.7906, device='cuda:0') tensor(0.1000, device='cuda:0') tensor(0.1094, device='cuda:0')
tensor(0.8062, device='cuda:0') tensor(0.1000, device='cuda:0') tensor(0.0938, device='cuda:0')
tensor(0.8375, device='cuda:0') tensor(0.1000, device='cuda:0') tensor(0.0625, device='cuda:0')
tensor(0.8687, device='cuda:0') tensor(0.1000, device='cuda:0') tensor(0.0312, device='cuda:0')
tensor(0.8609, device='cuda:0') tensor(0.1000, device='cuda:0') tensor(0.0391, device='cuda:0')
tensor(0.8531, device='cuda:0') tensor(0.1000, device='cuda:0') tensor(0.0469, device='cuda:0')
time 1.30
error 1009.1987915039062
7 mlp.gate_proj
Quantizing ...
tensor(0.5172, device='cuda:0') tensor(0.1000, device='cuda:0') tensor(0.3828, device='cuda:0')
tensor(0.8453, device='cuda:0') tensor(0.1000, device='cuda:0') tensor(0.0547, device='cuda:0')
tensor(0.8531, device='cuda:0') tensor(0.1000, device='cuda:0') tensor(0.0469, device='cuda:0')
tensor(0.8531, device='cuda:0') tensor(0.1000, device='cuda:0') tensor(0.0469, device='cuda:0')
tensor(0.5172, device='cuda:0') tensor(0.1000, device='cuda:0') tensor(0.3828, device='cuda:0')
tensor(0.8375, device='cuda:0') tensor(0.1000, device='cuda:0') tensor(0.0625, device='cuda:0')
tensor(0.8687, device='cuda:0') tensor(0.1000, device='cuda:0') tensor(0.0312, device='cuda:0')
tensor(0.8609, device='cuda:0') tensor(0.1000, device='cuda:0') tensor(0.0391, device='cuda:0')
tensor(0.8297, device='cuda:0') tensor(0.1000, device='cuda:0') tensor(0.0703, device='cuda:0')
tensor(0.8297, device='cuda:0') tensor(0.1000, device='cuda:0') tensor(0.0703, device='cuda:0')
tensor(0.7906, device='cuda:0') tensor(0.1000, device='cuda:0') tensor(0.1094, device='cuda:0')
tensor(0.8453, device='cuda:0') tensor(0.1000, device='cuda:0') tensor(0.0547, device='cuda:0')
tensor(0.8687, device='cuda:0') tensor(0.1000, device='cuda:0') tensor(0.0312, device='cuda:0')
tensor(0.8687, device='cuda:0') tensor(0.1000, device='cuda:0') tensor(0.0312, device='cuda:0')
tensor(0.8609, device='cuda:0') tensor(0.1000, device='cuda:0') tensor(0.0391, device='cuda:0')
tensor(0.8766, device='cuda:0') tensor(0.1000, device='cuda:0') tensor(0.0234, device='cuda:0')
time 1.73
error 106676.703125
7 mlp.up_proj
Quantizing ...
tensor(0.5172, device='cuda:0') tensor(0.1000, device='cuda:0') tensor(0.3828, device='cuda:0')
tensor(0.5172, device='cuda:0') tensor(0.1000, device='cuda:0') tensor(0.3828, device='cuda:0')
tensor(0.7672, device='cuda:0') tensor(0.1000, device='cuda:0') tensor(0.1328, device='cuda:0')
tensor(0.5172, device='cuda:0') tensor(0.1000, device='cuda:0') tensor(0.3828, device='cuda:0')
tensor(0.8141, device='cuda:0') tensor(0.1000, device='cuda:0') tensor(0.0859, device='cuda:0')
tensor(0.5172, device='cuda:0') tensor(0.1000, device='cuda:0') tensor(0.3828, device='cuda:0')
tensor(0.5172, device='cuda:0') tensor(0.1000, device='cuda:0') tensor(0.3828, device='cuda:0')
tensor(0.8531, device='cuda:0') tensor(0.1000, device='cuda:0') tensor(0.0469, device='cuda:0')
tensor(0.6734, device='cuda:0') tensor(0.1000, device='cuda:0') tensor(0.2266, device='cuda:0')
tensor(0.8609, device='cuda:0') tensor(0.1000, device='cuda:0') tensor(0.0391, device='cuda:0')
tensor(0.8687, device='cuda:0') tensor(0.1000, device='cuda:0') tensor(0.0312, device='cuda:0')
tensor(0.8687, device='cuda:0') tensor(0.1000, device='cuda:0') tensor(0.0312, device='cuda:0')
tensor(0.8687, device='cuda:0') tensor(0.1000, device='cuda:0') tensor(0.0312, device='cuda:0')
tensor(0.8609, device='cuda:0') tensor(0.1000, device='cuda:0') tensor(0.0391, device='cuda:0')
tensor(0.8375, device='cuda:0') tensor(0.1000, device='cuda:0') tensor(0.0625, device='cuda:0')
tensor(0.8766, device='cuda:0') tensor(0.1000, device='cuda:0') tensor(0.0234, device='cuda:0')
time 1.70
error 64347.0390625
7 mlp.down_proj
Quantizing ...
tensor(0.7828, device='cuda:0') tensor(0.1000, device='cuda:0') tensor(0.1172, device='cuda:0')
tensor(0.8297, device='cuda:0') tensor(0.1000, device='cuda:0') tensor(0.0703, device='cuda:0')
tensor(0.8609, device='cuda:0') tensor(0.1000, device='cuda:0') tensor(0.0391, device='cuda:0')
tensor(0.8531, device='cuda:0') tensor(0.1000, device='cuda:0') tensor(0.0469, device='cuda:0')
tensor(0.8453, device='cuda:0') tensor(0.1000, device='cuda:0') tensor(0.0547, device='cuda:0')
tensor(0.5797, device='cuda:0') tensor(0.1000, device='cuda:0') tensor(0.3203, device='cuda:0')
tensor(0.8766, device='cuda:0') tensor(0.1000, device='cuda:0') tensor(0.0234, device='cuda:0')
tensor(0.8609, device='cuda:0') tensor(0.1000, device='cuda:0') tensor(0.0391, device='cuda:0')
tensor(0.8062, device='cuda:0') tensor(0.1000, device='cuda:0') tensor(0.0938, device='cuda:0')
tensor(0.8062, device='cuda:0') tensor(0.1000, device='cuda:0') tensor(0.0938, device='cuda:0')
tensor(0.8609, device='cuda:0') tensor(0.1000, device='cuda:0') tensor(0.0391, device='cuda:0')
tensor(0.8531, device='cuda:0') tensor(0.1000, device='cuda:0') tensor(0.0469, device='cuda:0')
tensor(0.7516, device='cuda:0') tensor(0.1000, device='cuda:0') tensor(0.1484, device='cuda:0')
tensor(0.8766, device='cuda:0') tensor(0.1000, device='cuda:0') tensor(0.0234, device='cuda:0')
tensor(0.8453, device='cuda:0') tensor(0.1000, device='cuda:0') tensor(0.0547, device='cuda:0')
tensor(0.8141, device='cuda:0') tensor(0.1000, device='cuda:0') tensor(0.0859, device='cuda:0')
tensor(0.7828, device='cuda:0') tensor(0.1000, device='cuda:0') tensor(0.1172, device='cuda:0')
tensor(0.8453, device='cuda:0') tensor(0.1000, device='cuda:0') tensor(0.0547, device='cuda:0')
tensor(0.8687, device='cuda:0') tensor(0.1000, device='cuda:0') tensor(0.0312, device='cuda:0')
tensor(0.8453, device='cuda:0') tensor(0.1000, device='cuda:0') tensor(0.0547, device='cuda:0')
tensor(0.7672, device='cuda:0') tensor(0.1000, device='cuda:0') tensor(0.1328, device='cuda:0')
tensor(0.8453, device='cuda:0') tensor(0.1000, device='cuda:0') tensor(0.0547, device='cuda:0')
tensor(0.8375, device='cuda:0') tensor(0.1000, device='cuda:0') tensor(0.0625, device='cuda:0')
tensor(0.8531, device='cuda:0') tensor(0.1000, device='cuda:0') tensor(0.0469, device='cuda:0')
tensor(0.8375, device='cuda:0') tensor(0.1000, device='cuda:0') tensor(0.0625, device='cuda:0')
tensor(0.8609, device='cuda:0') tensor(0.1000, device='cuda:0') tensor(0.0391, device='cuda:0')
tensor(0.8453, device='cuda:0') tensor(0.1000, device='cuda:0') tensor(0.0547, device='cuda:0')
tensor(0.6031, device='cuda:0') tensor(0.1000, device='cuda:0') tensor(0.2969, device='cuda:0')
tensor(0.8609, device='cuda:0') tensor(0.1000, device='cuda:0') tensor(0.0391, device='cuda:0')
tensor(0.8609, device='cuda:0') tensor(0.1000, device='cuda:0') tensor(0.0391, device='cuda:0')
tensor(0.7984, device='cuda:0') tensor(0.1000, device='cuda:0') tensor(0.1016, device='cuda:0')
tensor(0.8687, device='cuda:0') tensor(0.1000, device='cuda:0') tensor(0.0312, device='cuda:0')
tensor(0.7281, device='cuda:0') tensor(0.1000, device='cuda:0') tensor(0.1719, device='cuda:0')
tensor(0.8687, device='cuda:0') tensor(0.1000, device='cuda:0') tensor(0.0312, device='cuda:0')
tensor(0.8062, device='cuda:0') tensor(0.1000, device='cuda:0') tensor(0.0938, device='cuda:0')
tensor(0.7906, device='cuda:0') tensor(0.1000, device='cuda:0') tensor(0.1094, device='cuda:0')
tensor(0.8531, device='cuda:0') tensor(0.1000, device='cuda:0') tensor(0.0469, device='cuda:0')
tensor(0.8453, device='cuda:0') tensor(0.1000, device='cuda:0') tensor(0.0547, device='cuda:0')
tensor(0.8219, device='cuda:0') tensor(0.1000, device='cuda:0') tensor(0.0781, device='cuda:0')
tensor(0.8375, device='cuda:0') tensor(0.1000, device='cuda:0') tensor(0.0625, device='cuda:0')
tensor(0.8453, device='cuda:0') tensor(0.1000, device='cuda:0') tensor(0.0547, device='cuda:0')
tensor(0.7437, device='cuda:0') tensor(0.1000, device='cuda:0') tensor(0.1562, device='cuda:0')
tensor(0.8453, device='cuda:0') tensor(0.1000, device='cuda:0') tensor(0.0547, device='cuda:0')
tensor(0.8531, device='cuda:0') tensor(0.1000, device='cuda:0') tensor(0.0469, device='cuda:0')
tensor(0.8687, device='cuda:0') tensor(0.1000, device='cuda:0') tensor(0.0312, device='cuda:0')
tensor(0.8609, device='cuda:0') tensor(0.1000, device='cuda:0') tensor(0.0391, device='cuda:0')
tensor(0.8531, device='cuda:0') tensor(0.1000, device='cuda:0') tensor(0.0469, device='cuda:0')
tensor(0.8687, device='cuda:0') tensor(0.1000, device='cuda:0') tensor(0.0312, device='cuda:0')
tensor(0.8609, device='cuda:0') tensor(0.1000, device='cuda:0') tensor(0.0391, device='cuda:0')
tensor(0.8687, device='cuda:0') tensor(0.1000, device='cuda:0') tensor(0.0312, device='cuda:0')
tensor(0.8609, device='cuda:0') tensor(0.1000, device='cuda:0') tensor(0.0391, device='cuda:0')
tensor(0.8453, device='cuda:0') tensor(0.1000, device='cuda:0') tensor(0.0547, device='cuda:0')
tensor(0.8687, device='cuda:0') tensor(0.1000, device='cuda:0') tensor(0.0312, device='cuda:0')
tensor(0.8297, device='cuda:0') tensor(0.1000, device='cuda:0') tensor(0.0703, device='cuda:0')
tensor(0.7984, device='cuda:0') tensor(0.1000, device='cuda:0') tensor(0.1016, device='cuda:0')
tensor(0.8766, device='cuda:0') tensor(0.1000, device='cuda:0') tensor(0.0234, device='cuda:0')
tensor(0.8141, device='cuda:0') tensor(0.1000, device='cuda:0') tensor(0.0859, device='cuda:0')
tensor(0.8062, device='cuda:0') tensor(0.1000, device='cuda:0') tensor(0.0938, device='cuda:0')
tensor(0.7203, device='cuda:0') tensor(0.1000, device='cuda:0') tensor(0.1797, device='cuda:0')
tensor(0.8297, device='cuda:0') tensor(0.1000, device='cuda:0') tensor(0.0703, device='cuda:0')
tensor(0.8219, device='cuda:0') tensor(0.1000, device='cuda:0') tensor(0.0781, device='cuda:0')
tensor(0.8687, device='cuda:0') tensor(0.1000, device='cuda:0') tensor(0.0312, device='cuda:0')
tensor(0.8609, device='cuda:0') tensor(0.1000, device='cuda:0') tensor(0.0391, device='cuda:0')
tensor(0.8453, device='cuda:0') tensor(0.1000, device='cuda:0') tensor(0.0547, device='cuda:0')
time 5.20
error 1145.546875
8 self_attn.q_proj
Quantizing ...
tensor(0.8297, device='cuda:0') tensor(0.1000, device='cuda:0') tensor(0.0703, device='cuda:0')
tensor(0.8531, device='cuda:0') tensor(0.1000, device='cuda:0') tensor(0.0469, device='cuda:0')
tensor(0.8453, device='cuda:0') tensor(0.1000, device='cuda:0') tensor(0.0547, device='cuda:0')
tensor(0.8687, device='cuda:0') tensor(0.1000, device='cuda:0') tensor(0.0312, device='cuda:0')
tensor(0.8687, device='cuda:0') tensor(0.1000, device='cuda:0') tensor(0.0312, device='cuda:0')
tensor(0.8453, device='cuda:0') tensor(0.1000, device='cuda:0') tensor(0.0547, device='cuda:0')
tensor(0.8609, device='cuda:0') tensor(0.1000, device='cuda:0') tensor(0.0391, device='cuda:0')
tensor(0.8453, device='cuda:0') tensor(0.1000, device='cuda:0') tensor(0.0547, device='cuda:0')
tensor(0.8453, device='cuda:0') tensor(0.1000, device='cuda:0') tensor(0.0547, device='cuda:0')
tensor(0.8453, device='cuda:0') tensor(0.1000, device='cuda:0') tensor(0.0547, device='cuda:0')
tensor(0.8453, device='cuda:0') tensor(0.1000, device='cuda:0') tensor(0.0547, device='cuda:0')
tensor(0.8609, device='cuda:0') tensor(0.1000, device='cuda:0') tensor(0.0391, device='cuda:0')
tensor(0.8297, device='cuda:0') tensor(0.1000, device='cuda:0') tensor(0.0703, device='cuda:0')
tensor(0.8375, device='cuda:0') tensor(0.1000, device='cuda:0') tensor(0.0625, device='cuda:0')
tensor(0.8531, device='cuda:0') tensor(0.1000, device='cuda:0') tensor(0.0469, device='cuda:0')
tensor(0.8766, device='cuda:0') tensor(0.1000, device='cuda:0') tensor(0.0234, device='cuda:0')
time 1.55
error 92797.6328125
8 self_attn.k_proj
Quantizing ...
tensor(0.8297, device='cuda:0') tensor(0.1000, device='cuda:0') tensor(0.0703, device='cuda:0')
tensor(0.8531, device='cuda:0') tensor(0.1000, device='cuda:0') tensor(0.0469, device='cuda:0')
tensor(0.8531, device='cuda:0') tensor(0.1000, device='cuda:0') tensor(0.0469, device='cuda:0')
tensor(0.8609, device='cuda:0') tensor(0.1000, device='cuda:0') tensor(0.0391, device='cuda:0')
tensor(0.8609, device='cuda:0') tensor(0.1000, device='cuda:0') tensor(0.0391, device='cuda:0')
tensor(0.8766, device='cuda:0') tensor(0.1000, device='cuda:0') tensor(0.0234, device='cuda:0')
tensor(0.8531, device='cuda:0') tensor(0.1000, device='cuda:0') tensor(0.0469, device='cuda:0')
tensor(0.8531, device='cuda:0') tensor(0.1000, device='cuda:0') tensor(0.0469, device='cuda:0')
tensor(0.8531, device='cuda:0') tensor(0.1000, device='cuda:0') tensor(0.0469, device='cuda:0')
tensor(0.8609, device='cuda:0') tensor(0.1000, device='cuda:0') tensor(0.0391, device='cuda:0')
tensor(0.8766, device='cuda:0') tensor(0.1000, device='cuda:0') tensor(0.0234, device='cuda:0')
tensor(0.8609, device='cuda:0') tensor(0.1000, device='cuda:0') tensor(0.0391, device='cuda:0')
tensor(0.8687, device='cuda:0') tensor(0.1000, device='cuda:0') tensor(0.0312, device='cuda:0')
tensor(0.8453, device='cuda:0') tensor(0.1000, device='cuda:0') tensor(0.0547, device='cuda:0')
tensor(0.8531, device='cuda:0') tensor(0.1000, device='cuda:0') tensor(0.0469, device='cuda:0')
tensor(0.8766, device='cuda:0') tensor(0.1000, device='cuda:0') tensor(0.0234, device='cuda:0')
time 1.31
error 53911.65625
8 self_attn.v_proj
Quantizing ...
tensor(0.8375, device='cuda:0') tensor(0.1000, device='cuda:0') tensor(0.0625, device='cuda:0')
tensor(0.7828, device='cuda:0') tensor(0.1000, device='cuda:0') tensor(0.1172, device='cuda:0')
tensor(0.7672, device='cuda:0') tensor(0.1000, device='cuda:0') tensor(0.1328, device='cuda:0')
tensor(0.8609, device='cuda:0') tensor(0.1000, device='cuda:0') tensor(0.0391, device='cuda:0')
tensor(0.8609, device='cuda:0') tensor(0.1000, device='cuda:0') tensor(0.0391, device='cuda:0')
tensor(0.8531, device='cuda:0') tensor(0.1000, device='cuda:0') tensor(0.0469, device='cuda:0')
tensor(0.8219, device='cuda:0') tensor(0.1000, device='cuda:0') tensor(0.0781, device='cuda:0')
tensor(0.8062, device='cuda:0') tensor(0.1000, device='cuda:0') tensor(0.0938, device='cuda:0')
tensor(0.8609, device='cuda:0') tensor(0.1000, device='cuda:0') tensor(0.0391, device='cuda:0')
tensor(0.8609, device='cuda:0') tensor(0.1000, device='cuda:0') tensor(0.0391, device='cuda:0')
tensor(0.8687, device='cuda:0') tensor(0.1000, device='cuda:0') tensor(0.0312, device='cuda:0')
tensor(0.8609, device='cuda:0') tensor(0.1000, device='cuda:0') tensor(0.0391, device='cuda:0')
tensor(0.8687, device='cuda:0') tensor(0.1000, device='cuda:0') tensor(0.0312, device='cuda:0')
tensor(0.8531, device='cuda:0') tensor(0.1000, device='cuda:0') tensor(0.0469, device='cuda:0')
tensor(0.8297, device='cuda:0') tensor(0.1000, device='cuda:0') tensor(0.0703, device='cuda:0')
tensor(0.8609, device='cuda:0') tensor(0.1000, device='cuda:0') tensor(0.0391, device='cuda:0')
time 1.30
error 6095.8642578125
8 self_attn.o_proj
Quantizing ...
tensor(0.6578, device='cuda:0') tensor(0.1000, device='cuda:0') tensor(0.2422, device='cuda:0')
tensor(0.8219, device='cuda:0') tensor(0.1000, device='cuda:0') tensor(0.0781, device='cuda:0')
tensor(0.8609, device='cuda:0') tensor(0.1000, device='cuda:0') tensor(0.0391, device='cuda:0')
tensor(0.5172, device='cuda:0') tensor(0.1000, device='cuda:0') tensor(0.3828, device='cuda:0')
tensor(0.6891, device='cuda:0') tensor(0.1000, device='cuda:0') tensor(0.2109, device='cuda:0')
tensor(0.5172, device='cuda:0') tensor(0.1000, device='cuda:0') tensor(0.3828, device='cuda:0')
tensor(0.5172, device='cuda:0') tensor(0.1000, device='cuda:0') tensor(0.3828, device='cuda:0')
tensor(0.7359, device='cuda:0') tensor(0.1000, device='cuda:0') tensor(0.1641, device='cuda:0')
tensor(0.7594, device='cuda:0') tensor(0.1000, device='cuda:0') tensor(0.1406, device='cuda:0')
tensor(0.7828, device='cuda:0') tensor(0.1000, device='cuda:0') tensor(0.1172, device='cuda:0')
tensor(0.8453, device='cuda:0') tensor(0.1000, device='cuda:0') tensor(0.0547, device='cuda:0')
tensor(0.6734, device='cuda:0') tensor(0.1000, device='cuda:0') tensor(0.2266, device='cuda:0')
tensor(0.6109, device='cuda:0') tensor(0.1000, device='cuda:0') tensor(0.2891, device='cuda:0')
tensor(0.8609, device='cuda:0') tensor(0.1000, device='cuda:0') tensor(0.0391, device='cuda:0')
tensor(0.8453, device='cuda:0') tensor(0.1000, device='cuda:0') tensor(0.0547, device='cuda:0')
tensor(0.8375, device='cuda:0') tensor(0.1000, device='cuda:0') tensor(0.0625, device='cuda:0')
time 1.45
error 1048.8419189453125
8 mlp.gate_proj
Quantizing ...
tensor(0.8297, device='cuda:0') tensor(0.1000, device='cuda:0') tensor(0.0703, device='cuda:0')
tensor(0.8297, device='cuda:0') tensor(0.1000, device='cuda:0') tensor(0.0703, device='cuda:0')
tensor(0.8453, device='cuda:0') tensor(0.1000, device='cuda:0') tensor(0.0547, device='cuda:0')
tensor(0.8375, device='cuda:0') tensor(0.1000, device='cuda:0') tensor(0.0625, device='cuda:0')
tensor(0.8531, device='cuda:0') tensor(0.1000, device='cuda:0') tensor(0.0469, device='cuda:0')
tensor(0.8453, device='cuda:0') tensor(0.1000, device='cuda:0') tensor(0.0547, device='cuda:0')
tensor(0.8609, device='cuda:0') tensor(0.1000, device='cuda:0') tensor(0.0391, device='cuda:0')
tensor(0.7359, device='cuda:0') tensor(0.1000, device='cuda:0') tensor(0.1641, device='cuda:0')
tensor(0.8375, device='cuda:0') tensor(0.1000, device='cuda:0') tensor(0.0625, device='cuda:0')
tensor(0.8375, device='cuda:0') tensor(0.1000, device='cuda:0') tensor(0.0625, device='cuda:0')
tensor(0.8062, device='cuda:0') tensor(0.1000, device='cuda:0') tensor(0.0938, device='cuda:0')
tensor(0.8375, device='cuda:0') tensor(0.1000, device='cuda:0') tensor(0.0625, device='cuda:0')
tensor(0.8453, device='cuda:0') tensor(0.1000, device='cuda:0') tensor(0.0547, device='cuda:0')
tensor(0.8375, device='cuda:0') tensor(0.1000, device='cuda:0') tensor(0.0625, device='cuda:0')
tensor(0.7906, device='cuda:0') tensor(0.1000, device='cuda:0') tensor(0.1094, device='cuda:0')
tensor(0.8141, device='cuda:0') tensor(0.1000, device='cuda:0') tensor(0.0859, device='cuda:0')
time 1.78
error 110969.8671875
8 mlp.up_proj
Quantizing ...
tensor(0.7672, device='cuda:0') tensor(0.1000, device='cuda:0') tensor(0.1328, device='cuda:0')
tensor(0.8531, device='cuda:0') tensor(0.1000, device='cuda:0') tensor(0.0469, device='cuda:0')
tensor(0.8375, device='cuda:0') tensor(0.1000, device='cuda:0') tensor(0.0625, device='cuda:0')
tensor(0.8453, device='cuda:0') tensor(0.1000, device='cuda:0') tensor(0.0547, device='cuda:0')
tensor(0.8531, device='cuda:0') tensor(0.1000, device='cuda:0') tensor(0.0469, device='cuda:0')
tensor(0.7828, device='cuda:0') tensor(0.1000, device='cuda:0') tensor(0.1172, device='cuda:0')
tensor(0.8219, device='cuda:0') tensor(0.1000, device='cuda:0') tensor(0.0781, device='cuda:0')
tensor(0.7047, device='cuda:0') tensor(0.1000, device='cuda:0') tensor(0.1953, device='cuda:0')
tensor(0.8062, device='cuda:0') tensor(0.1000, device='cuda:0') tensor(0.0938, device='cuda:0')
tensor(0.8297, device='cuda:0') tensor(0.1000, device='cuda:0') tensor(0.0703, device='cuda:0')
tensor(0.7828, device='cuda:0') tensor(0.1000, device='cuda:0') tensor(0.1172, device='cuda:0')
tensor(0.8531, device='cuda:0') tensor(0.1000, device='cuda:0') tensor(0.0469, device='cuda:0')
tensor(0.8609, device='cuda:0') tensor(0.1000, device='cuda:0') tensor(0.0391, device='cuda:0')
tensor(0.7906, device='cuda:0') tensor(0.1000, device='cuda:0') tensor(0.1094, device='cuda:0')
tensor(0.7359, device='cuda:0') tensor(0.1000, device='cuda:0') tensor(0.1641, device='cuda:0')
tensor(0.8687, device='cuda:0') tensor(0.1000, device='cuda:0') tensor(0.0312, device='cuda:0')
time 1.77
error 71472.15625
8 mlp.down_proj
Quantizing ...
tensor(0.8609, device='cuda:0') tensor(0.1000, device='cuda:0') tensor(0.0391, device='cuda:0')
tensor(0.8609, device='cuda:0') tensor(0.1000, device='cuda:0') tensor(0.0391, device='cuda:0')
tensor(0.8531, device='cuda:0') tensor(0.1000, device='cuda:0') tensor(0.0469, device='cuda:0')
tensor(0.8141, device='cuda:0') tensor(0.1000, device='cuda:0') tensor(0.0859, device='cuda:0')
tensor(0.8687, device='cuda:0') tensor(0.1000, device='cuda:0') tensor(0.0312, device='cuda:0')
tensor(0.8609, device='cuda:0') tensor(0.1000, device='cuda:0') tensor(0.0391, device='cuda:0')
tensor(0.8375, device='cuda:0') tensor(0.1000, device='cuda:0') tensor(0.0625, device='cuda:0')
tensor(0.8687, device='cuda:0') tensor(0.1000, device='cuda:0') tensor(0.0312, device='cuda:0')
tensor(0.8453, device='cuda:0') tensor(0.1000, device='cuda:0') tensor(0.0547, device='cuda:0')
tensor(0.8687, device='cuda:0') tensor(0.1000, device='cuda:0') tensor(0.0312, device='cuda:0')
tensor(0.8609, device='cuda:0') tensor(0.1000, device='cuda:0') tensor(0.0391, device='cuda:0')
tensor(0.8687, device='cuda:0') tensor(0.1000, device='cuda:0') tensor(0.0312, device='cuda:0')
tensor(0.8531, device='cuda:0') tensor(0.1000, device='cuda:0') tensor(0.0469, device='cuda:0')
tensor(0.7984, device='cuda:0') tensor(0.1000, device='cuda:0') tensor(0.1016, device='cuda:0')
tensor(0.8687, device='cuda:0') tensor(0.1000, device='cuda:0') tensor(0.0312, device='cuda:0')
tensor(0.8453, device='cuda:0') tensor(0.1000, device='cuda:0') tensor(0.0547, device='cuda:0')
tensor(0.8453, device='cuda:0') tensor(0.1000, device='cuda:0') tensor(0.0547, device='cuda:0')
tensor(0.8219, device='cuda:0') tensor(0.1000, device='cuda:0') tensor(0.0781, device='cuda:0')
tensor(0.7828, device='cuda:0') tensor(0.1000, device='cuda:0') tensor(0.1172, device='cuda:0')
tensor(0.6969, device='cuda:0') tensor(0.1000, device='cuda:0') tensor(0.2031, device='cuda:0')
tensor(0.8531, device='cuda:0') tensor(0.1000, device='cuda:0') tensor(0.0469, device='cuda:0')
tensor(0.8297, device='cuda:0') tensor(0.1000, device='cuda:0') tensor(0.0703, device='cuda:0')
tensor(0.7047, device='cuda:0') tensor(0.1000, device='cuda:0') tensor(0.1953, device='cuda:0')
tensor(0.8453, device='cuda:0') tensor(0.1000, device='cuda:0') tensor(0.0547, device='cuda:0')
tensor(0.8531, device='cuda:0') tensor(0.1000, device='cuda:0') tensor(0.0469, device='cuda:0')
tensor(0.8766, device='cuda:0') tensor(0.1000, device='cuda:0') tensor(0.0234, device='cuda:0')
tensor(0.8375, device='cuda:0') tensor(0.1000, device='cuda:0') tensor(0.0625, device='cuda:0')
tensor(0.7437, device='cuda:0') tensor(0.1000, device='cuda:0') tensor(0.1562, device='cuda:0')
tensor(0.7906, device='cuda:0') tensor(0.1000, device='cuda:0') tensor(0.1094, device='cuda:0')
tensor(0.8609, device='cuda:0') tensor(0.1000, device='cuda:0') tensor(0.0391, device='cuda:0')
tensor(0.8297, device='cuda:0') tensor(0.1000, device='cuda:0') tensor(0.0703, device='cuda:0')
tensor(0.8687, device='cuda:0') tensor(0.1000, device='cuda:0') tensor(0.0312, device='cuda:0')
tensor(0.8453, device='cuda:0') tensor(0.1000, device='cuda:0') tensor(0.0547, device='cuda:0')
tensor(0.8219, device='cuda:0') tensor(0.1000, device='cuda:0') tensor(0.0781, device='cuda:0')
tensor(0.8687, device='cuda:0') tensor(0.1000, device='cuda:0') tensor(0.0312, device='cuda:0')
tensor(0.8609, device='cuda:0') tensor(0.1000, device='cuda:0') tensor(0.0391, device='cuda:0')
tensor(0.8609, device='cuda:0') tensor(0.1000, device='cuda:0') tensor(0.0391, device='cuda:0')
tensor(0.8687, device='cuda:0') tensor(0.1000, device='cuda:0') tensor(0.0312, device='cuda:0')
tensor(0.8609, device='cuda:0') tensor(0.1000, device='cuda:0') tensor(0.0391, device='cuda:0')
tensor(0.7437, device='cuda:0') tensor(0.1000, device='cuda:0') tensor(0.1562, device='cuda:0')
tensor(0.7125, device='cuda:0') tensor(0.1000, device='cuda:0') tensor(0.1875, device='cuda:0')
tensor(0.7281, device='cuda:0') tensor(0.1000, device='cuda:0') tensor(0.1719, device='cuda:0')
tensor(0.8609, device='cuda:0') tensor(0.1000, device='cuda:0') tensor(0.0391, device='cuda:0')
tensor(0.8609, device='cuda:0') tensor(0.1000, device='cuda:0') tensor(0.0391, device='cuda:0')
tensor(0.8687, device='cuda:0') tensor(0.1000, device='cuda:0') tensor(0.0312, device='cuda:0')
tensor(0.8219, device='cuda:0') tensor(0.1000, device='cuda:0') tensor(0.0781, device='cuda:0')
tensor(0.7906, device='cuda:0') tensor(0.1000, device='cuda:0') tensor(0.1094, device='cuda:0')
tensor(0.8062, device='cuda:0') tensor(0.1000, device='cuda:0') tensor(0.0938, device='cuda:0')
tensor(0.8141, device='cuda:0') tensor(0.1000, device='cuda:0') tensor(0.0859, device='cuda:0')
tensor(0.8375, device='cuda:0') tensor(0.1000, device='cuda:0') tensor(0.0625, device='cuda:0')
tensor(0.8687, device='cuda:0') tensor(0.1000, device='cuda:0') tensor(0.0312, device='cuda:0')
tensor(0.7906, device='cuda:0') tensor(0.1000, device='cuda:0') tensor(0.1094, device='cuda:0')
tensor(0.8531, device='cuda:0') tensor(0.1000, device='cuda:0') tensor(0.0469, device='cuda:0')
tensor(0.8375, device='cuda:0') tensor(0.1000, device='cuda:0') tensor(0.0625, device='cuda:0')
tensor(0.8687, device='cuda:0') tensor(0.1000, device='cuda:0') tensor(0.0312, device='cuda:0')
tensor(0.8453, device='cuda:0') tensor(0.1000, device='cuda:0') tensor(0.0547, device='cuda:0')
tensor(0.8844, device='cuda:0') tensor(0.1000, device='cuda:0') tensor(0.0156, device='cuda:0')
tensor(0.8609, device='cuda:0') tensor(0.1000, device='cuda:0') tensor(0.0391, device='cuda:0')
tensor(0.8766, device='cuda:0') tensor(0.1000, device='cuda:0') tensor(0.0234, device='cuda:0')
tensor(0.7984, device='cuda:0') tensor(0.1000, device='cuda:0') tensor(0.1016, device='cuda:0')
tensor(0.8687, device='cuda:0') tensor(0.1000, device='cuda:0') tensor(0.0312, device='cuda:0')
tensor(0.8375, device='cuda:0') tensor(0.1000, device='cuda:0') tensor(0.0625, device='cuda:0')
tensor(0.8766, device='cuda:0') tensor(0.1000, device='cuda:0') tensor(0.0234, device='cuda:0')
tensor(0.7437, device='cuda:0') tensor(0.1000, device='cuda:0') tensor(0.1562, device='cuda:0')
time 5.26
error 1334.9088134765625
9 self_attn.q_proj
Quantizing ...
tensor(0.8375, device='cuda:0') tensor(0.1000, device='cuda:0') tensor(0.0625, device='cuda:0')
tensor(0.8531, device='cuda:0') tensor(0.1000, device='cuda:0') tensor(0.0469, device='cuda:0')
tensor(0.8766, device='cuda:0') tensor(0.1000, device='cuda:0') tensor(0.0234, device='cuda:0')
tensor(0.8453, device='cuda:0') tensor(0.1000, device='cuda:0') tensor(0.0547, device='cuda:0')
tensor(0.8687, device='cuda:0') tensor(0.1000, device='cuda:0') tensor(0.0312, device='cuda:0')
tensor(0.8609, device='cuda:0') tensor(0.1000, device='cuda:0') tensor(0.0391, device='cuda:0')
tensor(0.8609, device='cuda:0') tensor(0.1000, device='cuda:0') tensor(0.0391, device='cuda:0')
tensor(0.8453, device='cuda:0') tensor(0.1000, device='cuda:0') tensor(0.0547, device='cuda:0')
tensor(0.8687, device='cuda:0') tensor(0.1000, device='cuda:0') tensor(0.0312, device='cuda:0')
tensor(0.8687, device='cuda:0') tensor(0.1000, device='cuda:0') tensor(0.0312, device='cuda:0')
tensor(0.8609, device='cuda:0') tensor(0.1000, device='cuda:0') tensor(0.0391, device='cuda:0')
tensor(0.8531, device='cuda:0') tensor(0.1000, device='cuda:0') tensor(0.0469, device='cuda:0')
tensor(0.8687, device='cuda:0') tensor(0.1000, device='cuda:0') tensor(0.0312, device='cuda:0')
tensor(0.8609, device='cuda:0') tensor(0.1000, device='cuda:0') tensor(0.0391, device='cuda:0')
tensor(0.8687, device='cuda:0') tensor(0.1000, device='cuda:0') tensor(0.0312, device='cuda:0')
tensor(0.8766, device='cuda:0') tensor(0.1000, device='cuda:0') tensor(0.0234, device='cuda:0')
time 1.40
error 99803.203125
9 self_attn.k_proj
Quantizing ...
tensor(0.8609, device='cuda:0') tensor(0.1000, device='cuda:0') tensor(0.0391, device='cuda:0')
tensor(0.8766, device='cuda:0') tensor(0.1000, device='cuda:0') tensor(0.0234, device='cuda:0')
tensor(0.8453, device='cuda:0') tensor(0.1000, device='cuda:0') tensor(0.0547, device='cuda:0')
tensor(0.8609, device='cuda:0') tensor(0.1000, device='cuda:0') tensor(0.0391, device='cuda:0')
tensor(0.8687, device='cuda:0') tensor(0.1000, device='cuda:0') tensor(0.0312, device='cuda:0')
tensor(0.8766, device='cuda:0') tensor(0.1000, device='cuda:0') tensor(0.0234, device='cuda:0')
tensor(0.8766, device='cuda:0') tensor(0.1000, device='cuda:0') tensor(0.0234, device='cuda:0')
tensor(0.8531, device='cuda:0') tensor(0.1000, device='cuda:0') tensor(0.0469, device='cuda:0')
tensor(0.8687, device='cuda:0') tensor(0.1000, device='cuda:0') tensor(0.0312, device='cuda:0')
tensor(0.8766, device='cuda:0') tensor(0.1000, device='cuda:0') tensor(0.0234, device='cuda:0')
tensor(0.8687, device='cuda:0') tensor(0.1000, device='cuda:0') tensor(0.0312, device='cuda:0')
tensor(0.8687, device='cuda:0') tensor(0.1000, device='cuda:0') tensor(0.0312, device='cuda:0')
tensor(0.8687, device='cuda:0') tensor(0.1000, device='cuda:0') tensor(0.0312, device='cuda:0')
tensor(0.8687, device='cuda:0') tensor(0.1000, device='cuda:0') tensor(0.0312, device='cuda:0')
tensor(0.8609, device='cuda:0') tensor(0.1000, device='cuda:0') tensor(0.0391, device='cuda:0')
tensor(0.8766, device='cuda:0') tensor(0.1000, device='cuda:0') tensor(0.0234, device='cuda:0')
time 1.18
error 41153.3203125
9 self_attn.v_proj
Quantizing ...
tensor(0.7672, device='cuda:0') tensor(0.1000, device='cuda:0') tensor(0.1328, device='cuda:0')
tensor(0.7984, device='cuda:0') tensor(0.1000, device='cuda:0') tensor(0.1016, device='cuda:0')
tensor(0.7359, device='cuda:0') tensor(0.1000, device='cuda:0') tensor(0.1641, device='cuda:0')
tensor(0.7594, device='cuda:0') tensor(0.1000, device='cuda:0') tensor(0.1406, device='cuda:0')
tensor(0.7281, device='cuda:0') tensor(0.1000, device='cuda:0') tensor(0.1719, device='cuda:0')
tensor(0.7906, device='cuda:0') tensor(0.1000, device='cuda:0') tensor(0.1094, device='cuda:0')
tensor(0.6891, device='cuda:0') tensor(0.1000, device='cuda:0') tensor(0.2109, device='cuda:0')
tensor(0.7516, device='cuda:0') tensor(0.1000, device='cuda:0') tensor(0.1484, device='cuda:0')
tensor(0.7437, device='cuda:0') tensor(0.1000, device='cuda:0') tensor(0.1562, device='cuda:0')
tensor(0.7750, device='cuda:0') tensor(0.1000, device='cuda:0') tensor(0.1250, device='cuda:0')
tensor(0.8453, device='cuda:0') tensor(0.1000, device='cuda:0') tensor(0.0547, device='cuda:0')
tensor(0.7750, device='cuda:0') tensor(0.1000, device='cuda:0') tensor(0.1250, device='cuda:0')
tensor(0.7828, device='cuda:0') tensor(0.1000, device='cuda:0') tensor(0.1172, device='cuda:0')
tensor(0.7672, device='cuda:0') tensor(0.1000, device='cuda:0') tensor(0.1328, device='cuda:0')
tensor(0.7984, device='cuda:0') tensor(0.1000, device='cuda:0') tensor(0.1016, device='cuda:0')
tensor(0.8297, device='cuda:0') tensor(0.1000, device='cuda:0') tensor(0.0703, device='cuda:0')
time 1.16
error 6182.818359375
9 self_attn.o_proj
Quantizing ...
tensor(0.5172, device='cuda:0') tensor(0.1000, device='cuda:0') tensor(0.3828, device='cuda:0')
tensor(0.5172, device='cuda:0') tensor(0.1000, device='cuda:0') tensor(0.3828, device='cuda:0')
tensor(0.8062, device='cuda:0') tensor(0.1000, device='cuda:0') tensor(0.0938, device='cuda:0')
tensor(0.8219, device='cuda:0') tensor(0.1000, device='cuda:0') tensor(0.0781, device='cuda:0')
tensor(0.5172, device='cuda:0') tensor(0.1000, device='cuda:0') tensor(0.3828, device='cuda:0')
tensor(0.5172, device='cuda:0') tensor(0.1000, device='cuda:0') tensor(0.3828, device='cuda:0')
tensor(0.6812, device='cuda:0') tensor(0.1000, device='cuda:0') tensor(0.2188, device='cuda:0')
tensor(0.7047, device='cuda:0') tensor(0.1000, device='cuda:0') tensor(0.1953, device='cuda:0')
tensor(0.5172, device='cuda:0') tensor(0.1000, device='cuda:0') tensor(0.3828, device='cuda:0')
tensor(0.5172, device='cuda:0') tensor(0.1000, device='cuda:0') tensor(0.3828, device='cuda:0')
tensor(0.5172, device='cuda:0') tensor(0.1000, device='cuda:0') tensor(0.3828, device='cuda:0')
tensor(0.8687, device='cuda:0') tensor(0.1000, device='cuda:0') tensor(0.0312, device='cuda:0')
tensor(0.8609, device='cuda:0') tensor(0.1000, device='cuda:0') tensor(0.0391, device='cuda:0')
tensor(0.7828, device='cuda:0') tensor(0.1000, device='cuda:0') tensor(0.1172, device='cuda:0')
tensor(0.7906, device='cuda:0') tensor(0.1000, device='cuda:0') tensor(0.1094, device='cuda:0')
tensor(0.7281, device='cuda:0') tensor(0.1000, device='cuda:0') tensor(0.1719, device='cuda:0')
time 1.27
error 1307.1396484375
9 mlp.gate_proj
Quantizing ...
tensor(0.8219, device='cuda:0') tensor(0.1000, device='cuda:0') tensor(0.0781, device='cuda:0')
tensor(0.8297, device='cuda:0') tensor(0.1000, device='cuda:0') tensor(0.0703, device='cuda:0')
tensor(0.8453, device='cuda:0') tensor(0.1000, device='cuda:0') tensor(0.0547, device='cuda:0')
tensor(0.8219, device='cuda:0') tensor(0.1000, device='cuda:0') tensor(0.0781, device='cuda:0')
tensor(0.8531, device='cuda:0') tensor(0.1000, device='cuda:0') tensor(0.0469, device='cuda:0')
tensor(0.8531, device='cuda:0') tensor(0.1000, device='cuda:0') tensor(0.0469, device='cuda:0')
tensor(0.8375, device='cuda:0') tensor(0.1000, device='cuda:0') tensor(0.0625, device='cuda:0')
tensor(0.7672, device='cuda:0') tensor(0.1000, device='cuda:0') tensor(0.1328, device='cuda:0')
tensor(0.8297, device='cuda:0') tensor(0.1000, device='cuda:0') tensor(0.0703, device='cuda:0')
tensor(0.8453, device='cuda:0') tensor(0.1000, device='cuda:0') tensor(0.0547, device='cuda:0')
tensor(0.8219, device='cuda:0') tensor(0.1000, device='cuda:0') tensor(0.0781, device='cuda:0')
tensor(0.8297, device='cuda:0') tensor(0.1000, device='cuda:0') tensor(0.0703, device='cuda:0')
tensor(0.8219, device='cuda:0') tensor(0.1000, device='cuda:0') tensor(0.0781, device='cuda:0')
tensor(0.8297, device='cuda:0') tensor(0.1000, device='cuda:0') tensor(0.0703, device='cuda:0')
tensor(0.7750, device='cuda:0') tensor(0.1000, device='cuda:0') tensor(0.1250, device='cuda:0')
tensor(0.7906, device='cuda:0') tensor(0.1000, device='cuda:0') tensor(0.1094, device='cuda:0')
time 1.74
error 113860.640625
9 mlp.up_proj
Quantizing ...
tensor(0.8219, device='cuda:0') tensor(0.1000, device='cuda:0') tensor(0.0781, device='cuda:0')
tensor(0.8453, device='cuda:0') tensor(0.1000, device='cuda:0') tensor(0.0547, device='cuda:0')
tensor(0.8297, device='cuda:0') tensor(0.1000, device='cuda:0') tensor(0.0703, device='cuda:0')
tensor(0.8531, device='cuda:0') tensor(0.1000, device='cuda:0') tensor(0.0469, device='cuda:0')
tensor(0.8609, device='cuda:0') tensor(0.1000, device='cuda:0') tensor(0.0391, device='cuda:0')
tensor(0.8453, device='cuda:0') tensor(0.1000, device='cuda:0') tensor(0.0547, device='cuda:0')
tensor(0.8375, device='cuda:0') tensor(0.1000, device='cuda:0') tensor(0.0625, device='cuda:0')
tensor(0.7750, device='cuda:0') tensor(0.1000, device='cuda:0') tensor(0.1250, device='cuda:0')
tensor(0.8141, device='cuda:0') tensor(0.1000, device='cuda:0') tensor(0.0859, device='cuda:0')
tensor(0.8219, device='cuda:0') tensor(0.1000, device='cuda:0') tensor(0.0781, device='cuda:0')
tensor(0.8531, device='cuda:0') tensor(0.1000, device='cuda:0') tensor(0.0469, device='cuda:0')
tensor(0.7750, device='cuda:0') tensor(0.1000, device='cuda:0') tensor(0.1250, device='cuda:0')
tensor(0.8375, device='cuda:0') tensor(0.1000, device='cuda:0') tensor(0.0625, device='cuda:0')
tensor(0.8141, device='cuda:0') tensor(0.1000, device='cuda:0') tensor(0.0859, device='cuda:0')
tensor(0.8062, device='cuda:0') tensor(0.1000, device='cuda:0') tensor(0.0938, device='cuda:0')
tensor(0.8531, device='cuda:0') tensor(0.1000, device='cuda:0') tensor(0.0469, device='cuda:0')
time 1.75
error 72273.7421875
9 mlp.down_proj
Quantizing ...
tensor(0.8687, device='cuda:0') tensor(0.1000, device='cuda:0') tensor(0.0312, device='cuda:0')
tensor(0.8609, device='cuda:0') tensor(0.1000, device='cuda:0') tensor(0.0391, device='cuda:0')
tensor(0.8453, device='cuda:0') tensor(0.1000, device='cuda:0') tensor(0.0547, device='cuda:0')
tensor(0.8609, device='cuda:0') tensor(0.1000, device='cuda:0') tensor(0.0391, device='cuda:0')
tensor(0.8766, device='cuda:0') tensor(0.1000, device='cuda:0') tensor(0.0234, device='cuda:0')
tensor(0.8297, device='cuda:0') tensor(0.1000, device='cuda:0') tensor(0.0703, device='cuda:0')
tensor(0.8375, device='cuda:0') tensor(0.1000, device='cuda:0') tensor(0.0625, device='cuda:0')
tensor(0.7594, device='cuda:0') tensor(0.1000, device='cuda:0') tensor(0.1406, device='cuda:0')
tensor(0.8687, device='cuda:0') tensor(0.1000, device='cuda:0') tensor(0.0312, device='cuda:0')
tensor(0.8609, device='cuda:0') tensor(0.1000, device='cuda:0') tensor(0.0391, device='cuda:0')
tensor(0.7984, device='cuda:0') tensor(0.1000, device='cuda:0') tensor(0.1016, device='cuda:0')
tensor(0.8687, device='cuda:0') tensor(0.1000, device='cuda:0') tensor(0.0312, device='cuda:0')
tensor(0.8453, device='cuda:0') tensor(0.1000, device='cuda:0') tensor(0.0547, device='cuda:0')
tensor(0.8609, device='cuda:0') tensor(0.1000, device='cuda:0') tensor(0.0391, device='cuda:0')
tensor(0.8687, device='cuda:0') tensor(0.1000, device='cuda:0') tensor(0.0312, device='cuda:0')
tensor(0.8297, device='cuda:0') tensor(0.1000, device='cuda:0') tensor(0.0703, device='cuda:0')
tensor(0.8687, device='cuda:0') tensor(0.1000, device='cuda:0') tensor(0.0312, device='cuda:0')
tensor(0.8766, device='cuda:0') tensor(0.1000, device='cuda:0') tensor(0.0234, device='cuda:0')
tensor(0.8687, device='cuda:0') tensor(0.1000, device='cuda:0') tensor(0.0312, device='cuda:0')
tensor(0.8687, device='cuda:0') tensor(0.1000, device='cuda:0') tensor(0.0312, device='cuda:0')
tensor(0.8062, device='cuda:0') tensor(0.1000, device='cuda:0') tensor(0.0938, device='cuda:0')
tensor(0.8687, device='cuda:0') tensor(0.1000, device='cuda:0') tensor(0.0312, device='cuda:0')
tensor(0.8531, device='cuda:0') tensor(0.1000, device='cuda:0') tensor(0.0469, device='cuda:0')
tensor(0.8687, device='cuda:0') tensor(0.1000, device='cuda:0') tensor(0.0312, device='cuda:0')
tensor(0.8687, device='cuda:0') tensor(0.1000, device='cuda:0') tensor(0.0312, device='cuda:0')
tensor(0.8609, device='cuda:0') tensor(0.1000, device='cuda:0') tensor(0.0391, device='cuda:0')
tensor(0.8766, device='cuda:0') tensor(0.1000, device='cuda:0') tensor(0.0234, device='cuda:0')
tensor(0.8375, device='cuda:0') tensor(0.1000, device='cuda:0') tensor(0.0625, device='cuda:0')
tensor(0.8687, device='cuda:0') tensor(0.1000, device='cuda:0') tensor(0.0312, device='cuda:0')
tensor(0.8531, device='cuda:0') tensor(0.1000, device='cuda:0') tensor(0.0469, device='cuda:0')
tensor(0.8609, device='cuda:0') tensor(0.1000, device='cuda:0') tensor(0.0391, device='cuda:0')
tensor(0.8297, device='cuda:0') tensor(0.1000, device='cuda:0') tensor(0.0703, device='cuda:0')
tensor(0.8219, device='cuda:0') tensor(0.1000, device='cuda:0') tensor(0.0781, device='cuda:0')
tensor(0.7906, device='cuda:0') tensor(0.1000, device='cuda:0') tensor(0.1094, device='cuda:0')
tensor(0.8687, device='cuda:0') tensor(0.1000, device='cuda:0') tensor(0.0312, device='cuda:0')
tensor(0.8687, device='cuda:0') tensor(0.1000, device='cuda:0') tensor(0.0312, device='cuda:0')
tensor(0.8687, device='cuda:0') tensor(0.1000, device='cuda:0') tensor(0.0312, device='cuda:0')
tensor(0.8453, device='cuda:0') tensor(0.1000, device='cuda:0') tensor(0.0547, device='cuda:0')
tensor(0.8766, device='cuda:0') tensor(0.1000, device='cuda:0') tensor(0.0234, device='cuda:0')
tensor(0.8453, device='cuda:0') tensor(0.1000, device='cuda:0') tensor(0.0547, device='cuda:0')
tensor(0.8687, device='cuda:0') tensor(0.1000, device='cuda:0') tensor(0.0312, device='cuda:0')
tensor(0.8531, device='cuda:0') tensor(0.1000, device='cuda:0') tensor(0.0469, device='cuda:0')
tensor(0.7750, device='cuda:0') tensor(0.1000, device='cuda:0') tensor(0.1250, device='cuda:0')
tensor(0.8219, device='cuda:0') tensor(0.1000, device='cuda:0') tensor(0.0781, device='cuda:0')
tensor(0.7984, device='cuda:0') tensor(0.1000, device='cuda:0') tensor(0.1016, device='cuda:0')
tensor(0.8531, device='cuda:0') tensor(0.1000, device='cuda:0') tensor(0.0469, device='cuda:0')
tensor(0.8687, device='cuda:0') tensor(0.1000, device='cuda:0') tensor(0.0312, device='cuda:0')
tensor(0.8766, device='cuda:0') tensor(0.1000, device='cuda:0') tensor(0.0234, device='cuda:0')
tensor(0.8766, device='cuda:0') tensor(0.1000, device='cuda:0') tensor(0.0234, device='cuda:0')
tensor(0.8531, device='cuda:0') tensor(0.1000, device='cuda:0') tensor(0.0469, device='cuda:0')
tensor(0.8531, device='cuda:0') tensor(0.1000, device='cuda:0') tensor(0.0469, device='cuda:0')
tensor(0.8531, device='cuda:0') tensor(0.1000, device='cuda:0') tensor(0.0469, device='cuda:0')
tensor(0.8375, device='cuda:0') tensor(0.1000, device='cuda:0') tensor(0.0625, device='cuda:0')
tensor(0.8844, device='cuda:0') tensor(0.1000, device='cuda:0') tensor(0.0156, device='cuda:0')
tensor(0.8687, device='cuda:0') tensor(0.1000, device='cuda:0') tensor(0.0312, device='cuda:0')
tensor(0.8609, device='cuda:0') tensor(0.1000, device='cuda:0') tensor(0.0391, device='cuda:0')
tensor(0.8453, device='cuda:0') tensor(0.1000, device='cuda:0') tensor(0.0547, device='cuda:0')
tensor(0.8453, device='cuda:0') tensor(0.1000, device='cuda:0') tensor(0.0547, device='cuda:0')
tensor(0.8766, device='cuda:0') tensor(0.1000, device='cuda:0') tensor(0.0234, device='cuda:0')
tensor(0.8609, device='cuda:0') tensor(0.1000, device='cuda:0') tensor(0.0391, device='cuda:0')
tensor(0.8687, device='cuda:0') tensor(0.1000, device='cuda:0') tensor(0.0312, device='cuda:0')
tensor(0.8375, device='cuda:0') tensor(0.1000, device='cuda:0') tensor(0.0625, device='cuda:0')
tensor(0.8531, device='cuda:0') tensor(0.1000, device='cuda:0') tensor(0.0469, device='cuda:0')
tensor(0.8609, device='cuda:0') tensor(0.1000, device='cuda:0') tensor(0.0391, device='cuda:0')
time 5.22
error 1567.0810546875
10 self_attn.q_proj
Quantizing ...
tensor(0.8687, device='cuda:0') tensor(0.1000, device='cuda:0') tensor(0.0312, device='cuda:0')
tensor(0.8453, device='cuda:0') tensor(0.1000, device='cuda:0') tensor(0.0547, device='cuda:0')
tensor(0.8609, device='cuda:0') tensor(0.1000, device='cuda:0') tensor(0.0391, device='cuda:0')
tensor(0.8453, device='cuda:0') tensor(0.1000, device='cuda:0') tensor(0.0547, device='cuda:0')
tensor(0.8687, device='cuda:0') tensor(0.1000, device='cuda:0') tensor(0.0312, device='cuda:0')
tensor(0.8687, device='cuda:0') tensor(0.1000, device='cuda:0') tensor(0.0312, device='cuda:0')
tensor(0.8531, device='cuda:0') tensor(0.1000, device='cuda:0') tensor(0.0469, device='cuda:0')
tensor(0.8062, device='cuda:0') tensor(0.1000, device='cuda:0') tensor(0.0938, device='cuda:0')
tensor(0.8687, device='cuda:0') tensor(0.1000, device='cuda:0') tensor(0.0312, device='cuda:0')
tensor(0.8609, device='cuda:0') tensor(0.1000, device='cuda:0') tensor(0.0391, device='cuda:0')
tensor(0.8609, device='cuda:0') tensor(0.1000, device='cuda:0') tensor(0.0391, device='cuda:0')
tensor(0.8687, device='cuda:0') tensor(0.1000, device='cuda:0') tensor(0.0312, device='cuda:0')
tensor(0.8687, device='cuda:0') tensor(0.1000, device='cuda:0') tensor(0.0312, device='cuda:0')
tensor(0.8687, device='cuda:0') tensor(0.1000, device='cuda:0') tensor(0.0312, device='cuda:0')
tensor(0.8687, device='cuda:0') tensor(0.1000, device='cuda:0') tensor(0.0312, device='cuda:0')
tensor(0.8766, device='cuda:0') tensor(0.1000, device='cuda:0') tensor(0.0234, device='cuda:0')
time 1.42
error 96101.046875
10 self_attn.k_proj
Quantizing ...
tensor(0.8687, device='cuda:0') tensor(0.1000, device='cuda:0') tensor(0.0312, device='cuda:0')
tensor(0.8766, device='cuda:0') tensor(0.1000, device='cuda:0') tensor(0.0234, device='cuda:0')
tensor(0.8687, device='cuda:0') tensor(0.1000, device='cuda:0') tensor(0.0312, device='cuda:0')
tensor(0.8766, device='cuda:0') tensor(0.1000, device='cuda:0') tensor(0.0234, device='cuda:0')
tensor(0.8687, device='cuda:0') tensor(0.1000, device='cuda:0') tensor(0.0312, device='cuda:0')
tensor(0.8844, device='cuda:0') tensor(0.1000, device='cuda:0') tensor(0.0156, device='cuda:0')
tensor(0.8844, device='cuda:0') tensor(0.1000, device='cuda:0') tensor(0.0156, device='cuda:0')
tensor(0.8531, device='cuda:0') tensor(0.1000, device='cuda:0') tensor(0.0469, device='cuda:0')
tensor(0.8766, device='cuda:0') tensor(0.1000, device='cuda:0') tensor(0.0234, device='cuda:0')
tensor(0.8766, device='cuda:0') tensor(0.1000, device='cuda:0') tensor(0.0234, device='cuda:0')
tensor(0.8766, device='cuda:0') tensor(0.1000, device='cuda:0') tensor(0.0234, device='cuda:0')
tensor(0.8766, device='cuda:0') tensor(0.1000, device='cuda:0') tensor(0.0234, device='cuda:0')
tensor(0.8766, device='cuda:0') tensor(0.1000, device='cuda:0') tensor(0.0234, device='cuda:0')
tensor(0.8687, device='cuda:0') tensor(0.1000, device='cuda:0') tensor(0.0312, device='cuda:0')
tensor(0.8687, device='cuda:0') tensor(0.1000, device='cuda:0') tensor(0.0312, device='cuda:0')
tensor(0.8766, device='cuda:0') tensor(0.1000, device='cuda:0') tensor(0.0234, device='cuda:0')
time 1.24
error 44835.41015625
10 self_attn.v_proj
Quantizing ...
tensor(0.8141, device='cuda:0') tensor(0.1000, device='cuda:0') tensor(0.0859, device='cuda:0')
tensor(0.8453, device='cuda:0') tensor(0.1000, device='cuda:0') tensor(0.0547, device='cuda:0')
tensor(0.8375, device='cuda:0') tensor(0.1000, device='cuda:0') tensor(0.0625, device='cuda:0')
tensor(0.8453, device='cuda:0') tensor(0.1000, device='cuda:0') tensor(0.0547, device='cuda:0')
tensor(0.8531, device='cuda:0') tensor(0.1000, device='cuda:0') tensor(0.0469, device='cuda:0')
tensor(0.8609, device='cuda:0') tensor(0.1000, device='cuda:0') tensor(0.0391, device='cuda:0')
tensor(0.8453, device='cuda:0') tensor(0.1000, device='cuda:0') tensor(0.0547, device='cuda:0')
tensor(0.8141, device='cuda:0') tensor(0.1000, device='cuda:0') tensor(0.0859, device='cuda:0')
tensor(0.8453, device='cuda:0') tensor(0.1000, device='cuda:0') tensor(0.0547, device='cuda:0')
tensor(0.8609, device='cuda:0') tensor(0.1000, device='cuda:0') tensor(0.0391, device='cuda:0')
tensor(0.8531, device='cuda:0') tensor(0.1000, device='cuda:0') tensor(0.0469, device='cuda:0')
tensor(0.8219, device='cuda:0') tensor(0.1000, device='cuda:0') tensor(0.0781, device='cuda:0')
tensor(0.8687, device='cuda:0') tensor(0.1000, device='cuda:0') tensor(0.0312, device='cuda:0')
tensor(0.8453, device='cuda:0') tensor(0.1000, device='cuda:0') tensor(0.0547, device='cuda:0')
tensor(0.7984, device='cuda:0') tensor(0.1000, device='cuda:0') tensor(0.1016, device='cuda:0')
tensor(0.8531, device='cuda:0') tensor(0.1000, device='cuda:0') tensor(0.0469, device='cuda:0')
time 1.35
error 6509.31396484375
10 self_attn.o_proj
Quantizing ...
tensor(0.6890, device='cuda:0') tensor(0.1000, device='cuda:0') tensor(0.2109, device='cuda:0')
tensor(0.5172, device='cuda:0') tensor(0.1000, device='cuda:0') tensor(0.3828, device='cuda:0')
tensor(0.5797, device='cuda:0') tensor(0.1000, device='cuda:0') tensor(0.3203, device='cuda:0')
tensor(0.5172, device='cuda:0') tensor(0.1000, device='cuda:0') tensor(0.3828, device='cuda:0')
tensor(0.5172, device='cuda:0') tensor(0.1000, device='cuda:0') tensor(0.3828, device='cuda:0')
tensor(0.5172, device='cuda:0') tensor(0.1000, device='cuda:0') tensor(0.3828, device='cuda:0')
tensor(0.7672, device='cuda:0') tensor(0.1000, device='cuda:0') tensor(0.1328, device='cuda:0')
tensor(0.6891, device='cuda:0') tensor(0.1000, device='cuda:0') tensor(0.2109, device='cuda:0')
tensor(0.7125, device='cuda:0') tensor(0.1000, device='cuda:0') tensor(0.1875, device='cuda:0')
tensor(0.7672, device='cuda:0') tensor(0.1000, device='cuda:0') tensor(0.1328, device='cuda:0')
tensor(0.8062, device='cuda:0') tensor(0.1000, device='cuda:0') tensor(0.0938, device='cuda:0')
tensor(0.5172, device='cuda:0') tensor(0.1000, device='cuda:0') tensor(0.3828, device='cuda:0')
tensor(0.7437, device='cuda:0') tensor(0.1000, device='cuda:0') tensor(0.1562, device='cuda:0')
tensor(0.8062, device='cuda:0') tensor(0.1000, device='cuda:0') tensor(0.0938, device='cuda:0')
tensor(0.5172, device='cuda:0') tensor(0.1000, device='cuda:0') tensor(0.3828, device='cuda:0')
tensor(0.8453, device='cuda:0') tensor(0.1000, device='cuda:0') tensor(0.0547, device='cuda:0')
time 1.40
error 1205.524658203125
10 mlp.gate_proj
Quantizing ...
tensor(0.8141, device='cuda:0') tensor(0.1000, device='cuda:0') tensor(0.0859, device='cuda:0')
tensor(0.8219, device='cuda:0') tensor(0.1000, device='cuda:0') tensor(0.0781, device='cuda:0')
tensor(0.8375, device='cuda:0') tensor(0.1000, device='cuda:0') tensor(0.0625, device='cuda:0')
tensor(0.8297, device='cuda:0') tensor(0.1000, device='cuda:0') tensor(0.0703, device='cuda:0')
tensor(0.8531, device='cuda:0') tensor(0.1000, device='cuda:0') tensor(0.0469, device='cuda:0')
tensor(0.8219, device='cuda:0') tensor(0.1000, device='cuda:0') tensor(0.0781, device='cuda:0')
tensor(0.8297, device='cuda:0') tensor(0.1000, device='cuda:0') tensor(0.0703, device='cuda:0')
tensor(0.7672, device='cuda:0') tensor(0.1000, device='cuda:0') tensor(0.1328, device='cuda:0')
tensor(0.7906, device='cuda:0') tensor(0.1000, device='cuda:0') tensor(0.1094, device='cuda:0')
tensor(0.8375, device='cuda:0') tensor(0.1000, device='cuda:0') tensor(0.0625, device='cuda:0')
tensor(0.8297, device='cuda:0') tensor(0.1000, device='cuda:0') tensor(0.0703, device='cuda:0')
tensor(0.8375, device='cuda:0') tensor(0.1000, device='cuda:0') tensor(0.0625, device='cuda:0')
tensor(0.8375, device='cuda:0') tensor(0.1000, device='cuda:0') tensor(0.0625, device='cuda:0')
tensor(0.7984, device='cuda:0') tensor(0.1000, device='cuda:0') tensor(0.1016, device='cuda:0')
tensor(0.7984, device='cuda:0') tensor(0.1000, device='cuda:0') tensor(0.1016, device='cuda:0')
tensor(0.8219, device='cuda:0') tensor(0.1000, device='cuda:0') tensor(0.0781, device='cuda:0')
time 1.94
error 138013.890625
10 mlp.up_proj
Quantizing ...
tensor(0.8219, device='cuda:0') tensor(0.1000, device='cuda:0') tensor(0.0781, device='cuda:0')
tensor(0.8531, device='cuda:0') tensor(0.1000, device='cuda:0') tensor(0.0469, device='cuda:0')
tensor(0.8297, device='cuda:0') tensor(0.1000, device='cuda:0') tensor(0.0703, device='cuda:0')
tensor(0.8531, device='cuda:0') tensor(0.1000, device='cuda:0') tensor(0.0469, device='cuda:0')
tensor(0.8609, device='cuda:0') tensor(0.1000, device='cuda:0') tensor(0.0391, device='cuda:0')
tensor(0.8375, device='cuda:0') tensor(0.1000, device='cuda:0') tensor(0.0625, device='cuda:0')
tensor(0.8375, device='cuda:0') tensor(0.1000, device='cuda:0') tensor(0.0625, device='cuda:0')
tensor(0.7828, device='cuda:0') tensor(0.1000, device='cuda:0') tensor(0.1172, device='cuda:0')
tensor(0.8297, device='cuda:0') tensor(0.1000, device='cuda:0') tensor(0.0703, device='cuda:0')
tensor(0.8375, device='cuda:0') tensor(0.1000, device='cuda:0') tensor(0.0625, device='cuda:0')
tensor(0.8531, device='cuda:0') tensor(0.1000, device='cuda:0') tensor(0.0469, device='cuda:0')
tensor(0.8219, device='cuda:0') tensor(0.1000, device='cuda:0') tensor(0.0781, device='cuda:0')
tensor(0.8453, device='cuda:0') tensor(0.1000, device='cuda:0') tensor(0.0547, device='cuda:0')
tensor(0.8375, device='cuda:0') tensor(0.1000, device='cuda:0') tensor(0.0625, device='cuda:0')
tensor(0.8062, device='cuda:0') tensor(0.1000, device='cuda:0') tensor(0.0938, device='cuda:0')
tensor(0.8375, device='cuda:0') tensor(0.1000, device='cuda:0') tensor(0.0625, device='cuda:0')
time 1.93
error 91511.65625
10 mlp.down_proj
Quantizing ...
tensor(0.8765, device='cuda:0') tensor(0.1000, device='cuda:0') tensor(0.0234, device='cuda:0')
tensor(0.8687, device='cuda:0') tensor(0.1000, device='cuda:0') tensor(0.0312, device='cuda:0')
tensor(0.8687, device='cuda:0') tensor(0.1000, device='cuda:0') tensor(0.0312, device='cuda:0')
tensor(0.8687, device='cuda:0') tensor(0.1000, device='cuda:0') tensor(0.0312, device='cuda:0')
tensor(0.7594, device='cuda:0') tensor(0.1000, device='cuda:0') tensor(0.1406, device='cuda:0')
tensor(0.8531, device='cuda:0') tensor(0.1000, device='cuda:0') tensor(0.0469, device='cuda:0')
tensor(0.8375, device='cuda:0') tensor(0.1000, device='cuda:0') tensor(0.0625, device='cuda:0')
tensor(0.8766, device='cuda:0') tensor(0.1000, device='cuda:0') tensor(0.0234, device='cuda:0')
tensor(0.8687, device='cuda:0') tensor(0.1000, device='cuda:0') tensor(0.0312, device='cuda:0')
tensor(0.8766, device='cuda:0') tensor(0.1000, device='cuda:0') tensor(0.0234, device='cuda:0')
tensor(0.8766, device='cuda:0') tensor(0.1000, device='cuda:0') tensor(0.0234, device='cuda:0')
tensor(0.8687, device='cuda:0') tensor(0.1000, device='cuda:0') tensor(0.0312, device='cuda:0')
tensor(0.8609, device='cuda:0') tensor(0.1000, device='cuda:0') tensor(0.0391, device='cuda:0')
tensor(0.8219, device='cuda:0') tensor(0.1000, device='cuda:0') tensor(0.0781, device='cuda:0')
tensor(0.8297, device='cuda:0') tensor(0.1000, device='cuda:0') tensor(0.0703, device='cuda:0')
tensor(0.8297, device='cuda:0') tensor(0.1000, device='cuda:0') tensor(0.0703, device='cuda:0')
tensor(0.8609, device='cuda:0') tensor(0.1000, device='cuda:0') tensor(0.0391, device='cuda:0')
tensor(0.8766, device='cuda:0') tensor(0.1000, device='cuda:0') tensor(0.0234, device='cuda:0')
tensor(0.8453, device='cuda:0') tensor(0.1000, device='cuda:0') tensor(0.0547, device='cuda:0')
tensor(0.8687, device='cuda:0') tensor(0.1000, device='cuda:0') tensor(0.0312, device='cuda:0')
tensor(0.8062, device='cuda:0') tensor(0.1000, device='cuda:0') tensor(0.0938, device='cuda:0')
tensor(0.8609, device='cuda:0') tensor(0.1000, device='cuda:0') tensor(0.0391, device='cuda:0')
tensor(0.8375, device='cuda:0') tensor(0.1000, device='cuda:0') tensor(0.0625, device='cuda:0')
tensor(0.8766, device='cuda:0') tensor(0.1000, device='cuda:0') tensor(0.0234, device='cuda:0')
tensor(0.8531, device='cuda:0') tensor(0.1000, device='cuda:0') tensor(0.0469, device='cuda:0')
tensor(0.8609, device='cuda:0') tensor(0.1000, device='cuda:0') tensor(0.0391, device='cuda:0')
tensor(0.7594, device='cuda:0') tensor(0.1000, device='cuda:0') tensor(0.1406, device='cuda:0')
tensor(0.8297, device='cuda:0') tensor(0.1000, device='cuda:0') tensor(0.0703, device='cuda:0')
tensor(0.8687, device='cuda:0') tensor(0.1000, device='cuda:0') tensor(0.0312, device='cuda:0')
tensor(0.8766, device='cuda:0') tensor(0.1000, device='cuda:0') tensor(0.0234, device='cuda:0')
tensor(0.8766, device='cuda:0') tensor(0.1000, device='cuda:0') tensor(0.0234, device='cuda:0')
tensor(0.8766, device='cuda:0') tensor(0.1000, device='cuda:0') tensor(0.0234, device='cuda:0')
tensor(0.8609, device='cuda:0') tensor(0.1000, device='cuda:0') tensor(0.0391, device='cuda:0')
tensor(0.8219, device='cuda:0') tensor(0.1000, device='cuda:0') tensor(0.0781, device='cuda:0')
tensor(0.8766, device='cuda:0') tensor(0.1000, device='cuda:0') tensor(0.0234, device='cuda:0')
tensor(0.8453, device='cuda:0') tensor(0.1000, device='cuda:0') tensor(0.0547, device='cuda:0')
tensor(0.8687, device='cuda:0') tensor(0.1000, device='cuda:0') tensor(0.0312, device='cuda:0')
tensor(0.8687, device='cuda:0') tensor(0.1000, device='cuda:0') tensor(0.0312, device='cuda:0')
tensor(0.8687, device='cuda:0') tensor(0.1000, device='cuda:0') tensor(0.0312, device='cuda:0')
tensor(0.8375, device='cuda:0') tensor(0.1000, device='cuda:0') tensor(0.0625, device='cuda:0')
tensor(0.8531, device='cuda:0') tensor(0.1000, device='cuda:0') tensor(0.0469, device='cuda:0')
tensor(0.8531, device='cuda:0') tensor(0.1000, device='cuda:0') tensor(0.0469, device='cuda:0')
tensor(0.8687, device='cuda:0') tensor(0.1000, device='cuda:0') tensor(0.0312, device='cuda:0')
tensor(0.8141, device='cuda:0') tensor(0.1000, device='cuda:0') tensor(0.0859, device='cuda:0')
tensor(0.8531, device='cuda:0') tensor(0.1000, device='cuda:0') tensor(0.0469, device='cuda:0')
tensor(0.8375, device='cuda:0') tensor(0.1000, device='cuda:0') tensor(0.0625, device='cuda:0')
tensor(0.8609, device='cuda:0') tensor(0.1000, device='cuda:0') tensor(0.0391, device='cuda:0')
tensor(0.8766, device='cuda:0') tensor(0.1000, device='cuda:0') tensor(0.0234, device='cuda:0')
tensor(0.8766, device='cuda:0') tensor(0.1000, device='cuda:0') tensor(0.0234, device='cuda:0')
tensor(0.8687, device='cuda:0') tensor(0.1000, device='cuda:0') tensor(0.0312, device='cuda:0')
tensor(0.8766, device='cuda:0') tensor(0.1000, device='cuda:0') tensor(0.0234, device='cuda:0')
tensor(0.8609, device='cuda:0') tensor(0.1000, device='cuda:0') tensor(0.0391, device='cuda:0')
tensor(0.8766, device='cuda:0') tensor(0.1000, device='cuda:0') tensor(0.0234, device='cuda:0')
tensor(0.8531, device='cuda:0') tensor(0.1000, device='cuda:0') tensor(0.0469, device='cuda:0')
tensor(0.7281, device='cuda:0') tensor(0.1000, device='cuda:0') tensor(0.1719, device='cuda:0')
tensor(0.8297, device='cuda:0') tensor(0.1000, device='cuda:0') tensor(0.0703, device='cuda:0')
tensor(0.8609, device='cuda:0') tensor(0.1000, device='cuda:0') tensor(0.0391, device='cuda:0')
tensor(0.8375, device='cuda:0') tensor(0.1000, device='cuda:0') tensor(0.0625, device='cuda:0')
tensor(0.8375, device='cuda:0') tensor(0.1000, device='cuda:0') tensor(0.0625, device='cuda:0')
tensor(0.8687, device='cuda:0') tensor(0.1000, device='cuda:0') tensor(0.0312, device='cuda:0')
tensor(0.8687, device='cuda:0') tensor(0.1000, device='cuda:0') tensor(0.0312, device='cuda:0')
tensor(0.8375, device='cuda:0') tensor(0.1000, device='cuda:0') tensor(0.0625, device='cuda:0')
tensor(0.8687, device='cuda:0') tensor(0.1000, device='cuda:0') tensor(0.0312, device='cuda:0')
tensor(0.8609, device='cuda:0') tensor(0.1000, device='cuda:0') tensor(0.0391, device='cuda:0')
time 5.27
error 2201.310546875
11 self_attn.q_proj
Quantizing ...
tensor(0.8687, device='cuda:0') tensor(0.1000, device='cuda:0') tensor(0.0312, device='cuda:0')
tensor(0.8531, device='cuda:0') tensor(0.1000, device='cuda:0') tensor(0.0469, device='cuda:0')
tensor(0.8766, device='cuda:0') tensor(0.1000, device='cuda:0') tensor(0.0234, device='cuda:0')
tensor(0.8453, device='cuda:0') tensor(0.1000, device='cuda:0') tensor(0.0547, device='cuda:0')
tensor(0.8687, device='cuda:0') tensor(0.1000, device='cuda:0') tensor(0.0312, device='cuda:0')
tensor(0.8687, device='cuda:0') tensor(0.1000, device='cuda:0') tensor(0.0312, device='cuda:0')
tensor(0.8609, device='cuda:0') tensor(0.1000, device='cuda:0') tensor(0.0391, device='cuda:0')
tensor(0.8531, device='cuda:0') tensor(0.1000, device='cuda:0') tensor(0.0469, device='cuda:0')
tensor(0.8609, device='cuda:0') tensor(0.1000, device='cuda:0') tensor(0.0391, device='cuda:0')
tensor(0.8609, device='cuda:0') tensor(0.1000, device='cuda:0') tensor(0.0391, device='cuda:0')
tensor(0.8687, device='cuda:0') tensor(0.1000, device='cuda:0') tensor(0.0312, device='cuda:0')
tensor(0.8687, device='cuda:0') tensor(0.1000, device='cuda:0') tensor(0.0312, device='cuda:0')
tensor(0.8766, device='cuda:0') tensor(0.1000, device='cuda:0') tensor(0.0234, device='cuda:0')
tensor(0.8609, device='cuda:0') tensor(0.1000, device='cuda:0') tensor(0.0391, device='cuda:0')
tensor(0.8609, device='cuda:0') tensor(0.1000, device='cuda:0') tensor(0.0391, device='cuda:0')
tensor(0.8766, device='cuda:0') tensor(0.1000, device='cuda:0') tensor(0.0234, device='cuda:0')
time 1.43
error 99648.890625
11 self_attn.k_proj
Quantizing ...
tensor(0.8687, device='cuda:0') tensor(0.1000, device='cuda:0') tensor(0.0312, device='cuda:0')
tensor(0.8766, device='cuda:0') tensor(0.1000, device='cuda:0') tensor(0.0234, device='cuda:0')
tensor(0.8609, device='cuda:0') tensor(0.1000, device='cuda:0') tensor(0.0391, device='cuda:0')
tensor(0.8687, device='cuda:0') tensor(0.1000, device='cuda:0') tensor(0.0312, device='cuda:0')
tensor(0.8687, device='cuda:0') tensor(0.1000, device='cuda:0') tensor(0.0312, device='cuda:0')
tensor(0.8844, device='cuda:0') tensor(0.1000, device='cuda:0') tensor(0.0156, device='cuda:0')
tensor(0.8844, device='cuda:0') tensor(0.1000, device='cuda:0') tensor(0.0156, device='cuda:0')
tensor(0.8609, device='cuda:0') tensor(0.1000, device='cuda:0') tensor(0.0391, device='cuda:0')
tensor(0.8766, device='cuda:0') tensor(0.1000, device='cuda:0') tensor(0.0234, device='cuda:0')
tensor(0.8844, device='cuda:0') tensor(0.1000, device='cuda:0') tensor(0.0156, device='cuda:0')
tensor(0.8766, device='cuda:0') tensor(0.1000, device='cuda:0') tensor(0.0234, device='cuda:0')
tensor(0.8766, device='cuda:0') tensor(0.1000, device='cuda:0') tensor(0.0234, device='cuda:0')
tensor(0.8766, device='cuda:0') tensor(0.1000, device='cuda:0') tensor(0.0234, device='cuda:0')
tensor(0.8687, device='cuda:0') tensor(0.1000, device='cuda:0') tensor(0.0312, device='cuda:0')
tensor(0.8687, device='cuda:0') tensor(0.1000, device='cuda:0') tensor(0.0312, device='cuda:0')
tensor(0.8766, device='cuda:0') tensor(0.1000, device='cuda:0') tensor(0.0234, device='cuda:0')
time 1.23
error 51762.27734375
11 self_attn.v_proj
Quantizing ...
tensor(0.8375, device='cuda:0') tensor(0.1000, device='cuda:0') tensor(0.0625, device='cuda:0')
tensor(0.8531, device='cuda:0') tensor(0.1000, device='cuda:0') tensor(0.0469, device='cuda:0')
tensor(0.8375, device='cuda:0') tensor(0.1000, device='cuda:0') tensor(0.0625, device='cuda:0')
tensor(0.8531, device='cuda:0') tensor(0.1000, device='cuda:0') tensor(0.0469, device='cuda:0')
tensor(0.8609, device='cuda:0') tensor(0.1000, device='cuda:0') tensor(0.0391, device='cuda:0')
tensor(0.8453, device='cuda:0') tensor(0.1000, device='cuda:0') tensor(0.0547, device='cuda:0')
tensor(0.8453, device='cuda:0') tensor(0.1000, device='cuda:0') tensor(0.0547, device='cuda:0')
tensor(0.7750, device='cuda:0') tensor(0.1000, device='cuda:0') tensor(0.1250, device='cuda:0')
tensor(0.8453, device='cuda:0') tensor(0.1000, device='cuda:0') tensor(0.0547, device='cuda:0')
tensor(0.8297, device='cuda:0') tensor(0.1000, device='cuda:0') tensor(0.0703, device='cuda:0')
tensor(0.8297, device='cuda:0') tensor(0.1000, device='cuda:0') tensor(0.0703, device='cuda:0')
tensor(0.8609, device='cuda:0') tensor(0.1000, device='cuda:0') tensor(0.0391, device='cuda:0')
tensor(0.8453, device='cuda:0') tensor(0.1000, device='cuda:0') tensor(0.0547, device='cuda:0')
tensor(0.8453, device='cuda:0') tensor(0.1000, device='cuda:0') tensor(0.0547, device='cuda:0')
tensor(0.8141, device='cuda:0') tensor(0.1000, device='cuda:0') tensor(0.0859, device='cuda:0')
tensor(0.8375, device='cuda:0') tensor(0.1000, device='cuda:0') tensor(0.0625, device='cuda:0')
time 1.20
error 7759.287109375
11 self_attn.o_proj
Quantizing ...
tensor(0.6031, device='cuda:0') tensor(0.1000, device='cuda:0') tensor(0.2969, device='cuda:0')
tensor(0.8844, device='cuda:0') tensor(0.1000, device='cuda:0') tensor(0.0156, device='cuda:0')
tensor(0.5562, device='cuda:0') tensor(0.1000, device='cuda:0') tensor(0.3438, device='cuda:0')
tensor(0.5172, device='cuda:0') tensor(0.1000, device='cuda:0') tensor(0.3828, device='cuda:0')
tensor(0.8766, device='cuda:0') tensor(0.1000, device='cuda:0') tensor(0.0234, device='cuda:0')
tensor(0.6969, device='cuda:0') tensor(0.1000, device='cuda:0') tensor(0.2031, device='cuda:0')
tensor(0.8062, device='cuda:0') tensor(0.1000, device='cuda:0') tensor(0.0938, device='cuda:0')
tensor(0.5172, device='cuda:0') tensor(0.1000, device='cuda:0') tensor(0.3828, device='cuda:0')
tensor(0.5172, device='cuda:0') tensor(0.1000, device='cuda:0') tensor(0.3828, device='cuda:0')
tensor(0.7750, device='cuda:0') tensor(0.1000, device='cuda:0') tensor(0.1250, device='cuda:0')
tensor(0.5172, device='cuda:0') tensor(0.1000, device='cuda:0') tensor(0.3828, device='cuda:0')
tensor(0.5172, device='cuda:0') tensor(0.1000, device='cuda:0') tensor(0.3828, device='cuda:0')
tensor(0.5172, device='cuda:0') tensor(0.1000, device='cuda:0') tensor(0.3828, device='cuda:0')
tensor(0.5172, device='cuda:0') tensor(0.1000, device='cuda:0') tensor(0.3828, device='cuda:0')
tensor(0.8666, device='cuda:0') tensor(0.1100, device='cuda:0') tensor(0.0234, device='cuda:0')
tensor(0.8531, device='cuda:0') tensor(0.1000, device='cuda:0') tensor(0.0469, device='cuda:0')
time 1.27
error 865.6854248046875
11 mlp.gate_proj
Quantizing ...
tensor(0.8219, device='cuda:0') tensor(0.1000, device='cuda:0') tensor(0.0781, device='cuda:0')
tensor(0.8219, device='cuda:0') tensor(0.1000, device='cuda:0') tensor(0.0781, device='cuda:0')
tensor(0.8609, device='cuda:0') tensor(0.1000, device='cuda:0') tensor(0.0391, device='cuda:0')
tensor(0.8531, device='cuda:0') tensor(0.1000, device='cuda:0') tensor(0.0469, device='cuda:0')
tensor(0.8531, device='cuda:0') tensor(0.1000, device='cuda:0') tensor(0.0469, device='cuda:0')
tensor(0.8531, device='cuda:0') tensor(0.1000, device='cuda:0') tensor(0.0469, device='cuda:0')
tensor(0.8141, device='cuda:0') tensor(0.1000, device='cuda:0') tensor(0.0859, device='cuda:0')
tensor(0.7516, device='cuda:0') tensor(0.1000, device='cuda:0') tensor(0.1484, device='cuda:0')
tensor(0.8375, device='cuda:0') tensor(0.1000, device='cuda:0') tensor(0.0625, device='cuda:0')
tensor(0.8297, device='cuda:0') tensor(0.1000, device='cuda:0') tensor(0.0703, device='cuda:0')
tensor(0.8375, device='cuda:0') tensor(0.1000, device='cuda:0') tensor(0.0625, device='cuda:0')
tensor(0.8297, device='cuda:0') tensor(0.1000, device='cuda:0') tensor(0.0703, device='cuda:0')
tensor(0.8453, device='cuda:0') tensor(0.1000, device='cuda:0') tensor(0.0547, device='cuda:0')
tensor(0.8219, device='cuda:0') tensor(0.1000, device='cuda:0') tensor(0.0781, device='cuda:0')
tensor(0.7906, device='cuda:0') tensor(0.1000, device='cuda:0') tensor(0.1094, device='cuda:0')
tensor(0.8297, device='cuda:0') tensor(0.1000, device='cuda:0') tensor(0.0703, device='cuda:0')
time 1.76
error 148610.140625
11 mlp.up_proj
Quantizing ...
tensor(0.8219, device='cuda:0') tensor(0.1000, device='cuda:0') tensor(0.0781, device='cuda:0')
tensor(0.8453, device='cuda:0') tensor(0.1000, device='cuda:0') tensor(0.0547, device='cuda:0')
tensor(0.8219, device='cuda:0') tensor(0.1000, device='cuda:0') tensor(0.0781, device='cuda:0')
tensor(0.8531, device='cuda:0') tensor(0.1000, device='cuda:0') tensor(0.0469, device='cuda:0')
tensor(0.8453, device='cuda:0') tensor(0.1000, device='cuda:0') tensor(0.0547, device='cuda:0')
tensor(0.8453, device='cuda:0') tensor(0.1000, device='cuda:0') tensor(0.0547, device='cuda:0')
tensor(0.8453, device='cuda:0') tensor(0.1000, device='cuda:0') tensor(0.0547, device='cuda:0')
tensor(0.7672, device='cuda:0') tensor(0.1000, device='cuda:0') tensor(0.1328, device='cuda:0')
tensor(0.8297, device='cuda:0') tensor(0.1000, device='cuda:0') tensor(0.0703, device='cuda:0')
tensor(0.8375, device='cuda:0') tensor(0.1000, device='cuda:0') tensor(0.0625, device='cuda:0')
tensor(0.8375, device='cuda:0') tensor(0.1000, device='cuda:0') tensor(0.0625, device='cuda:0')
tensor(0.8297, device='cuda:0') tensor(0.1000, device='cuda:0') tensor(0.0703, device='cuda:0')
tensor(0.8453, device='cuda:0') tensor(0.1000, device='cuda:0') tensor(0.0547, device='cuda:0')
tensor(0.8297, device='cuda:0') tensor(0.1000, device='cuda:0') tensor(0.0703, device='cuda:0')
tensor(0.7906, device='cuda:0') tensor(0.1000, device='cuda:0') tensor(0.1094, device='cuda:0')
tensor(0.8609, device='cuda:0') tensor(0.1000, device='cuda:0') tensor(0.0391, device='cuda:0')
time 1.72
error 98660.109375
11 mlp.down_proj
Quantizing ...
tensor(0.8766, device='cuda:0') tensor(0.1000, device='cuda:0') tensor(0.0234, device='cuda:0')
tensor(0.8687, device='cuda:0') tensor(0.1000, device='cuda:0') tensor(0.0312, device='cuda:0')
tensor(0.8609, device='cuda:0') tensor(0.1000, device='cuda:0') tensor(0.0391, device='cuda:0')
tensor(0.7203, device='cuda:0') tensor(0.1000, device='cuda:0') tensor(0.1797, device='cuda:0')
tensor(0.8609, device='cuda:0') tensor(0.1000, device='cuda:0') tensor(0.0391, device='cuda:0')
tensor(0.8609, device='cuda:0') tensor(0.1000, device='cuda:0') tensor(0.0391, device='cuda:0')
tensor(0.8766, device='cuda:0') tensor(0.1000, device='cuda:0') tensor(0.0234, device='cuda:0')
tensor(0.8375, device='cuda:0') tensor(0.1000, device='cuda:0') tensor(0.0625, device='cuda:0')
tensor(0.8844, device='cuda:0') tensor(0.1000, device='cuda:0') tensor(0.0156, device='cuda:0')
tensor(0.8297, device='cuda:0') tensor(0.1000, device='cuda:0') tensor(0.0703, device='cuda:0')
tensor(0.8531, device='cuda:0') tensor(0.1000, device='cuda:0') tensor(0.0469, device='cuda:0')
tensor(0.8609, device='cuda:0') tensor(0.1000, device='cuda:0') tensor(0.0391, device='cuda:0')
tensor(0.8844, device='cuda:0') tensor(0.1000, device='cuda:0') tensor(0.0156, device='cuda:0')
tensor(0.8687, device='cuda:0') tensor(0.1000, device='cuda:0') tensor(0.0312, device='cuda:0')
tensor(0.8687, device='cuda:0') tensor(0.1000, device='cuda:0') tensor(0.0312, device='cuda:0')
tensor(0.8531, device='cuda:0') tensor(0.1000, device='cuda:0') tensor(0.0469, device='cuda:0')
tensor(0.8453, device='cuda:0') tensor(0.1000, device='cuda:0') tensor(0.0547, device='cuda:0')
tensor(0.8687, device='cuda:0') tensor(0.1000, device='cuda:0') tensor(0.0312, device='cuda:0')
tensor(0.8687, device='cuda:0') tensor(0.1000, device='cuda:0') tensor(0.0312, device='cuda:0')
tensor(0.8219, device='cuda:0') tensor(0.1000, device='cuda:0') tensor(0.0781, device='cuda:0')
tensor(0.8531, device='cuda:0') tensor(0.1000, device='cuda:0') tensor(0.0469, device='cuda:0')
tensor(0.8609, device='cuda:0') tensor(0.1000, device='cuda:0') tensor(0.0391, device='cuda:0')
tensor(0.8609, device='cuda:0') tensor(0.1000, device='cuda:0') tensor(0.0391, device='cuda:0')
tensor(0.8609, device='cuda:0') tensor(0.1000, device='cuda:0') tensor(0.0391, device='cuda:0')
tensor(0.8766, device='cuda:0') tensor(0.1000, device='cuda:0') tensor(0.0234, device='cuda:0')
tensor(0.8766, device='cuda:0') tensor(0.1000, device='cuda:0') tensor(0.0234, device='cuda:0')
tensor(0.8687, device='cuda:0') tensor(0.1000, device='cuda:0') tensor(0.0312, device='cuda:0')
tensor(0.8766, device='cuda:0') tensor(0.1000, device='cuda:0') tensor(0.0234, device='cuda:0')
tensor(0.8062, device='cuda:0') tensor(0.1000, device='cuda:0') tensor(0.0938, device='cuda:0')
tensor(0.8687, device='cuda:0') tensor(0.1000, device='cuda:0') tensor(0.0312, device='cuda:0')
tensor(0.8766, device='cuda:0') tensor(0.1000, device='cuda:0') tensor(0.0234, device='cuda:0')
tensor(0.8687, device='cuda:0') tensor(0.1000, device='cuda:0') tensor(0.0312, device='cuda:0')
tensor(0.8766, device='cuda:0') tensor(0.1000, device='cuda:0') tensor(0.0234, device='cuda:0')
tensor(0.8766, device='cuda:0') tensor(0.1000, device='cuda:0') tensor(0.0234, device='cuda:0')
tensor(0.8687, device='cuda:0') tensor(0.1000, device='cuda:0') tensor(0.0312, device='cuda:0')
tensor(0.8297, device='cuda:0') tensor(0.1000, device='cuda:0') tensor(0.0703, device='cuda:0')
tensor(0.8687, device='cuda:0') tensor(0.1000, device='cuda:0') tensor(0.0312, device='cuda:0')
tensor(0.8766, device='cuda:0') tensor(0.1000, device='cuda:0') tensor(0.0234, device='cuda:0')
tensor(0.8453, device='cuda:0') tensor(0.1000, device='cuda:0') tensor(0.0547, device='cuda:0')
tensor(0.8687, device='cuda:0') tensor(0.1000, device='cuda:0') tensor(0.0312, device='cuda:0')
tensor(0.8531, device='cuda:0') tensor(0.1000, device='cuda:0') tensor(0.0469, device='cuda:0')
tensor(0.8687, device='cuda:0') tensor(0.1000, device='cuda:0') tensor(0.0312, device='cuda:0')
tensor(0.8766, device='cuda:0') tensor(0.1000, device='cuda:0') tensor(0.0234, device='cuda:0')
tensor(0.8687, device='cuda:0') tensor(0.1000, device='cuda:0') tensor(0.0312, device='cuda:0')
tensor(0.8844, device='cuda:0') tensor(0.1000, device='cuda:0') tensor(0.0156, device='cuda:0')
tensor(0.8219, device='cuda:0') tensor(0.1000, device='cuda:0') tensor(0.0781, device='cuda:0')
tensor(0.8453, device='cuda:0') tensor(0.1000, device='cuda:0') tensor(0.0547, device='cuda:0')
tensor(0.8687, device='cuda:0') tensor(0.1000, device='cuda:0') tensor(0.0312, device='cuda:0')
tensor(0.8687, device='cuda:0') tensor(0.1000, device='cuda:0') tensor(0.0312, device='cuda:0')
tensor(0.8219, device='cuda:0') tensor(0.1000, device='cuda:0') tensor(0.0781, device='cuda:0')
tensor(0.8766, device='cuda:0') tensor(0.1000, device='cuda:0') tensor(0.0234, device='cuda:0')
tensor(0.8844, device='cuda:0') tensor(0.1000, device='cuda:0') tensor(0.0156, device='cuda:0')
tensor(0.7984, device='cuda:0') tensor(0.1000, device='cuda:0') tensor(0.1016, device='cuda:0')
tensor(0.7672, device='cuda:0') tensor(0.1000, device='cuda:0') tensor(0.1328, device='cuda:0')
tensor(0.8453, device='cuda:0') tensor(0.1000, device='cuda:0') tensor(0.0547, device='cuda:0')
tensor(0.8531, device='cuda:0') tensor(0.1000, device='cuda:0') tensor(0.0469, device='cuda:0')
tensor(0.8766, device='cuda:0') tensor(0.1000, device='cuda:0') tensor(0.0234, device='cuda:0')
tensor(0.8766, device='cuda:0') tensor(0.1000, device='cuda:0') tensor(0.0234, device='cuda:0')
tensor(0.8609, device='cuda:0') tensor(0.1000, device='cuda:0') tensor(0.0391, device='cuda:0')
tensor(0.8062, device='cuda:0') tensor(0.1000, device='cuda:0') tensor(0.0938, device='cuda:0')
tensor(0.8609, device='cuda:0') tensor(0.1000, device='cuda:0') tensor(0.0391, device='cuda:0')
tensor(0.8453, device='cuda:0') tensor(0.1000, device='cuda:0') tensor(0.0547, device='cuda:0')
tensor(0.8687, device='cuda:0') tensor(0.1000, device='cuda:0') tensor(0.0312, device='cuda:0')
tensor(0.8453, device='cuda:0') tensor(0.1000, device='cuda:0') tensor(0.0547, device='cuda:0')
time 5.24
error 2184.90380859375
12 self_attn.q_proj
Quantizing ...
tensor(0.8609, device='cuda:0') tensor(0.1000, device='cuda:0') tensor(0.0391, device='cuda:0')
tensor(0.8687, device='cuda:0') tensor(0.1000, device='cuda:0') tensor(0.0312, device='cuda:0')
tensor(0.8453, device='cuda:0') tensor(0.1000, device='cuda:0') tensor(0.0547, device='cuda:0')
tensor(0.8453, device='cuda:0') tensor(0.1000, device='cuda:0') tensor(0.0547, device='cuda:0')
tensor(0.8609, device='cuda:0') tensor(0.1000, device='cuda:0') tensor(0.0391, device='cuda:0')
tensor(0.8687, device='cuda:0') tensor(0.1000, device='cuda:0') tensor(0.0312, device='cuda:0')
tensor(0.8687, device='cuda:0') tensor(0.1000, device='cuda:0') tensor(0.0312, device='cuda:0')
tensor(0.8531, device='cuda:0') tensor(0.1000, device='cuda:0') tensor(0.0469, device='cuda:0')
tensor(0.8531, device='cuda:0') tensor(0.1000, device='cuda:0') tensor(0.0469, device='cuda:0')
tensor(0.8687, device='cuda:0') tensor(0.1000, device='cuda:0') tensor(0.0312, device='cuda:0')
tensor(0.8609, device='cuda:0') tensor(0.1000, device='cuda:0') tensor(0.0391, device='cuda:0')
tensor(0.8766, device='cuda:0') tensor(0.1000, device='cuda:0') tensor(0.0234, device='cuda:0')
tensor(0.8687, device='cuda:0') tensor(0.1000, device='cuda:0') tensor(0.0312, device='cuda:0')
tensor(0.8453, device='cuda:0') tensor(0.1000, device='cuda:0') tensor(0.0547, device='cuda:0')
tensor(0.8609, device='cuda:0') tensor(0.1000, device='cuda:0') tensor(0.0391, device='cuda:0')
tensor(0.8766, device='cuda:0') tensor(0.1000, device='cuda:0') tensor(0.0234, device='cuda:0')
time 1.40
error 98660.015625
12 self_attn.k_proj
Quantizing ...
tensor(0.8687, device='cuda:0') tensor(0.1000, device='cuda:0') tensor(0.0312, device='cuda:0')
tensor(0.8766, device='cuda:0') tensor(0.1000, device='cuda:0') tensor(0.0234, device='cuda:0')
tensor(0.8375, device='cuda:0') tensor(0.1000, device='cuda:0') tensor(0.0625, device='cuda:0')
tensor(0.8766, device='cuda:0') tensor(0.1000, device='cuda:0') tensor(0.0234, device='cuda:0')
tensor(0.8609, device='cuda:0') tensor(0.1000, device='cuda:0') tensor(0.0391, device='cuda:0')
tensor(0.8844, device='cuda:0') tensor(0.1000, device='cuda:0') tensor(0.0156, device='cuda:0')
tensor(0.8844, device='cuda:0') tensor(0.1000, device='cuda:0') tensor(0.0156, device='cuda:0')
tensor(0.8219, device='cuda:0') tensor(0.1000, device='cuda:0') tensor(0.0781, device='cuda:0')
tensor(0.8766, device='cuda:0') tensor(0.1000, device='cuda:0') tensor(0.0234, device='cuda:0')
tensor(0.8844, device='cuda:0') tensor(0.1000, device='cuda:0') tensor(0.0156, device='cuda:0')
tensor(0.8766, device='cuda:0') tensor(0.1000, device='cuda:0') tensor(0.0234, device='cuda:0')
tensor(0.8766, device='cuda:0') tensor(0.1000, device='cuda:0') tensor(0.0234, device='cuda:0')
tensor(0.8766, device='cuda:0') tensor(0.1000, device='cuda:0') tensor(0.0234, device='cuda:0')
tensor(0.8531, device='cuda:0') tensor(0.1000, device='cuda:0') tensor(0.0469, device='cuda:0')
tensor(0.8609, device='cuda:0') tensor(0.1000, device='cuda:0') tensor(0.0391, device='cuda:0')
tensor(0.8766, device='cuda:0') tensor(0.1000, device='cuda:0') tensor(0.0234, device='cuda:0')
time 1.17
error 46609.375
12 self_attn.v_proj
Quantizing ...
tensor(0.8219, device='cuda:0') tensor(0.1000, device='cuda:0') tensor(0.0781, device='cuda:0')
tensor(0.8531, device='cuda:0') tensor(0.1000, device='cuda:0') tensor(0.0469, device='cuda:0')
tensor(0.8375, device='cuda:0') tensor(0.1000, device='cuda:0') tensor(0.0625, device='cuda:0')
tensor(0.8375, device='cuda:0') tensor(0.1000, device='cuda:0') tensor(0.0625, device='cuda:0')
tensor(0.8375, device='cuda:0') tensor(0.1000, device='cuda:0') tensor(0.0625, device='cuda:0')
tensor(0.8609, device='cuda:0') tensor(0.1000, device='cuda:0') tensor(0.0391, device='cuda:0')
tensor(0.8297, device='cuda:0') tensor(0.1000, device='cuda:0') tensor(0.0703, device='cuda:0')
tensor(0.8141, device='cuda:0') tensor(0.1000, device='cuda:0') tensor(0.0859, device='cuda:0')
tensor(0.8453, device='cuda:0') tensor(0.1000, device='cuda:0') tensor(0.0547, device='cuda:0')
tensor(0.8375, device='cuda:0') tensor(0.1000, device='cuda:0') tensor(0.0625, device='cuda:0')
tensor(0.8297, device='cuda:0') tensor(0.1000, device='cuda:0') tensor(0.0703, device='cuda:0')
tensor(0.8219, device='cuda:0') tensor(0.1000, device='cuda:0') tensor(0.0781, device='cuda:0')
tensor(0.8609, device='cuda:0') tensor(0.1000, device='cuda:0') tensor(0.0391, device='cuda:0')
tensor(0.8375, device='cuda:0') tensor(0.1000, device='cuda:0') tensor(0.0625, device='cuda:0')
tensor(0.8062, device='cuda:0') tensor(0.1000, device='cuda:0') tensor(0.0938, device='cuda:0')
tensor(0.8453, device='cuda:0') tensor(0.1000, device='cuda:0') tensor(0.0547, device='cuda:0')
time 1.16
error 7290.232421875
12 self_attn.o_proj
Quantizing ...
tensor(0.8766, device='cuda:0') tensor(0.1000, device='cuda:0') tensor(0.0234, device='cuda:0')
tensor(0.6969, device='cuda:0') tensor(0.1000, device='cuda:0') tensor(0.2031, device='cuda:0')
tensor(0.8766, device='cuda:0') tensor(0.1000, device='cuda:0') tensor(0.0234, device='cuda:0')
tensor(0.5797, device='cuda:0') tensor(0.1000, device='cuda:0') tensor(0.3203, device='cuda:0')
tensor(0.7516, device='cuda:0') tensor(0.1000, device='cuda:0') tensor(0.1484, device='cuda:0')
tensor(0.5562, device='cuda:0') tensor(0.1000, device='cuda:0') tensor(0.3438, device='cuda:0')
tensor(0.8453, device='cuda:0') tensor(0.1000, device='cuda:0') tensor(0.0547, device='cuda:0')
tensor(0.7828, device='cuda:0') tensor(0.1000, device='cuda:0') tensor(0.1172, device='cuda:0')
tensor(0.8687, device='cuda:0') tensor(0.1000, device='cuda:0') tensor(0.0312, device='cuda:0')
tensor(0.5172, device='cuda:0') tensor(0.1000, device='cuda:0') tensor(0.3828, device='cuda:0')
tensor(0.8609, device='cuda:0') tensor(0.1000, device='cuda:0') tensor(0.0391, device='cuda:0')
tensor(0.8844, device='cuda:0') tensor(0.1000, device='cuda:0') tensor(0.0156, device='cuda:0')
tensor(0.5250, device='cuda:0') tensor(0.1000, device='cuda:0') tensor(0.3750, device='cuda:0')
tensor(0.5172, device='cuda:0') tensor(0.1000, device='cuda:0') tensor(0.3828, device='cuda:0')
tensor(0.5172, device='cuda:0') tensor(0.1000, device='cuda:0') tensor(0.3828, device='cuda:0')
tensor(0.5172, device='cuda:0') tensor(0.1000, device='cuda:0') tensor(0.3828, device='cuda:0')
time 1.30
error 820.1312255859375
12 mlp.gate_proj
Quantizing ...
tensor(0.8219, device='cuda:0') tensor(0.1000, device='cuda:0') tensor(0.0781, device='cuda:0')
tensor(0.8609, device='cuda:0') tensor(0.1000, device='cuda:0') tensor(0.0391, device='cuda:0')
tensor(0.8375, device='cuda:0') tensor(0.1000, device='cuda:0') tensor(0.0625, device='cuda:0')
tensor(0.8609, device='cuda:0') tensor(0.1000, device='cuda:0') tensor(0.0391, device='cuda:0')
tensor(0.8531, device='cuda:0') tensor(0.1000, device='cuda:0') tensor(0.0469, device='cuda:0')
tensor(0.8531, device='cuda:0') tensor(0.1000, device='cuda:0') tensor(0.0469, device='cuda:0')
tensor(0.8375, device='cuda:0') tensor(0.1000, device='cuda:0') tensor(0.0625, device='cuda:0')
tensor(0.7984, device='cuda:0') tensor(0.1000, device='cuda:0') tensor(0.1016, device='cuda:0')
tensor(0.8219, device='cuda:0') tensor(0.1000, device='cuda:0') tensor(0.0781, device='cuda:0')
tensor(0.8453, device='cuda:0') tensor(0.1000, device='cuda:0') tensor(0.0547, device='cuda:0')
tensor(0.8687, device='cuda:0') tensor(0.1000, device='cuda:0') tensor(0.0312, device='cuda:0')
tensor(0.8375, device='cuda:0') tensor(0.1000, device='cuda:0') tensor(0.0625, device='cuda:0')
tensor(0.8375, device='cuda:0') tensor(0.1000, device='cuda:0') tensor(0.0625, device='cuda:0')
tensor(0.8219, device='cuda:0') tensor(0.1000, device='cuda:0') tensor(0.0781, device='cuda:0')
tensor(0.8141, device='cuda:0') tensor(0.1000, device='cuda:0') tensor(0.0859, device='cuda:0')
tensor(0.8297, device='cuda:0') tensor(0.1000, device='cuda:0') tensor(0.0703, device='cuda:0')
time 1.74
error 155365.125
12 mlp.up_proj
Quantizing ...
tensor(0.8219, device='cuda:0') tensor(0.1000, device='cuda:0') tensor(0.0781, device='cuda:0')
tensor(0.8219, device='cuda:0') tensor(0.1000, device='cuda:0') tensor(0.0781, device='cuda:0')
tensor(0.8219, device='cuda:0') tensor(0.1000, device='cuda:0') tensor(0.0781, device='cuda:0')
tensor(0.8531, device='cuda:0') tensor(0.1000, device='cuda:0') tensor(0.0469, device='cuda:0')
tensor(0.8297, device='cuda:0') tensor(0.1000, device='cuda:0') tensor(0.0703, device='cuda:0')
tensor(0.8531, device='cuda:0') tensor(0.1000, device='cuda:0') tensor(0.0469, device='cuda:0')
tensor(0.8375, device='cuda:0') tensor(0.1000, device='cuda:0') tensor(0.0625, device='cuda:0')
tensor(0.7828, device='cuda:0') tensor(0.1000, device='cuda:0') tensor(0.1172, device='cuda:0')
tensor(0.8219, device='cuda:0') tensor(0.1000, device='cuda:0') tensor(0.0781, device='cuda:0')
tensor(0.8375, device='cuda:0') tensor(0.1000, device='cuda:0') tensor(0.0625, device='cuda:0')
tensor(0.8453, device='cuda:0') tensor(0.1000, device='cuda:0') tensor(0.0547, device='cuda:0')
tensor(0.8375, device='cuda:0') tensor(0.1000, device='cuda:0') tensor(0.0625, device='cuda:0')
tensor(0.8531, device='cuda:0') tensor(0.1000, device='cuda:0') tensor(0.0469, device='cuda:0')
tensor(0.8062, device='cuda:0') tensor(0.1000, device='cuda:0') tensor(0.0938, device='cuda:0')
tensor(0.8219, device='cuda:0') tensor(0.1000, device='cuda:0') tensor(0.0781, device='cuda:0')
tensor(0.8609, device='cuda:0') tensor(0.1000, device='cuda:0') tensor(0.0391, device='cuda:0')
time 1.73
error 107715.6171875
12 mlp.down_proj
Quantizing ...
tensor(0.8297, device='cuda:0') tensor(0.1000, device='cuda:0') tensor(0.0703, device='cuda:0')
tensor(0.8609, device='cuda:0') tensor(0.1000, device='cuda:0') tensor(0.0391, device='cuda:0')
tensor(0.8453, device='cuda:0') tensor(0.1000, device='cuda:0') tensor(0.0547, device='cuda:0')
tensor(0.8375, device='cuda:0') tensor(0.1000, device='cuda:0') tensor(0.0625, device='cuda:0')
tensor(0.8609, device='cuda:0') tensor(0.1000, device='cuda:0') tensor(0.0391, device='cuda:0')
tensor(0.8687, device='cuda:0') tensor(0.1000, device='cuda:0') tensor(0.0312, device='cuda:0')
tensor(0.8687, device='cuda:0') tensor(0.1000, device='cuda:0') tensor(0.0312, device='cuda:0')
tensor(0.8687, device='cuda:0') tensor(0.1000, device='cuda:0') tensor(0.0312, device='cuda:0')
tensor(0.8531, device='cuda:0') tensor(0.1000, device='cuda:0') tensor(0.0469, device='cuda:0')
tensor(0.8375, device='cuda:0') tensor(0.1000, device='cuda:0') tensor(0.0625, device='cuda:0')
tensor(0.8531, device='cuda:0') tensor(0.1000, device='cuda:0') tensor(0.0469, device='cuda:0')
tensor(0.8687, device='cuda:0') tensor(0.1000, device='cuda:0') tensor(0.0312, device='cuda:0')
tensor(0.8844, device='cuda:0') tensor(0.1000, device='cuda:0') tensor(0.0156, device='cuda:0')
tensor(0.8687, device='cuda:0') tensor(0.1000, device='cuda:0') tensor(0.0312, device='cuda:0')
tensor(0.8687, device='cuda:0') tensor(0.1000, device='cuda:0') tensor(0.0312, device='cuda:0')
tensor(0.8766, device='cuda:0') tensor(0.1000, device='cuda:0') tensor(0.0234, device='cuda:0')
tensor(0.8687, device='cuda:0') tensor(0.1000, device='cuda:0') tensor(0.0312, device='cuda:0')
tensor(0.8609, device='cuda:0') tensor(0.1000, device='cuda:0') tensor(0.0391, device='cuda:0')
tensor(0.8453, device='cuda:0') tensor(0.1000, device='cuda:0') tensor(0.0547, device='cuda:0')
tensor(0.8219, device='cuda:0') tensor(0.1000, device='cuda:0') tensor(0.0781, device='cuda:0')
tensor(0.8609, device='cuda:0') tensor(0.1000, device='cuda:0') tensor(0.0391, device='cuda:0')
tensor(0.8766, device='cuda:0') tensor(0.1000, device='cuda:0') tensor(0.0234, device='cuda:0')
tensor(0.8609, device='cuda:0') tensor(0.1000, device='cuda:0') tensor(0.0391, device='cuda:0')
tensor(0.8687, device='cuda:0') tensor(0.1000, device='cuda:0') tensor(0.0312, device='cuda:0')
tensor(0.8531, device='cuda:0') tensor(0.1000, device='cuda:0') tensor(0.0469, device='cuda:0')
tensor(0.8531, device='cuda:0') tensor(0.1000, device='cuda:0') tensor(0.0469, device='cuda:0')
tensor(0.8687, device='cuda:0') tensor(0.1000, device='cuda:0') tensor(0.0312, device='cuda:0')
tensor(0.8687, device='cuda:0') tensor(0.1000, device='cuda:0') tensor(0.0312, device='cuda:0')
tensor(0.8453, device='cuda:0') tensor(0.1000, device='cuda:0') tensor(0.0547, device='cuda:0')
tensor(0.8375, device='cuda:0') tensor(0.1000, device='cuda:0') tensor(0.0625, device='cuda:0')
tensor(0.8297, device='cuda:0') tensor(0.1000, device='cuda:0') tensor(0.0703, device='cuda:0')
tensor(0.8687, device='cuda:0') tensor(0.1000, device='cuda:0') tensor(0.0312, device='cuda:0')
tensor(0.8766, device='cuda:0') tensor(0.1000, device='cuda:0') tensor(0.0234, device='cuda:0')
tensor(0.8687, device='cuda:0') tensor(0.1000, device='cuda:0') tensor(0.0312, device='cuda:0')
tensor(0.8766, device='cuda:0') tensor(0.1000, device='cuda:0') tensor(0.0234, device='cuda:0')
tensor(0.8844, device='cuda:0') tensor(0.1000, device='cuda:0') tensor(0.0156, device='cuda:0')
tensor(0.8453, device='cuda:0') tensor(0.1000, device='cuda:0') tensor(0.0547, device='cuda:0')
tensor(0.8687, device='cuda:0') tensor(0.1000, device='cuda:0') tensor(0.0312, device='cuda:0')
tensor(0.8531, device='cuda:0') tensor(0.1000, device='cuda:0') tensor(0.0469, device='cuda:0')
tensor(0.8766, device='cuda:0') tensor(0.1000, device='cuda:0') tensor(0.0234, device='cuda:0')
tensor(0.8766, device='cuda:0') tensor(0.1000, device='cuda:0') tensor(0.0234, device='cuda:0')
tensor(0.8453, device='cuda:0') tensor(0.1000, device='cuda:0') tensor(0.0547, device='cuda:0')
tensor(0.8609, device='cuda:0') tensor(0.1000, device='cuda:0') tensor(0.0391, device='cuda:0')
tensor(0.8687, device='cuda:0') tensor(0.1000, device='cuda:0') tensor(0.0312, device='cuda:0')
tensor(0.8766, device='cuda:0') tensor(0.1000, device='cuda:0') tensor(0.0234, device='cuda:0')
tensor(0.8531, device='cuda:0') tensor(0.1000, device='cuda:0') tensor(0.0469, device='cuda:0')
tensor(0.8531, device='cuda:0') tensor(0.1000, device='cuda:0') tensor(0.0469, device='cuda:0')
tensor(0.8609, device='cuda:0') tensor(0.1000, device='cuda:0') tensor(0.0391, device='cuda:0')
tensor(0.8141, device='cuda:0') tensor(0.1000, device='cuda:0') tensor(0.0859, device='cuda:0')
tensor(0.7906, device='cuda:0') tensor(0.1000, device='cuda:0') tensor(0.1094, device='cuda:0')
tensor(0.8687, device='cuda:0') tensor(0.1000, device='cuda:0') tensor(0.0312, device='cuda:0')
tensor(0.8687, device='cuda:0') tensor(0.1000, device='cuda:0') tensor(0.0312, device='cuda:0')
tensor(0.8531, device='cuda:0') tensor(0.1000, device='cuda:0') tensor(0.0469, device='cuda:0')
tensor(0.8687, device='cuda:0') tensor(0.1000, device='cuda:0') tensor(0.0312, device='cuda:0')
tensor(0.8609, device='cuda:0') tensor(0.1000, device='cuda:0') tensor(0.0391, device='cuda:0')
tensor(0.8531, device='cuda:0') tensor(0.1000, device='cuda:0') tensor(0.0469, device='cuda:0')
tensor(0.8609, device='cuda:0') tensor(0.1000, device='cuda:0') tensor(0.0391, device='cuda:0')
tensor(0.8219, device='cuda:0') tensor(0.1000, device='cuda:0') tensor(0.0781, device='cuda:0')
tensor(0.8687, device='cuda:0') tensor(0.1000, device='cuda:0') tensor(0.0312, device='cuda:0')
tensor(0.8297, device='cuda:0') tensor(0.1000, device='cuda:0') tensor(0.0703, device='cuda:0')
tensor(0.8687, device='cuda:0') tensor(0.1000, device='cuda:0') tensor(0.0312, device='cuda:0')
tensor(0.8531, device='cuda:0') tensor(0.1000, device='cuda:0') tensor(0.0469, device='cuda:0')
tensor(0.8531, device='cuda:0') tensor(0.1000, device='cuda:0') tensor(0.0469, device='cuda:0')
tensor(0.8687, device='cuda:0') tensor(0.1000, device='cuda:0') tensor(0.0312, device='cuda:0')
time 5.21
error 2602.14453125
13 self_attn.q_proj
Quantizing ...
tensor(0.8687, device='cuda:0') tensor(0.1000, device='cuda:0') tensor(0.0312, device='cuda:0')
tensor(0.8609, device='cuda:0') tensor(0.1000, device='cuda:0') tensor(0.0391, device='cuda:0')
tensor(0.8609, device='cuda:0') tensor(0.1000, device='cuda:0') tensor(0.0391, device='cuda:0')
tensor(0.8375, device='cuda:0') tensor(0.1000, device='cuda:0') tensor(0.0625, device='cuda:0')
tensor(0.8609, device='cuda:0') tensor(0.1000, device='cuda:0') tensor(0.0391, device='cuda:0')
tensor(0.8375, device='cuda:0') tensor(0.1000, device='cuda:0') tensor(0.0625, device='cuda:0')
tensor(0.8062, device='cuda:0') tensor(0.1000, device='cuda:0') tensor(0.0938, device='cuda:0')
tensor(0.8609, device='cuda:0') tensor(0.1000, device='cuda:0') tensor(0.0391, device='cuda:0')
tensor(0.8453, device='cuda:0') tensor(0.1000, device='cuda:0') tensor(0.0547, device='cuda:0')
tensor(0.8687, device='cuda:0') tensor(0.1000, device='cuda:0') tensor(0.0312, device='cuda:0')
tensor(0.8687, device='cuda:0') tensor(0.1000, device='cuda:0') tensor(0.0312, device='cuda:0')
tensor(0.8687, device='cuda:0') tensor(0.1000, device='cuda:0') tensor(0.0312, device='cuda:0')
tensor(0.8687, device='cuda:0') tensor(0.1000, device='cuda:0') tensor(0.0312, device='cuda:0')
tensor(0.8531, device='cuda:0') tensor(0.1000, device='cuda:0') tensor(0.0469, device='cuda:0')
tensor(0.8687, device='cuda:0') tensor(0.1000, device='cuda:0') tensor(0.0312, device='cuda:0')
tensor(0.8766, device='cuda:0') tensor(0.1000, device='cuda:0') tensor(0.0234, device='cuda:0')
time 1.43
error 115227.703125
13 self_attn.k_proj
Quantizing ...
tensor(0.8687, device='cuda:0') tensor(0.1000, device='cuda:0') tensor(0.0312, device='cuda:0')
tensor(0.8766, device='cuda:0') tensor(0.1000, device='cuda:0') tensor(0.0234, device='cuda:0')
tensor(0.8375, device='cuda:0') tensor(0.1000, device='cuda:0') tensor(0.0625, device='cuda:0')
tensor(0.8766, device='cuda:0') tensor(0.1000, device='cuda:0') tensor(0.0234, device='cuda:0')
tensor(0.8609, device='cuda:0') tensor(0.1000, device='cuda:0') tensor(0.0391, device='cuda:0')
tensor(0.8844, device='cuda:0') tensor(0.1000, device='cuda:0') tensor(0.0156, device='cuda:0')
tensor(0.8844, device='cuda:0') tensor(0.1000, device='cuda:0') tensor(0.0156, device='cuda:0')
tensor(0.8609, device='cuda:0') tensor(0.1000, device='cuda:0') tensor(0.0391, device='cuda:0')
tensor(0.8766, device='cuda:0') tensor(0.1000, device='cuda:0') tensor(0.0234, device='cuda:0')
tensor(0.8844, device='cuda:0') tensor(0.1000, device='cuda:0') tensor(0.0156, device='cuda:0')
tensor(0.8766, device='cuda:0') tensor(0.1000, device='cuda:0') tensor(0.0234, device='cuda:0')
tensor(0.8766, device='cuda:0') tensor(0.1000, device='cuda:0') tensor(0.0234, device='cuda:0')
tensor(0.8766, device='cuda:0') tensor(0.1000, device='cuda:0') tensor(0.0234, device='cuda:0')
tensor(0.8609, device='cuda:0') tensor(0.1000, device='cuda:0') tensor(0.0391, device='cuda:0')
tensor(0.8609, device='cuda:0') tensor(0.1000, device='cuda:0') tensor(0.0391, device='cuda:0')
tensor(0.8766, device='cuda:0') tensor(0.1000, device='cuda:0') tensor(0.0234, device='cuda:0')
time 1.20
error 50011.28125
13 self_attn.v_proj
Quantizing ...
tensor(0.8219, device='cuda:0') tensor(0.1000, device='cuda:0') tensor(0.0781, device='cuda:0')
tensor(0.8531, device='cuda:0') tensor(0.1000, device='cuda:0') tensor(0.0469, device='cuda:0')
tensor(0.8375, device='cuda:0') tensor(0.1000, device='cuda:0') tensor(0.0625, device='cuda:0')
tensor(0.8531, device='cuda:0') tensor(0.1000, device='cuda:0') tensor(0.0469, device='cuda:0')
tensor(0.8609, device='cuda:0') tensor(0.1000, device='cuda:0') tensor(0.0391, device='cuda:0')
tensor(0.8687, device='cuda:0') tensor(0.1000, device='cuda:0') tensor(0.0312, device='cuda:0')
tensor(0.8609, device='cuda:0') tensor(0.1000, device='cuda:0') tensor(0.0391, device='cuda:0')
tensor(0.8062, device='cuda:0') tensor(0.1000, device='cuda:0') tensor(0.0938, device='cuda:0')
tensor(0.8609, device='cuda:0') tensor(0.1000, device='cuda:0') tensor(0.0391, device='cuda:0')
tensor(0.8531, device='cuda:0') tensor(0.1000, device='cuda:0') tensor(0.0469, device='cuda:0')
tensor(0.8297, device='cuda:0') tensor(0.1000, device='cuda:0') tensor(0.0703, device='cuda:0')
tensor(0.8375, device='cuda:0') tensor(0.1000, device='cuda:0') tensor(0.0625, device='cuda:0')
tensor(0.8531, device='cuda:0') tensor(0.1000, device='cuda:0') tensor(0.0469, device='cuda:0')
tensor(0.8375, device='cuda:0') tensor(0.1000, device='cuda:0') tensor(0.0625, device='cuda:0')
tensor(0.8062, device='cuda:0') tensor(0.1000, device='cuda:0') tensor(0.0938, device='cuda:0')
tensor(0.8609, device='cuda:0') tensor(0.1000, device='cuda:0') tensor(0.0391, device='cuda:0')
time 1.18
error 19533.96484375
13 self_attn.o_proj
Quantizing ...
tensor(0.5172, device='cuda:0') tensor(0.1000, device='cuda:0') tensor(0.3828, device='cuda:0')
tensor(0.8375, device='cuda:0') tensor(0.1000, device='cuda:0') tensor(0.0625, device='cuda:0')
tensor(0.5172, device='cuda:0') tensor(0.1000, device='cuda:0') tensor(0.3828, device='cuda:0')
tensor(0.8766, device='cuda:0') tensor(0.1000, device='cuda:0') tensor(0.0234, device='cuda:0')
tensor(0.8766, device='cuda:0') tensor(0.1000, device='cuda:0') tensor(0.0234, device='cuda:0')
tensor(0.8453, device='cuda:0') tensor(0.1000, device='cuda:0') tensor(0.0547, device='cuda:0')
tensor(0.5172, device='cuda:0') tensor(0.1000, device='cuda:0') tensor(0.3828, device='cuda:0')
tensor(0.8609, device='cuda:0') tensor(0.1000, device='cuda:0') tensor(0.0391, device='cuda:0')
tensor(0.8531, device='cuda:0') tensor(0.1000, device='cuda:0') tensor(0.0469, device='cuda:0')
tensor(0.5172, device='cuda:0') tensor(0.1000, device='cuda:0') tensor(0.3828, device='cuda:0')
tensor(0.5172, device='cuda:0') tensor(0.1000, device='cuda:0') tensor(0.3828, device='cuda:0')
tensor(0.8062, device='cuda:0') tensor(0.1000, device='cuda:0') tensor(0.0938, device='cuda:0')
tensor(0.8844, device='cuda:0') tensor(0.1000, device='cuda:0') tensor(0.0156, device='cuda:0')
tensor(0.8609, device='cuda:0') tensor(0.1000, device='cuda:0') tensor(0.0391, device='cuda:0')
tensor(0.5719, device='cuda:0') tensor(0.1000, device='cuda:0') tensor(0.3281, device='cuda:0')
tensor(0.8609, device='cuda:0') tensor(0.1000, device='cuda:0') tensor(0.0391, device='cuda:0')
time 1.32
error 1279.88623046875
13 mlp.gate_proj
Quantizing ...
tensor(0.8219, device='cuda:0') tensor(0.1000, device='cuda:0') tensor(0.0781, device='cuda:0')
tensor(0.8297, device='cuda:0') tensor(0.1000, device='cuda:0') tensor(0.0703, device='cuda:0')
tensor(0.8687, device='cuda:0') tensor(0.1000, device='cuda:0') tensor(0.0312, device='cuda:0')
tensor(0.8141, device='cuda:0') tensor(0.1000, device='cuda:0') tensor(0.0859, device='cuda:0')
tensor(0.8609, device='cuda:0') tensor(0.1000, device='cuda:0') tensor(0.0391, device='cuda:0')
tensor(0.8375, device='cuda:0') tensor(0.1000, device='cuda:0') tensor(0.0625, device='cuda:0')
tensor(0.8297, device='cuda:0') tensor(0.1000, device='cuda:0') tensor(0.0703, device='cuda:0')
tensor(0.7750, device='cuda:0') tensor(0.1000, device='cuda:0') tensor(0.1250, device='cuda:0')
tensor(0.8297, device='cuda:0') tensor(0.1000, device='cuda:0') tensor(0.0703, device='cuda:0')
tensor(0.8375, device='cuda:0') tensor(0.1000, device='cuda:0') tensor(0.0625, device='cuda:0')
tensor(0.8375, device='cuda:0') tensor(0.1000, device='cuda:0') tensor(0.0625, device='cuda:0')
tensor(0.8219, device='cuda:0') tensor(0.1000, device='cuda:0') tensor(0.0781, device='cuda:0')
tensor(0.8453, device='cuda:0') tensor(0.1000, device='cuda:0') tensor(0.0547, device='cuda:0')
tensor(0.8219, device='cuda:0') tensor(0.1000, device='cuda:0') tensor(0.0781, device='cuda:0')
tensor(0.7984, device='cuda:0') tensor(0.1000, device='cuda:0') tensor(0.1016, device='cuda:0')
tensor(0.8687, device='cuda:0') tensor(0.1000, device='cuda:0') tensor(0.0312, device='cuda:0')
time 1.78
error 159777.8125
13 mlp.up_proj
Quantizing ...
tensor(0.8453, device='cuda:0') tensor(0.1000, device='cuda:0') tensor(0.0547, device='cuda:0')
tensor(0.8375, device='cuda:0') tensor(0.1000, device='cuda:0') tensor(0.0625, device='cuda:0')
tensor(0.8062, device='cuda:0') tensor(0.1000, device='cuda:0') tensor(0.0938, device='cuda:0')
tensor(0.8453, device='cuda:0') tensor(0.1000, device='cuda:0') tensor(0.0547, device='cuda:0')
tensor(0.8375, device='cuda:0') tensor(0.1000, device='cuda:0') tensor(0.0625, device='cuda:0')
tensor(0.8297, device='cuda:0') tensor(0.1000, device='cuda:0') tensor(0.0703, device='cuda:0')
tensor(0.8453, device='cuda:0') tensor(0.1000, device='cuda:0') tensor(0.0547, device='cuda:0')
tensor(0.7594, device='cuda:0') tensor(0.1000, device='cuda:0') tensor(0.1406, device='cuda:0')
tensor(0.8141, device='cuda:0') tensor(0.1000, device='cuda:0') tensor(0.0859, device='cuda:0')
tensor(0.8453, device='cuda:0') tensor(0.1000, device='cuda:0') tensor(0.0547, device='cuda:0')
tensor(0.8375, device='cuda:0') tensor(0.1000, device='cuda:0') tensor(0.0625, device='cuda:0')
tensor(0.8531, device='cuda:0') tensor(0.1000, device='cuda:0') tensor(0.0469, device='cuda:0')
tensor(0.8609, device='cuda:0') tensor(0.1000, device='cuda:0') tensor(0.0391, device='cuda:0')
tensor(0.8141, device='cuda:0') tensor(0.1000, device='cuda:0') tensor(0.0859, device='cuda:0')
tensor(0.8141, device='cuda:0') tensor(0.1000, device='cuda:0') tensor(0.0859, device='cuda:0')
tensor(0.8844, device='cuda:0') tensor(0.1000, device='cuda:0') tensor(0.0156, device='cuda:0')
time 1.72
error 122672.59375
13 mlp.down_proj
Quantizing ...
tensor(0.8687, device='cuda:0') tensor(0.1000, device='cuda:0') tensor(0.0312, device='cuda:0')
tensor(0.8766, device='cuda:0') tensor(0.1000, device='cuda:0') tensor(0.0234, device='cuda:0')
tensor(0.8453, device='cuda:0') tensor(0.1000, device='cuda:0') tensor(0.0547, device='cuda:0')
tensor(0.8453, device='cuda:0') tensor(0.1000, device='cuda:0') tensor(0.0547, device='cuda:0')
tensor(0.8766, device='cuda:0') tensor(0.1000, device='cuda:0') tensor(0.0234, device='cuda:0')
tensor(0.8766, device='cuda:0') tensor(0.1000, device='cuda:0') tensor(0.0234, device='cuda:0')
tensor(0.8609, device='cuda:0') tensor(0.1000, device='cuda:0') tensor(0.0391, device='cuda:0')
tensor(0.8687, device='cuda:0') tensor(0.1000, device='cuda:0') tensor(0.0312, device='cuda:0')
tensor(0.8844, device='cuda:0') tensor(0.1000, device='cuda:0') tensor(0.0156, device='cuda:0')
tensor(0.8453, device='cuda:0') tensor(0.1000, device='cuda:0') tensor(0.0547, device='cuda:0')
tensor(0.8687, device='cuda:0') tensor(0.1000, device='cuda:0') tensor(0.0312, device='cuda:0')
tensor(0.8375, device='cuda:0') tensor(0.1000, device='cuda:0') tensor(0.0625, device='cuda:0')
tensor(0.8766, device='cuda:0') tensor(0.1000, device='cuda:0') tensor(0.0234, device='cuda:0')
tensor(0.8844, device='cuda:0') tensor(0.1000, device='cuda:0') tensor(0.0156, device='cuda:0')
tensor(0.8531, device='cuda:0') tensor(0.1000, device='cuda:0') tensor(0.0469, device='cuda:0')
tensor(0.8687, device='cuda:0') tensor(0.1000, device='cuda:0') tensor(0.0312, device='cuda:0')
tensor(0.8687, device='cuda:0') tensor(0.1000, device='cuda:0') tensor(0.0312, device='cuda:0')
tensor(0.8609, device='cuda:0') tensor(0.1000, device='cuda:0') tensor(0.0391, device='cuda:0')
tensor(0.8766, device='cuda:0') tensor(0.1000, device='cuda:0') tensor(0.0234, device='cuda:0')
tensor(0.8687, device='cuda:0') tensor(0.1000, device='cuda:0') tensor(0.0312, device='cuda:0')
tensor(0.8687, device='cuda:0') tensor(0.1000, device='cuda:0') tensor(0.0312, device='cuda:0')
tensor(0.8844, device='cuda:0') tensor(0.1000, device='cuda:0') tensor(0.0156, device='cuda:0')
tensor(0.8766, device='cuda:0') tensor(0.1000, device='cuda:0') tensor(0.0234, device='cuda:0')
tensor(0.8687, device='cuda:0') tensor(0.1000, device='cuda:0') tensor(0.0312, device='cuda:0')
tensor(0.8687, device='cuda:0') tensor(0.1000, device='cuda:0') tensor(0.0312, device='cuda:0')
tensor(0.8531, device='cuda:0') tensor(0.1000, device='cuda:0') tensor(0.0469, device='cuda:0')
tensor(0.8766, device='cuda:0') tensor(0.1000, device='cuda:0') tensor(0.0234, device='cuda:0')
tensor(0.8687, device='cuda:0') tensor(0.1000, device='cuda:0') tensor(0.0312, device='cuda:0')
tensor(0.8687, device='cuda:0') tensor(0.1000, device='cuda:0') tensor(0.0312, device='cuda:0')
tensor(0.8609, device='cuda:0') tensor(0.1000, device='cuda:0') tensor(0.0391, device='cuda:0')
tensor(0.8687, device='cuda:0') tensor(0.1000, device='cuda:0') tensor(0.0312, device='cuda:0')
tensor(0.8687, device='cuda:0') tensor(0.1000, device='cuda:0') tensor(0.0312, device='cuda:0')
tensor(0.8531, device='cuda:0') tensor(0.1000, device='cuda:0') tensor(0.0469, device='cuda:0')
tensor(0.8141, device='cuda:0') tensor(0.1000, device='cuda:0') tensor(0.0859, device='cuda:0')
tensor(0.8141, device='cuda:0') tensor(0.1000, device='cuda:0') tensor(0.0859, device='cuda:0')
tensor(0.8687, device='cuda:0') tensor(0.1000, device='cuda:0') tensor(0.0312, device='cuda:0')
tensor(0.8687, device='cuda:0') tensor(0.1000, device='cuda:0') tensor(0.0312, device='cuda:0')
tensor(0.8687, device='cuda:0') tensor(0.1000, device='cuda:0') tensor(0.0312, device='cuda:0')
tensor(0.8453, device='cuda:0') tensor(0.1000, device='cuda:0') tensor(0.0547, device='cuda:0')
tensor(0.8453, device='cuda:0') tensor(0.1000, device='cuda:0') tensor(0.0547, device='cuda:0')
tensor(0.8453, device='cuda:0') tensor(0.1000, device='cuda:0') tensor(0.0547, device='cuda:0')
tensor(0.8687, device='cuda:0') tensor(0.1000, device='cuda:0') tensor(0.0312, device='cuda:0')
tensor(0.8766, device='cuda:0') tensor(0.1000, device='cuda:0') tensor(0.0234, device='cuda:0')
tensor(0.8375, device='cuda:0') tensor(0.1000, device='cuda:0') tensor(0.0625, device='cuda:0')
tensor(0.8609, device='cuda:0') tensor(0.1000, device='cuda:0') tensor(0.0391, device='cuda:0')
tensor(0.8687, device='cuda:0') tensor(0.1000, device='cuda:0') tensor(0.0312, device='cuda:0')
tensor(0.8609, device='cuda:0') tensor(0.1000, device='cuda:0') tensor(0.0391, device='cuda:0')
tensor(0.8531, device='cuda:0') tensor(0.1000, device='cuda:0') tensor(0.0469, device='cuda:0')
tensor(0.8687, device='cuda:0') tensor(0.1000, device='cuda:0') tensor(0.0312, device='cuda:0')
tensor(0.8375, device='cuda:0') tensor(0.1000, device='cuda:0') tensor(0.0625, device='cuda:0')
tensor(0.8844, device='cuda:0') tensor(0.1000, device='cuda:0') tensor(0.0156, device='cuda:0')
tensor(0.8141, device='cuda:0') tensor(0.1000, device='cuda:0') tensor(0.0859, device='cuda:0')
tensor(0.8531, device='cuda:0') tensor(0.1000, device='cuda:0') tensor(0.0469, device='cuda:0')
tensor(0.8766, device='cuda:0') tensor(0.1000, device='cuda:0') tensor(0.0234, device='cuda:0')
tensor(0.8453, device='cuda:0') tensor(0.1000, device='cuda:0') tensor(0.0547, device='cuda:0')
tensor(0.8062, device='cuda:0') tensor(0.1000, device='cuda:0') tensor(0.0938, device='cuda:0')
tensor(0.8609, device='cuda:0') tensor(0.1000, device='cuda:0') tensor(0.0391, device='cuda:0')
tensor(0.8453, device='cuda:0') tensor(0.1000, device='cuda:0') tensor(0.0547, device='cuda:0')
tensor(0.8766, device='cuda:0') tensor(0.1000, device='cuda:0') tensor(0.0234, device='cuda:0')
tensor(0.8766, device='cuda:0') tensor(0.1000, device='cuda:0') tensor(0.0234, device='cuda:0')
tensor(0.7359, device='cuda:0') tensor(0.1000, device='cuda:0') tensor(0.1641, device='cuda:0')
tensor(0.8531, device='cuda:0') tensor(0.1000, device='cuda:0') tensor(0.0469, device='cuda:0')
tensor(0.8453, device='cuda:0') tensor(0.1000, device='cuda:0') tensor(0.0547, device='cuda:0')
tensor(0.8687, device='cuda:0') tensor(0.1000, device='cuda:0') tensor(0.0312, device='cuda:0')
time 5.27
error 3615.16796875
14 self_attn.q_proj
Quantizing ...
tensor(0.8687, device='cuda:0') tensor(0.1000, device='cuda:0') tensor(0.0312, device='cuda:0')
tensor(0.8687, device='cuda:0') tensor(0.1000, device='cuda:0') tensor(0.0312, device='cuda:0')
tensor(0.8687, device='cuda:0') tensor(0.1000, device='cuda:0') tensor(0.0312, device='cuda:0')
tensor(0.8219, device='cuda:0') tensor(0.1000, device='cuda:0') tensor(0.0781, device='cuda:0')
tensor(0.8453, device='cuda:0') tensor(0.1000, device='cuda:0') tensor(0.0547, device='cuda:0')
tensor(0.8297, device='cuda:0') tensor(0.1000, device='cuda:0') tensor(0.0703, device='cuda:0')
tensor(0.8141, device='cuda:0') tensor(0.1000, device='cuda:0') tensor(0.0859, device='cuda:0')
tensor(0.8531, device='cuda:0') tensor(0.1000, device='cuda:0') tensor(0.0469, device='cuda:0')
tensor(0.8453, device='cuda:0') tensor(0.1000, device='cuda:0') tensor(0.0547, device='cuda:0')
tensor(0.8609, device='cuda:0') tensor(0.1000, device='cuda:0') tensor(0.0391, device='cuda:0')
tensor(0.8609, device='cuda:0') tensor(0.1000, device='cuda:0') tensor(0.0391, device='cuda:0')
tensor(0.8687, device='cuda:0') tensor(0.1000, device='cuda:0') tensor(0.0312, device='cuda:0')
tensor(0.8687, device='cuda:0') tensor(0.1000, device='cuda:0') tensor(0.0312, device='cuda:0')
tensor(0.8609, device='cuda:0') tensor(0.1000, device='cuda:0') tensor(0.0391, device='cuda:0')
tensor(0.8531, device='cuda:0') tensor(0.1000, device='cuda:0') tensor(0.0469, device='cuda:0')
tensor(0.8766, device='cuda:0') tensor(0.1000, device='cuda:0') tensor(0.0234, device='cuda:0')
time 1.46
error 105043.78125
14 self_attn.k_proj
Quantizing ...
tensor(0.8687, device='cuda:0') tensor(0.1000, device='cuda:0') tensor(0.0312, device='cuda:0')
tensor(0.8766, device='cuda:0') tensor(0.1000, device='cuda:0') tensor(0.0234, device='cuda:0')
tensor(0.8609, device='cuda:0') tensor(0.1000, device='cuda:0') tensor(0.0391, device='cuda:0')
tensor(0.8766, device='cuda:0') tensor(0.1000, device='cuda:0') tensor(0.0234, device='cuda:0')
tensor(0.8609, device='cuda:0') tensor(0.1000, device='cuda:0') tensor(0.0391, device='cuda:0')
tensor(0.8844, device='cuda:0') tensor(0.1000, device='cuda:0') tensor(0.0156, device='cuda:0')
tensor(0.8844, device='cuda:0') tensor(0.1000, device='cuda:0') tensor(0.0156, device='cuda:0')
tensor(0.8609, device='cuda:0') tensor(0.1000, device='cuda:0') tensor(0.0391, device='cuda:0')
tensor(0.8766, device='cuda:0') tensor(0.1000, device='cuda:0') tensor(0.0234, device='cuda:0')
tensor(0.8844, device='cuda:0') tensor(0.1000, device='cuda:0') tensor(0.0156, device='cuda:0')
tensor(0.8766, device='cuda:0') tensor(0.1000, device='cuda:0') tensor(0.0234, device='cuda:0')
tensor(0.8766, device='cuda:0') tensor(0.1000, device='cuda:0') tensor(0.0234, device='cuda:0')
tensor(0.8766, device='cuda:0') tensor(0.1000, device='cuda:0') tensor(0.0234, device='cuda:0')
tensor(0.8531, device='cuda:0') tensor(0.1000, device='cuda:0') tensor(0.0469, device='cuda:0')
tensor(0.8687, device='cuda:0') tensor(0.1000, device='cuda:0') tensor(0.0312, device='cuda:0')
tensor(0.8766, device='cuda:0') tensor(0.1000, device='cuda:0') tensor(0.0234, device='cuda:0')
time 1.42
error 35969.4765625
14 self_attn.v_proj
Quantizing ...
tensor(0.8297, device='cuda:0') tensor(0.1000, device='cuda:0') tensor(0.0703, device='cuda:0')
tensor(0.8531, device='cuda:0') tensor(0.1000, device='cuda:0') tensor(0.0469, device='cuda:0')
tensor(0.8531, device='cuda:0') tensor(0.1000, device='cuda:0') tensor(0.0469, device='cuda:0')
tensor(0.8531, device='cuda:0') tensor(0.1000, device='cuda:0') tensor(0.0469, device='cuda:0')
tensor(0.8609, device='cuda:0') tensor(0.1000, device='cuda:0') tensor(0.0391, device='cuda:0')
tensor(0.8687, device='cuda:0') tensor(0.1000, device='cuda:0') tensor(0.0312, device='cuda:0')
tensor(0.8531, device='cuda:0') tensor(0.1000, device='cuda:0') tensor(0.0469, device='cuda:0')
tensor(0.8141, device='cuda:0') tensor(0.1000, device='cuda:0') tensor(0.0859, device='cuda:0')
tensor(0.8531, device='cuda:0') tensor(0.1000, device='cuda:0') tensor(0.0469, device='cuda:0')
tensor(0.8531, device='cuda:0') tensor(0.1000, device='cuda:0') tensor(0.0469, device='cuda:0')
tensor(0.8531, device='cuda:0') tensor(0.1000, device='cuda:0') tensor(0.0469, device='cuda:0')
tensor(0.8453, device='cuda:0') tensor(0.1000, device='cuda:0') tensor(0.0547, device='cuda:0')
tensor(0.8531, device='cuda:0') tensor(0.1000, device='cuda:0') tensor(0.0469, device='cuda:0')
tensor(0.8453, device='cuda:0') tensor(0.1000, device='cuda:0') tensor(0.0547, device='cuda:0')
tensor(0.8062, device='cuda:0') tensor(0.1000, device='cuda:0') tensor(0.0938, device='cuda:0')
tensor(0.8531, device='cuda:0') tensor(0.1000, device='cuda:0') tensor(0.0469, device='cuda:0')
time 1.36
error 28204.052734375
14 self_attn.o_proj
Quantizing ...
tensor(0.5172, device='cuda:0') tensor(0.1000, device='cuda:0') tensor(0.3828, device='cuda:0')
tensor(0.5172, device='cuda:0') tensor(0.1000, device='cuda:0') tensor(0.3828, device='cuda:0')
tensor(0.6734, device='cuda:0') tensor(0.1000, device='cuda:0') tensor(0.2266, device='cuda:0')
tensor(0.8453, device='cuda:0') tensor(0.1000, device='cuda:0') tensor(0.0547, device='cuda:0')
tensor(0.8062, device='cuda:0') tensor(0.1000, device='cuda:0') tensor(0.0938, device='cuda:0')
tensor(0.5172, device='cuda:0') tensor(0.1000, device='cuda:0') tensor(0.3828, device='cuda:0')
tensor(0.5172, device='cuda:0') tensor(0.1000, device='cuda:0') tensor(0.3828, device='cuda:0')
tensor(0.5484, device='cuda:0') tensor(0.1000, device='cuda:0') tensor(0.3516, device='cuda:0')
tensor(0.6734, device='cuda:0') tensor(0.1000, device='cuda:0') tensor(0.2266, device='cuda:0')
tensor(0.8141, device='cuda:0') tensor(0.1000, device='cuda:0') tensor(0.0859, device='cuda:0')
tensor(0.5328, device='cuda:0') tensor(0.1000, device='cuda:0') tensor(0.3672, device='cuda:0')
tensor(0.5719, device='cuda:0') tensor(0.1000, device='cuda:0') tensor(0.3281, device='cuda:0')
tensor(0.8766, device='cuda:0') tensor(0.1000, device='cuda:0') tensor(0.0234, device='cuda:0')
tensor(0.8844, device='cuda:0') tensor(0.1000, device='cuda:0') tensor(0.0156, device='cuda:0')
tensor(0.5875, device='cuda:0') tensor(0.1000, device='cuda:0') tensor(0.3125, device='cuda:0')
tensor(0.8453, device='cuda:0') tensor(0.1000, device='cuda:0') tensor(0.0547, device='cuda:0')
time 1.38
error 2642.54833984375
14 mlp.gate_proj
Quantizing ...
tensor(0.8531, device='cuda:0') tensor(0.1000, device='cuda:0') tensor(0.0469, device='cuda:0')
tensor(0.8219, device='cuda:0') tensor(0.1000, device='cuda:0') tensor(0.0781, device='cuda:0')
tensor(0.8062, device='cuda:0') tensor(0.1000, device='cuda:0') tensor(0.0938, device='cuda:0')
tensor(0.8687, device='cuda:0') tensor(0.1000, device='cuda:0') tensor(0.0312, device='cuda:0')
tensor(0.8531, device='cuda:0') tensor(0.1000, device='cuda:0') tensor(0.0469, device='cuda:0')
tensor(0.8766, device='cuda:0') tensor(0.1000, device='cuda:0') tensor(0.0234, device='cuda:0')
tensor(0.8297, device='cuda:0') tensor(0.1000, device='cuda:0') tensor(0.0703, device='cuda:0')
tensor(0.7516, device='cuda:0') tensor(0.1000, device='cuda:0') tensor(0.1484, device='cuda:0')
tensor(0.8375, device='cuda:0') tensor(0.1000, device='cuda:0') tensor(0.0625, device='cuda:0')
tensor(0.8609, device='cuda:0') tensor(0.1000, device='cuda:0') tensor(0.0391, device='cuda:0')
tensor(0.8609, device='cuda:0') tensor(0.1000, device='cuda:0') tensor(0.0391, device='cuda:0')
tensor(0.8453, device='cuda:0') tensor(0.1000, device='cuda:0') tensor(0.0547, device='cuda:0')
tensor(0.8687, device='cuda:0') tensor(0.1000, device='cuda:0') tensor(0.0312, device='cuda:0')
tensor(0.7984, device='cuda:0') tensor(0.1000, device='cuda:0') tensor(0.1016, device='cuda:0')
tensor(0.8609, device='cuda:0') tensor(0.1000, device='cuda:0') tensor(0.0391, device='cuda:0')
tensor(0.8687, device='cuda:0') tensor(0.1000, device='cuda:0') tensor(0.0312, device='cuda:0')
time 1.91
error 188683.703125
14 mlp.up_proj
Quantizing ...
tensor(0.8297, device='cuda:0') tensor(0.1000, device='cuda:0') tensor(0.0703, device='cuda:0')
tensor(0.8297, device='cuda:0') tensor(0.1000, device='cuda:0') tensor(0.0703, device='cuda:0')
tensor(0.7828, device='cuda:0') tensor(0.1000, device='cuda:0') tensor(0.1172, device='cuda:0')
tensor(0.8062, device='cuda:0') tensor(0.1000, device='cuda:0') tensor(0.0938, device='cuda:0')
tensor(0.8141, device='cuda:0') tensor(0.1000, device='cuda:0') tensor(0.0859, device='cuda:0')
tensor(0.8375, device='cuda:0') tensor(0.1000, device='cuda:0') tensor(0.0625, device='cuda:0')
tensor(0.8141, device='cuda:0') tensor(0.1000, device='cuda:0') tensor(0.0859, device='cuda:0')
tensor(0.7203, device='cuda:0') tensor(0.1000, device='cuda:0') tensor(0.1797, device='cuda:0')
tensor(0.8219, device='cuda:0') tensor(0.1000, device='cuda:0') tensor(0.0781, device='cuda:0')
tensor(0.8453, device='cuda:0') tensor(0.1000, device='cuda:0') tensor(0.0547, device='cuda:0')
tensor(0.8453, device='cuda:0') tensor(0.1000, device='cuda:0') tensor(0.0547, device='cuda:0')
tensor(0.8375, device='cuda:0') tensor(0.1000, device='cuda:0') tensor(0.0625, device='cuda:0')
tensor(0.8609, device='cuda:0') tensor(0.1000, device='cuda:0') tensor(0.0391, device='cuda:0')
tensor(0.7594, device='cuda:0') tensor(0.1000, device='cuda:0') tensor(0.1406, device='cuda:0')
tensor(0.7203, device='cuda:0') tensor(0.1000, device='cuda:0') tensor(0.1797, device='cuda:0')
tensor(0.8844, device='cuda:0') tensor(0.1000, device='cuda:0') tensor(0.0156, device='cuda:0')
time 1.86
error 131662.609375
14 mlp.down_proj
Quantizing ...
tensor(0.8765, device='cuda:0') tensor(0.1000, device='cuda:0') tensor(0.0234, device='cuda:0')
tensor(0.8687, device='cuda:0') tensor(0.1000, device='cuda:0') tensor(0.0312, device='cuda:0')
tensor(0.8297, device='cuda:0') tensor(0.1000, device='cuda:0') tensor(0.0703, device='cuda:0')
tensor(0.8766, device='cuda:0') tensor(0.1000, device='cuda:0') tensor(0.0234, device='cuda:0')
tensor(0.8687, device='cuda:0') tensor(0.1000, device='cuda:0') tensor(0.0312, device='cuda:0')
tensor(0.8453, device='cuda:0') tensor(0.1000, device='cuda:0') tensor(0.0547, device='cuda:0')
tensor(0.8531, device='cuda:0') tensor(0.1000, device='cuda:0') tensor(0.0469, device='cuda:0')
tensor(0.8297, device='cuda:0') tensor(0.1000, device='cuda:0') tensor(0.0703, device='cuda:0')
tensor(0.7984, device='cuda:0') tensor(0.1000, device='cuda:0') tensor(0.1016, device='cuda:0')
tensor(0.8141, device='cuda:0') tensor(0.1000, device='cuda:0') tensor(0.0859, device='cuda:0')
tensor(0.8297, device='cuda:0') tensor(0.1000, device='cuda:0') tensor(0.0703, device='cuda:0')
tensor(0.8062, device='cuda:0') tensor(0.1000, device='cuda:0') tensor(0.0938, device='cuda:0')
tensor(0.8687, device='cuda:0') tensor(0.1000, device='cuda:0') tensor(0.0312, device='cuda:0')
tensor(0.8531, device='cuda:0') tensor(0.1000, device='cuda:0') tensor(0.0469, device='cuda:0')
tensor(0.8609, device='cuda:0') tensor(0.1000, device='cuda:0') tensor(0.0391, device='cuda:0')
tensor(0.8844, device='cuda:0') tensor(0.1000, device='cuda:0') tensor(0.0156, device='cuda:0')
tensor(0.8375, device='cuda:0') tensor(0.1000, device='cuda:0') tensor(0.0625, device='cuda:0')
tensor(0.8219, device='cuda:0') tensor(0.1000, device='cuda:0') tensor(0.0781, device='cuda:0')
tensor(0.8687, device='cuda:0') tensor(0.1000, device='cuda:0') tensor(0.0312, device='cuda:0')
tensor(0.8687, device='cuda:0') tensor(0.1000, device='cuda:0') tensor(0.0312, device='cuda:0')
tensor(0.8219, device='cuda:0') tensor(0.1000, device='cuda:0') tensor(0.0781, device='cuda:0')
tensor(0.8219, device='cuda:0') tensor(0.1000, device='cuda:0') tensor(0.0781, device='cuda:0')
tensor(0.8844, device='cuda:0') tensor(0.1000, device='cuda:0') tensor(0.0156, device='cuda:0')
tensor(0.7750, device='cuda:0') tensor(0.1000, device='cuda:0') tensor(0.1250, device='cuda:0')
tensor(0.8453, device='cuda:0') tensor(0.1000, device='cuda:0') tensor(0.0547, device='cuda:0')
tensor(0.8609, device='cuda:0') tensor(0.1000, device='cuda:0') tensor(0.0391, device='cuda:0')
tensor(0.8609, device='cuda:0') tensor(0.1000, device='cuda:0') tensor(0.0391, device='cuda:0')
tensor(0.8687, device='cuda:0') tensor(0.1000, device='cuda:0') tensor(0.0312, device='cuda:0')
tensor(0.8609, device='cuda:0') tensor(0.1000, device='cuda:0') tensor(0.0391, device='cuda:0')
tensor(0.8609, device='cuda:0') tensor(0.1000, device='cuda:0') tensor(0.0391, device='cuda:0')
tensor(0.8609, device='cuda:0') tensor(0.1000, device='cuda:0') tensor(0.0391, device='cuda:0')
tensor(0.8453, device='cuda:0') tensor(0.1000, device='cuda:0') tensor(0.0547, device='cuda:0')
tensor(0.8766, device='cuda:0') tensor(0.1000, device='cuda:0') tensor(0.0234, device='cuda:0')
tensor(0.8687, device='cuda:0') tensor(0.1000, device='cuda:0') tensor(0.0312, device='cuda:0')
tensor(0.8687, device='cuda:0') tensor(0.1000, device='cuda:0') tensor(0.0312, device='cuda:0')
tensor(0.8297, device='cuda:0') tensor(0.1000, device='cuda:0') tensor(0.0703, device='cuda:0')
tensor(0.8687, device='cuda:0') tensor(0.1000, device='cuda:0') tensor(0.0312, device='cuda:0')
tensor(0.8375, device='cuda:0') tensor(0.1000, device='cuda:0') tensor(0.0625, device='cuda:0')
tensor(0.8531, device='cuda:0') tensor(0.1000, device='cuda:0') tensor(0.0469, device='cuda:0')
tensor(0.8453, device='cuda:0') tensor(0.1000, device='cuda:0') tensor(0.0547, device='cuda:0')
tensor(0.8687, device='cuda:0') tensor(0.1000, device='cuda:0') tensor(0.0312, device='cuda:0')
tensor(0.8375, device='cuda:0') tensor(0.1000, device='cuda:0') tensor(0.0625, device='cuda:0')
tensor(0.8766, device='cuda:0') tensor(0.1000, device='cuda:0') tensor(0.0234, device='cuda:0')
tensor(0.8531, device='cuda:0') tensor(0.1000, device='cuda:0') tensor(0.0469, device='cuda:0')
tensor(0.8297, device='cuda:0') tensor(0.1000, device='cuda:0') tensor(0.0703, device='cuda:0')
tensor(0.8531, device='cuda:0') tensor(0.1000, device='cuda:0') tensor(0.0469, device='cuda:0')
tensor(0.8844, device='cuda:0') tensor(0.1000, device='cuda:0') tensor(0.0156, device='cuda:0')
tensor(0.8609, device='cuda:0') tensor(0.1000, device='cuda:0') tensor(0.0391, device='cuda:0')
tensor(0.8766, device='cuda:0') tensor(0.1000, device='cuda:0') tensor(0.0234, device='cuda:0')
tensor(0.8687, device='cuda:0') tensor(0.1000, device='cuda:0') tensor(0.0312, device='cuda:0')
tensor(0.8766, device='cuda:0') tensor(0.1000, device='cuda:0') tensor(0.0234, device='cuda:0')
tensor(0.8531, device='cuda:0') tensor(0.1000, device='cuda:0') tensor(0.0469, device='cuda:0')
tensor(0.8687, device='cuda:0') tensor(0.1000, device='cuda:0') tensor(0.0312, device='cuda:0')
tensor(0.8766, device='cuda:0') tensor(0.1000, device='cuda:0') tensor(0.0234, device='cuda:0')
tensor(0.8687, device='cuda:0') tensor(0.1000, device='cuda:0') tensor(0.0312, device='cuda:0')
tensor(0.8844, device='cuda:0') tensor(0.1000, device='cuda:0') tensor(0.0156, device='cuda:0')
tensor(0.8375, device='cuda:0') tensor(0.1000, device='cuda:0') tensor(0.0625, device='cuda:0')
tensor(0.8844, device='cuda:0') tensor(0.1000, device='cuda:0') tensor(0.0156, device='cuda:0')
tensor(0.8687, device='cuda:0') tensor(0.1000, device='cuda:0') tensor(0.0312, device='cuda:0')
tensor(0.8297, device='cuda:0') tensor(0.1000, device='cuda:0') tensor(0.0703, device='cuda:0')
tensor(0.8531, device='cuda:0') tensor(0.1000, device='cuda:0') tensor(0.0469, device='cuda:0')
tensor(0.8219, device='cuda:0') tensor(0.1000, device='cuda:0') tensor(0.0781, device='cuda:0')
tensor(0.8844, device='cuda:0') tensor(0.1000, device='cuda:0') tensor(0.0156, device='cuda:0')
tensor(0.8687, device='cuda:0') tensor(0.1000, device='cuda:0') tensor(0.0312, device='cuda:0')
time 5.71
error 5056.73828125
15 self_attn.q_proj
Quantizing ...
tensor(0.8687, device='cuda:0') tensor(0.1000, device='cuda:0') tensor(0.0312, device='cuda:0')
tensor(0.8687, device='cuda:0') tensor(0.1000, device='cuda:0') tensor(0.0312, device='cuda:0')
tensor(0.8531, device='cuda:0') tensor(0.1000, device='cuda:0') tensor(0.0469, device='cuda:0')
tensor(0.8297, device='cuda:0') tensor(0.1000, device='cuda:0') tensor(0.0703, device='cuda:0')
tensor(0.8531, device='cuda:0') tensor(0.1000, device='cuda:0') tensor(0.0469, device='cuda:0')
tensor(0.8375, device='cuda:0') tensor(0.1000, device='cuda:0') tensor(0.0625, device='cuda:0')
tensor(0.7906, device='cuda:0') tensor(0.1000, device='cuda:0') tensor(0.1094, device='cuda:0')
tensor(0.8609, device='cuda:0') tensor(0.1000, device='cuda:0') tensor(0.0391, device='cuda:0')
tensor(0.8531, device='cuda:0') tensor(0.1000, device='cuda:0') tensor(0.0469, device='cuda:0')
tensor(0.8453, device='cuda:0') tensor(0.1000, device='cuda:0') tensor(0.0547, device='cuda:0')
tensor(0.8609, device='cuda:0') tensor(0.1000, device='cuda:0') tensor(0.0391, device='cuda:0')
tensor(0.8453, device='cuda:0') tensor(0.1000, device='cuda:0') tensor(0.0547, device='cuda:0')
tensor(0.8687, device='cuda:0') tensor(0.1000, device='cuda:0') tensor(0.0312, device='cuda:0')
tensor(0.8531, device='cuda:0') tensor(0.1000, device='cuda:0') tensor(0.0469, device='cuda:0')
tensor(0.8687, device='cuda:0') tensor(0.1000, device='cuda:0') tensor(0.0312, device='cuda:0')
tensor(0.8766, device='cuda:0') tensor(0.1000, device='cuda:0') tensor(0.0234, device='cuda:0')
time 1.62
error 93384.0234375
15 self_attn.k_proj
Quantizing ...
tensor(0.8687, device='cuda:0') tensor(0.1000, device='cuda:0') tensor(0.0312, device='cuda:0')
tensor(0.8766, device='cuda:0') tensor(0.1000, device='cuda:0') tensor(0.0234, device='cuda:0')
tensor(0.8531, device='cuda:0') tensor(0.1000, device='cuda:0') tensor(0.0469, device='cuda:0')
tensor(0.8766, device='cuda:0') tensor(0.1000, device='cuda:0') tensor(0.0234, device='cuda:0')
tensor(0.8609, device='cuda:0') tensor(0.1000, device='cuda:0') tensor(0.0391, device='cuda:0')
tensor(0.8766, device='cuda:0') tensor(0.1000, device='cuda:0') tensor(0.0234, device='cuda:0')
tensor(0.8766, device='cuda:0') tensor(0.1000, device='cuda:0') tensor(0.0234, device='cuda:0')
tensor(0.7984, device='cuda:0') tensor(0.1000, device='cuda:0') tensor(0.1016, device='cuda:0')
tensor(0.8687, device='cuda:0') tensor(0.1000, device='cuda:0') tensor(0.0312, device='cuda:0')
tensor(0.8766, device='cuda:0') tensor(0.1000, device='cuda:0') tensor(0.0234, device='cuda:0')
tensor(0.8766, device='cuda:0') tensor(0.1000, device='cuda:0') tensor(0.0234, device='cuda:0')
tensor(0.8766, device='cuda:0') tensor(0.1000, device='cuda:0') tensor(0.0234, device='cuda:0')
tensor(0.8766, device='cuda:0') tensor(0.1000, device='cuda:0') tensor(0.0234, device='cuda:0')
tensor(0.8375, device='cuda:0') tensor(0.1000, device='cuda:0') tensor(0.0625, device='cuda:0')
tensor(0.8609, device='cuda:0') tensor(0.1000, device='cuda:0') tensor(0.0391, device='cuda:0')
tensor(0.8766, device='cuda:0') tensor(0.1000, device='cuda:0') tensor(0.0234, device='cuda:0')
time 1.23
error 37118.28125
15 self_attn.v_proj
Quantizing ...
tensor(0.8297, device='cuda:0') tensor(0.1000, device='cuda:0') tensor(0.0703, device='cuda:0')
tensor(0.8453, device='cuda:0') tensor(0.1000, device='cuda:0') tensor(0.0547, device='cuda:0')
tensor(0.8531, device='cuda:0') tensor(0.1000, device='cuda:0') tensor(0.0469, device='cuda:0')
tensor(0.8297, device='cuda:0') tensor(0.1000, device='cuda:0') tensor(0.0703, device='cuda:0')
tensor(0.8609, device='cuda:0') tensor(0.1000, device='cuda:0') tensor(0.0391, device='cuda:0')
tensor(0.8687, device='cuda:0') tensor(0.1000, device='cuda:0') tensor(0.0312, device='cuda:0')
tensor(0.8687, device='cuda:0') tensor(0.1000, device='cuda:0') tensor(0.0312, device='cuda:0')
tensor(0.8141, device='cuda:0') tensor(0.1000, device='cuda:0') tensor(0.0859, device='cuda:0')
tensor(0.8219, device='cuda:0') tensor(0.1000, device='cuda:0') tensor(0.0781, device='cuda:0')
tensor(0.8609, device='cuda:0') tensor(0.1000, device='cuda:0') tensor(0.0391, device='cuda:0')
tensor(0.8141, device='cuda:0') tensor(0.1000, device='cuda:0') tensor(0.0859, device='cuda:0')
tensor(0.8453, device='cuda:0') tensor(0.1000, device='cuda:0') tensor(0.0547, device='cuda:0')
tensor(0.8453, device='cuda:0') tensor(0.1000, device='cuda:0') tensor(0.0547, device='cuda:0')
tensor(0.8453, device='cuda:0') tensor(0.1000, device='cuda:0') tensor(0.0547, device='cuda:0')
tensor(0.7984, device='cuda:0') tensor(0.1000, device='cuda:0') tensor(0.1016, device='cuda:0')
tensor(0.8531, device='cuda:0') tensor(0.1000, device='cuda:0') tensor(0.0469, device='cuda:0')
time 1.16
error 19718.84375
15 self_attn.o_proj
Quantizing ...
tensor(0.7125, device='cuda:0') tensor(0.1000, device='cuda:0') tensor(0.1875, device='cuda:0')
tensor(0.5172, device='cuda:0') tensor(0.1000, device='cuda:0') tensor(0.3828, device='cuda:0')
tensor(0.5172, device='cuda:0') tensor(0.1000, device='cuda:0') tensor(0.3828, device='cuda:0')
tensor(0.7906, device='cuda:0') tensor(0.1000, device='cuda:0') tensor(0.1094, device='cuda:0')
tensor(0.8766, device='cuda:0') tensor(0.1000, device='cuda:0') tensor(0.0234, device='cuda:0')
tensor(0.5328, device='cuda:0') tensor(0.1000, device='cuda:0') tensor(0.3672, device='cuda:0')
tensor(0.6187, device='cuda:0') tensor(0.1000, device='cuda:0') tensor(0.2812, device='cuda:0')
tensor(0.8141, device='cuda:0') tensor(0.1000, device='cuda:0') tensor(0.0859, device='cuda:0')
tensor(0.7359, device='cuda:0') tensor(0.1000, device='cuda:0') tensor(0.1641, device='cuda:0')
tensor(0.8297, device='cuda:0') tensor(0.1000, device='cuda:0') tensor(0.0703, device='cuda:0')
tensor(0.5172, device='cuda:0') tensor(0.1000, device='cuda:0') tensor(0.3828, device='cuda:0')
tensor(0.5172, device='cuda:0') tensor(0.1000, device='cuda:0') tensor(0.3828, device='cuda:0')
tensor(0.7906, device='cuda:0') tensor(0.1000, device='cuda:0') tensor(0.1094, device='cuda:0')
tensor(0.8687, device='cuda:0') tensor(0.1000, device='cuda:0') tensor(0.0312, device='cuda:0')
tensor(0.5172, device='cuda:0') tensor(0.1000, device='cuda:0') tensor(0.3828, device='cuda:0')
tensor(0.8062, device='cuda:0') tensor(0.1000, device='cuda:0') tensor(0.0938, device='cuda:0')
time 1.42
error 8739.091796875
15 mlp.gate_proj
Quantizing ...
tensor(0.7750, device='cuda:0') tensor(0.1000, device='cuda:0') tensor(0.1250, device='cuda:0')
tensor(0.6344, device='cuda:0') tensor(0.1000, device='cuda:0') tensor(0.2656, device='cuda:0')
tensor(0.8609, device='cuda:0') tensor(0.1000, device='cuda:0') tensor(0.0391, device='cuda:0')
tensor(0.7203, device='cuda:0') tensor(0.1000, device='cuda:0') tensor(0.1797, device='cuda:0')
tensor(0.7437, device='cuda:0') tensor(0.1000, device='cuda:0') tensor(0.1562, device='cuda:0')
tensor(0.7984, device='cuda:0') tensor(0.1000, device='cuda:0') tensor(0.1016, device='cuda:0')
tensor(0.5484, device='cuda:0') tensor(0.1000, device='cuda:0') tensor(0.3516, device='cuda:0')
tensor(0.6422, device='cuda:0') tensor(0.1000, device='cuda:0') tensor(0.2578, device='cuda:0')
tensor(0.7906, device='cuda:0') tensor(0.1000, device='cuda:0') tensor(0.1094, device='cuda:0')
tensor(0.5172, device='cuda:0') tensor(0.1000, device='cuda:0') tensor(0.3828, device='cuda:0')
tensor(0.8531, device='cuda:0') tensor(0.1000, device='cuda:0') tensor(0.0469, device='cuda:0')
tensor(0.6969, device='cuda:0') tensor(0.1000, device='cuda:0') tensor(0.2031, device='cuda:0')
tensor(0.7984, device='cuda:0') tensor(0.1000, device='cuda:0') tensor(0.1016, device='cuda:0')
tensor(0.7359, device='cuda:0') tensor(0.1000, device='cuda:0') tensor(0.1641, device='cuda:0')
tensor(0.7594, device='cuda:0') tensor(0.1000, device='cuda:0') tensor(0.1406, device='cuda:0')
tensor(0.6734, device='cuda:0') Token indices sequence length is longer than the specified maximum sequence length for this model (2458791 > 131072). Running this sequence through the model will result in indexing errors
Token indices sequence length is longer than the specified maximum sequence length for this model (1061072 > 131072). Running this sequence through the model will result in indexing errors
tensor(0.1000, device='cuda:0') tensor(0.2266, device='cuda:0')
time 1.87
error 195575.84375
15 mlp.up_proj
Quantizing ...
tensor(0.7750, device='cuda:0') tensor(0.1000, device='cuda:0') tensor(0.1250, device='cuda:0')
tensor(0.5719, device='cuda:0') tensor(0.1000, device='cuda:0') tensor(0.3281, device='cuda:0')
tensor(0.7125, device='cuda:0') tensor(0.1000, device='cuda:0') tensor(0.1875, device='cuda:0')
tensor(0.7594, device='cuda:0') tensor(0.1000, device='cuda:0') tensor(0.1406, device='cuda:0')
tensor(0.6969, device='cuda:0') tensor(0.1000, device='cuda:0') tensor(0.2031, device='cuda:0')
tensor(0.8453, device='cuda:0') tensor(0.1000, device='cuda:0') tensor(0.0547, device='cuda:0')
tensor(0.6500, device='cuda:0') tensor(0.1000, device='cuda:0') tensor(0.2500, device='cuda:0')
tensor(0.7750, device='cuda:0') tensor(0.1000, device='cuda:0') tensor(0.1250, device='cuda:0')
tensor(0.5562, device='cuda:0') tensor(0.1000, device='cuda:0') tensor(0.3438, device='cuda:0')
tensor(0.5172, device='cuda:0') tensor(0.1000, device='cuda:0') tensor(0.3828, device='cuda:0')
tensor(0.8297, device='cuda:0') tensor(0.1000, device='cuda:0') tensor(0.0703, device='cuda:0')
tensor(0.8297, device='cuda:0') tensor(0.1000, device='cuda:0') tensor(0.0703, device='cuda:0')
tensor(0.8219, device='cuda:0') tensor(0.1000, device='cuda:0') tensor(0.0781, device='cuda:0')
tensor(0.7359, device='cuda:0') tensor(0.1000, device='cuda:0') tensor(0.1641, device='cuda:0')
tensor(0.5484, device='cuda:0') tensor(0.1000, device='cuda:0') tensor(0.3516, device='cuda:0')
tensor(0.8687, device='cuda:0') tensor(0.1000, device='cuda:0') tensor(0.0312, device='cuda:0')
time 1.94
error 149989.3125
15 mlp.down_proj
Quantizing ...
tensor(0.8766, device='cuda:0') tensor(0.1000, device='cuda:0') tensor(0.0234, device='cuda:0')
tensor(0.8375, device='cuda:0') tensor(0.1000, device='cuda:0') tensor(0.0625, device='cuda:0')
tensor(0.8687, device='cuda:0') tensor(0.1000, device='cuda:0') tensor(0.0312, device='cuda:0')
tensor(0.8766, device='cuda:0') tensor(0.1000, device='cuda:0') tensor(0.0234, device='cuda:0')
tensor(0.8609, device='cuda:0') tensor(0.1000, device='cuda:0') tensor(0.0391, device='cuda:0')
tensor(0.8844, device='cuda:0') tensor(0.1000, device='cuda:0') tensor(0.0156, device='cuda:0')
tensor(0.8766, device='cuda:0') tensor(0.1000, device='cuda:0') tensor(0.0234, device='cuda:0')
tensor(0.8609, device='cuda:0') tensor(0.1000, device='cuda:0') tensor(0.0391, device='cuda:0')
tensor(0.8453, device='cuda:0') tensor(0.1000, device='cuda:0') tensor(0.0547, device='cuda:0')
tensor(0.8766, device='cuda:0') tensor(0.1000, device='cuda:0') tensor(0.0234, device='cuda:0')
tensor(0.8766, device='cuda:0') tensor(0.1000, device='cuda:0') tensor(0.0234, device='cuda:0')
tensor(0.8609, device='cuda:0') tensor(0.1000, device='cuda:0') tensor(0.0391, device='cuda:0')
tensor(0.8687, device='cuda:0') tensor(0.1000, device='cuda:0') tensor(0.0312, device='cuda:0')
tensor(0.8609, device='cuda:0') tensor(0.1000, device='cuda:0') tensor(0.0391, device='cuda:0')
tensor(0.8609, device='cuda:0') tensor(0.1000, device='cuda:0') tensor(0.0391, device='cuda:0')
tensor(0.8766, device='cuda:0') tensor(0.1000, device='cuda:0') tensor(0.0234, device='cuda:0')
tensor(0.8453, device='cuda:0') tensor(0.1000, device='cuda:0') tensor(0.0547, device='cuda:0')
tensor(0.8609, device='cuda:0') tensor(0.1000, device='cuda:0') tensor(0.0391, device='cuda:0')
tensor(0.8687, device='cuda:0') tensor(0.1000, device='cuda:0') tensor(0.0312, device='cuda:0')
tensor(0.8687, device='cuda:0') tensor(0.1000, device='cuda:0') tensor(0.0312, device='cuda:0')
tensor(0.8844, device='cuda:0') tensor(0.1000, device='cuda:0') tensor(0.0156, device='cuda:0')
tensor(0.8531, device='cuda:0') tensor(0.1000, device='cuda:0') tensor(0.0469, device='cuda:0')
tensor(0.8375, device='cuda:0') tensor(0.1000, device='cuda:0') tensor(0.0625, device='cuda:0')
tensor(0.8609, device='cuda:0') tensor(0.1000, device='cuda:0') tensor(0.0391, device='cuda:0')
tensor(0.8609, device='cuda:0') tensor(0.1000, device='cuda:0') tensor(0.0391, device='cuda:0')
tensor(0.8766, device='cuda:0') tensor(0.1000, device='cuda:0') tensor(0.0234, device='cuda:0')
tensor(0.8453, device='cuda:0') tensor(0.1000, device='cuda:0') tensor(0.0547, device='cuda:0')
tensor(0.8687, device='cuda:0') tensor(0.1000, device='cuda:0') tensor(0.0312, device='cuda:0')
tensor(0.8687, device='cuda:0') tensor(0.1000, device='cuda:0') tensor(0.0312, device='cuda:0')
tensor(0.8687, device='cuda:0') tensor(0.1000, device='cuda:0') tensor(0.0312, device='cuda:0')
tensor(0.8687, device='cuda:0') tensor(0.1000, device='cuda:0') tensor(0.0312, device='cuda:0')
tensor(0.8687, device='cuda:0') tensor(0.1000, device='cuda:0') tensor(0.0312, device='cuda:0')
tensor(0.8609, device='cuda:0') tensor(0.1000, device='cuda:0') tensor(0.0391, device='cuda:0')
tensor(0.8531, device='cuda:0') tensor(0.1000, device='cuda:0') tensor(0.0469, device='cuda:0')
tensor(0.8844, device='cuda:0') tensor(0.1000, device='cuda:0') tensor(0.0156, device='cuda:0')
tensor(0.8766, device='cuda:0') tensor(0.1000, device='cuda:0') tensor(0.0234, device='cuda:0')
tensor(0.8609, device='cuda:0') tensor(0.1000, device='cuda:0') tensor(0.0391, device='cuda:0')
tensor(0.8766, device='cuda:0') tensor(0.1000, device='cuda:0') tensor(0.0234, device='cuda:0')
tensor(0.8844, device='cuda:0') tensor(0.1000, device='cuda:0') tensor(0.0156, device='cuda:0')
tensor(0.8609, device='cuda:0') tensor(0.1000, device='cuda:0') tensor(0.0391, device='cuda:0')
tensor(0.8687, device='cuda:0') tensor(0.1000, device='cuda:0') tensor(0.0312, device='cuda:0')
tensor(0.8375, device='cuda:0') tensor(0.1000, device='cuda:0') tensor(0.0625, device='cuda:0')
tensor(0.8687, device='cuda:0') tensor(0.1000, device='cuda:0') tensor(0.0312, device='cuda:0')
tensor(0.8609, device='cuda:0') tensor(0.1000, device='cuda:0') tensor(0.0391, device='cuda:0')
tensor(0.8687, device='cuda:0') tensor(0.1000, device='cuda:0') tensor(0.0312, device='cuda:0')
tensor(0.8531, device='cuda:0') tensor(0.1000, device='cuda:0') tensor(0.0469, device='cuda:0')
tensor(0.8609, device='cuda:0') tensor(0.1000, device='cuda:0') tensor(0.0391, device='cuda:0')
tensor(0.8531, device='cuda:0') tensor(0.1000, device='cuda:0') tensor(0.0469, device='cuda:0')
tensor(0.8766, device='cuda:0') tensor(0.1000, device='cuda:0') tensor(0.0234, device='cuda:0')
tensor(0.8609, device='cuda:0') tensor(0.1000, device='cuda:0') tensor(0.0391, device='cuda:0')
tensor(0.8531, device='cuda:0') tensor(0.1000, device='cuda:0') tensor(0.0469, device='cuda:0')
tensor(0.8687, device='cuda:0') tensor(0.1000, device='cuda:0') tensor(0.0312, device='cuda:0')
tensor(0.8609, device='cuda:0') tensor(0.1000, device='cuda:0') tensor(0.0391, device='cuda:0')
tensor(0.8844, device='cuda:0') tensor(0.1000, device='cuda:0') tensor(0.0156, device='cuda:0')
tensor(0.8687, device='cuda:0') tensor(0.1000, device='cuda:0') tensor(0.0312, device='cuda:0')
tensor(0.8687, device='cuda:0') tensor(0.1000, device='cuda:0') tensor(0.0312, device='cuda:0')
tensor(0.8766, device='cuda:0') tensor(0.1000, device='cuda:0') tensor(0.0234, device='cuda:0')
tensor(0.8766, device='cuda:0') tensor(0.1000, device='cuda:0') tensor(0.0234, device='cuda:0')
tensor(0.8687, device='cuda:0') tensor(0.1000, device='cuda:0') tensor(0.0312, device='cuda:0')
tensor(0.8766, device='cuda:0') tensor(0.1000, device='cuda:0') tensor(0.0234, device='cuda:0')
tensor(0.8453, device='cuda:0') tensor(0.1000, device='cuda:0') tensor(0.0547, device='cuda:0')
tensor(0.8609, device='cuda:0') tensor(0.1000, device='cuda:0') tensor(0.0391, device='cuda:0')
tensor(0.8375, device='cuda:0') tensor(0.1000, device='cuda:0') tensor(0.0625, device='cuda:0')
tensor(0.8766, device='cuda:0') tensor(0.1000, device='cuda:0') tensor(0.0234, device='cuda:0')
time 5.57
error 17059.26953125
quantization time: 264.87729573249817 s
xjh_edit,load from local file:/data/xjh/dataset/wikitext-2-raw-v1,get wikitext2
wikitext2
Evaluating ...
0
1
2
3
4
5
6
7
8
9
10
11
12
13
14
15
Perplexity: 1984.425659
xjh_edit,load from local file:/data/xjh/dataset/ptb_text_only,get ptb
ptb
Evaluating ...
0
Token indices sequence length is longer than the specified maximum sequence length for this model (517864 > 131072). Running this sequence through the model will result in indexing errors
1
2
3
4
5
6
7
8
9
10
11
12
13
14
15
Perplexity: 2370.983154
xjh_edit,load from local file:/data/xjh/dataset/c4_part,get c4
c4
Evaluating ...
0
1
2
3
4
5
6
7
8
9
10
11
12
13
14
15
Perplexity: 972.587952
