`torch_dtype` is deprecated! Use `dtype` instead!
Loading model ...
/data/xjh/model_weight/opt/opt-1.3b
Model loaded.
model OPTForCausalLM(
  (model): OPTModel(
    (decoder): OPTDecoder(
      (embed_tokens): Embedding(50272, 2048, padding_idx=1)
      (embed_positions): OPTLearnedPositionalEmbedding(2050, 2048)
      (final_layer_norm): LayerNorm((2048,), eps=1e-05, elementwise_affine=True)
      (layers): ModuleList(
        (0-23): 24 x OPTDecoderLayer(
          (self_attn): OPTAttention(
            (k_proj): Linear(in_features=2048, out_features=2048, bias=True)
            (v_proj): Linear(in_features=2048, out_features=2048, bias=True)
            (q_proj): Linear(in_features=2048, out_features=2048, bias=True)
            (out_proj): Linear(in_features=2048, out_features=2048, bias=True)
          )
          (activation_fn): ReLU()
          (self_attn_layer_norm): LayerNorm((2048,), eps=1e-05, elementwise_affine=True)
          (fc1): Linear(in_features=2048, out_features=8192, bias=True)
          (fc2): Linear(in_features=8192, out_features=2048, bias=True)
          (final_layer_norm): LayerNorm((2048,), eps=1e-05, elementwise_affine=True)
        )
      )
    )
  )
  (lm_head): Linear(in_features=2048, out_features=50272, bias=False)
)
xjh_edit,load from local file:/data/xjh/dataset/c4_part,get c4
Starting ...
OPT model detected.
Ready.
0 self_attn.k_proj
Quantizing ...
tensor(0.8687, device='cuda:0') tensor(0.1000, device='cuda:0') tensor(0.0312, device='cuda:0')
tensor(0.8766, device='cuda:0') tensor(0.1000, device='cuda:0') tensor(0.0234, device='cuda:0')
tensor(0.8766, device='cuda:0') tensor(0.1000, device='cuda:0') tensor(0.0234, device='cuda:0')
tensor(0.5875, device='cuda:0') tensor(0.1000, device='cuda:0') tensor(0.3125, device='cuda:0')
tensor(0.8687, device='cuda:0') tensor(0.1000, device='cuda:0') tensor(0.0312, device='cuda:0')
tensor(0.8844, device='cuda:0') tensor(0.1000, device='cuda:0') tensor(0.0156, device='cuda:0')
tensor(0.8531, device='cuda:0') tensor(0.1000, device='cuda:0') tensor(0.0469, device='cuda:0')
tensor(0.8297, device='cuda:0') tensor(0.1000, device='cuda:0') tensor(0.0703, device='cuda:0')
tensor(0.8766, device='cuda:0') tensor(0.1000, device='cuda:0') tensor(0.0234, device='cuda:0')
tensor(0.8609, device='cuda:0') tensor(0.1000, device='cuda:0') tensor(0.0391, device='cuda:0')
tensor(0.8844, device='cuda:0') tensor(0.1000, device='cuda:0') tensor(0.0156, device='cuda:0')
tensor(0.8766, device='cuda:0') tensor(0.1000, device='cuda:0') tensor(0.0234, device='cuda:0')
tensor(0.8844, device='cuda:0') tensor(0.1000, device='cuda:0') tensor(0.0156, device='cuda:0')
tensor(0.8766, device='cuda:0') tensor(0.1000, device='cuda:0') tensor(0.0234, device='cuda:0')
tensor(0.8766, device='cuda:0') tensor(0.1000, device='cuda:0') tensor(0.0234, device='cuda:0')
tensor(0.8687, device='cuda:0') tensor(0.1000, device='cuda:0') tensor(0.0312, device='cuda:0')
time 1.67
error 126276.75
0 self_attn.v_proj
Quantizing ...
tensor(0.5406, device='cuda:0') tensor(0.1000, device='cuda:0') tensor(0.3594, device='cuda:0')
tensor(0.8766, device='cuda:0') tensor(0.1000, device='cuda:0') tensor(0.0234, device='cuda:0')
tensor(0.8609, device='cuda:0') tensor(0.1000, device='cuda:0') tensor(0.0391, device='cuda:0')
tensor(0.8062, device='cuda:0') tensor(0.1000, device='cuda:0') tensor(0.0938, device='cuda:0')
tensor(0.5406, device='cuda:0') tensor(0.1000, device='cuda:0') tensor(0.3594, device='cuda:0')
tensor(0.5172, device='cuda:0') tensor(0.1000, device='cuda:0') tensor(0.3828, device='cuda:0')
tensor(0.5172, device='cuda:0') tensor(0.1000, device='cuda:0') tensor(0.3828, device='cuda:0')
tensor(0.5250, device='cuda:0') tensor(0.1000, device='cuda:0') tensor(0.3750, device='cuda:0')
tensor(0.5328, device='cuda:0') tensor(0.1000, device='cuda:0') tensor(0.3672, device='cuda:0')
tensor(0.5172, device='cuda:0') tensor(0.1000, device='cuda:0') tensor(0.3828, device='cuda:0')
tensor(0.8609, device='cuda:0') tensor(0.1000, device='cuda:0') tensor(0.0391, device='cuda:0')
tensor(0.8844, device='cuda:0') tensor(0.1000, device='cuda:0') tensor(0.0156, device='cuda:0')
tensor(0.8687, device='cuda:0') tensor(0.1000, device='cuda:0') tensor(0.0312, device='cuda:0')
tensor(0.8687, device='cuda:0') tensor(0.1000, device='cuda:0') tensor(0.0312, device='cuda:0')
tensor(0.8844, device='cuda:0') tensor(0.1000, device='cuda:0') tensor(0.0156, device='cuda:0')
tensor(0.8531, device='cuda:0') tensor(0.1000, device='cuda:0') tensor(0.0469, device='cuda:0')
time 1.31
error 24655.876953125
0 self_attn.q_proj
Quantizing ...
tensor(0.8687, device='cuda:0') tensor(0.1000, device='cuda:0') tensor(0.0312, device='cuda:0')
tensor(0.8766, device='cuda:0') tensor(0.1000, device='cuda:0') tensor(0.0234, device='cuda:0')
tensor(0.8766, device='cuda:0') tensor(0.1000, device='cuda:0') tensor(0.0234, device='cuda:0')
tensor(0.8531, device='cuda:0') tensor(0.1000, device='cuda:0') tensor(0.0469, device='cuda:0')
tensor(0.8687, device='cuda:0') tensor(0.1000, device='cuda:0') tensor(0.0312, device='cuda:0')
tensor(0.8687, device='cuda:0') tensor(0.1000, device='cuda:0') tensor(0.0312, device='cuda:0')
tensor(0.8531, device='cuda:0') tensor(0.1000, device='cuda:0') tensor(0.0469, device='cuda:0')
tensor(0.8531, device='cuda:0') tensor(0.1000, device='cuda:0') tensor(0.0469, device='cuda:0')
tensor(0.8766, device='cuda:0') tensor(0.1000, device='cuda:0') tensor(0.0234, device='cuda:0')
tensor(0.8609, device='cuda:0') tensor(0.1000, device='cuda:0') tensor(0.0391, device='cuda:0')
tensor(0.8687, device='cuda:0') tensor(0.1000, device='cuda:0') tensor(0.0312, device='cuda:0')
tensor(0.8766, device='cuda:0') tensor(0.1000, device='cuda:0') tensor(0.0234, device='cuda:0')
tensor(0.8766, device='cuda:0') tensor(0.1000, device='cuda:0') tensor(0.0234, device='cuda:0')
tensor(0.8766, device='cuda:0') tensor(0.1000, device='cuda:0') tensor(0.0234, device='cuda:0')
tensor(0.8844, device='cuda:0') tensor(0.1000, device='cuda:0') tensor(0.0156, device='cuda:0')
tensor(0.8531, device='cuda:0') tensor(0.1000, device='cuda:0') tensor(0.0469, device='cuda:0')
time 1.29
error 124969.875
0 self_attn.out_proj
Quantizing ...
tensor(0.8766, device='cuda:0') tensor(0.1000, device='cuda:0') tensor(0.0234, device='cuda:0')
tensor(0.8687, device='cuda:0') tensor(0.1000, device='cuda:0') tensor(0.0312, device='cuda:0')
tensor(0.8141, device='cuda:0') tensor(0.1000, device='cuda:0') tensor(0.0859, device='cuda:0')
tensor(0.7016, device='cuda:0') tensor(0.1500, device='cuda:0') tensor(0.1484, device='cuda:0')
tensor(0.7750, device='cuda:0') tensor(0.1000, device='cuda:0') tensor(0.1250, device='cuda:0')
tensor(0.8766, device='cuda:0') tensor(0.1000, device='cuda:0') tensor(0.0234, device='cuda:0')
tensor(0.8609, device='cuda:0') tensor(0.1000, device='cuda:0') tensor(0.0391, device='cuda:0')
tensor(0.8844, device='cuda:0') tensor(0.1000, device='cuda:0') tensor(0.0156, device='cuda:0')
tensor(0.5172, device='cuda:0') tensor(0.1000, device='cuda:0') tensor(0.3828, device='cuda:0')
tensor(0.8687, device='cuda:0') tensor(0.1000, device='cuda:0') tensor(0.0312, device='cuda:0')
tensor(0.7750, device='cuda:0') tensor(0.1000, device='cuda:0') tensor(0.1250, device='cuda:0')
tensor(0.8766, device='cuda:0') tensor(0.1000, device='cuda:0') tensor(0.0234, device='cuda:0')
tensor(0.8531, device='cuda:0') tensor(0.1000, device='cuda:0') tensor(0.0469, device='cuda:0')
tensor(0.8141, device='cuda:0') tensor(0.1000, device='cuda:0') tensor(0.0859, device='cuda:0')
tensor(0.8453, device='cuda:0') tensor(0.1000, device='cuda:0') tensor(0.0547, device='cuda:0')
tensor(0.8687, device='cuda:0') tensor(0.1000, device='cuda:0') tensor(0.0312, device='cuda:0')
time 1.28
error 254.35128784179688
0 fc1
Quantizing ...
tensor(0.5250, device='cuda:0') tensor(0.1000, device='cuda:0') tensor(0.3750, device='cuda:0')
tensor(0.5172, device='cuda:0') tensor(0.1000, device='cuda:0') tensor(0.3828, device='cuda:0')
tensor(0.5250, device='cuda:0') tensor(0.1000, device='cuda:0') tensor(0.3750, device='cuda:0')
tensor(0.6578, device='cuda:0') tensor(0.1000, device='cuda:0') tensor(0.2422, device='cuda:0')
tensor(0.6969, device='cuda:0') tensor(0.1000, device='cuda:0') tensor(0.2031, device='cuda:0')
tensor(0.5172, device='cuda:0') tensor(0.1000, device='cuda:0') tensor(0.3828, device='cuda:0')
tensor(0.5172, device='cuda:0') tensor(0.1000, device='cuda:0') tensor(0.3828, device='cuda:0')
tensor(0.6500, device='cuda:0') tensor(0.1000, device='cuda:0') tensor(0.2500, device='cuda:0')
tensor(0.5172, device='cuda:0') tensor(0.1000, device='cuda:0') tensor(0.3828, device='cuda:0')
tensor(0.8844, device='cuda:0') tensor(0.1000, device='cuda:0') tensor(0.0156, device='cuda:0')
tensor(0.8687, device='cuda:0') tensor(0.1000, device='cuda:0') tensor(0.0312, device='cuda:0')
tensor(0.5172, device='cuda:0') tensor(0.1000, device='cuda:0') tensor(0.3828, device='cuda:0')
tensor(0.7203, device='cuda:0') tensor(0.1000, device='cuda:0') tensor(0.1797, device='cuda:0')
tensor(0.8766, device='cuda:0') tensor(0.1000, device='cuda:0') tensor(0.0234, device='cuda:0')
tensor(0.8844, device='cuda:0') tensor(0.1000, device='cuda:0') tensor(0.0156, device='cuda:0')
tensor(0.8219, device='cuda:0') tensor(0.1000, device='cuda:0') tensor(0.0781, device='cuda:0')
time 1.69
error 88968.484375
0 fc2
Quantizing ...
tensor(0.8531, device='cuda:0') tensor(0.1000, device='cuda:0') tensor(0.0469, device='cuda:0')
tensor(0.8687, device='cuda:0') tensor(0.1000, device='cuda:0') tensor(0.0312, device='cuda:0')
tensor(0.8687, device='cuda:0') tensor(0.1000, device='cuda:0') tensor(0.0312, device='cuda:0')
tensor(0.8844, device='cuda:0') tensor(0.1000, device='cuda:0') tensor(0.0156, device='cuda:0')
tensor(0.8766, device='cuda:0') tensor(0.1000, device='cuda:0') tensor(0.0234, device='cuda:0')
tensor(0.8766, device='cuda:0') tensor(0.1000, device='cuda:0') tensor(0.0234, device='cuda:0')
tensor(0.8766, device='cuda:0') tensor(0.1000, device='cuda:0') tensor(0.0234, device='cuda:0')
tensor(0.8844, device='cuda:0') tensor(0.1000, device='cuda:0') tensor(0.0156, device='cuda:0')
tensor(0.8609, device='cuda:0') tensor(0.1000, device='cuda:0') tensor(0.0391, device='cuda:0')
tensor(0.8844, device='cuda:0') tensor(0.1000, device='cuda:0') tensor(0.0156, device='cuda:0')
tensor(0.8844, device='cuda:0') tensor(0.1000, device='cuda:0') tensor(0.0156, device='cuda:0')
tensor(0.8766, device='cuda:0') tensor(0.1000, device='cuda:0') tensor(0.0234, device='cuda:0')
tensor(0.8844, device='cuda:0') tensor(0.1000, device='cuda:0') tensor(0.0156, device='cuda:0')
tensor(0.8766, device='cuda:0') tensor(0.1000, device='cuda:0') tensor(0.0234, device='cuda:0')
tensor(0.8687, device='cuda:0') tensor(0.1000, device='cuda:0') tensor(0.0312, device='cuda:0')
tensor(0.8766, device='cuda:0') tensor(0.1000, device='cuda:0') tensor(0.0234, device='cuda:0')
tensor(0.8687, device='cuda:0') tensor(0.1000, device='cuda:0') tensor(0.0312, device='cuda:0')
tensor(0.8219, device='cuda:0') tensor(0.1000, device='cuda:0') tensor(0.0781, device='cuda:0')
tensor(0.8609, device='cuda:0') tensor(0.1000, device='cuda:0') tensor(0.0391, device='cuda:0')
tensor(0.8844, device='cuda:0') tensor(0.1000, device='cuda:0') tensor(0.0156, device='cuda:0')
tensor(0.8687, device='cuda:0') tensor(0.1000, device='cuda:0') tensor(0.0312, device='cuda:0')
tensor(0.8844, device='cuda:0') tensor(0.1000, device='cuda:0') tensor(0.0156, device='cuda:0')
tensor(0.8844, device='cuda:0') tensor(0.1000, device='cuda:0') tensor(0.0156, device='cuda:0')
tensor(0.8687, device='cuda:0') tensor(0.1000, device='cuda:0') tensor(0.0312, device='cuda:0')
tensor(0.8609, device='cuda:0') tensor(0.1000, device='cuda:0') tensor(0.0391, device='cuda:0')
tensor(0.8375, device='cuda:0') tensor(0.1000, device='cuda:0') tensor(0.0625, device='cuda:0')
tensor(0.8844, device='cuda:0') tensor(0.1000, device='cuda:0') tensor(0.0156, device='cuda:0')
tensor(0.8844, device='cuda:0') tensor(0.1000, device='cuda:0') tensor(0.0156, device='cuda:0')
tensor(0.8375, device='cuda:0') tensor(0.1000, device='cuda:0') tensor(0.0625, device='cuda:0')
tensor(0.8766, device='cuda:0') tensor(0.1000, device='cuda:0') tensor(0.0234, device='cuda:0')
tensor(0.8766, device='cuda:0') tensor(0.1000, device='cuda:0') tensor(0.0234, device='cuda:0')
tensor(0.8766, device='cuda:0') tensor(0.1000, device='cuda:0') tensor(0.0234, device='cuda:0')
tensor(0.8609, device='cuda:0') tensor(0.1000, device='cuda:0') tensor(0.0391, device='cuda:0')
tensor(0.8766, device='cuda:0') tensor(0.1000, device='cuda:0') tensor(0.0234, device='cuda:0')
tensor(0.8844, device='cuda:0') tensor(0.1000, device='cuda:0') tensor(0.0156, device='cuda:0')
tensor(0.8844, device='cuda:0') tensor(0.1000, device='cuda:0') tensor(0.0156, device='cuda:0')
tensor(0.8844, device='cuda:0') tensor(0.1000, device='cuda:0') tensor(0.0156, device='cuda:0')
tensor(0.8687, device='cuda:0') tensor(0.1000, device='cuda:0') tensor(0.0312, device='cuda:0')
tensor(0.8609, device='cuda:0') tensor(0.1000, device='cuda:0') tensor(0.0391, device='cuda:0')
tensor(0.8766, device='cuda:0') tensor(0.1000, device='cuda:0') tensor(0.0234, device='cuda:0')
tensor(0.8687, device='cuda:0') tensor(0.1000, device='cuda:0') tensor(0.0312, device='cuda:0')
tensor(0.8609, device='cuda:0') tensor(0.1000, device='cuda:0') tensor(0.0391, device='cuda:0')
tensor(0.8453, device='cuda:0') tensor(0.1000, device='cuda:0') tensor(0.0547, device='cuda:0')
tensor(0.8844, device='cuda:0') tensor(0.1000, device='cuda:0') tensor(0.0156, device='cuda:0')
tensor(0.8531, device='cuda:0') tensor(0.1000, device='cuda:0') tensor(0.0469, device='cuda:0')
tensor(0.8844, device='cuda:0') tensor(0.1000, device='cuda:0') tensor(0.0156, device='cuda:0')
tensor(0.8766, device='cuda:0') tensor(0.1000, device='cuda:0') tensor(0.0234, device='cuda:0')
tensor(0.8844, device='cuda:0') tensor(0.1000, device='cuda:0') tensor(0.0156, device='cuda:0')
tensor(0.8766, device='cuda:0') tensor(0.1000, device='cuda:0') tensor(0.0234, device='cuda:0')
tensor(0.8687, device='cuda:0') tensor(0.1000, device='cuda:0') tensor(0.0312, device='cuda:0')
tensor(0.7984, device='cuda:0') tensor(0.1000, device='cuda:0') tensor(0.1016, device='cuda:0')
tensor(0.8766, device='cuda:0') tensor(0.1000, device='cuda:0') tensor(0.0234, device='cuda:0')
tensor(0.7203, device='cuda:0') tensor(0.1000, device='cuda:0') tensor(0.1797, device='cuda:0')
tensor(0.8531, device='cuda:0') tensor(0.1000, device='cuda:0') tensor(0.0469, device='cuda:0')
tensor(0.8844, device='cuda:0') tensor(0.1000, device='cuda:0') tensor(0.0156, device='cuda:0')
tensor(0.8531, device='cuda:0') tensor(0.1000, device='cuda:0') tensor(0.0469, device='cuda:0')
tensor(0.8844, device='cuda:0') tensor(0.1000, device='cuda:0') tensor(0.0156, device='cuda:0')
tensor(0.8766, device='cuda:0') tensor(0.1000, device='cuda:0') tensor(0.0234, device='cuda:0')
tensor(0.8844, device='cuda:0') tensor(0.1000, device='cuda:0') tensor(0.0156, device='cuda:0')
tensor(0.8766, device='cuda:0') tensor(0.1000, device='cuda:0') tensor(0.0234, device='cuda:0')
tensor(0.8687, device='cuda:0') tensor(0.1000, device='cuda:0') tensor(0.0312, device='cuda:0')
tensor(0.8766, device='cuda:0') tensor(0.1000, device='cuda:0') tensor(0.0234, device='cuda:0')
tensor(0.8844, device='cuda:0') tensor(0.1000, device='cuda:0') tensor(0.0156, device='cuda:0')
tensor(0.8844, device='cuda:0') tensor(0.1000, device='cuda:0') tensor(0.0156, device='cuda:0')
time 5.25
error 1480.7081298828125
1 self_attn.k_proj
Quantizing ...
tensor(0.8375, device='cuda:0') tensor(0.1000, device='cuda:0') tensor(0.0625, device='cuda:0')
tensor(0.8609, device='cuda:0') tensor(0.1000, device='cuda:0') tensor(0.0391, device='cuda:0')
tensor(0.8687, device='cuda:0') tensor(0.1000, device='cuda:0') tensor(0.0312, device='cuda:0')
tensor(0.8687, device='cuda:0') tensor(0.1000, device='cuda:0') tensor(0.0312, device='cuda:0')
tensor(0.8609, device='cuda:0') tensor(0.1000, device='cuda:0') tensor(0.0391, device='cuda:0')
tensor(0.8687, device='cuda:0') tensor(0.1000, device='cuda:0') tensor(0.0312, device='cuda:0')
tensor(0.8687, device='cuda:0') tensor(0.1000, device='cuda:0') tensor(0.0312, device='cuda:0')
tensor(0.8453, device='cuda:0') tensor(0.1000, device='cuda:0') tensor(0.0547, device='cuda:0')
tensor(0.8687, device='cuda:0') tensor(0.1000, device='cuda:0') tensor(0.0312, device='cuda:0')
tensor(0.8766, device='cuda:0') tensor(0.1000, device='cuda:0') tensor(0.0234, device='cuda:0')
tensor(0.8844, device='cuda:0') tensor(0.1000, device='cuda:0') tensor(0.0156, device='cuda:0')
tensor(0.8766, device='cuda:0') tensor(0.1000, device='cuda:0') tensor(0.0234, device='cuda:0')
tensor(0.8609, device='cuda:0') tensor(0.1000, device='cuda:0') tensor(0.0391, device='cuda:0')
tensor(0.8844, device='cuda:0') tensor(0.1000, device='cuda:0') tensor(0.0156, device='cuda:0')
tensor(0.8766, device='cuda:0') tensor(0.1000, device='cuda:0') tensor(0.0234, device='cuda:0')
tensor(0.8687, device='cuda:0') tensor(0.1000, device='cuda:0') tensor(0.0312, device='cuda:0')
time 1.66
error 30423.4296875
1 self_attn.v_proj
Quantizing ...
tensor(0.5172, device='cuda:0') tensor(0.1000, device='cuda:0') tensor(0.3828, device='cuda:0')
tensor(0.7906, device='cuda:0') tensor(0.1000, device='cuda:0') tensor(0.1094, device='cuda:0')
tensor(0.6422, device='cuda:0') tensor(0.1000, device='cuda:0') tensor(0.2578, device='cuda:0')
tensor(0.5875, device='cuda:0') tensor(0.1000, device='cuda:0') tensor(0.3125, device='cuda:0')
tensor(0.8766, device='cuda:0') tensor(0.1000, device='cuda:0') tensor(0.0234, device='cuda:0')
tensor(0.8609, device='cuda:0') tensor(0.1000, device='cuda:0') tensor(0.0391, device='cuda:0')
tensor(0.5406, device='cuda:0') tensor(0.1000, device='cuda:0') tensor(0.3594, device='cuda:0')
tensor(0.7828, device='cuda:0') tensor(0.1000, device='cuda:0') tensor(0.1172, device='cuda:0')
tensor(0.7516, device='cuda:0') tensor(0.1000, device='cuda:0') tensor(0.1484, device='cuda:0')
tensor(0.8844, device='cuda:0') tensor(0.1000, device='cuda:0') tensor(0.0156, device='cuda:0')
tensor(0.8453, device='cuda:0') tensor(0.1000, device='cuda:0') tensor(0.0547, device='cuda:0')
tensor(0.8844, device='cuda:0') tensor(0.1000, device='cuda:0') tensor(0.0156, device='cuda:0')
tensor(0.8687, device='cuda:0') tensor(0.1000, device='cuda:0') tensor(0.0312, device='cuda:0')
tensor(0.8844, device='cuda:0') tensor(0.1000, device='cuda:0') tensor(0.0156, device='cuda:0')
tensor(0.8766, device='cuda:0') tensor(0.1000, device='cuda:0') tensor(0.0234, device='cuda:0')
tensor(0.8531, device='cuda:0') tensor(0.1000, device='cuda:0') tensor(0.0469, device='cuda:0')
time 1.45
error 5084.822265625
1 self_attn.q_proj
Quantizing ...
tensor(0.8453, device='cuda:0') tensor(0.1000, device='cuda:0') tensor(0.0547, device='cuda:0')
tensor(0.8766, device='cuda:0') tensor(0.1000, device='cuda:0') tensor(0.0234, device='cuda:0')
tensor(0.8687, device='cuda:0') tensor(0.1000, device='cuda:0') tensor(0.0312, device='cuda:0')
tensor(0.8609, device='cuda:0') tensor(0.1000, device='cuda:0') tensor(0.0391, device='cuda:0')
tensor(0.8531, device='cuda:0') tensor(0.1000, device='cuda:0') tensor(0.0469, device='cuda:0')
tensor(0.8766, device='cuda:0') tensor(0.1000, device='cuda:0') tensor(0.0234, device='cuda:0')
tensor(0.8687, device='cuda:0') tensor(0.1000, device='cuda:0') tensor(0.0312, device='cuda:0')
tensor(0.8297, device='cuda:0') tensor(0.1000, device='cuda:0') tensor(0.0703, device='cuda:0')
tensor(0.8766, device='cuda:0') tensor(0.1000, device='cuda:0') tensor(0.0234, device='cuda:0')
tensor(0.8844, device='cuda:0') tensor(0.1000, device='cuda:0') tensor(0.0156, device='cuda:0')
tensor(0.8844, device='cuda:0') tensor(0.1000, device='cuda:0') tensor(0.0156, device='cuda:0')
tensor(0.8766, device='cuda:0') tensor(0.1000, device='cuda:0') tensor(0.0234, device='cuda:0')
tensor(0.8531, device='cuda:0') tensor(0.1000, device='cuda:0') tensor(0.0469, device='cuda:0')
tensor(0.8844, device='cuda:0') tensor(0.1000, device='cuda:0') tensor(0.0156, device='cuda:0')
tensor(0.8766, device='cuda:0') tensor(0.1000, device='cuda:0') tensor(0.0234, device='cuda:0')
tensor(0.8687, device='cuda:0') tensor(0.1000, device='cuda:0') tensor(0.0312, device='cuda:0')
time 1.45
error 24806.001953125
1 self_attn.out_proj
Quantizing ...
tensor(0.8609, device='cuda:0') tensor(0.1000, device='cuda:0') tensor(0.0391, device='cuda:0')
tensor(0.8609, device='cuda:0') tensor(0.1000, device='cuda:0') tensor(0.0391, device='cuda:0')
tensor(0.8844, device='cuda:0') tensor(0.1000, device='cuda:0') tensor(0.0156, device='cuda:0')
tensor(0.8687, device='cuda:0') tensor(0.1000, device='cuda:0') tensor(0.0312, device='cuda:0')
tensor(0.8766, device='cuda:0') tensor(0.1000, device='cuda:0') tensor(0.0234, device='cuda:0')
tensor(0.8531, device='cuda:0') tensor(0.1000, device='cuda:0') tensor(0.0469, device='cuda:0')
tensor(0.8766, device='cuda:0') tensor(0.1000, device='cuda:0') tensor(0.0234, device='cuda:0')
tensor(0.8766, device='cuda:0') tensor(0.1000, device='cuda:0') tensor(0.0234, device='cuda:0')
tensor(0.8375, device='cuda:0') tensor(0.1000, device='cuda:0') tensor(0.0625, device='cuda:0')
tensor(0.8609, device='cuda:0') tensor(0.1000, device='cuda:0') tensor(0.0391, device='cuda:0')
tensor(0.8687, device='cuda:0') tensor(0.1000, device='cuda:0') tensor(0.0312, device='cuda:0')
tensor(0.8844, device='cuda:0') tensor(0.1000, device='cuda:0') tensor(0.0156, device='cuda:0')
tensor(0.8297, device='cuda:0') tensor(0.1000, device='cuda:0') tensor(0.0703, device='cuda:0')
tensor(0.6656, device='cuda:0') tensor(0.1000, device='cuda:0') tensor(0.2344, device='cuda:0')
tensor(0.8687, device='cuda:0') tensor(0.1000, device='cuda:0') tensor(0.0312, device='cuda:0')
tensor(0.8766, device='cuda:0') tensor(0.1000, device='cuda:0') tensor(0.0234, device='cuda:0')
time 1.35
error 17.763797760009766
1 fc1
Quantizing ...
tensor(0.6578, device='cuda:0') tensor(0.1000, device='cuda:0') tensor(0.2422, device='cuda:0')
tensor(0.6500, device='cuda:0') tensor(0.1000, device='cuda:0') tensor(0.2500, device='cuda:0')
tensor(0.8531, device='cuda:0') tensor(0.1000, device='cuda:0') tensor(0.0469, device='cuda:0')
tensor(0.7281, device='cuda:0') tensor(0.1000, device='cuda:0') tensor(0.1719, device='cuda:0')
tensor(0.8609, device='cuda:0') tensor(0.1000, device='cuda:0') tensor(0.0391, device='cuda:0')
tensor(0.6969, device='cuda:0') tensor(0.1000, device='cuda:0') tensor(0.2031, device='cuda:0')
tensor(0.6266, device='cuda:0') tensor(0.1000, device='cuda:0') tensor(0.2734, device='cuda:0')
tensor(0.5328, device='cuda:0') tensor(0.1000, device='cuda:0') tensor(0.3672, device='cuda:0')
tensor(0.6578, device='cuda:0') tensor(0.1000, device='cuda:0') tensor(0.2422, device='cuda:0')
tensor(0.8844, device='cuda:0') tensor(0.1000, device='cuda:0') tensor(0.0156, device='cuda:0')
tensor(0.8766, device='cuda:0') tensor(0.1000, device='cuda:0') tensor(0.0234, device='cuda:0')
tensor(0.8766, device='cuda:0') tensor(0.1000, device='cuda:0') tensor(0.0234, device='cuda:0')
tensor(0.6500, device='cuda:0') tensor(0.1000, device='cuda:0') tensor(0.2500, device='cuda:0')
tensor(0.8766, device='cuda:0') tensor(0.1000, device='cuda:0') tensor(0.0234, device='cuda:0')
tensor(0.8687, device='cuda:0') tensor(0.1000, device='cuda:0') tensor(0.0312, device='cuda:0')
tensor(0.8375, device='cuda:0') tensor(0.1000, device='cuda:0') tensor(0.0625, device='cuda:0')
time 1.70
error 92225.65625
1 fc2
Quantizing ...
tensor(0.8375, device='cuda:0') tensor(0.1000, device='cuda:0') tensor(0.0625, device='cuda:0')
tensor(0.8766, device='cuda:0') tensor(0.1000, device='cuda:0') tensor(0.0234, device='cuda:0')
tensor(0.8531, device='cuda:0') tensor(0.1000, device='cuda:0') tensor(0.0469, device='cuda:0')
tensor(0.8844, device='cuda:0') tensor(0.1000, device='cuda:0') tensor(0.0156, device='cuda:0')
tensor(0.8766, device='cuda:0') tensor(0.1000, device='cuda:0') tensor(0.0234, device='cuda:0')
tensor(0.8844, device='cuda:0') tensor(0.1000, device='cuda:0') tensor(0.0156, device='cuda:0')
tensor(0.8766, device='cuda:0') tensor(0.1000, device='cuda:0') tensor(0.0234, device='cuda:0')
tensor(0.8766, device='cuda:0') tensor(0.1000, device='cuda:0') tensor(0.0234, device='cuda:0')
tensor(0.8766, device='cuda:0') tensor(0.1000, device='cuda:0') tensor(0.0234, device='cuda:0')
tensor(0.8297, device='cuda:0') tensor(0.1000, device='cuda:0') tensor(0.0703, device='cuda:0')
tensor(0.8844, device='cuda:0') tensor(0.1000, device='cuda:0') tensor(0.0156, device='cuda:0')
tensor(0.8766, device='cuda:0') tensor(0.1000, device='cuda:0') tensor(0.0234, device='cuda:0')
tensor(0.8766, device='cuda:0') tensor(0.1000, device='cuda:0') tensor(0.0234, device='cuda:0')
tensor(0.8531, device='cuda:0') tensor(0.1000, device='cuda:0') tensor(0.0469, device='cuda:0')
tensor(0.7437, device='cuda:0') tensor(0.1000, device='cuda:0') tensor(0.1562, device='cuda:0')
tensor(0.8687, device='cuda:0') tensor(0.1000, device='cuda:0') tensor(0.0312, device='cuda:0')
tensor(0.8687, device='cuda:0') tensor(0.1000, device='cuda:0') tensor(0.0312, device='cuda:0')
tensor(0.8531, device='cuda:0') tensor(0.1000, device='cuda:0') tensor(0.0469, device='cuda:0')
tensor(0.8609, device='cuda:0') tensor(0.1000, device='cuda:0') tensor(0.0391, device='cuda:0')
tensor(0.8687, device='cuda:0') tensor(0.1000, device='cuda:0') tensor(0.0312, device='cuda:0')
tensor(0.8687, device='cuda:0') tensor(0.1000, device='cuda:0') tensor(0.0312, device='cuda:0')
tensor(0.8297, device='cuda:0') tensor(0.1000, device='cuda:0') tensor(0.0703, device='cuda:0')
tensor(0.8375, device='cuda:0') tensor(0.1000, device='cuda:0') tensor(0.0625, device='cuda:0')
tensor(0.8844, device='cuda:0') tensor(0.1000, device='cuda:0') tensor(0.0156, device='cuda:0')
tensor(0.8297, device='cuda:0') tensor(0.1000, device='cuda:0') tensor(0.0703, device='cuda:0')
tensor(0.8687, device='cuda:0') tensor(0.1000, device='cuda:0') tensor(0.0312, device='cuda:0')
tensor(0.8766, device='cuda:0') tensor(0.1000, device='cuda:0') tensor(0.0234, device='cuda:0')
tensor(0.8766, device='cuda:0') tensor(0.1000, device='cuda:0') tensor(0.0234, device='cuda:0')
tensor(0.8687, device='cuda:0') tensor(0.1000, device='cuda:0') tensor(0.0312, device='cuda:0')
tensor(0.8844, device='cuda:0') tensor(0.1000, device='cuda:0') tensor(0.0156, device='cuda:0')
tensor(0.8766, device='cuda:0') tensor(0.1000, device='cuda:0') tensor(0.0234, device='cuda:0')
tensor(0.8766, device='cuda:0') tensor(0.1000, device='cuda:0') tensor(0.0234, device='cuda:0')
tensor(0.7359, device='cuda:0') tensor(0.1000, device='cuda:0') tensor(0.1641, device='cuda:0')
tensor(0.8844, device='cuda:0') tensor(0.1000, device='cuda:0') tensor(0.0156, device='cuda:0')
tensor(0.8609, device='cuda:0') tensor(0.1000, device='cuda:0') tensor(0.0391, device='cuda:0')
tensor(0.8687, device='cuda:0') tensor(0.1000, device='cuda:0') tensor(0.0312, device='cuda:0')
tensor(0.8687, device='cuda:0') tensor(0.1000, device='cuda:0') tensor(0.0312, device='cuda:0')
tensor(0.8687, device='cuda:0') tensor(0.1000, device='cuda:0') tensor(0.0312, device='cuda:0')
tensor(0.8219, device='cuda:0') tensor(0.1000, device='cuda:0') tensor(0.0781, device='cuda:0')
tensor(0.8766, device='cuda:0') tensor(0.1000, device='cuda:0') tensor(0.0234, device='cuda:0')
tensor(0.8531, device='cuda:0') tensor(0.1000, device='cuda:0') tensor(0.0469, device='cuda:0')
tensor(0.8219, device='cuda:0') tensor(0.1000, device='cuda:0') tensor(0.0781, device='cuda:0')
tensor(0.8766, device='cuda:0') tensor(0.1000, device='cuda:0') tensor(0.0234, device='cuda:0')
tensor(0.8297, device='cuda:0') tensor(0.1000, device='cuda:0') tensor(0.0703, device='cuda:0')
tensor(0.8766, device='cuda:0') tensor(0.1000, device='cuda:0') tensor(0.0234, device='cuda:0')
tensor(0.8453, device='cuda:0') tensor(0.1000, device='cuda:0') tensor(0.0547, device='cuda:0')
tensor(0.7672, device='cuda:0') tensor(0.1000, device='cuda:0') tensor(0.1328, device='cuda:0')
tensor(0.8531, device='cuda:0') tensor(0.1000, device='cuda:0') tensor(0.0469, device='cuda:0')
tensor(0.8766, device='cuda:0') tensor(0.1000, device='cuda:0') tensor(0.0234, device='cuda:0')
tensor(0.8687, device='cuda:0') tensor(0.1000, device='cuda:0') tensor(0.0312, device='cuda:0')
tensor(0.8766, device='cuda:0') tensor(0.1000, device='cuda:0') tensor(0.0234, device='cuda:0')
tensor(0.8844, device='cuda:0') tensor(0.1000, device='cuda:0') tensor(0.0156, device='cuda:0')
tensor(0.8766, device='cuda:0') tensor(0.1000, device='cuda:0') tensor(0.0234, device='cuda:0')
tensor(0.8844, device='cuda:0') tensor(0.1000, device='cuda:0') tensor(0.0156, device='cuda:0')
tensor(0.8766, device='cuda:0') tensor(0.1000, device='cuda:0') tensor(0.0234, device='cuda:0')
tensor(0.8453, device='cuda:0') tensor(0.1000, device='cuda:0') tensor(0.0547, device='cuda:0')
tensor(0.8844, device='cuda:0') tensor(0.1000, device='cuda:0') tensor(0.0156, device='cuda:0')
tensor(0.8844, device='cuda:0') tensor(0.1000, device='cuda:0') tensor(0.0156, device='cuda:0')
tensor(0.8844, device='cuda:0') tensor(0.1000, device='cuda:0') tensor(0.0156, device='cuda:0')
tensor(0.8766, device='cuda:0') tensor(0.1000, device='cuda:0') tensor(0.0234, device='cuda:0')
tensor(0.8766, device='cuda:0') tensor(0.1000, device='cuda:0') tensor(0.0234, device='cuda:0')
tensor(0.8687, device='cuda:0') tensor(0.1000, device='cuda:0') tensor(0.0312, device='cuda:0')
tensor(0.8844, device='cuda:0') tensor(0.1000, device='cuda:0') tensor(0.0156, device='cuda:0')
tensor(0.8766, device='cuda:0') tensor(0.1000, device='cuda:0') tensor(0.0234, device='cuda:0')
time 5.14
error 1253.1497802734375
2 self_attn.k_proj
Quantizing ...
tensor(0.8531, device='cuda:0') tensor(0.1000, device='cuda:0') tensor(0.0469, device='cuda:0')
tensor(0.8766, device='cuda:0') tensor(0.1000, device='cuda:0') tensor(0.0234, device='cuda:0')
tensor(0.8609, device='cuda:0') tensor(0.1000, device='cuda:0') tensor(0.0391, device='cuda:0')
tensor(0.8609, device='cuda:0') tensor(0.1000, device='cuda:0') tensor(0.0391, device='cuda:0')
tensor(0.8687, device='cuda:0') tensor(0.1000, device='cuda:0') tensor(0.0312, device='cuda:0')
tensor(0.8766, device='cuda:0') tensor(0.1000, device='cuda:0') tensor(0.0234, device='cuda:0')
tensor(0.8687, device='cuda:0') tensor(0.1000, device='cuda:0') tensor(0.0312, device='cuda:0')
tensor(0.8219, device='cuda:0') tensor(0.1000, device='cuda:0') tensor(0.0781, device='cuda:0')
tensor(0.8609, device='cuda:0') tensor(0.1000, device='cuda:0') tensor(0.0391, device='cuda:0')
tensor(0.8844, device='cuda:0') tensor(0.1000, device='cuda:0') tensor(0.0156, device='cuda:0')
tensor(0.8844, device='cuda:0') tensor(0.1000, device='cuda:0') tensor(0.0156, device='cuda:0')
tensor(0.8844, device='cuda:0') tensor(0.1000, device='cuda:0') tensor(0.0156, device='cuda:0')
tensor(0.8375, device='cuda:0') tensor(0.1000, device='cuda:0') tensor(0.0625, device='cuda:0')
tensor(0.8766, device='cuda:0') tensor(0.1000, device='cuda:0') tensor(0.0234, device='cuda:0')
tensor(0.8766, device='cuda:0') tensor(0.1000, device='cuda:0') tensor(0.0234, device='cuda:0')
tensor(0.8609, device='cuda:0') tensor(0.1000, device='cuda:0') tensor(0.0391, device='cuda:0')
time 1.46
error 32547.791015625
2 self_attn.v_proj
Quantizing ...
tensor(0.6734, device='cuda:0') tensor(0.1000, device='cuda:0') tensor(0.2266, device='cuda:0')
tensor(0.6031, device='cuda:0') tensor(0.1000, device='cuda:0') tensor(0.2969, device='cuda:0')
tensor(0.6031, device='cuda:0') tensor(0.1000, device='cuda:0') tensor(0.2969, device='cuda:0')
tensor(0.5328, device='cuda:0') tensor(0.1000, device='cuda:0') tensor(0.3672, device='cuda:0')
tensor(0.8609, device='cuda:0') tensor(0.1000, device='cuda:0') tensor(0.0391, device='cuda:0')
tensor(0.8297, device='cuda:0') tensor(0.1000, device='cuda:0') tensor(0.0703, device='cuda:0')
tensor(0.8609, device='cuda:0') tensor(0.1000, device='cuda:0') tensor(0.0391, device='cuda:0')
tensor(0.6656, device='cuda:0') tensor(0.1000, device='cuda:0') tensor(0.2344, device='cuda:0')
tensor(0.5250, device='cuda:0') tensor(0.1000, device='cuda:0') tensor(0.3750, device='cuda:0')
tensor(0.8766, device='cuda:0') tensor(0.1000, device='cuda:0') tensor(0.0234, device='cuda:0')
tensor(0.8766, device='cuda:0') tensor(0.1000, device='cuda:0') tensor(0.0234, device='cuda:0')
tensor(0.8766, device='cuda:0') tensor(0.1000, device='cuda:0') tensor(0.0234, device='cuda:0')
tensor(0.5172, device='cuda:0') tensor(0.1000, device='cuda:0') tensor(0.3828, device='cuda:0')
tensor(0.8844, device='cuda:0') tensor(0.1000, device='cuda:0') tensor(0.0156, device='cuda:0')
tensor(0.8609, device='cuda:0') tensor(0.1000, device='cuda:0') tensor(0.0391, device='cuda:0')
tensor(0.8687, device='cuda:0') tensor(0.1000, device='cuda:0') tensor(0.0312, device='cuda:0')
time 1.31
error 8460.474609375
2 self_attn.q_proj
Quantizing ...
tensor(0.8609, device='cuda:0') tensor(0.1000, device='cuda:0') tensor(0.0391, device='cuda:0')
tensor(0.8766, device='cuda:0') tensor(0.1000, device='cuda:0') tensor(0.0234, device='cuda:0')
tensor(0.8687, device='cuda:0') tensor(0.1000, device='cuda:0') tensor(0.0312, device='cuda:0')
tensor(0.8453, device='cuda:0') tensor(0.1000, device='cuda:0') tensor(0.0547, device='cuda:0')
tensor(0.8687, device='cuda:0') tensor(0.1000, device='cuda:0') tensor(0.0312, device='cuda:0')
tensor(0.8766, device='cuda:0') tensor(0.1000, device='cuda:0') tensor(0.0234, device='cuda:0')
tensor(0.8687, device='cuda:0') tensor(0.1000, device='cuda:0') tensor(0.0312, device='cuda:0')
tensor(0.8219, device='cuda:0') tensor(0.1000, device='cuda:0') tensor(0.0781, device='cuda:0')
tensor(0.8609, device='cuda:0') tensor(0.1000, device='cuda:0') tensor(0.0391, device='cuda:0')
tensor(0.8844, device='cuda:0') tensor(0.1000, device='cuda:0') tensor(0.0156, device='cuda:0')
tensor(0.8844, device='cuda:0') tensor(0.1000, device='cuda:0') tensor(0.0156, device='cuda:0')
tensor(0.8844, device='cuda:0') tensor(0.1000, device='cuda:0') tensor(0.0156, device='cuda:0')
tensor(0.8375, device='cuda:0') tensor(0.1000, device='cuda:0') tensor(0.0625, device='cuda:0')
tensor(0.8844, device='cuda:0') tensor(0.1000, device='cuda:0') tensor(0.0156, device='cuda:0')
tensor(0.8766, device='cuda:0') tensor(0.1000, device='cuda:0') tensor(0.0234, device='cuda:0')
tensor(0.8687, device='cuda:0') tensor(0.1000, device='cuda:0') tensor(0.0312, device='cuda:0')
time 1.27
error 29006.27734375
2 self_attn.out_proj
Quantizing ...
tensor(0.8375, device='cuda:0') tensor(0.1000, device='cuda:0') tensor(0.0625, device='cuda:0')
tensor(0.8197, device='cuda:0') tensor(0.1100, device='cuda:0') tensor(0.0703, device='cuda:0')
tensor(0.8609, device='cuda:0') tensor(0.1000, device='cuda:0') tensor(0.0391, device='cuda:0')
tensor(0.8766, device='cuda:0') tensor(0.1000, device='cuda:0') tensor(0.0234, device='cuda:0')
tensor(0.8297, device='cuda:0') tensor(0.1000, device='cuda:0') tensor(0.0703, device='cuda:0')
tensor(0.8609, device='cuda:0') tensor(0.1000, device='cuda:0') tensor(0.0391, device='cuda:0')
tensor(0.8609, device='cuda:0') tensor(0.1000, device='cuda:0') tensor(0.0391, device='cuda:0')
tensor(0.8609, device='cuda:0') tensor(0.1000, device='cuda:0') tensor(0.0391, device='cuda:0')
tensor(0.8766, device='cuda:0') tensor(0.1000, device='cuda:0') tensor(0.0234, device='cuda:0')
tensor(0.8609, device='cuda:0') tensor(0.1000, device='cuda:0') tensor(0.0391, device='cuda:0')
tensor(0.8531, device='cuda:0') tensor(0.1000, device='cuda:0') tensor(0.0469, device='cuda:0')
tensor(0.8531, device='cuda:0') tensor(0.1000, device='cuda:0') tensor(0.0469, device='cuda:0')
tensor(0.8766, device='cuda:0') tensor(0.1000, device='cuda:0') tensor(0.0234, device='cuda:0')
tensor(0.8453, device='cuda:0') tensor(0.1000, device='cuda:0') tensor(0.0547, device='cuda:0')
tensor(0.8609, device='cuda:0') tensor(0.1000, device='cuda:0') tensor(0.0391, device='cuda:0')
tensor(0.8687, device='cuda:0') tensor(0.1000, device='cuda:0') tensor(0.0312, device='cuda:0')
time 1.34
error 56.631195068359375
2 fc1
Quantizing ...
tensor(0.6344, device='cuda:0') tensor(0.1000, device='cuda:0') tensor(0.2656, device='cuda:0')
tensor(0.8687, device='cuda:0') tensor(0.1000, device='cuda:0') tensor(0.0312, device='cuda:0')
tensor(0.6187, device='cuda:0') tensor(0.1000, device='cuda:0') tensor(0.2812, device='cuda:0')
tensor(0.5875, device='cuda:0') tensor(0.1000, device='cuda:0') tensor(0.3125, device='cuda:0')
tensor(0.8531, device='cuda:0') tensor(0.1000, device='cuda:0') tensor(0.0469, device='cuda:0')
tensor(0.8609, device='cuda:0') tensor(0.1000, device='cuda:0') tensor(0.0391, device='cuda:0')
tensor(0.8609, device='cuda:0') tensor(0.1000, device='cuda:0') tensor(0.0391, device='cuda:0')
tensor(0.8531, device='cuda:0') tensor(0.1000, device='cuda:0') tensor(0.0469, device='cuda:0')
tensor(0.6812, device='cuda:0') tensor(0.1000, device='cuda:0') tensor(0.2188, device='cuda:0')
tensor(0.8844, device='cuda:0') tensor(0.1000, device='cuda:0') tensor(0.0156, device='cuda:0')
tensor(0.8766, device='cuda:0') tensor(0.1000, device='cuda:0') tensor(0.0234, device='cuda:0')
tensor(0.8766, device='cuda:0') tensor(0.1000, device='cuda:0') tensor(0.0234, device='cuda:0')
tensor(0.5719, device='cuda:0') tensor(0.1000, device='cuda:0') tensor(0.3281, device='cuda:0')
tensor(0.8766, device='cuda:0') tensor(0.1000, device='cuda:0') tensor(0.0234, device='cuda:0')
tensor(0.8766, device='cuda:0') tensor(0.1000, device='cuda:0') tensor(0.0234, device='cuda:0')
tensor(0.8531, device='cuda:0') tensor(0.1000, device='cuda:0') tensor(0.0469, device='cuda:0')
time 1.81
error 106463.5546875
2 fc2
Quantizing ...
tensor(0.8609, device='cuda:0') tensor(0.1000, device='cuda:0') tensor(0.0391, device='cuda:0')
tensor(0.8453, device='cuda:0') tensor(0.1000, device='cuda:0') tensor(0.0547, device='cuda:0')
tensor(0.8766, device='cuda:0') tensor(0.1000, device='cuda:0') tensor(0.0234, device='cuda:0')
tensor(0.8766, device='cuda:0') tensor(0.1000, device='cuda:0') tensor(0.0234, device='cuda:0')
tensor(0.8531, device='cuda:0') tensor(0.1000, device='cuda:0') tensor(0.0469, device='cuda:0')
tensor(0.8766, device='cuda:0') tensor(0.1000, device='cuda:0') tensor(0.0234, device='cuda:0')
tensor(0.8766, device='cuda:0') tensor(0.1000, device='cuda:0') tensor(0.0234, device='cuda:0')
tensor(0.8297, device='cuda:0') tensor(0.1000, device='cuda:0') tensor(0.0703, device='cuda:0')
tensor(0.8141, device='cuda:0') tensor(0.1000, device='cuda:0') tensor(0.0859, device='cuda:0')
tensor(0.7750, device='cuda:0') tensor(0.1000, device='cuda:0') tensor(0.1250, device='cuda:0')
tensor(0.8219, device='cuda:0') tensor(0.1000, device='cuda:0') tensor(0.0781, device='cuda:0')
tensor(0.8766, device='cuda:0') tensor(0.1000, device='cuda:0') tensor(0.0234, device='cuda:0')
tensor(0.7828, device='cuda:0') tensor(0.1000, device='cuda:0') tensor(0.1172, device='cuda:0')
tensor(0.8766, device='cuda:0') tensor(0.1000, device='cuda:0') tensor(0.0234, device='cuda:0')
tensor(0.8687, device='cuda:0') tensor(0.1000, device='cuda:0') tensor(0.0312, device='cuda:0')
tensor(0.8687, device='cuda:0') tensor(0.1000, device='cuda:0') tensor(0.0312, device='cuda:0')
tensor(0.8687, device='cuda:0') tensor(0.1000, device='cuda:0') tensor(0.0312, device='cuda:0')
tensor(0.8766, device='cuda:0') tensor(0.1000, device='cuda:0') tensor(0.0234, device='cuda:0')
tensor(0.8141, device='cuda:0') tensor(0.1000, device='cuda:0') tensor(0.0859, device='cuda:0')
tensor(0.8687, device='cuda:0') tensor(0.1000, device='cuda:0') tensor(0.0312, device='cuda:0')
tensor(0.7125, device='cuda:0') tensor(0.1000, device='cuda:0') tensor(0.1875, device='cuda:0')
tensor(0.8297, device='cuda:0') tensor(0.1000, device='cuda:0') tensor(0.0703, device='cuda:0')
tensor(0.8766, device='cuda:0') tensor(0.1000, device='cuda:0') tensor(0.0234, device='cuda:0')
tensor(0.8687, device='cuda:0') tensor(0.1000, device='cuda:0') tensor(0.0312, device='cuda:0')
tensor(0.8609, device='cuda:0') tensor(0.1000, device='cuda:0') tensor(0.0391, device='cuda:0')
tensor(0.8687, device='cuda:0') tensor(0.1000, device='cuda:0') tensor(0.0312, device='cuda:0')
tensor(0.8375, device='cuda:0') tensor(0.1000, device='cuda:0') tensor(0.0625, device='cuda:0')
tensor(0.8766, device='cuda:0') tensor(0.1000, device='cuda:0') tensor(0.0234, device='cuda:0')
tensor(0.7750, device='cuda:0') tensor(0.1000, device='cuda:0') tensor(0.1250, device='cuda:0')
tensor(0.8531, device='cuda:0') tensor(0.1000, device='cuda:0') tensor(0.0469, device='cuda:0')
tensor(0.8453, device='cuda:0') tensor(0.1000, device='cuda:0') tensor(0.0547, device='cuda:0')
tensor(0.8531, device='cuda:0') tensor(0.1000, device='cuda:0') tensor(0.0469, device='cuda:0')
tensor(0.8766, device='cuda:0') tensor(0.1000, device='cuda:0') tensor(0.0234, device='cuda:0')
tensor(0.8766, device='cuda:0') tensor(0.1000, device='cuda:0') tensor(0.0234, device='cuda:0')
tensor(0.8453, device='cuda:0') tensor(0.1000, device='cuda:0') tensor(0.0547, device='cuda:0')
tensor(0.8687, device='cuda:0') tensor(0.1000, device='cuda:0') tensor(0.0312, device='cuda:0')
tensor(0.8766, device='cuda:0') tensor(0.1000, device='cuda:0') tensor(0.0234, device='cuda:0')
tensor(0.8687, device='cuda:0') tensor(0.1000, device='cuda:0') tensor(0.0312, device='cuda:0')
tensor(0.8844, device='cuda:0') tensor(0.1000, device='cuda:0') tensor(0.0156, device='cuda:0')
tensor(0.8453, device='cuda:0') tensor(0.1000, device='cuda:0') tensor(0.0547, device='cuda:0')
tensor(0.8844, device='cuda:0') tensor(0.1000, device='cuda:0') tensor(0.0156, device='cuda:0')
tensor(0.8844, device='cuda:0') tensor(0.1000, device='cuda:0') tensor(0.0156, device='cuda:0')
tensor(0.8844, device='cuda:0') tensor(0.1000, device='cuda:0') tensor(0.0156, device='cuda:0')
tensor(0.8609, device='cuda:0') tensor(0.1000, device='cuda:0') tensor(0.0391, device='cuda:0')
tensor(0.8219, device='cuda:0') tensor(0.1000, device='cuda:0') tensor(0.0781, device='cuda:0')
tensor(0.8766, device='cuda:0') tensor(0.1000, device='cuda:0') tensor(0.0234, device='cuda:0')
tensor(0.8219, device='cuda:0') tensor(0.1000, device='cuda:0') tensor(0.0781, device='cuda:0')
tensor(0.8766, device='cuda:0') tensor(0.1000, device='cuda:0') tensor(0.0234, device='cuda:0')
tensor(0.8687, device='cuda:0') tensor(0.1000, device='cuda:0') tensor(0.0312, device='cuda:0')
tensor(0.8062, device='cuda:0') tensor(0.1000, device='cuda:0') tensor(0.0938, device='cuda:0')
tensor(0.8766, device='cuda:0') tensor(0.1000, device='cuda:0') tensor(0.0234, device='cuda:0')
tensor(0.8609, device='cuda:0') tensor(0.1000, device='cuda:0') tensor(0.0391, device='cuda:0')
tensor(0.8219, device='cuda:0') tensor(0.1000, device='cuda:0') tensor(0.0781, device='cuda:0')
tensor(0.8687, device='cuda:0') tensor(0.1000, device='cuda:0') tensor(0.0312, device='cuda:0')
tensor(0.8609, device='cuda:0') tensor(0.1000, device='cuda:0') tensor(0.0391, device='cuda:0')
tensor(0.8141, device='cuda:0') tensor(0.1000, device='cuda:0') tensor(0.0859, device='cuda:0')
tensor(0.8531, device='cuda:0') tensor(0.1000, device='cuda:0') tensor(0.0469, device='cuda:0')
tensor(0.8766, device='cuda:0') tensor(0.1000, device='cuda:0') tensor(0.0234, device='cuda:0')
tensor(0.8766, device='cuda:0') tensor(0.1000, device='cuda:0') tensor(0.0234, device='cuda:0')
tensor(0.8453, device='cuda:0') tensor(0.1000, device='cuda:0') tensor(0.0547, device='cuda:0')
tensor(0.8766, device='cuda:0') tensor(0.1000, device='cuda:0') tensor(0.0234, device='cuda:0')
tensor(0.8609, device='cuda:0') tensor(0.1000, device='cuda:0') tensor(0.0391, device='cuda:0')
tensor(0.8844, device='cuda:0') tensor(0.1000, device='cuda:0') tensor(0.0156, device='cuda:0')
tensor(0.8687, device='cuda:0') tensor(0.1000, device='cuda:0') tensor(0.0312, device='cuda:0')
time 5.14
error 1209.5169677734375
3 self_attn.k_proj
Quantizing ...
tensor(0.8609, device='cuda:0') tensor(0.1000, device='cuda:0') tensor(0.0391, device='cuda:0')
tensor(0.8844, device='cuda:0') tensor(0.1000, device='cuda:0') tensor(0.0156, device='cuda:0')
tensor(0.8687, device='cuda:0') tensor(0.1000, device='cuda:0') tensor(0.0312, device='cuda:0')
tensor(0.8531, device='cuda:0') tensor(0.1000, device='cuda:0') tensor(0.0469, device='cuda:0')
tensor(0.8687, device='cuda:0') tensor(0.1000, device='cuda:0') tensor(0.0312, device='cuda:0')
tensor(0.8766, device='cuda:0') tensor(0.1000, device='cuda:0') tensor(0.0234, device='cuda:0')
tensor(0.8687, device='cuda:0') tensor(0.1000, device='cuda:0') tensor(0.0312, device='cuda:0')
tensor(0.8141, device='cuda:0') tensor(0.1000, device='cuda:0') tensor(0.0859, device='cuda:0')
tensor(0.8687, device='cuda:0') tensor(0.1000, device='cuda:0') tensor(0.0312, device='cuda:0')
tensor(0.8844, device='cuda:0') tensor(0.1000, device='cuda:0') tensor(0.0156, device='cuda:0')
tensor(0.8844, device='cuda:0') tensor(0.1000, device='cuda:0') tensor(0.0156, device='cuda:0')
tensor(0.8766, device='cuda:0') tensor(0.1000, device='cuda:0') tensor(0.0234, device='cuda:0')
tensor(0.8219, device='cuda:0') tensor(0.1000, device='cuda:0') tensor(0.0781, device='cuda:0')
tensor(0.8766, device='cuda:0') tensor(0.1000, device='cuda:0') tensor(0.0234, device='cuda:0')
tensor(0.8844, device='cuda:0') tensor(0.1000, device='cuda:0') tensor(0.0156, device='cuda:0')
tensor(0.8687, device='cuda:0') tensor(0.1000, device='cuda:0') tensor(0.0312, device='cuda:0')
time 1.46
error 40186.109375
3 self_attn.v_proj
Quantizing ...
tensor(0.7203, device='cuda:0') tensor(0.1000, device='cuda:0') tensor(0.1797, device='cuda:0')
tensor(0.6812, device='cuda:0') tensor(0.1000, device='cuda:0') tensor(0.2188, device='cuda:0')
tensor(0.5875, device='cuda:0') tensor(0.1000, device='cuda:0') tensor(0.3125, device='cuda:0')
tensor(0.5797, device='cuda:0') tensor(0.1000, device='cuda:0') tensor(0.3203, device='cuda:0')
tensor(0.5172, device='cuda:0') tensor(0.1000, device='cuda:0') tensor(0.3828, device='cuda:0')
tensor(0.7594, device='cuda:0') tensor(0.1000, device='cuda:0') tensor(0.1406, device='cuda:0')
tensor(0.6187, device='cuda:0') tensor(0.1000, device='cuda:0') tensor(0.2812, device='cuda:0')
tensor(0.7516, device='cuda:0') tensor(0.1000, device='cuda:0') tensor(0.1484, device='cuda:0')
tensor(0.8531, device='cuda:0') tensor(0.1000, device='cuda:0') tensor(0.0469, device='cuda:0')
tensor(0.8766, device='cuda:0') tensor(0.1000, device='cuda:0') tensor(0.0234, device='cuda:0')
tensor(0.8766, device='cuda:0') tensor(0.1000, device='cuda:0') tensor(0.0234, device='cuda:0')
tensor(0.8844, device='cuda:0') tensor(0.1000, device='cuda:0') tensor(0.0156, device='cuda:0')
tensor(0.5172, device='cuda:0') tensor(0.1000, device='cuda:0') tensor(0.3828, device='cuda:0')
tensor(0.8844, device='cuda:0') tensor(0.1000, device='cuda:0') tensor(0.0156, device='cuda:0')
tensor(0.8687, device='cuda:0') tensor(0.1000, device='cuda:0') tensor(0.0312, device='cuda:0')
tensor(0.8609, device='cuda:0') tensor(0.1000, device='cuda:0') tensor(0.0391, device='cuda:0')
time 1.27
error 12903.1318359375
3 self_attn.q_proj
Quantizing ...
tensor(0.8609, device='cuda:0') tensor(0.1000, device='cuda:0') tensor(0.0391, device='cuda:0')
tensor(0.8844, device='cuda:0') tensor(0.1000, device='cuda:0') tensor(0.0156, device='cuda:0')
tensor(0.8766, device='cuda:0') tensor(0.1000, device='cuda:0') tensor(0.0234, device='cuda:0')
tensor(0.8609, device='cuda:0') tensor(0.1000, device='cuda:0') tensor(0.0391, device='cuda:0')
tensor(0.8687, device='cuda:0') tensor(0.1000, device='cuda:0') tensor(0.0312, device='cuda:0')
tensor(0.8766, device='cuda:0') tensor(0.1000, device='cuda:0') tensor(0.0234, device='cuda:0')
tensor(0.8609, device='cuda:0') tensor(0.1000, device='cuda:0') tensor(0.0391, device='cuda:0')
tensor(0.8219, device='cuda:0') tensor(0.1000, device='cuda:0') tensor(0.0781, device='cuda:0')
tensor(0.8687, device='cuda:0') tensor(0.1000, device='cuda:0') tensor(0.0312, device='cuda:0')
tensor(0.8844, device='cuda:0') tensor(0.1000, device='cuda:0') tensor(0.0156, device='cuda:0')
tensor(0.8844, device='cuda:0') tensor(0.1000, device='cuda:0') tensor(0.0156, device='cuda:0')
tensor(0.8766, device='cuda:0') tensor(0.1000, device='cuda:0') tensor(0.0234, device='cuda:0')
tensor(0.8219, device='cuda:0') tensor(0.1000, device='cuda:0') tensor(0.0781, device='cuda:0')
tensor(0.8766, device='cuda:0') tensor(0.1000, device='cuda:0') tensor(0.0234, device='cuda:0')
tensor(0.8766, device='cuda:0') tensor(0.1000, device='cuda:0') tensor(0.0234, device='cuda:0')
tensor(0.8687, device='cuda:0') tensor(0.1000, device='cuda:0') tensor(0.0312, device='cuda:0')
time 1.29
error 37707.5
3 self_attn.out_proj
Quantizing ...
tensor(0.8687, device='cuda:0') tensor(0.1000, device='cuda:0') tensor(0.0312, device='cuda:0')
tensor(0.8531, device='cuda:0') tensor(0.1000, device='cuda:0') tensor(0.0469, device='cuda:0')
tensor(0.8609, device='cuda:0') tensor(0.1000, device='cuda:0') tensor(0.0391, device='cuda:0')
tensor(0.6734, device='cuda:0') tensor(0.1000, device='cuda:0') tensor(0.2266, device='cuda:0')
tensor(0.8609, device='cuda:0') tensor(0.1000, device='cuda:0') tensor(0.0391, device='cuda:0')
tensor(0.8687, device='cuda:0') tensor(0.1000, device='cuda:0') tensor(0.0312, device='cuda:0')
tensor(0.8453, device='cuda:0') tensor(0.1000, device='cuda:0') tensor(0.0547, device='cuda:0')
tensor(0.8766, device='cuda:0') tensor(0.1000, device='cuda:0') tensor(0.0234, device='cuda:0')
tensor(0.8375, device='cuda:0') tensor(0.1000, device='cuda:0') tensor(0.0625, device='cuda:0')
tensor(0.8687, device='cuda:0') tensor(0.1000, device='cuda:0') tensor(0.0312, device='cuda:0')
tensor(0.8609, device='cuda:0') tensor(0.1000, device='cuda:0') tensor(0.0391, device='cuda:0')
tensor(0.8531, device='cuda:0') tensor(0.1000, device='cuda:0') tensor(0.0469, device='cuda:0')
tensor(0.8766, device='cuda:0') tensor(0.1000, device='cuda:0') tensor(0.0234, device='cuda:0')
tensor(0.8453, device='cuda:0') tensor(0.1000, device='cuda:0') tensor(0.0547, device='cuda:0')
tensor(0.8687, device='cuda:0') tensor(0.1000, device='cuda:0') tensor(0.0312, device='cuda:0')
tensor(0.8531, device='cuda:0') tensor(0.1000, device='cuda:0') tensor(0.0469, device='cuda:0')
time 1.27
error 101.07093811035156
3 fc1
Quantizing ...
tensor(0.5875, device='cuda:0') tensor(0.1000, device='cuda:0') tensor(0.3125, device='cuda:0')
tensor(0.8687, device='cuda:0') tensor(0.1000, device='cuda:0') tensor(0.0312, device='cuda:0')
tensor(0.7984, device='cuda:0') tensor(0.1000, device='cuda:0') tensor(0.1016, device='cuda:0')
tensor(0.5641, device='cuda:0') tensor(0.1000, device='cuda:0') tensor(0.3359, device='cuda:0')
tensor(0.8687, device='cuda:0') tensor(0.1000, device='cuda:0') tensor(0.0312, device='cuda:0')
tensor(0.8531, device='cuda:0') tensor(0.1000, device='cuda:0') tensor(0.0469, device='cuda:0')
tensor(0.8609, device='cuda:0') tensor(0.1000, device='cuda:0') tensor(0.0391, device='cuda:0')
tensor(0.8531, device='cuda:0') tensor(0.1000, device='cuda:0') tensor(0.0469, device='cuda:0')
tensor(0.7594, device='cuda:0') tensor(0.1000, device='cuda:0') tensor(0.1406, device='cuda:0')
tensor(0.8844, device='cuda:0') tensor(0.1000, device='cuda:0') tensor(0.0156, device='cuda:0')
tensor(0.8844, device='cuda:0') tensor(0.1000, device='cuda:0') tensor(0.0156, device='cuda:0')
tensor(0.8297, device='cuda:0') tensor(0.1000, device='cuda:0') tensor(0.0703, device='cuda:0')
tensor(0.8141, device='cuda:0') tensor(0.1000, device='cuda:0') tensor(0.0859, device='cuda:0')
tensor(0.8844, device='cuda:0') tensor(0.1000, device='cuda:0') tensor(0.0156, device='cuda:0')
tensor(0.8766, device='cuda:0') tensor(0.1000, device='cuda:0') tensor(0.0234, device='cuda:0')
tensor(0.8609, device='cuda:0') tensor(0.1000, device='cuda:0') tensor(0.0391, device='cuda:0')
time 1.76
error 129099.359375
3 fc2
Quantizing ...
tensor(0.8844, device='cuda:0') tensor(0.1000, device='cuda:0') tensor(0.0156, device='cuda:0')
tensor(0.8219, device='cuda:0') tensor(0.1000, device='cuda:0') tensor(0.0781, device='cuda:0')
tensor(0.8687, device='cuda:0') tensor(0.1000, device='cuda:0') tensor(0.0312, device='cuda:0')
tensor(0.8766, device='cuda:0') tensor(0.1000, device='cuda:0') tensor(0.0234, device='cuda:0')
tensor(0.8609, device='cuda:0') tensor(0.1000, device='cuda:0') tensor(0.0391, device='cuda:0')
tensor(0.8141, device='cuda:0') tensor(0.1000, device='cuda:0') tensor(0.0859, device='cuda:0')
tensor(0.8531, device='cuda:0') tensor(0.1000, device='cuda:0') tensor(0.0469, device='cuda:0')
tensor(0.6812, device='cuda:0') tensor(0.1000, device='cuda:0') tensor(0.2188, device='cuda:0')
tensor(0.8219, device='cuda:0') tensor(0.1000, device='cuda:0') tensor(0.0781, device='cuda:0')
tensor(0.8609, device='cuda:0') tensor(0.1000, device='cuda:0') tensor(0.0391, device='cuda:0')
tensor(0.8531, device='cuda:0') tensor(0.1000, device='cuda:0') tensor(0.0469, device='cuda:0')
tensor(0.8609, device='cuda:0') tensor(0.1000, device='cuda:0') tensor(0.0391, device='cuda:0')
tensor(0.8766, device='cuda:0') tensor(0.1000, device='cuda:0') tensor(0.0234, device='cuda:0')
tensor(0.8766, device='cuda:0') tensor(0.1000, device='cuda:0') tensor(0.0234, device='cuda:0')
tensor(0.8453, device='cuda:0') tensor(0.1000, device='cuda:0') tensor(0.0547, device='cuda:0')
tensor(0.8531, device='cuda:0') tensor(0.1000, device='cuda:0') tensor(0.0469, device='cuda:0')
tensor(0.8375, device='cuda:0') tensor(0.1000, device='cuda:0') tensor(0.0625, device='cuda:0')
tensor(0.8766, device='cuda:0') tensor(0.1000, device='cuda:0') tensor(0.0234, device='cuda:0')
tensor(0.8766, device='cuda:0') tensor(0.1000, device='cuda:0') tensor(0.0234, device='cuda:0')
tensor(0.8687, device='cuda:0') tensor(0.1000, device='cuda:0') tensor(0.0312, device='cuda:0')
tensor(0.8687, device='cuda:0') tensor(0.1000, device='cuda:0') tensor(0.0312, device='cuda:0')
tensor(0.8687, device='cuda:0') tensor(0.1000, device='cuda:0') tensor(0.0312, device='cuda:0')
tensor(0.8687, device='cuda:0') tensor(0.1000, device='cuda:0') tensor(0.0312, device='cuda:0')
tensor(0.8844, device='cuda:0') tensor(0.1000, device='cuda:0') tensor(0.0156, device='cuda:0')
tensor(0.7906, device='cuda:0') tensor(0.1000, device='cuda:0') tensor(0.1094, device='cuda:0')
tensor(0.8609, device='cuda:0') tensor(0.1000, device='cuda:0') tensor(0.0391, device='cuda:0')
tensor(0.8766, device='cuda:0') tensor(0.1000, device='cuda:0') tensor(0.0234, device='cuda:0')
tensor(0.8687, device='cuda:0') tensor(0.1000, device='cuda:0') tensor(0.0312, device='cuda:0')
tensor(0.8687, device='cuda:0') tensor(0.1000, device='cuda:0') tensor(0.0312, device='cuda:0')
tensor(0.8687, device='cuda:0') tensor(0.1000, device='cuda:0') tensor(0.0312, device='cuda:0')
tensor(0.7984, device='cuda:0') tensor(0.1000, device='cuda:0') tensor(0.1016, device='cuda:0')
tensor(0.7906, device='cuda:0') tensor(0.1000, device='cuda:0') tensor(0.1094, device='cuda:0')
tensor(0.8766, device='cuda:0') tensor(0.1000, device='cuda:0') tensor(0.0234, device='cuda:0')
tensor(0.8609, device='cuda:0') tensor(0.1000, device='cuda:0') tensor(0.0391, device='cuda:0')
tensor(0.8531, device='cuda:0') tensor(0.1000, device='cuda:0') tensor(0.0469, device='cuda:0')
tensor(0.8766, device='cuda:0') tensor(0.1000, device='cuda:0') tensor(0.0234, device='cuda:0')
tensor(0.8687, device='cuda:0') tensor(0.1000, device='cuda:0') tensor(0.0312, device='cuda:0')
tensor(0.8609, device='cuda:0') tensor(0.1000, device='cuda:0') tensor(0.0391, device='cuda:0')
tensor(0.8687, device='cuda:0') tensor(0.1000, device='cuda:0') tensor(0.0312, device='cuda:0')
tensor(0.7984, device='cuda:0') tensor(0.1000, device='cuda:0') tensor(0.1016, device='cuda:0')
tensor(0.8531, device='cuda:0') tensor(0.1000, device='cuda:0') tensor(0.0469, device='cuda:0')
tensor(0.8062, device='cuda:0') tensor(0.1000, device='cuda:0') tensor(0.0938, device='cuda:0')
tensor(0.8687, device='cuda:0') tensor(0.1000, device='cuda:0') tensor(0.0312, device='cuda:0')
tensor(0.8766, device='cuda:0') tensor(0.1000, device='cuda:0') tensor(0.0234, device='cuda:0')
tensor(0.8531, device='cuda:0') tensor(0.1000, device='cuda:0') tensor(0.0469, device='cuda:0')
tensor(0.8453, device='cuda:0') tensor(0.1000, device='cuda:0') tensor(0.0547, device='cuda:0')
tensor(0.8687, device='cuda:0') tensor(0.1000, device='cuda:0') tensor(0.0312, device='cuda:0')
tensor(0.8609, device='cuda:0') tensor(0.1000, device='cuda:0') tensor(0.0391, device='cuda:0')
tensor(0.8609, device='cuda:0') tensor(0.1000, device='cuda:0') tensor(0.0391, device='cuda:0')
tensor(0.8766, device='cuda:0') tensor(0.1000, device='cuda:0') tensor(0.0234, device='cuda:0')
tensor(0.8609, device='cuda:0') tensor(0.1000, device='cuda:0') tensor(0.0391, device='cuda:0')
tensor(0.8687, device='cuda:0') tensor(0.1000, device='cuda:0') tensor(0.0312, device='cuda:0')
tensor(0.8766, device='cuda:0') tensor(0.1000, device='cuda:0') tensor(0.0234, device='cuda:0')
tensor(0.8453, device='cuda:0') tensor(0.1000, device='cuda:0') tensor(0.0547, device='cuda:0')
tensor(0.8687, device='cuda:0') tensor(0.1000, device='cuda:0') tensor(0.0312, device='cuda:0')
tensor(0.8609, device='cuda:0') tensor(0.1000, device='cuda:0') tensor(0.0391, device='cuda:0')
tensor(0.8766, device='cuda:0') tensor(0.1000, device='cuda:0') tensor(0.0234, device='cuda:0')
tensor(0.8531, device='cuda:0') tensor(0.1000, device='cuda:0') tensor(0.0469, device='cuda:0')
tensor(0.8766, device='cuda:0') tensor(0.1000, device='cuda:0') tensor(0.0234, device='cuda:0')
tensor(0.6266, device='cuda:0') tensor(0.1000, device='cuda:0') tensor(0.2734, device='cuda:0')
tensor(0.8219, device='cuda:0') tensor(0.1000, device='cuda:0') tensor(0.0781, device='cuda:0')
tensor(0.8609, device='cuda:0') tensor(0.1000, device='cuda:0') tensor(0.0391, device='cuda:0')
tensor(0.8062, device='cuda:0') tensor(0.1000, device='cuda:0') tensor(0.0938, device='cuda:0')
tensor(0.8766, device='cuda:0') tensor(0.1000, device='cuda:0') tensor(0.0234, device='cuda:0')
time 5.21
error 1284.451171875
4 self_attn.k_proj
Quantizing ...
tensor(0.8531, device='cuda:0') tensor(0.1000, device='cuda:0') tensor(0.0469, device='cuda:0')
tensor(0.8844, device='cuda:0') tensor(0.1000, device='cuda:0') tensor(0.0156, device='cuda:0')
tensor(0.8687, device='cuda:0') tensor(0.1000, device='cuda:0') tensor(0.0312, device='cuda:0')
tensor(0.8609, device='cuda:0') tensor(0.1000, device='cuda:0') tensor(0.0391, device='cuda:0')
tensor(0.8687, device='cuda:0') tensor(0.1000, device='cuda:0') tensor(0.0312, device='cuda:0')
tensor(0.8844, device='cuda:0') tensor(0.1000, device='cuda:0') tensor(0.0156, device='cuda:0')
tensor(0.8687, device='cuda:0') tensor(0.1000, device='cuda:0') tensor(0.0312, device='cuda:0')
tensor(0.8609, device='cuda:0') tensor(0.1000, device='cuda:0') tensor(0.0391, device='cuda:0')
tensor(0.8687, device='cuda:0') tensor(0.1000, device='cuda:0') tensor(0.0312, device='cuda:0')
tensor(0.8844, device='cuda:0') tensor(0.1000, device='cuda:0') tensor(0.0156, device='cuda:0')
tensor(0.8844, device='cuda:0') tensor(0.1000, device='cuda:0') tensor(0.0156, device='cuda:0')
tensor(0.7906, device='cuda:0') tensor(0.1000, device='cuda:0') tensor(0.1094, device='cuda:0')
tensor(0.8297, device='cuda:0') tensor(0.1000, device='cuda:0') tensor(0.0703, device='cuda:0')
tensor(0.8844, device='cuda:0') tensor(0.1000, device='cuda:0') tensor(0.0156, device='cuda:0')
tensor(0.8844, device='cuda:0') tensor(0.1000, device='cuda:0') tensor(0.0156, device='cuda:0')
tensor(0.8687, device='cuda:0') tensor(0.1000, device='cuda:0') tensor(0.0312, device='cuda:0')
time 1.46
error 52297.453125
4 self_attn.v_proj
Quantizing ...
tensor(0.6187, device='cuda:0') tensor(0.1000, device='cuda:0') tensor(0.2812, device='cuda:0')
tensor(0.7828, device='cuda:0') tensor(0.1000, device='cuda:0') tensor(0.1172, device='cuda:0')
tensor(0.5484, device='cuda:0') tensor(0.1000, device='cuda:0') tensor(0.3516, device='cuda:0')
tensor(0.6578, device='cuda:0') tensor(0.1000, device='cuda:0') tensor(0.2422, device='cuda:0')
tensor(0.5172, device='cuda:0') tensor(0.1000, device='cuda:0') tensor(0.3828, device='cuda:0')
tensor(0.8375, device='cuda:0') tensor(0.1000, device='cuda:0') tensor(0.0625, device='cuda:0')
tensor(0.6578, device='cuda:0') tensor(0.1000, device='cuda:0') tensor(0.2422, device='cuda:0')
tensor(0.6969, device='cuda:0') tensor(0.1000, device='cuda:0') tensor(0.2031, device='cuda:0')
tensor(0.8609, device='cuda:0') tensor(0.1000, device='cuda:0') tensor(0.0391, device='cuda:0')
tensor(0.8766, device='cuda:0') tensor(0.1000, device='cuda:0') tensor(0.0234, device='cuda:0')
tensor(0.8844, device='cuda:0') tensor(0.1000, device='cuda:0') tensor(0.0156, device='cuda:0')
tensor(0.8609, device='cuda:0') tensor(0.1000, device='cuda:0') tensor(0.0391, device='cuda:0')
tensor(0.8531, device='cuda:0') tensor(0.1000, device='cuda:0') tensor(0.0469, device='cuda:0')
tensor(0.8844, device='cuda:0') tensor(0.1000, device='cuda:0') tensor(0.0156, device='cuda:0')
tensor(0.8687, device='cuda:0') tensor(0.1000, device='cuda:0') tensor(0.0312, device='cuda:0')
tensor(0.8609, device='cuda:0') tensor(0.1000, device='cuda:0') tensor(0.0391, device='cuda:0')
time 1.28
error 18024.5
4 self_attn.q_proj
Quantizing ...
tensor(0.8687, device='cuda:0') tensor(0.1000, device='cuda:0') tensor(0.0312, device='cuda:0')
tensor(0.8766, device='cuda:0') tensor(0.1000, device='cuda:0') tensor(0.0234, device='cuda:0')
tensor(0.8766, device='cuda:0') tensor(0.1000, device='cuda:0') tensor(0.0234, device='cuda:0')
tensor(0.8609, device='cuda:0') tensor(0.1000, device='cuda:0') tensor(0.0391, device='cuda:0')
tensor(0.8609, device='cuda:0') tensor(0.1000, device='cuda:0') tensor(0.0391, device='cuda:0')
tensor(0.8687, device='cuda:0') tensor(0.1000, device='cuda:0') tensor(0.0312, device='cuda:0')
tensor(0.8609, device='cuda:0') tensor(0.1000, device='cuda:0') tensor(0.0391, device='cuda:0')
tensor(0.8453, device='cuda:0') tensor(0.1000, device='cuda:0') tensor(0.0547, device='cuda:0')
tensor(0.8687, device='cuda:0') tensor(0.1000, device='cuda:0') tensor(0.0312, device='cuda:0')
tensor(0.8844, device='cuda:0') tensor(0.1000, device='cuda:0') tensor(0.0156, device='cuda:0')
tensor(0.8844, device='cuda:0') tensor(0.1000, device='cuda:0') tensor(0.0156, device='cuda:0')
tensor(0.8766, device='cuda:0') tensor(0.1000, device='cuda:0') tensor(0.0234, device='cuda:0')
tensor(0.7359, device='cuda:0') tensor(0.1000, device='cuda:0') tensor(0.1641, device='cuda:0')
tensor(0.8766, device='cuda:0') tensor(0.1000, device='cuda:0') tensor(0.0234, device='cuda:0')
tensor(0.8766, device='cuda:0') tensor(0.1000, device='cuda:0') tensor(0.0234, device='cuda:0')
tensor(0.8609, device='cuda:0') tensor(0.1000, device='cuda:0') tensor(0.0391, device='cuda:0')
time 1.28
error 56750.59375
4 self_attn.out_proj
Quantizing ...
tensor(0.8687, device='cuda:0') tensor(0.1000, device='cuda:0') tensor(0.0312, device='cuda:0')
tensor(0.8687, device='cuda:0') tensor(0.1000, device='cuda:0') tensor(0.0312, device='cuda:0')
tensor(0.8687, device='cuda:0') tensor(0.1000, device='cuda:0') tensor(0.0312, device='cuda:0')
tensor(0.7984, device='cuda:0') tensor(0.1000, device='cuda:0') tensor(0.1016, device='cuda:0')
tensor(0.8766, device='cuda:0') tensor(0.1000, device='cuda:0') tensor(0.0234, device='cuda:0')
tensor(0.8531, device='cuda:0') tensor(0.1000, device='cuda:0') tensor(0.0469, device='cuda:0')
tensor(0.8609, device='cuda:0') tensor(0.1000, device='cuda:0') tensor(0.0391, device='cuda:0')
tensor(0.8453, device='cuda:0') tensor(0.1000, device='cuda:0') tensor(0.0547, device='cuda:0')
tensor(0.8609, device='cuda:0') tensor(0.1000, device='cuda:0') tensor(0.0391, device='cuda:0')
tensor(0.8609, device='cuda:0') tensor(0.1000, device='cuda:0') tensor(0.0391, device='cuda:0')
tensor(0.8609, device='cuda:0') tensor(0.1000, device='cuda:0') tensor(0.0391, device='cuda:0')
tensor(0.8687, device='cuda:0') tensor(0.1000, device='cuda:0') tensor(0.0312, device='cuda:0')
tensor(0.8531, device='cuda:0') tensor(0.1000, device='cuda:0') tensor(0.0469, device='cuda:0')
tensor(0.8297, device='cuda:0') tensor(0.1000, device='cuda:0') tensor(0.0703, device='cuda:0')
tensor(0.5172, device='cuda:0') tensor(0.1000, device='cuda:0') tensor(0.3828, device='cuda:0')
tensor(0.8609, device='cuda:0') tensor(0.1000, device='cuda:0') tensor(0.0391, device='cuda:0')
time 1.29
error 215.05459594726562
4 fc1
Quantizing ...
tensor(0.6422, device='cuda:0') tensor(0.1000, device='cuda:0') tensor(0.2578, device='cuda:0')
tensor(0.8609, device='cuda:0') tensor(0.1000, device='cuda:0') tensor(0.0391, device='cuda:0')
tensor(0.8453, device='cuda:0') tensor(0.1000, device='cuda:0') tensor(0.0547, device='cuda:0')
tensor(0.8609, device='cuda:0') tensor(0.1000, device='cuda:0') tensor(0.0391, device='cuda:0')
tensor(0.8609, device='cuda:0') tensor(0.1000, device='cuda:0') tensor(0.0391, device='cuda:0')
tensor(0.7594, device='cuda:0') tensor(0.1000, device='cuda:0') tensor(0.1406, device='cuda:0')
tensor(0.8609, device='cuda:0') tensor(0.1000, device='cuda:0') tensor(0.0391, device='cuda:0')
tensor(0.8141, device='cuda:0') tensor(0.1000, device='cuda:0') tensor(0.0859, device='cuda:0')
tensor(0.8453, device='cuda:0') tensor(0.1000, device='cuda:0') tensor(0.0547, device='cuda:0')
tensor(0.8844, device='cuda:0') tensor(0.1000, device='cuda:0') tensor(0.0156, device='cuda:0')
tensor(0.8844, device='cuda:0') tensor(0.1000, device='cuda:0') tensor(0.0156, device='cuda:0')
tensor(0.8453, device='cuda:0') tensor(0.1000, device='cuda:0') tensor(0.0547, device='cuda:0')
tensor(0.8141, device='cuda:0') tensor(0.1000, device='cuda:0') tensor(0.0859, device='cuda:0')
tensor(0.8844, device='cuda:0') tensor(0.1000, device='cuda:0') tensor(0.0156, device='cuda:0')
tensor(0.8687, device='cuda:0') tensor(0.1000, device='cuda:0') tensor(0.0312, device='cuda:0')
tensor(0.8609, device='cuda:0') tensor(0.1000, device='cuda:0') tensor(0.0391, device='cuda:0')
time 1.73
error 156774.15625
4 fc2
Quantizing ...
tensor(0.8609, device='cuda:0') tensor(0.1000, device='cuda:0') tensor(0.0391, device='cuda:0')
tensor(0.8687, device='cuda:0') tensor(0.1000, device='cuda:0') tensor(0.0312, device='cuda:0')
tensor(0.8375, device='cuda:0') tensor(0.1000, device='cuda:0') tensor(0.0625, device='cuda:0')
tensor(0.8609, device='cuda:0') tensor(0.1000, device='cuda:0') tensor(0.0391, device='cuda:0')
tensor(0.8687, device='cuda:0') tensor(0.1000, device='cuda:0') tensor(0.0312, device='cuda:0')
tensor(0.8375, device='cuda:0') tensor(0.1000, device='cuda:0') tensor(0.0625, device='cuda:0')
tensor(0.8609, device='cuda:0') tensor(0.1000, device='cuda:0') tensor(0.0391, device='cuda:0')
tensor(0.8609, device='cuda:0') tensor(0.1000, device='cuda:0') tensor(0.0391, device='cuda:0')
tensor(0.8687, device='cuda:0') tensor(0.1000, device='cuda:0') tensor(0.0312, device='cuda:0')
tensor(0.8766, device='cuda:0') tensor(0.1000, device='cuda:0') tensor(0.0234, device='cuda:0')
tensor(0.8531, device='cuda:0') tensor(0.1000, device='cuda:0') tensor(0.0469, device='cuda:0')
tensor(0.8766, device='cuda:0') tensor(0.1000, device='cuda:0') tensor(0.0234, device='cuda:0')
tensor(0.8687, device='cuda:0') tensor(0.1000, device='cuda:0') tensor(0.0312, device='cuda:0')
tensor(0.8609, device='cuda:0') tensor(0.1000, device='cuda:0') tensor(0.0391, device='cuda:0')
tensor(0.8453, device='cuda:0') tensor(0.1000, device='cuda:0') tensor(0.0547, device='cuda:0')
tensor(0.8687, device='cuda:0') tensor(0.1000, device='cuda:0') tensor(0.0312, device='cuda:0')
tensor(0.7828, device='cuda:0') tensor(0.1000, device='cuda:0') tensor(0.1172, device='cuda:0')
tensor(0.8687, device='cuda:0') tensor(0.1000, device='cuda:0') tensor(0.0312, device='cuda:0')
tensor(0.8531, device='cuda:0') tensor(0.1000, device='cuda:0') tensor(0.0469, device='cuda:0')
tensor(0.8531, device='cuda:0') tensor(0.1000, device='cuda:0') tensor(0.0469, device='cuda:0')
tensor(0.8531, device='cuda:0') tensor(0.1000, device='cuda:0') tensor(0.0469, device='cuda:0')
tensor(0.8453, device='cuda:0') tensor(0.1000, device='cuda:0') tensor(0.0547, device='cuda:0')
tensor(0.8687, device='cuda:0') tensor(0.1000, device='cuda:0') tensor(0.0312, device='cuda:0')
tensor(0.8766, device='cuda:0') tensor(0.1000, device='cuda:0') tensor(0.0234, device='cuda:0')
tensor(0.8609, device='cuda:0') tensor(0.1000, device='cuda:0') tensor(0.0391, device='cuda:0')
tensor(0.8453, device='cuda:0') tensor(0.1000, device='cuda:0') tensor(0.0547, device='cuda:0')
tensor(0.8531, device='cuda:0') tensor(0.1000, device='cuda:0') tensor(0.0469, device='cuda:0')
tensor(0.8531, device='cuda:0') tensor(0.1000, device='cuda:0') tensor(0.0469, device='cuda:0')
tensor(0.8687, device='cuda:0') tensor(0.1000, device='cuda:0') tensor(0.0312, device='cuda:0')
tensor(0.8687, device='cuda:0') tensor(0.1000, device='cuda:0') tensor(0.0312, device='cuda:0')
tensor(0.8609, device='cuda:0') tensor(0.1000, device='cuda:0') tensor(0.0391, device='cuda:0')
tensor(0.8687, device='cuda:0') tensor(0.1000, device='cuda:0') tensor(0.0312, device='cuda:0')
tensor(0.8531, device='cuda:0') tensor(0.1000, device='cuda:0') tensor(0.0469, device='cuda:0')
tensor(0.7906, device='cuda:0') tensor(0.1000, device='cuda:0') tensor(0.1094, device='cuda:0')
tensor(0.8687, device='cuda:0') tensor(0.1000, device='cuda:0') tensor(0.0312, device='cuda:0')
tensor(0.8844, device='cuda:0') tensor(0.1000, device='cuda:0') tensor(0.0156, device='cuda:0')
tensor(0.8453, device='cuda:0') tensor(0.1000, device='cuda:0') tensor(0.0547, device='cuda:0')
tensor(0.8609, device='cuda:0') tensor(0.1000, device='cuda:0') tensor(0.0391, device='cuda:0')
tensor(0.8687, device='cuda:0') tensor(0.1000, device='cuda:0') tensor(0.0312, device='cuda:0')
tensor(0.8531, device='cuda:0') tensor(0.1000, device='cuda:0') tensor(0.0469, device='cuda:0')
tensor(0.8687, device='cuda:0') tensor(0.1000, device='cuda:0') tensor(0.0312, device='cuda:0')
tensor(0.8062, device='cuda:0') tensor(0.1000, device='cuda:0') tensor(0.0938, device='cuda:0')
tensor(0.8531, device='cuda:0') tensor(0.1000, device='cuda:0') tensor(0.0469, device='cuda:0')
tensor(0.8375, device='cuda:0') tensor(0.1000, device='cuda:0') tensor(0.0625, device='cuda:0')
tensor(0.8766, device='cuda:0') tensor(0.1000, device='cuda:0') tensor(0.0234, device='cuda:0')
tensor(0.8766, device='cuda:0') tensor(0.1000, device='cuda:0') tensor(0.0234, device='cuda:0')
tensor(0.8687, device='cuda:0') tensor(0.1000, device='cuda:0') tensor(0.0312, device='cuda:0')
tensor(0.7672, device='cuda:0') tensor(0.1000, device='cuda:0') tensor(0.1328, device='cuda:0')
tensor(0.7984, device='cuda:0') tensor(0.1000, device='cuda:0') tensor(0.1016, device='cuda:0')
tensor(0.8297, device='cuda:0') tensor(0.1000, device='cuda:0') tensor(0.0703, device='cuda:0')
tensor(0.8766, device='cuda:0') tensor(0.1000, device='cuda:0') tensor(0.0234, device='cuda:0')
tensor(0.8609, device='cuda:0') tensor(0.1000, device='cuda:0') tensor(0.0391, device='cuda:0')
tensor(0.8297, device='cuda:0') tensor(0.1000, device='cuda:0') tensor(0.0703, device='cuda:0')
tensor(0.8375, device='cuda:0') tensor(0.1000, device='cuda:0') tensor(0.0625, device='cuda:0')
tensor(0.8609, device='cuda:0') tensor(0.1000, device='cuda:0') tensor(0.0391, device='cuda:0')
tensor(0.8766, device='cuda:0') tensor(0.1000, device='cuda:0') tensor(0.0234, device='cuda:0')
tensor(0.8141, device='cuda:0') tensor(0.1000, device='cuda:0') tensor(0.0859, device='cuda:0')
tensor(0.8297, device='cuda:0') tensor(0.1000, device='cuda:0') tensor(0.0703, device='cuda:0')
tensor(0.8609, device='cuda:0') tensor(0.1000, device='cuda:0') tensor(0.0391, device='cuda:0')
tensor(0.8687, device='cuda:0') tensor(0.1000, device='cuda:0') tensor(0.0312, device='cuda:0')
tensor(0.8687, device='cuda:0') tensor(0.1000, device='cuda:0') tensor(0.0312, device='cuda:0')
tensor(0.8531, device='cuda:0') tensor(0.1000, device='cuda:0') tensor(0.0469, device='cuda:0')
tensor(0.7828, device='cuda:0') tensor(0.1000, device='cuda:0') tensor(0.1172, device='cuda:0')
tensor(0.8453, device='cuda:0') tensor(0.1000, device='cuda:0') tensor(0.0547, device='cuda:0')
time 5.12
error 1486.3529052734375
5 self_attn.k_proj
Quantizing ...
tensor(0.8687, device='cuda:0') tensor(0.1000, device='cuda:0') tensor(0.0312, device='cuda:0')
tensor(0.8844, device='cuda:0') tensor(0.1000, device='cuda:0') tensor(0.0156, device='cuda:0')
tensor(0.8766, device='cuda:0') tensor(0.1000, device='cuda:0') tensor(0.0234, device='cuda:0')
tensor(0.8609, device='cuda:0') tensor(0.1000, device='cuda:0') tensor(0.0391, device='cuda:0')
tensor(0.8687, device='cuda:0') tensor(0.1000, device='cuda:0') tensor(0.0312, device='cuda:0')
tensor(0.8844, device='cuda:0') tensor(0.1000, device='cuda:0') tensor(0.0156, device='cuda:0')
tensor(0.8687, device='cuda:0') tensor(0.1000, device='cuda:0') tensor(0.0312, device='cuda:0')
tensor(0.8375, device='cuda:0') tensor(0.1000, device='cuda:0') tensor(0.0625, device='cuda:0')
tensor(0.8687, device='cuda:0') tensor(0.1000, device='cuda:0') tensor(0.0312, device='cuda:0')
tensor(0.8844, device='cuda:0') tensor(0.1000, device='cuda:0') tensor(0.0156, device='cuda:0')
tensor(0.8844, device='cuda:0') tensor(0.1000, device='cuda:0') tensor(0.0156, device='cuda:0')
tensor(0.8609, device='cuda:0') tensor(0.1000, device='cuda:0') tensor(0.0391, device='cuda:0')
tensor(0.8297, device='cuda:0') tensor(0.1000, device='cuda:0') tensor(0.0703, device='cuda:0')
tensor(0.8844, device='cuda:0') tensor(0.1000, device='cuda:0') tensor(0.0156, device='cuda:0')
tensor(0.8844, device='cuda:0') tensor(0.1000, device='cuda:0') tensor(0.0156, device='cuda:0')
tensor(0.8609, device='cuda:0') tensor(0.1000, device='cuda:0') tensor(0.0391, device='cuda:0')
time 1.46
error 57298.4765625
5 self_attn.v_proj
Quantizing ...
tensor(0.6266, device='cuda:0') tensor(0.1000, device='cuda:0') tensor(0.2734, device='cuda:0')
tensor(0.7047, device='cuda:0') tensor(0.1000, device='cuda:0') tensor(0.1953, device='cuda:0')
tensor(0.6812, device='cuda:0') tensor(0.1000, device='cuda:0') tensor(0.2188, device='cuda:0')
tensor(0.6734, device='cuda:0') tensor(0.1000, device='cuda:0') tensor(0.2266, device='cuda:0')
tensor(0.8062, device='cuda:0') tensor(0.1000, device='cuda:0') tensor(0.0938, device='cuda:0')
tensor(0.6109, device='cuda:0') tensor(0.1000, device='cuda:0') tensor(0.2891, device='cuda:0')
tensor(0.5250, device='cuda:0') tensor(0.1000, device='cuda:0') tensor(0.3750, device='cuda:0')
tensor(0.7359, device='cuda:0') tensor(0.1000, device='cuda:0') tensor(0.1641, device='cuda:0')
tensor(0.6031, device='cuda:0') tensor(0.1000, device='cuda:0') tensor(0.2969, device='cuda:0')
tensor(0.8766, device='cuda:0') tensor(0.1000, device='cuda:0') tensor(0.0234, device='cuda:0')
tensor(0.8766, device='cuda:0') tensor(0.1000, device='cuda:0') tensor(0.0234, device='cuda:0')
tensor(0.7984, device='cuda:0') tensor(0.1000, device='cuda:0') tensor(0.1016, device='cuda:0')
tensor(0.7906, device='cuda:0') tensor(0.1000, device='cuda:0') tensor(0.1094, device='cuda:0')
tensor(0.8844, device='cuda:0') tensor(0.1000, device='cuda:0') tensor(0.0156, device='cuda:0')
tensor(0.8766, device='cuda:0') tensor(0.1000, device='cuda:0') tensor(0.0234, device='cuda:0')
tensor(0.8609, device='cuda:0') tensor(0.1000, device='cuda:0') tensor(0.0391, device='cuda:0')
time 1.30
error 26297.6875
5 self_attn.q_proj
Quantizing ...
tensor(0.8687, device='cuda:0') tensor(0.1000, device='cuda:0') tensor(0.0312, device='cuda:0')
tensor(0.8766, device='cuda:0') tensor(0.1000, device='cuda:0') tensor(0.0234, device='cuda:0')
tensor(0.8766, device='cuda:0') tensor(0.1000, device='cuda:0') tensor(0.0234, device='cuda:0')
tensor(0.8609, device='cuda:0') tensor(0.1000, device='cuda:0') tensor(0.0391, device='cuda:0')
tensor(0.8687, device='cuda:0') tensor(0.1000, device='cuda:0') tensor(0.0312, device='cuda:0')
tensor(0.8687, device='cuda:0') tensor(0.1000, device='cuda:0') tensor(0.0312, device='cuda:0')
tensor(0.8609, device='cuda:0') tensor(0.1000, device='cuda:0') tensor(0.0391, device='cuda:0')
tensor(0.8453, device='cuda:0') tensor(0.1000, device='cuda:0') tensor(0.0547, device='cuda:0')
tensor(0.8687, device='cuda:0') tensor(0.1000, device='cuda:0') tensor(0.0312, device='cuda:0')
tensor(0.8844, device='cuda:0') tensor(0.1000, device='cuda:0') tensor(0.0156, device='cuda:0')
tensor(0.8844, device='cuda:0') tensor(0.1000, device='cuda:0') tensor(0.0156, device='cuda:0')
tensor(0.8766, device='cuda:0') tensor(0.1000, device='cuda:0') tensor(0.0234, device='cuda:0')
tensor(0.8453, device='cuda:0') tensor(0.1000, device='cuda:0') tensor(0.0547, device='cuda:0')
tensor(0.8766, device='cuda:0') tensor(0.1000, device='cuda:0') tensor(0.0234, device='cuda:0')
tensor(0.8844, device='cuda:0') tensor(0.1000, device='cuda:0') tensor(0.0156, device='cuda:0')
tensor(0.8609, device='cuda:0') tensor(0.1000, device='cuda:0') tensor(0.0391, device='cuda:0')
time 1.29
error 80459.140625
5 self_attn.out_proj
Quantizing ...
tensor(0.8531, device='cuda:0') tensor(0.1000, device='cuda:0') tensor(0.0469, device='cuda:0')
tensor(0.8766, device='cuda:0') tensor(0.1000, device='cuda:0') tensor(0.0234, device='cuda:0')
tensor(0.5172, device='cuda:0') tensor(0.1000, device='cuda:0') tensor(0.3828, device='cuda:0')
tensor(0.6422, device='cuda:0') tensor(0.1000, device='cuda:0') tensor(0.2578, device='cuda:0')
tensor(0.5172, device='cuda:0') tensor(0.1000, device='cuda:0') tensor(0.3828, device='cuda:0')
tensor(0.5172, device='cuda:0') tensor(0.1000, device='cuda:0') tensor(0.3828, device='cuda:0')
tensor(0.8766, device='cuda:0') tensor(0.1000, device='cuda:0') tensor(0.0234, device='cuda:0')
tensor(0.5172, device='cuda:0') tensor(0.1000, device='cuda:0') tensor(0.3828, device='cuda:0')
tensor(0.8687, device='cuda:0') tensor(0.1000, device='cuda:0') tensor(0.0312, device='cuda:0')
tensor(0.8531, device='cuda:0') tensor(0.1000, device='cuda:0') tensor(0.0469, device='cuda:0')
tensor(0.8766, device='cuda:0') tensor(0.1000, device='cuda:0') tensor(0.0234, device='cuda:0')
tensor(0.8609, device='cuda:0') tensor(0.1000, device='cuda:0') tensor(0.0391, device='cuda:0')
tensor(0.8687, device='cuda:0') tensor(0.1000, device='cuda:0') tensor(0.0312, device='cuda:0')
tensor(0.8453, device='cuda:0') tensor(0.1000, device='cuda:0') tensor(0.0547, device='cuda:0')
tensor(0.8687, device='cuda:0') tensor(0.1000, device='cuda:0') tensor(0.0312, device='cuda:0')
tensor(0.8766, device='cuda:0') tensor(0.1000, device='cuda:0') tensor(0.0234, device='cuda:0')
time 1.27
error 239.33285522460938
5 fc1
Quantizing ...
tensor(0.7984, device='cuda:0') tensor(0.1000, device='cuda:0') tensor(0.1016, device='cuda:0')
tensor(0.6969, device='cuda:0') tensor(0.1000, device='cuda:0') tensor(0.2031, device='cuda:0')
tensor(0.8297, device='cuda:0') tensor(0.1000, device='cuda:0') tensor(0.0703, device='cuda:0')
tensor(0.8609, device='cuda:0') tensor(0.1000, device='cuda:0') tensor(0.0391, device='cuda:0')
tensor(0.8687, device='cuda:0') tensor(0.1000, device='cuda:0') tensor(0.0312, device='cuda:0')
tensor(0.8297, device='cuda:0') tensor(0.1000, device='cuda:0') tensor(0.0703, device='cuda:0')
tensor(0.8531, device='cuda:0') tensor(0.1000, device='cuda:0') tensor(0.0469, device='cuda:0')
tensor(0.8219, device='cuda:0') tensor(0.1000, device='cuda:0') tensor(0.0781, device='cuda:0')
tensor(0.8141, device='cuda:0') tensor(0.1000, device='cuda:0') tensor(0.0859, device='cuda:0')
tensor(0.8766, device='cuda:0') tensor(0.1000, device='cuda:0') tensor(0.0234, device='cuda:0')
tensor(0.8844, device='cuda:0') tensor(0.1000, device='cuda:0') tensor(0.0156, device='cuda:0')
tensor(0.8531, device='cuda:0') tensor(0.1000, device='cuda:0') tensor(0.0469, device='cuda:0')
tensor(0.8219, device='cuda:0') tensor(0.1000, device='cuda:0') tensor(0.0781, device='cuda:0')
tensor(0.8844, device='cuda:0') tensor(0.1000, device='cuda:0') tensor(0.0156, device='cuda:0')
tensor(0.8766, device='cuda:0') tensor(0.1000, device='cuda:0') tensor(0.0234, device='cuda:0')
tensor(0.8609, device='cuda:0') tensor(0.1000, device='cuda:0') tensor(0.0391, device='cuda:0')
time 1.74
error 199461.453125
5 fc2
Quantizing ...
tensor(0.8609, device='cuda:0') tensor(0.1000, device='cuda:0') tensor(0.0391, device='cuda:0')
tensor(0.8375, device='cuda:0') tensor(0.1000, device='cuda:0') tensor(0.0625, device='cuda:0')
tensor(0.8531, device='cuda:0') tensor(0.1000, device='cuda:0') tensor(0.0469, device='cuda:0')
tensor(0.7906, device='cuda:0') tensor(0.1000, device='cuda:0') tensor(0.1094, device='cuda:0')
tensor(0.8609, device='cuda:0') tensor(0.1000, device='cuda:0') tensor(0.0391, device='cuda:0')
tensor(0.8531, device='cuda:0') tensor(0.1000, device='cuda:0') tensor(0.0469, device='cuda:0')
tensor(0.8375, device='cuda:0') tensor(0.1000, device='cuda:0') tensor(0.0625, device='cuda:0')
tensor(0.8375, device='cuda:0') tensor(0.1000, device='cuda:0') tensor(0.0625, device='cuda:0')
tensor(0.8609, device='cuda:0') tensor(0.1000, device='cuda:0') tensor(0.0391, device='cuda:0')
tensor(0.8609, device='cuda:0') tensor(0.1000, device='cuda:0') tensor(0.0391, device='cuda:0')
tensor(0.8687, device='cuda:0') tensor(0.1000, device='cuda:0') tensor(0.0312, device='cuda:0')
tensor(0.8453, device='cuda:0') tensor(0.1000, device='cuda:0') tensor(0.0547, device='cuda:0')
tensor(0.8531, device='cuda:0') tensor(0.1000, device='cuda:0') tensor(0.0469, device='cuda:0')
tensor(0.8687, device='cuda:0') tensor(0.1000, device='cuda:0') tensor(0.0312, device='cuda:0')
tensor(0.8531, device='cuda:0') tensor(0.1000, device='cuda:0') tensor(0.0469, device='cuda:0')
tensor(0.8531, device='cuda:0') tensor(0.1000, device='cuda:0') tensor(0.0469, device='cuda:0')
tensor(0.8219, device='cuda:0') tensor(0.1000, device='cuda:0') tensor(0.0781, device='cuda:0')
tensor(0.8687, device='cuda:0') tensor(0.1000, device='cuda:0') tensor(0.0312, device='cuda:0')
tensor(0.8375, device='cuda:0') tensor(0.1000, device='cuda:0') tensor(0.0625, device='cuda:0')
tensor(0.8766, device='cuda:0') tensor(0.1000, device='cuda:0') tensor(0.0234, device='cuda:0')
tensor(0.8531, device='cuda:0') tensor(0.1000, device='cuda:0') tensor(0.0469, device='cuda:0')
tensor(0.8062, device='cuda:0') tensor(0.1000, device='cuda:0') tensor(0.0938, device='cuda:0')
tensor(0.8453, device='cuda:0') tensor(0.1000, device='cuda:0') tensor(0.0547, device='cuda:0')
tensor(0.8687, device='cuda:0') tensor(0.1000, device='cuda:0') tensor(0.0312, device='cuda:0')
tensor(0.8766, device='cuda:0') tensor(0.1000, device='cuda:0') tensor(0.0234, device='cuda:0')
tensor(0.8531, device='cuda:0') tensor(0.1000, device='cuda:0') tensor(0.0469, device='cuda:0')
tensor(0.8531, device='cuda:0') tensor(0.1000, device='cuda:0') tensor(0.0469, device='cuda:0')
tensor(0.8609, device='cuda:0') tensor(0.1000, device='cuda:0') tensor(0.0391, device='cuda:0')
tensor(0.8375, device='cuda:0') tensor(0.1000, device='cuda:0') tensor(0.0625, device='cuda:0')
tensor(0.8531, device='cuda:0') tensor(0.1000, device='cuda:0') tensor(0.0469, device='cuda:0')
tensor(0.8687, device='cuda:0') tensor(0.1000, device='cuda:0') tensor(0.0312, device='cuda:0')
tensor(0.8687, device='cuda:0') tensor(0.1000, device='cuda:0') tensor(0.0312, device='cuda:0')
tensor(0.7750, device='cuda:0') tensor(0.1000, device='cuda:0') tensor(0.1250, device='cuda:0')
tensor(0.8766, device='cuda:0') tensor(0.1000, device='cuda:0') tensor(0.0234, device='cuda:0')
tensor(0.8609, device='cuda:0') tensor(0.1000, device='cuda:0') tensor(0.0391, device='cuda:0')
tensor(0.8687, device='cuda:0') tensor(0.1000, device='cuda:0') tensor(0.0312, device='cuda:0')
tensor(0.8453, device='cuda:0') tensor(0.1000, device='cuda:0') tensor(0.0547, device='cuda:0')
tensor(0.7750, device='cuda:0') tensor(0.1000, device='cuda:0') tensor(0.1250, device='cuda:0')
tensor(0.8375, device='cuda:0') tensor(0.1000, device='cuda:0') tensor(0.0625, device='cuda:0')
tensor(0.8531, device='cuda:0') tensor(0.1000, device='cuda:0') tensor(0.0469, device='cuda:0')
tensor(0.8687, device='cuda:0') tensor(0.1000, device='cuda:0') tensor(0.0312, device='cuda:0')
tensor(0.8453, device='cuda:0') tensor(0.1000, device='cuda:0') tensor(0.0547, device='cuda:0')
tensor(0.8609, device='cuda:0') tensor(0.1000, device='cuda:0') tensor(0.0391, device='cuda:0')
tensor(0.8453, device='cuda:0') tensor(0.1000, device='cuda:0') tensor(0.0547, device='cuda:0')
tensor(0.8375, device='cuda:0') tensor(0.1000, device='cuda:0') tensor(0.0625, device='cuda:0')
tensor(0.8531, device='cuda:0') tensor(0.1000, device='cuda:0') tensor(0.0469, device='cuda:0')
tensor(0.8766, device='cuda:0') tensor(0.1000, device='cuda:0') tensor(0.0234, device='cuda:0')
tensor(0.8766, device='cuda:0') tensor(0.1000, device='cuda:0') tensor(0.0234, device='cuda:0')
tensor(0.7594, device='cuda:0') tensor(0.1000, device='cuda:0') tensor(0.1406, device='cuda:0')
tensor(0.8687, device='cuda:0') tensor(0.1000, device='cuda:0') tensor(0.0312, device='cuda:0')
tensor(0.8453, device='cuda:0') tensor(0.1000, device='cuda:0') tensor(0.0547, device='cuda:0')
tensor(0.8297, device='cuda:0') tensor(0.1000, device='cuda:0') tensor(0.0703, device='cuda:0')
tensor(0.8141, device='cuda:0') tensor(0.1000, device='cuda:0') tensor(0.0859, device='cuda:0')
tensor(0.8531, device='cuda:0') tensor(0.1000, device='cuda:0') tensor(0.0469, device='cuda:0')
tensor(0.8609, device='cuda:0') tensor(0.1000, device='cuda:0') tensor(0.0391, device='cuda:0')
tensor(0.8453, device='cuda:0') tensor(0.1000, device='cuda:0') tensor(0.0547, device='cuda:0')
tensor(0.8062, device='cuda:0') tensor(0.1000, device='cuda:0') tensor(0.0938, device='cuda:0')
tensor(0.8766, device='cuda:0') tensor(0.1000, device='cuda:0') tensor(0.0234, device='cuda:0')
tensor(0.8609, device='cuda:0') tensor(0.1000, device='cuda:0') tensor(0.0391, device='cuda:0')
tensor(0.8375, device='cuda:0') tensor(0.1000, device='cuda:0') tensor(0.0625, device='cuda:0')
tensor(0.8219, device='cuda:0') tensor(0.1000, device='cuda:0') tensor(0.0781, device='cuda:0')
tensor(0.8766, device='cuda:0') tensor(0.1000, device='cuda:0') tensor(0.0234, device='cuda:0')
tensor(0.8219, device='cuda:0') tensor(0.1000, device='cuda:0') tensor(0.0781, device='cuda:0')
tensor(0.8687, device='cuda:0') tensor(0.1000, device='cuda:0') tensor(0.0312, device='cuda:0')
time 5.08
error 1644.01904296875
6 self_attn.k_proj
Quantizing ...
tensor(0.8687, device='cuda:0') tensor(0.1000, device='cuda:0') tensor(0.0312, device='cuda:0')
tensor(0.8844, device='cuda:0') tensor(0.1000, device='cuda:0') tensor(0.0156, device='cuda:0')
tensor(0.8766, device='cuda:0') tensor(0.1000, device='cuda:0') tensor(0.0234, device='cuda:0')
tensor(0.8609, device='cuda:0') tensor(0.1000, device='cuda:0') tensor(0.0391, device='cuda:0')
tensor(0.8687, device='cuda:0') tensor(0.1000, device='cuda:0') tensor(0.0312, device='cuda:0')
tensor(0.8844, device='cuda:0') tensor(0.1000, device='cuda:0') tensor(0.0156, device='cuda:0')
tensor(0.8531, device='cuda:0') tensor(0.1000, device='cuda:0') tensor(0.0469, device='cuda:0')
tensor(0.8297, device='cuda:0') tensor(0.1000, device='cuda:0') tensor(0.0703, device='cuda:0')
tensor(0.8766, device='cuda:0') tensor(0.1000, device='cuda:0') tensor(0.0234, device='cuda:0')
tensor(0.8844, device='cuda:0') tensor(0.1000, device='cuda:0') tensor(0.0156, device='cuda:0')
tensor(0.8844, device='cuda:0') tensor(0.1000, device='cuda:0') tensor(0.0156, device='cuda:0')
tensor(0.8609, device='cuda:0') tensor(0.1000, device='cuda:0') tensor(0.0391, device='cuda:0')
tensor(0.8297, device='cuda:0') tensor(0.1000, device='cuda:0') tensor(0.0703, device='cuda:0')
tensor(0.8844, device='cuda:0') tensor(0.1000, device='cuda:0') tensor(0.0156, device='cuda:0')
tensor(0.8844, device='cuda:0') tensor(0.1000, device='cuda:0') tensor(0.0156, device='cuda:0')
tensor(0.8609, device='cuda:0') tensor(0.1000, device='cuda:0') tensor(0.0391, device='cuda:0')
time 1.61
error 99311.953125
6 self_attn.v_proj
Quantizing ...
tensor(0.7828, device='cuda:0') tensor(0.1000, device='cuda:0') tensor(0.1172, device='cuda:0')
tensor(0.5406, device='cuda:0') tensor(0.1000, device='cuda:0') tensor(0.3594, device='cuda:0')
tensor(0.6891, device='cuda:0') tensor(0.1000, device='cuda:0') tensor(0.2109, device='cuda:0')
tensor(0.7437, device='cuda:0') tensor(0.1000, device='cuda:0') tensor(0.1562, device='cuda:0')
tensor(0.5953, device='cuda:0') tensor(0.1000, device='cuda:0') tensor(0.3047, device='cuda:0')
tensor(0.7906, device='cuda:0') tensor(0.1000, device='cuda:0') tensor(0.1094, device='cuda:0')
tensor(0.7125, device='cuda:0') tensor(0.1000, device='cuda:0') tensor(0.1875, device='cuda:0')
tensor(0.6344, device='cuda:0') tensor(0.1000, device='cuda:0') tensor(0.2656, device='cuda:0')
tensor(0.5719, device='cuda:0') tensor(0.1000, device='cuda:0') tensor(0.3281, device='cuda:0')
tensor(0.8609, device='cuda:0') tensor(0.1000, device='cuda:0') tensor(0.0391, device='cuda:0')
tensor(0.8687, device='cuda:0') tensor(0.1000, device='cuda:0') tensor(0.0312, device='cuda:0')
tensor(0.8297, device='cuda:0') tensor(0.1000, device='cuda:0') tensor(0.0703, device='cuda:0')
tensor(0.7750, device='cuda:0') tensor(0.1000, device='cuda:0') tensor(0.1250, device='cuda:0')
tensor(0.8844, device='cuda:0') tensor(0.1000, device='cuda:0') tensor(0.0156, device='cuda:0')
tensor(0.8766, device='cuda:0') tensor(0.1000, device='cuda:0') tensor(0.0234, device='cuda:0')
tensor(0.8531, device='cuda:0') tensor(0.1000, device='cuda:0') tensor(0.0469, device='cuda:0')
time 1.42
error 37718.0625
6 self_attn.q_proj
Quantizing ...
tensor(0.8609, device='cuda:0') tensor(0.1000, device='cuda:0') tensor(0.0391, device='cuda:0')
tensor(0.8766, device='cuda:0') tensor(0.1000, device='cuda:0') tensor(0.0234, device='cuda:0')
tensor(0.8687, device='cuda:0') tensor(0.1000, device='cuda:0') tensor(0.0312, device='cuda:0')
tensor(0.8531, device='cuda:0') tensor(0.1000, device='cuda:0') tensor(0.0469, device='cuda:0')
tensor(0.8687, device='cuda:0') tensor(0.1000, device='cuda:0') tensor(0.0312, device='cuda:0')
tensor(0.8687, device='cuda:0') tensor(0.1000, device='cuda:0') tensor(0.0312, device='cuda:0')
tensor(0.8609, device='cuda:0') tensor(0.1000, device='cuda:0') tensor(0.0391, device='cuda:0')
tensor(0.8375, device='cuda:0') tensor(0.1000, device='cuda:0') tensor(0.0625, device='cuda:0')
tensor(0.8687, device='cuda:0') tensor(0.1000, device='cuda:0') tensor(0.0312, device='cuda:0')
tensor(0.8844, device='cuda:0') tensor(0.1000, device='cuda:0') tensor(0.0156, device='cuda:0')
tensor(0.8844, device='cuda:0') tensor(0.1000, device='cuda:0') tensor(0.0156, device='cuda:0')
tensor(0.8687, device='cuda:0') tensor(0.1000, device='cuda:0') tensor(0.0312, device='cuda:0')
tensor(0.7516, device='cuda:0') tensor(0.1000, device='cuda:0') tensor(0.1484, device='cuda:0')
tensor(0.8766, device='cuda:0') tensor(0.1000, device='cuda:0') tensor(0.0234, device='cuda:0')
tensor(0.8766, device='cuda:0') tensor(0.1000, device='cuda:0') tensor(0.0234, device='cuda:0')
tensor(0.8609, device='cuda:0') tensor(0.1000, device='cuda:0') tensor(0.0391, device='cuda:0')
time 1.41
error 146211.53125
6 self_attn.out_proj
Quantizing ...
tensor(0.8687, device='cuda:0') tensor(0.1000, device='cuda:0') tensor(0.0312, device='cuda:0')
tensor(0.8375, device='cuda:0') tensor(0.1000, device='cuda:0') tensor(0.0625, device='cuda:0')
tensor(0.5172, device='cuda:0') tensor(0.1000, device='cuda:0') tensor(0.3828, device='cuda:0')
tensor(0.8766, device='cuda:0') tensor(0.1000, device='cuda:0') tensor(0.0234, device='cuda:0')
tensor(0.8687, device='cuda:0') tensor(0.1000, device='cuda:0') tensor(0.0312, device='cuda:0')
tensor(0.5172, device='cuda:0') tensor(0.1000, device='cuda:0') tensor(0.3828, device='cuda:0')
tensor(0.8453, device='cuda:0') tensor(0.1000, device='cuda:0') tensor(0.0547, device='cuda:0')
tensor(0.8531, device='cuda:0') tensor(0.1000, device='cuda:0') tensor(0.0469, device='cuda:0')
tensor(0.8766, device='cuda:0') tensor(0.1000, device='cuda:0') tensor(0.0234, device='cuda:0')
tensor(0.8687, device='cuda:0') tensor(0.1000, device='cuda:0') tensor(0.0312, device='cuda:0')
tensor(0.8687, device='cuda:0') tensor(0.1000, device='cuda:0') tensor(0.0312, device='cuda:0')
tensor(0.8609, device='cuda:0') tensor(0.1000, device='cuda:0') tensor(0.0391, device='cuda:0')
tensor(0.8687, device='cuda:0') tensor(0.1000, device='cuda:0') tensor(0.0312, device='cuda:0')
tensor(0.8375, device='cuda:0') tensor(0.1000, device='cuda:0') tensor(0.0625, device='cuda:0')
tensor(0.8453, device='cuda:0') tensor(0.1000, device='cuda:0') tensor(0.0547, device='cuda:0')
tensor(0.8766, device='cuda:0') tensor(0.1000, device='cuda:0') tensor(0.0234, device='cuda:0')
time 1.43
error 557.6211547851562
6 fc1
Quantizing ...
tensor(0.7984, device='cuda:0') tensor(0.1000, device='cuda:0') tensor(0.1016, device='cuda:0')
tensor(0.7984, device='cuda:0') tensor(0.1000, device='cuda:0') tensor(0.1016, device='cuda:0')
tensor(0.8453, device='cuda:0') tensor(0.1000, device='cuda:0') tensor(0.0547, device='cuda:0')
tensor(0.8609, device='cuda:0') tensor(0.1000, device='cuda:0') tensor(0.0391, device='cuda:0')
tensor(0.8609, device='cuda:0') tensor(0.1000, device='cuda:0') tensor(0.0391, device='cuda:0')
tensor(0.7359, device='cuda:0') tensor(0.1000, device='cuda:0') tensor(0.1641, device='cuda:0')
tensor(0.8609, device='cuda:0') tensor(0.1000, device='cuda:0') tensor(0.0391, device='cuda:0')
tensor(0.7984, device='cuda:0') tensor(0.1000, device='cuda:0') tensor(0.1016, device='cuda:0')
tensor(0.8297, device='cuda:0') tensor(0.1000, device='cuda:0') tensor(0.0703, device='cuda:0')
tensor(0.8766, device='cuda:0') tensor(0.1000, device='cuda:0') tensor(0.0234, device='cuda:0')
tensor(0.8844, device='cuda:0') tensor(0.1000, device='cuda:0') tensor(0.0156, device='cuda:0')
tensor(0.8531, device='cuda:0') tensor(0.1000, device='cuda:0') tensor(0.0469, device='cuda:0')
tensor(0.8141, device='cuda:0') tensor(0.1000, device='cuda:0') tensor(0.0859, device='cuda:0')
tensor(0.8766, device='cuda:0') tensor(0.1000, device='cuda:0') tensor(0.0234, device='cuda:0')
tensor(0.8687, device='cuda:0') tensor(0.1000, device='cuda:0') tensor(0.0312, device='cuda:0')
tensor(0.8609, device='cuda:0') tensor(0.1000, device='cuda:0') tensor(0.0391, device='cuda:0')
time 1.85
error 258500.65625
6 fc2
Quantizing ...
tensor(0.8453, device='cuda:0') tensor(0.1000, device='cuda:0') tensor(0.0547, device='cuda:0')
tensor(0.8687, device='cuda:0') tensor(0.1000, device='cuda:0') tensor(0.0312, device='cuda:0')
tensor(0.8609, device='cuda:0') tensor(0.1000, device='cuda:0') tensor(0.0391, device='cuda:0')
tensor(0.7984, device='cuda:0') tensor(0.1000, device='cuda:0') tensor(0.1016, device='cuda:0')
tensor(0.8219, device='cuda:0') tensor(0.1000, device='cuda:0') tensor(0.0781, device='cuda:0')
tensor(0.8062, device='cuda:0') tensor(0.1000, device='cuda:0') tensor(0.0938, device='cuda:0')
tensor(0.8062, device='cuda:0') tensor(0.1000, device='cuda:0') tensor(0.0938, device='cuda:0')
tensor(0.8687, device='cuda:0') tensor(0.1000, device='cuda:0') tensor(0.0312, device='cuda:0')
tensor(0.8531, device='cuda:0') tensor(0.1000, device='cuda:0') tensor(0.0469, device='cuda:0')
tensor(0.8687, device='cuda:0') tensor(0.1000, device='cuda:0') tensor(0.0312, device='cuda:0')
tensor(0.8453, device='cuda:0') tensor(0.1000, device='cuda:0') tensor(0.0547, device='cuda:0')
tensor(0.8609, device='cuda:0') tensor(0.1000, device='cuda:0') tensor(0.0391, device='cuda:0')
tensor(0.8531, device='cuda:0') tensor(0.1000, device='cuda:0') tensor(0.0469, device='cuda:0')
tensor(0.8453, device='cuda:0') tensor(0.1000, device='cuda:0') tensor(0.0547, device='cuda:0')
tensor(0.8687, device='cuda:0') tensor(0.1000, device='cuda:0') tensor(0.0312, device='cuda:0')
tensor(0.8062, device='cuda:0') tensor(0.1000, device='cuda:0') tensor(0.0938, device='cuda:0')
tensor(0.8375, device='cuda:0') tensor(0.1000, device='cuda:0') tensor(0.0625, device='cuda:0')
tensor(0.8766, device='cuda:0') tensor(0.1000, device='cuda:0') tensor(0.0234, device='cuda:0')
tensor(0.8375, device='cuda:0') tensor(0.1000, device='cuda:0') tensor(0.0625, device='cuda:0')
tensor(0.8531, device='cuda:0') tensor(0.1000, device='cuda:0') tensor(0.0469, device='cuda:0')
tensor(0.8375, device='cuda:0') tensor(0.1000, device='cuda:0') tensor(0.0625, device='cuda:0')
tensor(0.8609, device='cuda:0') tensor(0.1000, device='cuda:0') tensor(0.0391, device='cuda:0')
tensor(0.8062, device='cuda:0') tensor(0.1000, device='cuda:0') tensor(0.0938, device='cuda:0')
tensor(0.8609, device='cuda:0') tensor(0.1000, device='cuda:0') tensor(0.0391, device='cuda:0')
tensor(0.8766, device='cuda:0') tensor(0.1000, device='cuda:0') tensor(0.0234, device='cuda:0')
tensor(0.8609, device='cuda:0') tensor(0.1000, device='cuda:0') tensor(0.0391, device='cuda:0')
tensor(0.8766, device='cuda:0') tensor(0.1000, device='cuda:0') tensor(0.0234, device='cuda:0')
tensor(0.8453, device='cuda:0') tensor(0.1000, device='cuda:0') tensor(0.0547, device='cuda:0')
tensor(0.8219, device='cuda:0') tensor(0.1000, device='cuda:0') tensor(0.0781, device='cuda:0')
tensor(0.5953, device='cuda:0') tensor(0.1000, device='cuda:0') tensor(0.3047, device='cuda:0')
tensor(0.8297, device='cuda:0') tensor(0.1000, device='cuda:0') tensor(0.0703, device='cuda:0')
tensor(0.8453, device='cuda:0') tensor(0.1000, device='cuda:0') tensor(0.0547, device='cuda:0')
tensor(0.8062, device='cuda:0') tensor(0.1000, device='cuda:0') tensor(0.0938, device='cuda:0')
tensor(0.7984, device='cuda:0') tensor(0.1000, device='cuda:0') tensor(0.1016, device='cuda:0')
tensor(0.7594, device='cuda:0') tensor(0.1000, device='cuda:0') tensor(0.1406, device='cuda:0')
tensor(0.8687, device='cuda:0') tensor(0.1000, device='cuda:0') tensor(0.0312, device='cuda:0')
tensor(0.8609, device='cuda:0') tensor(0.1000, device='cuda:0') tensor(0.0391, device='cuda:0')
tensor(0.8844, device='cuda:0') tensor(0.1000, device='cuda:0') tensor(0.0156, device='cuda:0')
tensor(0.8453, device='cuda:0') tensor(0.1000, device='cuda:0') tensor(0.0547, device='cuda:0')
tensor(0.8687, device='cuda:0') tensor(0.1000, device='cuda:0') tensor(0.0312, device='cuda:0')
tensor(0.8531, device='cuda:0') tensor(0.1000, device='cuda:0') tensor(0.0469, device='cuda:0')
tensor(0.8687, device='cuda:0') tensor(0.1000, device='cuda:0') tensor(0.0312, device='cuda:0')
tensor(0.8453, device='cuda:0') tensor(0.1000, device='cuda:0') tensor(0.0547, device='cuda:0')
tensor(0.8297, device='cuda:0') tensor(0.1000, device='cuda:0') tensor(0.0703, device='cuda:0')
tensor(0.8453, device='cuda:0') tensor(0.1000, device='cuda:0') tensor(0.0547, device='cuda:0')
tensor(0.8609, device='cuda:0') tensor(0.1000, device='cuda:0') tensor(0.0391, device='cuda:0')
tensor(0.8375, device='cuda:0') tensor(0.1000, device='cuda:0') tensor(0.0625, device='cuda:0')
tensor(0.8531, device='cuda:0') tensor(0.1000, device='cuda:0') tensor(0.0469, device='cuda:0')
tensor(0.8141, device='cuda:0') tensor(0.1000, device='cuda:0') tensor(0.0859, device='cuda:0')
tensor(0.8687, device='cuda:0') tensor(0.1000, device='cuda:0') tensor(0.0312, device='cuda:0')
tensor(0.8766, device='cuda:0') tensor(0.1000, device='cuda:0') tensor(0.0234, device='cuda:0')
tensor(0.8609, device='cuda:0') tensor(0.1000, device='cuda:0') tensor(0.0391, device='cuda:0')
tensor(0.8687, device='cuda:0') tensor(0.1000, device='cuda:0') tensor(0.0312, device='cuda:0')
tensor(0.8375, device='cuda:0') tensor(0.1000, device='cuda:0') tensor(0.0625, device='cuda:0')
tensor(0.8531, device='cuda:0') tensor(0.1000, device='cuda:0') tensor(0.0469, device='cuda:0')
tensor(0.8375, device='cuda:0') tensor(0.1000, device='cuda:0') tensor(0.0625, device='cuda:0')
tensor(0.8687, device='cuda:0') tensor(0.1000, device='cuda:0') tensor(0.0312, device='cuda:0')
tensor(0.8531, device='cuda:0') tensor(0.1000, device='cuda:0') tensor(0.0469, device='cuda:0')
tensor(0.8375, device='cuda:0') tensor(0.1000, device='cuda:0') tensor(0.0625, device='cuda:0')
tensor(0.8687, device='cuda:0') tensor(0.1000, device='cuda:0') tensor(0.0312, device='cuda:0')
tensor(0.8531, device='cuda:0') tensor(0.1000, device='cuda:0') tensor(0.0469, device='cuda:0')
tensor(0.8453, device='cuda:0') tensor(0.1000, device='cuda:0') tensor(0.0547, device='cuda:0')
tensor(0.8687, device='cuda:0') tensor(0.1000, device='cuda:0') tensor(0.0312, device='cuda:0')
tensor(0.8687, device='cuda:0') tensor(0.1000, device='cuda:0') tensor(0.0312, device='cuda:0')
time 5.28
error 2128.791259765625
7 self_attn.k_proj
Quantizing ...
tensor(0.8687, device='cuda:0') tensor(0.1000, device='cuda:0') tensor(0.0312, device='cuda:0')
tensor(0.8844, device='cuda:0') tensor(0.1000, device='cuda:0') tensor(0.0156, device='cuda:0')
tensor(0.8766, device='cuda:0') tensor(0.1000, device='cuda:0') tensor(0.0234, device='cuda:0')
tensor(0.8531, device='cuda:0') tensor(0.1000, device='cuda:0') tensor(0.0469, device='cuda:0')
tensor(0.8687, device='cuda:0') tensor(0.1000, device='cuda:0') tensor(0.0312, device='cuda:0')
tensor(0.8844, device='cuda:0') tensor(0.1000, device='cuda:0') tensor(0.0156, device='cuda:0')
tensor(0.8531, device='cuda:0') tensor(0.1000, device='cuda:0') tensor(0.0469, device='cuda:0')
tensor(0.8453, device='cuda:0') tensor(0.1000, device='cuda:0') tensor(0.0547, device='cuda:0')
tensor(0.8766, device='cuda:0') tensor(0.1000, device='cuda:0') tensor(0.0234, device='cuda:0')
tensor(0.8844, device='cuda:0') tensor(0.1000, device='cuda:0') tensor(0.0156, device='cuda:0')
tensor(0.8844, device='cuda:0') tensor(0.1000, device='cuda:0') tensor(0.0156, device='cuda:0')
tensor(0.8687, device='cuda:0') tensor(0.1000, device='cuda:0') tensor(0.0312, device='cuda:0')
tensor(0.8453, device='cuda:0') tensor(0.1000, device='cuda:0') tensor(0.0547, device='cuda:0')
tensor(0.8844, device='cuda:0') tensor(0.1000, device='cuda:0') tensor(0.0156, device='cuda:0')
tensor(0.8844, device='cuda:0') tensor(0.1000, device='cuda:0') tensor(0.0156, device='cuda:0')
tensor(0.8609, device='cuda:0') tensor(0.1000, device='cuda:0') tensor(0.0391, device='cuda:0')
time 1.47
error 131877.46875
7 self_attn.v_proj
Quantizing ...
tensor(0.7828, device='cuda:0') tensor(0.1000, device='cuda:0') tensor(0.1172, device='cuda:0')
tensor(0.7203, device='cuda:0') tensor(0.1000, device='cuda:0') tensor(0.1797, device='cuda:0')
tensor(0.8219, device='cuda:0') tensor(0.1000, device='cuda:0') tensor(0.0781, device='cuda:0')
tensor(0.7828, device='cuda:0') tensor(0.1000, device='cuda:0') tensor(0.1172, device='cuda:0')
tensor(0.5406, device='cuda:0') tensor(0.1000, device='cuda:0') tensor(0.3594, device='cuda:0')
tensor(0.7437, device='cuda:0') tensor(0.1000, device='cuda:0') tensor(0.1562, device='cuda:0')
tensor(0.5172, device='cuda:0') tensor(0.1000, device='cuda:0') tensor(0.3828, device='cuda:0')
tensor(0.5328, device='cuda:0') tensor(0.1000, device='cuda:0') tensor(0.3672, device='cuda:0')
tensor(0.7828, device='cuda:0') tensor(0.1000, device='cuda:0') tensor(0.1172, device='cuda:0')
tensor(0.8609, device='cuda:0') tensor(0.1000, device='cuda:0') tensor(0.0391, device='cuda:0')
tensor(0.8766, device='cuda:0') tensor(0.1000, device='cuda:0') tensor(0.0234, device='cuda:0')
tensor(0.6266, device='cuda:0') tensor(0.1000, device='cuda:0') tensor(0.2734, device='cuda:0')
tensor(0.6187, device='cuda:0') tensor(0.1000, device='cuda:0') tensor(0.2812, device='cuda:0')
tensor(0.8844, device='cuda:0') tensor(0.1000, device='cuda:0') tensor(0.0156, device='cuda:0')
tensor(0.8687, device='cuda:0') tensor(0.1000, device='cuda:0') tensor(0.0312, device='cuda:0')
tensor(0.8297, device='cuda:0') tensor(0.1000, device='cuda:0') tensor(0.0703, device='cuda:0')
time 1.26
error 42722.5078125
7 self_attn.q_proj
Quantizing ...
tensor(0.8609, device='cuda:0') tensor(0.1000, device='cuda:0') tensor(0.0391, device='cuda:0')
tensor(0.8687, device='cuda:0') tensor(0.1000, device='cuda:0') tensor(0.0312, device='cuda:0')
tensor(0.8687, device='cuda:0') tensor(0.1000, device='cuda:0') tensor(0.0312, device='cuda:0')
tensor(0.8609, device='cuda:0') tensor(0.1000, device='cuda:0') tensor(0.0391, device='cuda:0')
tensor(0.8687, device='cuda:0') tensor(0.1000, device='cuda:0') tensor(0.0312, device='cuda:0')
tensor(0.8687, device='cuda:0') tensor(0.1000, device='cuda:0') tensor(0.0312, device='cuda:0')
tensor(0.8609, device='cuda:0') tensor(0.1000, device='cuda:0') tensor(0.0391, device='cuda:0')
tensor(0.8141, device='cuda:0') tensor(0.1000, device='cuda:0') tensor(0.0859, device='cuda:0')
tensor(0.8609, device='cuda:0') tensor(0.1000, device='cuda:0') tensor(0.0391, device='cuda:0')
tensor(0.8844, device='cuda:0') tensor(0.1000, device='cuda:0') tensor(0.0156, device='cuda:0')
tensor(0.8844, device='cuda:0') tensor(0.1000, device='cuda:0') tensor(0.0156, device='cuda:0')
tensor(0.8687, device='cuda:0') tensor(0.1000, device='cuda:0') tensor(0.0312, device='cuda:0')
tensor(0.8531, device='cuda:0') tensor(0.1000, device='cuda:0') tensor(0.0469, device='cuda:0')
tensor(0.8766, device='cuda:0') tensor(0.1000, device='cuda:0') tensor(0.0234, device='cuda:0')
tensor(0.8766, device='cuda:0') tensor(0.1000, device='cuda:0') tensor(0.0234, device='cuda:0')
tensor(0.8609, device='cuda:0') tensor(0.1000, device='cuda:0') tensor(0.0391, device='cuda:0')
time 1.31
error 172117.375
7 self_attn.out_proj
Quantizing ...
tensor(0.8375, device='cuda:0') tensor(0.1000, device='cuda:0') tensor(0.0625, device='cuda:0')
tensor(0.8766, device='cuda:0') tensor(0.1000, device='cuda:0') tensor(0.0234, device='cuda:0')
tensor(0.8687, device='cuda:0') tensor(0.1000, device='cuda:0') tensor(0.0312, device='cuda:0')
tensor(0.5172, device='cuda:0') tensor(0.1000, device='cuda:0') tensor(0.3828, device='cuda:0')
tensor(0.5172, device='cuda:0') tensor(0.1000, device='cuda:0') tensor(0.3828, device='cuda:0')
tensor(0.8219, device='cuda:0') tensor(0.1000, device='cuda:0') tensor(0.0781, device='cuda:0')
tensor(0.8531, device='cuda:0') tensor(0.1000, device='cuda:0') tensor(0.0469, device='cuda:0')
tensor(0.8453, device='cuda:0') tensor(0.1000, device='cuda:0') tensor(0.0547, device='cuda:0')
tensor(0.8609, device='cuda:0') tensor(0.1000, device='cuda:0') tensor(0.0391, device='cuda:0')
tensor(0.8766, device='cuda:0') tensor(0.1000, device='cuda:0') tensor(0.0234, device='cuda:0')
tensor(0.8687, device='cuda:0') tensor(0.1000, device='cuda:0') tensor(0.0312, device='cuda:0')
tensor(0.8609, device='cuda:0') tensor(0.1000, device='cuda:0') tensor(0.0391, device='cuda:0')
tensor(0.8766, device='cuda:0') tensor(0.1000, device='cuda:0') tensor(0.0234, device='cuda:0')
tensor(0.7984, device='cuda:0') tensor(0.1000, device='cuda:0') tensor(0.1016, device='cuda:0')
tensor(0.8297, device='cuda:0') tensor(0.1000, device='cuda:0') tensor(0.0703, device='cuda:0')
tensor(0.8687, device='cuda:0') tensor(0.1000, device='cuda:0') tensor(0.0312, device='cuda:0')
time 1.27
error 886.1192626953125
7 fc1
Quantizing ...
tensor(0.8062, device='cuda:0') tensor(0.1000, device='cuda:0') tensor(0.0938, device='cuda:0')
tensor(0.7750, device='cuda:0') tensor(0.1000, device='cuda:0') tensor(0.1250, device='cuda:0')
tensor(0.8453, device='cuda:0') tensor(0.1000, device='cuda:0') tensor(0.0547, device='cuda:0')
tensor(0.8453, device='cuda:0') tensor(0.1000, device='cuda:0') tensor(0.0547, device='cuda:0')
tensor(0.8609, device='cuda:0') tensor(0.1000, device='cuda:0') tensor(0.0391, device='cuda:0')
tensor(0.8062, device='cuda:0') tensor(0.1000, device='cuda:0') tensor(0.0938, device='cuda:0')
tensor(0.8609, device='cuda:0') tensor(0.1000, device='cuda:0') tensor(0.0391, device='cuda:0')
tensor(0.8141, device='cuda:0') tensor(0.1000, device='cuda:0') tensor(0.0859, device='cuda:0')
tensor(0.8375, device='cuda:0') tensor(0.1000, device='cuda:0') tensor(0.0625, device='cuda:0')
tensor(0.8766, device='cuda:0') tensor(0.1000, device='cuda:0') tensor(0.0234, device='cuda:0')
tensor(0.8766, device='cuda:0') tensor(0.1000, device='cuda:0') tensor(0.0234, device='cuda:0')
tensor(0.8531, device='cuda:0') tensor(0.1000, device='cuda:0') tensor(0.0469, device='cuda:0')
tensor(0.8297, device='cuda:0') tensor(0.1000, device='cuda:0') tensor(0.0703, device='cuda:0')
tensor(0.8766, device='cuda:0') tensor(0.1000, device='cuda:0') tensor(0.0234, device='cuda:0')
tensor(0.8687, device='cuda:0') tensor(0.1000, device='cuda:0') tensor(0.0312, device='cuda:0')
tensor(0.8531, device='cuda:0') tensor(0.1000, device='cuda:0') tensor(0.0469, device='cuda:0')
time 1.73
error 345782.6875
7 fc2
Quantizing ...
tensor(0.8297, device='cuda:0') tensor(0.1000, device='cuda:0') tensor(0.0703, device='cuda:0')
tensor(0.5953, device='cuda:0') tensor(0.1000, device='cuda:0') tensor(0.3047, device='cuda:0')
tensor(0.8453, device='cuda:0') tensor(0.1000, device='cuda:0') tensor(0.0547, device='cuda:0')
tensor(0.7437, device='cuda:0') tensor(0.1000, device='cuda:0') tensor(0.1562, device='cuda:0')
tensor(0.8531, device='cuda:0') tensor(0.1000, device='cuda:0') tensor(0.0469, device='cuda:0')
tensor(0.8141, device='cuda:0') tensor(0.1000, device='cuda:0') tensor(0.0859, device='cuda:0')
tensor(0.8687, device='cuda:0') tensor(0.1000, device='cuda:0') tensor(0.0312, device='cuda:0')
tensor(0.8687, device='cuda:0') tensor(0.1000, device='cuda:0') tensor(0.0312, device='cuda:0')
tensor(0.7672, device='cuda:0') tensor(0.1000, device='cuda:0') tensor(0.1328, device='cuda:0')
tensor(0.8375, device='cuda:0') tensor(0.1000, device='cuda:0') tensor(0.0625, device='cuda:0')
tensor(0.8219, device='cuda:0') tensor(0.1000, device='cuda:0') tensor(0.0781, device='cuda:0')
tensor(0.8687, device='cuda:0') tensor(0.1000, device='cuda:0') tensor(0.0312, device='cuda:0')
tensor(0.8609, device='cuda:0') tensor(0.1000, device='cuda:0') tensor(0.0391, device='cuda:0')
tensor(0.8375, device='cuda:0') tensor(0.1000, device='cuda:0') tensor(0.0625, device='cuda:0')
tensor(0.8609, device='cuda:0') tensor(0.1000, device='cuda:0') tensor(0.0391, device='cuda:0')
tensor(0.8219, device='cuda:0') tensor(0.1000, device='cuda:0') tensor(0.0781, device='cuda:0')
tensor(0.8062, device='cuda:0') tensor(0.1000, device='cuda:0') tensor(0.0938, device='cuda:0')
tensor(0.8687, device='cuda:0') tensor(0.1000, device='cuda:0') tensor(0.0312, device='cuda:0')
tensor(0.8453, device='cuda:0') tensor(0.1000, device='cuda:0') tensor(0.0547, device='cuda:0')
tensor(0.8687, device='cuda:0') tensor(0.1000, device='cuda:0') tensor(0.0312, device='cuda:0')
tensor(0.8687, device='cuda:0') tensor(0.1000, device='cuda:0') tensor(0.0312, device='cuda:0')
tensor(0.8219, device='cuda:0') tensor(0.1000, device='cuda:0') tensor(0.0781, device='cuda:0')
tensor(0.7984, device='cuda:0') tensor(0.1000, device='cuda:0') tensor(0.1016, device='cuda:0')
tensor(0.8687, device='cuda:0') tensor(0.1000, device='cuda:0') tensor(0.0312, device='cuda:0')
tensor(0.8531, device='cuda:0') tensor(0.1000, device='cuda:0') tensor(0.0469, device='cuda:0')
tensor(0.8687, device='cuda:0') tensor(0.1000, device='cuda:0') tensor(0.0312, device='cuda:0')
tensor(0.7906, device='cuda:0') tensor(0.1000, device='cuda:0') tensor(0.1094, device='cuda:0')
tensor(0.8375, device='cuda:0') tensor(0.1000, device='cuda:0') tensor(0.0625, device='cuda:0')
tensor(0.8531, device='cuda:0') tensor(0.1000, device='cuda:0') tensor(0.0469, device='cuda:0')
tensor(0.8531, device='cuda:0') tensor(0.1000, device='cuda:0') tensor(0.0469, device='cuda:0')
tensor(0.8531, device='cuda:0') tensor(0.1000, device='cuda:0') tensor(0.0469, device='cuda:0')
tensor(0.7984, device='cuda:0') tensor(0.1000, device='cuda:0') tensor(0.1016, device='cuda:0')
tensor(0.8453, device='cuda:0') tensor(0.1000, device='cuda:0') tensor(0.0547, device='cuda:0')
tensor(0.8531, device='cuda:0') tensor(0.1000, device='cuda:0') tensor(0.0469, device='cuda:0')
tensor(0.8453, device='cuda:0') tensor(0.1000, device='cuda:0') tensor(0.0547, device='cuda:0')
tensor(0.8687, device='cuda:0') tensor(0.1000, device='cuda:0') tensor(0.0312, device='cuda:0')
tensor(0.8453, device='cuda:0') tensor(0.1000, device='cuda:0') tensor(0.0547, device='cuda:0')
tensor(0.8687, device='cuda:0') tensor(0.1000, device='cuda:0') tensor(0.0312, device='cuda:0')
tensor(0.8687, device='cuda:0') tensor(0.1000, device='cuda:0') tensor(0.0312, device='cuda:0')
tensor(0.8219, device='cuda:0') tensor(0.1000, device='cuda:0') tensor(0.0781, device='cuda:0')
tensor(0.8687, device='cuda:0') tensor(0.1000, device='cuda:0') tensor(0.0312, device='cuda:0')
tensor(0.8609, device='cuda:0') tensor(0.1000, device='cuda:0') tensor(0.0391, device='cuda:0')
tensor(0.8609, device='cuda:0') tensor(0.1000, device='cuda:0') tensor(0.0391, device='cuda:0')
tensor(0.8531, device='cuda:0') tensor(0.1000, device='cuda:0') tensor(0.0469, device='cuda:0')
tensor(0.8531, device='cuda:0') tensor(0.1000, device='cuda:0') tensor(0.0469, device='cuda:0')
tensor(0.8609, device='cuda:0') tensor(0.1000, device='cuda:0') tensor(0.0391, device='cuda:0')
tensor(0.8453, device='cuda:0') tensor(0.1000, device='cuda:0') tensor(0.0547, device='cuda:0')
tensor(0.8219, device='cuda:0') tensor(0.1000, device='cuda:0') tensor(0.0781, device='cuda:0')
tensor(0.8531, device='cuda:0') tensor(0.1000, device='cuda:0') tensor(0.0469, device='cuda:0')
tensor(0.8609, device='cuda:0') tensor(0.1000, device='cuda:0') tensor(0.0391, device='cuda:0')
tensor(0.8141, device='cuda:0') tensor(0.1000, device='cuda:0') tensor(0.0859, device='cuda:0')
tensor(0.8609, device='cuda:0') tensor(0.1000, device='cuda:0') tensor(0.0391, device='cuda:0')
tensor(0.7516, device='cuda:0') tensor(0.1000, device='cuda:0') tensor(0.1484, device='cuda:0')
tensor(0.8219, device='cuda:0') tensor(0.1000, device='cuda:0') tensor(0.0781, device='cuda:0')
tensor(0.7984, device='cuda:0') tensor(0.1000, device='cuda:0') tensor(0.1016, device='cuda:0')
tensor(0.7906, device='cuda:0') tensor(0.1000, device='cuda:0') tensor(0.1094, device='cuda:0')
tensor(0.8297, device='cuda:0') tensor(0.1000, device='cuda:0') tensor(0.0703, device='cuda:0')
tensor(0.8687, device='cuda:0') tensor(0.1000, device='cuda:0') tensor(0.0312, device='cuda:0')
tensor(0.8844, device='cuda:0') tensor(0.1000, device='cuda:0') tensor(0.0156, device='cuda:0')
tensor(0.8375, device='cuda:0') tensor(0.1000, device='cuda:0') tensor(0.0625, device='cuda:0')
tensor(0.8062, device='cuda:0') tensor(0.1000, device='cuda:0') tensor(0.0938, device='cuda:0')
tensor(0.8219, device='cuda:0') tensor(0.1000, device='cuda:0') tensor(0.0781, device='cuda:0')
tensor(0.7984, device='cuda:0') tensor(0.1000, device='cuda:0') tensor(0.1016, device='cuda:0')
tensor(0.8453, device='cuda:0') tensor(0.1000, device='cuda:0') tensor(0.0547, device='cuda:0')
time 5.24
error 3033.120361328125
8 self_attn.k_proj
Quantizing ...
tensor(0.8687, device='cuda:0') tensor(0.1000, device='cuda:0') tensor(0.0312, device='cuda:0')
tensor(0.8844, device='cuda:0') tensor(0.1000, device='cuda:0') tensor(0.0156, device='cuda:0')
tensor(0.8687, device='cuda:0') tensor(0.1000, device='cuda:0') tensor(0.0312, device='cuda:0')
tensor(0.8531, device='cuda:0') tensor(0.1000, device='cuda:0') tensor(0.0469, device='cuda:0')
tensor(0.8687, device='cuda:0') tensor(0.1000, device='cuda:0') tensor(0.0312, device='cuda:0')
tensor(0.8766, device='cuda:0') tensor(0.1000, device='cuda:0') tensor(0.0234, device='cuda:0')
tensor(0.8531, device='cuda:0') tensor(0.1000, device='cuda:0') tensor(0.0469, device='cuda:0')
tensor(0.8453, device='cuda:0') tensor(0.1000, device='cuda:0') tensor(0.0547, device='cuda:0')
tensor(0.8687, device='cuda:0') tensor(0.1000, device='cuda:0') tensor(0.0312, device='cuda:0')
tensor(0.8844, device='cuda:0') tensor(0.1000, device='cuda:0') tensor(0.0156, device='cuda:0')
tensor(0.8844, device='cuda:0') tensor(0.1000, device='cuda:0') tensor(0.0156, device='cuda:0')
tensor(0.8531, device='cuda:0') tensor(0.1000, device='cuda:0') tensor(0.0469, device='cuda:0')
tensor(0.8375, device='cuda:0') tensor(0.1000, device='cuda:0') tensor(0.0625, device='cuda:0')
tensor(0.8766, device='cuda:0') tensor(0.1000, device='cuda:0') tensor(0.0234, device='cuda:0')
tensor(0.8844, device='cuda:0') tensor(0.1000, device='cuda:0') tensor(0.0156, device='cuda:0')
tensor(0.8609, device='cuda:0') tensor(0.1000, device='cuda:0') tensor(0.0391, device='cuda:0')
time 1.49
error 166992.359375
8 self_attn.v_proj
Quantizing ...
tensor(0.6734, device='cuda:0') tensor(0.1000, device='cuda:0') tensor(0.2266, device='cuda:0')
tensor(0.6578, device='cuda:0') tensor(0.1000, device='cuda:0') tensor(0.2422, device='cuda:0')
tensor(0.7750, device='cuda:0') tensor(0.1000, device='cuda:0') tensor(0.1250, device='cuda:0')
tensor(0.5562, device='cuda:0') tensor(0.1000, device='cuda:0') tensor(0.3438, device='cuda:0')
tensor(0.5250, device='cuda:0') tensor(0.1000, device='cuda:0') tensor(0.3750, device='cuda:0')
tensor(0.7516, device='cuda:0') tensor(0.1000, device='cuda:0') tensor(0.1484, device='cuda:0')
tensor(0.5172, device='cuda:0') tensor(0.1000, device='cuda:0') tensor(0.3828, device='cuda:0')
tensor(0.6500, device='cuda:0') tensor(0.1000, device='cuda:0') tensor(0.2500, device='cuda:0')
tensor(0.8219, device='cuda:0') tensor(0.1000, device='cuda:0') tensor(0.0781, device='cuda:0')
tensor(0.8531, device='cuda:0') tensor(0.1000, device='cuda:0') tensor(0.0469, device='cuda:0')
tensor(0.8844, device='cuda:0') tensor(0.1000, device='cuda:0') tensor(0.0156, device='cuda:0')
tensor(0.8687, device='cuda:0') tensor(0.1000, device='cuda:0') tensor(0.0312, device='cuda:0')
tensor(0.7281, device='cuda:0') tensor(0.1000, device='cuda:0') tensor(0.1719, device='cuda:0')
tensor(0.8844, device='cuda:0') tensor(0.1000, device='cuda:0') tensor(0.0156, device='cuda:0')
tensor(0.8609, device='cuda:0') tensor(0.1000, device='cuda:0') tensor(0.0391, device='cuda:0')
tensor(0.8375, device='cuda:0') tensor(0.1000, device='cuda:0') tensor(0.0625, device='cuda:0')
time 1.28
error 51236.40625
8 self_attn.q_proj
Quantizing ...
tensor(0.8609, device='cuda:0') tensor(0.1000, device='cuda:0') tensor(0.0391, device='cuda:0')
tensor(0.8687, device='cuda:0') tensor(0.1000, device='cuda:0') tensor(0.0312, device='cuda:0')
tensor(0.8687, device='cuda:0') tensor(0.1000, device='cuda:0') tensor(0.0312, device='cuda:0')
tensor(0.8531, device='cuda:0') tensor(0.1000, device='cuda:0') tensor(0.0469, device='cuda:0')
tensor(0.8609, device='cuda:0') tensor(0.1000, device='cuda:0') tensor(0.0391, device='cuda:0')
tensor(0.8609, device='cuda:0') tensor(0.1000, device='cuda:0') tensor(0.0391, device='cuda:0')
tensor(0.8531, device='cuda:0') tensor(0.1000, device='cuda:0') tensor(0.0469, device='cuda:0')
tensor(0.7906, device='cuda:0') tensor(0.1000, device='cuda:0') tensor(0.1094, device='cuda:0')
tensor(0.8687, device='cuda:0') tensor(0.1000, device='cuda:0') tensor(0.0312, device='cuda:0')
tensor(0.8844, device='cuda:0') tensor(0.1000, device='cuda:0') tensor(0.0156, device='cuda:0')
tensor(0.8844, device='cuda:0') tensor(0.1000, device='cuda:0') tensor(0.0156, device='cuda:0')
tensor(0.8687, device='cuda:0') tensor(0.1000, device='cuda:0') tensor(0.0312, device='cuda:0')
tensor(0.8609, device='cuda:0') tensor(0.1000, device='cuda:0') tensor(0.0391, device='cuda:0')
tensor(0.8766, device='cuda:0') tensor(0.1000, device='cuda:0') tensor(0.0234, device='cuda:0')
tensor(0.8766, device='cuda:0') tensor(0.1000, device='cuda:0') tensor(0.0234, device='cuda:0')
tensor(0.8609, device='cuda:0') tensor(0.1000, device='cuda:0') tensor(0.0391, device='cuda:0')
time 1.28
error 199530.34375
8 self_attn.out_proj
Quantizing ...
tensor(0.8531, device='cuda:0') tensor(0.1000, device='cuda:0') tensor(0.0469, device='cuda:0')
tensor(0.8609, device='cuda:0') tensor(0.1000, device='cuda:0') tensor(0.0391, device='cuda:0')
tensor(0.8766, device='cuda:0') tensor(0.1000, device='cuda:0') tensor(0.0234, device='cuda:0')
tensor(0.8844, device='cuda:0') tensor(0.1000, device='cuda:0') tensor(0.0156, device='cuda:0')
tensor(0.8687, device='cuda:0') tensor(0.1000, device='cuda:0') tensor(0.0312, device='cuda:0')
tensor(0.8531, device='cuda:0') tensor(0.1000, device='cuda:0') tensor(0.0469, device='cuda:0')
tensor(0.8766, device='cuda:0') tensor(0.1000, device='cuda:0') tensor(0.0234, device='cuda:0')
tensor(0.7516, device='cuda:0') tensor(0.1000, device='cuda:0') tensor(0.1484, device='cuda:0')
tensor(0.8531, device='cuda:0') tensor(0.1000, device='cuda:0') tensor(0.0469, device='cuda:0')
tensor(0.7672, device='cuda:0') tensor(0.1000, device='cuda:0') tensor(0.1328, device='cuda:0')
tensor(0.5172, device='cuda:0') tensor(0.1000, device='cuda:0') tensor(0.3828, device='cuda:0')
tensor(0.8687, device='cuda:0') tensor(0.1000, device='cuda:0') tensor(0.0312, device='cuda:0')
tensor(0.5172, device='cuda:0') tensor(0.1000, device='cuda:0') tensor(0.3828, device='cuda:0')
tensor(0.8766, device='cuda:0') tensor(0.1000, device='cuda:0') tensor(0.0234, device='cuda:0')
tensor(0.8531, device='cuda:0') tensor(0.1000, device='cuda:0') tensor(0.0469, device='cuda:0')
tensor(0.8687, device='cuda:0') tensor(0.1000, device='cuda:0') tensor(0.0312, device='cuda:0')
time 1.28
error 1322.336669921875
8 fc1
Quantizing ...
tensor(0.7359, device='cuda:0') tensor(0.1000, device='cuda:0') tensor(0.1641, device='cuda:0')
tensor(0.7594, device='cuda:0') tensor(0.1000, device='cuda:0') tensor(0.1406, device='cuda:0')
tensor(0.8609, device='cuda:0') tensor(0.1000, device='cuda:0') tensor(0.0391, device='cuda:0')
tensor(0.8453, device='cuda:0') tensor(0.1000, device='cuda:0') tensor(0.0547, device='cuda:0')
tensor(0.8609, device='cuda:0') tensor(0.1000, device='cuda:0') tensor(0.0391, device='cuda:0')
tensor(0.7281, device='cuda:0') tensor(0.1000, device='cuda:0') tensor(0.1719, device='cuda:0')
tensor(0.8609, device='cuda:0') tensor(0.1000, device='cuda:0') tensor(0.0391, device='cuda:0')
tensor(0.7984, device='cuda:0') tensor(0.1000, device='cuda:0') tensor(0.1016, device='cuda:0')
tensor(0.8453, device='cuda:0') tensor(0.1000, device='cuda:0') tensor(0.0547, device='cuda:0')
tensor(0.8766, device='cuda:0') tensor(0.1000, device='cuda:0') tensor(0.0234, device='cuda:0')
tensor(0.8844, device='cuda:0') tensor(0.1000, device='cuda:0') tensor(0.0156, device='cuda:0')
tensor(0.8531, device='cuda:0') tensor(0.1000, device='cuda:0') tensor(0.0469, device='cuda:0')
tensor(0.8141, device='cuda:0') tensor(0.1000, device='cuda:0') tensor(0.0859, device='cuda:0')
tensor(0.8766, device='cuda:0') tensor(0.1000, device='cuda:0') tensor(0.0234, device='cuda:0')
tensor(0.8687, device='cuda:0') tensor(0.1000, device='cuda:0') tensor(0.0312, device='cuda:0')
tensor(0.8531, device='cuda:0') tensor(0.1000, device='cuda:0') tensor(0.0469, device='cuda:0')
time 1.75
error 445772.8125
8 fc2
Quantizing ...
tensor(0.8375, device='cuda:0') tensor(0.1000, device='cuda:0') tensor(0.0625, device='cuda:0')
tensor(0.8219, device='cuda:0') tensor(0.1000, device='cuda:0') tensor(0.0781, device='cuda:0')
tensor(0.8453, device='cuda:0') tensor(0.1000, device='cuda:0') tensor(0.0547, device='cuda:0')
tensor(0.8297, device='cuda:0') tensor(0.1000, device='cuda:0') tensor(0.0703, device='cuda:0')
tensor(0.8766, device='cuda:0') tensor(0.1000, device='cuda:0') tensor(0.0234, device='cuda:0')
tensor(0.7281, device='cuda:0') tensor(0.1000, device='cuda:0') tensor(0.1719, device='cuda:0')
tensor(0.8687, device='cuda:0') tensor(0.1000, device='cuda:0') tensor(0.0312, device='cuda:0')
tensor(0.8531, device='cuda:0') tensor(0.1000, device='cuda:0') tensor(0.0469, device='cuda:0')
tensor(0.8687, device='cuda:0') tensor(0.1000, device='cuda:0') tensor(0.0312, device='cuda:0')
tensor(0.8766, device='cuda:0') tensor(0.1000, device='cuda:0') tensor(0.0234, device='cuda:0')
tensor(0.8297, device='cuda:0') tensor(0.1000, device='cuda:0') tensor(0.0703, device='cuda:0')
tensor(0.7750, device='cuda:0') tensor(0.1000, device='cuda:0') tensor(0.1250, device='cuda:0')
tensor(0.8375, device='cuda:0') tensor(0.1000, device='cuda:0') tensor(0.0625, device='cuda:0')
tensor(0.7281, device='cuda:0') tensor(0.1000, device='cuda:0') tensor(0.1719, device='cuda:0')
tensor(0.8766, device='cuda:0') tensor(0.1000, device='cuda:0') tensor(0.0234, device='cuda:0')
tensor(0.7906, device='cuda:0') tensor(0.1000, device='cuda:0') tensor(0.1094, device='cuda:0')
tensor(0.7281, device='cuda:0') tensor(0.1000, device='cuda:0') tensor(0.1719, device='cuda:0')
tensor(0.8766, device='cuda:0') tensor(0.1000, device='cuda:0') tensor(0.0234, device='cuda:0')
tensor(0.8687, device='cuda:0') tensor(0.1000, device='cuda:0') tensor(0.0312, device='cuda:0')
tensor(0.8141, device='cuda:0') tensor(0.1000, device='cuda:0') tensor(0.0859, device='cuda:0')
tensor(0.7672, device='cuda:0') tensor(0.1000, device='cuda:0') tensor(0.1328, device='cuda:0')
tensor(0.8766, device='cuda:0') tensor(0.1000, device='cuda:0') tensor(0.0234, device='cuda:0')
tensor(0.8609, device='cuda:0') tensor(0.1000, device='cuda:0') tensor(0.0391, device='cuda:0')
tensor(0.8062, device='cuda:0') tensor(0.1000, device='cuda:0') tensor(0.0938, device='cuda:0')
tensor(0.7750, device='cuda:0') tensor(0.1000, device='cuda:0') tensor(0.1250, device='cuda:0')
tensor(0.7984, device='cuda:0') tensor(0.1000, device='cuda:0') tensor(0.1016, device='cuda:0')
tensor(0.8297, device='cuda:0') tensor(0.1000, device='cuda:0') tensor(0.0703, device='cuda:0')
tensor(0.8141, device='cuda:0') tensor(0.1000, device='cuda:0') tensor(0.0859, device='cuda:0')
tensor(0.8219, device='cuda:0') tensor(0.1000, device='cuda:0') tensor(0.0781, device='cuda:0')
tensor(0.8141, device='cuda:0') tensor(0.1000, device='cuda:0') tensor(0.0859, device='cuda:0')
tensor(0.8687, device='cuda:0') tensor(0.1000, device='cuda:0') tensor(0.0312, device='cuda:0')
tensor(0.8766, device='cuda:0') tensor(0.1000, device='cuda:0') tensor(0.0234, device='cuda:0')
tensor(0.8531, device='cuda:0') tensor(0.1000, device='cuda:0') tensor(0.0469, device='cuda:0')
tensor(0.8531, device='cuda:0') tensor(0.1000, device='cuda:0') tensor(0.0469, device='cuda:0')
tensor(0.8297, device='cuda:0') tensor(0.1000, device='cuda:0') tensor(0.0703, device='cuda:0')
tensor(0.8531, device='cuda:0') tensor(0.1000, device='cuda:0') tensor(0.0469, device='cuda:0')
tensor(0.8297, device='cuda:0') tensor(0.1000, device='cuda:0') tensor(0.0703, device='cuda:0')
tensor(0.8531, device='cuda:0') tensor(0.1000, device='cuda:0') tensor(0.0469, device='cuda:0')
tensor(0.8687, device='cuda:0') tensor(0.1000, device='cuda:0') tensor(0.0312, device='cuda:0')
tensor(0.8687, device='cuda:0') tensor(0.1000, device='cuda:0') tensor(0.0312, device='cuda:0')
tensor(0.8453, device='cuda:0') tensor(0.1000, device='cuda:0') tensor(0.0547, device='cuda:0')
tensor(0.7125, device='cuda:0') tensor(0.1000, device='cuda:0') tensor(0.1875, device='cuda:0')
tensor(0.8687, device='cuda:0') tensor(0.1000, device='cuda:0') tensor(0.0312, device='cuda:0')
tensor(0.8766, device='cuda:0') tensor(0.1000, device='cuda:0') tensor(0.0234, device='cuda:0')
tensor(0.8375, device='cuda:0') tensor(0.1000, device='cuda:0') tensor(0.0625, device='cuda:0')
tensor(0.8687, device='cuda:0') tensor(0.1000, device='cuda:0') tensor(0.0312, device='cuda:0')
tensor(0.8219, device='cuda:0') tensor(0.1000, device='cuda:0') tensor(0.0781, device='cuda:0')
tensor(0.8141, device='cuda:0') tensor(0.1000, device='cuda:0') tensor(0.0859, device='cuda:0')
tensor(0.7828, device='cuda:0') tensor(0.1000, device='cuda:0') tensor(0.1172, device='cuda:0')
tensor(0.8531, device='cuda:0') tensor(0.1000, device='cuda:0') tensor(0.0469, device='cuda:0')
tensor(0.8375, device='cuda:0') tensor(0.1000, device='cuda:0') tensor(0.0625, device='cuda:0')
tensor(0.8609, device='cuda:0') tensor(0.1000, device='cuda:0') tensor(0.0391, device='cuda:0')
tensor(0.8297, device='cuda:0') tensor(0.1000, device='cuda:0') tensor(0.0703, device='cuda:0')
tensor(0.8141, device='cuda:0') tensor(0.1000, device='cuda:0') tensor(0.0859, device='cuda:0')
tensor(0.8297, device='cuda:0') tensor(0.1000, device='cuda:0') tensor(0.0703, device='cuda:0')
tensor(0.8453, device='cuda:0') tensor(0.1000, device='cuda:0') tensor(0.0547, device='cuda:0')
tensor(0.8609, device='cuda:0') tensor(0.1000, device='cuda:0') tensor(0.0391, device='cuda:0')
tensor(0.8687, device='cuda:0') tensor(0.1000, device='cuda:0') tensor(0.0312, device='cuda:0')
tensor(0.8609, device='cuda:0') tensor(0.1000, device='cuda:0') tensor(0.0391, device='cuda:0')
tensor(0.8375, device='cuda:0') tensor(0.1000, device='cuda:0') tensor(0.0625, device='cuda:0')
tensor(0.8453, device='cuda:0') tensor(0.1000, device='cuda:0') tensor(0.0547, device='cuda:0')
tensor(0.8766, device='cuda:0') tensor(0.1000, device='cuda:0') tensor(0.0234, device='cuda:0')
tensor(0.8766, device='cuda:0') tensor(0.1000, device='cuda:0') tensor(0.0234, device='cuda:0')
tensor(0.8844, device='cuda:0') tensor(0.1000, device='cuda:0') tensor(0.0156, device='cuda:0')
time 5.22
error 4579.189453125
9 self_attn.k_proj
Quantizing ...
tensor(0.8687, device='cuda:0') tensor(0.1000, device='cuda:0') tensor(0.0312, device='cuda:0')
tensor(0.8766, device='cuda:0') tensor(0.1000, device='cuda:0') tensor(0.0234, device='cuda:0')
tensor(0.8766, device='cuda:0') tensor(0.1000, device='cuda:0') tensor(0.0234, device='cuda:0')
tensor(0.8531, device='cuda:0') tensor(0.1000, device='cuda:0') tensor(0.0469, device='cuda:0')
tensor(0.8687, device='cuda:0') tensor(0.1000, device='cuda:0') tensor(0.0312, device='cuda:0')
tensor(0.8766, device='cuda:0') tensor(0.1000, device='cuda:0') tensor(0.0234, device='cuda:0')
tensor(0.8609, device='cuda:0') tensor(0.1000, device='cuda:0') tensor(0.0391, device='cuda:0')
tensor(0.8609, device='cuda:0') tensor(0.1000, device='cuda:0') tensor(0.0391, device='cuda:0')
tensor(0.8687, device='cuda:0') tensor(0.1000, device='cuda:0') tensor(0.0312, device='cuda:0')
tensor(0.8844, device='cuda:0') tensor(0.1000, device='cuda:0') tensor(0.0156, device='cuda:0')
tensor(0.8844, device='cuda:0') tensor(0.1000, device='cuda:0') tensor(0.0156, device='cuda:0')
tensor(0.8687, device='cuda:0') tensor(0.1000, device='cuda:0') tensor(0.0312, device='cuda:0')
tensor(0.8297, device='cuda:0') tensor(0.1000, device='cuda:0') tensor(0.0703, device='cuda:0')
tensor(0.8766, device='cuda:0') tensor(0.1000, device='cuda:0') tensor(0.0234, device='cuda:0')
tensor(0.8844, device='cuda:0') tensor(0.1000, device='cuda:0') tensor(0.0156, device='cuda:0')
tensor(0.8609, device='cuda:0') tensor(0.1000, device='cuda:0') tensor(0.0391, device='cuda:0')
time 1.45
error 197471.875
9 self_attn.v_proj
Quantizing ...
tensor(0.5875, device='cuda:0') tensor(0.1000, device='cuda:0') tensor(0.3125, device='cuda:0')
tensor(0.6891, device='cuda:0') tensor(0.1000, device='cuda:0') tensor(0.2109, device='cuda:0')
tensor(0.7047, device='cuda:0') tensor(0.1000, device='cuda:0') tensor(0.1953, device='cuda:0')
tensor(0.6031, device='cuda:0') tensor(0.1000, device='cuda:0') tensor(0.2969, device='cuda:0')
tensor(0.5172, device='cuda:0') tensor(0.1000, device='cuda:0') tensor(0.3828, device='cuda:0')
tensor(0.7672, device='cuda:0') tensor(0.1000, device='cuda:0') tensor(0.1328, device='cuda:0')
tensor(0.7594, device='cuda:0') tensor(0.1000, device='cuda:0') tensor(0.1406, device='cuda:0')
tensor(0.5562, device='cuda:0') tensor(0.1000, device='cuda:0') tensor(0.3438, device='cuda:0')
tensor(0.7828, device='cuda:0') tensor(0.1000, device='cuda:0') tensor(0.1172, device='cuda:0')
tensor(0.8453, device='cuda:0') tensor(0.1000, device='cuda:0') tensor(0.0547, device='cuda:0')
tensor(0.8844, device='cuda:0') tensor(0.1000, device='cuda:0') tensor(0.0156, device='cuda:0')
tensor(0.8531, device='cuda:0') tensor(0.1000, device='cuda:0') tensor(0.0469, device='cuda:0')
tensor(0.7437, device='cuda:0') tensor(0.1000, device='cuda:0') tensor(0.1562, device='cuda:0')
tensor(0.8766, device='cuda:0') tensor(0.1000, device='cuda:0') tensor(0.0234, device='cuda:0')
tensor(0.8687, device='cuda:0') tensor(0.1000, device='cuda:0') tensor(0.0312, device='cuda:0')
tensor(0.8297, device='cuda:0') tensor(0.1000, device='cuda:0') tensor(0.0703, device='cuda:0')
time 1.28
error 60594.0078125
9 self_attn.q_proj
Quantizing ...
tensor(0.8609, device='cuda:0') tensor(0.1000, device='cuda:0') tensor(0.0391, device='cuda:0')
tensor(0.8766, device='cuda:0') tensor(0.1000, device='cuda:0') tensor(0.0234, device='cuda:0')
tensor(0.8609, device='cuda:0') tensor(0.1000, device='cuda:0') tensor(0.0391, device='cuda:0')
tensor(0.8453, device='cuda:0') tensor(0.1000, device='cuda:0') tensor(0.0547, device='cuda:0')
tensor(0.8687, device='cuda:0') tensor(0.1000, device='cuda:0') tensor(0.0312, device='cuda:0')
tensor(0.8375, device='cuda:0') tensor(0.1000, device='cuda:0') tensor(0.0625, device='cuda:0')
tensor(0.8609, device='cuda:0') tensor(0.1000, device='cuda:0') tensor(0.0391, device='cuda:0')
tensor(0.7984, device='cuda:0') tensor(0.1000, device='cuda:0') tensor(0.1016, device='cuda:0')
tensor(0.8609, device='cuda:0') tensor(0.1000, device='cuda:0') tensor(0.0391, device='cuda:0')
tensor(0.8844, device='cuda:0') tensor(0.1000, device='cuda:0') tensor(0.0156, device='cuda:0')
tensor(0.8844, device='cuda:0') tensor(0.1000, device='cuda:0') tensor(0.0156, device='cuda:0')
tensor(0.8531, device='cuda:0') tensor(0.1000, device='cuda:0') tensor(0.0469, device='cuda:0')
tensor(0.8219, device='cuda:0') tensor(0.1000, device='cuda:0') tensor(0.0781, device='cuda:0')
tensor(0.8766, device='cuda:0') tensor(0.1000, device='cuda:0') tensor(0.0234, device='cuda:0')
tensor(0.8844, device='cuda:0') tensor(0.1000, device='cuda:0') tensor(0.0156, device='cuda:0')
tensor(0.8609, device='cuda:0') tensor(0.1000, device='cuda:0') tensor(0.0391, device='cuda:0')
time 1.27
error 240250.65625
9 self_attn.out_proj
Quantizing ...
tensor(0.5172, device='cuda:0') tensor(0.1000, device='cuda:0') tensor(0.3828, device='cuda:0')
tensor(0.8609, device='cuda:0') tensor(0.1000, device='cuda:0') tensor(0.0391, device='cuda:0')
tensor(0.8609, device='cuda:0') tensor(0.1000, device='cuda:0') tensor(0.0391, device='cuda:0')
tensor(0.5172, device='cuda:0') tensor(0.1000, device='cuda:0') tensor(0.3828, device='cuda:0')
tensor(0.8141, device='cuda:0') tensor(0.1000, device='cuda:0') tensor(0.0859, device='cuda:0')
tensor(0.8687, device='cuda:0') tensor(0.1000, device='cuda:0') tensor(0.0312, device='cuda:0')
tensor(0.5172, device='cuda:0') tensor(0.1000, device='cuda:0') tensor(0.3828, device='cuda:0')
tensor(0.8297, device='cuda:0') tensor(0.1000, device='cuda:0') tensor(0.0703, device='cuda:0')
tensor(0.8609, device='cuda:0') tensor(0.1000, device='cuda:0') tensor(0.0391, device='cuda:0')
tensor(0.8687, device='cuda:0') tensor(0.1000, device='cuda:0') tensor(0.0312, device='cuda:0')
tensor(0.8687, device='cuda:0') tensor(0.1000, device='cuda:0') tensor(0.0312, device='cuda:0')
tensor(0.5172, device='cuda:0') tensor(0.1000, device='cuda:0') tensor(0.3828, device='cuda:0')
tensor(0.8609, device='cuda:0') tensor(0.1000, device='cuda:0') tensor(0.0391, device='cuda:0')
tensor(0.7750, device='cuda:0') tensor(0.1000, device='cuda:0') tensor(0.1250, device='cuda:0')
tensor(0.8375, device='cuda:0') tensor(0.1000, device='cuda:0') tensor(0.0625, device='cuda:0')
tensor(0.8531, device='cuda:0') tensor(0.1000, device='cuda:0') tensor(0.0469, device='cuda:0')
time 1.32
error 1706.89599609375
9 fc1
Quantizing ...
tensor(0.7984, device='cuda:0') tensor(0.1000, device='cuda:0') tensor(0.1016, device='cuda:0')
tensor(0.7437, device='cuda:0') tensor(0.1000, device='cuda:0') tensor(0.1562, device='cuda:0')
tensor(0.8297, device='cuda:0') tensor(0.1000, device='cuda:0') tensor(0.0703, device='cuda:0')
tensor(0.8531, device='cuda:0') tensor(0.1000, device='cuda:0') tensor(0.0469, device='cuda:0')
tensor(0.8609, device='cuda:0') tensor(0.1000, device='cuda:0') tensor(0.0391, device='cuda:0')
tensor(0.7828, device='cuda:0') tensor(0.1000, device='cuda:0') tensor(0.1172, device='cuda:0')
tensor(0.8609, device='cuda:0') tensor(0.1000, device='cuda:0') tensor(0.0391, device='cuda:0')
tensor(0.8297, device='cuda:0') tensor(0.1000, device='cuda:0') tensor(0.0703, device='cuda:0')
tensor(0.8141, device='cuda:0') tensor(0.1000, device='cuda:0') tensor(0.0859, device='cuda:0')
tensor(0.8766, device='cuda:0') tensor(0.1000, device='cuda:0') tensor(0.0234, device='cuda:0')
tensor(0.8766, device='cuda:0') tensor(0.1000, device='cuda:0') tensor(0.0234, device='cuda:0')
tensor(0.8531, device='cuda:0') tensor(0.1000, device='cuda:0') tensor(0.0469, device='cuda:0')
tensor(0.8375, device='cuda:0') tensor(0.1000, device='cuda:0') tensor(0.0625, device='cuda:0')
tensor(0.8766, device='cuda:0') tensor(0.1000, device='cuda:0') tensor(0.0234, device='cuda:0')
tensor(0.8687, device='cuda:0') tensor(0.1000, device='cuda:0') tensor(0.0312, device='cuda:0')
tensor(0.8531, device='cuda:0') tensor(0.1000, device='cuda:0') tensor(0.0469, device='cuda:0')
time 1.78
error 555521.3125
9 fc2
Quantizing ...
tensor(0.8609, device='cuda:0') tensor(0.1000, device='cuda:0') tensor(0.0391, device='cuda:0')
tensor(0.7516, device='cuda:0') tensor(0.1000, device='cuda:0') tensor(0.1484, device='cuda:0')
tensor(0.8375, device='cuda:0') tensor(0.1000, device='cuda:0') tensor(0.0625, device='cuda:0')
tensor(0.8375, device='cuda:0') tensor(0.1000, device='cuda:0') tensor(0.0625, device='cuda:0')
tensor(0.8609, device='cuda:0') tensor(0.1000, device='cuda:0') tensor(0.0391, device='cuda:0')
tensor(0.8609, device='cuda:0') tensor(0.1000, device='cuda:0') tensor(0.0391, device='cuda:0')
tensor(0.7516, device='cuda:0') tensor(0.1000, device='cuda:0') tensor(0.1484, device='cuda:0')
tensor(0.5172, device='cuda:0') tensor(0.1000, device='cuda:0') tensor(0.3828, device='cuda:0')
tensor(0.8687, device='cuda:0') tensor(0.1000, device='cuda:0') tensor(0.0312, device='cuda:0')
tensor(0.8375, device='cuda:0') tensor(0.1000, device='cuda:0') tensor(0.0625, device='cuda:0')
tensor(0.8687, device='cuda:0') tensor(0.1000, device='cuda:0') tensor(0.0312, device='cuda:0')
tensor(0.8531, device='cuda:0') tensor(0.1000, device='cuda:0') tensor(0.0469, device='cuda:0')
tensor(0.8219, device='cuda:0') tensor(0.1000, device='cuda:0') tensor(0.0781, device='cuda:0')
tensor(0.8453, device='cuda:0') tensor(0.1000, device='cuda:0') tensor(0.0547, device='cuda:0')
tensor(0.8453, device='cuda:0') tensor(0.1000, device='cuda:0') tensor(0.0547, device='cuda:0')
tensor(0.8219, device='cuda:0') tensor(0.1000, device='cuda:0') tensor(0.0781, device='cuda:0')
tensor(0.8453, device='cuda:0') tensor(0.1000, device='cuda:0') tensor(0.0547, device='cuda:0')
tensor(0.6578, device='cuda:0') tensor(0.1000, device='cuda:0') tensor(0.2422, device='cuda:0')
tensor(0.8766, device='cuda:0') tensor(0.1000, device='cuda:0') tensor(0.0234, device='cuda:0')
tensor(0.8609, device='cuda:0') tensor(0.1000, device='cuda:0') tensor(0.0391, device='cuda:0')
tensor(0.8141, device='cuda:0') tensor(0.1000, device='cuda:0') tensor(0.0859, device='cuda:0')
tensor(0.8453, device='cuda:0') tensor(0.1000, device='cuda:0') tensor(0.0547, device='cuda:0')
tensor(0.8453, device='cuda:0') tensor(0.1000, device='cuda:0') tensor(0.0547, device='cuda:0')
tensor(0.8844, device='cuda:0') tensor(0.1000, device='cuda:0') tensor(0.0156, device='cuda:0')
tensor(0.8766, device='cuda:0') tensor(0.1000, device='cuda:0') tensor(0.0234, device='cuda:0')
tensor(0.8531, device='cuda:0') tensor(0.1000, device='cuda:0') tensor(0.0469, device='cuda:0')
tensor(0.8531, device='cuda:0') tensor(0.1000, device='cuda:0') tensor(0.0469, device='cuda:0')
tensor(0.8531, device='cuda:0') tensor(0.1000, device='cuda:0') tensor(0.0469, device='cuda:0')
tensor(0.8687, device='cuda:0') tensor(0.1000, device='cuda:0') tensor(0.0312, device='cuda:0')
tensor(0.7906, device='cuda:0') tensor(0.1000, device='cuda:0') tensor(0.1094, device='cuda:0')
tensor(0.8609, device='cuda:0') tensor(0.1000, device='cuda:0') tensor(0.0391, device='cuda:0')
tensor(0.7516, device='cuda:0') tensor(0.1000, device='cuda:0') tensor(0.1484, device='cuda:0')
tensor(0.8609, device='cuda:0') tensor(0.1000, device='cuda:0') tensor(0.0391, device='cuda:0')
tensor(0.8687, device='cuda:0') tensor(0.1000, device='cuda:0') tensor(0.0312, device='cuda:0')
tensor(0.7984, device='cuda:0') tensor(0.1000, device='cuda:0') tensor(0.1016, device='cuda:0')
tensor(0.8531, device='cuda:0') tensor(0.1000, device='cuda:0') tensor(0.0469, device='cuda:0')
tensor(0.7750, device='cuda:0') tensor(0.1000, device='cuda:0') tensor(0.1250, device='cuda:0')
tensor(0.7828, device='cuda:0') tensor(0.1000, device='cuda:0') tensor(0.1172, device='cuda:0')
tensor(0.7750, device='cuda:0') tensor(0.1000, device='cuda:0') tensor(0.1250, device='cuda:0')
tensor(0.8453, device='cuda:0') tensor(0.1000, device='cuda:0') tensor(0.0547, device='cuda:0')
tensor(0.7125, device='cuda:0') tensor(0.1000, device='cuda:0') tensor(0.1875, device='cuda:0')
tensor(0.8062, device='cuda:0') tensor(0.1000, device='cuda:0') tensor(0.0938, device='cuda:0')
tensor(0.7594, device='cuda:0') tensor(0.1000, device='cuda:0') tensor(0.1406, device='cuda:0')
tensor(0.8141, device='cuda:0') tensor(0.1000, device='cuda:0') tensor(0.0859, device='cuda:0')
tensor(0.8219, device='cuda:0') tensor(0.1000, device='cuda:0') tensor(0.0781, device='cuda:0')
tensor(0.7906, device='cuda:0') tensor(0.1000, device='cuda:0') tensor(0.1094, device='cuda:0')
tensor(0.8766, device='cuda:0') tensor(0.1000, device='cuda:0') tensor(0.0234, device='cuda:0')
tensor(0.8609, device='cuda:0') tensor(0.1000, device='cuda:0') tensor(0.0391, device='cuda:0')
tensor(0.8297, device='cuda:0') tensor(0.1000, device='cuda:0') tensor(0.0703, device='cuda:0')
tensor(0.8219, device='cuda:0') tensor(0.1000, device='cuda:0') tensor(0.0781, device='cuda:0')
tensor(0.8453, device='cuda:0') tensor(0.1000, device='cuda:0') tensor(0.0547, device='cuda:0')
tensor(0.8766, device='cuda:0') tensor(0.1000, device='cuda:0') tensor(0.0234, device='cuda:0')
tensor(0.8609, device='cuda:0') tensor(0.1000, device='cuda:0') tensor(0.0391, device='cuda:0')
tensor(0.8297, device='cuda:0') tensor(0.1000, device='cuda:0') tensor(0.0703, device='cuda:0')
tensor(0.8687, device='cuda:0') tensor(0.1000, device='cuda:0') tensor(0.0312, device='cuda:0')
tensor(0.8219, device='cuda:0') tensor(0.1000, device='cuda:0') tensor(0.0781, device='cuda:0')
tensor(0.8687, device='cuda:0') tensor(0.1000, device='cuda:0') tensor(0.0312, device='cuda:0')
tensor(0.8687, device='cuda:0') tensor(0.1000, device='cuda:0') tensor(0.0312, device='cuda:0')
tensor(0.8297, device='cuda:0') tensor(0.1000, device='cuda:0') tensor(0.0703, device='cuda:0')
tensor(0.8687, device='cuda:0') tensor(0.1000, device='cuda:0') tensor(0.0312, device='cuda:0')
tensor(0.8687, device='cuda:0') tensor(0.1000, device='cuda:0') tensor(0.0312, device='cuda:0')
tensor(0.8531, device='cuda:0') tensor(0.1000, device='cuda:0') tensor(0.0469, device='cuda:0')
tensor(0.8766, device='cuda:0') tensor(0.1000, device='cuda:0') tensor(0.0234, device='cuda:0')
tensor(0.8453, device='cuda:0') tensor(0.1000, device='cuda:0') tensor(0.0547, device='cuda:0')
time 5.28
error 6402.8173828125
10 self_attn.k_proj
Quantizing ...
tensor(0.8687, device='cuda:0') tensor(0.1000, device='cuda:0') tensor(0.0312, device='cuda:0')
tensor(0.8766, device='cuda:0') tensor(0.1000, device='cuda:0') tensor(0.0234, device='cuda:0')
tensor(0.8766, device='cuda:0') tensor(0.1000, device='cuda:0') tensor(0.0234, device='cuda:0')
tensor(0.8531, device='cuda:0') tensor(0.1000, device='cuda:0') tensor(0.0469, device='cuda:0')
tensor(0.8687, device='cuda:0') tensor(0.1000, device='cuda:0') tensor(0.0312, device='cuda:0')
tensor(0.8844, device='cuda:0') tensor(0.1000, device='cuda:0') tensor(0.0156, device='cuda:0')
tensor(0.8609, device='cuda:0') tensor(0.1000, device='cuda:0') tensor(0.0391, device='cuda:0')
tensor(0.8531, device='cuda:0') tensor(0.1000, device='cuda:0') tensor(0.0469, device='cuda:0')
tensor(0.8766, device='cuda:0') tensor(0.1000, device='cuda:0') tensor(0.0234, device='cuda:0')
tensor(0.8844, device='cuda:0') tensor(0.1000, device='cuda:0') tensor(0.0156, device='cuda:0')
tensor(0.8844, device='cuda:0') tensor(0.1000, device='cuda:0') tensor(0.0156, device='cuda:0')
tensor(0.8687, device='cuda:0') tensor(0.1000, device='cuda:0') tensor(0.0312, device='cuda:0')
tensor(0.8375, device='cuda:0') tensor(0.1000, device='cuda:0') tensor(0.0625, device='cuda:0')
tensor(0.8766, device='cuda:0') tensor(0.1000, device='cuda:0') tensor(0.0234, device='cuda:0')
tensor(0.8844, device='cuda:0') tensor(0.1000, device='cuda:0') tensor(0.0156, device='cuda:0')
tensor(0.8609, device='cuda:0') tensor(0.1000, device='cuda:0') tensor(0.0391, device='cuda:0')
time 1.47
error 228049.5625
10 self_attn.v_proj
Quantizing ...
tensor(0.6969, device='cuda:0') tensor(0.1000, device='cuda:0') tensor(0.2031, device='cuda:0')
tensor(0.8062, device='cuda:0') tensor(0.1000, device='cuda:0') tensor(0.0938, device='cuda:0')
tensor(0.7125, device='cuda:0') tensor(0.1000, device='cuda:0') tensor(0.1875, device='cuda:0')
tensor(0.7750, device='cuda:0') tensor(0.1000, device='cuda:0') tensor(0.1250, device='cuda:0')
tensor(0.7203, device='cuda:0') tensor(0.1000, device='cuda:0') tensor(0.1797, device='cuda:0')
tensor(0.7906, device='cuda:0') tensor(0.1000, device='cuda:0') tensor(0.1094, device='cuda:0')
tensor(0.8531, device='cuda:0') tensor(0.1000, device='cuda:0') tensor(0.0469, device='cuda:0')
tensor(0.6656, device='cuda:0') tensor(0.1000, device='cuda:0') tensor(0.2344, device='cuda:0')
tensor(0.6578, device='cuda:0') tensor(0.1000, device='cuda:0') tensor(0.2422, device='cuda:0')
tensor(0.8766, device='cuda:0') tensor(0.1000, device='cuda:0') tensor(0.0234, device='cuda:0')
tensor(0.8766, device='cuda:0') tensor(0.1000, device='cuda:0') tensor(0.0234, device='cuda:0')
tensor(0.8297, device='cuda:0') tensor(0.1000, device='cuda:0') tensor(0.0703, device='cuda:0')
tensor(0.8453, device='cuda:0') tensor(0.1000, device='cuda:0') tensor(0.0547, device='cuda:0')
tensor(0.8766, device='cuda:0') tensor(0.1000, device='cuda:0') tensor(0.0234, device='cuda:0')
tensor(0.8766, device='cuda:0') tensor(0.1000, device='cuda:0') tensor(0.0234, device='cuda:0')
tensor(0.8375, device='cuda:0') tensor(0.1000, device='cuda:0') tensor(0.0625, device='cuda:0')
time 1.29
error 79217.7890625
10 self_attn.q_proj
Quantizing ...
tensor(0.8453, device='cuda:0') tensor(0.1000, device='cuda:0') tensor(0.0547, device='cuda:0')
tensor(0.8687, device='cuda:0') tensor(0.1000, device='cuda:0') tensor(0.0312, device='cuda:0')
tensor(0.8453, device='cuda:0') tensor(0.1000, device='cuda:0') tensor(0.0547, device='cuda:0')
tensor(0.8375, device='cuda:0') tensor(0.1000, device='cuda:0') tensor(0.0625, device='cuda:0')
tensor(0.8609, device='cuda:0') tensor(0.1000, device='cuda:0') tensor(0.0391, device='cuda:0')
tensor(0.8453, device='cuda:0') tensor(0.1000, device='cuda:0') tensor(0.0547, device='cuda:0')
tensor(0.8531, device='cuda:0') tensor(0.1000, device='cuda:0') tensor(0.0469, device='cuda:0')
tensor(0.8297, device='cuda:0') tensor(0.1000, device='cuda:0') tensor(0.0703, device='cuda:0')
tensor(0.7594, device='cuda:0') tensor(0.1000, device='cuda:0') tensor(0.1406, device='cuda:0')
tensor(0.8844, device='cuda:0') tensor(0.1000, device='cuda:0') tensor(0.0156, device='cuda:0')
tensor(0.8844, device='cuda:0') tensor(0.1000, device='cuda:0') tensor(0.0156, device='cuda:0')
tensor(0.8453, device='cuda:0') tensor(0.1000, device='cuda:0') tensor(0.0547, device='cuda:0')
tensor(0.8375, device='cuda:0') tensor(0.1000, device='cuda:0') tensor(0.0625, device='cuda:0')
tensor(0.8766, device='cuda:0') tensor(0.1000, device='cuda:0') tensor(0.0234, device='cuda:0')
tensor(0.8766, device='cuda:0') tensor(0.1000, device='cuda:0') tensor(0.0234, device='cuda:0')
tensor(0.8609, device='cuda:0') tensor(0.1000, device='cuda:0') tensor(0.0391, device='cuda:0')
time 1.37
error 259917.875
10 self_attn.out_proj
Quantizing ...
tensor(0.7672, device='cuda:0') tensor(0.1000, device='cuda:0') tensor(0.1328, device='cuda:0')
tensor(0.5172, device='cuda:0') tensor(0.1000, device='cuda:0') tensor(0.3828, device='cuda:0')
tensor(0.5406, device='cuda:0') tensor(0.1000, device='cuda:0') tensor(0.3594, device='cuda:0')
tensor(0.5172, device='cuda:0') tensor(0.1000, device='cuda:0') tensor(0.3828, device='cuda:0')
tensor(0.5875, device='cuda:0') tensor(0.1000, device='cuda:0') tensor(0.3125, device='cuda:0')
tensor(0.8766, device='cuda:0') tensor(0.1000, device='cuda:0') tensor(0.0234, device='cuda:0')
tensor(0.8219, device='cuda:0') tensor(0.1000, device='cuda:0') tensor(0.0781, device='cuda:0')
tensor(0.8375, device='cuda:0') tensor(0.1000, device='cuda:0') tensor(0.0625, device='cuda:0')
tensor(0.7203, device='cuda:0') tensor(0.1000, device='cuda:0') tensor(0.1797, device='cuda:0')
tensor(0.8297, device='cuda:0') tensor(0.1000, device='cuda:0') tensor(0.0703, device='cuda:0')
tensor(0.8687, device='cuda:0') tensor(0.1000, device='cuda:0') tensor(0.0312, device='cuda:0')
tensor(0.8375, device='cuda:0') tensor(0.1000, device='cuda:0') tensor(0.0625, device='cuda:0')
tensor(0.6812, device='cuda:0') tensor(0.1000, device='cuda:0') tensor(0.2188, device='cuda:0')
tensor(0.8766, device='cuda:0') tensor(0.1000, device='cuda:0') tensor(0.0234, device='cuda:0')
tensor(0.8766, device='cuda:0') tensor(0.1000, device='cuda:0') tensor(0.0234, device='cuda:0')
tensor(0.8766, device='cuda:0') tensor(0.1000, device='cuda:0') tensor(0.0234, device='cuda:0')
time 1.32
error 2779.015869140625
10 fc1
Quantizing ...
tensor(0.7984, device='cuda:0') tensor(0.1000, device='cuda:0') tensor(0.1016, device='cuda:0')
tensor(0.7125, device='cuda:0') tensor(0.1000, device='cuda:0') tensor(0.1875, device='cuda:0')
tensor(0.8141, device='cuda:0') tensor(0.1000, device='cuda:0') tensor(0.0859, device='cuda:0')
tensor(0.8453, device='cuda:0') tensor(0.1000, device='cuda:0') tensor(0.0547, device='cuda:0')
tensor(0.8687, device='cuda:0') tensor(0.1000, device='cuda:0') tensor(0.0312, device='cuda:0')
tensor(0.7437, device='cuda:0') tensor(0.1000, device='cuda:0') tensor(0.1562, device='cuda:0')
tensor(0.8687, device='cuda:0') tensor(0.1000, device='cuda:0') tensor(0.0312, device='cuda:0')
tensor(0.7437, device='cuda:0') tensor(0.1000, device='cuda:0') tensor(0.1562, device='cuda:0')
tensor(0.8375, device='cuda:0') tensor(0.1000, device='cuda:0') tensor(0.0625, device='cuda:0')
tensor(0.8687, device='cuda:0') tensor(0.1000, device='cuda:0') tensor(0.0312, device='cuda:0')
tensor(0.8766, device='cuda:0') tensor(0.1000, device='cuda:0') tensor(0.0234, device='cuda:0')
tensor(0.8375, device='cuda:0') tensor(0.1000, device='cuda:0') tensor(0.0625, device='cuda:0')
tensor(0.8219, device='cuda:0') tensor(0.1000, device='cuda:0') tensor(0.0781, device='cuda:0')
tensor(0.8687, device='cuda:0') tensor(0.1000, device='cuda:0') tensor(0.0312, device='cuda:0')
tensor(0.8766, device='cuda:0') tensor(0.1000, device='cuda:0') tensor(0.0234, device='cuda:0')
tensor(0.8609, device='cuda:0') tensor(0.1000, device='cuda:0') tensor(0.0391, device='cuda:0')
time 1.74
error 649167.4375
10 fc2
Quantizing ...
tensor(0.8531, device='cuda:0') tensor(0.1000, device='cuda:0') tensor(0.0469, device='cuda:0')
tensor(0.8687, device='cuda:0') tensor(0.1000, device='cuda:0') tensor(0.0312, device='cuda:0')
tensor(0.8609, device='cuda:0') tensor(0.1000, device='cuda:0') tensor(0.0391, device='cuda:0')
tensor(0.8609, device='cuda:0') tensor(0.1000, device='cuda:0') tensor(0.0391, device='cuda:0')
tensor(0.6812, device='cuda:0') tensor(0.1000, device='cuda:0') tensor(0.2188, device='cuda:0')
tensor(0.7672, device='cuda:0') tensor(0.1000, device='cuda:0') tensor(0.1328, device='cuda:0')
tensor(0.8687, device='cuda:0') tensor(0.1000, device='cuda:0') tensor(0.0312, device='cuda:0')
tensor(0.8375, device='cuda:0') tensor(0.1000, device='cuda:0') tensor(0.0625, device='cuda:0')
tensor(0.8609, device='cuda:0') tensor(0.1000, device='cuda:0') tensor(0.0391, device='cuda:0')
tensor(0.8766, device='cuda:0') tensor(0.1000, device='cuda:0') tensor(0.0234, device='cuda:0')
tensor(0.8687, device='cuda:0') tensor(0.1000, device='cuda:0') tensor(0.0312, device='cuda:0')
tensor(0.7828, device='cuda:0') tensor(0.1000, device='cuda:0') tensor(0.1172, device='cuda:0')
tensor(0.8609, device='cuda:0') tensor(0.1000, device='cuda:0') tensor(0.0391, device='cuda:0')
tensor(0.8531, device='cuda:0') tensor(0.1000, device='cuda:0') tensor(0.0469, device='cuda:0')
tensor(0.8297, device='cuda:0') tensor(0.1000, device='cuda:0') tensor(0.0703, device='cuda:0')
tensor(0.8297, device='cuda:0') tensor(0.1000, device='cuda:0') tensor(0.0703, device='cuda:0')
tensor(0.8687, device='cuda:0') tensor(0.1000, device='cuda:0') tensor(0.0312, device='cuda:0')
tensor(0.8687, device='cuda:0') tensor(0.1000, device='cuda:0') tensor(0.0312, device='cuda:0')
tensor(0.8453, device='cuda:0') tensor(0.1000, device='cuda:0') tensor(0.0547, device='cuda:0')
tensor(0.8766, device='cuda:0') tensor(0.1000, device='cuda:0') tensor(0.0234, device='cuda:0')
tensor(0.7828, device='cuda:0') tensor(0.1000, device='cuda:0') tensor(0.1172, device='cuda:0')
tensor(0.8687, device='cuda:0') tensor(0.1000, device='cuda:0') tensor(0.0312, device='cuda:0')
tensor(0.7984, device='cuda:0') tensor(0.1000, device='cuda:0') tensor(0.1016, device='cuda:0')
tensor(0.8453, device='cuda:0') tensor(0.1000, device='cuda:0') tensor(0.0547, device='cuda:0')
tensor(0.8062, device='cuda:0') tensor(0.1000, device='cuda:0') tensor(0.0938, device='cuda:0')
tensor(0.8609, device='cuda:0') tensor(0.1000, device='cuda:0') tensor(0.0391, device='cuda:0')
tensor(0.8531, device='cuda:0') tensor(0.1000, device='cuda:0') tensor(0.0469, device='cuda:0')
tensor(0.8531, device='cuda:0') tensor(0.1000, device='cuda:0') tensor(0.0469, device='cuda:0')
tensor(0.7125, device='cuda:0') tensor(0.1000, device='cuda:0') tensor(0.1875, device='cuda:0')
tensor(0.8687, device='cuda:0') tensor(0.1000, device='cuda:0') tensor(0.0312, device='cuda:0')
tensor(0.8219, device='cuda:0') tensor(0.1000, device='cuda:0') tensor(0.0781, device='cuda:0')
tensor(0.8375, device='cuda:0') tensor(0.1000, device='cuda:0') tensor(0.0625, device='cuda:0')
tensor(0.8297, device='cuda:0') tensor(0.1000, device='cuda:0') tensor(0.0703, device='cuda:0')
tensor(0.7437, device='cuda:0') tensor(0.1000, device='cuda:0') tensor(0.1562, device='cuda:0')
tensor(0.8687, device='cuda:0') tensor(0.1000, device='cuda:0') tensor(0.0312, device='cuda:0')
tensor(0.8609, device='cuda:0') tensor(0.1000, device='cuda:0') tensor(0.0391, device='cuda:0')
tensor(0.8687, device='cuda:0') tensor(0.1000, device='cuda:0') tensor(0.0312, device='cuda:0')
tensor(0.8609, device='cuda:0') tensor(0.1000, device='cuda:0') tensor(0.0391, device='cuda:0')
tensor(0.8609, device='cuda:0') tensor(0.1000, device='cuda:0') tensor(0.0391, device='cuda:0')
tensor(0.8453, device='cuda:0') tensor(0.1000, device='cuda:0') tensor(0.0547, device='cuda:0')
tensor(0.8453, device='cuda:0') tensor(0.1000, device='cuda:0') tensor(0.0547, device='cuda:0')
tensor(0.8297, device='cuda:0') tensor(0.1000, device='cuda:0') tensor(0.0703, device='cuda:0')
tensor(0.8297, device='cuda:0') tensor(0.1000, device='cuda:0') tensor(0.0703, device='cuda:0')
tensor(0.8609, device='cuda:0') tensor(0.1000, device='cuda:0') tensor(0.0391, device='cuda:0')
tensor(0.8609, device='cuda:0') tensor(0.1000, device='cuda:0') tensor(0.0391, device='cuda:0')
tensor(0.8141, device='cuda:0') tensor(0.1000, device='cuda:0') tensor(0.0859, device='cuda:0')
tensor(0.8687, device='cuda:0') tensor(0.1000, device='cuda:0') tensor(0.0312, device='cuda:0')
tensor(0.8766, device='cuda:0') tensor(0.1000, device='cuda:0') tensor(0.0234, device='cuda:0')
tensor(0.8766, device='cuda:0') tensor(0.1000, device='cuda:0') tensor(0.0234, device='cuda:0')
tensor(0.8453, device='cuda:0') tensor(0.1000, device='cuda:0') tensor(0.0547, device='cuda:0')
tensor(0.8375, device='cuda:0') tensor(0.1000, device='cuda:0') tensor(0.0625, device='cuda:0')
tensor(0.8297, device='cuda:0') tensor(0.1000, device='cuda:0') tensor(0.0703, device='cuda:0')
tensor(0.8609, device='cuda:0') tensor(0.1000, device='cuda:0') tensor(0.0391, device='cuda:0')
tensor(0.8219, device='cuda:0') tensor(0.1000, device='cuda:0') tensor(0.0781, device='cuda:0')
tensor(0.7281, device='cuda:0') tensor(0.1000, device='cuda:0') tensor(0.1719, device='cuda:0')
tensor(0.8531, device='cuda:0') tensor(0.1000, device='cuda:0') tensor(0.0469, device='cuda:0')
tensor(0.8531, device='cuda:0') tensor(0.1000, device='cuda:0') tensor(0.0469, device='cuda:0')
tensor(0.8687, device='cuda:0') tensor(0.1000, device='cuda:0') tensor(0.0312, device='cuda:0')
tensor(0.8844, device='cuda:0') tensor(0.1000, device='cuda:0') tensor(0.0156, device='cuda:0')
tensor(0.8375, device='cuda:0') tensor(0.1000, device='cuda:0') tensor(0.0625, device='cuda:0')
tensor(0.7750, device='cuda:0') tensor(0.1000, device='cuda:0') tensor(0.1250, device='cuda:0')
tensor(0.7828, device='cuda:0') tensor(0.1000, device='cuda:0') tensor(0.1172, device='cuda:0')
tensor(0.8609, device='cuda:0') tensor(0.1000, device='cuda:0') tensor(0.0391, device='cuda:0')
tensor(0.8453, device='cuda:0') tensor(0.1000, device='cuda:0') tensor(0.0547, device='cuda:0')
time 5.14
error 9850.4775390625
11 self_attn.k_proj
Quantizing ...
tensor(0.8687, device='cuda:0') tensor(0.1000, device='cuda:0') tensor(0.0312, device='cuda:0')
tensor(0.8766, device='cuda:0') tensor(0.1000, device='cuda:0') tensor(0.0234, device='cuda:0')
tensor(0.8766, device='cuda:0') tensor(0.1000, device='cuda:0') tensor(0.0234, device='cuda:0')
tensor(0.8531, device='cuda:0') tensor(0.1000, device='cuda:0') tensor(0.0469, device='cuda:0')
tensor(0.8687, device='cuda:0') tensor(0.1000, device='cuda:0') tensor(0.0312, device='cuda:0')
tensor(0.8766, device='cuda:0') tensor(0.1000, device='cuda:0') tensor(0.0234, device='cuda:0')
tensor(0.8687, device='cuda:0') tensor(0.1000, device='cuda:0') tensor(0.0312, device='cuda:0')
tensor(0.8531, device='cuda:0') tensor(0.1000, device='cuda:0') tensor(0.0469, device='cuda:0')
tensor(0.8687, device='cuda:0') tensor(0.1000, device='cuda:0') tensor(0.0312, device='cuda:0')
tensor(0.8844, device='cuda:0') tensor(0.1000, device='cuda:0') tensor(0.0156, device='cuda:0')
tensor(0.8844, device='cuda:0') tensor(0.1000, device='cuda:0') tensor(0.0156, device='cuda:0')
tensor(0.8531, device='cuda:0') tensor(0.1000, device='cuda:0') tensor(0.0469, device='cuda:0')
tensor(0.8531, device='cuda:0') tensor(0.1000, device='cuda:0') tensor(0.0469, device='cuda:0')
tensor(0.8766, device='cuda:0') tensor(0.1000, device='cuda:0') tensor(0.0234, device='cuda:0')
tensor(0.8844, device='cuda:0') tensor(0.1000, device='cuda:0') tensor(0.0156, device='cuda:0')
tensor(0.8609, device='cuda:0') tensor(0.1000, device='cuda:0') tensor(0.0391, device='cuda:0')
time 1.46
error 249356.96875
11 self_attn.v_proj
Quantizing ...
tensor(0.6969, device='cuda:0') tensor(0.1000, device='cuda:0') tensor(0.2031, device='cuda:0')
tensor(0.8219, device='cuda:0') tensor(0.1000, device='cuda:0') tensor(0.0781, device='cuda:0')
tensor(0.5719, device='cuda:0') tensor(0.1000, device='cuda:0') tensor(0.3281, device='cuda:0')
tensor(0.7516, device='cuda:0') tensor(0.1000, device='cuda:0') tensor(0.1484, device='cuda:0')
tensor(0.7906, device='cuda:0') tensor(0.1000, device='cuda:0') tensor(0.1094, device='cuda:0')
tensor(0.6734, device='cuda:0') tensor(0.1000, device='cuda:0') tensor(0.2266, device='cuda:0')
tensor(0.8687, device='cuda:0') tensor(0.1000, device='cuda:0') tensor(0.0312, device='cuda:0')
tensor(0.7750, device='cuda:0') tensor(0.1000, device='cuda:0') tensor(0.1250, device='cuda:0')
tensor(0.8375, device='cuda:0') tensor(0.1000, device='cuda:0') tensor(0.0625, device='cuda:0')
tensor(0.8687, device='cuda:0') tensor(0.1000, device='cuda:0') tensor(0.0312, device='cuda:0')
tensor(0.8766, device='cuda:0') tensor(0.1000, device='cuda:0') tensor(0.0234, device='cuda:0')
tensor(0.8297, device='cuda:0') tensor(0.1000, device='cuda:0') tensor(0.0703, device='cuda:0')
tensor(0.6969, device='cuda:0') tensor(0.1000, device='cuda:0') tensor(0.2031, device='cuda:0')
tensor(0.8766, device='cuda:0') tensor(0.1000, device='cuda:0') tensor(0.0234, device='cuda:0')
tensor(0.8766, device='cuda:0') tensor(0.1000, device='cuda:0') tensor(0.0234, device='cuda:0')
tensor(0.8531, device='cuda:0') tensor(0.1000, device='cuda:0') tensor(0.0469, device='cuda:0')
time 1.42
error 99091.28125
11 self_attn.q_proj
Quantizing ...
tensor(0.8531, device='cuda:0') tensor(0.1000, device='cuda:0') tensor(0.0469, device='cuda:0')
tensor(0.8687, device='cuda:0') tensor(0.1000, device='cuda:0') tensor(0.0312, device='cuda:0')
tensor(0.8531, device='cuda:0') tensor(0.1000, device='cuda:0') tensor(0.0469, device='cuda:0')
tensor(0.8531, device='cuda:0') tensor(0.1000, device='cuda:0') tensor(0.0469, device='cuda:0')
tensor(0.8687, device='cuda:0') tensor(0.1000, device='cuda:0') tensor(0.0312, device='cuda:0')
tensor(0.8687, device='cuda:0') tensor(0.1000, device='cuda:0') tensor(0.0312, device='cuda:0')
tensor(0.8609, device='cuda:0') tensor(0.1000, device='cuda:0') tensor(0.0391, device='cuda:0')
tensor(0.8219, device='cuda:0') tensor(0.1000, device='cuda:0') tensor(0.0781, device='cuda:0')
tensor(0.8531, device='cuda:0') tensor(0.1000, device='cuda:0') tensor(0.0469, device='cuda:0')
tensor(0.8844, device='cuda:0') tensor(0.1000, device='cuda:0') tensor(0.0156, device='cuda:0')
tensor(0.8844, device='cuda:0') tensor(0.1000, device='cuda:0') tensor(0.0156, device='cuda:0')
tensor(0.8453, device='cuda:0') tensor(0.1000, device='cuda:0') tensor(0.0547, device='cuda:0')
tensor(0.8297, device='cuda:0') tensor(0.1000, device='cuda:0') tensor(0.0703, device='cuda:0')
tensor(0.8766, device='cuda:0') tensor(0.1000, device='cuda:0') tensor(0.0234, device='cuda:0')
tensor(0.8766, device='cuda:0') tensor(0.1000, device='cuda:0') tensor(0.0234, device='cuda:0')
tensor(0.8609, device='cuda:0') tensor(0.1000, device='cuda:0') tensor(0.0391, device='cuda:0')
time 1.47
error 279350.09375
11 self_attn.out_proj
Quantizing ...
tensor(0.5953, device='cuda:0') tensor(0.1000, device='cuda:0') tensor(0.3047, device='cuda:0')
tensor(0.5172, device='cuda:0') tensor(0.1000, device='cuda:0') tensor(0.3828, device='cuda:0')
tensor(0.5172, device='cuda:0') tensor(0.1000, device='cuda:0') tensor(0.3828, device='cuda:0')
tensor(0.8609, device='cuda:0') tensor(0.1000, device='cuda:0') tensor(0.0391, device='cuda:0')
tensor(0.8687, device='cuda:0') tensor(0.1000, device='cuda:0') tensor(0.0312, device='cuda:0')
tensor(0.8531, device='cuda:0') tensor(0.1000, device='cuda:0') tensor(0.0469, device='cuda:0')
tensor(0.7828, device='cuda:0') tensor(0.1000, device='cuda:0') tensor(0.1172, device='cuda:0')
tensor(0.8766, device='cuda:0') tensor(0.1000, device='cuda:0') tensor(0.0234, device='cuda:0')
tensor(0.8687, device='cuda:0') tensor(0.1000, device='cuda:0') tensor(0.0312, device='cuda:0')
tensor(0.8219, device='cuda:0') tensor(0.1000, device='cuda:0') tensor(0.0781, device='cuda:0')
tensor(0.5172, device='cuda:0') tensor(0.1000, device='cuda:0') tensor(0.3828, device='cuda:0')
tensor(0.5172, device='cuda:0') tensor(0.1000, device='cuda:0') tensor(0.3828, device='cuda:0')
tensor(0.7594, device='cuda:0') tensor(0.1000, device='cuda:0') tensor(0.1406, device='cuda:0')
tensor(0.8687, device='cuda:0') tensor(0.1000, device='cuda:0') tensor(0.0312, device='cuda:0')
tensor(0.8453, device='cuda:0') tensor(0.1000, device='cuda:0') tensor(0.0547, device='cuda:0')
tensor(0.5172, device='cuda:0') tensor(0.1000, device='cuda:0') tensor(0.3828, device='cuda:0')
time 1.44
error 4080.45703125
11 fc1
Quantizing ...
tensor(0.8297, device='cuda:0') tensor(0.1000, device='cuda:0') tensor(0.0703, device='cuda:0')
tensor(0.7594, device='cuda:0') tensor(0.1000, device='cuda:0') tensor(0.1406, device='cuda:0')
tensor(0.8531, device='cuda:0') tensor(0.1000, device='cuda:0') tensor(0.0469, device='cuda:0')
tensor(0.8375, device='cuda:0') tensor(0.1000, device='cuda:0') tensor(0.0625, device='cuda:0')
tensor(0.8609, device='cuda:0') tensor(0.1000, device='cuda:0') tensor(0.0391, device='cuda:0')
tensor(0.6969, device='cuda:0') tensor(0.1000, device='cuda:0') tensor(0.2031, device='cuda:0')
tensor(0.8687, device='cuda:0') tensor(0.1000, device='cuda:0') tensor(0.0312, device='cuda:0')
tensor(0.8062, device='cuda:0') tensor(0.1000, device='cuda:0') tensor(0.0938, device='cuda:0')
tensor(0.7906, device='cuda:0') tensor(0.1000, device='cuda:0') tensor(0.1094, device='cuda:0')
tensor(0.8766, device='cuda:0') tensor(0.1000, device='cuda:0') tensor(0.0234, device='cuda:0')
tensor(0.8766, device='cuda:0') tensor(0.1000, device='cuda:0') tensor(0.0234, device='cuda:0')
tensor(0.8453, device='cuda:0') tensor(0.1000, device='cuda:0') tensor(0.0547, device='cuda:0')
tensor(0.8297, device='cuda:0') tensor(0.1000, device='cuda:0') tensor(0.0703, device='cuda:0')
tensor(0.8766, device='cuda:0') tensor(0.1000, device='cuda:0') tensor(0.0234, device='cuda:0')
tensor(0.8687, device='cuda:0') tensor(0.1000, device='cuda:0') tensor(0.0312, device='cuda:0')
tensor(0.8531, device='cuda:0') tensor(0.1000, device='cuda:0') tensor(0.0469, device='cuda:0')
time 1.96
error 743818.625
11 fc2
Quantizing ...
tensor(0.8375, device='cuda:0') tensor(0.1000, device='cuda:0') tensor(0.0625, device='cuda:0')
tensor(0.8531, device='cuda:0') tensor(0.1000, device='cuda:0') tensor(0.0469, device='cuda:0')
tensor(0.8766, device='cuda:0') tensor(0.1000, device='cuda:0') tensor(0.0234, device='cuda:0')
tensor(0.8609, device='cuda:0') tensor(0.1000, device='cuda:0') tensor(0.0391, device='cuda:0')
tensor(0.8531, device='cuda:0') tensor(0.1000, device='cuda:0') tensor(0.0469, device='cuda:0')
tensor(0.8062, device='cuda:0') tensor(0.1000, device='cuda:0') tensor(0.0938, device='cuda:0')
tensor(0.8766, device='cuda:0') tensor(0.1000, device='cuda:0') tensor(0.0234, device='cuda:0')
tensor(0.8219, device='cuda:0') tensor(0.1000, device='cuda:0') tensor(0.0781, device='cuda:0')
tensor(0.8375, device='cuda:0') tensor(0.1000, device='cuda:0') tensor(0.0625, device='cuda:0')
tensor(0.8375, device='cuda:0') tensor(0.1000, device='cuda:0') tensor(0.0625, device='cuda:0')
tensor(0.8531, device='cuda:0') tensor(0.1000, device='cuda:0') tensor(0.0469, device='cuda:0')
tensor(0.7594, device='cuda:0') tensor(0.1000, device='cuda:0') tensor(0.1406, device='cuda:0')
tensor(0.8609, device='cuda:0') tensor(0.1000, device='cuda:0') tensor(0.0391, device='cuda:0')
tensor(0.8531, device='cuda:0') tensor(0.1000, device='cuda:0') tensor(0.0469, device='cuda:0')
tensor(0.8687, device='cuda:0') tensor(0.1000, device='cuda:0') tensor(0.0312, device='cuda:0')
tensor(0.8219, device='cuda:0') tensor(0.1000, device='cuda:0') tensor(0.0781, device='cuda:0')
tensor(0.8609, device='cuda:0') tensor(0.1000, device='cuda:0') tensor(0.0391, device='cuda:0')
tensor(0.7594, device='cuda:0') tensor(0.1000, device='cuda:0') tensor(0.1406, device='cuda:0')
tensor(0.8375, device='cuda:0') tensor(0.1000, device='cuda:0') tensor(0.0625, device='cuda:0')
tensor(0.8687, device='cuda:0') tensor(0.1000, device='cuda:0') tensor(0.0312, device='cuda:0')
tensor(0.8219, device='cuda:0') tensor(0.1000, device='cuda:0') tensor(0.0781, device='cuda:0')
tensor(0.8375, device='cuda:0') tensor(0.1000, device='cuda:0') tensor(0.0625, device='cuda:0')
tensor(0.8687, device='cuda:0') tensor(0.1000, device='cuda:0') tensor(0.0312, device='cuda:0')
tensor(0.8141, device='cuda:0') tensor(0.1000, device='cuda:0') tensor(0.0859, device='cuda:0')
tensor(0.8687, device='cuda:0') tensor(0.1000, device='cuda:0') tensor(0.0312, device='cuda:0')
tensor(0.8375, device='cuda:0') tensor(0.1000, device='cuda:0') tensor(0.0625, device='cuda:0')
tensor(0.8687, device='cuda:0') tensor(0.1000, device='cuda:0') tensor(0.0312, device='cuda:0')
tensor(0.8609, device='cuda:0') tensor(0.1000, device='cuda:0') tensor(0.0391, device='cuda:0')
tensor(0.8687, device='cuda:0') tensor(0.1000, device='cuda:0') tensor(0.0312, device='cuda:0')
tensor(0.8609, device='cuda:0') tensor(0.1000, device='cuda:0') tensor(0.0391, device='cuda:0')
tensor(0.8531, device='cuda:0') tensor(0.1000, device='cuda:0') tensor(0.0469, device='cuda:0')
tensor(0.7828, device='cuda:0') tensor(0.1000, device='cuda:0') tensor(0.1172, device='cuda:0')
tensor(0.8766, device='cuda:0') tensor(0.1000, device='cuda:0') tensor(0.0234, device='cuda:0')
tensor(0.7516, device='cuda:0') tensor(0.1000, device='cuda:0') tensor(0.1484, device='cuda:0')
tensor(0.8062, device='cuda:0') tensor(0.1000, device='cuda:0') tensor(0.0938, device='cuda:0')
tensor(0.8453, device='cuda:0') tensor(0.1000, device='cuda:0') tensor(0.0547, device='cuda:0')
tensor(0.8531, device='cuda:0') tensor(0.1000, device='cuda:0') tensor(0.0469, device='cuda:0')
tensor(0.8453, device='cuda:0') tensor(0.1000, device='cuda:0') tensor(0.0547, device='cuda:0')
tensor(0.8766, device='cuda:0') tensor(0.1000, device='cuda:0') tensor(0.0234, device='cuda:0')
tensor(0.8531, device='cuda:0') tensor(0.1000, device='cuda:0') tensor(0.0469, device='cuda:0')
tensor(0.8844, device='cuda:0') tensor(0.1000, device='cuda:0') tensor(0.0156, device='cuda:0')
tensor(0.7516, device='cuda:0') tensor(0.1000, device='cuda:0') tensor(0.1484, device='cuda:0')
tensor(0.8297, device='cuda:0') tensor(0.1000, device='cuda:0') tensor(0.0703, device='cuda:0')
tensor(0.7281, device='cuda:0') tensor(0.1000, device='cuda:0') tensor(0.1719, device='cuda:0')
tensor(0.8687, device='cuda:0') tensor(0.1000, device='cuda:0') tensor(0.0312, device='cuda:0')
tensor(0.8531, device='cuda:0') tensor(0.1000, device='cuda:0') tensor(0.0469, device='cuda:0')
tensor(0.7437, device='cuda:0') tensor(0.1000, device='cuda:0') tensor(0.1562, device='cuda:0')
tensor(0.8297, device='cuda:0') tensor(0.1000, device='cuda:0') tensor(0.0703, device='cuda:0')
tensor(0.8297, device='cuda:0') tensor(0.1000, device='cuda:0') tensor(0.0703, device='cuda:0')
tensor(0.8687, device='cuda:0') tensor(0.1000, device='cuda:0') tensor(0.0312, device='cuda:0')
tensor(0.8687, device='cuda:0') tensor(0.1000, device='cuda:0') tensor(0.0312, device='cuda:0')
tensor(0.8531, device='cuda:0') tensor(0.1000, device='cuda:0') tensor(0.0469, device='cuda:0')
tensor(0.7984, device='cuda:0') tensor(0.1000, device='cuda:0') tensor(0.1016, device='cuda:0')
tensor(0.8453, device='cuda:0') tensor(0.1000, device='cuda:0') tensor(0.0547, device='cuda:0')
tensor(0.8375, device='cuda:0') tensor(0.1000, device='cuda:0') tensor(0.0625, device='cuda:0')
tensor(0.8219, device='cuda:0') tensor(0.1000, device='cuda:0') tensor(0.0781, device='cuda:0')
tensor(0.8687, device='cuda:0') tensor(0.1000, device='cuda:0') tensor(0.0312, device='cuda:0')
tensor(0.8687, device='cuda:0') tensor(0.1000, device='cuda:0') tensor(0.0312, device='cuda:0')
tensor(0.7984, device='cuda:0') tensor(0.1000, device='cuda:0') tensor(0.1016, device='cuda:0')
tensor(0.8531, device='cuda:0') tensor(0.1000, device='cuda:0') tensor(0.0469, device='cuda:0')
tensor(0.7047, device='cuda:0') tensor(0.1000, device='cuda:0') tensor(0.1953, device='cuda:0')
tensor(0.7281, device='cuda:0') tensor(0.1000, device='cuda:0') tensor(0.1719, device='cuda:0')
tensor(0.8453, device='cuda:0') tensor(0.1000, device='cuda:0') tensor(0.0547, device='cuda:0')
tensor(0.8766, device='cuda:0') tensor(0.1000, device='cuda:0') tensor(0.0234, device='cuda:0')
time 5.39
error 14029.4970703125
12 self_attn.k_proj
Quantizing ...
tensor(0.8687, device='cuda:0') tensor(0.1000, device='cuda:0') tensor(0.0312, device='cuda:0')
tensor(0.8766, device='cuda:0') tensor(0.1000, device='cuda:0') tensor(0.0234, device='cuda:0')
tensor(0.8766, device='cuda:0') tensor(0.1000, device='cuda:0') tensor(0.0234, device='cuda:0')
tensor(0.8531, device='cuda:0') tensor(0.1000, device='cuda:0') tensor(0.0469, device='cuda:0')
tensor(0.8687, device='cuda:0') tensor(0.1000, device='cuda:0') tensor(0.0312, device='cuda:0')
tensor(0.8766, device='cuda:0') tensor(0.1000, device='cuda:0') tensor(0.0234, device='cuda:0')
tensor(0.8609, device='cuda:0') tensor(0.1000, device='cuda:0') tensor(0.0391, device='cuda:0')
tensor(0.8531, device='cuda:0') tensor(0.1000, device='cuda:0') tensor(0.0469, device='cuda:0')
tensor(0.8687, device='cuda:0') tensor(0.1000, device='cuda:0') tensor(0.0312, device='cuda:0')
tensor(0.8844, device='cuda:0') tensor(0.1000, device='cuda:0') tensor(0.0156, device='cuda:0')
tensor(0.8844, device='cuda:0') tensor(0.1000, device='cuda:0') tensor(0.0156, device='cuda:0')
tensor(0.8609, device='cuda:0') tensor(0.1000, device='cuda:0') tensor(0.0391, device='cuda:0')
tensor(0.8531, device='cuda:0') tensor(0.1000, device='cuda:0') tensor(0.0469, device='cuda:0')
tensor(0.8766, device='cuda:0') tensor(0.1000, device='cuda:0') tensor(0.0234, device='cuda:0')
tensor(0.8844, device='cuda:0') tensor(0.1000, device='cuda:0') tensor(0.0156, device='cuda:0')
tensor(0.8609, device='cuda:0') tensor(0.1000, device='cuda:0') tensor(0.0391, device='cuda:0')
time 1.48
error 273933.46875
12 self_attn.v_proj
Quantizing ...
tensor(0.7828, device='cuda:0') tensor(0.1000, device='cuda:0') tensor(0.1172, device='cuda:0')
tensor(0.8141, device='cuda:0') tensor(0.1000, device='cuda:0') tensor(0.0859, device='cuda:0')
tensor(0.6812, device='cuda:0') tensor(0.1000, device='cuda:0') tensor(0.2188, device='cuda:0')
tensor(0.6109, device='cuda:0') tensor(0.1000, device='cuda:0') tensor(0.2891, device='cuda:0')
tensor(0.8687, device='cuda:0') tensor(0.1000, device='cuda:0') tensor(0.0312, device='cuda:0')
tensor(0.7594, device='cuda:0') tensor(0.1000, device='cuda:0') tensor(0.1406, device='cuda:0')
tensor(0.8609, device='cuda:0') tensor(0.1000, device='cuda:0') tensor(0.0391, device='cuda:0')
tensor(0.8375, device='cuda:0') tensor(0.1000, device='cuda:0') tensor(0.0625, device='cuda:0')
tensor(0.7047, device='cuda:0') tensor(0.1000, device='cuda:0') tensor(0.1953, device='cuda:0')
tensor(0.8766, device='cuda:0') tensor(0.1000, device='cuda:0') tensor(0.0234, device='cuda:0')
tensor(0.8766, device='cuda:0') tensor(0.1000, device='cuda:0') tensor(0.0234, device='cuda:0')
tensor(0.8375, device='cuda:0') tensor(0.1000, device='cuda:0') tensor(0.0625, device='cuda:0')
tensor(0.6656, device='cuda:0') tensor(0.1000, device='cuda:0') tensor(0.2344, device='cuda:0')
tensor(0.8687, device='cuda:0') tensor(0.1000, device='cuda:0') tensor(0.0312, device='cuda:0')
tensor(0.8687, device='cuda:0') tensor(0.1000, device='cuda:0') tensor(0.0312, device='cuda:0')
tensor(0.8531, device='cuda:0') tensor(0.1000, device='cuda:0') tensor(0.0469, device='cuda:0')
time 1.26
error 116313.625
12 self_attn.q_proj
Quantizing ...
tensor(0.7750, device='cuda:0') tensor(0.1000, device='cuda:0') tensor(0.1250, device='cuda:0')
tensor(0.8687, device='cuda:0') tensor(0.1000, device='cuda:0') tensor(0.0312, device='cuda:0')
tensor(0.8531, device='cuda:0') tensor(0.1000, device='cuda:0') tensor(0.0469, device='cuda:0')
tensor(0.8297, device='cuda:0') tensor(0.1000, device='cuda:0') tensor(0.0703, device='cuda:0')
tensor(0.8687, device='cuda:0') tensor(0.1000, device='cuda:0') tensor(0.0312, device='cuda:0')
tensor(0.8687, device='cuda:0') tensor(0.1000, device='cuda:0') tensor(0.0312, device='cuda:0')
tensor(0.8453, device='cuda:0') tensor(0.1000, device='cuda:0') tensor(0.0547, device='cuda:0')
tensor(0.7203, device='cuda:0') tensor(0.1000, device='cuda:0') tensor(0.1797, device='cuda:0')
tensor(0.7359, device='cuda:0') tensor(0.1000, device='cuda:0') tensor(0.1641, device='cuda:0')
tensor(0.8844, device='cuda:0') tensor(0.1000, device='cuda:0') tensor(0.0156, device='cuda:0')
tensor(0.8844, device='cuda:0') tensor(0.1000, device='cuda:0') tensor(0.0156, device='cuda:0')
tensor(0.8297, device='cuda:0') tensor(0.1000, device='cuda:0') tensor(0.0703, device='cuda:0')
tensor(0.8453, device='cuda:0') tensor(0.1000, device='cuda:0') tensor(0.0547, device='cuda:0')
tensor(0.8766, device='cuda:0') tensor(0.1000, device='cuda:0') tensor(0.0234, device='cuda:0')
tensor(0.8766, device='cuda:0') tensor(0.1000, device='cuda:0') tensor(0.0234, device='cuda:0')
tensor(0.8609, device='cuda:0') tensor(0.1000, device='cuda:0') tensor(0.0391, device='cuda:0')
time 1.27
error 309395.90625
12 self_attn.out_proj
Quantizing ...
tensor(0.8453, device='cuda:0') tensor(0.1000, device='cuda:0') tensor(0.0547, device='cuda:0')
tensor(0.5172, device='cuda:0') tensor(0.1000, device='cuda:0') tensor(0.3828, device='cuda:0')
tensor(0.8531, device='cuda:0') tensor(0.1000, device='cuda:0') tensor(0.0469, device='cuda:0')
tensor(0.5172, device='cuda:0') tensor(0.1000, device='cuda:0') tensor(0.3828, device='cuda:0')
tensor(0.5172, device='cuda:0') tensor(0.1000, device='cuda:0') tensor(0.3828, device='cuda:0')
tensor(0.5406, device='cuda:0') tensor(0.1000, device='cuda:0') tensor(0.3594, device='cuda:0')
tensor(0.8062, device='cuda:0') tensor(0.1000, device='cuda:0') tensor(0.0938, device='cuda:0')
tensor(0.5172, device='cuda:0') tensor(0.1000, device='cuda:0') tensor(0.3828, device='cuda:0')
tensor(0.8297, device='cuda:0') tensor(0.1000, device='cuda:0') tensor(0.0703, device='cuda:0')
tensor(0.5172, device='cuda:0') tensor(0.1000, device='cuda:0') tensor(0.3828, device='cuda:0')
tensor(0.8687, device='cuda:0') tensor(0.1000, device='cuda:0') tensor(0.0312, device='cuda:0')
tensor(0.7516, device='cuda:0') tensor(0.1000, device='cuda:0') tensor(0.1484, device='cuda:0')
tensor(0.5328, device='cuda:0') tensor(0.1000, device='cuda:0') tensor(0.3672, device='cuda:0')
tensor(0.8375, device='cuda:0') tensor(0.1000, device='cuda:0') tensor(0.0625, device='cuda:0')
tensor(0.8531, device='cuda:0') tensor(0.1000, device='cuda:0') tensor(0.0469, device='cuda:0')
tensor(0.8453, device='cuda:0') tensor(0.1000, device='cuda:0') tensor(0.0547, device='cuda:0')
time 1.28
error 5197.8896484375
12 fc1
Quantizing ...
tensor(0.8141, device='cuda:0') tensor(0.1000, device='cuda:0') tensor(0.0859, device='cuda:0')
tensor(0.7281, device='cuda:0') tensor(0.1000, device='cuda:0') tensor(0.1719, device='cuda:0')
tensor(0.8609, device='cuda:0') tensor(0.1000, device='cuda:0') tensor(0.0391, device='cuda:0')
tensor(0.8531, device='cuda:0') tensor(0.1000, device='cuda:0') tensor(0.0469, device='cuda:0')
tensor(0.8687, device='cuda:0') tensor(0.1000, device='cuda:0') tensor(0.0312, device='cuda:0')
tensor(0.8062, device='cuda:0') tensor(0.1000, device='cuda:0') tensor(0.0938, device='cuda:0')
tensor(0.8609, device='cuda:0') tensor(0.1000, device='cuda:0') tensor(0.0391, device='cuda:0')
tensor(0.8375, device='cuda:0') tensor(0.1000, device='cuda:0') tensor(0.0625, device='cuda:0')
tensor(0.8062, device='cuda:0') tensor(0.1000, device='cuda:0') tensor(0.0938, device='cuda:0')
tensor(0.8766, device='cuda:0') tensor(0.1000, device='cuda:0') tensor(0.0234, device='cuda:0')
tensor(0.8766, device='cuda:0') tensor(0.1000, device='cuda:0') tensor(0.0234, device='cuda:0')
tensor(0.8453, device='cuda:0') tensor(0.1000, device='cuda:0') tensor(0.0547, device='cuda:0')
tensor(0.8375, device='cuda:0') tensor(0.1000, device='cuda:0') tensor(0.0625, device='cuda:0')
tensor(0.8766, device='cuda:0') tensor(0.1000, device='cuda:0') tensor(0.0234, device='cuda:0')
tensor(0.8687, device='cuda:0') tensor(0.1000, device='cuda:0') tensor(0.0312, device='cuda:0')
tensor(0.8609, device='cuda:0') tensor(0.1000, device='cuda:0') tensor(0.0391, device='cuda:0')
time 1.72
error 834011.0
12 fc2
Quantizing ...
tensor(0.8687, device='cuda:0') tensor(0.1000, device='cuda:0') tensor(0.0312, device='cuda:0')
tensor(0.8453, device='cuda:0') tensor(0.1000, device='cuda:0') tensor(0.0547, device='cuda:0')
tensor(0.8609, device='cuda:0') tensor(0.1000, device='cuda:0') tensor(0.0391, device='cuda:0')
tensor(0.8609, device='cuda:0') tensor(0.1000, device='cuda:0') tensor(0.0391, device='cuda:0')
tensor(0.8375, device='cuda:0') tensor(0.1000, device='cuda:0') tensor(0.0625, device='cuda:0')
tensor(0.8609, device='cuda:0') tensor(0.1000, device='cuda:0') tensor(0.0391, device='cuda:0')
tensor(0.8219, device='cuda:0') tensor(0.1000, device='cuda:0') tensor(0.0781, device='cuda:0')
tensor(0.8687, device='cuda:0') tensor(0.1000, device='cuda:0') tensor(0.0312, device='cuda:0')
tensor(0.8141, device='cuda:0') tensor(0.1000, device='cuda:0') tensor(0.0859, device='cuda:0')
tensor(0.8062, device='cuda:0') tensor(0.1000, device='cuda:0') tensor(0.0938, device='cuda:0')
tensor(0.8453, device='cuda:0') tensor(0.1000, device='cuda:0') tensor(0.0547, device='cuda:0')
tensor(0.7828, device='cuda:0') tensor(0.1000, device='cuda:0') tensor(0.1172, device='cuda:0')
tensor(0.8297, device='cuda:0') tensor(0.1000, device='cuda:0') tensor(0.0703, device='cuda:0')
tensor(0.8297, device='cuda:0') tensor(0.1000, device='cuda:0') tensor(0.0703, device='cuda:0')
tensor(0.8531, device='cuda:0') tensor(0.1000, device='cuda:0') tensor(0.0469, device='cuda:0')
tensor(0.8375, device='cuda:0') tensor(0.1000, device='cuda:0') tensor(0.0625, device='cuda:0')
tensor(0.8453, device='cuda:0') tensor(0.1000, device='cuda:0') tensor(0.0547, device='cuda:0')
tensor(0.7906, device='cuda:0') tensor(0.1000, device='cuda:0') tensor(0.1094, device='cuda:0')
tensor(0.8531, device='cuda:0') tensor(0.1000, device='cuda:0') tensor(0.0469, device='cuda:0')
tensor(0.8062, device='cuda:0') tensor(0.1000, device='cuda:0') tensor(0.0938, device='cuda:0')
tensor(0.7594, device='cuda:0') tensor(0.1000, device='cuda:0') tensor(0.1406, device='cuda:0')
tensor(0.8687, device='cuda:0') tensor(0.1000, device='cuda:0') tensor(0.0312, device='cuda:0')
tensor(0.8375, device='cuda:0') tensor(0.1000, device='cuda:0') tensor(0.0625, device='cuda:0')
tensor(0.8609, device='cuda:0') tensor(0.1000, device='cuda:0') tensor(0.0391, device='cuda:0')
tensor(0.8609, device='cuda:0') tensor(0.1000, device='cuda:0') tensor(0.0391, device='cuda:0')
tensor(0.8453, device='cuda:0') tensor(0.1000, device='cuda:0') tensor(0.0547, device='cuda:0')
tensor(0.8687, device='cuda:0') tensor(0.1000, device='cuda:0') tensor(0.0312, device='cuda:0')
tensor(0.8297, device='cuda:0') tensor(0.1000, device='cuda:0') tensor(0.0703, device='cuda:0')
tensor(0.8844, device='cuda:0') tensor(0.1000, device='cuda:0') tensor(0.0156, device='cuda:0')
tensor(0.7125, device='cuda:0') tensor(0.1000, device='cuda:0') tensor(0.1875, device='cuda:0')
tensor(0.8687, device='cuda:0') tensor(0.1000, device='cuda:0') tensor(0.0312, device='cuda:0')
tensor(0.8453, device='cuda:0') tensor(0.1000, device='cuda:0') tensor(0.0547, device='cuda:0')
tensor(0.7906, device='cuda:0') tensor(0.1000, device='cuda:0') tensor(0.1094, device='cuda:0')
tensor(0.8297, device='cuda:0') tensor(0.1000, device='cuda:0') tensor(0.0703, device='cuda:0')
tensor(0.8687, device='cuda:0') tensor(0.1000, device='cuda:0') tensor(0.0312, device='cuda:0')
tensor(0.8297, device='cuda:0') tensor(0.1000, device='cuda:0') tensor(0.0703, device='cuda:0')
tensor(0.7359, device='cuda:0') tensor(0.1000, device='cuda:0') tensor(0.1641, device='cuda:0')
tensor(0.8297, device='cuda:0') tensor(0.1000, device='cuda:0') tensor(0.0703, device='cuda:0')
tensor(0.8297, device='cuda:0') tensor(0.1000, device='cuda:0') tensor(0.0703, device='cuda:0')
tensor(0.8062, device='cuda:0') tensor(0.1000, device='cuda:0') tensor(0.0938, device='cuda:0')
tensor(0.7359, device='cuda:0') tensor(0.1000, device='cuda:0') tensor(0.1641, device='cuda:0')
tensor(0.8687, device='cuda:0') tensor(0.1000, device='cuda:0') tensor(0.0312, device='cuda:0')
tensor(0.7672, device='cuda:0') tensor(0.1000, device='cuda:0') tensor(0.1328, device='cuda:0')
tensor(0.8766, device='cuda:0') tensor(0.1000, device='cuda:0') tensor(0.0234, device='cuda:0')
tensor(0.7516, device='cuda:0') tensor(0.1000, device='cuda:0') tensor(0.1484, device='cuda:0')
tensor(0.8609, device='cuda:0') tensor(0.1000, device='cuda:0') tensor(0.0391, device='cuda:0')
tensor(0.8609, device='cuda:0') tensor(0.1000, device='cuda:0') tensor(0.0391, device='cuda:0')
tensor(0.7984, device='cuda:0') tensor(0.1000, device='cuda:0') tensor(0.1016, device='cuda:0')
tensor(0.8687, device='cuda:0') tensor(0.1000, device='cuda:0') tensor(0.0312, device='cuda:0')
tensor(0.8453, device='cuda:0') tensor(0.1000, device='cuda:0') tensor(0.0547, device='cuda:0')
tensor(0.8609, device='cuda:0') tensor(0.1000, device='cuda:0') tensor(0.0391, device='cuda:0')
tensor(0.8297, device='cuda:0') tensor(0.1000, device='cuda:0') tensor(0.0703, device='cuda:0')
tensor(0.8297, device='cuda:0') tensor(0.1000, device='cuda:0') tensor(0.0703, device='cuda:0')
tensor(0.8609, device='cuda:0') tensor(0.1000, device='cuda:0') tensor(0.0391, device='cuda:0')
tensor(0.7828, device='cuda:0') tensor(0.1000, device='cuda:0') tensor(0.1172, device='cuda:0')
tensor(0.8375, device='cuda:0') tensor(0.1000, device='cuda:0') tensor(0.0625, device='cuda:0')
tensor(0.8219, device='cuda:0') tensor(0.1000, device='cuda:0') tensor(0.0781, device='cuda:0')
tensor(0.8453, device='cuda:0') tensor(0.1000, device='cuda:0') tensor(0.0547, device='cuda:0')
tensor(0.8062, device='cuda:0') tensor(0.1000, device='cuda:0') tensor(0.0938, device='cuda:0')
tensor(0.8531, device='cuda:0') tensor(0.1000, device='cuda:0') tensor(0.0469, device='cuda:0')
tensor(0.8453, device='cuda:0') tensor(0.1000, device='cuda:0') tensor(0.0547, device='cuda:0')
tensor(0.8297, device='cuda:0') tensor(0.1000, device='cuda:0') tensor(0.0703, device='cuda:0')
tensor(0.8531, device='cuda:0') tensor(0.1000, device='cuda:0') tensor(0.0469, device='cuda:0')
tensor(0.8219, device='cuda:0') tensor(0.1000, device='cuda:0') tensor(0.0781, device='cuda:0')
time 5.17
error 17631.63671875
13 self_attn.k_proj
Quantizing ...
tensor(0.8687, device='cuda:0') tensor(0.1000, device='cuda:0') tensor(0.0312, device='cuda:0')
tensor(0.8766, device='cuda:0') tensor(0.1000, device='cuda:0') tensor(0.0234, device='cuda:0')
tensor(0.8766, device='cuda:0') tensor(0.1000, device='cuda:0') tensor(0.0234, device='cuda:0')
tensor(0.8453, device='cuda:0') tensor(0.1000, device='cuda:0') tensor(0.0547, device='cuda:0')
tensor(0.8687, device='cuda:0') tensor(0.1000, device='cuda:0') tensor(0.0312, device='cuda:0')
tensor(0.8766, device='cuda:0') tensor(0.1000, device='cuda:0') tensor(0.0234, device='cuda:0')
tensor(0.8609, device='cuda:0') tensor(0.1000, device='cuda:0') tensor(0.0391, device='cuda:0')
tensor(0.8531, device='cuda:0') tensor(0.1000, device='cuda:0') tensor(0.0469, device='cuda:0')
tensor(0.8609, device='cuda:0') tensor(0.1000, device='cuda:0') tensor(0.0391, device='cuda:0')
tensor(0.8844, device='cuda:0') tensor(0.1000, device='cuda:0') tensor(0.0156, device='cuda:0')
tensor(0.8844, device='cuda:0') tensor(0.1000, device='cuda:0') tensor(0.0156, device='cuda:0')
tensor(0.8609, device='cuda:0') tensor(0.1000, device='cuda:0') tensor(0.0391, device='cuda:0')
tensor(0.8531, device='cuda:0') tensor(0.1000, device='cuda:0') tensor(0.0469, device='cuda:0')
tensor(0.8766, device='cuda:0') tensor(0.1000, device='cuda:0') tensor(0.0234, device='cuda:0')
tensor(0.8844, device='cuda:0') tensor(0.1000, device='cuda:0') tensor(0.0156, device='cuda:0')
tensor(0.8609, device='cuda:0') tensor(0.1000, device='cuda:0') tensor(0.0391, device='cuda:0')
time 1.46
error 292708.875
13 self_attn.v_proj
Quantizing ...
tensor(0.6422, device='cuda:0') tensor(0.1000, device='cuda:0') tensor(0.2578, device='cuda:0')
tensor(0.8219, device='cuda:0') tensor(0.1000, device='cuda:0') tensor(0.0781, device='cuda:0')
tensor(0.7281, device='cuda:0') tensor(0.1000, device='cuda:0') tensor(0.1719, device='cuda:0')
tensor(0.8297, device='cuda:0') tensor(0.1000, device='cuda:0') tensor(0.0703, device='cuda:0')
tensor(0.8141, device='cuda:0') tensor(0.1000, device='cuda:0') tensor(0.0859, device='cuda:0')
tensor(0.6344, device='cuda:0') tensor(0.1000, device='cuda:0') tensor(0.2656, device='cuda:0')
tensor(0.7125, device='cuda:0') tensor(0.1000, device='cuda:0') tensor(0.1875, device='cuda:0')
tensor(0.6344, device='cuda:0') tensor(0.1000, device='cuda:0') tensor(0.2656, device='cuda:0')
tensor(0.7906, device='cuda:0') tensor(0.1000, device='cuda:0') tensor(0.1094, device='cuda:0')
tensor(0.8766, device='cuda:0') tensor(0.1000, device='cuda:0') tensor(0.0234, device='cuda:0')
tensor(0.8766, device='cuda:0') tensor(0.1000, device='cuda:0') tensor(0.0234, device='cuda:0')
tensor(0.7281, device='cuda:0') tensor(0.1000, device='cuda:0') tensor(0.1719, device='cuda:0')
tensor(0.6656, device='cuda:0') tensor(0.1000, device='cuda:0') tensor(0.2344, device='cuda:0')
tensor(0.8609, device='cuda:0') tensor(0.1000, device='cuda:0') tensor(0.0391, device='cuda:0')
tensor(0.8766, device='cuda:0') tensor(0.1000, device='cuda:0') tensor(0.0234, device='cuda:0')
tensor(0.8609, device='cuda:0') tensor(0.1000, device='cuda:0') tensor(0.0391, device='cuda:0')
time 1.26
error 130598.703125
13 self_attn.q_proj
Quantizing ...
tensor(0.8219, device='cuda:0') tensor(0.1000, device='cuda:0') tensor(0.0781, device='cuda:0')
tensor(0.8687, device='cuda:0') tensor(0.1000, device='cuda:0') tensor(0.0312, device='cuda:0')
tensor(0.8375, device='cuda:0') tensor(0.1000, device='cuda:0') tensor(0.0625, device='cuda:0')
tensor(0.8297, device='cuda:0') tensor(0.1000, device='cuda:0') tensor(0.0703, device='cuda:0')
tensor(0.8687, device='cuda:0') tensor(0.1000, device='cuda:0') tensor(0.0312, device='cuda:0')
tensor(0.6500, device='cuda:0') tensor(0.1000, device='cuda:0') tensor(0.2500, device='cuda:0')
tensor(0.8531, device='cuda:0') tensor(0.1000, device='cuda:0') tensor(0.0469, device='cuda:0')
tensor(0.7359, device='cuda:0') tensor(0.1000, device='cuda:0') tensor(0.1641, device='cuda:0')
tensor(0.6422, device='cuda:0') tensor(0.1000, device='cuda:0') tensor(0.2578, device='cuda:0')
tensor(0.8844, device='cuda:0') tensor(0.1000, device='cuda:0') tensor(0.0156, device='cuda:0')
tensor(0.8844, device='cuda:0') tensor(0.1000, device='cuda:0') tensor(0.0156, device='cuda:0')
tensor(0.8531, device='cuda:0') tensor(0.1000, device='cuda:0') tensor(0.0469, device='cuda:0')
tensor(0.8375, device='cuda:0') tensor(0.1000, device='cuda:0') tensor(0.0625, device='cuda:0')
tensor(0.8766, device='cuda:0') tensor(0.1000, device='cuda:0') tensor(0.0234, device='cuda:0')
tensor(0.8766, device='cuda:0') tensor(0.1000, device='cuda:0') tensor(0.0234, device='cuda:0')
tensor(0.8609, device='cuda:0') tensor(0.1000, device='cuda:0') tensor(0.0391, device='cuda:0')
time 1.29
error 336699.3125
13 self_attn.out_proj
Quantizing ...
tensor(0.8297, device='cuda:0') tensor(0.1000, device='cuda:0') tensor(0.0703, device='cuda:0')
tensor(0.5172, device='cuda:0') tensor(0.1000, device='cuda:0') tensor(0.3828, device='cuda:0')
tensor(0.8609, device='cuda:0') tensor(0.1000, device='cuda:0') tensor(0.0391, device='cuda:0')
tensor(0.8609, device='cuda:0') tensor(0.1000, device='cuda:0') tensor(0.0391, device='cuda:0')
tensor(0.5172, device='cuda:0') tensor(0.1000, device='cuda:0') tensor(0.3828, device='cuda:0')
tensor(0.5172, device='cuda:0') tensor(0.1000, device='cuda:0') tensor(0.3828, device='cuda:0')
tensor(0.5328, device='cuda:0') tensor(0.1000, device='cuda:0') tensor(0.3672, device='cuda:0')
tensor(0.6891, device='cuda:0') tensor(0.1000, device='cuda:0') tensor(0.2109, device='cuda:0')
tensor(0.8609, device='cuda:0') tensor(0.1000, device='cuda:0') tensor(0.0391, device='cuda:0')
tensor(0.8609, device='cuda:0') tensor(0.1000, device='cuda:0') tensor(0.0391, device='cuda:0')
tensor(0.8531, device='cuda:0') tensor(0.1000, device='cuda:0') tensor(0.0469, device='cuda:0')
tensor(0.8766, device='cuda:0') tensor(0.1000, device='cuda:0') tensor(0.0234, device='cuda:0')
tensor(0.8609, device='cuda:0') tensor(0.1000, device='cuda:0') tensor(0.0391, device='cuda:0')
tensor(0.5484, device='cuda:0') tensor(0.1000, device='cuda:0') tensor(0.3516, device='cuda:0')
tensor(0.8453, device='cuda:0') tensor(0.1000, device='cuda:0') tensor(0.0547, device='cuda:0')
tensor(0.8687, device='cuda:0') tensor(0.1000, device='cuda:0') tensor(0.0312, device='cuda:0')
time 1.32
error 7346.37060546875
13 fc1
Quantizing ...
tensor(0.7437, device='cuda:0') tensor(0.1000, device='cuda:0') tensor(0.1562, device='cuda:0')
tensor(0.5641, device='cuda:0') tensor(0.1000, device='cuda:0') tensor(0.3359, device='cuda:0')
tensor(0.8609, device='cuda:0') tensor(0.1000, device='cuda:0') tensor(0.0391, device='cuda:0')
tensor(0.8531, device='cuda:0') tensor(0.1000, device='cuda:0') tensor(0.0469, device='cuda:0')
tensor(0.8609, device='cuda:0') tensor(0.1000, device='cuda:0') tensor(0.0391, device='cuda:0')
tensor(0.7828, device='cuda:0') tensor(0.1000, device='cuda:0') tensor(0.1172, device='cuda:0')
tensor(0.8609, device='cuda:0') tensor(0.1000, device='cuda:0') tensor(0.0391, device='cuda:0')
tensor(0.8297, device='cuda:0') tensor(0.1000, device='cuda:0') tensor(0.0703, device='cuda:0')
tensor(0.8297, device='cuda:0') tensor(0.1000, device='cuda:0') tensor(0.0703, device='cuda:0')
tensor(0.8766, device='cuda:0') tensor(0.1000, device='cuda:0') tensor(0.0234, device='cuda:0')
tensor(0.8766, device='cuda:0') tensor(0.1000, device='cuda:0') tensor(0.0234, device='cuda:0')
tensor(0.8453, device='cuda:0') tensor(0.1000, device='cuda:0') tensor(0.0547, device='cuda:0')
tensor(0.8531, device='cuda:0') tensor(0.1000, device='cuda:0') tensor(0.0469, device='cuda:0')
tensor(0.8687, device='cuda:0') tensor(0.1000, device='cuda:0') tensor(0.0312, device='cuda:0')
tensor(0.8766, device='cuda:0') tensor(0.1000, device='cuda:0') tensor(0.0234, device='cuda:0')
tensor(0.8609, device='cuda:0') tensor(0.1000, device='cuda:0') tensor(0.0391, device='cuda:0')
time 1.72
error 937760.75
13 fc2
Quantizing ...
tensor(0.8453, device='cuda:0') tensor(0.1000, device='cuda:0') tensor(0.0547, device='cuda:0')
tensor(0.7437, device='cuda:0') tensor(0.1000, device='cuda:0') tensor(0.1562, device='cuda:0')
tensor(0.8062, device='cuda:0') tensor(0.1000, device='cuda:0') tensor(0.0938, device='cuda:0')
tensor(0.8531, device='cuda:0') tensor(0.1000, device='cuda:0') tensor(0.0469, device='cuda:0')
tensor(0.8141, device='cuda:0') tensor(0.1000, device='cuda:0') tensor(0.0859, device='cuda:0')
tensor(0.8687, device='cuda:0') tensor(0.1000, device='cuda:0') tensor(0.0312, device='cuda:0')
tensor(0.8609, device='cuda:0') tensor(0.1000, device='cuda:0') tensor(0.0391, device='cuda:0')
tensor(0.7203, device='cuda:0') tensor(0.1000, device='cuda:0') tensor(0.1797, device='cuda:0')
tensor(0.8609, device='cuda:0') tensor(0.1000, device='cuda:0') tensor(0.0391, device='cuda:0')
tensor(0.8453, device='cuda:0') tensor(0.1000, device='cuda:0') tensor(0.0547, device='cuda:0')
tensor(0.8687, device='cuda:0') tensor(0.1000, device='cuda:0') tensor(0.0312, device='cuda:0')
tensor(0.8531, device='cuda:0') tensor(0.1000, device='cuda:0') tensor(0.0469, device='cuda:0')
tensor(0.8609, device='cuda:0') tensor(0.1000, device='cuda:0') tensor(0.0391, device='cuda:0')
tensor(0.7594, device='cuda:0') tensor(0.1000, device='cuda:0') tensor(0.1406, device='cuda:0')
tensor(0.8297, device='cuda:0') tensor(0.1000, device='cuda:0') tensor(0.0703, device='cuda:0')
tensor(0.8453, device='cuda:0') tensor(0.1000, device='cuda:0') tensor(0.0547, device='cuda:0')
tensor(0.8453, device='cuda:0') tensor(0.1000, device='cuda:0') tensor(0.0547, device='cuda:0')
tensor(0.8531, device='cuda:0') tensor(0.1000, device='cuda:0') tensor(0.0469, device='cuda:0')
tensor(0.8531, device='cuda:0') tensor(0.1000, device='cuda:0') tensor(0.0469, device='cuda:0')
tensor(0.8453, device='cuda:0') tensor(0.1000, device='cuda:0') tensor(0.0547, device='cuda:0')
tensor(0.8141, device='cuda:0') tensor(0.1000, device='cuda:0') tensor(0.0859, device='cuda:0')
tensor(0.7984, device='cuda:0') tensor(0.1000, device='cuda:0') tensor(0.1016, device='cuda:0')
tensor(0.7828, device='cuda:0') tensor(0.1000, device='cuda:0') tensor(0.1172, device='cuda:0')
tensor(0.8609, device='cuda:0') tensor(0.1000, device='cuda:0') tensor(0.0391, device='cuda:0')
tensor(0.7203, device='cuda:0') tensor(0.1000, device='cuda:0') tensor(0.1797, device='cuda:0')
tensor(0.8297, device='cuda:0') tensor(0.1000, device='cuda:0') tensor(0.0703, device='cuda:0')
tensor(0.8531, device='cuda:0') tensor(0.1000, device='cuda:0') tensor(0.0469, device='cuda:0')
tensor(0.7516, device='cuda:0') tensor(0.1000, device='cuda:0') tensor(0.1484, device='cuda:0')
tensor(0.8531, device='cuda:0') tensor(0.1000, device='cuda:0') tensor(0.0469, device='cuda:0')
tensor(0.8609, device='cuda:0') tensor(0.1000, device='cuda:0') tensor(0.0391, device='cuda:0')
tensor(0.6578, device='cuda:0') tensor(0.1000, device='cuda:0') tensor(0.2422, device='cuda:0')
tensor(0.8687, device='cuda:0') tensor(0.1000, device='cuda:0') tensor(0.0312, device='cuda:0')
tensor(0.8219, device='cuda:0') tensor(0.1000, device='cuda:0') tensor(0.0781, device='cuda:0')
tensor(0.8297, device='cuda:0') tensor(0.1000, device='cuda:0') tensor(0.0703, device='cuda:0')
tensor(0.8453, device='cuda:0') tensor(0.1000, device='cuda:0') tensor(0.0547, device='cuda:0')
tensor(0.8297, device='cuda:0') tensor(0.1000, device='cuda:0') tensor(0.0703, device='cuda:0')
tensor(0.8375, device='cuda:0') tensor(0.1000, device='cuda:0') tensor(0.0625, device='cuda:0')
tensor(0.8453, device='cuda:0') tensor(0.1000, device='cuda:0') tensor(0.0547, device='cuda:0')
tensor(0.6031, device='cuda:0') tensor(0.1000, device='cuda:0') tensor(0.2969, device='cuda:0')
tensor(0.8141, device='cuda:0') tensor(0.1000, device='cuda:0') tensor(0.0859, device='cuda:0')
tensor(0.8219, device='cuda:0') tensor(0.1000, device='cuda:0') tensor(0.0781, device='cuda:0')
tensor(0.8687, device='cuda:0') tensor(0.1000, device='cuda:0') tensor(0.0312, device='cuda:0')
tensor(0.8297, device='cuda:0') tensor(0.1000, device='cuda:0') tensor(0.0703, device='cuda:0')
tensor(0.8453, device='cuda:0') tensor(0.1000, device='cuda:0') tensor(0.0547, device='cuda:0')
tensor(0.8609, device='cuda:0') tensor(0.1000, device='cuda:0') tensor(0.0391, device='cuda:0')
tensor(0.8609, device='cuda:0') tensor(0.1000, device='cuda:0') tensor(0.0391, device='cuda:0')
tensor(0.7047, device='cuda:0') tensor(0.1000, device='cuda:0') tensor(0.1953, device='cuda:0')
tensor(0.8609, device='cuda:0') tensor(0.1000, device='cuda:0') tensor(0.0391, device='cuda:0')
tensor(0.8609, device='cuda:0') tensor(0.1000, device='cuda:0') tensor(0.0391, device='cuda:0')
tensor(0.8609, device='cuda:0') tensor(0.1000, device='cuda:0') tensor(0.0391, device='cuda:0')
tensor(0.8609, device='cuda:0') tensor(0.1000, device='cuda:0') tensor(0.0391, device='cuda:0')
tensor(0.8219, device='cuda:0') tensor(0.1000, device='cuda:0') tensor(0.0781, device='cuda:0')
tensor(0.8062, device='cuda:0') tensor(0.1000, device='cuda:0') tensor(0.0938, device='cuda:0')
tensor(0.8453, device='cuda:0') tensor(0.1000, device='cuda:0') tensor(0.0547, device='cuda:0')
tensor(0.8141, device='cuda:0') tensor(0.1000, device='cuda:0') tensor(0.0859, device='cuda:0')
tensor(0.8062, device='cuda:0') tensor(0.1000, device='cuda:0') tensor(0.0938, device='cuda:0')
tensor(0.8766, device='cuda:0') tensor(0.1000, device='cuda:0') tensor(0.0234, device='cuda:0')
tensor(0.8453, device='cuda:0') tensor(0.1000, device='cuda:0') tensor(0.0547, device='cuda:0')
tensor(0.8609, device='cuda:0') tensor(0.1000, device='cuda:0') tensor(0.0391, device='cuda:0')
tensor(0.8375, device='cuda:0') tensor(0.1000, device='cuda:0') tensor(0.0625, device='cuda:0')
tensor(0.8453, device='cuda:0') tensor(0.1000, device='cuda:0') tensor(0.0547, device='cuda:0')
tensor(0.8766, device='cuda:0') tensor(0.1000, device='cuda:0') tensor(0.0234, device='cuda:0')
tensor(0.8687, device='cuda:0') tensor(0.1000, device='cuda:0') tensor(0.0312, device='cuda:0')
tensor(0.8141, device='cuda:0') tensor(0.1000, device='cuda:0') tensor(0.0859, device='cuda:0')
time 5.18
error 21813.28125
14 self_attn.k_proj
Quantizing ...
tensor(0.8687, device='cuda:0') tensor(0.1000, device='cuda:0') tensor(0.0312, device='cuda:0')
tensor(0.8766, device='cuda:0') tensor(0.1000, device='cuda:0') tensor(0.0234, device='cuda:0')
tensor(0.8766, device='cuda:0') tensor(0.1000, device='cuda:0') tensor(0.0234, device='cuda:0')
tensor(0.8531, device='cuda:0') tensor(0.1000, device='cuda:0') tensor(0.0469, device='cuda:0')
tensor(0.8687, device='cuda:0') tensor(0.1000, device='cuda:0') tensor(0.0312, device='cuda:0')
tensor(0.8844, device='cuda:0') tensor(0.1000, device='cuda:0') tensor(0.0156, device='cuda:0')
tensor(0.8609, device='cuda:0') tensor(0.1000, device='cuda:0') tensor(0.0391, device='cuda:0')
tensor(0.8453, device='cuda:0') tensor(0.1000, device='cuda:0') tensor(0.0547, device='cuda:0')
tensor(0.8609, device='cuda:0') tensor(0.1000, device='cuda:0') tensor(0.0391, device='cuda:0')
tensor(0.8844, device='cuda:0') tensor(0.1000, device='cuda:0') tensor(0.0156, device='cuda:0')
tensor(0.8844, device='cuda:0') tensor(0.1000, device='cuda:0') tensor(0.0156, device='cuda:0')
tensor(0.8453, device='cuda:0') tensor(0.1000, device='cuda:0') tensor(0.0547, device='cuda:0')
tensor(0.8219, device='cuda:0') tensor(0.1000, device='cuda:0') tensor(0.0781, device='cuda:0')
tensor(0.8766, device='cuda:0') tensor(0.1000, device='cuda:0') tensor(0.0234, device='cuda:0')
tensor(0.8844, device='cuda:0') tensor(0.1000, device='cuda:0') tensor(0.0156, device='cuda:0')
tensor(0.8609, device='cuda:0') tensor(0.1000, device='cuda:0') tensor(0.0391, device='cuda:0')
time 1.46
error 307802.8125
14 self_attn.v_proj
Quantizing ...
tensor(0.6031, device='cuda:0') tensor(0.1000, device='cuda:0') tensor(0.2969, device='cuda:0')
tensor(0.7594, device='cuda:0') tensor(0.1000, device='cuda:0') tensor(0.1406, device='cuda:0')
tensor(0.5562, device='cuda:0') tensor(0.1000, device='cuda:0') tensor(0.3438, device='cuda:0')
tensor(0.8375, device='cuda:0') tensor(0.1000, device='cuda:0') tensor(0.0625, device='cuda:0')
tensor(0.6656, device='cuda:0') tensor(0.1000, device='cuda:0') tensor(0.2344, device='cuda:0')
tensor(0.6656, device='cuda:0') tensor(0.1000, device='cuda:0') tensor(0.2344, device='cuda:0')
tensor(0.6656, device='cuda:0') tensor(0.1000, device='cuda:0') tensor(0.2344, device='cuda:0')
tensor(0.6031, device='cuda:0') tensor(0.1000, device='cuda:0') tensor(0.2969, device='cuda:0')
tensor(0.7516, device='cuda:0') tensor(0.1000, device='cuda:0') tensor(0.1484, device='cuda:0')
tensor(0.8609, device='cuda:0') tensor(0.1000, device='cuda:0') tensor(0.0391, device='cuda:0')
tensor(0.8766, device='cuda:0') tensor(0.1000, device='cuda:0') tensor(0.0234, device='cuda:0')
tensor(0.6656, device='cuda:0') tensor(0.1000, device='cuda:0') tensor(0.2344, device='cuda:0')
tensor(0.6969, device='cuda:0') tensor(0.1000, device='cuda:0') tensor(0.2031, device='cuda:0')
tensor(0.8531, device='cuda:0') tensor(0.1000, device='cuda:0') tensor(0.0469, device='cuda:0')
tensor(0.8687, device='cuda:0') tensor(0.1000, device='cuda:0') tensor(0.0312, device='cuda:0')
tensor(0.8687, device='cuda:0') tensor(0.1000, device='cuda:0') tensor(0.0312, device='cuda:0')
time 1.27
error 162610.421875
14 self_attn.q_proj
Quantizing ...
tensor(0.7594, device='cuda:0') tensor(0.1000, device='cuda:0') tensor(0.1406, device='cuda:0')
tensor(0.8687, device='cuda:0') tensor(0.1000, device='cuda:0') tensor(0.0312, device='cuda:0')
tensor(0.8141, device='cuda:0') tensor(0.1000, device='cuda:0') tensor(0.0859, device='cuda:0')
tensor(0.8141, device='cuda:0') tensor(0.1000, device='cuda:0') tensor(0.0859, device='cuda:0')
tensor(0.8687, device='cuda:0') tensor(0.1000, device='cuda:0') tensor(0.0312, device='cuda:0')
tensor(0.5172, device='cuda:0') tensor(0.1000, device='cuda:0') tensor(0.3828, device='cuda:0')
tensor(0.8531, device='cuda:0') tensor(0.1000, device='cuda:0') tensor(0.0469, device='cuda:0')
tensor(0.7594, device='cuda:0') tensor(0.1000, device='cuda:0') tensor(0.1406, device='cuda:0')
tensor(0.8141, device='cuda:0') tensor(0.1000, device='cuda:0') tensor(0.0859, device='cuda:0')
tensor(0.8844, device='cuda:0') tensor(0.1000, device='cuda:0') tensor(0.0156, device='cuda:0')
tensor(0.8844, device='cuda:0') tensor(0.1000, device='cuda:0') tensor(0.0156, device='cuda:0')
tensor(0.8531, device='cuda:0') tensor(0.1000, device='cuda:0') tensor(0.0469, device='cuda:0')
tensor(0.8062, device='cuda:0') tensor(0.1000, device='cuda:0') tensor(0.0938, device='cuda:0')
tensor(0.8766, device='cuda:0') tensor(0.1000, device='cuda:0') tensor(0.0234, device='cuda:0')
tensor(0.8766, device='cuda:0') tensor(0.1000, device='cuda:0') tensor(0.0234, device='cuda:0')
tensor(0.8609, device='cuda:0') tensor(0.1000, device='cuda:0') tensor(0.0391, device='cuda:0')
time 1.29
error 342206.34375
14 self_attn.out_proj
Quantizing ...
tensor(0.8531, device='cuda:0') tensor(0.1000, device='cuda:0') tensor(0.0469, device='cuda:0')
tensor(0.5172, device='cuda:0') tensor(0.1000, device='cuda:0') tensor(0.3828, device='cuda:0')
tensor(0.5172, device='cuda:0') tensor(0.1000, device='cuda:0') tensor(0.3828, device='cuda:0')
tensor(0.5172, device='cuda:0') tensor(0.1000, device='cuda:0') tensor(0.3828, device='cuda:0')
tensor(0.5172, device='cuda:0') tensor(0.1000, device='cuda:0') tensor(0.3828, device='cuda:0')
tensor(0.5250, device='cuda:0') tensor(0.1000, device='cuda:0') tensor(0.3750, device='cuda:0')
tensor(0.5328, device='cuda:0') tensor(0.1000, device='cuda:0') tensor(0.3672, device='cuda:0')
tensor(0.8609, device='cuda:0') tensor(0.1000, device='cuda:0') tensor(0.0391, device='cuda:0')
tensor(0.5172, device='cuda:0') tensor(0.1000, device='cuda:0') tensor(0.3828, device='cuda:0')
tensor(0.8219, device='cuda:0') tensor(0.1000, device='cuda:0') tensor(0.0781, device='cuda:0')
tensor(0.5172, device='cuda:0') tensor(0.1000, device='cuda:0') tensor(0.3828, device='cuda:0')
tensor(0.8531, device='cuda:0') tensor(0.1000, device='cuda:0') tensor(0.0469, device='cuda:0')
tensor(0.5172, device='cuda:0') tensor(0.1000, device='cuda:0') tensor(0.3828, device='cuda:0')
tensor(0.5172, device='cuda:0') tensor(0.1000, device='cuda:0') tensor(0.3828, device='cuda:0')
tensor(0.5953, device='cuda:0') tensor(0.1000, device='cuda:0') tensor(0.3047, device='cuda:0')
tensor(0.8766, device='cuda:0') tensor(0.1000, device='cuda:0') tensor(0.0234, device='cuda:0')
time 1.26
error 9183.13671875
14 fc1
Quantizing ...
tensor(0.7906, device='cuda:0') tensor(0.1000, device='cuda:0') tensor(0.1094, device='cuda:0')
tensor(0.6812, device='cuda:0') tensor(0.1000, device='cuda:0') tensor(0.2188, device='cuda:0')
tensor(0.8297, device='cuda:0') tensor(0.1000, device='cuda:0') tensor(0.0703, device='cuda:0')
tensor(0.8609, device='cuda:0') tensor(0.1000, device='cuda:0') tensor(0.0391, device='cuda:0')
tensor(0.8687, device='cuda:0') tensor(0.1000, device='cuda:0') tensor(0.0312, device='cuda:0')
tensor(0.6969, device='cuda:0') tensor(0.1000, device='cuda:0') tensor(0.2031, device='cuda:0')
tensor(0.8687, device='cuda:0') tensor(0.1000, device='cuda:0') tensor(0.0312, device='cuda:0')
tensor(0.8219, device='cuda:0') tensor(0.1000, device='cuda:0') tensor(0.0781, device='cuda:0')
tensor(0.8375, device='cuda:0') tensor(0.1000, device='cuda:0') tensor(0.0625, device='cuda:0')
tensor(0.8766, device='cuda:0') tensor(0.1000, device='cuda:0') tensor(0.0234, device='cuda:0')
tensor(0.8766, device='cuda:0') tensor(0.1000, device='cuda:0') tensor(0.0234, device='cuda:0')
tensor(0.8297, device='cuda:0') tensor(0.1000, device='cuda:0') tensor(0.0703, device='cuda:0')
tensor(0.8297, device='cuda:0') tensor(0.1000, device='cuda:0') tensor(0.0703, device='cuda:0')
tensor(0.8687, device='cuda:0') tensor(0.1000, device='cuda:0') tensor(0.0312, device='cuda:0')
tensor(0.8766, device='cuda:0') tensor(0.1000, device='cuda:0') tensor(0.0234, device='cuda:0')
tensor(0.8531, device='cuda:0') tensor(0.1000, device='cuda:0') tensor(0.0469, device='cuda:0')
time 1.85
error 1064348.75
14 fc2
Quantizing ...
tensor(0.8687, device='cuda:0') tensor(0.1000, device='cuda:0') tensor(0.0312, device='cuda:0')
tensor(0.8531, device='cuda:0') tensor(0.1000, device='cuda:0') tensor(0.0469, device='cuda:0')
tensor(0.8531, device='cuda:0') tensor(0.1000, device='cuda:0') tensor(0.0469, device='cuda:0')
tensor(0.8453, device='cuda:0') tensor(0.1000, device='cuda:0') tensor(0.0547, device='cuda:0')
tensor(0.8297, device='cuda:0') tensor(0.1000, device='cuda:0') tensor(0.0703, device='cuda:0')
tensor(0.7203, device='cuda:0') tensor(0.1000, device='cuda:0') tensor(0.1797, device='cuda:0')
tensor(0.8531, device='cuda:0') tensor(0.1000, device='cuda:0') tensor(0.0469, device='cuda:0')
tensor(0.8219, device='cuda:0') tensor(0.1000, device='cuda:0') tensor(0.0781, device='cuda:0')
tensor(0.8453, device='cuda:0') tensor(0.1000, device='cuda:0') tensor(0.0547, device='cuda:0')
tensor(0.8453, device='cuda:0') tensor(0.1000, device='cuda:0') tensor(0.0547, device='cuda:0')
tensor(0.7359, device='cuda:0') tensor(0.1000, device='cuda:0') tensor(0.1641, device='cuda:0')
tensor(0.8609, device='cuda:0') tensor(0.1000, device='cuda:0') tensor(0.0391, device='cuda:0')
tensor(0.6266, device='cuda:0') tensor(0.1000, device='cuda:0') tensor(0.2734, device='cuda:0')
tensor(0.8062, device='cuda:0') tensor(0.1000, device='cuda:0') tensor(0.0938, device='cuda:0')
tensor(0.8219, device='cuda:0') tensor(0.1000, device='cuda:0') tensor(0.0781, device='cuda:0')
tensor(0.8297, device='cuda:0') tensor(0.1000, device='cuda:0') tensor(0.0703, device='cuda:0')
tensor(0.7437, device='cuda:0') tensor(0.1000, device='cuda:0') tensor(0.1562, device='cuda:0')
tensor(0.8687, device='cuda:0') tensor(0.1000, device='cuda:0') tensor(0.0312, device='cuda:0')
tensor(0.8687, device='cuda:0') tensor(0.1000, device='cuda:0') tensor(0.0312, device='cuda:0')
tensor(0.8609, device='cuda:0') tensor(0.1000, device='cuda:0') tensor(0.0391, device='cuda:0')
tensor(0.7906, device='cuda:0') tensor(0.1000, device='cuda:0') tensor(0.1094, device='cuda:0')
tensor(0.8609, device='cuda:0') tensor(0.1000, device='cuda:0') tensor(0.0391, device='cuda:0')
tensor(0.8609, device='cuda:0') tensor(0.1000, device='cuda:0') tensor(0.0391, device='cuda:0')
tensor(0.8609, device='cuda:0') tensor(0.1000, device='cuda:0') tensor(0.0391, device='cuda:0')
tensor(0.8687, device='cuda:0') tensor(0.1000, device='cuda:0') tensor(0.0312, device='cuda:0')
tensor(0.8687, device='cuda:0') tensor(0.1000, device='cuda:0') tensor(0.0312, device='cuda:0')
tensor(0.8453, device='cuda:0') tensor(0.1000, device='cuda:0') tensor(0.0547, device='cuda:0')
tensor(0.8453, device='cuda:0') tensor(0.1000, device='cuda:0') tensor(0.0547, device='cuda:0')
tensor(0.8297, device='cuda:0') tensor(0.1000, device='cuda:0') tensor(0.0703, device='cuda:0')
tensor(0.8297, device='cuda:0') tensor(0.1000, device='cuda:0') tensor(0.0703, device='cuda:0')
tensor(0.8766, device='cuda:0') tensor(0.1000, device='cuda:0') tensor(0.0234, device='cuda:0')
tensor(0.7984, device='cuda:0') tensor(0.1000, device='cuda:0') tensor(0.1016, device='cuda:0')
tensor(0.6344, device='cuda:0') tensor(0.1000, device='cuda:0') tensor(0.2656, device='cuda:0')
tensor(0.8609, device='cuda:0') tensor(0.1000, device='cuda:0') tensor(0.0391, device='cuda:0')
tensor(0.8297, device='cuda:0') tensor(0.1000, device='cuda:0') tensor(0.0703, device='cuda:0')
tensor(0.8531, device='cuda:0') tensor(0.1000, device='cuda:0') tensor(0.0469, device='cuda:0')
tensor(0.8609, device='cuda:0') tensor(0.1000, device='cuda:0') tensor(0.0391, device='cuda:0')
tensor(0.8531, device='cuda:0') tensor(0.1000, device='cuda:0') tensor(0.0469, device='cuda:0')
tensor(0.8766, device='cuda:0') tensor(0.1000, device='cuda:0') tensor(0.0234, device='cuda:0')
tensor(0.7281, device='cuda:0') tensor(0.1000, device='cuda:0') tensor(0.1719, device='cuda:0')
tensor(0.8062, device='cuda:0') tensor(0.1000, device='cuda:0') tensor(0.0938, device='cuda:0')
tensor(0.8141, device='cuda:0') tensor(0.1000, device='cuda:0') tensor(0.0859, device='cuda:0')
tensor(0.8609, device='cuda:0') tensor(0.1000, device='cuda:0') tensor(0.0391, device='cuda:0')
tensor(0.8219, device='cuda:0') tensor(0.1000, device='cuda:0') tensor(0.0781, device='cuda:0')
tensor(0.8062, device='cuda:0') tensor(0.1000, device='cuda:0') tensor(0.0938, device='cuda:0')
tensor(0.8687, device='cuda:0') tensor(0.1000, device='cuda:0') tensor(0.0312, device='cuda:0')
tensor(0.8531, device='cuda:0') tensor(0.1000, device='cuda:0') tensor(0.0469, device='cuda:0')
tensor(0.8531, device='cuda:0') tensor(0.1000, device='cuda:0') tensor(0.0469, device='cuda:0')
tensor(0.8453, device='cuda:0') tensor(0.1000, device='cuda:0') tensor(0.0547, device='cuda:0')
tensor(0.8609, device='cuda:0') tensor(0.1000, device='cuda:0') tensor(0.0391, device='cuda:0')
tensor(0.8531, device='cuda:0') tensor(0.1000, device='cuda:0') tensor(0.0469, device='cuda:0')
tensor(0.8453, device='cuda:0') tensor(0.1000, device='cuda:0') tensor(0.0547, device='cuda:0')
tensor(0.8609, device='cuda:0') tensor(0.1000, device='cuda:0') tensor(0.0391, device='cuda:0')
tensor(0.8531, device='cuda:0') tensor(0.1000, device='cuda:0') tensor(0.0469, device='cuda:0')
tensor(0.8687, device='cuda:0') tensor(0.1000, device='cuda:0') tensor(0.0312, device='cuda:0')
tensor(0.8297, device='cuda:0') tensor(0.1000, device='cuda:0') tensor(0.0703, device='cuda:0')
tensor(0.8531, device='cuda:0') tensor(0.1000, device='cuda:0') tensor(0.0469, device='cuda:0')
tensor(0.8453, device='cuda:0') tensor(0.1000, device='cuda:0') tensor(0.0547, device='cuda:0')
tensor(0.8609, device='cuda:0') tensor(0.1000, device='cuda:0') tensor(0.0391, device='cuda:0')
tensor(0.8687, device='cuda:0') tensor(0.1000, device='cuda:0') tensor(0.0312, device='cuda:0')
tensor(0.8453, device='cuda:0') tensor(0.1000, device='cuda:0') tensor(0.0547, device='cuda:0')
tensor(0.8766, device='cuda:0') tensor(0.1000, device='cuda:0') tensor(0.0234, device='cuda:0')
tensor(0.8609, device='cuda:0') tensor(0.1000, device='cuda:0') tensor(0.0391, device='cuda:0')
tensor(0.8844, device='cuda:0') tensor(0.1000, device='cuda:0') tensor(0.0156, device='cuda:0')
time 5.16
error 31510.67578125
15 self_attn.k_proj
Quantizing ...
tensor(0.8687, device='cuda:0') tensor(0.1000, device='cuda:0') tensor(0.0312, device='cuda:0')
tensor(0.8766, device='cuda:0') tensor(0.1000, device='cuda:0') tensor(0.0234, device='cuda:0')
tensor(0.8766, device='cuda:0') tensor(0.1000, device='cuda:0') tensor(0.0234, device='cuda:0')
tensor(0.8219, device='cuda:0') tensor(0.1000, device='cuda:0') tensor(0.0781, device='cuda:0')
tensor(0.8766, device='cuda:0') tensor(0.1000, device='cuda:0') tensor(0.0234, device='cuda:0')
tensor(0.8766, device='cuda:0') tensor(0.1000, device='cuda:0') tensor(0.0234, device='cuda:0')
tensor(0.8531, device='cuda:0') tensor(0.1000, device='cuda:0') tensor(0.0469, device='cuda:0')
tensor(0.8375, device='cuda:0') tensor(0.1000, device='cuda:0') tensor(0.0625, device='cuda:0')
tensor(0.8531, device='cuda:0') tensor(0.1000, device='cuda:0') tensor(0.0469, device='cuda:0')
tensor(0.8844, device='cuda:0') tensor(0.1000, device='cuda:0') tensor(0.0156, device='cuda:0')
tensor(0.8844, device='cuda:0') tensor(0.1000, device='cuda:0') tensor(0.0156, device='cuda:0')
tensor(0.8297, device='cuda:0') tensor(0.1000, device='cuda:0') tensor(0.0703, device='cuda:0')
tensor(0.8219, device='cuda:0') tensor(0.1000, device='cuda:0') tensor(0.0781, device='cuda:0')
tensor(0.8687, device='cuda:0') tensor(0.1000, device='cuda:0') tensor(0.0312, device='cuda:0')
tensor(0.8844, device='cuda:0') tensor(0.1000, device='cuda:0') tensor(0.0156, device='cuda:0')
tensor(0.8609, device='cuda:0') tensor(0.1000, device='cuda:0') tensor(0.0391, device='cuda:0')
time 1.45
error 328997.25
15 self_attn.v_proj
Quantizing ...
tensor(0.6187, device='cuda:0') tensor(0.1000, device='cuda:0') tensor(0.2812, device='cuda:0')
tensor(0.6734, device='cuda:0') tensor(0.1000, device='cuda:0') tensor(0.2266, device='cuda:0')
tensor(0.7828, device='cuda:0') tensor(0.1000, device='cuda:0') tensor(0.1172, device='cuda:0')
tensor(0.7047, device='cuda:0') tensor(0.1000, device='cuda:0') tensor(0.1953, device='cuda:0')
tensor(0.5172, device='cuda:0') tensor(0.1000, device='cuda:0') tensor(0.3828, device='cuda:0')
tensor(0.6812, device='cuda:0') tensor(0.1000, device='cuda:0') tensor(0.2188, device='cuda:0')
tensor(0.8141, device='cuda:0') tensor(0.1000, device='cuda:0') tensor(0.0859, device='cuda:0')
tensor(0.5250, device='cuda:0') tensor(0.1000, device='cuda:0') tensor(0.3750, device='cuda:0')
tensor(0.6891, device='cuda:0') tensor(0.1000, device='cuda:0') tensor(0.2109, device='cuda:0')
tensor(0.8687, device='cuda:0') tensor(0.1000, device='cuda:0') tensor(0.0312, device='cuda:0')
tensor(0.8687, device='cuda:0') tensor(0.1000, device='cuda:0') tensor(0.0312, device='cuda:0')
tensor(0.8375, device='cuda:0') tensor(0.1000, device='cuda:0') tensor(0.0625, device='cuda:0')
tensor(0.8219, device='cuda:0') tensor(0.1000, device='cuda:0') tensor(0.0781, device='cuda:0')
tensor(0.8687, device='cuda:0') tensor(0.1000, device='cuda:0') tensor(0.0312, device='cuda:0')
tensor(0.8687, device='cuda:0') tensor(0.1000, device='cuda:0') tensor(0.0312, device='cuda:0')
tensor(0.8609, device='cuda:0') tensor(0.1000, device='cuda:0') tensor(0.0391, device='cuda:0')
time 1.28
error 219355.765625
15 self_attn.q_proj
Quantizing ...
tensor(0.7984, device='cuda:0') tensor(0.1000, device='cuda:0') tensor(0.1016, device='cuda:0')
tensor(0.8687, device='cuda:0') tensor(0.1000, device='cuda:0') tensor(0.0312, device='cuda:0')
tensor(0.8531, device='cuda:0') tensor(0.1000, device='cuda:0') tensor(0.0469, device='cuda:0')
tensor(0.8141, device='cuda:0') tensor(0.1000, device='cuda:0') tensor(0.0859, device='cuda:0')
tensor(0.8687, device='cuda:0') tensor(0.1000, device='cuda:0') tensor(0.0312, device='cuda:0')
tensor(0.5172, device='cuda:0') tensor(0.1000, device='cuda:0') tensor(0.3828, device='cuda:0')
tensor(0.8531, device='cuda:0') tensor(0.1000, device='cuda:0') tensor(0.0469, device='cuda:0')
tensor(0.8297, device='cuda:0') tensor(0.1000, device='cuda:0') tensor(0.0703, device='cuda:0')
tensor(0.8062, device='cuda:0') tensor(0.1000, device='cuda:0') tensor(0.0938, device='cuda:0')
tensor(0.8844, device='cuda:0') tensor(0.1000, device='cuda:0') tensor(0.0156, device='cuda:0')
tensor(0.8844, device='cuda:0') tensor(0.1000, device='cuda:0') tensor(0.0156, device='cuda:0')
tensor(0.8219, device='cuda:0') tensor(0.1000, device='cuda:0') tensor(0.0781, device='cuda:0')
tensor(0.8297, device='cuda:0') tensor(0.1000, device='cuda:0') tensor(0.0703, device='cuda:0')
tensor(0.8687, device='cuda:0') tensor(0.1000, device='cuda:0') tensor(0.0312, device='cuda:0')
tensor(0.8766, device='cuda:0') tensor(0.1000, device='cuda:0') tensor(0.0234, device='cuda:0')
tensor(0.8609, device='cuda:0') tensor(0.1000, device='cuda:0') tensor(0.0391, device='cuda:0')
time 1.31
error 370351.625
15 self_attn.out_proj
Quantizing ...
tensor(0.5172, device='cuda:0') tensor(0.1000, device='cuda:0') tensor(0.3828, device='cuda:0')
tensor(0.6734, device='cuda:0') tensor(0.1000, device='cuda:0') tensor(0.2266, device='cuda:0')
tensor(0.5562, device='cuda:0') tensor(0.1000, device='cuda:0') tensor(0.3438, device='cuda:0')
tensor(0.5172, device='cuda:0') tensor(0.1000, device='cuda:0') tensor(0.3828, device='cuda:0')
tensor(0.8687, device='cuda:0') tensor(0.1000, device='cuda:0') tensor(0.0312, device='cuda:0')
tensor(0.5172, device='cuda:0') tensor(0.1000, device='cuda:0') tensor(0.3828, device='cuda:0')
tensor(0.7047, device='cuda:0') tensor(0.1000, device='cuda:0') tensor(0.1953, device='cuda:0')
tensor(0.8219, device='cuda:0') tensor(0.1000, device='cuda:0') tensor(0.0781, device='cuda:0')
tensor(0.5172, device='cuda:0') tensor(0.1000, device='cuda:0') tensor(0.3828, device='cuda:0')
tensor(0.5172, device='cuda:0') tensor(0.1000, device='cuda:0') tensor(0.3828, device='cuda:0')
tensor(0.5406, device='cuda:0') tensor(0.1000, device='cuda:0') tensor(0.3594, device='cuda:0')
tensor(0.6656, device='cuda:0') tensor(0.1000, device='cuda:0') tensor(0.2344, device='cuda:0')
tensor(0.5172, device='cuda:0') tensor(0.1000, device='cuda:0') tensor(0.3828, device='cuda:0')
tensor(0.5172, device='cuda:0') tensor(0.1000, device='cuda:0') tensor(0.3828, device='cuda:0')
tensor(0.8219, device='cuda:0') tensor(0.1000, device='cuda:0') tensor(0.0781, device='cuda:0')
tensor(0.8609, device='cuda:0') tensor(0.1000, device='cuda:0') tensor(0.0391, device='cuda:0')
time 1.28
error 15534.029296875
15 fc1
Quantizing ...
tensor(0.7750, device='cuda:0') tensor(0.1000, device='cuda:0') tensor(0.1250, device='cuda:0')
tensor(0.8141, device='cuda:0') tensor(0.1000, device='cuda:0') tensor(0.0859, device='cuda:0')
tensor(0.8531, device='cuda:0') tensor(0.1000, device='cuda:0') tensor(0.0469, device='cuda:0')
tensor(0.8531, device='cuda:0') tensor(0.1000, device='cuda:0') tensor(0.0469, device='cuda:0')
tensor(0.8609, device='cuda:0') tensor(0.1000, device='cuda:0') tensor(0.0391, device='cuda:0')
tensor(0.8062, device='cuda:0') tensor(0.1000, device='cuda:0') tensor(0.0938, device='cuda:0')
tensor(0.8609, device='cuda:0') tensor(0.1000, device='cuda:0') tensor(0.0391, device='cuda:0')
tensor(0.8297, device='cuda:0') tensor(0.1000, device='cuda:0') tensor(0.0703, device='cuda:0')
tensor(0.8141, device='cuda:0') tensor(0.1000, device='cuda:0') tensor(0.0859, device='cuda:0')
tensor(0.8766, device='cuda:0') tensor(0.1000, device='cuda:0') tensor(0.0234, device='cuda:0')
tensor(0.8766, device='cuda:0') tensor(0.1000, device='cuda:0') tensor(0.0234, device='cuda:0')
tensor(0.8375, device='cuda:0') tensor(0.1000, device='cuda:0') tensor(0.0625, device='cuda:0')
tensor(0.8453, device='cuda:0') tensor(0.1000, device='cuda:0') tensor(0.0547, device='cuda:0')
tensor(0.8687, device='cuda:0') tensor(0.1000, device='cuda:0') tensor(0.0312, device='cuda:0')
tensor(0.8687, device='cuda:0') tensor(0.1000, device='cuda:0') tensor(0.0312, device='cuda:0')
tensor(0.8609, device='cuda:0') tensor(0.1000, device='cuda:0') tensor(0.0391, device='cuda:0')
time 1.72
error 1206124.75
15 fc2
Quantizing ...
tensor(0.7203, device='cuda:0') tensor(0.1000, device='cuda:0') tensor(0.1797, device='cuda:0')
tensor(0.7984, device='cuda:0') tensor(0.1000, device='cuda:0') tensor(0.1016, device='cuda:0')
tensor(0.8609, device='cuda:0') tensor(0.1000, device='cuda:0') tensor(0.0391, device='cuda:0')
tensor(0.8453, device='cuda:0') tensor(0.1000, device='cuda:0') tensor(0.0547, device='cuda:0')
tensor(0.8375, device='cuda:0') tensor(0.1000, device='cuda:0') tensor(0.0625, device='cuda:0')
tensor(0.8531, device='cuda:0') tensor(0.1000, device='cuda:0') tensor(0.0469, device='cuda:0')
tensor(0.8219, device='cuda:0') tensor(0.1000, device='cuda:0') tensor(0.0781, device='cuda:0')
tensor(0.8609, device='cuda:0') tensor(0.1000, device='cuda:0') tensor(0.0391, device='cuda:0')
tensor(0.7672, device='cuda:0') tensor(0.1000, device='cuda:0') tensor(0.1328, device='cuda:0')
tensor(0.8453, device='cuda:0') tensor(0.1000, device='cuda:0') tensor(0.0547, device='cuda:0')
tensor(0.8297, device='cuda:0') tensor(0.1000, device='cuda:0') tensor(0.0703, device='cuda:0')
tensor(0.7203, device='cuda:0') tensor(0.1000, device='cuda:0') tensor(0.1797, device='cuda:0')
tensor(0.8453, device='cuda:0') tensor(0.1000, device='cuda:0') tensor(0.0547, device='cuda:0')
tensor(0.7906, device='cuda:0') tensor(0.1000, device='cuda:0') tensor(0.1094, device='cuda:0')
tensor(0.8453, device='cuda:0') tensor(0.1000, device='cuda:0') tensor(0.0547, device='cuda:0')
tensor(0.8297, device='cuda:0') tensor(0.1000, device='cuda:0') tensor(0.0703, device='cuda:0')
tensor(0.8141, device='cuda:0') tensor(0.1000, device='cuda:0') tensor(0.0859, device='cuda:0')
tensor(0.8375, device='cuda:0') tensor(0.1000, device='cuda:0') tensor(0.0625, device='cuda:0')
tensor(0.8219, device='cuda:0') tensor(0.1000, device='cuda:0') tensor(0.0781, device='cuda:0')
tensor(0.8687, device='cuda:0') tensor(0.1000, device='cuda:0') tensor(0.0312, device='cuda:0')
tensor(0.8687, device='cuda:0') tensor(0.1000, device='cuda:0') tensor(0.0312, device='cuda:0')
tensor(0.8375, device='cuda:0') tensor(0.1000, device='cuda:0') tensor(0.0625, device='cuda:0')
tensor(0.8453, device='cuda:0') tensor(0.1000, device='cuda:0') tensor(0.0547, device='cuda:0')
tensor(0.8609, device='cuda:0') tensor(0.1000, device='cuda:0') tensor(0.0391, device='cuda:0')
tensor(0.8297, device='cuda:0') tensor(0.1000, device='cuda:0') tensor(0.0703, device='cuda:0')
tensor(0.8687, device='cuda:0') tensor(0.1000, device='cuda:0') tensor(0.0312, device='cuda:0')
tensor(0.8375, device='cuda:0') tensor(0.1000, device='cuda:0') tensor(0.0625, device='cuda:0')
tensor(0.7828, device='cuda:0') tensor(0.1000, device='cuda:0') tensor(0.1172, device='cuda:0')
tensor(0.8453, device='cuda:0') tensor(0.1000, device='cuda:0') tensor(0.0547, device='cuda:0')
tensor(0.7828, device='cuda:0') tensor(0.1000, device='cuda:0') tensor(0.1172, device='cuda:0')
tensor(0.7203, device='cuda:0') tensor(0.1000, device='cuda:0') tensor(0.1797, device='cuda:0')
tensor(0.8141, device='cuda:0') tensor(0.1000, device='cuda:0') tensor(0.0859, device='cuda:0')
tensor(0.8531, device='cuda:0') tensor(0.1000, device='cuda:0') tensor(0.0469, device='cuda:0')
tensor(0.8766, device='cuda:0') tensor(0.1000, device='cuda:0') tensor(0.0234, device='cuda:0')
tensor(0.7828, device='cuda:0') tensor(0.1000, device='cuda:0') tensor(0.1172, device='cuda:0')
tensor(0.8062, device='cuda:0') tensor(0.1000, device='cuda:0') tensor(0.0938, device='cuda:0')
tensor(0.8297, device='cuda:0') tensor(0.1000, device='cuda:0') tensor(0.0703, device='cuda:0')
tensor(0.8687, device='cuda:0') tensor(0.1000, device='cuda:0') tensor(0.0312, device='cuda:0')
tensor(0.8531, device='cuda:0') tensor(0.1000, device='cuda:0') tensor(0.0469, device='cuda:0')
tensor(0.8609, device='cuda:0') tensor(0.1000, device='cuda:0') tensor(0.0391, device='cuda:0')
tensor(0.8766, device='cuda:0') tensor(0.1000, device='cuda:0') tensor(0.0234, device='cuda:0')
tensor(0.8609, device='cuda:0') tensor(0.1000, device='cuda:0') tensor(0.0391, device='cuda:0')
tensor(0.8609, device='cuda:0') tensor(0.1000, device='cuda:0') tensor(0.0391, device='cuda:0')
tensor(0.8531, device='cuda:0') tensor(0.1000, device='cuda:0') tensor(0.0469, device='cuda:0')
tensor(0.8609, device='cuda:0') tensor(0.1000, device='cuda:0') tensor(0.0391, device='cuda:0')
tensor(0.8141, device='cuda:0') tensor(0.1000, device='cuda:0') tensor(0.0859, device='cuda:0')
tensor(0.8453, device='cuda:0') tensor(0.1000, device='cuda:0') tensor(0.0547, device='cuda:0')
tensor(0.8609, device='cuda:0') tensor(0.1000, device='cuda:0') tensor(0.0391, device='cuda:0')
tensor(0.8453, device='cuda:0') tensor(0.1000, device='cuda:0') tensor(0.0547, device='cuda:0')
tensor(0.8141, device='cuda:0') tensor(0.1000, device='cuda:0') tensor(0.0859, device='cuda:0')
tensor(0.8687, device='cuda:0') tensor(0.1000, device='cuda:0') tensor(0.0312, device='cuda:0')
tensor(0.7437, device='cuda:0') tensor(0.1000, device='cuda:0') tensor(0.1562, device='cuda:0')
tensor(0.8687, device='cuda:0') tensor(0.1000, device='cuda:0') tensor(0.0312, device='cuda:0')
tensor(0.8531, device='cuda:0') tensor(0.1000, device='cuda:0') tensor(0.0469, device='cuda:0')
tensor(0.7984, device='cuda:0') tensor(0.1000, device='cuda:0') tensor(0.1016, device='cuda:0')
tensor(0.8531, device='cuda:0') tensor(0.1000, device='cuda:0') tensor(0.0469, device='cuda:0')
tensor(0.8609, device='cuda:0') tensor(0.1000, device='cuda:0') tensor(0.0391, device='cuda:0')
tensor(0.8453, device='cuda:0') tensor(0.1000, device='cuda:0') tensor(0.0547, device='cuda:0')
tensor(0.8062, device='cuda:0') tensor(0.1000, device='cuda:0') tensor(0.0938, device='cuda:0')
tensor(0.8375, device='cuda:0') tensor(0.1000, device='cuda:0') tensor(0.0625, device='cuda:0')
tensor(0.8531, device='cuda:0') tensor(0.1000, device='cuda:0') tensor(0.0469, device='cuda:0')
tensor(0.8531, device='cuda:0') tensor(0.1000, device='cuda:0') tensor(0.0469, device='cuda:0')
tensor(0.8609, device='cuda:0') tensor(0.1000, device='cuda:0') tensor(0.0391, device='cuda:0')
tensor(0.8609, device='cuda:0') tensor(0.1000, device='cuda:0') tensor(0.0391, device='cuda:0')
time 5.18
error 37004.5
16 self_attn.k_proj
Quantizing ...
tensor(0.8587, device='cuda:0') tensor(0.1100, device='cuda:0') tensor(0.0312, device='cuda:0')
tensor(0.8844, device='cuda:0') tensor(0.1000, device='cuda:0') tensor(0.0156, device='cuda:0')
tensor(0.8766, device='cuda:0') tensor(0.1000, device='cuda:0') tensor(0.0234, device='cuda:0')
tensor(0.8375, device='cuda:0') tensor(0.1000, device='cuda:0') tensor(0.0625, device='cuda:0')
tensor(0.8766, device='cuda:0') tensor(0.1000, device='cuda:0') tensor(0.0234, device='cuda:0')
tensor(0.8844, device='cuda:0') tensor(0.1000, device='cuda:0') tensor(0.0156, device='cuda:0')
tensor(0.8609, device='cuda:0') tensor(0.1000, device='cuda:0') tensor(0.0391, device='cuda:0')
tensor(0.8453, device='cuda:0') tensor(0.1000, device='cuda:0') tensor(0.0547, device='cuda:0')
tensor(0.8453, device='cuda:0') tensor(0.1000, device='cuda:0') tensor(0.0547, device='cuda:0')
tensor(0.8844, device='cuda:0') tensor(0.1000, device='cuda:0') tensor(0.0156, device='cuda:0')
tensor(0.8844, device='cuda:0') tensor(0.1000, device='cuda:0') tensor(0.0156, device='cuda:0')
tensor(0.7984, device='cuda:0') tensor(0.1000, device='cuda:0') tensor(0.1016, device='cuda:0')
tensor(0.8531, device='cuda:0') tensor(0.1000, device='cuda:0') tensor(0.0469, device='cuda:0')
tensor(0.8687, device='cuda:0') tensor(0.1000, device='cuda:0') tensor(0.0312, device='cuda:0')
tensor(0.8844, device='cuda:0') tensor(0.1000, device='cuda:0') tensor(0.0156, device='cuda:0')
tensor(0.8609, device='cuda:0') tensor(0.1000, device='cuda:0') tensor(0.0391, device='cuda:0')
time 1.47
error 297532.0
16 self_attn.v_proj
Quantizing ...
tensor(0.5875, device='cuda:0') tensor(0.1000, device='cuda:0') tensor(0.3125, device='cuda:0')
tensor(0.7203, device='cuda:0') tensor(0.1000, device='cuda:0') tensor(0.1797, device='cuda:0')
tensor(0.8062, device='cuda:0') tensor(0.1000, device='cuda:0') tensor(0.0938, device='cuda:0')
tensor(0.7437, device='cuda:0') tensor(0.1000, device='cuda:0') tensor(0.1562, device='cuda:0')
tensor(0.6812, device='cuda:0') tensor(0.1000, device='cuda:0') tensor(0.2188, device='cuda:0')
tensor(0.7906, device='cuda:0') tensor(0.1000, device='cuda:0') tensor(0.1094, device='cuda:0')
tensor(0.7906, device='cuda:0') tensor(0.1000, device='cuda:0') tensor(0.1094, device='cuda:0')
tensor(0.5875, device='cuda:0') tensor(0.1000, device='cuda:0') tensor(0.3125, device='cuda:0')
tensor(0.8062, device='cuda:0') tensor(0.1000, device='cuda:0') tensor(0.0938, device='cuda:0')
tensor(0.6187, device='cuda:0') tensor(0.1000, device='cuda:0') tensor(0.2812, device='cuda:0')
tensor(0.7437, device='cuda:0') tensor(0.1000, device='cuda:0') tensor(0.1562, device='cuda:0')
tensor(0.5562, device='cuda:0') tensor(0.1000, device='cuda:0') tensor(0.3438, device='cuda:0')
tensor(0.8141, device='cuda:0') tensor(0.1000, device='cuda:0') tensor(0.0859, device='cuda:0')
tensor(0.8531, device='cuda:0') tensor(0.1000, device='cuda:0') tensor(0.0469, device='cuda:0')
tensor(0.8609, device='cuda:0') tensor(0.1000, device='cuda:0') tensor(0.0391, device='cuda:0')
tensor(0.8219, device='cuda:0') tensor(0.1000, device='cuda:0') tensor(0.0781, device='cuda:0')
time 1.27
error 244015.171875
16 self_attn.q_proj
Quantizing ...
tensor(0.8297, device='cuda:0') tensor(0.1000, device='cuda:0') tensor(0.0703, device='cuda:0')
tensor(0.8687, device='cuda:0') tensor(0.1000, device='cuda:0') tensor(0.0312, device='cuda:0')
tensor(0.8219, device='cuda:0') tensor(0.1000, device='cuda:0') tensor(0.0781, device='cuda:0')
tensor(0.7125, device='cuda:0') tensor(0.1000, device='cuda:0') tensor(0.1875, device='cuda:0')
tensor(0.8687, device='cuda:0') tensor(0.1000, device='cuda:0') tensor(0.0312, device='cuda:0')
tensor(0.5250, device='cuda:0') tensor(0.1000, device='cuda:0') tensor(0.3750, device='cuda:0')
tensor(0.8375, device='cuda:0') tensor(0.1000, device='cuda:0') tensor(0.0625, device='cuda:0')
tensor(0.7594, device='cuda:0') tensor(0.1000, device='cuda:0') tensor(0.1406, device='cuda:0')
tensor(0.7594, device='cuda:0') tensor(0.1000, device='cuda:0') tensor(0.1406, device='cuda:0')
tensor(0.8844, device='cuda:0') tensor(0.1000, device='cuda:0') tensor(0.0156, device='cuda:0')
tensor(0.8844, device='cuda:0') tensor(0.1000, device='cuda:0') tensor(0.0156, device='cuda:0')
tensor(0.8453, device='cuda:0') tensor(0.1000, device='cuda:0') tensor(0.0547, device='cuda:0')
tensor(0.8219, device='cuda:0') tensor(0.1000, device='cuda:0') tensor(0.0781, device='cuda:0')
tensor(0.8687, device='cuda:0') tensor(0.1000, device='cuda:0') tensor(0.0312, device='cuda:0')
tensor(0.8766, device='cuda:0') tensor(0.1000, device='cuda:0') tensor(0.0234, device='cuda:0')
tensor(0.8609, device='cuda:0') tensor(0.1000, device='cuda:0') tensor(0.0391, device='cuda:0')
time 1.40
error 335623.375
16 self_attn.out_proj
Quantizing ...
tensor(0.8375, device='cuda:0') tensor(0.1000, device='cuda:0') tensor(0.0625, device='cuda:0')
tensor(0.5172, device='cuda:0') tensor(0.1000, device='cuda:0') tensor(0.3828, device='cuda:0')
tensor(0.7437, device='cuda:0') tensor(0.1000, device='cuda:0') tensor(0.1562, device='cuda:0')
tensor(0.7984, device='cuda:0') tensor(0.1000, device='cuda:0') tensor(0.1016, device='cuda:0')
tensor(0.8141, device='cuda:0') tensor(0.1000, device='cuda:0') tensor(0.0859, device='cuda:0')
tensor(0.5172, device='cuda:0') tensor(0.1000, device='cuda:0') tensor(0.3828, device='cuda:0')
tensor(0.7125, device='cuda:0') tensor(0.1000, device='cuda:0') tensor(0.1875, device='cuda:0')
tensor(0.5172, device='cuda:0') tensor(0.1000, device='cuda:0') tensor(0.3828, device='cuda:0')
tensor(0.8297, device='cuda:0') tensor(0.1000, device='cuda:0') tensor(0.0703, device='cuda:0')
tensor(0.8375, device='cuda:0') tensor(0.1000, device='cuda:0') tensor(0.0625, device='cuda:0')
tensor(0.5172, device='cuda:0') tensor(0.1000, device='cuda:0') tensor(0.3828, device='cuda:0')
tensor(0.8687, device='cuda:0') tensor(0.1000, device='cuda:0') tensor(0.0312, device='cuda:0')
tensor(0.8453, device='cuda:0') tensor(0.1000, device='cuda:0') tensor(0.0547, device='cuda:0')
tensor(0.7516, device='cuda:0') tensor(0.1000, device='cuda:0') tensor(0.1484, device='cuda:0')
tensor(0.5172, device='cuda:0') tensor(0.1000, device='cuda:0') tensor(0.3828, device='cuda:0')
tensor(0.8609, device='cuda:0') tensor(0.1000, device='cuda:0') tensor(0.0391, device='cuda:0')
time 1.43
error 15325.220703125
16 fc1
Quantizing ...
tensor(0.6891, device='cuda:0') tensor(0.1000, device='cuda:0') tensor(0.2109, device='cuda:0')
tensor(0.7437, device='cuda:0') tensor(0.1000, device='cuda:0') tensor(0.1562, device='cuda:0')
tensor(0.8453, device='cuda:0') tensor(0.1000, device='cuda:0') tensor(0.0547, device='cuda:0')
tensor(0.8453, device='cuda:0') tensor(0.1000, device='cuda:0') tensor(0.0547, device='cuda:0')
tensor(0.8609, device='cuda:0') tensor(0.1000, device='cuda:0') tensor(0.0391, device='cuda:0')
tensor(0.7672, device='cuda:0') tensor(0.1000, device='cuda:0') tensor(0.1328, device='cuda:0')
tensor(0.8687, device='cuda:0') tensor(0.1000, device='cuda:0') tensor(0.0312, device='cuda:0')
tensor(0.8297, device='cuda:0') tensor(0.1000, device='cuda:0') tensor(0.0703, device='cuda:0')
tensor(0.8297, device='cuda:0') tensor(0.1000, device='cuda:0') tensor(0.0703, device='cuda:0')
tensor(0.8687, device='cuda:0') tensor(0.1000, device='cuda:0') tensor(0.0312, device='cuda:0')
tensor(0.8766, device='cuda:0') tensor(0.1000, device='cuda:0') tensor(0.0234, device='cuda:0')
tensor(0.8375, device='cuda:0') tensor(0.1000, device='cuda:0') tensor(0.0625, device='cuda:0')
tensor(0.8297, device='cuda:0') tensor(0.1000, device='cuda:0') tensor(0.0703, device='cuda:0')
tensor(0.8687, device='cuda:0') tensor(0.1000, device='cuda:0') tensor(0.0312, device='cuda:0')
tensor(0.8687, device='cuda:0') tensor(0.1000, device='cuda:0') tensor(0.0312, device='cuda:0')
tensor(0.8531, device='cuda:0') tensor(0.1000, device='cuda:0') tensor(0.0469, device='cuda:0')
time 1.90
error 1284320.125
16 fc2
Quantizing ...
tensor(0.8609, device='cuda:0') tensor(0.1000, device='cuda:0') tensor(0.0391, device='cuda:0')
tensor(0.8766, device='cuda:0') tensor(0.1000, device='cuda:0') tensor(0.0234, device='cuda:0')
tensor(0.8453, device='cuda:0') tensor(0.1000, device='cuda:0') tensor(0.0547, device='cuda:0')
tensor(0.7828, device='cuda:0') tensor(0.1000, device='cuda:0') tensor(0.1172, device='cuda:0')
tensor(0.8453, device='cuda:0') tensor(0.1000, device='cuda:0') tensor(0.0547, device='cuda:0')
tensor(0.7125, device='cuda:0') tensor(0.1000, device='cuda:0') tensor(0.1875, device='cuda:0')
tensor(0.8531, device='cuda:0') tensor(0.1000, device='cuda:0') tensor(0.0469, device='cuda:0')
tensor(0.8609, device='cuda:0') tensor(0.1000, device='cuda:0') tensor(0.0391, device='cuda:0')
tensor(0.7906, device='cuda:0') tensor(0.1000, device='cuda:0') tensor(0.1094, device='cuda:0')
tensor(0.8609, device='cuda:0') tensor(0.1000, device='cuda:0') tensor(0.0391, device='cuda:0')
tensor(0.8141, device='cuda:0') tensor(0.1000, device='cuda:0') tensor(0.0859, device='cuda:0')
tensor(0.8219, device='cuda:0') tensor(0.1000, device='cuda:0') tensor(0.0781, device='cuda:0')
tensor(0.8609, device='cuda:0') tensor(0.1000, device='cuda:0') tensor(0.0391, device='cuda:0')
tensor(0.8609, device='cuda:0') tensor(0.1000, device='cuda:0') tensor(0.0391, device='cuda:0')
tensor(0.8297, device='cuda:0') tensor(0.1000, device='cuda:0') tensor(0.0703, device='cuda:0')
tensor(0.7984, device='cuda:0') tensor(0.1000, device='cuda:0') tensor(0.1016, device='cuda:0')
tensor(0.7828, device='cuda:0') tensor(0.1000, device='cuda:0') tensor(0.1172, device='cuda:0')
tensor(0.8453, device='cuda:0') tensor(0.1000, device='cuda:0') tensor(0.0547, device='cuda:0')
tensor(0.8375, device='cuda:0') tensor(0.1000, device='cuda:0') tensor(0.0625, device='cuda:0')
tensor(0.8062, device='cuda:0') tensor(0.1000, device='cuda:0') tensor(0.0938, device='cuda:0')
tensor(0.8687, device='cuda:0') tensor(0.1000, device='cuda:0') tensor(0.0312, device='cuda:0')
tensor(0.8219, device='cuda:0') tensor(0.1000, device='cuda:0') tensor(0.0781, device='cuda:0')
tensor(0.8687, device='cuda:0') tensor(0.1000, device='cuda:0') tensor(0.0312, device='cuda:0')
tensor(0.8219, device='cuda:0') tensor(0.1000, device='cuda:0') tensor(0.0781, device='cuda:0')
tensor(0.8844, device='cuda:0') tensor(0.1000, device='cuda:0') tensor(0.0156, device='cuda:0')
tensor(0.8062, device='cuda:0') tensor(0.1000, device='cuda:0') tensor(0.0938, device='cuda:0')
tensor(0.8297, device='cuda:0') tensor(0.1000, device='cuda:0') tensor(0.0703, device='cuda:0')
tensor(0.8453, device='cuda:0') tensor(0.1000, device='cuda:0') tensor(0.0547, device='cuda:0')
tensor(0.8609, device='cuda:0') tensor(0.1000, device='cuda:0') tensor(0.0391, device='cuda:0')
tensor(0.8219, device='cuda:0') tensor(0.1000, device='cuda:0') tensor(0.0781, device='cuda:0')
tensor(0.8687, device='cuda:0') tensor(0.1000, device='cuda:0') tensor(0.0312, device='cuda:0')
tensor(0.8219, device='cuda:0') tensor(0.1000, device='cuda:0') tensor(0.0781, device='cuda:0')
tensor(0.8687, device='cuda:0') tensor(0.1000, device='cuda:0') tensor(0.0312, device='cuda:0')
tensor(0.7437, device='cuda:0') tensor(0.1000, device='cuda:0') tensor(0.1562, device='cuda:0')
tensor(0.7047, device='cuda:0') tensor(0.1000, device='cuda:0') tensor(0.1953, device='cuda:0')
tensor(0.6578, device='cuda:0') tensor(0.1000, device='cuda:0') tensor(0.2422, device='cuda:0')
tensor(0.6500, device='cuda:0') tensor(0.1000, device='cuda:0') tensor(0.2500, device='cuda:0')
tensor(0.8766, device='cuda:0') tensor(0.1000, device='cuda:0') tensor(0.0234, device='cuda:0')
tensor(0.8219, device='cuda:0') tensor(0.1000, device='cuda:0') tensor(0.0781, device='cuda:0')
tensor(0.8453, device='cuda:0') tensor(0.1000, device='cuda:0') tensor(0.0547, device='cuda:0')
tensor(0.8219, device='cuda:0') tensor(0.1000, device='cuda:0') tensor(0.0781, device='cuda:0')
tensor(0.8453, device='cuda:0') tensor(0.1000, device='cuda:0') tensor(0.0547, device='cuda:0')
tensor(0.8687, device='cuda:0') tensor(0.1000, device='cuda:0') tensor(0.0312, device='cuda:0')
tensor(0.8297, device='cuda:0') tensor(0.1000, device='cuda:0') tensor(0.0703, device='cuda:0')
tensor(0.8531, device='cuda:0') tensor(0.1000, device='cuda:0') tensor(0.0469, device='cuda:0')
tensor(0.8297, device='cuda:0') tensor(0.1000, device='cuda:0') tensor(0.0703, device='cuda:0')
tensor(0.8531, device='cuda:0') tensor(0.1000, device='cuda:0') tensor(0.0469, device='cuda:0')
tensor(0.8531, device='cuda:0') tensor(0.1000, device='cuda:0') tensor(0.0469, device='cuda:0')
tensor(0.7203, device='cuda:0') tensor(0.1000, device='cuda:0') tensor(0.1797, device='cuda:0')
tensor(0.8687, device='cuda:0') tensor(0.1000, device='cuda:0') tensor(0.0312, device='cuda:0')
tensor(0.7984, device='cuda:0') tensor(0.1000, device='cuda:0') tensor(0.1016, device='cuda:0')
tensor(0.8375, device='cuda:0') tensor(0.1000, device='cuda:0') tensor(0.0625, device='cuda:0')
tensor(0.8531, device='cuda:0') tensor(0.1000, device='cuda:0') tensor(0.0469, device='cuda:0')
tensor(0.8141, device='cuda:0') tensor(0.1000, device='cuda:0') tensor(0.0859, device='cuda:0')
tensor(0.8609, device='cuda:0') tensor(0.1000, device='cuda:0') tensor(0.0391, device='cuda:0')
tensor(0.8609, device='cuda:0') tensor(0.1000, device='cuda:0') tensor(0.0391, device='cuda:0')
tensor(0.8453, device='cuda:0') tensor(0.1000, device='cuda:0') tensor(0.0547, device='cuda:0')
tensor(0.8531, device='cuda:0') tensor(0.1000, device='cuda:0') tensor(0.0469, device='cuda:0')
tensor(0.8609, device='cuda:0') tensor(0.1000, device='cuda:0') tensor(0.0391, device='cuda:0')
tensor(0.8375, device='cuda:0') tensor(0.1000, device='cuda:0') tensor(0.0625, device='cuda:0')
tensor(0.7984, device='cuda:0') tensor(0.1000, device='cuda:0') tensor(0.1016, device='cuda:0')
tensor(0.8531, device='cuda:0') tensor(0.1000, device='cuda:0') tensor(0.0469, device='cuda:0')
tensor(0.8219, device='cuda:0') tensor(0.1000, device='cuda:0') tensor(0.0781, device='cuda:0')
tensor(0.8375, device='cuda:0') tensor(0.1000, device='cuda:0') tensor(0.0625, device='cuda:0')
time 5.50
error 41987.90625
17 self_attn.k_proj
Quantizing ...
tensor(0.8509, device='cuda:0') tensor(0.1100, device='cuda:0') tensor(0.0391, device='cuda:0')
tensor(0.8744, device='cuda:0') tensor(0.1100, device='cuda:0') tensor(0.0156, device='cuda:0')
tensor(0.8687, device='cuda:0') tensor(0.1000, device='cuda:0') tensor(0.0312, device='cuda:0')
tensor(0.8531, device='cuda:0') tensor(0.1000, device='cuda:0') tensor(0.0469, device='cuda:0')
tensor(0.8766, device='cuda:0') tensor(0.1000, device='cuda:0') tensor(0.0234, device='cuda:0')
tensor(0.8766, device='cuda:0') tensor(0.1000, device='cuda:0') tensor(0.0234, device='cuda:0')
tensor(0.8609, device='cuda:0') tensor(0.1000, device='cuda:0') tensor(0.0391, device='cuda:0')
tensor(0.8453, device='cuda:0') tensor(0.1000, device='cuda:0') tensor(0.0547, device='cuda:0')
tensor(0.8375, device='cuda:0') tensor(0.1000, device='cuda:0') tensor(0.0625, device='cuda:0')
tensor(0.8844, device='cuda:0') tensor(0.1000, device='cuda:0') tensor(0.0156, device='cuda:0')
tensor(0.8844, device='cuda:0') tensor(0.1000, device='cuda:0') tensor(0.0156, device='cuda:0')
tensor(0.8219, device='cuda:0') tensor(0.1000, device='cuda:0') tensor(0.0781, device='cuda:0')
tensor(0.8531, device='cuda:0') tensor(0.1000, device='cuda:0') tensor(0.0469, device='cuda:0')
tensor(0.8687, device='cuda:0') tensor(0.1000, device='cuda:0') tensor(0.0312, device='cuda:0')
tensor(0.8844, device='cuda:0') tensor(0.1000, device='cuda:0') tensor(0.0156, device='cuda:0')
tensor(0.8609, device='cuda:0') tensor(0.1000, device='cuda:0') tensor(0.0391, device='cuda:0')
time 1.54
error 301423.5625
17 self_attn.v_proj
Quantizing ...
tensor(0.7437, device='cuda:0') tensor(0.1000, device='cuda:0') tensor(0.1562, device='cuda:0')
tensor(0.7359, device='cuda:0') tensor(0.1000, device='cuda:0') tensor(0.1641, device='cuda:0')
tensor(0.5562, device='cuda:0') tensor(0.1000, device='cuda:0') tensor(0.3438, device='cuda:0')
tensor(0.7516, device='cuda:0') tensor(0.1000, device='cuda:0') tensor(0.1484, device='cuda:0')
tensor(0.7516, device='cuda:0') tensor(0.1000, device='cuda:0') tensor(0.1484, device='cuda:0')
tensor(0.7281, device='cuda:0') tensor(0.1000, device='cuda:0') tensor(0.1719, device='cuda:0')
tensor(0.7281, device='cuda:0') tensor(0.1000, device='cuda:0') tensor(0.1719, device='cuda:0')
tensor(0.7828, device='cuda:0') tensor(0.1000, device='cuda:0') tensor(0.1172, device='cuda:0')
tensor(0.7359, device='cuda:0') tensor(0.1000, device='cuda:0') tensor(0.1641, device='cuda:0')
tensor(0.8141, device='cuda:0') tensor(0.1000, device='cuda:0') tensor(0.0859, device='cuda:0')
tensor(0.6734, device='cuda:0') tensor(0.1000, device='cuda:0') tensor(0.2266, device='cuda:0')
tensor(0.8297, device='cuda:0') tensor(0.1000, device='cuda:0') tensor(0.0703, device='cuda:0')
tensor(0.5719, device='cuda:0') tensor(0.1000, device='cuda:0') tensor(0.3281, device='cuda:0')
tensor(0.7359, device='cuda:0') tensor(0.1000, device='cuda:0') tensor(0.1641, device='cuda:0')
tensor(0.8687, device='cuda:0') tensor(0.1000, device='cuda:0') tensor(0.0312, device='cuda:0')
tensor(0.8453, device='cuda:0') tensor(0.1000, device='cuda:0') tensor(0.0547, device='cuda:0')
time 1.32
error 258566.59375
17 self_attn.q_proj
Quantizing ...
tensor(0.7906, device='cuda:0') tensor(0.1000, device='cuda:0') tensor(0.1094, device='cuda:0')
tensor(0.8687, device='cuda:0') tensor(0.1000, device='cuda:0') tensor(0.0312, device='cuda:0')
tensor(0.8375, device='cuda:0') tensor(0.1000, device='cuda:0') tensor(0.0625, device='cuda:0')
tensor(0.7594, device='cuda:0') tensor(0.1000, device='cuda:0') tensor(0.1406, device='cuda:0')
tensor(0.8766, device='cuda:0') tensor(0.1000, device='cuda:0') tensor(0.0234, device='cuda:0')
tensor(0.6422, device='cuda:0') tensor(0.1000, device='cuda:0') tensor(0.2578, device='cuda:0')
tensor(0.8297, device='cuda:0') tensor(0.1000, device='cuda:0') tensor(0.0703, device='cuda:0')
tensor(0.7750, device='cuda:0') tensor(0.1000, device='cuda:0') tensor(0.1250, device='cuda:0')
tensor(0.6969, device='cuda:0') tensor(0.1000, device='cuda:0') tensor(0.2031, device='cuda:0')
tensor(0.8844, device='cuda:0') tensor(0.1000, device='cuda:0') tensor(0.0156, device='cuda:0')
tensor(0.8844, device='cuda:0') tensor(0.1000, device='cuda:0') tensor(0.0156, device='cuda:0')
tensor(0.8375, device='cuda:0') tensor(0.1000, device='cuda:0') tensor(0.0625, device='cuda:0')
tensor(0.8062, device='cuda:0') tensor(0.1000, device='cuda:0') tensor(0.0938, device='cuda:0')
tensor(0.8687, device='cuda:0') tensor(0.1000, device='cuda:0') tensor(0.0312, device='cuda:0')
tensor(0.8766, device='cuda:0') tensor(0.1000, device='cuda:0') tensor(0.0234, device='cuda:0')
tensor(0.8531, device='cuda:0') tensor(0.1000, device='cuda:0') tensor(0.0469, device='cuda:0')
time 1.27
error 330991.9375
17 self_attn.out_proj
Quantizing ...
tensor(0.5172, device='cuda:0') tensor(0.1000, device='cuda:0') tensor(0.3828, device='cuda:0')
tensor(0.8687, device='cuda:0') tensor(0.1000, device='cuda:0') tensor(0.0312, device='cuda:0')
tensor(0.5172, device='cuda:0') tensor(0.1000, device='cuda:0') tensor(0.3828, device='cuda:0')
tensor(0.6422, device='cuda:0') tensor(0.1000, device='cuda:0') tensor(0.2578, device='cuda:0')
tensor(0.7047, device='cuda:0') tensor(0.1000, device='cuda:0') tensor(0.1953, device='cuda:0')
tensor(0.7672, device='cuda:0') tensor(0.1000, device='cuda:0') tensor(0.1328, device='cuda:0')
tensor(0.8219, device='cuda:0') tensor(0.1000, device='cuda:0') tensor(0.0781, device='cuda:0')
tensor(0.8375, device='cuda:0') tensor(0.1000, device='cuda:0') tensor(0.0625, device='cuda:0')
tensor(0.5172, device='cuda:0') tensor(0.1000, device='cuda:0') tensor(0.3828, device='cuda:0')
tensor(0.5172, device='cuda:0') tensor(0.1000, device='cuda:0') tensor(0.3828, device='cuda:0')
tensor(0.7828, device='cuda:0') tensor(0.1000, device='cuda:0') tensor(0.1172, device='cuda:0')
tensor(0.5172, device='cuda:0') tensor(0.1000, device='cuda:0') tensor(0.3828, device='cuda:0')
tensor(0.8609, device='cuda:0') tensor(0.1000, device='cuda:0') tensor(0.0391, device='cuda:0')
tensor(0.7047, device='cuda:0') tensor(0.1000, device='cuda:0') tensor(0.1953, device='cuda:0')
tensor(0.8687, device='cuda:0') tensor(0.1000, device='cuda:0') tensor(0.0312, device='cuda:0')
tensor(0.8687, device='cuda:0') tensor(0.1000, device='cuda:0') tensor(0.0312, device='cuda:0')
time 1.26
error 15917.96875
17 fc1
Quantizing ...
tensor(0.7594, device='cuda:0') tensor(0.1000, device='cuda:0') tensor(0.1406, device='cuda:0')
tensor(0.8297, device='cuda:0') tensor(0.1000, device='cuda:0') tensor(0.0703, device='cuda:0')
tensor(0.8219, device='cuda:0') tensor(0.1000, device='cuda:0') tensor(0.0781, device='cuda:0')
tensor(0.8375, device='cuda:0') tensor(0.1000, device='cuda:0') tensor(0.0625, device='cuda:0')
tensor(0.8531, device='cuda:0') tensor(0.1000, device='cuda:0') tensor(0.0469, device='cuda:0')
tensor(0.7203, device='cuda:0') tensor(0.1000, device='cuda:0') tensor(0.1797, device='cuda:0')
tensor(0.8531, device='cuda:0') tensor(0.1000, device='cuda:0') tensor(0.0469, device='cuda:0')
tensor(0.8453, device='cuda:0') tensor(0.1000, device='cuda:0') tensor(0.0547, device='cuda:0')
tensor(0.8141, device='cuda:0') tensor(0.1000, device='cuda:0') tensor(0.0859, device='cuda:0')
tensor(0.5328, device='cuda:0') tensor(0.1000, device='cuda:0') tensor(0.3672, device='cuda:0')
tensor(0.8766, device='cuda:0') tensor(0.1000, device='cuda:0') tensor(0.0234, device='cuda:0')
tensor(0.8453, device='cuda:0') tensor(0.1000, device='cuda:0') tensor(0.0547, device='cuda:0')
tensor(0.8375, device='cuda:0') tensor(0.1000, device='cuda:0') tensor(0.0625, device='cuda:0')
tensor(0.8687, device='cuda:0') tensor(0.1000, device='cuda:0') tensor(0.0312, device='cuda:0')
tensor(0.8687, device='cuda:0') tensor(0.1000, device='cuda:0') tensor(0.0312, device='cuda:0')
tensor(0.8453, device='cuda:0') tensor(0.1000, device='cuda:0') tensor(0.0547, device='cuda:0')
time 1.71
error 1371785.0
17 fc2
Quantizing ...
tensor(0.7672, device='cuda:0') tensor(0.1000, device='cuda:0') tensor(0.1328, device='cuda:0')
tensor(0.8297, device='cuda:0') tensor(0.1000, device='cuda:0') tensor(0.0703, device='cuda:0')
tensor(0.8062, device='cuda:0') tensor(0.1000, device='cuda:0') tensor(0.0938, device='cuda:0')
tensor(0.7984, device='cuda:0') tensor(0.1000, device='cuda:0') tensor(0.1016, device='cuda:0')
tensor(0.8687, device='cuda:0') tensor(0.1000, device='cuda:0') tensor(0.0312, device='cuda:0')
tensor(0.8531, device='cuda:0') tensor(0.1000, device='cuda:0') tensor(0.0469, device='cuda:0')
tensor(0.8687, device='cuda:0') tensor(0.1000, device='cuda:0') tensor(0.0312, device='cuda:0')
tensor(0.8766, device='cuda:0') tensor(0.1000, device='cuda:0') tensor(0.0234, device='cuda:0')
tensor(0.8609, device='cuda:0') tensor(0.1000, device='cuda:0') tensor(0.0391, device='cuda:0')
tensor(0.7828, device='cuda:0') tensor(0.1000, device='cuda:0') tensor(0.1172, device='cuda:0')
tensor(0.8609, device='cuda:0') tensor(0.1000, device='cuda:0') tensor(0.0391, device='cuda:0')
tensor(0.8453, device='cuda:0') tensor(0.1000, device='cuda:0') tensor(0.0547, device='cuda:0')
tensor(0.8687, device='cuda:0') tensor(0.1000, device='cuda:0') tensor(0.0312, device='cuda:0')
tensor(0.8687, device='cuda:0') tensor(0.1000, device='cuda:0') tensor(0.0312, device='cuda:0')
tensor(0.7594, device='cuda:0') tensor(0.1000, device='cuda:0') tensor(0.1406, device='cuda:0')
tensor(0.7672, device='cuda:0') tensor(0.1000, device='cuda:0') tensor(0.1328, device='cuda:0')
tensor(0.8062, device='cuda:0') tensor(0.1000, device='cuda:0') tensor(0.0938, device='cuda:0')
tensor(0.7828, device='cuda:0') tensor(0.1000, device='cuda:0') tensor(0.1172, device='cuda:0')
tensor(0.8687, device='cuda:0') tensor(0.1000, device='cuda:0') tensor(0.0312, device='cuda:0')
tensor(0.7828, device='cuda:0') tensor(0.1000, device='cuda:0') tensor(0.1172, device='cuda:0')
tensor(0.8687, device='cuda:0') tensor(0.1000, device='cuda:0') tensor(0.0312, device='cuda:0')
tensor(0.8453, device='cuda:0') tensor(0.1000, device='cuda:0') tensor(0.0547, device='cuda:0')
tensor(0.8766, device='cuda:0') tensor(0.1000, device='cuda:0') tensor(0.0234, device='cuda:0')
tensor(0.8609, device='cuda:0') tensor(0.1000, device='cuda:0') tensor(0.0391, device='cuda:0')
tensor(0.8219, device='cuda:0') tensor(0.1000, device='cuda:0') tensor(0.0781, device='cuda:0')
tensor(0.8297, device='cuda:0') tensor(0.1000, device='cuda:0') tensor(0.0703, device='cuda:0')
tensor(0.8687, device='cuda:0') tensor(0.1000, device='cuda:0') tensor(0.0312, device='cuda:0')
tensor(0.8531, device='cuda:0') tensor(0.1000, device='cuda:0') tensor(0.0469, device='cuda:0')
tensor(0.8453, device='cuda:0') tensor(0.1000, device='cuda:0') tensor(0.0547, device='cuda:0')
tensor(0.7984, device='cuda:0') tensor(0.1000, device='cuda:0') tensor(0.1016, device='cuda:0')
tensor(0.8687, device='cuda:0') tensor(0.1000, device='cuda:0') tensor(0.0312, device='cuda:0')
tensor(0.8453, device='cuda:0') tensor(0.1000, device='cuda:0') tensor(0.0547, device='cuda:0')
tensor(0.8687, device='cuda:0') tensor(0.1000, device='cuda:0') tensor(0.0312, device='cuda:0')
tensor(0.8062, device='cuda:0') tensor(0.1000, device='cuda:0') tensor(0.0938, device='cuda:0')
tensor(0.8609, device='cuda:0') tensor(0.1000, device='cuda:0') tensor(0.0391, device='cuda:0')
tensor(0.8687, device='cuda:0') tensor(0.1000, device='cuda:0') tensor(0.0312, device='cuda:0')
tensor(0.8375, device='cuda:0') tensor(0.1000, device='cuda:0') tensor(0.0625, device='cuda:0')
tensor(0.7359, device='cuda:0') tensor(0.1000, device='cuda:0') tensor(0.1641, device='cuda:0')
tensor(0.8687, device='cuda:0') tensor(0.1000, device='cuda:0') tensor(0.0312, device='cuda:0')
tensor(0.8062, device='cuda:0') tensor(0.1000, device='cuda:0') tensor(0.0938, device='cuda:0')
tensor(0.8687, device='cuda:0') tensor(0.1000, device='cuda:0') tensor(0.0312, device='cuda:0')
tensor(0.8531, device='cuda:0') tensor(0.1000, device='cuda:0') tensor(0.0469, device='cuda:0')
tensor(0.8453, device='cuda:0') tensor(0.1000, device='cuda:0') tensor(0.0547, device='cuda:0')
tensor(0.8687, device='cuda:0') tensor(0.1000, device='cuda:0') tensor(0.0312, device='cuda:0')
tensor(0.8609, device='cuda:0') tensor(0.1000, device='cuda:0') tensor(0.0391, device='cuda:0')
tensor(0.8531, device='cuda:0') tensor(0.1000, device='cuda:0') tensor(0.0469, device='cuda:0')
tensor(0.8375, device='cuda:0') tensor(0.1000, device='cuda:0') tensor(0.0625, device='cuda:0')
tensor(0.8609, device='cuda:0') tensor(0.1000, device='cuda:0') tensor(0.0391, device='cuda:0')
tensor(0.8687, device='cuda:0') tensor(0.1000, device='cuda:0') tensor(0.0312, device='cuda:0')
tensor(0.8687, device='cuda:0') tensor(0.1000, device='cuda:0') tensor(0.0312, device='cuda:0')
tensor(0.8219, device='cuda:0') tensor(0.1000, device='cuda:0') tensor(0.0781, device='cuda:0')
tensor(0.8531, device='cuda:0') tensor(0.1000, device='cuda:0') tensor(0.0469, device='cuda:0')
tensor(0.7750, device='cuda:0') tensor(0.1000, device='cuda:0') tensor(0.1250, device='cuda:0')
tensor(0.8141, device='cuda:0') tensor(0.1000, device='cuda:0') tensor(0.0859, device='cuda:0')
tensor(0.8687, device='cuda:0') tensor(0.1000, device='cuda:0') tensor(0.0312, device='cuda:0')
tensor(0.8609, device='cuda:0') tensor(0.1000, device='cuda:0') tensor(0.0391, device='cuda:0')
tensor(0.8453, device='cuda:0') tensor(0.1000, device='cuda:0') tensor(0.0547, device='cuda:0')
tensor(0.8375, device='cuda:0') tensor(0.1000, device='cuda:0') tensor(0.0625, device='cuda:0')
tensor(0.8375, device='cuda:0') tensor(0.1000, device='cuda:0') tensor(0.0625, device='cuda:0')
tensor(0.8531, device='cuda:0') tensor(0.1000, device='cuda:0') tensor(0.0469, device='cuda:0')
tensor(0.8609, device='cuda:0') tensor(0.1000, device='cuda:0') tensor(0.0391, device='cuda:0')
tensor(0.8766, device='cuda:0') tensor(0.1000, device='cuda:0') tensor(0.0234, device='cuda:0')
tensor(0.8609, device='cuda:0') tensor(0.1000, device='cuda:0') tensor(0.0391, device='cuda:0')
tensor(0.8219, device='cuda:0') tensor(0.1000, device='cuda:0') tensor(0.0781, device='cuda:0')
time 5.18
error 48377.3828125
18 self_attn.k_proj
Quantizing ...
tensor(0.8509, device='cuda:0') tensor(0.1100, device='cuda:0') tensor(0.0391, device='cuda:0')
tensor(0.8666, device='cuda:0') tensor(0.1100, device='cuda:0') tensor(0.0234, device='cuda:0')
tensor(0.8687, device='cuda:0') tensor(0.1000, device='cuda:0') tensor(0.0312, device='cuda:0')
tensor(0.8375, device='cuda:0') tensor(0.1000, device='cuda:0') tensor(0.0625, device='cuda:0')
tensor(0.8766, device='cuda:0') tensor(0.1000, device='cuda:0') tensor(0.0234, device='cuda:0')
tensor(0.8844, device='cuda:0') tensor(0.1000, device='cuda:0') tensor(0.0156, device='cuda:0')
tensor(0.8609, device='cuda:0') tensor(0.1000, device='cuda:0') tensor(0.0391, device='cuda:0')
tensor(0.8453, device='cuda:0') tensor(0.1000, device='cuda:0') tensor(0.0547, device='cuda:0')
tensor(0.7984, device='cuda:0') tensor(0.1000, device='cuda:0') tensor(0.1016, device='cuda:0')
tensor(0.8844, device='cuda:0') tensor(0.1000, device='cuda:0') tensor(0.0156, device='cuda:0')
tensor(0.8844, device='cuda:0') tensor(0.1000, device='cuda:0') tensor(0.0156, device='cuda:0')
tensor(0.7906, device='cuda:0') tensor(0.1000, device='cuda:0') tensor(0.1094, device='cuda:0')
tensor(0.8453, device='cuda:0') tensor(0.1000, device='cuda:0') tensor(0.0547, device='cuda:0')
tensor(0.8687, device='cuda:0') tensor(0.1000, device='cuda:0') tensor(0.0312, device='cuda:0')
tensor(0.8844, device='cuda:0') tensor(0.1000, device='cuda:0') tensor(0.0156, device='cuda:0')
tensor(0.8609, device='cuda:0') tensor(0.1000, device='cuda:0') tensor(0.0391, device='cuda:0')
time 1.45
error 292676.96875
18 self_attn.v_proj
Quantizing ...
tensor(0.7750, device='cuda:0') tensor(0.1000, device='cuda:0') tensor(0.1250, device='cuda:0')
tensor(0.6812, device='cuda:0') tensor(0.1000, device='cuda:0') tensor(0.2188, device='cuda:0')
tensor(0.6812, device='cuda:0') tensor(0.1000, device='cuda:0') tensor(0.2188, device='cuda:0')
tensor(0.6812, device='cuda:0') tensor(0.1000, device='cuda:0') tensor(0.2188, device='cuda:0')
tensor(0.7672, device='cuda:0') tensor(0.1000, device='cuda:0') tensor(0.1328, device='cuda:0')
tensor(0.6734, device='cuda:0') tensor(0.1000, device='cuda:0') tensor(0.2266, device='cuda:0')
tensor(0.6500, device='cuda:0') tensor(0.1000, device='cuda:0') tensor(0.2500, device='cuda:0')
tensor(0.7906, device='cuda:0') tensor(0.1000, device='cuda:0') tensor(0.1094, device='cuda:0')
tensor(0.7125, device='cuda:0') tensor(0.1000, device='cuda:0') tensor(0.1875, device='cuda:0')
tensor(0.7125, device='cuda:0') tensor(0.1000, device='cuda:0') tensor(0.1875, device='cuda:0')
tensor(0.7437, device='cuda:0') tensor(0.1000, device='cuda:0') tensor(0.1562, device='cuda:0')
tensor(0.8141, device='cuda:0') tensor(0.1000, device='cuda:0') tensor(0.0859, device='cuda:0')
tensor(0.7594, device='cuda:0') tensor(0.1000, device='cuda:0') tensor(0.1406, device='cuda:0')
tensor(0.8531, device='cuda:0') tensor(0.1000, device='cuda:0') tensor(0.0469, device='cuda:0')
tensor(0.8687, device='cuda:0') tensor(0.1000, device='cuda:0') tensor(0.0312, device='cuda:0')
tensor(0.8453, device='cuda:0') tensor(0.1000, device='cuda:0') tensor(0.0547, device='cuda:0')
time 1.26
error 302188.125
18 self_attn.q_proj
Quantizing ...
tensor(0.7594, device='cuda:0') tensor(0.1000, device='cuda:0') tensor(0.1406, device='cuda:0')
tensor(0.7437, device='cuda:0') tensor(0.1000, device='cuda:0') tensor(0.1562, device='cuda:0')
tensor(0.8297, device='cuda:0') tensor(0.1000, device='cuda:0') tensor(0.0703, device='cuda:0')
tensor(0.6422, device='cuda:0') tensor(0.1000, device='cuda:0') tensor(0.2578, device='cuda:0')
tensor(0.8587, device='cuda:0') tensor(0.1100, device='cuda:0') tensor(0.0312, device='cuda:0')
tensor(0.8666, device='cuda:0') tensor(0.1100, device='cuda:0') tensor(0.0234, device='cuda:0')
tensor(0.8453, device='cuda:0') tensor(0.1000, device='cuda:0') tensor(0.0547, device='cuda:0')
tensor(0.7828, device='cuda:0') tensor(0.1000, device='cuda:0') tensor(0.1172, device='cuda:0')
tensor(0.7672, device='cuda:0') tensor(0.1000, device='cuda:0') tensor(0.1328, device='cuda:0')
tensor(0.8766, device='cuda:0') tensor(0.1000, device='cuda:0') tensor(0.0234, device='cuda:0')
tensor(0.8844, device='cuda:0') tensor(0.1000, device='cuda:0') tensor(0.0156, device='cuda:0')
tensor(0.8453, device='cuda:0') tensor(0.1000, device='cuda:0') tensor(0.0547, device='cuda:0')
tensor(0.7828, device='cuda:0') tensor(0.1000, device='cuda:0') tensor(0.1172, device='cuda:0')
tensor(0.8687, device='cuda:0') tensor(0.1000, device='cuda:0') tensor(0.0312, device='cuda:0')
tensor(0.8666, device='cuda:0') tensor(0.1100, device='cuda:0') tensor(0.0234, device='cuda:0')
tensor(0.8609, device='cuda:0') tensor(0.1000, device='cuda:0') tensor(0.0391, device='cuda:0')
time 1.27
error 317678.25
18 self_attn.out_proj
Quantizing ...
tensor(0.5172, device='cuda:0') tensor(0.1000, device='cuda:0') tensor(0.3828, device='cuda:0')
tensor(0.5172, device='cuda:0') tensor(0.1000, device='cuda:0') tensor(0.3828, device='cuda:0')
tensor(0.5172, device='cuda:0') tensor(0.1000, device='cuda:0') tensor(0.3828, device='cuda:0')
tensor(0.6266, device='cuda:0') tensor(0.1000, device='cuda:0') tensor(0.2734, device='cuda:0')
tensor(0.6812, device='cuda:0') tensor(0.1000, device='cuda:0') tensor(0.2188, device='cuda:0')
tensor(0.8141, device='cuda:0') tensor(0.1000, device='cuda:0') tensor(0.0859, device='cuda:0')
tensor(0.8297, device='cuda:0') tensor(0.1000, device='cuda:0') tensor(0.0703, device='cuda:0')
tensor(0.7437, device='cuda:0') tensor(0.1000, device='cuda:0') tensor(0.1562, device='cuda:0')
tensor(0.5172, device='cuda:0') tensor(0.1000, device='cuda:0') tensor(0.3828, device='cuda:0')
tensor(0.7125, device='cuda:0') tensor(0.1000, device='cuda:0') tensor(0.1875, device='cuda:0')
tensor(0.5328, device='cuda:0') tensor(0.1000, device='cuda:0') tensor(0.3672, device='cuda:0')
tensor(0.8531, device='cuda:0') tensor(0.1000, device='cuda:0') tensor(0.0469, device='cuda:0')
tensor(0.5172, device='cuda:0') tensor(0.1000, device='cuda:0') tensor(0.3828, device='cuda:0')
tensor(0.6109, device='cuda:0') tensor(0.1000, device='cuda:0') tensor(0.2891, device='cuda:0')
tensor(0.5172, device='cuda:0') tensor(0.1000, device='cuda:0') tensor(0.3828, device='cuda:0')
tensor(0.5250, device='cuda:0') tensor(0.1000, device='cuda:0') tensor(0.3750, device='cuda:0')
time 1.26
error 29002.33984375
18 fc1
Quantizing ...
tensor(0.7516, device='cuda:0') tensor(0.1000, device='cuda:0') tensor(0.1484, device='cuda:0')
tensor(0.8062, device='cuda:0') tensor(0.1000, device='cuda:0') tensor(0.0938, device='cuda:0')
tensor(0.8375, device='cuda:0') tensor(0.1000, device='cuda:0') tensor(0.0625, device='cuda:0')
tensor(0.7984, device='cuda:0') tensor(0.1000, device='cuda:0') tensor(0.1016, device='cuda:0')
tensor(0.8297, device='cuda:0') tensor(0.1000, device='cuda:0') tensor(0.0703, device='cuda:0')
tensor(0.7125, device='cuda:0') tensor(0.1000, device='cuda:0') tensor(0.1875, device='cuda:0')
tensor(0.8453, device='cuda:0') tensor(0.1000, device='cuda:0') tensor(0.0547, device='cuda:0')
tensor(0.8141, device='cuda:0') tensor(0.1000, device='cuda:0') tensor(0.0859, device='cuda:0')
tensor(0.8219, device='cuda:0') tensor(0.1000, device='cuda:0') tensor(0.0781, device='cuda:0')
tensor(0.5172, device='cuda:0') tensor(0.1000, device='cuda:0') tensor(0.3828, device='cuda:0')
tensor(0.8687, device='cuda:0') tensor(0.1000, device='cuda:0') tensor(0.0312, device='cuda:0')
tensor(0.8453, device='cuda:0') tensor(0.1000, device='cuda:0') tensor(0.0547, device='cuda:0')
tensor(0.8141, device='cuda:0') tensor(0.1000, device='cuda:0') tensor(0.0859, device='cuda:0')
tensor(0.8609, device='cuda:0') tensor(0.1000, device='cuda:0') tensor(0.0391, device='cuda:0')
tensor(0.8531, device='cuda:0') tensor(0.1000, device='cuda:0') tensor(0.0469, device='cuda:0')
tensor(0.8531, device='cuda:0') tensor(0.1000, device='cuda:0') tensor(0.0469, device='cuda:0')
time 1.70
error 1425235.75
18 fc2
Quantizing ...
tensor(0.7281, device='cuda:0') tensor(0.1000, device='cuda:0') tensor(0.1719, device='cuda:0')
tensor(0.8062, device='cuda:0') tensor(0.1000, device='cuda:0') tensor(0.0938, device='cuda:0')
tensor(0.8609, device='cuda:0') tensor(0.1000, device='cuda:0') tensor(0.0391, device='cuda:0')
tensor(0.7906, device='cuda:0') tensor(0.1000, device='cuda:0') tensor(0.1094, device='cuda:0')
tensor(0.8453, device='cuda:0') tensor(0.1000, device='cuda:0') tensor(0.0547, device='cuda:0')
tensor(0.7906, device='cuda:0') tensor(0.1000, device='cuda:0') tensor(0.1094, device='cuda:0')
tensor(0.8219, device='cuda:0') tensor(0.1000, device='cuda:0') tensor(0.0781, device='cuda:0')
tensor(0.8141, device='cuda:0') tensor(0.1000, device='cuda:0') tensor(0.0859, device='cuda:0')
tensor(0.7984, device='cuda:0') tensor(0.1000, device='cuda:0') tensor(0.1016, device='cuda:0')
tensor(0.7750, device='cuda:0') tensor(0.1000, device='cuda:0') tensor(0.1250, device='cuda:0')
tensor(0.5719, device='cuda:0') tensor(0.1000, device='cuda:0') tensor(0.3281, device='cuda:0')
tensor(0.8062, device='cuda:0') tensor(0.1000, device='cuda:0') tensor(0.0938, device='cuda:0')
tensor(0.8297, device='cuda:0') tensor(0.1000, device='cuda:0') tensor(0.0703, device='cuda:0')
tensor(0.8297, device='cuda:0') tensor(0.1000, device='cuda:0') tensor(0.0703, device='cuda:0')
tensor(0.7750, device='cuda:0') tensor(0.1000, device='cuda:0') tensor(0.1250, device='cuda:0')
tensor(0.7359, device='cuda:0') tensor(0.1000, device='cuda:0') tensor(0.1641, device='cuda:0')
tensor(0.8531, device='cuda:0') tensor(0.1000, device='cuda:0') tensor(0.0469, device='cuda:0')
tensor(0.8609, device='cuda:0') tensor(0.1000, device='cuda:0') tensor(0.0391, device='cuda:0')
tensor(0.7828, device='cuda:0') tensor(0.1000, device='cuda:0') tensor(0.1172, device='cuda:0')
tensor(0.8609, device='cuda:0') tensor(0.1000, device='cuda:0') tensor(0.0391, device='cuda:0')
tensor(0.8687, device='cuda:0') tensor(0.1000, device='cuda:0') tensor(0.0312, device='cuda:0')
tensor(0.8687, device='cuda:0') tensor(0.1000, device='cuda:0') tensor(0.0312, device='cuda:0')
tensor(0.7203, device='cuda:0') tensor(0.1000, device='cuda:0') tensor(0.1797, device='cuda:0')
tensor(0.8531, device='cuda:0') tensor(0.1000, device='cuda:0') tensor(0.0469, device='cuda:0')
tensor(0.8062, device='cuda:0') tensor(0.1000, device='cuda:0') tensor(0.0938, device='cuda:0')
tensor(0.8609, device='cuda:0') tensor(0.1000, device='cuda:0') tensor(0.0391, device='cuda:0')
tensor(0.8531, device='cuda:0') tensor(0.1000, device='cuda:0') tensor(0.0469, device='cuda:0')
tensor(0.8453, device='cuda:0') tensor(0.1000, device='cuda:0') tensor(0.0547, device='cuda:0')
tensor(0.8062, device='cuda:0') tensor(0.1000, device='cuda:0') tensor(0.0938, device='cuda:0')
tensor(0.8375, device='cuda:0') tensor(0.1000, device='cuda:0') tensor(0.0625, device='cuda:0')
tensor(0.8687, device='cuda:0') tensor(0.1000, device='cuda:0') tensor(0.0312, device='cuda:0')
tensor(0.8297, device='cuda:0') tensor(0.1000, device='cuda:0') tensor(0.0703, device='cuda:0')
tensor(0.8375, device='cuda:0') tensor(0.1000, device='cuda:0') tensor(0.0625, device='cuda:0')
tensor(0.8609, device='cuda:0') tensor(0.1000, device='cuda:0') tensor(0.0391, device='cuda:0')
tensor(0.8062, device='cuda:0') tensor(0.1000, device='cuda:0') tensor(0.0938, device='cuda:0')
tensor(0.8531, device='cuda:0') tensor(0.1000, device='cuda:0') tensor(0.0469, device='cuda:0')
tensor(0.8609, device='cuda:0') tensor(0.1000, device='cuda:0') tensor(0.0391, device='cuda:0')
tensor(0.8766, device='cuda:0') tensor(0.1000, device='cuda:0') tensor(0.0234, device='cuda:0')
tensor(0.8453, device='cuda:0') tensor(0.1000, device='cuda:0') tensor(0.0547, device='cuda:0')
tensor(0.8297, device='cuda:0') tensor(0.1000, device='cuda:0') tensor(0.0703, device='cuda:0')
tensor(0.8375, device='cuda:0') tensor(0.1000, device='cuda:0') tensor(0.0625, device='cuda:0')
tensor(0.8609, device='cuda:0') tensor(0.1000, device='cuda:0') tensor(0.0391, device='cuda:0')
tensor(0.8453, device='cuda:0') tensor(0.1000, device='cuda:0') tensor(0.0547, device='cuda:0')
tensor(0.8062, device='cuda:0') tensor(0.1000, device='cuda:0') tensor(0.0938, device='cuda:0')
tensor(0.8687, device='cuda:0') tensor(0.1000, device='cuda:0') tensor(0.0312, device='cuda:0')
tensor(0.8453, device='cuda:0') tensor(0.1000, device='cuda:0') tensor(0.0547, device='cuda:0')
tensor(0.8297, device='cuda:0') tensor(0.1000, device='cuda:0') tensor(0.0703, device='cuda:0')
tensor(0.8687, device='cuda:0') tensor(0.1000, device='cuda:0') tensor(0.0312, device='cuda:0')
tensor(0.7594, device='cuda:0') tensor(0.1000, device='cuda:0') tensor(0.1406, device='cuda:0')
tensor(0.8844, device='cuda:0') tensor(0.1000, device='cuda:0') tensor(0.0156, device='cuda:0')
tensor(0.8766, device='cuda:0') tensor(0.1000, device='cuda:0') tensor(0.0234, device='cuda:0')
tensor(0.8375, device='cuda:0') tensor(0.1000, device='cuda:0') tensor(0.0625, device='cuda:0')
tensor(0.8531, device='cuda:0') tensor(0.1000, device='cuda:0') tensor(0.0469, device='cuda:0')
tensor(0.8609, device='cuda:0') tensor(0.1000, device='cuda:0') tensor(0.0391, device='cuda:0')
tensor(0.8219, device='cuda:0') tensor(0.1000, device='cuda:0') tensor(0.0781, device='cuda:0')
tensor(0.8687, device='cuda:0') tensor(0.1000, device='cuda:0') tensor(0.0312, device='cuda:0')
tensor(0.8297, device='cuda:0') tensor(0.1000, device='cuda:0') tensor(0.0703, device='cuda:0')
tensor(0.8609, device='cuda:0') tensor(0.1000, device='cuda:0') tensor(0.0391, device='cuda:0')
tensor(0.8297, device='cuda:0') tensor(0.1000, device='cuda:0') tensor(0.0703, device='cuda:0')
tensor(0.8766, device='cuda:0') tensor(0.1000, device='cuda:0') tensor(0.0234, device='cuda:0')
tensor(0.8375, device='cuda:0') tensor(0.1000, device='cuda:0') tensor(0.0625, device='cuda:0')
tensor(0.8141, device='cuda:0') tensor(0.1000, device='cuda:0') tensor(0.0859, device='cuda:0')
tensor(0.8766, device='cuda:0') tensor(0.1000, device='cuda:0') tensor(0.0234, device='cuda:0')
tensor(0.8375, device='cuda:0') tensor(0.1000, device='cuda:0') tensor(0.0625, device='cuda:0')
time 5.22
error 52997.4140625
19 self_attn.k_proj
Quantizing ...
tensor(0.8509, device='cuda:0') tensor(0.1100, device='cuda:0') tensor(0.0391, device='cuda:0')
tensor(0.8666, device='cuda:0') tensor(0.1100, device='cuda:0') tensor(0.0234, device='cuda:0')
tensor(0.8687, device='cuda:0') tensor(0.1000, device='cuda:0') tensor(0.0312, device='cuda:0')
tensor(0.8453, device='cuda:0') tensor(0.1000, device='cuda:0') tensor(0.0547, device='cuda:0')
tensor(0.8766, device='cuda:0') tensor(0.1000, device='cuda:0') tensor(0.0234, device='cuda:0')
tensor(0.8666, device='cuda:0') tensor(0.1100, device='cuda:0') tensor(0.0234, device='cuda:0')
tensor(0.8531, device='cuda:0') tensor(0.1000, device='cuda:0') tensor(0.0469, device='cuda:0')
tensor(0.8375, device='cuda:0') tensor(0.1000, device='cuda:0') tensor(0.0625, device='cuda:0')
tensor(0.8297, device='cuda:0') tensor(0.1000, device='cuda:0') tensor(0.0703, device='cuda:0')
tensor(0.8844, device='cuda:0') tensor(0.1000, device='cuda:0') tensor(0.0156, device='cuda:0')
tensor(0.8766, device='cuda:0') tensor(0.1000, device='cuda:0') tensor(0.0234, device='cuda:0')
tensor(0.7125, device='cuda:0') tensor(0.1000, device='cuda:0') tensor(0.1875, device='cuda:0')
tensor(0.8431, device='cuda:0') tensor(0.1100, device='cuda:0') tensor(0.0469, device='cuda:0')
tensor(0.8687, device='cuda:0') tensor(0.1000, device='cuda:0') tensor(0.0312, device='cuda:0')
tensor(0.8844, device='cuda:0') tensor(0.1000, device='cuda:0') tensor(0.0156, device='cuda:0')
tensor(0.8531, device='cuda:0') tensor(0.1000, device='cuda:0') tensor(0.0469, device='cuda:0')
time 1.46
error 286455.5625
19 self_attn.v_proj
Quantizing ...
tensor(0.6812, device='cuda:0') tensor(0.1000, device='cuda:0') tensor(0.2188, device='cuda:0')
tensor(0.7359, device='cuda:0') tensor(0.1000, device='cuda:0') tensor(0.1641, device='cuda:0')
tensor(0.7594, device='cuda:0') tensor(0.1000, device='cuda:0') tensor(0.1406, device='cuda:0')
tensor(0.8062, device='cuda:0') tensor(0.1000, device='cuda:0') tensor(0.0938, device='cuda:0')
tensor(0.6812, device='cuda:0') tensor(0.1000, device='cuda:0') tensor(0.2188, device='cuda:0')
tensor(0.7594, device='cuda:0') tensor(0.1000, device='cuda:0') tensor(0.1406, device='cuda:0')
tensor(0.7828, device='cuda:0') tensor(0.1000, device='cuda:0') tensor(0.1172, device='cuda:0')
tensor(0.7281, device='cuda:0') tensor(0.1000, device='cuda:0') tensor(0.1719, device='cuda:0')
tensor(0.7516, device='cuda:0') tensor(0.1000, device='cuda:0') tensor(0.1484, device='cuda:0')
tensor(0.6969, device='cuda:0') tensor(0.1000, device='cuda:0') tensor(0.2031, device='cuda:0')
tensor(0.6578, device='cuda:0') tensor(0.1000, device='cuda:0') tensor(0.2422, device='cuda:0')
tensor(0.8141, device='cuda:0') tensor(0.1000, device='cuda:0') tensor(0.0859, device='cuda:0')
tensor(0.8297, device='cuda:0') tensor(0.1000, device='cuda:0') tensor(0.0703, device='cuda:0')
tensor(0.8141, device='cuda:0') tensor(0.1000, device='cuda:0') tensor(0.0859, device='cuda:0')
tensor(0.7047, device='cuda:0') tensor(0.1000, device='cuda:0') tensor(0.1953, device='cuda:0')
tensor(0.8297, device='cuda:0') tensor(0.1000, device='cuda:0') tensor(0.0703, device='cuda:0')
time 1.29
error 376741.0625
19 self_attn.q_proj
Quantizing ...
tensor(0.8141, device='cuda:0') tensor(0.1000, device='cuda:0') tensor(0.0859, device='cuda:0')
tensor(0.7984, device='cuda:0') tensor(0.1000, device='cuda:0') tensor(0.1016, device='cuda:0')
tensor(0.8453, device='cuda:0') tensor(0.1000, device='cuda:0') tensor(0.0547, device='cuda:0')
tensor(0.8062, device='cuda:0') tensor(0.1000, device='cuda:0') tensor(0.0938, device='cuda:0')
tensor(0.8687, device='cuda:0') tensor(0.1000, device='cuda:0') tensor(0.0312, device='cuda:0')
tensor(0.5719, device='cuda:0') tensor(0.1000, device='cuda:0') tensor(0.3281, device='cuda:0')
tensor(0.8453, device='cuda:0') tensor(0.1000, device='cuda:0') tensor(0.0547, device='cuda:0')
tensor(0.7672, device='cuda:0') tensor(0.1000, device='cuda:0') tensor(0.1328, device='cuda:0')
tensor(0.7906, device='cuda:0') tensor(0.1000, device='cuda:0') tensor(0.1094, device='cuda:0')
tensor(0.8666, device='cuda:0') tensor(0.1100, device='cuda:0') tensor(0.0234, device='cuda:0')
tensor(0.8844, device='cuda:0') tensor(0.1000, device='cuda:0') tensor(0.0156, device='cuda:0')
tensor(0.8375, device='cuda:0') tensor(0.1000, device='cuda:0') tensor(0.0625, device='cuda:0')
tensor(0.8297, device='cuda:0') tensor(0.1000, device='cuda:0') tensor(0.0703, device='cuda:0')
tensor(0.8609, device='cuda:0') tensor(0.1000, device='cuda:0') tensor(0.0391, device='cuda:0')
tensor(0.8766, device='cuda:0') tensor(0.1000, device='cuda:0') tensor(0.0234, device='cuda:0')
tensor(0.8531, device='cuda:0') tensor(0.1000, device='cuda:0') tensor(0.0469, device='cuda:0')
time 1.28
error 316821.125
19 self_attn.out_proj
Quantizing ...
tensor(0.5172, device='cuda:0') tensor(0.1000, device='cuda:0') tensor(0.3828, device='cuda:0')
tensor(0.8453, device='cuda:0') tensor(0.1000, device='cuda:0') tensor(0.0547, device='cuda:0')
tensor(0.5172, device='cuda:0') tensor(0.1000, device='cuda:0') tensor(0.3828, device='cuda:0')
tensor(0.5172, device='cuda:0') tensor(0.1000, device='cuda:0') tensor(0.3828, device='cuda:0')
tensor(0.7203, device='cuda:0') tensor(0.1000, device='cuda:0') tensor(0.1797, device='cuda:0')
tensor(0.8141, device='cuda:0') tensor(0.1000, device='cuda:0') tensor(0.0859, device='cuda:0')
tensor(0.5172, device='cuda:0') tensor(0.1000, device='cuda:0') tensor(0.3828, device='cuda:0')
tensor(0.5172, device='cuda:0') tensor(0.1000, device='cuda:0') tensor(0.3828, device='cuda:0')
tensor(0.5172, device='cuda:0') tensor(0.1000, device='cuda:0') tensor(0.3828, device='cuda:0')
tensor(0.8453, device='cuda:0') tensor(0.1000, device='cuda:0') tensor(0.0547, device='cuda:0')
tensor(0.7594, device='cuda:0') tensor(0.1000, device='cuda:0') tensor(0.1406, device='cuda:0')
tensor(0.5172, device='cuda:0') tensor(0.1000, device='cuda:0') tensor(0.3828, device='cuda:0')
tensor(0.6109, device='cuda:0') tensor(0.1000, device='cuda:0') tensor(0.2891, device='cuda:0')
tensor(0.8219, device='cuda:0') tensor(0.1000, device='cuda:0') tensor(0.0781, device='cuda:0')
tensor(0.6812, device='cuda:0') tensor(0.1000, device='cuda:0') tensor(0.2188, device='cuda:0')
tensor(0.5172, device='cuda:0') tensor(0.1000, device='cuda:0') tensor(0.3828, device='cuda:0')
time 1.26
error 41996.95703125
19 fc1
Quantizing ...
tensor(0.7828, device='cuda:0') tensor(0.1000, device='cuda:0') tensor(0.1172, device='cuda:0')
tensor(0.7281, device='cuda:0') tensor(0.1000, device='cuda:0') tensor(0.1719, device='cuda:0')
tensor(0.8453, device='cuda:0') tensor(0.1000, device='cuda:0') tensor(0.0547, device='cuda:0')
tensor(0.7906, device='cuda:0') tensor(0.1000, device='cuda:0') tensor(0.1094, device='cuda:0')
tensor(0.8141, device='cuda:0') tensor(0.1000, device='cuda:0') tensor(0.0859, device='cuda:0')
tensor(0.6656, device='cuda:0') tensor(0.1000, device='cuda:0') tensor(0.2344, device='cuda:0')
tensor(0.8141, device='cuda:0') tensor(0.1000, device='cuda:0') tensor(0.0859, device='cuda:0')
tensor(0.8141, device='cuda:0') tensor(0.1000, device='cuda:0') tensor(0.0859, device='cuda:0')
tensor(0.8062, device='cuda:0') tensor(0.1000, device='cuda:0') tensor(0.0938, device='cuda:0')
tensor(0.5172, device='cuda:0') tensor(0.1000, device='cuda:0') tensor(0.3828, device='cuda:0')
tensor(0.8687, device='cuda:0') tensor(0.1000, device='cuda:0') tensor(0.0312, device='cuda:0')
tensor(0.8219, device='cuda:0') tensor(0.1000, device='cuda:0') tensor(0.0781, device='cuda:0')
tensor(0.8141, device='cuda:0') tensor(0.1000, device='cuda:0') tensor(0.0859, device='cuda:0')
tensor(0.8531, device='cuda:0') tensor(0.1000, device='cuda:0') tensor(0.0469, device='cuda:0')
tensor(0.8531, device='cuda:0') tensor(0.1000, device='cuda:0') tensor(0.0469, device='cuda:0')
tensor(0.8453, device='cuda:0') tensor(0.1000, device='cuda:0') tensor(0.0547, device='cuda:0')
time 1.70
error 1476359.875
19 fc2
Quantizing ...
tensor(0.8609, device='cuda:0') tensor(0.1000, device='cuda:0') tensor(0.0391, device='cuda:0')
tensor(0.8609, device='cuda:0') tensor(0.1000, device='cuda:0') tensor(0.0391, device='cuda:0')
tensor(0.8531, device='cuda:0') tensor(0.1000, device='cuda:0') tensor(0.0469, device='cuda:0')
tensor(0.8453, device='cuda:0') tensor(0.1000, device='cuda:0') tensor(0.0547, device='cuda:0')
tensor(0.8219, device='cuda:0') tensor(0.1000, device='cuda:0') tensor(0.0781, device='cuda:0')
tensor(0.8531, device='cuda:0') tensor(0.1000, device='cuda:0') tensor(0.0469, device='cuda:0')
tensor(0.8219, device='cuda:0') tensor(0.1000, device='cuda:0') tensor(0.0781, device='cuda:0')
tensor(0.8219, device='cuda:0') tensor(0.1000, device='cuda:0') tensor(0.0781, device='cuda:0')
tensor(0.8062, device='cuda:0') tensor(0.1000, device='cuda:0') tensor(0.0938, device='cuda:0')
tensor(0.8609, device='cuda:0') tensor(0.1000, device='cuda:0') tensor(0.0391, device='cuda:0')
tensor(0.8687, device='cuda:0') tensor(0.1000, device='cuda:0') tensor(0.0312, device='cuda:0')
tensor(0.8141, device='cuda:0') tensor(0.1000, device='cuda:0') tensor(0.0859, device='cuda:0')
tensor(0.8531, device='cuda:0') tensor(0.1000, device='cuda:0') tensor(0.0469, device='cuda:0')
tensor(0.8531, device='cuda:0') tensor(0.1000, device='cuda:0') tensor(0.0469, device='cuda:0')
tensor(0.7906, device='cuda:0') tensor(0.1000, device='cuda:0') tensor(0.1094, device='cuda:0')
tensor(0.8687, device='cuda:0') tensor(0.1000, device='cuda:0') tensor(0.0312, device='cuda:0')
tensor(0.8687, device='cuda:0') tensor(0.1000, device='cuda:0') tensor(0.0312, device='cuda:0')
tensor(0.8375, device='cuda:0') tensor(0.1000, device='cuda:0') tensor(0.0625, device='cuda:0')
tensor(0.8453, device='cuda:0') tensor(0.1000, device='cuda:0') tensor(0.0547, device='cuda:0')
tensor(0.8141, device='cuda:0') tensor(0.1000, device='cuda:0') tensor(0.0859, device='cuda:0')
tensor(0.8531, device='cuda:0') tensor(0.1000, device='cuda:0') tensor(0.0469, device='cuda:0')
tensor(0.8219, device='cuda:0') tensor(0.1000, device='cuda:0') tensor(0.0781, device='cuda:0')
tensor(0.7906, device='cuda:0') tensor(0.1000, device='cuda:0') tensor(0.1094, device='cuda:0')
tensor(0.6734, device='cuda:0') tensor(0.1000, device='cuda:0') tensor(0.2266, device='cuda:0')
tensor(0.8531, device='cuda:0') tensor(0.1000, device='cuda:0') tensor(0.0469, device='cuda:0')
tensor(0.8687, device='cuda:0') tensor(0.1000, device='cuda:0') tensor(0.0312, device='cuda:0')
tensor(0.8687, device='cuda:0') tensor(0.1000, device='cuda:0') tensor(0.0312, device='cuda:0')
tensor(0.8687, device='cuda:0') tensor(0.1000, device='cuda:0') tensor(0.0312, device='cuda:0')
tensor(0.8453, device='cuda:0') tensor(0.1000, device='cuda:0') tensor(0.0547, device='cuda:0')
tensor(0.8531, device='cuda:0') tensor(0.1000, device='cuda:0') tensor(0.0469, device='cuda:0')
tensor(0.8453, device='cuda:0') tensor(0.1000, device='cuda:0') tensor(0.0547, device='cuda:0')
tensor(0.8453, device='cuda:0') tensor(0.1000, device='cuda:0') tensor(0.0547, device='cuda:0')
tensor(0.8297, device='cuda:0') tensor(0.1000, device='cuda:0') tensor(0.0703, device='cuda:0')
tensor(0.8609, device='cuda:0') tensor(0.1000, device='cuda:0') tensor(0.0391, device='cuda:0')
tensor(0.8687, device='cuda:0') tensor(0.1000, device='cuda:0') tensor(0.0312, device='cuda:0')
tensor(0.8531, device='cuda:0') tensor(0.1000, device='cuda:0') tensor(0.0469, device='cuda:0')
tensor(0.8766, device='cuda:0') tensor(0.1000, device='cuda:0') tensor(0.0234, device='cuda:0')
tensor(0.8687, device='cuda:0') tensor(0.1000, device='cuda:0') tensor(0.0312, device='cuda:0')
tensor(0.8219, device='cuda:0') tensor(0.1000, device='cuda:0') tensor(0.0781, device='cuda:0')
tensor(0.8375, device='cuda:0') tensor(0.1000, device='cuda:0') tensor(0.0625, device='cuda:0')
tensor(0.8766, device='cuda:0') tensor(0.1000, device='cuda:0') tensor(0.0234, device='cuda:0')
tensor(0.8687, device='cuda:0') tensor(0.1000, device='cuda:0') tensor(0.0312, device='cuda:0')
tensor(0.8609, device='cuda:0') tensor(0.1000, device='cuda:0') tensor(0.0391, device='cuda:0')
tensor(0.8687, device='cuda:0') tensor(0.1000, device='cuda:0') tensor(0.0312, device='cuda:0')
tensor(0.8062, device='cuda:0') tensor(0.1000, device='cuda:0') tensor(0.0938, device='cuda:0')
tensor(0.8453, device='cuda:0') tensor(0.1000, device='cuda:0') tensor(0.0547, device='cuda:0')
tensor(0.8453, device='cuda:0') tensor(0.1000, device='cuda:0') tensor(0.0547, device='cuda:0')
tensor(0.8687, device='cuda:0') tensor(0.1000, device='cuda:0') tensor(0.0312, device='cuda:0')
tensor(0.8687, device='cuda:0') tensor(0.1000, device='cuda:0') tensor(0.0312, device='cuda:0')
tensor(0.8141, device='cuda:0') tensor(0.1000, device='cuda:0') tensor(0.0859, device='cuda:0')
tensor(0.8687, device='cuda:0') tensor(0.1000, device='cuda:0') tensor(0.0312, device='cuda:0')
tensor(0.8297, device='cuda:0') tensor(0.1000, device='cuda:0') tensor(0.0703, device='cuda:0')
tensor(0.8453, device='cuda:0') tensor(0.1000, device='cuda:0') tensor(0.0547, device='cuda:0')
tensor(0.8531, device='cuda:0') tensor(0.1000, device='cuda:0') tensor(0.0469, device='cuda:0')
tensor(0.8766, device='cuda:0') tensor(0.1000, device='cuda:0') tensor(0.0234, device='cuda:0')
tensor(0.8609, device='cuda:0') tensor(0.1000, device='cuda:0') tensor(0.0391, device='cuda:0')
tensor(0.8531, device='cuda:0') tensor(0.1000, device='cuda:0') tensor(0.0469, device='cuda:0')
tensor(0.8609, device='cuda:0') tensor(0.1000, device='cuda:0') tensor(0.0391, device='cuda:0')
tensor(0.8609, device='cuda:0') tensor(0.1000, device='cuda:0') tensor(0.0391, device='cuda:0')
tensor(0.7672, device='cuda:0') tensor(0.1000, device='cuda:0') tensor(0.1328, device='cuda:0')
tensor(0.8453, device='cuda:0') tensor(0.1000, device='cuda:0') tensor(0.0547, device='cuda:0')
tensor(0.8297, device='cuda:0') tensor(0.1000, device='cuda:0') tensor(0.0703, device='cuda:0')
tensor(0.8687, device='cuda:0') tensor(0.1000, device='cuda:0') tensor(0.0312, device='cuda:0')
tensor(0.8531, device='cuda:0') tensor(0.1000, device='cuda:0') tensor(0.0469, device='cuda:0')
time 5.14
error 61604.0234375
20 self_attn.k_proj
Quantizing ...
tensor(0.8509, device='cuda:0') tensor(0.1100, device='cuda:0') tensor(0.0391, device='cuda:0')
tensor(0.8744, device='cuda:0') tensor(0.1100, device='cuda:0') tensor(0.0156, device='cuda:0')
tensor(0.8687, device='cuda:0') tensor(0.1000, device='cuda:0') tensor(0.0312, device='cuda:0')
tensor(0.8453, device='cuda:0') tensor(0.1000, device='cuda:0') tensor(0.0547, device='cuda:0')
tensor(0.8766, device='cuda:0') tensor(0.1000, device='cuda:0') tensor(0.0234, device='cuda:0')
tensor(0.8844, device='cuda:0') tensor(0.1000, device='cuda:0') tensor(0.0156, device='cuda:0')
tensor(0.8609, device='cuda:0') tensor(0.1000, device='cuda:0') tensor(0.0391, device='cuda:0')
tensor(0.8431, device='cuda:0') tensor(0.1100, device='cuda:0') tensor(0.0469, device='cuda:0')
tensor(0.8141, device='cuda:0') tensor(0.1000, device='cuda:0') tensor(0.0859, device='cuda:0')
tensor(0.8844, device='cuda:0') tensor(0.1000, device='cuda:0') tensor(0.0156, device='cuda:0')
tensor(0.8766, device='cuda:0') tensor(0.1000, device='cuda:0') tensor(0.0234, device='cuda:0')
tensor(0.8297, device='cuda:0') tensor(0.1000, device='cuda:0') tensor(0.0703, device='cuda:0')
tensor(0.8297, device='cuda:0') tensor(0.1000, device='cuda:0') tensor(0.0703, device='cuda:0')
tensor(0.8687, device='cuda:0') tensor(0.1000, device='cuda:0') tensor(0.0312, device='cuda:0')
tensor(0.8844, device='cuda:0') tensor(0.1000, device='cuda:0') tensor(0.0156, device='cuda:0')
tensor(0.8297, device='cuda:0') tensor(0.1000, device='cuda:0') tensor(0.0703, device='cuda:0')
time 1.47
error 272140.4375
20 self_attn.v_proj
Quantizing ...
tensor(0.7516, device='cuda:0') tensor(0.1000, device='cuda:0') tensor(0.1484, device='cuda:0')
tensor(0.6187, device='cuda:0') tensor(0.1000, device='cuda:0') tensor(0.2812, device='cuda:0')
tensor(0.7672, device='cuda:0') tensor(0.1000, device='cuda:0') tensor(0.1328, device='cuda:0')
tensor(0.7281, device='cuda:0') tensor(0.1000, device='cuda:0') tensor(0.1719, device='cuda:0')
tensor(0.6500, device='cuda:0') tensor(0.1000, device='cuda:0') tensor(0.2500, device='cuda:0')
tensor(0.7047, device='cuda:0') tensor(0.1000, device='cuda:0') tensor(0.1953, device='cuda:0')
tensor(0.6969, device='cuda:0') tensor(0.1000, device='cuda:0') tensor(0.2031, device='cuda:0')
tensor(0.7359, device='cuda:0') tensor(0.1000, device='cuda:0') tensor(0.1641, device='cuda:0')
tensor(0.7828, device='cuda:0') tensor(0.1000, device='cuda:0') tensor(0.1172, device='cuda:0')
tensor(0.7125, device='cuda:0') tensor(0.1000, device='cuda:0') tensor(0.1875, device='cuda:0')
tensor(0.7906, device='cuda:0') tensor(0.1000, device='cuda:0') tensor(0.1094, device='cuda:0')
tensor(0.7594, device='cuda:0') tensor(0.1000, device='cuda:0') tensor(0.1406, device='cuda:0')
tensor(0.7047, device='cuda:0') tensor(0.1000, device='cuda:0') tensor(0.1953, device='cuda:0')
tensor(0.8141, device='cuda:0') tensor(0.1000, device='cuda:0') tensor(0.0859, device='cuda:0')
tensor(0.8375, device='cuda:0') tensor(0.1000, device='cuda:0') tensor(0.0625, device='cuda:0')
tensor(0.8297, device='cuda:0') tensor(0.1000, device='cuda:0') tensor(0.0703, device='cuda:0')
time 1.27
error 405403.25
20 self_attn.q_proj
Quantizing ...
tensor(0.7750, device='cuda:0') tensor(0.1000, device='cuda:0') tensor(0.1250, device='cuda:0')
tensor(0.7125, device='cuda:0') tensor(0.1000, device='cuda:0') tensor(0.1875, device='cuda:0')
tensor(0.8609, device='cuda:0') tensor(0.1000, device='cuda:0') tensor(0.0391, device='cuda:0')
tensor(0.7203, device='cuda:0') tensor(0.1000, device='cuda:0') tensor(0.1797, device='cuda:0')
tensor(0.8587, device='cuda:0') tensor(0.1100, device='cuda:0') tensor(0.0312, device='cuda:0')
tensor(0.6109, device='cuda:0') tensor(0.1000, device='cuda:0') tensor(0.2891, device='cuda:0')
tensor(0.8141, device='cuda:0') tensor(0.1000, device='cuda:0') tensor(0.0859, device='cuda:0')
tensor(0.6969, device='cuda:0') tensor(0.1000, device='cuda:0') tensor(0.2031, device='cuda:0')
tensor(0.6109, device='cuda:0') tensor(0.1000, device='cuda:0') tensor(0.2891, device='cuda:0')
tensor(0.8766, device='cuda:0') tensor(0.1000, device='cuda:0') tensor(0.0234, device='cuda:0')
tensor(0.8744, device='cuda:0') tensor(0.1100, device='cuda:0') tensor(0.0156, device='cuda:0')
tensor(0.7594, device='cuda:0') tensor(0.1000, device='cuda:0') tensor(0.1406, device='cuda:0')
tensor(0.7516, device='cuda:0') tensor(0.1000, device='cuda:0') tensor(0.1484, device='cuda:0')
tensor(0.8431, device='cuda:0') tensor(0.1100, device='cuda:0') tensor(0.0469, device='cuda:0')
tensor(0.8666, device='cuda:0') tensor(0.1100, device='cuda:0') tensor(0.0234, device='cuda:0')
tensor(0.8219, device='cuda:0') tensor(0.1000, device='cuda:0') tensor(0.0781, device='cuda:0')
time 1.26
error 282254.625
20 self_attn.out_proj
Quantizing ...
tensor(0.5250, device='cuda:0') tensor(0.1000, device='cuda:0') tensor(0.3750, device='cuda:0')
tensor(0.7516, device='cuda:0') tensor(0.1000, device='cuda:0') tensor(0.1484, device='cuda:0')
tensor(0.5172, device='cuda:0') tensor(0.1000, device='cuda:0') tensor(0.3828, device='cuda:0')
tensor(0.5172, device='cuda:0') tensor(0.1000, device='cuda:0') tensor(0.3828, device='cuda:0')
tensor(0.5172, device='cuda:0') tensor(0.1000, device='cuda:0') tensor(0.3828, device='cuda:0')
tensor(0.5172, device='cuda:0') tensor(0.1000, device='cuda:0') tensor(0.3828, device='cuda:0')
tensor(0.5172, device='cuda:0') tensor(0.1000, device='cuda:0') tensor(0.3828, device='cuda:0')
tensor(0.5875, device='cuda:0') tensor(0.1000, device='cuda:0') tensor(0.3125, device='cuda:0')
tensor(0.5172, device='cuda:0') tensor(0.1000, device='cuda:0') tensor(0.3828, device='cuda:0')
tensor(0.7750, device='cuda:0') tensor(0.1000, device='cuda:0') tensor(0.1250, device='cuda:0')
tensor(0.5172, device='cuda:0') tensor(0.1000, device='cuda:0') tensor(0.3828, device='cuda:0')
tensor(0.5172, device='cuda:0') tensor(0.1000, device='cuda:0') tensor(0.3828, device='cuda:0')
tensor(0.7828, device='cuda:0') tensor(0.1000, device='cuda:0') tensor(0.1172, device='cuda:0')
tensor(0.5172, device='cuda:0') tensor(0.1000, device='cuda:0') tensor(0.3828, device='cuda:0')
tensor(0.5172, device='cuda:0') tensor(0.1000, device='cuda:0') tensor(0.3828, device='cuda:0')
tensor(0.5172, device='cuda:0') tensor(0.1000, device='cuda:0') tensor(0.3828, device='cuda:0')
time 1.25
error 51137.7421875
20 fc1
Quantizing ...
tensor(0.7437, device='cuda:0') tensor(0.1000, device='cuda:0') tensor(0.1562, device='cuda:0')
tensor(0.7984, device='cuda:0') tensor(0.1000, device='cuda:0') tensor(0.1016, device='cuda:0')
tensor(0.8141, device='cuda:0') tensor(0.1000, device='cuda:0') tensor(0.0859, device='cuda:0')
tensor(0.8062, device='cuda:0') tensor(0.1000, device='cuda:0') tensor(0.0938, device='cuda:0')
tensor(0.8297, device='cuda:0') tensor(0.1000, device='cuda:0') tensor(0.0703, device='cuda:0')
tensor(0.7516, device='cuda:0') tensor(0.1000, device='cuda:0') tensor(0.1484, device='cuda:0')
tensor(0.8219, device='cuda:0') tensor(0.1000, device='cuda:0') tensor(0.0781, device='cuda:0')
tensor(0.7984, device='cuda:0') tensor(0.1000, device='cuda:0') tensor(0.1016, device='cuda:0')
tensor(0.8219, device='cuda:0') tensor(0.1000, device='cuda:0') tensor(0.0781, device='cuda:0')
tensor(0.7750, device='cuda:0') tensor(0.1000, device='cuda:0') tensor(0.1250, device='cuda:0')
tensor(0.8609, device='cuda:0') tensor(0.1000, device='cuda:0') tensor(0.0391, device='cuda:0')
tensor(0.7516, device='cuda:0') tensor(0.1000, device='cuda:0') tensor(0.1484, device='cuda:0')
tensor(0.8453, device='cuda:0') tensor(0.1000, device='cuda:0') tensor(0.0547, device='cuda:0')
tensor(0.8531, device='cuda:0') tensor(0.1000, device='cuda:0') tensor(0.0469, device='cuda:0')
tensor(0.8375, device='cuda:0') tensor(0.1000, device='cuda:0') tensor(0.0625, device='cuda:0')
tensor(0.8609, device='cuda:0') tensor(0.1000, device='cuda:0') tensor(0.0391, device='cuda:0')
time 1.72
error 1437381.125
20 fc2
Quantizing ...
tensor(0.8609, device='cuda:0') tensor(0.1000, device='cuda:0') tensor(0.0391, device='cuda:0')
tensor(0.8609, device='cuda:0') tensor(0.1000, device='cuda:0') tensor(0.0391, device='cuda:0')
tensor(0.8609, device='cuda:0') tensor(0.1000, device='cuda:0') tensor(0.0391, device='cuda:0')
tensor(0.8687, device='cuda:0') tensor(0.1000, device='cuda:0') tensor(0.0312, device='cuda:0')
tensor(0.8062, device='cuda:0') tensor(0.1000, device='cuda:0') tensor(0.0938, device='cuda:0')
tensor(0.8219, device='cuda:0') tensor(0.1000, device='cuda:0') tensor(0.0781, device='cuda:0')
tensor(0.8297, device='cuda:0') tensor(0.1000, device='cuda:0') tensor(0.0703, device='cuda:0')
tensor(0.8687, device='cuda:0') tensor(0.1000, device='cuda:0') tensor(0.0312, device='cuda:0')
tensor(0.8687, device='cuda:0') tensor(0.1000, device='cuda:0') tensor(0.0312, device='cuda:0')
tensor(0.8219, device='cuda:0') tensor(0.1000, device='cuda:0') tensor(0.0781, device='cuda:0')
tensor(0.8687, device='cuda:0') tensor(0.1000, device='cuda:0') tensor(0.0312, device='cuda:0')
tensor(0.8609, device='cuda:0') tensor(0.1000, device='cuda:0') tensor(0.0391, device='cuda:0')
tensor(0.8687, device='cuda:0') tensor(0.1000, device='cuda:0') tensor(0.0312, device='cuda:0')
tensor(0.8219, device='cuda:0') tensor(0.1000, device='cuda:0') tensor(0.0781, device='cuda:0')
tensor(0.8609, device='cuda:0') tensor(0.1000, device='cuda:0') tensor(0.0391, device='cuda:0')
tensor(0.7906, device='cuda:0') tensor(0.1000, device='cuda:0') tensor(0.1094, device='cuda:0')
tensor(0.8609, device='cuda:0') tensor(0.1000, device='cuda:0') tensor(0.0391, device='cuda:0')
tensor(0.8609, device='cuda:0') tensor(0.1000, device='cuda:0') tensor(0.0391, device='cuda:0')
tensor(0.8531, device='cuda:0') tensor(0.1000, device='cuda:0') tensor(0.0469, device='cuda:0')
tensor(0.8453, device='cuda:0') tensor(0.1000, device='cuda:0') tensor(0.0547, device='cuda:0')
tensor(0.8453, device='cuda:0') tensor(0.1000, device='cuda:0') tensor(0.0547, device='cuda:0')
tensor(0.8766, device='cuda:0') tensor(0.1000, device='cuda:0') tensor(0.0234, device='cuda:0')
tensor(0.8531, device='cuda:0') tensor(0.1000, device='cuda:0') tensor(0.0469, device='cuda:0')
tensor(0.8687, device='cuda:0') tensor(0.1000, device='cuda:0') tensor(0.0312, device='cuda:0')
tensor(0.8687, device='cuda:0') tensor(0.1000, device='cuda:0') tensor(0.0312, device='cuda:0')
tensor(0.8375, device='cuda:0') tensor(0.1000, device='cuda:0') tensor(0.0625, device='cuda:0')
tensor(0.8609, device='cuda:0') tensor(0.1000, device='cuda:0') tensor(0.0391, device='cuda:0')
tensor(0.8219, device='cuda:0') tensor(0.1000, device='cuda:0') tensor(0.0781, device='cuda:0')
tensor(0.8453, device='cuda:0') tensor(0.1000, device='cuda:0') tensor(0.0547, device='cuda:0')
tensor(0.8297, device='cuda:0') tensor(0.1000, device='cuda:0') tensor(0.0703, device='cuda:0')
tensor(0.8453, device='cuda:0') tensor(0.1000, device='cuda:0') tensor(0.0547, device='cuda:0')
tensor(0.8609, device='cuda:0') tensor(0.1000, device='cuda:0') tensor(0.0391, device='cuda:0')
tensor(0.8531, device='cuda:0') tensor(0.1000, device='cuda:0') tensor(0.0469, device='cuda:0')
tensor(0.8531, device='cuda:0') tensor(0.1000, device='cuda:0') tensor(0.0469, device='cuda:0')
tensor(0.8609, device='cuda:0') tensor(0.1000, device='cuda:0') tensor(0.0391, device='cuda:0')
tensor(0.8453, device='cuda:0') tensor(0.1000, device='cuda:0') tensor(0.0547, device='cuda:0')
tensor(0.7437, device='cuda:0') tensor(0.1000, device='cuda:0') tensor(0.1562, device='cuda:0')
tensor(0.8687, device='cuda:0') tensor(0.1000, device='cuda:0') tensor(0.0312, device='cuda:0')
tensor(0.8531, device='cuda:0') tensor(0.1000, device='cuda:0') tensor(0.0469, device='cuda:0')
tensor(0.7984, device='cuda:0') tensor(0.1000, device='cuda:0') tensor(0.1016, device='cuda:0')
tensor(0.8609, device='cuda:0') tensor(0.1000, device='cuda:0') tensor(0.0391, device='cuda:0')
tensor(0.8687, device='cuda:0') tensor(0.1000, device='cuda:0') tensor(0.0312, device='cuda:0')
tensor(0.8219, device='cuda:0') tensor(0.1000, device='cuda:0') tensor(0.0781, device='cuda:0')
tensor(0.8453, device='cuda:0') tensor(0.1000, device='cuda:0') tensor(0.0547, device='cuda:0')
tensor(0.8531, device='cuda:0') tensor(0.1000, device='cuda:0') tensor(0.0469, device='cuda:0')
tensor(0.8453, device='cuda:0') tensor(0.1000, device='cuda:0') tensor(0.0547, device='cuda:0')
tensor(0.8062, device='cuda:0') tensor(0.1000, device='cuda:0') tensor(0.0938, device='cuda:0')
tensor(0.8609, device='cuda:0') tensor(0.1000, device='cuda:0') tensor(0.0391, device='cuda:0')
tensor(0.8766, device='cuda:0') tensor(0.1000, device='cuda:0') tensor(0.0234, device='cuda:0')
tensor(0.8453, device='cuda:0') tensor(0.1000, device='cuda:0') tensor(0.0547, device='cuda:0')
tensor(0.8687, device='cuda:0') tensor(0.1000, device='cuda:0') tensor(0.0312, device='cuda:0')
tensor(0.8609, device='cuda:0') tensor(0.1000, device='cuda:0') tensor(0.0391, device='cuda:0')
tensor(0.8531, device='cuda:0') tensor(0.1000, device='cuda:0') tensor(0.0469, device='cuda:0')
tensor(0.7594, device='cuda:0') tensor(0.1000, device='cuda:0') tensor(0.1406, device='cuda:0')
tensor(0.8531, device='cuda:0') tensor(0.1000, device='cuda:0') tensor(0.0469, device='cuda:0')
tensor(0.8453, device='cuda:0') tensor(0.1000, device='cuda:0') tensor(0.0547, device='cuda:0')
tensor(0.8687, device='cuda:0') tensor(0.1000, device='cuda:0') tensor(0.0312, device='cuda:0')
tensor(0.8687, device='cuda:0') tensor(0.1000, device='cuda:0') tensor(0.0312, device='cuda:0')
tensor(0.8609, device='cuda:0') tensor(0.1000, device='cuda:0') tensor(0.0391, device='cuda:0')
tensor(0.8766, device='cuda:0') tensor(0.1000, device='cuda:0') tensor(0.0234, device='cuda:0')
tensor(0.8375, device='cuda:0') tensor(0.1000, device='cuda:0') tensor(0.0625, device='cuda:0')
tensor(0.8687, device='cuda:0') tensor(0.1000, device='cuda:0') tensor(0.0312, device='cuda:0')
tensor(0.7984, device='cuda:0') tensor(0.1000, device='cuda:0') tensor(0.1016, device='cuda:0')
tensor(0.8609, device='cuda:0') tensor(0.1000, device='cuda:0') tensor(0.0391, device='cuda:0')
time 5.21
error 70873.4609375
21 self_attn.k_proj
Quantizing ...
tensor(0.8297, device='cuda:0') tensor(0.1000, device='cuda:0') tensor(0.0703, device='cuda:0')
tensor(0.8766, device='cuda:0') tensor(0.1000, device='cuda:0') tensor(0.0234, device='cuda:0')
tensor(0.8609, device='cuda:0') tensor(0.1000, device='cuda:0') tensor(0.0391, device='cuda:0')
tensor(0.7984, device='cuda:0') tensor(0.1000, device='cuda:0') tensor(0.1016, device='cuda:0')
tensor(0.8666, device='cuda:0') tensor(0.1100, device='cuda:0') tensor(0.0234, device='cuda:0')
tensor(0.8766, device='cuda:0') tensor(0.1000, device='cuda:0') tensor(0.0234, device='cuda:0')
tensor(0.8609, device='cuda:0') tensor(0.1000, device='cuda:0') tensor(0.0391, device='cuda:0')
tensor(0.7984, device='cuda:0') tensor(0.1000, device='cuda:0') tensor(0.1016, device='cuda:0')
tensor(0.6266, device='cuda:0') tensor(0.1000, device='cuda:0') tensor(0.2734, device='cuda:0')
tensor(0.8844, device='cuda:0') tensor(0.1000, device='cuda:0') tensor(0.0156, device='cuda:0')
tensor(0.8766, device='cuda:0') tensor(0.1000, device='cuda:0') tensor(0.0234, device='cuda:0')
tensor(0.8219, device='cuda:0') tensor(0.1000, device='cuda:0') tensor(0.0781, device='cuda:0')
tensor(0.8062, device='cuda:0') tensor(0.1000, device='cuda:0') tensor(0.0938, device='cuda:0')
tensor(0.8609, device='cuda:0') tensor(0.1000, device='cuda:0') tensor(0.0391, device='cuda:0')
tensor(0.8766, device='cuda:0') tensor(0.1000, device='cuda:0') tensor(0.0234, device='cuda:0')
tensor(0.8531, device='cuda:0') tensor(0.1000, device='cuda:0') tensor(0.0469, device='cuda:0')
time 1.46
error 281930.03125
21 self_attn.v_proj
Quantizing ...
tensor(0.7281, device='cuda:0') tensor(0.1000, device='cuda:0') tensor(0.1719, device='cuda:0')
tensor(0.7516, device='cuda:0') tensor(0.1000, device='cuda:0') tensor(0.1484, device='cuda:0')
tensor(0.6187, device='cuda:0') tensor(0.1000, device='cuda:0') tensor(0.2812, device='cuda:0')
tensor(0.6031, device='cuda:0') tensor(0.1000, device='cuda:0') tensor(0.2969, device='cuda:0')
tensor(0.6812, device='cuda:0') tensor(0.1000, device='cuda:0') tensor(0.2188, device='cuda:0')
tensor(0.7203, device='cuda:0') tensor(0.1000, device='cuda:0') tensor(0.1797, device='cuda:0')
tensor(0.7516, device='cuda:0') tensor(0.1000, device='cuda:0') tensor(0.1484, device='cuda:0')
tensor(0.7516, device='cuda:0') tensor(0.1000, device='cuda:0') tensor(0.1484, device='cuda:0')
tensor(0.7594, device='cuda:0') tensor(0.1000, device='cuda:0') tensor(0.1406, device='cuda:0')
tensor(0.7750, device='cuda:0') tensor(0.1000, device='cuda:0') tensor(0.1250, device='cuda:0')
tensor(0.7359, device='cuda:0') tensor(0.1000, device='cuda:0') tensor(0.1641, device='cuda:0')
tensor(0.8297, device='cuda:0') tensor(0.1000, device='cuda:0') tensor(0.0703, device='cuda:0')
tensor(0.8297, device='cuda:0') tensor(0.1000, device='cuda:0') tensor(0.0703, device='cuda:0')
tensor(0.7672, device='cuda:0') tensor(0.1000, device='cuda:0') tensor(0.1328, device='cuda:0')
tensor(0.7906, device='cuda:0') tensor(0.1000, device='cuda:0') tensor(0.1094, device='cuda:0')
tensor(0.8375, device='cuda:0') tensor(0.1000, device='cuda:0') tensor(0.0625, device='cuda:0')
time 1.27
error 389813.0625
21 self_attn.q_proj
Quantizing ...
tensor(0.8219, device='cuda:0') tensor(0.1000, device='cuda:0') tensor(0.0781, device='cuda:0')
tensor(0.7047, device='cuda:0') tensor(0.1000, device='cuda:0') tensor(0.1953, device='cuda:0')
tensor(0.8531, device='cuda:0') tensor(0.1000, device='cuda:0') tensor(0.0469, device='cuda:0')
tensor(0.7828, device='cuda:0') tensor(0.1000, device='cuda:0') tensor(0.1172, device='cuda:0')
tensor(0.8766, device='cuda:0') tensor(0.1000, device='cuda:0') tensor(0.0234, device='cuda:0')
tensor(0.8297, device='cuda:0') tensor(0.1000, device='cuda:0') tensor(0.0703, device='cuda:0')
tensor(0.7125, device='cuda:0') tensor(0.1000, device='cuda:0') tensor(0.1875, device='cuda:0')
tensor(0.6344, device='cuda:0') tensor(0.1000, device='cuda:0') tensor(0.2656, device='cuda:0')
tensor(0.5641, device='cuda:0') tensor(0.1000, device='cuda:0') tensor(0.3359, device='cuda:0')
tensor(0.8687, device='cuda:0') tensor(0.1000, device='cuda:0') tensor(0.0312, device='cuda:0')
tensor(0.8766, device='cuda:0') tensor(0.1000, device='cuda:0') tensor(0.0234, device='cuda:0')
tensor(0.6344, device='cuda:0') tensor(0.1000, device='cuda:0') tensor(0.2656, device='cuda:0')
tensor(0.8453, device='cuda:0') tensor(0.1000, device='cuda:0') tensor(0.0547, device='cuda:0')
tensor(0.8609, device='cuda:0') tensor(0.1000, device='cuda:0') tensor(0.0391, device='cuda:0')
tensor(0.8766, device='cuda:0') tensor(0.1000, device='cuda:0') tensor(0.0234, device='cuda:0')
tensor(0.8375, device='cuda:0') tensor(0.1000, device='cuda:0') tensor(0.0625, device='cuda:0')
time 1.27
error 289348.3125
21 self_attn.out_proj
Quantizing ...
tensor(0.5172, device='cuda:0') tensor(0.1000, device='cuda:0') tensor(0.3828, device='cuda:0')
tensor(0.6891, device='cuda:0') tensor(0.1000, device='cuda:0') tensor(0.2109, device='cuda:0')
tensor(0.5641, device='cuda:0') tensor(0.1000, device='cuda:0') tensor(0.3359, device='cuda:0')
tensor(0.5172, device='cuda:0') tensor(0.1000, device='cuda:0') tensor(0.3828, device='cuda:0')
tensor(0.5250, device='cuda:0') tensor(0.1000, device='cuda:0') tensor(0.3750, device='cuda:0')
tensor(0.5328, device='cuda:0') tensor(0.1000, device='cuda:0') tensor(0.3672, device='cuda:0')
tensor(0.8687, device='cuda:0') tensor(0.1000, device='cuda:0') tensor(0.0312, device='cuda:0')
tensor(0.5172, device='cuda:0') tensor(0.1000, device='cuda:0') tensor(0.3828, device='cuda:0')
tensor(0.5172, device='cuda:0') tensor(0.1000, device='cuda:0') tensor(0.3828, device='cuda:0')
tensor(0.8219, device='cuda:0') tensor(0.1000, device='cuda:0') tensor(0.0781, device='cuda:0')
tensor(0.5250, device='cuda:0') tensor(0.1000, device='cuda:0') tensor(0.3750, device='cuda:0')
tensor(0.5172, device='cuda:0') tensor(0.1000, device='cuda:0') tensor(0.3828, device='cuda:0')
tensor(0.5406, device='cuda:0') tensor(0.1000, device='cuda:0') tensor(0.3594, device='cuda:0')
tensor(0.6891, device='cuda:0') tensor(0.1000, device='cuda:0') tensor(0.2109, device='cuda:0')
tensor(0.8531, device='cuda:0') tensor(0.1000, device='cuda:0') tensor(0.0469, device='cuda:0')
tensor(0.8766, device='cuda:0') tensor(0.1000, device='cuda:0') tensor(0.0234, device='cuda:0')
time 1.32
error 39376.296875
21 fc1
Quantizing ...
tensor(0.7984, device='cuda:0') tensor(0.1000, device='cuda:0') tensor(0.1016, device='cuda:0')
tensor(0.6578, device='cuda:0') tensor(0.1000, device='cuda:0') tensor(0.2422, device='cuda:0')
tensor(0.8141, device='cuda:0') tensor(0.1000, device='cuda:0') tensor(0.0859, device='cuda:0')
tensor(0.7828, device='cuda:0') tensor(0.1000, device='cuda:0') tensor(0.1172, device='cuda:0')
tensor(0.8062, device='cuda:0') tensor(0.1000, device='cuda:0') tensor(0.0938, device='cuda:0')
tensor(0.8062, device='cuda:0') tensor(0.1000, device='cuda:0') tensor(0.0938, device='cuda:0')
tensor(0.7906, device='cuda:0') tensor(0.1000, device='cuda:0') tensor(0.1094, device='cuda:0')
tensor(0.7906, device='cuda:0') tensor(0.1000, device='cuda:0') tensor(0.1094, device='cuda:0')
tensor(0.8141, device='cuda:0') tensor(0.1000, device='cuda:0') tensor(0.0859, device='cuda:0')
tensor(0.5172, device='cuda:0') tensor(0.1000, device='cuda:0') tensor(0.3828, device='cuda:0')
tensor(0.8687, device='cuda:0') tensor(0.1000, device='cuda:0') tensor(0.0312, device='cuda:0')
tensor(0.7750, device='cuda:0') tensor(0.1000, device='cuda:0') tensor(0.1250, device='cuda:0')
tensor(0.8609, device='cuda:0') tensor(0.1000, device='cuda:0') tensor(0.0391, device='cuda:0')
tensor(0.8453, device='cuda:0') tensor(0.1000, device='cuda:0') tensor(0.0547, device='cuda:0')
tensor(0.8297, device='cuda:0') tensor(0.1000, device='cuda:0') tensor(0.0703, device='cuda:0')
tensor(0.8453, device='cuda:0') tensor(0.1000, device='cuda:0') tensor(0.0547, device='cuda:0')
time 1.92
error 1248886.25
21 fc2
Quantizing ...
tensor(0.8531, device='cuda:0') tensor(0.1000, device='cuda:0') tensor(0.0469, device='cuda:0')
tensor(0.8531, device='cuda:0') tensor(0.1000, device='cuda:0') tensor(0.0469, device='cuda:0')
tensor(0.8609, device='cuda:0') tensor(0.1000, device='cuda:0') tensor(0.0391, device='cuda:0')
tensor(0.8453, device='cuda:0') tensor(0.1000, device='cuda:0') tensor(0.0547, device='cuda:0')
tensor(0.8297, device='cuda:0') tensor(0.1000, device='cuda:0') tensor(0.0703, device='cuda:0')
tensor(0.8375, device='cuda:0') tensor(0.1000, device='cuda:0') tensor(0.0625, device='cuda:0')
tensor(0.8375, device='cuda:0') tensor(0.1000, device='cuda:0') tensor(0.0625, device='cuda:0')
tensor(0.8531, device='cuda:0') tensor(0.1000, device='cuda:0') tensor(0.0469, device='cuda:0')
tensor(0.8687, device='cuda:0') tensor(0.1000, device='cuda:0') tensor(0.0312, device='cuda:0')
tensor(0.8609, device='cuda:0') tensor(0.1000, device='cuda:0') tensor(0.0391, device='cuda:0')
tensor(0.7125, device='cuda:0') tensor(0.1000, device='cuda:0') tensor(0.1875, device='cuda:0')
tensor(0.8453, device='cuda:0') tensor(0.1000, device='cuda:0') tensor(0.0547, device='cuda:0')
tensor(0.7750, device='cuda:0') tensor(0.1000, device='cuda:0') tensor(0.1250, device='cuda:0')
tensor(0.8297, device='cuda:0') tensor(0.1000, device='cuda:0') tensor(0.0703, device='cuda:0')
tensor(0.7281, device='cuda:0') tensor(0.1000, device='cuda:0') tensor(0.1719, device='cuda:0')
tensor(0.8141, device='cuda:0') tensor(0.1000, device='cuda:0') tensor(0.0859, device='cuda:0')
tensor(0.8687, device='cuda:0') tensor(0.1000, device='cuda:0') tensor(0.0312, device='cuda:0')
tensor(0.8609, device='cuda:0') tensor(0.1000, device='cuda:0') tensor(0.0391, device='cuda:0')
tensor(0.8375, device='cuda:0') tensor(0.1000, device='cuda:0') tensor(0.0625, device='cuda:0')
tensor(0.7359, device='cuda:0') tensor(0.1000, device='cuda:0') tensor(0.1641, device='cuda:0')
tensor(0.8609, device='cuda:0') tensor(0.1000, device='cuda:0') tensor(0.0391, device='cuda:0')
tensor(0.8687, device='cuda:0') tensor(0.1000, device='cuda:0') tensor(0.0312, device='cuda:0')
tensor(0.7516, device='cuda:0') tensor(0.1000, device='cuda:0') tensor(0.1484, device='cuda:0')
tensor(0.8062, device='cuda:0') tensor(0.1000, device='cuda:0') tensor(0.0938, device='cuda:0')
tensor(0.8453, device='cuda:0') tensor(0.1000, device='cuda:0') tensor(0.0547, device='cuda:0')
tensor(0.7906, device='cuda:0') tensor(0.1000, device='cuda:0') tensor(0.1094, device='cuda:0')
tensor(0.8609, device='cuda:0') tensor(0.1000, device='cuda:0') tensor(0.0391, device='cuda:0')
tensor(0.8609, device='cuda:0') tensor(0.1000, device='cuda:0') tensor(0.0391, device='cuda:0')
tensor(0.8531, device='cuda:0') tensor(0.1000, device='cuda:0') tensor(0.0469, device='cuda:0')
tensor(0.8766, device='cuda:0') tensor(0.1000, device='cuda:0') tensor(0.0234, device='cuda:0')
tensor(0.8766, device='cuda:0') tensor(0.1000, device='cuda:0') tensor(0.0234, device='cuda:0')
tensor(0.8453, device='cuda:0') tensor(0.1000, device='cuda:0') tensor(0.0547, device='cuda:0')
tensor(0.8531, device='cuda:0') tensor(0.1000, device='cuda:0') tensor(0.0469, device='cuda:0')
tensor(0.8297, device='cuda:0') tensor(0.1000, device='cuda:0') tensor(0.0703, device='cuda:0')
tensor(0.8687, device='cuda:0') tensor(0.1000, device='cuda:0') tensor(0.0312, device='cuda:0')
tensor(0.8687, device='cuda:0') tensor(0.1000, device='cuda:0') tensor(0.0312, device='cuda:0')
tensor(0.8219, device='cuda:0') tensor(0.1000, device='cuda:0') tensor(0.0781, device='cuda:0')
tensor(0.8219, device='cuda:0') tensor(0.1000, device='cuda:0') tensor(0.0781, device='cuda:0')
tensor(0.8609, device='cuda:0') tensor(0.1000, device='cuda:0') tensor(0.0391, device='cuda:0')
tensor(0.8687, device='cuda:0') tensor(0.1000, device='cuda:0') tensor(0.0312, device='cuda:0')
tensor(0.8609, device='cuda:0') tensor(0.1000, device='cuda:0') tensor(0.0391, device='cuda:0')
tensor(0.8687, device='cuda:0') tensor(0.1000, device='cuda:0') tensor(0.0312, device='cuda:0')
tensor(0.8609, device='cuda:0') tensor(0.1000, device='cuda:0') tensor(0.0391, device='cuda:0')
tensor(0.8687, device='cuda:0') tensor(0.1000, device='cuda:0') tensor(0.0312, device='cuda:0')
tensor(0.7437, device='cuda:0') tensor(0.1000, device='cuda:0') tensor(0.1562, device='cuda:0')
tensor(0.8687, device='cuda:0') tensor(0.1000, device='cuda:0') tensor(0.0312, device='cuda:0')
tensor(0.8609, device='cuda:0') tensor(0.1000, device='cuda:0') tensor(0.0391, device='cuda:0')
tensor(0.8219, device='cuda:0') tensor(0.1000, device='cuda:0') tensor(0.0781, device='cuda:0')
tensor(0.8219, device='cuda:0') tensor(0.1000, device='cuda:0') tensor(0.0781, device='cuda:0')
tensor(0.8687, device='cuda:0') tensor(0.1000, device='cuda:0') tensor(0.0312, device='cuda:0')
tensor(0.8609, device='cuda:0') tensor(0.1000, device='cuda:0') tensor(0.0391, device='cuda:0')
tensor(0.8687, device='cuda:0') tensor(0.1000, device='cuda:0') tensor(0.0312, device='cuda:0')
tensor(0.8219, device='cuda:0') tensor(0.1000, device='cuda:0') tensor(0.0781, device='cuda:0')
tensor(0.8297, device='cuda:0') tensor(0.1000, device='cuda:0') tensor(0.0703, device='cuda:0')
tensor(0.8609, device='cuda:0') tensor(0.1000, device='cuda:0') tensor(0.0391, device='cuda:0')
tensor(0.8297, device='cuda:0') tensor(0.1000, device='cuda:0') tensor(0.0703, device='cuda:0')
tensor(0.8375, device='cuda:0') tensor(0.1000, device='cuda:0') tensor(0.0625, device='cuda:0')
tensor(0.8766, device='cuda:0') tensor(0.1000, device='cuda:0') tensor(0.0234, device='cuda:0')
tensor(0.8531, device='cuda:0') tensor(0.1000, device='cuda:0') tensor(0.0469, device='cuda:0')
tensor(0.8609, device='cuda:0') tensor(0.1000, device='cuda:0') tensor(0.0391, device='cuda:0')
tensor(0.8531, device='cuda:0') tensor(0.1000, device='cuda:0') tensor(0.0469, device='cuda:0')
tensor(0.8766, device='cuda:0') tensor(0.1000, device='cuda:0') tensor(0.0234, device='cuda:0')
tensor(0.8766, device='cuda:0') tensor(0.1000, device='cuda:0') tensor(0.0234, device='cuda:0')
tensor(0.8766, device='cuda:0') tensor(0.1000, device='cuda:0') tensor(0.0234, device='cuda:0')
time 5.56
error 79797.8359375
22 self_attn.k_proj
Quantizing ...
tensor(0.6109, device='cuda:0') tensor(0.1000, device='cuda:0') tensor(0.2891, device='cuda:0')
tensor(0.8766, device='cuda:0') tensor(0.1000, device='cuda:0') tensor(0.0234, device='cuda:0')
tensor(0.8609, device='cuda:0') tensor(0.1000, device='cuda:0') tensor(0.0391, device='cuda:0')
tensor(0.7203, device='cuda:0') tensor(0.1000, device='cuda:0') tensor(0.1797, device='cuda:0')
tensor(0.8766, device='cuda:0') tensor(0.1000, device='cuda:0') tensor(0.0234, device='cuda:0')
tensor(0.8766, device='cuda:0') tensor(0.1000, device='cuda:0') tensor(0.0234, device='cuda:0')
tensor(0.8531, device='cuda:0') tensor(0.1000, device='cuda:0') tensor(0.0469, device='cuda:0')
tensor(0.5641, device='cuda:0') tensor(0.1000, device='cuda:0') tensor(0.3359, device='cuda:0')
tensor(0.5797, device='cuda:0') tensor(0.1000, device='cuda:0') tensor(0.3203, device='cuda:0')
tensor(0.8844, device='cuda:0') tensor(0.1000, device='cuda:0') tensor(0.0156, device='cuda:0')
tensor(0.8744, device='cuda:0') tensor(0.1100, device='cuda:0') tensor(0.0156, device='cuda:0')
tensor(0.7281, device='cuda:0') tensor(0.1000, device='cuda:0') tensor(0.1719, device='cuda:0')
tensor(0.6500, device='cuda:0') tensor(0.1000, device='cuda:0') tensor(0.2500, device='cuda:0')
tensor(0.8453, device='cuda:0') tensor(0.1000, device='cuda:0') tensor(0.0547, device='cuda:0')
tensor(0.8766, device='cuda:0') tensor(0.1000, device='cuda:0') tensor(0.0234, device='cuda:0')
tensor(0.8609, device='cuda:0') tensor(0.1000, device='cuda:0') tensor(0.0391, device='cuda:0')
time 1.47
error 298340.71875
22 self_attn.v_proj
Quantizing ...
tensor(0.6109, device='cuda:0') tensor(0.1000, device='cuda:0') tensor(0.2891, device='cuda:0')
tensor(0.6891, device='cuda:0') tensor(0.1000, device='cuda:0') tensor(0.2109, device='cuda:0')
tensor(0.7047, device='cuda:0') tensor(0.1000, device='cuda:0') tensor(0.1953, device='cuda:0')
tensor(0.6578, device='cuda:0') tensor(0.1000, device='cuda:0') tensor(0.2422, device='cuda:0')
tensor(0.6187, device='cuda:0') tensor(0.1000, device='cuda:0') tensor(0.2812, device='cuda:0')
tensor(0.5562, device='cuda:0') tensor(0.1000, device='cuda:0') tensor(0.3438, device='cuda:0')
tensor(0.5562, device='cuda:0') tensor(0.1000, device='cuda:0') tensor(0.3438, device='cuda:0')
tensor(0.7516, device='cuda:0') tensor(0.1000, device='cuda:0') tensor(0.1484, device='cuda:0')
tensor(0.6656, device='cuda:0') tensor(0.1000, device='cuda:0') tensor(0.2344, device='cuda:0')
tensor(0.5562, device='cuda:0') tensor(0.1000, device='cuda:0') tensor(0.3438, device='cuda:0')
tensor(0.5562, device='cuda:0') tensor(0.1000, device='cuda:0') tensor(0.3438, device='cuda:0')
tensor(0.6031, device='cuda:0') tensor(0.1000, device='cuda:0') tensor(0.2969, device='cuda:0')
tensor(0.6266, device='cuda:0') tensor(0.1000, device='cuda:0') tensor(0.2734, device='cuda:0')
tensor(0.8062, device='cuda:0') tensor(0.1000, device='cuda:0') tensor(0.0938, device='cuda:0')
tensor(0.7750, device='cuda:0') tensor(0.1000, device='cuda:0') tensor(0.1250, device='cuda:0')
tensor(0.8375, device='cuda:0') tensor(0.1000, device='cuda:0') tensor(0.0625, device='cuda:0')
time 1.29
error 347511.09375
22 self_attn.q_proj
Quantizing ...
tensor(0.8375, device='cuda:0') tensor(0.1000, device='cuda:0') tensor(0.0625, device='cuda:0')
tensor(0.7125, device='cuda:0') tensor(0.1000, device='cuda:0') tensor(0.1875, device='cuda:0')
tensor(0.7828, device='cuda:0') tensor(0.1000, device='cuda:0') tensor(0.1172, device='cuda:0')
tensor(0.8219, device='cuda:0') tensor(0.1000, device='cuda:0') tensor(0.0781, device='cuda:0')
tensor(0.8687, device='cuda:0') tensor(0.1000, device='cuda:0') tensor(0.0312, device='cuda:0')
tensor(0.7437, device='cuda:0') tensor(0.1000, device='cuda:0') tensor(0.1562, device='cuda:0')
tensor(0.6734, device='cuda:0') tensor(0.1000, device='cuda:0') tensor(0.2266, device='cuda:0')
tensor(0.8297, device='cuda:0') tensor(0.1000, device='cuda:0') tensor(0.0703, device='cuda:0')
tensor(0.7906, device='cuda:0') tensor(0.1000, device='cuda:0') tensor(0.1094, device='cuda:0')
tensor(0.8687, device='cuda:0') tensor(0.1000, device='cuda:0') tensor(0.0312, device='cuda:0')
tensor(0.8766, device='cuda:0') tensor(0.1000, device='cuda:0') tensor(0.0234, device='cuda:0')
tensor(0.6031, device='cuda:0') tensor(0.1000, device='cuda:0') tensor(0.2969, device='cuda:0')
tensor(0.8453, device='cuda:0') tensor(0.1000, device='cuda:0') tensor(0.0547, device='cuda:0')
tensor(0.8453, device='cuda:0') tensor(0.1000, device='cuda:0') tensor(0.0547, device='cuda:0')
tensor(0.8766, device='cuda:0') tensor(0.1000, device='cuda:0') tensor(0.0234, device='cuda:0')
tensor(0.8531, device='cuda:0') tensor(0.1000, device='cuda:0') tensor(0.0469, device='cuda:0')
time 1.35
error 310212.9375
22 self_attn.out_proj
Quantizing ...
tensor(0.8687, device='cuda:0') tensor(0.1000, device='cuda:0') tensor(0.0312, device='cuda:0')
tensor(0.8375, device='cuda:0') tensor(0.1000, device='cuda:0') tensor(0.0625, device='cuda:0')
tensor(0.7984, device='cuda:0') tensor(0.1000, device='cuda:0') tensor(0.1016, device='cuda:0')
tensor(0.7906, device='cuda:0') tensor(0.1000, device='cuda:0') tensor(0.1094, device='cuda:0')
tensor(0.5172, device='cuda:0') tensor(0.1000, device='cuda:0') tensor(0.3828, device='cuda:0')
tensor(0.7906, device='cuda:0') tensor(0.1000, device='cuda:0') tensor(0.1094, device='cuda:0')
tensor(0.5250, device='cuda:0') tensor(0.1000, device='cuda:0') tensor(0.3750, device='cuda:0')
tensor(0.8375, device='cuda:0') tensor(0.1000, device='cuda:0') tensor(0.0625, device='cuda:0')
tensor(0.7828, device='cuda:0') tensor(0.1000, device='cuda:0') tensor(0.1172, device='cuda:0')
tensor(0.8375, device='cuda:0') tensor(0.1000, device='cuda:0') tensor(0.0625, device='cuda:0')
tensor(0.5172, device='cuda:0') tensor(0.1000, device='cuda:0') tensor(0.3828, device='cuda:0')
tensor(0.7281, device='cuda:0') tensor(0.1000, device='cuda:0') tensor(0.1719, device='cuda:0')
tensor(0.6656, device='cuda:0') tensor(0.1000, device='cuda:0') tensor(0.2344, device='cuda:0')
tensor(0.8687, device='cuda:0') tensor(0.1000, device='cuda:0') tensor(0.0312, device='cuda:0')
tensor(0.6969, device='cuda:0') tensor(0.1000, device='cuda:0') tensor(0.2031, device='cuda:0')
tensor(0.8609, device='cuda:0') tensor(0.1000, device='cuda:0') tensor(0.0391, device='cuda:0')
time 1.26
error 35140.5234375
22 fc1
Quantizing ...
tensor(0.6812, device='cuda:0') tensor(0.1000, device='cuda:0') tensor(0.2188, device='cuda:0')
tensor(0.7516, device='cuda:0') tensor(0.1000, device='cuda:0') tensor(0.1484, device='cuda:0')
tensor(0.8375, device='cuda:0') tensor(0.1000, device='cuda:0') tensor(0.0625, device='cuda:0')
tensor(0.7672, device='cuda:0') tensor(0.1000, device='cuda:0') tensor(0.1328, device='cuda:0')
tensor(0.8141, device='cuda:0') tensor(0.1000, device='cuda:0') tensor(0.0859, device='cuda:0')
tensor(0.7750, device='cuda:0') tensor(0.1000, device='cuda:0') tensor(0.1250, device='cuda:0')
tensor(0.7125, device='cuda:0') tensor(0.1000, device='cuda:0') tensor(0.1875, device='cuda:0')
tensor(0.7437, device='cuda:0') tensor(0.1000, device='cuda:0') tensor(0.1562, device='cuda:0')
tensor(0.7984, device='cuda:0') tensor(0.1000, device='cuda:0') tensor(0.1016, device='cuda:0')
tensor(0.8141, device='cuda:0') tensor(0.1000, device='cuda:0') tensor(0.0859, device='cuda:0')
tensor(0.8766, device='cuda:0') tensor(0.1000, device='cuda:0') tensor(0.0234, device='cuda:0')
tensor(0.6969, device='cuda:0') tensor(0.1000, device='cuda:0') tensor(0.2031, device='cuda:0')
tensor(0.8687, device='cuda:0') tensor(0.1000, device='cuda:0') tensor(0.0312, device='cuda:0')
tensor(0.8375, device='cuda:0') tensor(0.1000, device='cuda:0') tensor(0.0625, device='cuda:0')
tensor(0.8141, device='cuda:0') tensor(0.1000, device='cuda:0') tensor(0.0859, device='cuda:0')
tensor(0.8531, device='cuda:0') tensor(0.1000, device='cuda:0') tensor(0.0469, device='cuda:0')
time 1.70
error 1046011.875
22 fc2
Quantizing ...
tensor(0.7828, device='cuda:0') tensor(0.1000, device='cuda:0') tensor(0.1172, device='cuda:0')
tensor(0.7984, device='cuda:0') tensor(0.1000, device='cuda:0') tensor(0.1016, device='cuda:0')
tensor(0.8453, device='cuda:0') tensor(0.1000, device='cuda:0') tensor(0.0547, device='cuda:0')
tensor(0.8687, device='cuda:0') tensor(0.1000, device='cuda:0') tensor(0.0312, device='cuda:0')
tensor(0.8453, device='cuda:0') tensor(0.1000, device='cuda:0') tensor(0.0547, device='cuda:0')
tensor(0.8453, device='cuda:0') tensor(0.1000, device='cuda:0') tensor(0.0547, device='cuda:0')
tensor(0.8766, device='cuda:0') tensor(0.1000, device='cuda:0') tensor(0.0234, device='cuda:0')
tensor(0.8531, device='cuda:0') tensor(0.1000, device='cuda:0') tensor(0.0469, device='cuda:0')
tensor(0.7359, device='cuda:0') tensor(0.1000, device='cuda:0') tensor(0.1641, device='cuda:0')
tensor(0.7359, device='cuda:0') tensor(0.1000, device='cuda:0') tensor(0.1641, device='cuda:0')
tensor(0.8531, device='cuda:0') tensor(0.1000, device='cuda:0') tensor(0.0469, device='cuda:0')
tensor(0.8453, device='cuda:0') tensor(0.1000, device='cuda:0') tensor(0.0547, device='cuda:0')
tensor(0.8766, device='cuda:0') tensor(0.1000, device='cuda:0') tensor(0.0234, device='cuda:0')
tensor(0.8687, device='cuda:0') tensor(0.1000, device='cuda:0') tensor(0.0312, device='cuda:0')
tensor(0.8531, device='cuda:0') tensor(0.1000, device='cuda:0') tensor(0.0469, device='cuda:0')
tensor(0.8531, device='cuda:0') tensor(0.1000, device='cuda:0') tensor(0.0469, device='cuda:0')
tensor(0.7906, device='cuda:0') tensor(0.1000, device='cuda:0') tensor(0.1094, device='cuda:0')
tensor(0.8766, device='cuda:0') tensor(0.1000, device='cuda:0') tensor(0.0234, device='cuda:0')
tensor(0.8844, device='cuda:0') tensor(0.1000, device='cuda:0') tensor(0.0156, device='cuda:0')
tensor(0.8609, device='cuda:0') tensor(0.1000, device='cuda:0') tensor(0.0391, device='cuda:0')
tensor(0.8297, device='cuda:0') tensor(0.1000, device='cuda:0') tensor(0.0703, device='cuda:0')
tensor(0.8766, device='cuda:0') tensor(0.1000, device='cuda:0') tensor(0.0234, device='cuda:0')
tensor(0.8453, device='cuda:0') tensor(0.1000, device='cuda:0') tensor(0.0547, device='cuda:0')
tensor(0.7594, device='cuda:0') tensor(0.1000, device='cuda:0') tensor(0.1406, device='cuda:0')
tensor(0.8766, device='cuda:0') tensor(0.1000, device='cuda:0') tensor(0.0234, device='cuda:0')
tensor(0.8375, device='cuda:0') tensor(0.1000, device='cuda:0') tensor(0.0625, device='cuda:0')
tensor(0.8297, device='cuda:0') tensor(0.1000, device='cuda:0') tensor(0.0703, device='cuda:0')
tensor(0.8609, device='cuda:0') tensor(0.1000, device='cuda:0') tensor(0.0391, device='cuda:0')
tensor(0.8687, device='cuda:0') tensor(0.1000, device='cuda:0') tensor(0.0312, device='cuda:0')
tensor(0.8687, device='cuda:0') tensor(0.1000, device='cuda:0') tensor(0.0312, device='cuda:0')
tensor(0.8687, device='cuda:0') tensor(0.1000, device='cuda:0') tensor(0.0312, device='cuda:0')
tensor(0.7906, device='cuda:0') tensor(0.1000, device='cuda:0') tensor(0.1094, device='cuda:0')
tensor(0.8687, device='cuda:0') tensor(0.1000, device='cuda:0') tensor(0.0312, device='cuda:0')
tensor(0.6891, device='cuda:0') tensor(0.1000, device='cuda:0') tensor(0.2109, device='cuda:0')
tensor(0.8766, device='cuda:0') tensor(0.1000, device='cuda:0') tensor(0.0234, device='cuda:0')
tensor(0.8297, device='cuda:0') tensor(0.1000, device='cuda:0') tensor(0.0703, device='cuda:0')
tensor(0.8609, device='cuda:0') tensor(0.1000, device='cuda:0') tensor(0.0391, device='cuda:0')
tensor(0.8375, device='cuda:0') tensor(0.1000, device='cuda:0') tensor(0.0625, device='cuda:0')
tensor(0.8219, device='cuda:0') tensor(0.1000, device='cuda:0') tensor(0.0781, device='cuda:0')
tensor(0.8453, device='cuda:0') tensor(0.1000, device='cuda:0') tensor(0.0547, device='cuda:0')
tensor(0.8531, device='cuda:0') tensor(0.1000, device='cuda:0') tensor(0.0469, device='cuda:0')
tensor(0.8297, device='cuda:0') tensor(0.1000, device='cuda:0') tensor(0.0703, device='cuda:0')
tensor(0.8766, device='cuda:0') tensor(0.1000, device='cuda:0') tensor(0.0234, device='cuda:0')
tensor(0.7594, device='cuda:0') tensor(0.1000, device='cuda:0') tensor(0.1406, device='cuda:0')
tensor(0.7594, device='cuda:0') tensor(0.1000, device='cuda:0') tensor(0.1406, device='cuda:0')
tensor(0.7594, device='cuda:0') tensor(0.1000, device='cuda:0') tensor(0.1406, device='cuda:0')
tensor(0.8375, device='cuda:0') tensor(0.1000, device='cuda:0') tensor(0.0625, device='cuda:0')
tensor(0.7750, device='cuda:0') tensor(0.1000, device='cuda:0') tensor(0.1250, device='cuda:0')
tensor(0.8453, device='cuda:0') tensor(0.1000, device='cuda:0') tensor(0.0547, device='cuda:0')
tensor(0.8531, device='cuda:0') tensor(0.1000, device='cuda:0') tensor(0.0469, device='cuda:0')
tensor(0.8687, device='cuda:0') tensor(0.1000, device='cuda:0') tensor(0.0312, device='cuda:0')
tensor(0.8531, device='cuda:0') tensor(0.1000, device='cuda:0') tensor(0.0469, device='cuda:0')
tensor(0.8375, device='cuda:0') tensor(0.1000, device='cuda:0') tensor(0.0625, device='cuda:0')
tensor(0.8062, device='cuda:0') tensor(0.1000, device='cuda:0') tensor(0.0938, device='cuda:0')
tensor(0.8609, device='cuda:0') tensor(0.1000, device='cuda:0') tensor(0.0391, device='cuda:0')
tensor(0.8687, device='cuda:0') tensor(0.1000, device='cuda:0') tensor(0.0312, device='cuda:0')
tensor(0.7984, device='cuda:0') tensor(0.1000, device='cuda:0') tensor(0.1016, device='cuda:0')
tensor(0.8609, device='cuda:0') tensor(0.1000, device='cuda:0') tensor(0.0391, device='cuda:0')
tensor(0.8609, device='cuda:0') tensor(0.1000, device='cuda:0') tensor(0.0391, device='cuda:0')
tensor(0.8453, device='cuda:0') tensor(0.1000, device='cuda:0') tensor(0.0547, device='cuda:0')
tensor(0.8687, device='cuda:0') tensor(0.1000, device='cuda:0') tensor(0.0312, device='cuda:0')
tensor(0.8687, device='cuda:0') tensor(0.1000, device='cuda:0') tensor(0.0312, device='cuda:0')
tensor(0.8609, device='cuda:0') tensor(0.1000, device='cuda:0') tensor(0.0391, device='cuda:0')
tensor(0.7906, device='cuda:0') tensor(0.1000, device='cuda:0') tensor(0.1094, device='cuda:0')
time 5.17
error 85189.828125
23 self_attn.k_proj
Quantizing ...
tensor(0.8175, device='cuda:0') tensor(0.1200, device='cuda:0') tensor(0.0625, device='cuda:0')
tensor(0.8466, device='cuda:0') tensor(0.1300, device='cuda:0') tensor(0.0234, device='cuda:0')
tensor(0.8231, device='cuda:0') tensor(0.1300, device='cuda:0') tensor(0.0469, device='cuda:0')
tensor(0.7259, device='cuda:0') tensor(0.1100, device='cuda:0') tensor(0.1641, device='cuda:0')
tensor(0.8566, device='cuda:0') tensor(0.1200, device='cuda:0') tensor(0.0234, device='cuda:0')
tensor(0.8566, device='cuda:0') tensor(0.1200, device='cuda:0') tensor(0.0234, device='cuda:0')
tensor(0.8409, device='cuda:0') tensor(0.1200, device='cuda:0') tensor(0.0391, device='cuda:0')
tensor(0.7337, device='cuda:0') tensor(0.1100, device='cuda:0') tensor(0.1562, device='cuda:0')
tensor(0.6344, device='cuda:0') tensor(0.1000, device='cuda:0') tensor(0.2656, device='cuda:0')
tensor(0.8566, device='cuda:0') tensor(0.1200, device='cuda:0') tensor(0.0234, device='cuda:0')
tensor(0.8566, device='cuda:0') tensor(0.1200, device='cuda:0') tensor(0.0234, device='cuda:0')
tensor(0.6578, device='cuda:0') tensor(0.1000, device='cuda:0') tensor(0.2422, device='cuda:0')
tensor(0.8487, device='cuda:0') tensor(0.1200, device='cuda:0') tensor(0.0312, device='cuda:0')
tensor(0.8175, device='cuda:0') tensor(0.1200, device='cuda:0') tensor(0.0625, device='cuda:0')
tensor(0.8409, device='cuda:0') tensor(0.1200, device='cuda:0') tensor(0.0391, device='cuda:0')
tensor(0.8509, device='cuda:0') tensor(0.1100, device='cuda:0') tensor(0.0391, device='cuda:0')
time 1.46
error 134568.90625
23 self_attn.v_proj
Quantizing ...
tensor(0.5250, device='cuda:0') tensor(0.1000, device='cuda:0') tensor(0.3750, device='cuda:0')
tensor(0.6187, device='cuda:0') tensor(0.1000, device='cuda:0') tensor(0.2812, device='cuda:0')
tensor(0.6656, device='cuda:0') tensor(0.1000, device='cuda:0') tensor(0.2344, device='cuda:0')
tensor(0.6812, device='cuda:0') tensor(0.1000, device='cuda:0') tensor(0.2188, device='cuda:0')
tensor(0.6969, device='cuda:0') tensor(0.1000, device='cuda:0') tensor(0.2031, device='cuda:0')
tensor(0.5719, device='cuda:0') tensor(0.1000, device='cuda:0') tensor(0.3281, device='cuda:0')
tensor(0.6031, device='cuda:0') tensor(0.1000, device='cuda:0') tensor(0.2969, device='cuda:0')
tensor(0.6109, device='cuda:0') tensor(0.1000, device='cuda:0') tensor(0.2891, device='cuda:0')
tensor(0.6109, device='cuda:0') tensor(0.1000, device='cuda:0') tensor(0.2891, device='cuda:0')
tensor(0.5172, device='cuda:0') tensor(0.1000, device='cuda:0') tensor(0.3828, device='cuda:0')
tensor(0.8766, device='cuda:0') tensor(0.1000, device='cuda:0') tensor(0.0234, device='cuda:0')
tensor(0.6031, device='cuda:0') tensor(0.1000, device='cuda:0') tensor(0.2969, device='cuda:0')
tensor(0.7125, device='cuda:0') tensor(0.1000, device='cuda:0') tensor(0.1875, device='cuda:0')
tensor(0.5172, device='cuda:0') tensor(0.1000, device='cuda:0') tensor(0.3828, device='cuda:0')
tensor(0.7281, device='cuda:0') tensor(0.1000, device='cuda:0') tensor(0.1719, device='cuda:0')
tensor(0.8375, device='cuda:0') tensor(0.1000, device='cuda:0') tensor(0.0625, device='cuda:0')
time 1.26
error 183886.96875
23 self_attn.q_proj
Quantizing ...
tensor(0.5562, device='cuda:0') tensor(0.1000, device='cuda:0') tensor(0.3438, device='cuda:0')
tensor(0.6266, device='cuda:0') tensor(0.1000, device='cuda:0') tensor(0.2734, device='cuda:0')
tensor(0.8587, device='cuda:0') tensor(0.1100, device='cuda:0') tensor(0.0312, device='cuda:0')
tensor(0.8509, device='cuda:0') tensor(0.1100, device='cuda:0') tensor(0.0391, device='cuda:0')
tensor(0.8275, device='cuda:0') tensor(0.1100, device='cuda:0') tensor(0.0625, device='cuda:0')
tensor(0.8509, device='cuda:0') tensor(0.1100, device='cuda:0') tensor(0.0391, device='cuda:0')
tensor(0.5641, device='cuda:0') tensor(0.1000, device='cuda:0') tensor(0.3359, device='cuda:0')
tensor(0.7125, device='cuda:0') tensor(0.1000, device='cuda:0') tensor(0.1875, device='cuda:0')
tensor(0.8019, device='cuda:0') tensor(0.1200, device='cuda:0') tensor(0.0781, device='cuda:0')
tensor(0.8687, device='cuda:0') tensor(0.1000, device='cuda:0') tensor(0.0312, device='cuda:0')
tensor(0.8766, device='cuda:0') tensor(0.1000, device='cuda:0') tensor(0.0234, device='cuda:0')
tensor(0.8019, device='cuda:0') tensor(0.1200, device='cuda:0') tensor(0.0781, device='cuda:0')
tensor(0.8766, device='cuda:0') tensor(0.1000, device='cuda:0') tensor(0.0234, device='cuda:0')
tensor(0.8509, device='cuda:0') tensor(0.1100, device='cuda:0') tensor(0.0391, device='cuda:0')
tensor(0.8119, device='cuda:0') tensor(0.1100, device='cuda:0') tensor(0.0781, device='cuda:0')
tensor(0.8609, device='cuda:0') tensor(0.1000, device='cuda:0') tensor(0.0391, device='cuda:0')
time 1.28
error 1241278.0
23 self_attn.out_proj
Quantizing ...
tensor(0.5328, device='cuda:0') tensor(0.1000, device='cuda:0') tensor(0.3672, device='cuda:0')
tensor(0.5172, device='cuda:0') tensor(0.1000, device='cuda:0') tensor(0.3828, device='cuda:0')
tensor(0.6734, device='cuda:0') tensor(0.1000, device='cuda:0') tensor(0.2266, device='cuda:0')
tensor(0.5172, device='cuda:0') tensor(0.1000, device='cuda:0') tensor(0.3828, device='cuda:0')
tensor(0.6344, device='cuda:0') tensor(0.1000, device='cuda:0') tensor(0.2656, device='cuda:0')
tensor(0.8453, device='cuda:0') tensor(0.1000, device='cuda:0') tensor(0.0547, device='cuda:0')
tensor(0.5406, device='cuda:0') tensor(0.1000, device='cuda:0') tensor(0.3594, device='cuda:0')
tensor(0.8531, device='cuda:0') tensor(0.1000, device='cuda:0') tensor(0.0469, device='cuda:0')
tensor(0.8219, device='cuda:0') tensor(0.1000, device='cuda:0') tensor(0.0781, device='cuda:0')
tensor(0.8609, device='cuda:0') tensor(0.1000, device='cuda:0') tensor(0.0391, device='cuda:0')
tensor(0.5484, device='cuda:0') tensor(0.1000, device='cuda:0') tensor(0.3516, device='cuda:0')
tensor(0.5172, device='cuda:0') tensor(0.1000, device='cuda:0') tensor(0.3828, device='cuda:0')
tensor(0.8141, device='cuda:0') tensor(0.1000, device='cuda:0') tensor(0.0859, device='cuda:0')
tensor(0.8375, device='cuda:0') tensor(0.1000, device='cuda:0') tensor(0.0625, device='cuda:0')
tensor(0.5484, device='cuda:0') tensor(0.1000, device='cuda:0') tensor(0.3516, device='cuda:0')
tensor(0.8609, device='cuda:0') tensor(0.1000, device='cuda:0') tensor(0.0391, device='cuda:0')
time 1.27
error 24009.01953125
23 fc1
Quantizing ...
tensor(0.7984, device='cuda:0') tensor(0.1000, device='cuda:0') tensor(0.1016, device='cuda:0')
tensor(0.5641, device='cuda:0') tensor(0.1000, device='cuda:0') tensor(0.3359, device='cuda:0')
tensor(0.8375, device='cuda:0') tensor(0.1000, device='cuda:0') tensor(0.0625, device='cuda:0')
tensor(0.7906, device='cuda:0') tensor(0.1000, device='cuda:0') tensor(0.1094, device='cuda:0')
tensor(0.8062, device='cuda:0') tensor(0.1000, device='cuda:0') tensor(0.0938, device='cuda:0')
tensor(0.8297, device='cuda:0') tensor(0.1000, device='cuda:0') tensor(0.0703, device='cuda:0')
tensor(0.8141, device='cuda:0') tensor(0.1000, device='cuda:0') tensor(0.0859, device='cuda:0')
tensor(0.8219, device='cuda:0') tensor(0.1000, device='cuda:0') tensor(0.0781, device='cuda:0')
tensor(0.7906, device='cuda:0') tensor(0.1000, device='cuda:0') tensor(0.1094, device='cuda:0')
tensor(0.5172, device='cuda:0') tensor(0.1000, device='cuda:0') tensor(0.3828, device='cuda:0')
tensor(0.8766, device='cuda:0') tensor(0.1000, device='cuda:0') tensor(0.0234, device='cuda:0')
tensor(0.7281, device='cuda:0') tensor(0.1000, device='cuda:0') tensor(0.1719, device='cuda:0')
tensor(0.8766, device='cuda:0') tensor(0.1000, device='cuda:0') tensor(0.0234, device='cuda:0')
tensor(0.8375, device='cuda:0') tensor(0.1000, device='cuda:0') tensor(0.0625, device='cuda:0')
tensor(0.8141, device='cuda:0') tensor(0.1000, device='cuda:0') tensor(0.0859, device='cuda:0')
tensor(0.8609, device='cuda:0') tensor(0.1000, device='cuda:0') tensor(0.0391, device='cuda:0')
time 1.80
error 873740.375
23 fc2
Quantizing ...
tensor(0.8687, device='cuda:0') tensor(0.1000, device='cuda:0') tensor(0.0312, device='cuda:0')
tensor(0.8844, device='cuda:0') tensor(0.1000, device='cuda:0') tensor(0.0156, device='cuda:0')
tensor(0.8766, device='cuda:0') tensor(0.1000, device='cuda:0') tensor(0.0234, device='cuda:0')
tensor(0.8687, device='cuda:0') tensor(0.1000, device='cuda:0') tensor(0.0312, device='cuda:0')
tensor(0.7984, device='cuda:0') tensor(0.1000, device='cuda:0') tensor(0.1016, device='cuda:0')
tensor(0.8062, device='cuda:0') tensor(0.1000, device='cuda:0') tensor(0.0938, device='cuda:0')
tensor(0.8062, device='cuda:0') tensor(0.1000, device='cuda:0') tensor(0.0938, device='cuda:0')
tensor(0.8609, device='cuda:0') tensor(0.1000, device='cuda:0') tensor(0.0391, device='cuda:0')
tensor(0.8609, device='cuda:0') tensor(0.1000, device='cuda:0') tensor(0.0391, device='cuda:0')
tensor(0.8531, device='cuda:0') tensor(0.1000, device='cuda:0') tensor(0.0469, device='cuda:0')
tensor(0.8531, device='cuda:0') tensor(0.1000, device='cuda:0') tensor(0.0469, device='cuda:0')
tensor(0.8531, device='cuda:0') tensor(0.1000, device='cuda:0') tensor(0.0469, device='cuda:0')
tensor(0.8141, device='cuda:0') tensor(0.1000, device='cuda:0') tensor(0.0859, device='cuda:0')
tensor(0.8219, device='cuda:0') tensor(0.1000, device='cuda:0') tensor(0.0781, device='cuda:0')
tensor(0.8687, device='cuda:0') tensor(0.1000, device='cuda:0') tensor(0.0312, device='cuda:0')
tensor(0.7750, device='cuda:0') tensor(0.1000, device='cuda:0') tensor(0.1250, device='cuda:0')
tensor(0.8687, device='cuda:0') tensor(0.1000, device='cuda:0') tensor(0.0312, device='cuda:0')
tensor(0.8297, device='cuda:0') tensor(0.1000, device='cuda:0') tensor(0.0703, device='cuda:0')
tensor(0.8609, device='cuda:0') tensor(0.1000, device='cuda:0') tensor(0.0391, device='cuda:0')
tensor(0.8062, device='cuda:0') tensor(0.1000, device='cuda:0') tensor(0.0938, device='cuda:0')
tensor(0.8453, device='cuda:0') tensor(0.1000, device='cuda:0') tensor(0.0547, device='cuda:0')
tensor(0.7984, device='cuda:0') tensor(0.1000, device='cuda:0') tensor(0.1016, device='cuda:0')
tensor(0.8687, device='cuda:0') tensor(0.1000, device='cuda:0') tensor(0.0312, device='cuda:0')
tensor(0.8609, device='cuda:0') tensor(0.1000, device='cuda:0') tensor(0.0391, device='cuda:0')
tensor(0.8609, device='cuda:0') tensor(0.1000, device='cuda:0') tensor(0.0391, device='cuda:0')
tensor(0.8375, device='cuda:0') tensor(0.1000, device='cuda:0') tensor(0.0625, device='cuda:0')
tensor(0.7906, device='cuda:0') tensor(0.1000, device='cuda:0') tensor(0.1094, device='cuda:0')
tensor(0.8141, device='cuda:0') tensor(0.1000, device='cuda:0') tensor(0.0859, device='cuda:0')
tensor(0.8687, device='cuda:0') tensor(0.1000, device='cuda:0') tensor(0.0312, device='cuda:0')
tensor(0.8766, device='cuda:0') tensor(0.1000, device='cuda:0') tensor(0.0234, device='cuda:0')
tensor(0.8609, device='cuda:0') tensor(0.1000, device='cuda:0') tensor(0.0391, device='cuda:0')
tensor(0.8687, device='cuda:0') tensor(0.1000, device='cuda:0') tensor(0.0312, device='cuda:0')
tensor(0.8766, device='cuda:0') tensor(0.1000, device='cuda:0') tensor(0.0234, device='cuda:0')
tensor(0.8609, device='cuda:0') tensor(0.1000, device='cuda:0') tensor(0.0391, device='cuda:0')
tensor(0.8687, device='cuda:0') tensor(0.1000, device='cuda:0') tensor(0.0312, device='cuda:0')
tensor(0.8531, device='cuda:0') tensor(0.1000, device='cuda:0') tensor(0.0469, device='cuda:0')
tensor(0.8687, device='cuda:0') tensor(0.1000, device='cuda:0') tensor(0.0312, device='cuda:0')
tensor(0.8844, device='cuda:0') tensor(0.1000, device='cuda:0') tensor(0.0156, device='cuda:0')
tensor(0.8453, device='cuda:0') tensor(0.1000, device='cuda:0') tensor(0.0547, device='cuda:0')
tensor(0.8609, device='cuda:0') tensor(0.1000, device='cuda:0') tensor(0.0391, device='cuda:0')
tensor(0.8687, device='cuda:0') tensor(0.1000, device='cuda:0') tensor(0.0312, device='cuda:0')
tensor(0.8687, device='cuda:0') tensor(0.1000, device='cuda:0') tensor(0.0312, device='cuda:0')
tensor(0.8375, device='cuda:0') tensor(0.1000, device='cuda:0') tensor(0.0625, device='cuda:0')
tensor(0.7828, device='cuda:0') tensor(0.1000, device='cuda:0') tensor(0.1172, device='cuda:0')
tensor(0.8687, device='cuda:0') tensor(0.1000, device='cuda:0') tensor(0.0312, device='cuda:0')
tensor(0.8531, device='cuda:0') tensor(0.1000, device='cuda:0') tensor(0.0469, device='cuda:0')
tensor(0.8531, device='cuda:0') tensor(0.1000, device='cuda:0') tensor(0.0469, device='cuda:0')
tensor(0.8531, device='cuda:0') tensor(0.1000, device='cuda:0') tensor(0.0469, device='cuda:0')
tensor(0.8687, device='cuda:0') tensor(0.1000, device='cuda:0') tensor(0.0312, device='cuda:0')
tensor(0.7828, device='cuda:0') tensor(0.1000, device='cuda:0') tensor(0.1172, device='cuda:0')
tensor(0.8609, device='cuda:0') tensor(0.1000, device='cuda:0') tensor(0.0391, device='cuda:0')
tensor(0.8609, device='cuda:0') tensor(0.1000, device='cuda:0') tensor(0.0391, device='cuda:0')
tensor(0.8141, device='cuda:0') tensor(0.1000, device='cuda:0') tensor(0.0859, device='cuda:0')
tensor(0.8766, device='cuda:0') tensor(0.1000, device='cuda:0') tensor(0.0234, device='cuda:0')
tensor(0.8609, device='cuda:0') tensor(0.1000, device='cuda:0') tensor(0.0391, device='cuda:0')
tensor(0.8141, device='cuda:0') tensor(0.1000, device='cuda:0') tensor(0.0859, device='cuda:0')
tensor(0.8219, device='cuda:0') tensor(0.1000, device='cuda:0') tensor(0.0781, device='cuda:0')
tensor(0.8609, device='cuda:0') tensor(0.1000, device='cuda:0') tensor(0.0391, device='cuda:0')
tensor(0.8687, device='cuda:0') tensor(0.1000, device='cuda:0') tensor(0.0312, device='cuda:0')
tensor(0.8531, device='cuda:0') tensor(0.1000, device='cuda:0') tensor(0.0469, device='cuda:0')
tensor(0.8453, device='cuda:0') tensor(0.1000, device='cuda:0') tensor(0.0547, device='cuda:0')
tensor(0.8375, device='cuda:0') tensor(0.1000, device='cuda:0') tensor(0.0625, device='cuda:0')
tensor(0.8687, device='cuda:0') tensor(0.1000, device='cuda:0') tensor(0.0312, device='cuda:0')
tensor(0.8687, device='cuda:0') tensor(0.1000, device='cuda:0') tensor(0.0312, device='cuda:0')
time 5.17
error 64067.6796875
quantization time: 339.11910820007324 s
xjh_edit,load from local file:/data/xjh/dataset/wikitext-2-raw-v1,get wikitext2
wikitext2
Evaluating ...
0
1
2
3
4
5
6
7
8
9
10
11
12
13
14
15
16
17
18
19
20
21
22
23
Perplexity: 67.353905
{'wikitext2/perplexity': 67.3539047241211}
xjh_edit,load from local file:/data/xjh/dataset/ptb_text_only,get ptb
ptb
Evaluating ...
0
1
2
3
4
5
6
7
8
9
10
11
12
13
14
15
16
17
18
19
20
21
22
23
Perplexity: 96.157791
{'ptb/perplexity': 96.15779113769531}
xjh_edit,load from local file:/data/xjh/dataset/c4_part,get c4
c4
Evaluating ...
0
1
2
3
4
5
6
7
8
9
10
11
12
13
14
15
16
17
18
19
20
21
22
23
Perplexity: 60.842220
{'c4/perplexity': 60.842220306396484}
