Traceback (most recent call last):
  File "/home/xjh/research/AI_xjh_research/llm_quant_factory/fakequant/run_billm.py", line 6, in <module>
    from methods.billm_utils.bigptq import BRAGPTQ
  File "/home/xjh/research/AI_xjh_research/llm_quant_factory/fakequant/methods/billm_utils/bigptq.py", line 9, in <module>
    from utils.structure import structural_guassian_distribution
ModuleNotFoundError: No module named 'utils'
`torch_dtype` is deprecated! Use `dtype` instead!
Loading model ...
/data/xjh/model_weight/qwen/Qwen3-4B-Base
Loading checkpoint shards:   0%|          | 0/3 [00:00<?, ?it/s]Loading checkpoint shards: 100%|██████████| 3/3 [00:00<00:00, 100.31it/s]
Token indices sequence length is longer than the specified maximum sequence length for this model (528225 > 131072). Running this sequence through the model will result in indexing errors
Model loaded.
model Qwen3ForCausalLM(
  (model): Qwen3Model(
    (embed_tokens): Embedding(151936, 2560)
    (layers): ModuleList(
      (0-35): 36 x Qwen3DecoderLayer(
        (self_attn): Qwen3Attention(
          (q_proj): Linear(in_features=2560, out_features=4096, bias=False)
          (k_proj): Linear(in_features=2560, out_features=1024, bias=False)
          (v_proj): Linear(in_features=2560, out_features=1024, bias=False)
          (o_proj): Linear(in_features=4096, out_features=2560, bias=False)
          (q_norm): Qwen3RMSNorm((128,), eps=1e-06)
          (k_norm): Qwen3RMSNorm((128,), eps=1e-06)
        )
        (mlp): Qwen3MLP(
          (gate_proj): Linear(in_features=2560, out_features=9728, bias=False)
          (up_proj): Linear(in_features=2560, out_features=9728, bias=False)
          (down_proj): Linear(in_features=9728, out_features=2560, bias=False)
          (act_fn): SiLUActivation()
        )
        (input_layernorm): Qwen3RMSNorm((2560,), eps=1e-06)
        (post_attention_layernorm): Qwen3RMSNorm((2560,), eps=1e-06)
      )
    )
    (norm): Qwen3RMSNorm((2560,), eps=1e-06)
    (rotary_emb): Qwen3RotaryEmbedding()
  )
  (lm_head): Linear(in_features=2560, out_features=151936, bias=False)
)
xjh_edit,load from local file:/data/xjh/dataset/c4_part,get c4
Starting ...
Qwen model detected.
Ready.
0 self_attn.q_proj
Quantizing ...
tensor(0.7906, device='cuda:1') tensor(0.1000, device='cuda:1') tensor(0.1094, device='cuda:1')
tensor(0.8766, device='cuda:1') tensor(0.1000, device='cuda:1') tensor(0.0234, device='cuda:1')
tensor(0.8687, device='cuda:1') tensor(0.1000, device='cuda:1') tensor(0.0312, device='cuda:1')
tensor(0.8531, device='cuda:1') tensor(0.1000, device='cuda:1') tensor(0.0469, device='cuda:1')
tensor(0.8609, device='cuda:1') tensor(0.1000, device='cuda:1') tensor(0.0391, device='cuda:1')
tensor(0.8687, device='cuda:1') tensor(0.1000, device='cuda:1') tensor(0.0312, device='cuda:1')
tensor(0.8687, device='cuda:1') tensor(0.1000, device='cuda:1') tensor(0.0312, device='cuda:1')
tensor(0.8609, device='cuda:1') tensor(0.1000, device='cuda:1') tensor(0.0391, device='cuda:1')
tensor(0.8844, device='cuda:1') tensor(0.1000, device='cuda:1') tensor(0.0156, device='cuda:1')
tensor(0.8609, device='cuda:1') tensor(0.1000, device='cuda:1') tensor(0.0391, device='cuda:1')
tensor(0.8453, device='cuda:1') tensor(0.1000, device='cuda:1') tensor(0.0547, device='cuda:1')
tensor(0.8609, device='cuda:1') tensor(0.1000, device='cuda:1') tensor(0.0391, device='cuda:1')
tensor(0.8531, device='cuda:1') tensor(0.1000, device='cuda:1') tensor(0.0469, device='cuda:1')
tensor(0.8766, device='cuda:1') tensor(0.1000, device='cuda:1') tensor(0.0234, device='cuda:1')
tensor(0.7594, device='cuda:1') tensor(0.1000, device='cuda:1') tensor(0.1406, device='cuda:1')
tensor(0.6734, device='cuda:1') tensor(0.1000, device='cuda:1') tensor(0.2266, device='cuda:1')
tensor(0.7828, device='cuda:1') tensor(0.1000, device='cuda:1') tensor(0.1172, device='cuda:1')
tensor(0.6109, device='cuda:1') tensor(0.1000, device='cuda:1') tensor(0.2891, device='cuda:1')
tensor(0.8609, device='cuda:1') tensor(0.1000, device='cuda:1') tensor(0.0391, device='cuda:1')
tensor(0.8453, device='cuda:1') tensor(0.1000, device='cuda:1') tensor(0.0547, device='cuda:1')
time 2.19
error 576.62841796875
0 self_attn.k_proj
Quantizing ...
tensor(0.7906, device='cuda:1') tensor(0.1000, device='cuda:1') tensor(0.1094, device='cuda:1')
tensor(0.8375, device='cuda:1') tensor(0.1000, device='cuda:1') tensor(0.0625, device='cuda:1')
tensor(0.8687, device='cuda:1') tensor(0.1000, device='cuda:1') tensor(0.0312, device='cuda:1')
tensor(0.8609, device='cuda:1') tensor(0.1000, device='cuda:1') tensor(0.0391, device='cuda:1')
tensor(0.8609, device='cuda:1') tensor(0.1000, device='cuda:1') tensor(0.0391, device='cuda:1')
tensor(0.8766, device='cuda:1') tensor(0.1000, device='cuda:1') tensor(0.0234, device='cuda:1')
tensor(0.8687, device='cuda:1') tensor(0.1000, device='cuda:1') tensor(0.0312, device='cuda:1')
tensor(0.8531, device='cuda:1') tensor(0.1000, device='cuda:1') tensor(0.0469, device='cuda:1')
tensor(0.8766, device='cuda:1') tensor(0.1000, device='cuda:1') tensor(0.0234, device='cuda:1')
tensor(0.8453, device='cuda:1') tensor(0.1000, device='cuda:1') tensor(0.0547, device='cuda:1')
tensor(0.5953, device='cuda:1') tensor(0.1000, device='cuda:1') tensor(0.3047, device='cuda:1')
tensor(0.8609, device='cuda:1') tensor(0.1000, device='cuda:1') tensor(0.0391, device='cuda:1')
tensor(0.8453, device='cuda:1') tensor(0.1000, device='cuda:1') tensor(0.0547, device='cuda:1')
tensor(0.8766, device='cuda:1') tensor(0.1000, device='cuda:1') tensor(0.0234, device='cuda:1')
tensor(0.6891, device='cuda:1') tensor(0.1000, device='cuda:1') tensor(0.2109, device='cuda:1')
tensor(0.6578, device='cuda:1') tensor(0.1000, device='cuda:1') tensor(0.2422, device='cuda:1')
tensor(0.8219, device='cuda:1') tensor(0.1000, device='cuda:1') tensor(0.0781, device='cuda:1')
tensor(0.8141, device='cuda:1') tensor(0.1000, device='cuda:1') tensor(0.0859, device='cuda:1')
tensor(0.7281, device='cuda:1') tensor(0.1000, device='cuda:1') tensor(0.1719, device='cuda:1')
tensor(0.8531, device='cuda:1') tensor(0.1000, device='cuda:1') tensor(0.0469, device='cuda:1')
time 1.64
error 161.42782592773438
0 self_attn.v_proj
Quantizing ...
tensor(0.6109, device='cuda:1') tensor(0.1000, device='cuda:1') tensor(0.2891, device='cuda:1')
tensor(0.7437, device='cuda:1') tensor(0.1000, device='cuda:1') tensor(0.1562, device='cuda:1')
tensor(0.6266, device='cuda:1') tensor(0.1000, device='cuda:1') tensor(0.2734, device='cuda:1')
tensor(0.7359, device='cuda:1') tensor(0.1000, device='cuda:1') tensor(0.1641, device='cuda:1')
tensor(0.7359, device='cuda:1') tensor(0.1000, device='cuda:1') tensor(0.1641, device='cuda:1')
tensor(0.7750, device='cuda:1') tensor(0.1000, device='cuda:1') tensor(0.1250, device='cuda:1')
tensor(0.7594, device='cuda:1') tensor(0.1000, device='cuda:1') tensor(0.1406, device='cuda:1')
tensor(0.8219, device='cuda:1') tensor(0.1000, device='cuda:1') tensor(0.0781, device='cuda:1')
tensor(0.8766, device='cuda:1') tensor(0.1000, device='cuda:1') tensor(0.0234, device='cuda:1')
tensor(0.7281, device='cuda:1') tensor(0.1000, device='cuda:1') tensor(0.1719, device='cuda:1')
tensor(0.7828, device='cuda:1') tensor(0.1000, device='cuda:1') tensor(0.1172, device='cuda:1')
tensor(0.8375, device='cuda:1') tensor(0.1000, device='cuda:1') tensor(0.0625, device='cuda:1')
tensor(0.7906, device='cuda:1') tensor(0.1000, device='cuda:1') tensor(0.1094, device='cuda:1')
tensor(0.8587, device='cuda:1') tensor(0.1100, device='cuda:1') tensor(0.0312, device='cuda:1')
tensor(0.6578, device='cuda:1') tensor(0.1000, device='cuda:1') tensor(0.2422, device='cuda:1')
tensor(0.7750, device='cuda:1') tensor(0.1000, device='cuda:1') tensor(0.1250, device='cuda:1')
tensor(0.7281, device='cuda:1') tensor(0.1000, device='cuda:1') tensor(0.1719, device='cuda:1')
tensor(0.7906, device='cuda:1') tensor(0.1000, device='cuda:1') tensor(0.1094, device='cuda:1')
tensor(0.8219, device='cuda:1') tensor(0.1000, device='cuda:1') tensor(0.0781, device='cuda:1')
tensor(0.8297, device='cuda:1') tensor(0.1000, device='cuda:1') tensor(0.0703, device='cuda:1')
time 1.60
error 133.94728088378906
0 self_attn.o_proj
Quantizing ...
tensor(0.8453, device='cuda:1') tensor(0.1000, device='cuda:1') tensor(0.0547, device='cuda:1')
tensor(0.7750, device='cuda:1') tensor(0.1000, device='cuda:1') tensor(0.1250, device='cuda:1')
tensor(0.8766, device='cuda:1') tensor(0.1000, device='cuda:1') tensor(0.0234, device='cuda:1')
tensor(0.8297, device='cuda:1') tensor(0.1000, device='cuda:1') tensor(0.0703, device='cuda:1')
tensor(0.8844, device='cuda:1') tensor(0.1000, device='cuda:1') tensor(0.0156, device='cuda:1')
tensor(0.8531, device='cuda:1') tensor(0.1000, device='cuda:1') tensor(0.0469, device='cuda:1')
tensor(0.8844, device='cuda:1') tensor(0.1000, device='cuda:1') tensor(0.0156, device='cuda:1')
tensor(0.8844, device='cuda:1') tensor(0.1000, device='cuda:1') tensor(0.0156, device='cuda:1')
tensor(0.8297, device='cuda:1') tensor(0.1000, device='cuda:1') tensor(0.0703, device='cuda:1')
tensor(0.8844, device='cuda:1') tensor(0.1000, device='cuda:1') tensor(0.0156, device='cuda:1')
tensor(0.8688, device='cuda:1') tensor(0.1000, device='cuda:1') tensor(0.0312, device='cuda:1')
tensor(0.8609, device='cuda:1') tensor(0.1000, device='cuda:1') tensor(0.0391, device='cuda:1')
tensor(0.7359, device='cuda:1') tensor(0.1000, device='cuda:1') tensor(0.1641, device='cuda:1')
tensor(0.8453, device='cuda:1') tensor(0.1000, device='cuda:1') tensor(0.0547, device='cuda:1')
tensor(0.8609, device='cuda:1') tensor(0.1000, device='cuda:1') tensor(0.0391, device='cuda:1')
tensor(0.8609, device='cuda:1') tensor(0.1000, device='cuda:1') tensor(0.0391, device='cuda:1')
tensor(0.8844, device='cuda:1') tensor(0.1000, device='cuda:1') tensor(0.0156, device='cuda:1')
tensor(0.8844, device='cuda:1') tensor(0.1000, device='cuda:1') tensor(0.0156, device='cuda:1')
tensor(0.8766, device='cuda:1') tensor(0.1000, device='cuda:1') tensor(0.0234, device='cuda:1')
tensor(0.8666, device='cuda:1') tensor(0.1100, device='cuda:1') tensor(0.0234, device='cuda:1')
tensor(0.8609, device='cuda:1') tensor(0.1000, device='cuda:1') tensor(0.0391, device='cuda:1')
tensor(0.8609, device='cuda:1') tensor(0.1000, device='cuda:1') tensor(0.0391, device='cuda:1')
tensor(0.8766, device='cuda:1') tensor(0.1000, device='cuda:1') tensor(0.0234, device='cuda:1')
tensor(0.8688, device='cuda:1') tensor(0.1000, device='cuda:1') tensor(0.0312, device='cuda:1')
tensor(0.8688, device='cuda:1') tensor(0.1000, device='cuda:1') tensor(0.0312, device='cuda:1')
tensor(0.8453, device='cuda:1') tensor(0.1000, device='cuda:1') tensor(0.0547, device='cuda:1')
tensor(0.8688, device='cuda:1') tensor(0.1000, device='cuda:1') tensor(0.0312, device='cuda:1')
tensor(0.7828, device='cuda:1') tensor(0.1000, device='cuda:1') tensor(0.1172, device='cuda:1')
tensor(0.8609, device='cuda:1') tensor(0.1000, device='cuda:1') tensor(0.0391, device='cuda:1')
tensor(0.8766, device='cuda:1') tensor(0.1000, device='cuda:1') tensor(0.0234, device='cuda:1')
tensor(0.8531, device='cuda:1') tensor(0.1000, device='cuda:1') tensor(0.0469, device='cuda:1')
tensor(0.8688, device='cuda:1') tensor(0.1000, device='cuda:1') tensor(0.0312, device='cuda:1')
time 2.88
error 377.70367431640625
0 mlp.gate_proj
Quantizing ...
tensor(0.5484, device='cuda:1') tensor(0.1000, device='cuda:1') tensor(0.3516, device='cuda:1')
tensor(0.7047, device='cuda:1') tensor(0.1000, device='cuda:1') tensor(0.1953, device='cuda:1')
tensor(0.8453, device='cuda:1') tensor(0.1000, device='cuda:1') tensor(0.0547, device='cuda:1')
tensor(0.7594, device='cuda:1') tensor(0.1000, device='cuda:1') tensor(0.1406, device='cuda:1')
tensor(0.7828, device='cuda:1') tensor(0.1000, device='cuda:1') tensor(0.1172, device='cuda:1')
tensor(0.5641, device='cuda:1') tensor(0.1000, device='cuda:1') tensor(0.3359, device='cuda:1')
tensor(0.5797, device='cuda:1') tensor(0.1000, device='cuda:1') tensor(0.3203, device='cuda:1')
tensor(0.6656, device='cuda:1') tensor(0.1000, device='cuda:1') tensor(0.2344, device='cuda:1')
tensor(0.8141, device='cuda:1') tensor(0.1000, device='cuda:1') tensor(0.0859, device='cuda:1')
tensor(0.5484, device='cuda:1') tensor(0.1000, device='cuda:1') tensor(0.3516, device='cuda:1')
tensor(0.7281, device='cuda:1') tensor(0.1000, device='cuda:1') tensor(0.1719, device='cuda:1')
tensor(0.6109, device='cuda:1') tensor(0.1000, device='cuda:1') tensor(0.2891, device='cuda:1')
tensor(0.5797, device='cuda:1') tensor(0.1000, device='cuda:1') tensor(0.3203, device='cuda:1')
tensor(0.7750, device='cuda:1') tensor(0.1000, device='cuda:1') tensor(0.1250, device='cuda:1')
tensor(0.5328, device='cuda:1') tensor(0.1000, device='cuda:1') tensor(0.3672, device='cuda:1')
tensor(0.7516, device='cuda:1') tensor(0.1000, device='cuda:1') tensor(0.1484, device='cuda:1')
tensor(0.7281, device='cuda:1') tensor(0.1000, device='cuda:1') tensor(0.1719, device='cuda:1')
tensor(0.6656, device='cuda:1') tensor(0.1000, device='cuda:1') tensor(0.2344, device='cuda:1')
tensor(0.7516, device='cuda:1') tensor(0.1000, device='cuda:1') tensor(0.1484, device='cuda:1')
tensor(0.7906, device='cuda:1') tensor(0.1000, device='cuda:1') tensor(0.1094, device='cuda:1')
time 2.51
error 36492.4765625
0 mlp.up_proj
Quantizing ...
tensor(0.5328, device='cuda:1') tensor(0.1000, device='cuda:1') tensor(0.3672, device='cuda:1')
tensor(0.7281, device='cuda:1') tensor(0.1000, device='cuda:1') tensor(0.1719, device='cuda:1')
tensor(0.8531, device='cuda:1') tensor(0.1000, device='cuda:1') tensor(0.0469, device='cuda:1')
tensor(0.6109, device='cuda:1') tensor(0.1000, device='cuda:1') tensor(0.2891, device='cuda:1')
tensor(0.5406, device='cuda:1') tensor(0.1000, device='cuda:1') tensor(0.3594, device='cuda:1')
tensor(0.7516, device='cuda:1') tensor(0.1000, device='cuda:1') tensor(0.1484, device='cuda:1')
tensor(0.5172, device='cuda:1') tensor(0.1000, device='cuda:1') tensor(0.3828, device='cuda:1')
tensor(0.6812, device='cuda:1') tensor(0.1000, device='cuda:1') tensor(0.2188, device='cuda:1')
tensor(0.8453, device='cuda:1') tensor(0.1000, device='cuda:1') tensor(0.0547, device='cuda:1')
tensor(0.6891, device='cuda:1') tensor(0.1000, device='cuda:1') tensor(0.2109, device='cuda:1')
tensor(0.5406, device='cuda:1') tensor(0.1000, device='cuda:1') tensor(0.3594, device='cuda:1')
tensor(0.6578, device='cuda:1') tensor(0.1000, device='cuda:1') tensor(0.2422, device='cuda:1')
tensor(0.7984, device='cuda:1') tensor(0.1000, device='cuda:1') tensor(0.1016, device='cuda:1')
tensor(0.7750, device='cuda:1') tensor(0.1000, device='cuda:1') tensor(0.1250, device='cuda:1')
tensor(0.7750, device='cuda:1') tensor(0.1000, device='cuda:1') tensor(0.1250, device='cuda:1')
tensor(0.7281, device='cuda:1') tensor(0.1000, device='cuda:1') tensor(0.1719, device='cuda:1')
tensor(0.6812, device='cuda:1') tensor(0.1000, device='cuda:1') tensor(0.2188, device='cuda:1')
tensor(0.7672, device='cuda:1') tensor(0.1000, device='cuda:1') tensor(0.1328, device='cuda:1')
tensor(0.7437, device='cuda:1') tensor(0.1000, device='cuda:1') tensor(0.1562, device='cuda:1')
tensor(0.7906, device='cuda:1') tensor(0.1000, device='cuda:1') tensor(0.1094, device='cuda:1')
time 2.45
error 32261.359375
0 mlp.down_proj
Quantizing ...
tensor(0.8219, device='cuda:1') tensor(0.1000, device='cuda:1') tensor(0.0781, device='cuda:1')
tensor(0.8453, device='cuda:1') tensor(0.1000, device='cuda:1') tensor(0.0547, device='cuda:1')
tensor(0.8219, device='cuda:1') tensor(0.1000, device='cuda:1') tensor(0.0781, device='cuda:1')
tensor(0.7516, device='cuda:1') tensor(0.1000, device='cuda:1') tensor(0.1484, device='cuda:1')
tensor(0.8531, device='cuda:1') tensor(0.1000, device='cuda:1') tensor(0.0469, device='cuda:1')
tensor(0.8531, device='cuda:1') tensor(0.1000, device='cuda:1') tensor(0.0469, device='cuda:1')
tensor(0.8375, device='cuda:1') tensor(0.1000, device='cuda:1') tensor(0.0625, device='cuda:1')
tensor(0.8531, device='cuda:1') tensor(0.1000, device='cuda:1') tensor(0.0469, device='cuda:1')
tensor(0.8219, device='cuda:1') tensor(0.1000, device='cuda:1') tensor(0.0781, device='cuda:1')
tensor(0.8766, device='cuda:1') tensor(0.1000, device='cuda:1') tensor(0.0234, device='cuda:1')
tensor(0.8297, device='cuda:1') tensor(0.1000, device='cuda:1') tensor(0.0703, device='cuda:1')
tensor(0.8531, device='cuda:1') tensor(0.1000, device='cuda:1') tensor(0.0469, device='cuda:1')
tensor(0.8531, device='cuda:1') tensor(0.1000, device='cuda:1') tensor(0.0469, device='cuda:1')
tensor(0.8375, device='cuda:1') tensor(0.1000, device='cuda:1') tensor(0.0625, device='cuda:1')
tensor(0.8688, device='cuda:1') tensor(0.1000, device='cuda:1') tensor(0.0312, device='cuda:1')
tensor(0.8453, device='cuda:1') tensor(0.1000, device='cuda:1') tensor(0.0547, device='cuda:1')
tensor(0.8531, device='cuda:1') tensor(0.1000, device='cuda:1') tensor(0.0469, device='cuda:1')
tensor(0.8609, device='cuda:1') tensor(0.1000, device='cuda:1') tensor(0.0391, device='cuda:1')
tensor(0.8453, device='cuda:1') tensor(0.1000, device='cuda:1') tensor(0.0547, device='cuda:1')
tensor(0.8531, device='cuda:1') tensor(0.1000, device='cuda:1') tensor(0.0469, device='cuda:1')
tensor(0.8531, device='cuda:1') tensor(0.1000, device='cuda:1') tensor(0.0469, device='cuda:1')
tensor(0.8375, device='cuda:1') tensor(0.1000, device='cuda:1') tensor(0.0625, device='cuda:1')
tensor(0.8375, device='cuda:1') tensor(0.1000, device='cuda:1') tensor(0.0625, device='cuda:1')
tensor(0.8688, device='cuda:1') tensor(0.1000, device='cuda:1') tensor(0.0312, device='cuda:1')
tensor(0.7906, device='cuda:1') tensor(0.1000, device='cuda:1') tensor(0.1094, device='cuda:1')
tensor(0.8453, device='cuda:1') tensor(0.1000, device='cuda:1') tensor(0.0547, device='cuda:1')
tensor(0.8531, device='cuda:1') tensor(0.1000, device='cuda:1') tensor(0.0469, device='cuda:1')
tensor(0.6656, device='cuda:1') tensor(0.1000, device='cuda:1') tensor(0.2344, device='cuda:1')
tensor(0.6969, device='cuda:1') tensor(0.1000, device='cuda:1') tensor(0.2031, device='cuda:1')
tensor(0.8297, device='cuda:1') tensor(0.1000, device='cuda:1') tensor(0.0703, device='cuda:1')
tensor(0.8453, device='cuda:1') tensor(0.1000, device='cuda:1') tensor(0.0547, device='cuda:1')
tensor(0.8141, device='cuda:1') tensor(0.1000, device='cuda:1') tensor(0.0859, device='cuda:1')
tensor(0.8063, device='cuda:1') tensor(0.1000, device='cuda:1') tensor(0.0938, device='cuda:1')
tensor(0.8609, device='cuda:1') tensor(0.1000, device='cuda:1') tensor(0.0391, device='cuda:1')
tensor(0.8063, device='cuda:1') tensor(0.1000, device='cuda:1') tensor(0.0938, device='cuda:1')
tensor(0.7438, device='cuda:1') tensor(0.1000, device='cuda:1') tensor(0.1562, device='cuda:1')
tensor(0.8844, device='cuda:1') tensor(0.1000, device='cuda:1') tensor(0.0156, device='cuda:1')
tensor(0.8453, device='cuda:1') tensor(0.1000, device='cuda:1') tensor(0.0547, device='cuda:1')
tensor(0.8375, device='cuda:1') tensor(0.1000, device='cuda:1') tensor(0.0625, device='cuda:1')
tensor(0.8531, device='cuda:1') tensor(0.1000, device='cuda:1') tensor(0.0469, device='cuda:1')
tensor(0.8531, device='cuda:1') tensor(0.1000, device='cuda:1') tensor(0.0469, device='cuda:1')
tensor(0.8141, device='cuda:1') tensor(0.1000, device='cuda:1') tensor(0.0859, device='cuda:1')
tensor(0.8141, device='cuda:1') tensor(0.1000, device='cuda:1') tensor(0.0859, device='cuda:1')
tensor(0.7281, device='cuda:1') tensor(0.1000, device='cuda:1') tensor(0.1719, device='cuda:1')
tensor(0.8609, device='cuda:1') tensor(0.1000, device='cuda:1') tensor(0.0391, device='cuda:1')
tensor(0.8609, device='cuda:1') tensor(0.1000, device='cuda:1') tensor(0.0391, device='cuda:1')
tensor(0.8297, device='cuda:1') tensor(0.1000, device='cuda:1') tensor(0.0703, device='cuda:1')
tensor(0.8453, device='cuda:1') tensor(0.1000, device='cuda:1') tensor(0.0547, device='cuda:1')
tensor(0.8375, device='cuda:1') tensor(0.1000, device='cuda:1') tensor(0.0625, device='cuda:1')
tensor(0.7672, device='cuda:1') tensor(0.1000, device='cuda:1') tensor(0.1328, device='cuda:1')
tensor(0.8531, device='cuda:1') tensor(0.1000, device='cuda:1') tensor(0.0469, device='cuda:1')
tensor(0.7984, device='cuda:1') tensor(0.1000, device='cuda:1') tensor(0.1016, device='cuda:1')
tensor(0.8375, device='cuda:1') tensor(0.1000, device='cuda:1') tensor(0.0625, device='cuda:1')
tensor(0.7984, device='cuda:1') tensor(0.1000, device='cuda:1') tensor(0.1016, device='cuda:1')
tensor(0.7984, device='cuda:1') tensor(0.1000, device='cuda:1') tensor(0.1016, device='cuda:1')
tensor(0.7672, device='cuda:1') tensor(0.1000, device='cuda:1') tensor(0.1328, device='cuda:1')
tensor(0.7984, device='cuda:1') tensor(0.1000, device='cuda:1') tensor(0.1016, device='cuda:1')
tensor(0.7984, device='cuda:1') tensor(0.1000, device='cuda:1') tensor(0.1016, device='cuda:1')
tensor(0.8688, device='cuda:1') tensor(0.1000, device='cuda:1') tensor(0.0312, device='cuda:1')
tensor(0.8375, device='cuda:1') tensor(0.1000, device='cuda:1') tensor(0.0625, device='cuda:1')
tensor(0.8375, device='cuda:1') tensor(0.1000, device='cuda:1') tensor(0.0625, device='cuda:1')
tensor(0.8531, device='cuda:1') tensor(0.1000, device='cuda:1') tensor(0.0469, device='cuda:1')
tensor(0.8375, device='cuda:1') tensor(0.1000, device='cuda:1') tensor(0.0625, device='cuda:1')
tensor(0.8453, device='cuda:1') tensor(0.1000, device='cuda:1') tensor(0.0547, device='cuda:1')
tensor(0.8297, device='cuda:1') tensor(0.1000, device='cuda:1') tensor(0.0703, device='cuda:1')
tensor(0.8609, device='cuda:1') tensor(0.1000, device='cuda:1') tensor(0.0391, device='cuda:1')
tensor(0.8375, device='cuda:1') tensor(0.1000, device='cuda:1') tensor(0.0625, device='cuda:1')
tensor(0.8688, device='cuda:1') tensor(0.1000, device='cuda:1') tensor(0.0312, device='cuda:1')
tensor(0.8453, device='cuda:1') tensor(0.1000, device='cuda:1') tensor(0.0547, device='cuda:1')
tensor(0.8297, device='cuda:1') tensor(0.1000, device='cuda:1') tensor(0.0703, device='cuda:1')
tensor(0.8688, device='cuda:1') tensor(0.1000, device='cuda:1') tensor(0.0312, device='cuda:1')
tensor(0.7906, device='cuda:1') tensor(0.1000, device='cuda:1') tensor(0.1094, device='cuda:1')
tensor(0.8688, device='cuda:1') tensor(0.1000, device='cuda:1') tensor(0.0312, device='cuda:1')
tensor(0.6266, device='cuda:1') tensor(0.1000, device='cuda:1') tensor(0.2734, device='cuda:1')
tensor(0.8453, device='cuda:1') tensor(0.1000, device='cuda:1') tensor(0.0547, device='cuda:1')
tensor(0.8297, device='cuda:1') tensor(0.1000, device='cuda:1') tensor(0.0703, device='cuda:1')
time 6.88
error 5815.3544921875
1 self_attn.q_proj
Quantizing ...
tensor(0.8609, device='cuda:1') tensor(0.1000, device='cuda:1') tensor(0.0391, device='cuda:1')
tensor(0.5328, device='cuda:1') tensor(0.1000, device='cuda:1') tensor(0.3672, device='cuda:1')
tensor(0.6656, device='cuda:1') tensor(0.1000, device='cuda:1') tensor(0.2344, device='cuda:1')
tensor(0.5172, device='cuda:1') tensor(0.1000, device='cuda:1') tensor(0.3828, device='cuda:1')
tensor(0.8766, device='cuda:1') tensor(0.1000, device='cuda:1') tensor(0.0234, device='cuda:1')
tensor(0.5719, device='cuda:1') tensor(0.1000, device='cuda:1') tensor(0.3281, device='cuda:1')
tensor(0.8062, device='cuda:1') tensor(0.1000, device='cuda:1') tensor(0.0938, device='cuda:1')
tensor(0.6656, device='cuda:1') tensor(0.1000, device='cuda:1') tensor(0.2344, device='cuda:1')
tensor(0.8766, device='cuda:1') tensor(0.1000, device='cuda:1') tensor(0.0234, device='cuda:1')
tensor(0.8687, device='cuda:1') tensor(0.1000, device='cuda:1') tensor(0.0312, device='cuda:1')
tensor(0.8687, device='cuda:1') tensor(0.1000, device='cuda:1') tensor(0.0312, device='cuda:1')
tensor(0.8766, device='cuda:1') tensor(0.1000, device='cuda:1') tensor(0.0234, device='cuda:1')
tensor(0.8219, device='cuda:1') tensor(0.1000, device='cuda:1') tensor(0.0781, device='cuda:1')
tensor(0.8609, device='cuda:1') tensor(0.1000, device='cuda:1') tensor(0.0391, device='cuda:1')
tensor(0.8531, device='cuda:1') tensor(0.1000, device='cuda:1') tensor(0.0469, device='cuda:1')
tensor(0.8141, device='cuda:1') tensor(0.1000, device='cuda:1') tensor(0.0859, device='cuda:1')
tensor(0.8141, device='cuda:1') tensor(0.1000, device='cuda:1') tensor(0.0859, device='cuda:1')
tensor(0.8687, device='cuda:1') tensor(0.1000, device='cuda:1') tensor(0.0312, device='cuda:1')
tensor(0.8531, device='cuda:1') tensor(0.1000, device='cuda:1') tensor(0.0469, device='cuda:1')
tensor(0.8453, device='cuda:1') tensor(0.1000, device='cuda:1') tensor(0.0547, device='cuda:1')
time 2.11
error 695.8985595703125
1 self_attn.k_proj
Quantizing ...
tensor(0.8531, device='cuda:1') tensor(0.1000, device='cuda:1') tensor(0.0469, device='cuda:1')
tensor(0.6031, device='cuda:1') tensor(0.1000, device='cuda:1') tensor(0.2969, device='cuda:1')
tensor(0.7203, device='cuda:1') tensor(0.1000, device='cuda:1') tensor(0.1797, device='cuda:1')
tensor(0.7516, device='cuda:1') tensor(0.1000, device='cuda:1') tensor(0.1484, device='cuda:1')
tensor(0.8687, device='cuda:1') tensor(0.1000, device='cuda:1') tensor(0.0312, device='cuda:1')
tensor(0.5797, device='cuda:1') tensor(0.1000, device='cuda:1') tensor(0.3203, device='cuda:1')
tensor(0.8453, device='cuda:1') tensor(0.1000, device='cuda:1') tensor(0.0547, device='cuda:1')
tensor(0.5562, device='cuda:1') tensor(0.1000, device='cuda:1') tensor(0.3438, device='cuda:1')
tensor(0.8766, device='cuda:1') tensor(0.1000, device='cuda:1') tensor(0.0234, device='cuda:1')
tensor(0.8609, device='cuda:1') tensor(0.1000, device='cuda:1') tensor(0.0391, device='cuda:1')
tensor(0.8687, device='cuda:1') tensor(0.1000, device='cuda:1') tensor(0.0312, device='cuda:1')
tensor(0.8687, device='cuda:1') tensor(0.1000, device='cuda:1') tensor(0.0312, device='cuda:1')
tensor(0.7984, device='cuda:1') tensor(0.1000, device='cuda:1') tensor(0.1016, device='cuda:1')
tensor(0.8375, device='cuda:1') tensor(0.1000, device='cuda:1') tensor(0.0625, device='cuda:1')
tensor(0.8609, device='cuda:1') tensor(0.1000, device='cuda:1') tensor(0.0391, device='cuda:1')
tensor(0.7281, device='cuda:1') tensor(0.1000, device='cuda:1') tensor(0.1719, device='cuda:1')
tensor(0.8297, device='cuda:1') tensor(0.1000, device='cuda:1') tensor(0.0703, device='cuda:1')
tensor(0.8609, device='cuda:1') tensor(0.1000, device='cuda:1') tensor(0.0391, device='cuda:1')
tensor(0.8609, device='cuda:1') tensor(0.1000, device='cuda:1') tensor(0.0391, device='cuda:1')
tensor(0.8375, device='cuda:1') tensor(0.1000, device='cuda:1') tensor(0.0625, device='cuda:1')
time 1.61
error 195.70416259765625
1 self_attn.v_proj
Quantizing ...
tensor(0.7125, device='cuda:1') tensor(0.1000, device='cuda:1') tensor(0.1875, device='cuda:1')
tensor(0.5172, device='cuda:1') tensor(0.1000, device='cuda:1') tensor(0.3828, device='cuda:1')
tensor(0.5641, device='cuda:1') tensor(0.1000, device='cuda:1') tensor(0.3359, device='cuda:1')
tensor(0.5797, device='cuda:1') tensor(0.1000, device='cuda:1') tensor(0.3203, device='cuda:1')
tensor(0.5172, device='cuda:1') tensor(0.1000, device='cuda:1') tensor(0.3828, device='cuda:1')
tensor(0.5172, device='cuda:1') tensor(0.1000, device='cuda:1') tensor(0.3828, device='cuda:1')
tensor(0.5172, device='cuda:1') tensor(0.1000, device='cuda:1') tensor(0.3828, device='cuda:1')
tensor(0.5250, device='cuda:1') tensor(0.1000, device='cuda:1') tensor(0.3750, device='cuda:1')
tensor(0.8375, device='cuda:1') tensor(0.1000, device='cuda:1') tensor(0.0625, device='cuda:1')
tensor(0.8219, device='cuda:1') tensor(0.1000, device='cuda:1') tensor(0.0781, device='cuda:1')
tensor(0.8609, device='cuda:1') tensor(0.1000, device='cuda:1') tensor(0.0391, device='cuda:1')
tensor(0.8531, device='cuda:1') tensor(0.1000, device='cuda:1') tensor(0.0469, device='cuda:1')
tensor(0.7984, device='cuda:1') tensor(0.1000, device='cuda:1') tensor(0.1016, device='cuda:1')
tensor(0.7984, device='cuda:1') tensor(0.1000, device='cuda:1') tensor(0.1016, device='cuda:1')
tensor(0.8297, device='cuda:1') tensor(0.1000, device='cuda:1') tensor(0.0703, device='cuda:1')
tensor(0.7516, device='cuda:1') tensor(0.1000, device='cuda:1') tensor(0.1484, device='cuda:1')
tensor(0.8219, device='cuda:1') tensor(0.1000, device='cuda:1') tensor(0.0781, device='cuda:1')
tensor(0.8531, device='cuda:1') tensor(0.1000, device='cuda:1') tensor(0.0469, device='cuda:1')
tensor(0.8531, device='cuda:1') tensor(0.1000, device='cuda:1') tensor(0.0469, device='cuda:1')
tensor(0.6812, device='cuda:1') tensor(0.1000, device='cuda:1') tensor(0.2188, device='cuda:1')
time 1.63
error 193.34405517578125
1 self_attn.o_proj
Quantizing ...
tensor(0.8531, device='cuda:1') tensor(0.1000, device='cuda:1') tensor(0.0469, device='cuda:1')
tensor(0.7750, device='cuda:1') tensor(0.1000, device='cuda:1') tensor(0.1250, device='cuda:1')
tensor(0.7516, device='cuda:1') tensor(0.1000, device='cuda:1') tensor(0.1484, device='cuda:1')
tensor(0.7828, device='cuda:1') tensor(0.1000, device='cuda:1') tensor(0.1172, device='cuda:1')
tensor(0.8297, device='cuda:1') tensor(0.1000, device='cuda:1') tensor(0.0703, device='cuda:1')
tensor(0.8453, device='cuda:1') tensor(0.1000, device='cuda:1') tensor(0.0547, device='cuda:1')
tensor(0.8141, device='cuda:1') tensor(0.1000, device='cuda:1') tensor(0.0859, device='cuda:1')
tensor(0.7359, device='cuda:1') tensor(0.1000, device='cuda:1') tensor(0.1641, device='cuda:1')
tensor(0.8609, device='cuda:1') tensor(0.1000, device='cuda:1') tensor(0.0391, device='cuda:1')
tensor(0.7594, device='cuda:1') tensor(0.1000, device='cuda:1') tensor(0.1406, device='cuda:1')
tensor(0.8688, device='cuda:1') tensor(0.1000, device='cuda:1') tensor(0.0312, device='cuda:1')
tensor(0.8609, device='cuda:1') tensor(0.1000, device='cuda:1') tensor(0.0391, device='cuda:1')
tensor(0.7906, device='cuda:1') tensor(0.1000, device='cuda:1') tensor(0.1094, device='cuda:1')
tensor(0.8688, device='cuda:1') tensor(0.1000, device='cuda:1') tensor(0.0312, device='cuda:1')
tensor(0.8453, device='cuda:1') tensor(0.1000, device='cuda:1') tensor(0.0547, device='cuda:1')
tensor(0.6891, device='cuda:1') tensor(0.1000, device='cuda:1') tensor(0.2109, device='cuda:1')
tensor(0.6266, device='cuda:1') tensor(0.1000, device='cuda:1') tensor(0.2734, device='cuda:1')
tensor(0.8609, device='cuda:1') tensor(0.1000, device='cuda:1') tensor(0.0391, device='cuda:1')
tensor(0.8453, device='cuda:1') tensor(0.1000, device='cuda:1') tensor(0.0547, device='cuda:1')
tensor(0.8766, device='cuda:1') tensor(0.1000, device='cuda:1') tensor(0.0234, device='cuda:1')
tensor(0.8766, device='cuda:1') tensor(0.1000, device='cuda:1') tensor(0.0234, device='cuda:1')
tensor(0.8375, device='cuda:1') tensor(0.1000, device='cuda:1') tensor(0.0625, device='cuda:1')
tensor(0.8609, device='cuda:1') tensor(0.1000, device='cuda:1') tensor(0.0391, device='cuda:1')
tensor(0.8609, device='cuda:1') tensor(0.1000, device='cuda:1') tensor(0.0391, device='cuda:1')
tensor(0.8609, device='cuda:1') tensor(0.1000, device='cuda:1') tensor(0.0391, device='cuda:1')
tensor(0.8688, device='cuda:1') tensor(0.1000, device='cuda:1') tensor(0.0312, device='cuda:1')
tensor(0.8297, device='cuda:1') tensor(0.1000, device='cuda:1') tensor(0.0703, device='cuda:1')
tensor(0.8688, device='cuda:1') tensor(0.1000, device='cuda:1') tensor(0.0312, device='cuda:1')
tensor(0.8766, device='cuda:1') tensor(0.1000, device='cuda:1') tensor(0.0234, device='cuda:1')
tensor(0.7594, device='cuda:1') tensor(0.1000, device='cuda:1') tensor(0.1406, device='cuda:1')
tensor(0.7594, device='cuda:1') tensor(0.1000, device='cuda:1') tensor(0.1406, device='cuda:1')
tensor(0.8688, device='cuda:1') tensor(0.1000, device='cuda:1') tensor(0.0312, device='cuda:1')
time 2.78
error 371.46875
1 mlp.gate_proj
Quantizing ...
tensor(0.8297, device='cuda:1') tensor(0.1000, device='cuda:1') tensor(0.0703, device='cuda:1')
tensor(0.8531, device='cuda:1') tensor(0.1000, device='cuda:1') tensor(0.0469, device='cuda:1')
tensor(0.8766, device='cuda:1') tensor(0.1000, device='cuda:1') tensor(0.0234, device='cuda:1')
tensor(0.8453, device='cuda:1') tensor(0.1000, device='cuda:1') tensor(0.0547, device='cuda:1')
tensor(0.8141, device='cuda:1') tensor(0.1000, device='cuda:1') tensor(0.0859, device='cuda:1')
tensor(0.7672, device='cuda:1') tensor(0.1000, device='cuda:1') tensor(0.1328, device='cuda:1')
tensor(0.7906, device='cuda:1') tensor(0.1000, device='cuda:1') tensor(0.1094, device='cuda:1')
tensor(0.8453, device='cuda:1') tensor(0.1000, device='cuda:1') tensor(0.0547, device='cuda:1')
tensor(0.8844, device='cuda:1') tensor(0.1000, device='cuda:1') tensor(0.0156, device='cuda:1')
tensor(0.8375, device='cuda:1') tensor(0.1000, device='cuda:1') tensor(0.0625, device='cuda:1')
tensor(0.8609, device='cuda:1') tensor(0.1000, device='cuda:1') tensor(0.0391, device='cuda:1')
tensor(0.8531, device='cuda:1') tensor(0.1000, device='cuda:1') tensor(0.0469, device='cuda:1')
tensor(0.8609, device='cuda:1') tensor(0.1000, device='cuda:1') tensor(0.0391, device='cuda:1')
tensor(0.8531, device='cuda:1') tensor(0.1000, device='cuda:1') tensor(0.0469, device='cuda:1')
tensor(0.8219, device='cuda:1') tensor(0.1000, device='cuda:1') tensor(0.0781, device='cuda:1')
tensor(0.8297, device='cuda:1') tensor(0.1000, device='cuda:1') tensor(0.0703, device='cuda:1')
tensor(0.8141, device='cuda:1') tensor(0.1000, device='cuda:1') tensor(0.0859, device='cuda:1')
tensor(0.8453, device='cuda:1') tensor(0.1000, device='cuda:1') tensor(0.0547, device='cuda:1')
tensor(0.8297, device='cuda:1') tensor(0.1000, device='cuda:1') tensor(0.0703, device='cuda:1')
tensor(0.8531, device='cuda:1') tensor(0.1000, device='cuda:1') tensor(0.0469, device='cuda:1')
time 2.39
error 465428.0625
1 mlp.up_proj
Quantizing ...
tensor(0.8297, device='cuda:1') tensor(0.1000, device='cuda:1') tensor(0.0703, device='cuda:1')
tensor(0.7594, device='cuda:1') tensor(0.1000, device='cuda:1') tensor(0.1406, device='cuda:1')
tensor(0.8687, device='cuda:1') tensor(0.1000, device='cuda:1') tensor(0.0312, device='cuda:1')
tensor(0.7281, device='cuda:1') tensor(0.1000, device='cuda:1') tensor(0.1719, device='cuda:1')
tensor(0.8141, device='cuda:1') tensor(0.1000, device='cuda:1') tensor(0.0859, device='cuda:1')
tensor(0.7828, device='cuda:1') tensor(0.1000, device='cuda:1') tensor(0.1172, device='cuda:1')
tensor(0.7906, device='cuda:1') tensor(0.1000, device='cuda:1') tensor(0.1094, device='cuda:1')
tensor(0.8375, device='cuda:1') tensor(0.1000, device='cuda:1') tensor(0.0625, device='cuda:1')
tensor(0.8766, device='cuda:1') tensor(0.1000, device='cuda:1') tensor(0.0234, device='cuda:1')
tensor(0.8531, device='cuda:1') tensor(0.1000, device='cuda:1') tensor(0.0469, device='cuda:1')
tensor(0.8609, device='cuda:1') tensor(0.1000, device='cuda:1') tensor(0.0391, device='cuda:1')
tensor(0.8297, device='cuda:1') tensor(0.1000, device='cuda:1') tensor(0.0703, device='cuda:1')
tensor(0.8609, device='cuda:1') tensor(0.1000, device='cuda:1') tensor(0.0391, device='cuda:1')
tensor(0.8453, device='cuda:1') tensor(0.1000, device='cuda:1') tensor(0.0547, device='cuda:1')
tensor(0.8531, device='cuda:1') tensor(0.1000, device='cuda:1') tensor(0.0469, device='cuda:1')
tensor(0.8531, device='cuda:1') tensor(0.1000, device='cuda:1') tensor(0.0469, device='cuda:1')
tensor(0.8375, device='cuda:1') tensor(0.1000, device='cuda:1') tensor(0.0625, device='cuda:1')
tensor(0.8531, device='cuda:1') tensor(0.1000, device='cuda:1') tensor(0.0469, device='cuda:1')
tensor(0.8219, device='cuda:1') tensor(0.1000, device='cuda:1') tensor(0.0781, device='cuda:1')
tensor(0.8609, device='cuda:1') tensor(0.1000, device='cuda:1') tensor(0.0391, device='cuda:1')
time 2.37
error 193890.0625
1 mlp.down_proj
Quantizing ...
tensor(0.7828, device='cuda:1') tensor(0.1000, device='cuda:1') tensor(0.1172, device='cuda:1')
tensor(0.7203, device='cuda:1') tensor(0.1000, device='cuda:1') tensor(0.1797, device='cuda:1')
tensor(0.8844, device='cuda:1') tensor(0.1000, device='cuda:1') tensor(0.0156, device='cuda:1')
tensor(0.8297, device='cuda:1') tensor(0.1000, device='cuda:1') tensor(0.0703, device='cuda:1')
tensor(0.8297, device='cuda:1') tensor(0.1000, device='cuda:1') tensor(0.0703, device='cuda:1')
tensor(0.8609, device='cuda:1') tensor(0.1000, device='cuda:1') tensor(0.0391, device='cuda:1')
tensor(0.8609, device='cuda:1') tensor(0.1000, device='cuda:1') tensor(0.0391, device='cuda:1')
tensor(0.7672, device='cuda:1') tensor(0.1000, device='cuda:1') tensor(0.1328, device='cuda:1')
tensor(0.8531, device='cuda:1') tensor(0.1000, device='cuda:1') tensor(0.0469, device='cuda:1')
tensor(0.8688, device='cuda:1') tensor(0.1000, device='cuda:1') tensor(0.0312, device='cuda:1')
tensor(0.8375, device='cuda:1') tensor(0.1000, device='cuda:1') tensor(0.0625, device='cuda:1')
tensor(0.8531, device='cuda:1') tensor(0.1000, device='cuda:1') tensor(0.0469, device='cuda:1')
tensor(0.8844, device='cuda:1') tensor(0.1000, device='cuda:1') tensor(0.0156, device='cuda:1')
tensor(0.8063, device='cuda:1') tensor(0.1000, device='cuda:1') tensor(0.0938, device='cuda:1')
tensor(0.7906, device='cuda:1') tensor(0.1000, device='cuda:1') tensor(0.1094, device='cuda:1')
tensor(0.8609, device='cuda:1') tensor(0.1000, device='cuda:1') tensor(0.0391, device='cuda:1')
tensor(0.8375, device='cuda:1') tensor(0.1000, device='cuda:1') tensor(0.0625, device='cuda:1')
tensor(0.7984, device='cuda:1') tensor(0.1000, device='cuda:1') tensor(0.1016, device='cuda:1')
tensor(0.8141, device='cuda:1') tensor(0.1000, device='cuda:1') tensor(0.0859, device='cuda:1')
tensor(0.8531, device='cuda:1') tensor(0.1000, device='cuda:1') tensor(0.0469, device='cuda:1')
tensor(0.8531, device='cuda:1') tensor(0.1000, device='cuda:1') tensor(0.0469, device='cuda:1')
tensor(0.6813, device='cuda:1') tensor(0.1000, device='cuda:1') tensor(0.2188, device='cuda:1')
tensor(0.8297, device='cuda:1') tensor(0.1000, device='cuda:1') tensor(0.0703, device='cuda:1')
tensor(0.8531, device='cuda:1') tensor(0.1000, device='cuda:1') tensor(0.0469, device='cuda:1')
tensor(0.7906, device='cuda:1') tensor(0.1000, device='cuda:1') tensor(0.1094, device='cuda:1')
tensor(0.8609, device='cuda:1') tensor(0.1000, device='cuda:1') tensor(0.0391, device='cuda:1')
tensor(0.7828, device='cuda:1') tensor(0.1000, device='cuda:1') tensor(0.1172, device='cuda:1')
tensor(0.8609, device='cuda:1') tensor(0.1000, device='cuda:1') tensor(0.0391, device='cuda:1')
tensor(0.7828, device='cuda:1') tensor(0.1000, device='cuda:1') tensor(0.1172, device='cuda:1')
tensor(0.8609, device='cuda:1') tensor(0.1000, device='cuda:1') tensor(0.0391, device='cuda:1')
tensor(0.8531, device='cuda:1') tensor(0.1000, device='cuda:1') tensor(0.0469, device='cuda:1')
tensor(0.8375, device='cuda:1') tensor(0.1000, device='cuda:1') tensor(0.0625, device='cuda:1')
tensor(0.8531, device='cuda:1') tensor(0.1000, device='cuda:1') tensor(0.0469, device='cuda:1')
tensor(0.7984, device='cuda:1') tensor(0.1000, device='cuda:1') tensor(0.1016, device='cuda:1')
tensor(0.8141, device='cuda:1') tensor(0.1000, device='cuda:1') tensor(0.0859, device='cuda:1')
tensor(0.8609, device='cuda:1') tensor(0.1000, device='cuda:1') tensor(0.0391, device='cuda:1')
tensor(0.8609, device='cuda:1') tensor(0.1000, device='cuda:1') tensor(0.0391, device='cuda:1')
tensor(0.8375, device='cuda:1') tensor(0.1000, device='cuda:1') tensor(0.0625, device='cuda:1')
tensor(0.8531, device='cuda:1') tensor(0.1000, device='cuda:1') tensor(0.0469, device='cuda:1')
tensor(0.8531, device='cuda:1') tensor(0.1000, device='cuda:1') tensor(0.0469, device='cuda:1')
tensor(0.8297, device='cuda:1') tensor(0.1000, device='cuda:1') tensor(0.0703, device='cuda:1')
tensor(0.8141, device='cuda:1') tensor(0.1000, device='cuda:1') tensor(0.0859, device='cuda:1')
tensor(0.8844, device='cuda:1') tensor(0.1000, device='cuda:1') tensor(0.0156, device='cuda:1')
tensor(0.8844, device='cuda:1') tensor(0.1000, device='cuda:1') tensor(0.0156, device='cuda:1')
tensor(0.8688, device='cuda:1') tensor(0.1000, device='cuda:1') tensor(0.0312, device='cuda:1')
tensor(0.5172, device='cuda:1') tensor(0.1000, device='cuda:1') tensor(0.3828, device='cuda:1')
tensor(0.6813, device='cuda:1') tensor(0.1000, device='cuda:1') tensor(0.2188, device='cuda:1')
tensor(0.5250, device='cuda:1') tensor(0.1000, device='cuda:1') tensor(0.3750, device='cuda:1')
tensor(0.7125, device='cuda:1') tensor(0.1000, device='cuda:1') tensor(0.1875, device='cuda:1')
tensor(0.8766, device='cuda:1') tensor(0.1000, device='cuda:1') tensor(0.0234, device='cuda:1')
tensor(0.8844, device='cuda:1') tensor(0.1000, device='cuda:1') tensor(0.0156, device='cuda:1')
tensor(0.8688, device='cuda:1') tensor(0.1000, device='cuda:1') tensor(0.0312, device='cuda:1')
tensor(0.7359, device='cuda:1') tensor(0.1000, device='cuda:1') tensor(0.1641, device='cuda:1')
tensor(0.5328, device='cuda:1') tensor(0.1000, device='cuda:1') tensor(0.3672, device='cuda:1')
tensor(0.8844, device='cuda:1') tensor(0.1000, device='cuda:1') tensor(0.0156, device='cuda:1')
tensor(0.6734, device='cuda:1') tensor(0.1000, device='cuda:1') tensor(0.2266, device='cuda:1')
tensor(0.8766, device='cuda:1') tensor(0.1000, device='cuda:1') tensor(0.0234, device='cuda:1')
tensor(0.7047, device='cuda:1') tensor(0.1000, device='cuda:1') tensor(0.1953, device='cuda:1')
tensor(0.7828, device='cuda:1') tensor(0.1000, device='cuda:1') tensor(0.1172, device='cuda:1')
tensor(0.6813, device='cuda:1') tensor(0.1000, device='cuda:1') tensor(0.2188, device='cuda:1')
tensor(0.8063, device='cuda:1') tensor(0.1000, device='cuda:1') tensor(0.0938, device='cuda:1')
tensor(0.8766, device='cuda:1') tensor(0.1000, device='cuda:1') tensor(0.0234, device='cuda:1')
tensor(0.5172, device='cuda:1') tensor(0.1000, device='cuda:1') tensor(0.3828, device='cuda:1')
tensor(0.5953, device='cuda:1') tensor(0.1000, device='cuda:1') tensor(0.3047, device='cuda:1')
tensor(0.5953, device='cuda:1') tensor(0.1000, device='cuda:1') tensor(0.3047, device='cuda:1')
tensor(0.6109, device='cuda:1') tensor(0.1000, device='cuda:1') tensor(0.2891, device='cuda:1')
tensor(0.6422, device='cuda:1') tensor(0.1000, device='cuda:1') tensor(0.2578, device='cuda:1')
tensor(0.6109, device='cuda:1') tensor(0.1000, device='cuda:1') tensor(0.2891, device='cuda:1')
tensor(0.6109, device='cuda:1') tensor(0.1000, device='cuda:1') tensor(0.2891, device='cuda:1')
tensor(0.8609, device='cuda:1') tensor(0.1000, device='cuda:1') tensor(0.0391, device='cuda:1')
tensor(0.5953, device='cuda:1') tensor(0.1000, device='cuda:1') tensor(0.3047, device='cuda:1')
tensor(0.7516, device='cuda:1') tensor(0.1000, device='cuda:1') tensor(0.1484, device='cuda:1')
tensor(0.5250, device='cuda:1') tensor(0.1000, device='cuda:1') tensor(0.3750, device='cuda:1')
tensor(0.5250, device='cuda:1') tensor(0.1000, device='cuda:1') tensor(0.3750, device='cuda:1')
tensor(0.8063, device='cuda:1') tensor(0.1000, device='cuda:1') tensor(0.0938, device='cuda:1')
tensor(0.8844, device='cuda:1') tensor(0.1000, device='cuda:1') tensor(0.0156, device='cuda:1')
time 6.75
error 2623.48974609375
2 self_attn.q_proj
Quantizing ...
tensor(0.7125, device='cuda:1') tensor(0.1000, device='cuda:1') tensor(0.1875, device='cuda:1')
tensor(0.8687, device='cuda:1') tensor(0.1000, device='cuda:1') tensor(0.0312, device='cuda:1')
tensor(0.8453, device='cuda:1') tensor(0.1000, device='cuda:1') tensor(0.0547, device='cuda:1')
tensor(0.8687, device='cuda:1') tensor(0.1000, device='cuda:1') tensor(0.0312, device='cuda:1')
tensor(0.8766, device='cuda:1') tensor(0.1000, device='cuda:1') tensor(0.0234, device='cuda:1')
tensor(0.8453, device='cuda:1') tensor(0.1000, device='cuda:1') tensor(0.0547, device='cuda:1')
tensor(0.8219, device='cuda:1') tensor(0.1000, device='cuda:1') tensor(0.0781, device='cuda:1')
tensor(0.8609, device='cuda:1') tensor(0.1000, device='cuda:1') tensor(0.0391, device='cuda:1')
tensor(0.8687, device='cuda:1') tensor(0.1000, device='cuda:1') tensor(0.0312, device='cuda:1')
tensor(0.8453, device='cuda:1') tensor(0.1000, device='cuda:1') tensor(0.0547, device='cuda:1')
tensor(0.8609, device='cuda:1') tensor(0.1000, device='cuda:1') tensor(0.0391, device='cuda:1')
tensor(0.8297, device='cuda:1') tensor(0.1000, device='cuda:1') tensor(0.0703, device='cuda:1')
tensor(0.8687, device='cuda:1') tensor(0.1000, device='cuda:1') tensor(0.0312, device='cuda:1')
tensor(0.8297, device='cuda:1') tensor(0.1000, device='cuda:1') tensor(0.0703, device='cuda:1')
tensor(0.8609, device='cuda:1') tensor(0.1000, device='cuda:1') tensor(0.0391, device='cuda:1')
tensor(0.8141, device='cuda:1') tensor(0.1000, device='cuda:1') tensor(0.0859, device='cuda:1')
tensor(0.8375, device='cuda:1') tensor(0.1000, device='cuda:1') tensor(0.0625, device='cuda:1')
tensor(0.8531, device='cuda:1') tensor(0.1000, device='cuda:1') tensor(0.0469, device='cuda:1')
tensor(0.8609, device='cuda:1') tensor(0.1000, device='cuda:1') tensor(0.0391, device='cuda:1')
tensor(0.8766, device='cuda:1') tensor(0.1000, device='cuda:1') tensor(0.0234, device='cuda:1')
time 2.10
error 2033.24365234375
2 self_attn.k_proj
Quantizing ...
tensor(0.8062, device='cuda:1') tensor(0.1000, device='cuda:1') tensor(0.0938, device='cuda:1')
tensor(0.8766, device='cuda:1') tensor(0.1000, device='cuda:1') tensor(0.0234, device='cuda:1')
tensor(0.8609, device='cuda:1') tensor(0.1000, device='cuda:1') tensor(0.0391, device='cuda:1')
tensor(0.8766, device='cuda:1') tensor(0.1000, device='cuda:1') tensor(0.0234, device='cuda:1')
tensor(0.8844, device='cuda:1') tensor(0.1000, device='cuda:1') tensor(0.0156, device='cuda:1')
tensor(0.8687, device='cuda:1') tensor(0.1000, device='cuda:1') tensor(0.0312, device='cuda:1')
tensor(0.8687, device='cuda:1') tensor(0.1000, device='cuda:1') tensor(0.0312, device='cuda:1')
tensor(0.8062, device='cuda:1') tensor(0.1000, device='cuda:1') tensor(0.0938, device='cuda:1')
tensor(0.8687, device='cuda:1') tensor(0.1000, device='cuda:1') tensor(0.0312, device='cuda:1')
tensor(0.7203, device='cuda:1') tensor(0.1000, device='cuda:1') tensor(0.1797, device='cuda:1')
tensor(0.8766, device='cuda:1') tensor(0.1000, device='cuda:1') tensor(0.0234, device='cuda:1')
tensor(0.8453, device='cuda:1') tensor(0.1000, device='cuda:1') tensor(0.0547, device='cuda:1')
tensor(0.8766, device='cuda:1') tensor(0.1000, device='cuda:1') tensor(0.0234, device='cuda:1')
tensor(0.8219, device='cuda:1') tensor(0.1000, device='cuda:1') tensor(0.0781, device='cuda:1')
tensor(0.8687, device='cuda:1') tensor(0.1000, device='cuda:1') tensor(0.0312, device='cuda:1')
tensor(0.7906, device='cuda:1') tensor(0.1000, device='cuda:1') tensor(0.1094, device='cuda:1')
tensor(0.8531, device='cuda:1') tensor(0.1000, device='cuda:1') tensor(0.0469, device='cuda:1')
tensor(0.8531, device='cuda:1') tensor(0.1000, device='cuda:1') tensor(0.0469, device='cuda:1')
tensor(0.8453, device='cuda:1') tensor(0.1000, device='cuda:1') tensor(0.0547, device='cuda:1')
tensor(0.8687, device='cuda:1') tensor(0.1000, device='cuda:1') tensor(0.0312, device='cuda:1')
time 1.62
error 571.4984130859375
2 self_attn.v_proj
Quantizing ...
tensor(0.7594, device='cuda:1') tensor(0.1000, device='cuda:1') tensor(0.1406, device='cuda:1')
tensor(0.7906, device='cuda:1') tensor(0.1000, device='cuda:1') tensor(0.1094, device='cuda:1')
tensor(0.7516, device='cuda:1') tensor(0.1000, device='cuda:1') tensor(0.1484, device='cuda:1')
tensor(0.6891, device='cuda:1') tensor(0.1000, device='cuda:1') tensor(0.2109, device='cuda:1')
tensor(0.8453, device='cuda:1') tensor(0.1000, device='cuda:1') tensor(0.0547, device='cuda:1')
tensor(0.7516, device='cuda:1') tensor(0.1000, device='cuda:1') tensor(0.1484, device='cuda:1')
tensor(0.7281, device='cuda:1') tensor(0.1000, device='cuda:1') tensor(0.1719, device='cuda:1')
tensor(0.8453, device='cuda:1') tensor(0.1000, device='cuda:1') tensor(0.0547, device='cuda:1')
tensor(0.8375, device='cuda:1') tensor(0.1000, device='cuda:1') tensor(0.0625, device='cuda:1')
tensor(0.8531, device='cuda:1') tensor(0.1000, device='cuda:1') tensor(0.0469, device='cuda:1')
tensor(0.8687, device='cuda:1') tensor(0.1000, device='cuda:1') tensor(0.0312, device='cuda:1')
tensor(0.8453, device='cuda:1') tensor(0.1000, device='cuda:1') tensor(0.0547, device='cuda:1')
tensor(0.8297, device='cuda:1') tensor(0.1000, device='cuda:1') tensor(0.0703, device='cuda:1')
tensor(0.8609, device='cuda:1') tensor(0.1000, device='cuda:1') tensor(0.0391, device='cuda:1')
tensor(0.7984, device='cuda:1') tensor(0.1000, device='cuda:1') tensor(0.1016, device='cuda:1')
tensor(0.7672, device='cuda:1') tensor(0.1000, device='cuda:1') tensor(0.1328, device='cuda:1')
tensor(0.7594, device='cuda:1') tensor(0.1000, device='cuda:1') tensor(0.1406, device='cuda:1')
tensor(0.8453, device='cuda:1') tensor(0.1000, device='cuda:1') tensor(0.0547, device='cuda:1')
tensor(0.8531, device='cuda:1') tensor(0.1000, device='cuda:1') tensor(0.0469, device='cuda:1')
tensor(0.8375, device='cuda:1') tensor(0.1000, device='cuda:1') tensor(0.0625, device='cuda:1')
time 1.60
error 576.3856201171875
2 self_attn.o_proj
Quantizing ...
tensor(0.8609, device='cuda:1') tensor(0.1000, device='cuda:1') tensor(0.0391, device='cuda:1')
tensor(0.8844, device='cuda:1') tensor(0.1000, device='cuda:1') tensor(0.0156, device='cuda:1')
tensor(0.8297, device='cuda:1') tensor(0.1000, device='cuda:1') tensor(0.0703, device='cuda:1')
tensor(0.8609, device='cuda:1') tensor(0.1000, device='cuda:1') tensor(0.0391, device='cuda:1')
tensor(0.8375, device='cuda:1') tensor(0.1000, device='cuda:1') tensor(0.0625, device='cuda:1')
tensor(0.8297, device='cuda:1') tensor(0.1000, device='cuda:1') tensor(0.0703, device='cuda:1')
tensor(0.8531, device='cuda:1') tensor(0.1000, device='cuda:1') tensor(0.0469, device='cuda:1')
tensor(0.8453, device='cuda:1') tensor(0.1000, device='cuda:1') tensor(0.0547, device='cuda:1')
tensor(0.8063, device='cuda:1') tensor(0.1000, device='cuda:1') tensor(0.0938, device='cuda:1')
tensor(0.7750, device='cuda:1') tensor(0.1000, device='cuda:1') tensor(0.1250, device='cuda:1')
tensor(0.8688, device='cuda:1') tensor(0.1000, device='cuda:1') tensor(0.0312, device='cuda:1')
tensor(0.8531, device='cuda:1') tensor(0.1000, device='cuda:1') tensor(0.0469, device='cuda:1')
tensor(0.8297, device='cuda:1') tensor(0.1000, device='cuda:1') tensor(0.0703, device='cuda:1')
tensor(0.8297, device='cuda:1') tensor(0.1000, device='cuda:1') tensor(0.0703, device='cuda:1')
tensor(0.8375, device='cuda:1') tensor(0.1000, device='cuda:1') tensor(0.0625, device='cuda:1')
tensor(0.7438, device='cuda:1') tensor(0.1000, device='cuda:1') tensor(0.1562, device='cuda:1')
tensor(0.8688, device='cuda:1') tensor(0.1000, device='cuda:1') tensor(0.0312, device='cuda:1')
tensor(0.8609, device='cuda:1') tensor(0.1000, device='cuda:1') tensor(0.0391, device='cuda:1')
tensor(0.8375, device='cuda:1') tensor(0.1000, device='cuda:1') tensor(0.0625, device='cuda:1')
tensor(0.8688, device='cuda:1') tensor(0.1000, device='cuda:1') tensor(0.0312, device='cuda:1')
tensor(0.8531, device='cuda:1') tensor(0.1000, device='cuda:1') tensor(0.0469, device='cuda:1')
tensor(0.8766, device='cuda:1') tensor(0.1000, device='cuda:1') tensor(0.0234, device='cuda:1')
tensor(0.8531, device='cuda:1') tensor(0.1000, device='cuda:1') tensor(0.0469, device='cuda:1')
tensor(0.8688, device='cuda:1') tensor(0.1000, device='cuda:1') tensor(0.0312, device='cuda:1')
tensor(0.8375, device='cuda:1') tensor(0.1000, device='cuda:1') tensor(0.0625, device='cuda:1')
tensor(0.8375, device='cuda:1') tensor(0.1000, device='cuda:1') tensor(0.0625, device='cuda:1')
tensor(0.7594, device='cuda:1') tensor(0.1000, device='cuda:1') tensor(0.1406, device='cuda:1')
tensor(0.7359, device='cuda:1') tensor(0.1000, device='cuda:1') tensor(0.1641, device='cuda:1')
tensor(0.8531, device='cuda:1') tensor(0.1000, device='cuda:1') tensor(0.0469, device='cuda:1')
tensor(0.8531, device='cuda:1') tensor(0.1000, device='cuda:1') tensor(0.0469, device='cuda:1')
tensor(0.8688, device='cuda:1') tensor(0.1000, device='cuda:1') tensor(0.0312, device='cuda:1')
tensor(0.8609, device='cuda:1') tensor(0.1000, device='cuda:1') tensor(0.0391, device='cuda:1')
time 2.79
error 393.82818603515625
2 mlp.gate_proj
Quantizing ...
tensor(0.8609, device='cuda:1') tensor(0.1000, device='cuda:1') tensor(0.0391, device='cuda:1')
tensor(0.8687, device='cuda:1') tensor(0.1000, device='cuda:1') tensor(0.0312, device='cuda:1')
tensor(0.8844, device='cuda:1') tensor(0.1000, device='cuda:1') tensor(0.0156, device='cuda:1')
tensor(0.8766, device='cuda:1') tensor(0.1000, device='cuda:1') tensor(0.0234, device='cuda:1')
tensor(0.8609, device='cuda:1') tensor(0.1000, device='cuda:1') tensor(0.0391, device='cuda:1')
tensor(0.8219, device='cuda:1') tensor(0.1000, device='cuda:1') tensor(0.0781, device='cuda:1')
tensor(0.8531, device='cuda:1') tensor(0.1000, device='cuda:1') tensor(0.0469, device='cuda:1')
tensor(0.8531, device='cuda:1') tensor(0.1000, device='cuda:1') tensor(0.0469, device='cuda:1')
tensor(0.8766, device='cuda:1') tensor(0.1000, device='cuda:1') tensor(0.0234, device='cuda:1')
tensor(0.8375, device='cuda:1') tensor(0.1000, device='cuda:1') tensor(0.0625, device='cuda:1')
tensor(0.8609, device='cuda:1') tensor(0.1000, device='cuda:1') tensor(0.0391, device='cuda:1')
tensor(0.8297, device='cuda:1') tensor(0.1000, device='cuda:1') tensor(0.0703, device='cuda:1')
tensor(0.8531, device='cuda:1') tensor(0.1000, device='cuda:1') tensor(0.0469, device='cuda:1')
tensor(0.8531, device='cuda:1') tensor(0.1000, device='cuda:1') tensor(0.0469, device='cuda:1')
tensor(0.8687, device='cuda:1') tensor(0.1000, device='cuda:1') tensor(0.0312, device='cuda:1')
tensor(0.8609, device='cuda:1') tensor(0.1000, device='cuda:1') tensor(0.0391, device='cuda:1')
tensor(0.8609, device='cuda:1') tensor(0.1000, device='cuda:1') tensor(0.0391, device='cuda:1')
tensor(0.8609, device='cuda:1') tensor(0.1000, device='cuda:1') tensor(0.0391, device='cuda:1')
tensor(0.8531, device='cuda:1') tensor(0.1000, device='cuda:1') tensor(0.0469, device='cuda:1')
tensor(0.8687, device='cuda:1') tensor(0.1000, device='cuda:1') tensor(0.0312, device='cuda:1')
time 2.41
error 599385.875
2 mlp.up_proj
Quantizing ...
tensor(0.8453, device='cuda:1') tensor(0.1000, device='cuda:1') tensor(0.0547, device='cuda:1')
tensor(0.8531, device='cuda:1') tensor(0.1000, device='cuda:1') tensor(0.0469, device='cuda:1')
tensor(0.8844, device='cuda:1') tensor(0.1000, device='cuda:1') tensor(0.0156, device='cuda:1')
tensor(0.8766, device='cuda:1') tensor(0.1000, device='cuda:1') tensor(0.0234, device='cuda:1')
tensor(0.8531, device='cuda:1') tensor(0.1000, device='cuda:1') tensor(0.0469, device='cuda:1')
tensor(0.8219, device='cuda:1') tensor(0.1000, device='cuda:1') tensor(0.0781, device='cuda:1')
tensor(0.8687, device='cuda:1') tensor(0.1000, device='cuda:1') tensor(0.0312, device='cuda:1')
tensor(0.8609, device='cuda:1') tensor(0.1000, device='cuda:1') tensor(0.0391, device='cuda:1')
tensor(0.8687, device='cuda:1') tensor(0.1000, device='cuda:1') tensor(0.0312, device='cuda:1')
tensor(0.8531, device='cuda:1') tensor(0.1000, device='cuda:1') tensor(0.0469, device='cuda:1')
tensor(0.8687, device='cuda:1') tensor(0.1000, device='cuda:1') tensor(0.0312, device='cuda:1')
tensor(0.8687, device='cuda:1') tensor(0.1000, device='cuda:1') tensor(0.0312, device='cuda:1')
tensor(0.8531, device='cuda:1') tensor(0.1000, device='cuda:1') tensor(0.0469, device='cuda:1')
tensor(0.8609, device='cuda:1') tensor(0.1000, device='cuda:1') tensor(0.0391, device='cuda:1')
tensor(0.8609, device='cuda:1') tensor(0.1000, device='cuda:1') tensor(0.0391, device='cuda:1')
tensor(0.8609, device='cuda:1') tensor(0.1000, device='cuda:1') tensor(0.0391, device='cuda:1')
tensor(0.8609, device='cuda:1') tensor(0.1000, device='cuda:1') tensor(0.0391, device='cuda:1')
tensor(0.8609, device='cuda:1') tensor(0.1000, device='cuda:1') tensor(0.0391, device='cuda:1')
tensor(0.8531, device='cuda:1') tensor(0.1000, device='cuda:1') tensor(0.0469, device='cuda:1')
tensor(0.8687, device='cuda:1') tensor(0.1000, device='cuda:1') tensor(0.0312, device='cuda:1')
time 2.39
error 455250.71875
2 mlp.down_proj
Quantizing ...
tensor(0.8844, device='cuda:1') tensor(0.1000, device='cuda:1') tensor(0.0156, device='cuda:1')
tensor(0.8844, device='cuda:1') tensor(0.1000, device='cuda:1') tensor(0.0156, device='cuda:1')
tensor(0.8766, device='cuda:1') tensor(0.1000, device='cuda:1') tensor(0.0234, device='cuda:1')
tensor(0.8844, device='cuda:1') tensor(0.1000, device='cuda:1') tensor(0.0156, device='cuda:1')
tensor(0.8688, device='cuda:1') tensor(0.1000, device='cuda:1') tensor(0.0312, device='cuda:1')
tensor(0.8453, device='cuda:1') tensor(0.1000, device='cuda:1') tensor(0.0547, device='cuda:1')
tensor(0.7594, device='cuda:1') tensor(0.1000, device='cuda:1') tensor(0.1406, device='cuda:1')
tensor(0.8688, device='cuda:1') tensor(0.1000, device='cuda:1') tensor(0.0312, device='cuda:1')
tensor(0.6656, device='cuda:1') tensor(0.1000, device='cuda:1') tensor(0.2344, device='cuda:1')
tensor(0.8688, device='cuda:1') tensor(0.1000, device='cuda:1') tensor(0.0312, device='cuda:1')
tensor(0.8453, device='cuda:1') tensor(0.1000, device='cuda:1') tensor(0.0547, device='cuda:1')
tensor(0.8453, device='cuda:1') tensor(0.1000, device='cuda:1') tensor(0.0547, device='cuda:1')
tensor(0.8844, device='cuda:1') tensor(0.1000, device='cuda:1') tensor(0.0156, device='cuda:1')
tensor(0.7906, device='cuda:1') tensor(0.1000, device='cuda:1') tensor(0.1094, device='cuda:1')
tensor(0.8297, device='cuda:1') tensor(0.1000, device='cuda:1') tensor(0.0703, device='cuda:1')
tensor(0.7906, device='cuda:1') tensor(0.1000, device='cuda:1') tensor(0.1094, device='cuda:1')
tensor(0.6656, device='cuda:1') tensor(0.1000, device='cuda:1') tensor(0.2344, device='cuda:1')
tensor(0.7828, device='cuda:1') tensor(0.1000, device='cuda:1') tensor(0.1172, device='cuda:1')
tensor(0.8375, device='cuda:1') tensor(0.1000, device='cuda:1') tensor(0.0625, device='cuda:1')
tensor(0.7438, device='cuda:1') tensor(0.1000, device='cuda:1') tensor(0.1562, device='cuda:1')
tensor(0.8453, device='cuda:1') tensor(0.1000, device='cuda:1') tensor(0.0547, device='cuda:1')
tensor(0.8219, device='cuda:1') tensor(0.1000, device='cuda:1') tensor(0.0781, device='cuda:1')
tensor(0.8063, device='cuda:1') tensor(0.1000, device='cuda:1') tensor(0.0938, device='cuda:1')
tensor(0.7906, device='cuda:1') tensor(0.1000, device='cuda:1') tensor(0.1094, device='cuda:1')
tensor(0.8375, device='cuda:1') tensor(0.1000, device='cuda:1') tensor(0.0625, device='cuda:1')
tensor(0.8531, device='cuda:1') tensor(0.1000, device='cuda:1') tensor(0.0469, device='cuda:1')
tensor(0.7359, device='cuda:1') tensor(0.1000, device='cuda:1') tensor(0.1641, device='cuda:1')
tensor(0.7984, device='cuda:1') tensor(0.1000, device='cuda:1') tensor(0.1016, device='cuda:1')
tensor(0.8688, device='cuda:1') tensor(0.1000, device='cuda:1') tensor(0.0312, device='cuda:1')
tensor(0.8609, device='cuda:1') tensor(0.1000, device='cuda:1') tensor(0.0391, device='cuda:1')
tensor(0.8375, device='cuda:1') tensor(0.1000, device='cuda:1') tensor(0.0625, device='cuda:1')
tensor(0.8531, device='cuda:1') tensor(0.1000, device='cuda:1') tensor(0.0469, device='cuda:1')
tensor(0.8453, device='cuda:1') tensor(0.1000, device='cuda:1') tensor(0.0547, device='cuda:1')
tensor(0.8453, device='cuda:1') tensor(0.1000, device='cuda:1') tensor(0.0547, device='cuda:1')
tensor(0.8531, device='cuda:1') tensor(0.1000, device='cuda:1') tensor(0.0469, device='cuda:1')
tensor(0.7984, device='cuda:1') tensor(0.1000, device='cuda:1') tensor(0.1016, device='cuda:1')
tensor(0.8531, device='cuda:1') tensor(0.1000, device='cuda:1') tensor(0.0469, device='cuda:1')
tensor(0.8531, device='cuda:1') tensor(0.1000, device='cuda:1') tensor(0.0469, device='cuda:1')
tensor(0.8219, device='cuda:1') tensor(0.1000, device='cuda:1') tensor(0.0781, device='cuda:1')
tensor(0.8219, device='cuda:1') tensor(0.1000, device='cuda:1') tensor(0.0781, device='cuda:1')
tensor(0.8297, device='cuda:1') tensor(0.1000, device='cuda:1') tensor(0.0703, device='cuda:1')
tensor(0.8297, device='cuda:1') tensor(0.1000, device='cuda:1') tensor(0.0703, device='cuda:1')
tensor(0.8609, device='cuda:1') tensor(0.1000, device='cuda:1') tensor(0.0391, device='cuda:1')
tensor(0.8609, device='cuda:1') tensor(0.1000, device='cuda:1') tensor(0.0391, device='cuda:1')
tensor(0.8688, device='cuda:1') tensor(0.1000, device='cuda:1') tensor(0.0312, device='cuda:1')
tensor(0.8688, device='cuda:1') tensor(0.1000, device='cuda:1') tensor(0.0312, device='cuda:1')
tensor(0.8688, device='cuda:1') tensor(0.1000, device='cuda:1') tensor(0.0312, device='cuda:1')
tensor(0.8609, device='cuda:1') tensor(0.1000, device='cuda:1') tensor(0.0391, device='cuda:1')
tensor(0.8531, device='cuda:1') tensor(0.1000, device='cuda:1') tensor(0.0469, device='cuda:1')
tensor(0.8766, device='cuda:1') tensor(0.1000, device='cuda:1') tensor(0.0234, device='cuda:1')
tensor(0.8609, device='cuda:1') tensor(0.1000, device='cuda:1') tensor(0.0391, device='cuda:1')
tensor(0.8219, device='cuda:1') tensor(0.1000, device='cuda:1') tensor(0.0781, device='cuda:1')
tensor(0.8453, device='cuda:1') tensor(0.1000, device='cuda:1') tensor(0.0547, device='cuda:1')
tensor(0.8297, device='cuda:1') tensor(0.1000, device='cuda:1') tensor(0.0703, device='cuda:1')
tensor(0.7594, device='cuda:1') tensor(0.1000, device='cuda:1') tensor(0.1406, device='cuda:1')
tensor(0.8609, device='cuda:1') tensor(0.1000, device='cuda:1') tensor(0.0391, device='cuda:1')
tensor(0.8688, device='cuda:1') tensor(0.1000, device='cuda:1') tensor(0.0312, device='cuda:1')
tensor(0.8141, device='cuda:1') tensor(0.1000, device='cuda:1') tensor(0.0859, device='cuda:1')
tensor(0.8063, device='cuda:1') tensor(0.1000, device='cuda:1') tensor(0.0938, device='cuda:1')
tensor(0.8375, device='cuda:1') tensor(0.1000, device='cuda:1') tensor(0.0625, device='cuda:1')
tensor(0.8375, device='cuda:1') tensor(0.1000, device='cuda:1') tensor(0.0625, device='cuda:1')
tensor(0.7281, device='cuda:1') tensor(0.1000, device='cuda:1') tensor(0.1719, device='cuda:1')
tensor(0.8766, device='cuda:1') tensor(0.1000, device='cuda:1') tensor(0.0234, device='cuda:1')
tensor(0.8688, device='cuda:1') tensor(0.1000, device='cuda:1') tensor(0.0312, device='cuda:1')
tensor(0.8766, device='cuda:1') tensor(0.1000, device='cuda:1') tensor(0.0234, device='cuda:1')
tensor(0.8609, device='cuda:1') tensor(0.1000, device='cuda:1') tensor(0.0391, device='cuda:1')
tensor(0.8375, device='cuda:1') tensor(0.1000, device='cuda:1') tensor(0.0625, device='cuda:1')
tensor(0.8141, device='cuda:1') tensor(0.1000, device='cuda:1') tensor(0.0859, device='cuda:1')
tensor(0.8453, device='cuda:1') tensor(0.1000, device='cuda:1') tensor(0.0547, device='cuda:1')
tensor(0.8141, device='cuda:1') tensor(0.1000, device='cuda:1') tensor(0.0859, device='cuda:1')
tensor(0.7750, device='cuda:1') tensor(0.1000, device='cuda:1') tensor(0.1250, device='cuda:1')
tensor(0.8844, device='cuda:1') tensor(0.1000, device='cuda:1') tensor(0.0156, device='cuda:1')
tensor(0.8609, device='cuda:1') tensor(0.1000, device='cuda:1') tensor(0.0391, device='cuda:1')
tensor(0.8688, device='cuda:1') tensor(0.1000, device='cuda:1') tensor(0.0312, device='cuda:1')
tensor(0.8531, device='cuda:1') tensor(0.1000, device='cuda:1') tensor(0.0469, device='cuda:1')
tensor(0.8531, device='cuda:1') tensor(0.1000, device='cuda:1') tensor(0.0469, device='cuda:1')
time 6.77
error 1552.653076171875
3 self_attn.q_proj
Quantizing ...
tensor(0.7984, device='cuda:1') tensor(0.1000, device='cuda:1') tensor(0.1016, device='cuda:1')
tensor(0.8687, device='cuda:1') tensor(0.1000, device='cuda:1') tensor(0.0312, device='cuda:1')
tensor(0.8766, device='cuda:1') tensor(0.1000, device='cuda:1') tensor(0.0234, device='cuda:1')
tensor(0.8141, device='cuda:1') tensor(0.1000, device='cuda:1') tensor(0.0859, device='cuda:1')
tensor(0.7906, device='cuda:1') tensor(0.1000, device='cuda:1') tensor(0.1094, device='cuda:1')
tensor(0.8531, device='cuda:1') tensor(0.1000, device='cuda:1') tensor(0.0469, device='cuda:1')
tensor(0.8297, device='cuda:1') tensor(0.1000, device='cuda:1') tensor(0.0703, device='cuda:1')
tensor(0.8453, device='cuda:1') tensor(0.1000, device='cuda:1') tensor(0.0547, device='cuda:1')
tensor(0.8609, device='cuda:1') tensor(0.1000, device='cuda:1') tensor(0.0391, device='cuda:1')
tensor(0.8375, device='cuda:1') tensor(0.1000, device='cuda:1') tensor(0.0625, device='cuda:1')
tensor(0.8687, device='cuda:1') tensor(0.1000, device='cuda:1') tensor(0.0312, device='cuda:1')
tensor(0.8219, device='cuda:1') tensor(0.1000, device='cuda:1') tensor(0.0781, device='cuda:1')
tensor(0.7984, device='cuda:1') tensor(0.1000, device='cuda:1') tensor(0.1016, device='cuda:1')
tensor(0.8531, device='cuda:1') tensor(0.1000, device='cuda:1') tensor(0.0469, device='cuda:1')
tensor(0.8687, device='cuda:1') tensor(0.1000, device='cuda:1') tensor(0.0312, device='cuda:1')
tensor(0.8375, device='cuda:1') tensor(0.1000, device='cuda:1') tensor(0.0625, device='cuda:1')
tensor(0.8062, device='cuda:1') tensor(0.1000, device='cuda:1') tensor(0.0938, device='cuda:1')
tensor(0.8687, device='cuda:1') tensor(0.1000, device='cuda:1') tensor(0.0312, device='cuda:1')
tensor(0.8531, device='cuda:1') tensor(0.1000, device='cuda:1') tensor(0.0469, device='cuda:1')
tensor(0.8609, device='cuda:1') tensor(0.1000, device='cuda:1') tensor(0.0391, device='cuda:1')
time 2.21
error 3558.3486328125
3 self_attn.k_proj
Quantizing ...
tensor(0.8375, device='cuda:1') tensor(0.1000, device='cuda:1') tensor(0.0625, device='cuda:1')
tensor(0.5250, device='cuda:1') tensor(0.1000, device='cuda:1') tensor(0.3750, device='cuda:1')
tensor(0.8844, device='cuda:1') tensor(0.1000, device='cuda:1') tensor(0.0156, device='cuda:1')
tensor(0.8375, device='cuda:1') tensor(0.1000, device='cuda:1') tensor(0.0625, device='cuda:1')
tensor(0.8687, device='cuda:1') tensor(0.1000, device='cuda:1') tensor(0.0312, device='cuda:1')
tensor(0.8531, device='cuda:1') tensor(0.1000, device='cuda:1') tensor(0.0469, device='cuda:1')
tensor(0.6109, device='cuda:1') tensor(0.1000, device='cuda:1') tensor(0.2891, device='cuda:1')
tensor(0.8531, device='cuda:1') tensor(0.1000, device='cuda:1') tensor(0.0469, device='cuda:1')
tensor(0.8766, device='cuda:1') tensor(0.1000, device='cuda:1') tensor(0.0234, device='cuda:1')
tensor(0.8453, device='cuda:1') tensor(0.1000, device='cuda:1') tensor(0.0547, device='cuda:1')
tensor(0.8687, device='cuda:1') tensor(0.1000, device='cuda:1') tensor(0.0312, device='cuda:1')
tensor(0.8062, device='cuda:1') tensor(0.1000, device='cuda:1') tensor(0.0938, device='cuda:1')
tensor(0.7984, device='cuda:1') tensor(0.1000, device='cuda:1') tensor(0.1016, device='cuda:1')
tensor(0.8375, device='cuda:1') tensor(0.1000, device='cuda:1') tensor(0.0625, device='cuda:1')
tensor(0.8687, device='cuda:1') tensor(0.1000, device='cuda:1') tensor(0.0312, device='cuda:1')
tensor(0.8375, device='cuda:1') tensor(0.1000, device='cuda:1') tensor(0.0625, device='cuda:1')
tensor(0.8375, device='cuda:1') tensor(0.1000, device='cuda:1') tensor(0.0625, device='cuda:1')
tensor(0.8766, device='cuda:1') tensor(0.1000, device='cuda:1') tensor(0.0234, device='cuda:1')
tensor(0.8531, device='cuda:1') tensor(0.1000, device='cuda:1') tensor(0.0469, device='cuda:1')
tensor(0.8531, device='cuda:1') tensor(0.1000, device='cuda:1') tensor(0.0469, device='cuda:1')
time 1.82
error 901.93798828125
3 self_attn.v_proj
Quantizing ...
tensor(0.5562, device='cuda:1') tensor(0.1000, device='cuda:1') tensor(0.3438, device='cuda:1')
tensor(0.5250, device='cuda:1') tensor(0.1000, device='cuda:1') tensor(0.3750, device='cuda:1')
tensor(0.5562, device='cuda:1') tensor(0.1000, device='cuda:1') tensor(0.3438, device='cuda:1')
tensor(0.5328, device='cuda:1') tensor(0.1000, device='cuda:1') tensor(0.3672, device='cuda:1')
tensor(0.5250, device='cuda:1') tensor(0.1000, device='cuda:1') tensor(0.3750, device='cuda:1')
tensor(0.6891, device='cuda:1') tensor(0.1000, device='cuda:1') tensor(0.2109, device='cuda:1')
tensor(0.7594, device='cuda:1') tensor(0.1000, device='cuda:1') tensor(0.1406, device='cuda:1')
tensor(0.8609, device='cuda:1') tensor(0.1000, device='cuda:1') tensor(0.0391, device='cuda:1')
tensor(0.7750, device='cuda:1') tensor(0.1000, device='cuda:1') tensor(0.1250, device='cuda:1')
tensor(0.8297, device='cuda:1') tensor(0.1000, device='cuda:1') tensor(0.0703, device='cuda:1')
tensor(0.8453, device='cuda:1') tensor(0.1000, device='cuda:1') tensor(0.0547, device='cuda:1')
tensor(0.8219, device='cuda:1') tensor(0.1000, device='cuda:1') tensor(0.0781, device='cuda:1')
tensor(0.8062, device='cuda:1') tensor(0.1000, device='cuda:1') tensor(0.0938, device='cuda:1')
tensor(0.8609, device='cuda:1') tensor(0.1000, device='cuda:1') tensor(0.0391, device='cuda:1')
tensor(0.8453, device='cuda:1') tensor(0.1000, device='cuda:1') tensor(0.0547, device='cuda:1')
tensor(0.8219, device='cuda:1') tensor(0.1000, device='cuda:1') tensor(0.0781, device='cuda:1')
tensor(0.8219, device='cuda:1') tensor(0.1000, device='cuda:1') tensor(0.0781, device='cuda:1')
tensor(0.8687, device='cuda:1') tensor(0.1000, device='cuda:1') tensor(0.0312, device='cuda:1')
tensor(0.8531, device='cuda:1') tensor(0.1000, device='cuda:1') tensor(0.0469, device='cuda:1')
tensor(0.8531, device='cuda:1') tensor(0.1000, device='cuda:1') tensor(0.0469, device='cuda:1')
time 1.78
error 957.9948120117188
3 self_attn.o_proj
Quantizing ...
tensor(0.7594, device='cuda:1') tensor(0.1000, device='cuda:1') tensor(0.1406, device='cuda:1')
tensor(0.7984, device='cuda:1') tensor(0.1000, device='cuda:1') tensor(0.1016, device='cuda:1')
tensor(0.8219, device='cuda:1') tensor(0.1000, device='cuda:1') tensor(0.0781, device='cuda:1')
tensor(0.8141, device='cuda:1') tensor(0.1000, device='cuda:1') tensor(0.0859, device='cuda:1')
tensor(0.6656, device='cuda:1') tensor(0.1000, device='cuda:1') tensor(0.2344, device='cuda:1')
tensor(0.8453, device='cuda:1') tensor(0.1000, device='cuda:1') tensor(0.0547, device='cuda:1')
tensor(0.8219, device='cuda:1') tensor(0.1000, device='cuda:1') tensor(0.0781, device='cuda:1')
tensor(0.8375, device='cuda:1') tensor(0.1000, device='cuda:1') tensor(0.0625, device='cuda:1')
tensor(0.8531, device='cuda:1') tensor(0.1000, device='cuda:1') tensor(0.0469, device='cuda:1')
tensor(0.8531, device='cuda:1') tensor(0.1000, device='cuda:1') tensor(0.0469, device='cuda:1')
tensor(0.7906, device='cuda:1') tensor(0.1000, device='cuda:1') tensor(0.1094, device='cuda:1')
tensor(0.5563, device='cuda:1') tensor(0.1000, device='cuda:1') tensor(0.3438, device='cuda:1')
tensor(0.8766, device='cuda:1') tensor(0.1000, device='cuda:1') tensor(0.0234, device='cuda:1')
tensor(0.8766, device='cuda:1') tensor(0.1000, device='cuda:1') tensor(0.0234, device='cuda:1')
tensor(0.8766, device='cuda:1') tensor(0.1000, device='cuda:1') tensor(0.0234, device='cuda:1')
tensor(0.8766, device='cuda:1') tensor(0.1000, device='cuda:1') tensor(0.0234, device='cuda:1')
tensor(0.8688, device='cuda:1') tensor(0.1000, device='cuda:1') tensor(0.0312, device='cuda:1')
tensor(0.8297, device='cuda:1') tensor(0.1000, device='cuda:1') tensor(0.0703, device='cuda:1')
tensor(0.8297, device='cuda:1') tensor(0.1000, device='cuda:1') tensor(0.0703, device='cuda:1')
tensor(0.8375, device='cuda:1') tensor(0.1000, device='cuda:1') tensor(0.0625, device='cuda:1')
tensor(0.8531, device='cuda:1') tensor(0.1000, device='cuda:1') tensor(0.0469, device='cuda:1')
tensor(0.7750, device='cuda:1') tensor(0.1000, device='cuda:1') tensor(0.1250, device='cuda:1')
tensor(0.8453, device='cuda:1') tensor(0.1000, device='cuda:1') tensor(0.0547, device='cuda:1')
tensor(0.8688, device='cuda:1') tensor(0.1000, device='cuda:1') tensor(0.0312, device='cuda:1')
tensor(0.6969, device='cuda:1') tensor(0.1000, device='cuda:1') tensor(0.2031, device='cuda:1')
tensor(0.7594, device='cuda:1') tensor(0.1000, device='cuda:1') tensor(0.1406, device='cuda:1')
tensor(0.7281, device='cuda:1') tensor(0.1000, device='cuda:1') tensor(0.1719, device='cuda:1')
tensor(0.6891, device='cuda:1') tensor(0.1000, device='cuda:1') tensor(0.2109, device='cuda:1')
tensor(0.8844, device='cuda:1') tensor(0.1000, device='cuda:1') tensor(0.0156, device='cuda:1')
tensor(0.8688, device='cuda:1') tensor(0.1000, device='cuda:1') tensor(0.0312, device='cuda:1')
tensor(0.8688, device='cuda:1') tensor(0.1000, device='cuda:1') tensor(0.0312, device='cuda:1')
tensor(0.8766, device='cuda:1') tensor(0.1000, device='cuda:1') tensor(0.0234, device='cuda:1')
time 3.03
error 898.7350463867188
3 mlp.gate_proj
Quantizing ...
tensor(0.8843, device='cuda:1') tensor(0.1001, device='cuda:1') tensor(0.0156, device='cuda:1')
tensor(0.8531, device='cuda:1') tensor(0.1000, device='cuda:1') tensor(0.0469, device='cuda:1')
tensor(0.8844, device='cuda:1') tensor(0.1000, device='cuda:1') tensor(0.0156, device='cuda:1')
tensor(0.8766, device='cuda:1') tensor(0.1000, device='cuda:1') tensor(0.0234, device='cuda:1')
tensor(0.8687, device='cuda:1') tensor(0.1000, device='cuda:1') tensor(0.0312, device='cuda:1')
tensor(0.7906, device='cuda:1') tensor(0.1000, device='cuda:1') tensor(0.1094, device='cuda:1')
tensor(0.8453, device='cuda:1') tensor(0.1000, device='cuda:1') tensor(0.0547, device='cuda:1')
tensor(0.8453, device='cuda:1') tensor(0.1000, device='cuda:1') tensor(0.0547, device='cuda:1')
tensor(0.8766, device='cuda:1') tensor(0.1000, device='cuda:1') tensor(0.0234, device='cuda:1')
tensor(0.8531, device='cuda:1') tensor(0.1000, device='cuda:1') tensor(0.0469, device='cuda:1')
tensor(0.8766, device='cuda:1') tensor(0.1000, device='cuda:1') tensor(0.0234, device='cuda:1')
tensor(0.8531, device='cuda:1') tensor(0.1000, device='cuda:1') tensor(0.0469, device='cuda:1')
tensor(0.8687, device='cuda:1') tensor(0.1000, device='cuda:1') tensor(0.0312, device='cuda:1')
tensor(0.8531, device='cuda:1') tensor(0.1000, device='cuda:1') tensor(0.0469, device='cuda:1')
tensor(0.8609, device='cuda:1') tensor(0.1000, device='cuda:1') tensor(0.0391, device='cuda:1')
tensor(0.8531, device='cuda:1') tensor(0.1000, device='cuda:1') tensor(0.0469, device='cuda:1')
tensor(0.8531, device='cuda:1') tensor(0.1000, device='cuda:1') tensor(0.0469, device='cuda:1')
tensor(0.8531, device='cuda:1') tensor(0.1000, device='cuda:1') tensor(0.0469, device='cuda:1')
tensor(0.8453, device='cuda:1') tensor(0.1000, device='cuda:1') tensor(0.0547, device='cuda:1')
tensor(0.8687, device='cuda:1') tensor(0.1000, device='cuda:1') tensor(0.0312, device='cuda:1')
time 2.41
error 850668.625
3 mlp.up_proj
Quantizing ...
tensor(0.8609, device='cuda:1') tensor(0.1000, device='cuda:1') tensor(0.0391, device='cuda:1')
tensor(0.5250, device='cuda:1') tensor(0.1000, device='cuda:1') tensor(0.3750, device='cuda:1')
tensor(0.8687, device='cuda:1') tensor(0.1000, device='cuda:1') tensor(0.0312, device='cuda:1')
tensor(0.8687, device='cuda:1') tensor(0.1000, device='cuda:1') tensor(0.0312, device='cuda:1')
tensor(0.8766, device='cuda:1') tensor(0.1000, device='cuda:1') tensor(0.0234, device='cuda:1')
tensor(0.8141, device='cuda:1') tensor(0.1000, device='cuda:1') tensor(0.0859, device='cuda:1')
tensor(0.8609, device='cuda:1') tensor(0.1000, device='cuda:1') tensor(0.0391, device='cuda:1')
tensor(0.8609, device='cuda:1') tensor(0.1000, device='cuda:1') tensor(0.0391, device='cuda:1')
tensor(0.8766, device='cuda:1') tensor(0.1000, device='cuda:1') tensor(0.0234, device='cuda:1')
tensor(0.8609, device='cuda:1') tensor(0.1000, device='cuda:1') tensor(0.0391, device='cuda:1')
tensor(0.8687, device='cuda:1') tensor(0.1000, device='cuda:1') tensor(0.0312, device='cuda:1')
tensor(0.8609, device='cuda:1') tensor(0.1000, device='cuda:1') tensor(0.0391, device='cuda:1')
tensor(0.8531, device='cuda:1') tensor(0.1000, device='cuda:1') tensor(0.0469, device='cuda:1')
tensor(0.8453, device='cuda:1') tensor(0.1000, device='cuda:1') tensor(0.0547, device='cuda:1')
tensor(0.8687, device='cuda:1') tensor(0.1000, device='cuda:1') tensor(0.0312, device='cuda:1')
tensor(0.8609, device='cuda:1') tensor(0.1000, device='cuda:1') tensor(0.0391, device='cuda:1')
tensor(0.8609, device='cuda:1') tensor(0.1000, device='cuda:1') tensor(0.0391, device='cuda:1')
tensor(0.8609, device='cuda:1') tensor(0.1000, device='cuda:1') tensor(0.0391, device='cuda:1')
tensor(0.8609, device='cuda:1') tensor(0.1000, device='cuda:1') tensor(0.0391, device='cuda:1')
tensor(0.8687, device='cuda:1') tensor(0.1000, device='cuda:1') tensor(0.0312, device='cuda:1')
time 2.42
error 431754.40625
3 mlp.down_proj
Quantizing ...
tensor(0.8765, device='cuda:1') tensor(0.1000, device='cuda:1') tensor(0.0234, device='cuda:1')
tensor(0.8531, device='cuda:1') tensor(0.1000, device='cuda:1') tensor(0.0469, device='cuda:1')
tensor(0.8453, device='cuda:1') tensor(0.1000, device='cuda:1') tensor(0.0547, device='cuda:1')
tensor(0.8531, device='cuda:1') tensor(0.1000, device='cuda:1') tensor(0.0469, device='cuda:1')
tensor(0.8609, device='cuda:1') tensor(0.1000, device='cuda:1') tensor(0.0391, device='cuda:1')
tensor(0.8453, device='cuda:1') tensor(0.1000, device='cuda:1') tensor(0.0547, device='cuda:1')
tensor(0.8219, device='cuda:1') tensor(0.1000, device='cuda:1') tensor(0.0781, device='cuda:1')
tensor(0.7516, device='cuda:1') tensor(0.1000, device='cuda:1') tensor(0.1484, device='cuda:1')
tensor(0.8531, device='cuda:1') tensor(0.1000, device='cuda:1') tensor(0.0469, device='cuda:1')
tensor(0.8297, device='cuda:1') tensor(0.1000, device='cuda:1') tensor(0.0703, device='cuda:1')
tensor(0.8531, device='cuda:1') tensor(0.1000, device='cuda:1') tensor(0.0469, device='cuda:1')
tensor(0.8531, device='cuda:1') tensor(0.1000, device='cuda:1') tensor(0.0469, device='cuda:1')
tensor(0.8453, device='cuda:1') tensor(0.1000, device='cuda:1') tensor(0.0547, device='cuda:1')
tensor(0.8141, device='cuda:1') tensor(0.1000, device='cuda:1') tensor(0.0859, device='cuda:1')
tensor(0.8766, device='cuda:1') tensor(0.1000, device='cuda:1') tensor(0.0234, device='cuda:1')
tensor(0.8531, device='cuda:1') tensor(0.1000, device='cuda:1') tensor(0.0469, device='cuda:1')
tensor(0.8141, device='cuda:1') tensor(0.1000, device='cuda:1') tensor(0.0859, device='cuda:1')
tensor(0.8531, device='cuda:1') tensor(0.1000, device='cuda:1') tensor(0.0469, device='cuda:1')
tensor(0.6891, device='cuda:1') tensor(0.1000, device='cuda:1') tensor(0.2109, device='cuda:1')
tensor(0.8609, device='cuda:1') tensor(0.1000, device='cuda:1') tensor(0.0391, device='cuda:1')
tensor(0.8688, device='cuda:1') tensor(0.1000, device='cuda:1') tensor(0.0312, device='cuda:1')
tensor(0.8063, device='cuda:1') tensor(0.1000, device='cuda:1') tensor(0.0938, device='cuda:1')
tensor(0.8766, device='cuda:1') tensor(0.1000, device='cuda:1') tensor(0.0234, device='cuda:1')
tensor(0.8297, device='cuda:1') tensor(0.1000, device='cuda:1') tensor(0.0703, device='cuda:1')
tensor(0.8688, device='cuda:1') tensor(0.1000, device='cuda:1') tensor(0.0312, device='cuda:1')
tensor(0.7828, device='cuda:1') tensor(0.1000, device='cuda:1') tensor(0.1172, device='cuda:1')
tensor(0.8609, device='cuda:1') tensor(0.1000, device='cuda:1') tensor(0.0391, device='cuda:1')
tensor(0.8219, device='cuda:1') tensor(0.1000, device='cuda:1') tensor(0.0781, device='cuda:1')
tensor(0.7906, device='cuda:1') tensor(0.1000, device='cuda:1') tensor(0.1094, device='cuda:1')
tensor(0.8141, device='cuda:1') tensor(0.1000, device='cuda:1') tensor(0.0859, device='cuda:1')
tensor(0.8453, device='cuda:1') tensor(0.1000, device='cuda:1') tensor(0.0547, device='cuda:1')
tensor(0.8688, device='cuda:1') tensor(0.1000, device='cuda:1') tensor(0.0312, device='cuda:1')
tensor(0.8531, device='cuda:1') tensor(0.1000, device='cuda:1') tensor(0.0469, device='cuda:1')
tensor(0.8453, device='cuda:1') tensor(0.1000, device='cuda:1') tensor(0.0547, device='cuda:1')
tensor(0.7984, device='cuda:1') tensor(0.1000, device='cuda:1') tensor(0.1016, device='cuda:1')
tensor(0.7359, device='cuda:1') tensor(0.1000, device='cuda:1') tensor(0.1641, device='cuda:1')
tensor(0.8609, device='cuda:1') tensor(0.1000, device='cuda:1') tensor(0.0391, device='cuda:1')
tensor(0.7906, device='cuda:1') tensor(0.1000, device='cuda:1') tensor(0.1094, device='cuda:1')
tensor(0.7047, device='cuda:1') tensor(0.1000, device='cuda:1') tensor(0.1953, device='cuda:1')
tensor(0.8141, device='cuda:1') tensor(0.1000, device='cuda:1') tensor(0.0859, device='cuda:1')
tensor(0.8375, device='cuda:1') tensor(0.1000, device='cuda:1') tensor(0.0625, device='cuda:1')
tensor(0.8219, device='cuda:1') tensor(0.1000, device='cuda:1') tensor(0.0781, device='cuda:1')
tensor(0.8531, device='cuda:1') tensor(0.1000, device='cuda:1') tensor(0.0469, device='cuda:1')
tensor(0.8219, device='cuda:1') tensor(0.1000, device='cuda:1') tensor(0.0781, device='cuda:1')
tensor(0.8609, device='cuda:1') tensor(0.1000, device='cuda:1') tensor(0.0391, device='cuda:1')
tensor(0.8375, device='cuda:1') tensor(0.1000, device='cuda:1') tensor(0.0625, device='cuda:1')
tensor(0.8844, device='cuda:1') tensor(0.1000, device='cuda:1') tensor(0.0156, device='cuda:1')
tensor(0.8297, device='cuda:1') tensor(0.1000, device='cuda:1') tensor(0.0703, device='cuda:1')
tensor(0.8531, device='cuda:1') tensor(0.1000, device='cuda:1') tensor(0.0469, device='cuda:1')
tensor(0.8297, device='cuda:1') tensor(0.1000, device='cuda:1') tensor(0.0703, device='cuda:1')
tensor(0.8531, device='cuda:1') tensor(0.1000, device='cuda:1') tensor(0.0469, device='cuda:1')
tensor(0.8453, device='cuda:1') tensor(0.1000, device='cuda:1') tensor(0.0547, device='cuda:1')
tensor(0.7359, device='cuda:1') tensor(0.1000, device='cuda:1') tensor(0.1641, device='cuda:1')
tensor(0.7828, device='cuda:1') tensor(0.1000, device='cuda:1') tensor(0.1172, device='cuda:1')
tensor(0.7438, device='cuda:1') tensor(0.1000, device='cuda:1') tensor(0.1562, device='cuda:1')
tensor(0.8766, device='cuda:1') tensor(0.1000, device='cuda:1') tensor(0.0234, device='cuda:1')
tensor(0.8766, device='cuda:1') tensor(0.1000, device='cuda:1') tensor(0.0234, device='cuda:1')
tensor(0.7416, device='cuda:1') tensor(0.1100, device='cuda:1') tensor(0.1484, device='cuda:1')
tensor(0.8844, device='cuda:1') tensor(0.1000, device='cuda:1') tensor(0.0156, device='cuda:1')
tensor(0.8844, device='cuda:1') tensor(0.1000, device='cuda:1') tensor(0.0156, device='cuda:1')
tensor(0.8844, device='cuda:1') tensor(0.1000, device='cuda:1') tensor(0.0156, device='cuda:1')
tensor(0.8766, device='cuda:1') tensor(0.1000, device='cuda:1') tensor(0.0234, device='cuda:1')
tensor(0.8844, device='cuda:1') tensor(0.1000, device='cuda:1') tensor(0.0156, device='cuda:1')
tensor(0.8766, device='cuda:1') tensor(0.1000, device='cuda:1') tensor(0.0234, device='cuda:1')
tensor(0.8531, device='cuda:1') tensor(0.1000, device='cuda:1') tensor(0.0469, device='cuda:1')
tensor(0.8844, device='cuda:1') tensor(0.1000, device='cuda:1') tensor(0.0156, device='cuda:1')
tensor(0.8766, device='cuda:1') tensor(0.1000, device='cuda:1') tensor(0.0234, device='cuda:1')
tensor(0.8609, device='cuda:1') tensor(0.1000, device='cuda:1') tensor(0.0391, device='cuda:1')
tensor(0.8766, device='cuda:1') tensor(0.1000, device='cuda:1') tensor(0.0234, device='cuda:1')
tensor(0.8766, device='cuda:1') tensor(0.1000, device='cuda:1') tensor(0.0234, device='cuda:1')
tensor(0.8844, device='cuda:1') tensor(0.1000, device='cuda:1') tensor(0.0156, device='cuda:1')
tensor(0.8688, device='cuda:1') tensor(0.1000, device='cuda:1') tensor(0.0312, device='cuda:1')
tensor(0.8766, device='cuda:1') tensor(0.1000, device='cuda:1') tensor(0.0234, device='cuda:1')
tensor(0.8766, device='cuda:1') tensor(0.1000, device='cuda:1') tensor(0.0234, device='cuda:1')
tensor(0.8688, device='cuda:1') tensor(0.1000, device='cuda:1') tensor(0.0312, device='cuda:1')
tensor(0.8609, device='cuda:1') tensor(0.1000, device='cuda:1') tensor(0.0391, device='cuda:1')
time 6.70
error 7702.06298828125
4 self_attn.q_proj
Quantizing ...
tensor(0.8062, device='cuda:1') tensor(0.1000, device='cuda:1') tensor(0.0938, device='cuda:1')
tensor(0.8766, device='cuda:1') tensor(0.1000, device='cuda:1') tensor(0.0234, device='cuda:1')
tensor(0.8766, device='cuda:1') tensor(0.1000, device='cuda:1') tensor(0.0234, device='cuda:1')
tensor(0.8687, device='cuda:1') tensor(0.1000, device='cuda:1') tensor(0.0312, device='cuda:1')
tensor(0.7516, device='cuda:1') tensor(0.1000, device='cuda:1') tensor(0.1484, device='cuda:1')
tensor(0.8453, device='cuda:1') tensor(0.1000, device='cuda:1') tensor(0.0547, device='cuda:1')
tensor(0.8531, device='cuda:1') tensor(0.1000, device='cuda:1') tensor(0.0469, device='cuda:1')
tensor(0.8453, device='cuda:1') tensor(0.1000, device='cuda:1') tensor(0.0547, device='cuda:1')
tensor(0.8609, device='cuda:1') tensor(0.1000, device='cuda:1') tensor(0.0391, device='cuda:1')
tensor(0.8609, device='cuda:1') tensor(0.1000, device='cuda:1') tensor(0.0391, device='cuda:1')
tensor(0.8609, device='cuda:1') tensor(0.1000, device='cuda:1') tensor(0.0391, device='cuda:1')
tensor(0.8453, device='cuda:1') tensor(0.1000, device='cuda:1') tensor(0.0547, device='cuda:1')
tensor(0.7906, device='cuda:1') tensor(0.1000, device='cuda:1') tensor(0.1094, device='cuda:1')
tensor(0.8531, device='cuda:1') tensor(0.1000, device='cuda:1') tensor(0.0469, device='cuda:1')
tensor(0.8531, device='cuda:1') tensor(0.1000, device='cuda:1') tensor(0.0469, device='cuda:1')
tensor(0.8453, device='cuda:1') tensor(0.1000, device='cuda:1') tensor(0.0547, device='cuda:1')
tensor(0.8297, device='cuda:1') tensor(0.1000, device='cuda:1') tensor(0.0703, device='cuda:1')
tensor(0.8687, device='cuda:1') tensor(0.1000, device='cuda:1') tensor(0.0312, device='cuda:1')
tensor(0.8141, device='cuda:1') tensor(0.1000, device='cuda:1') tensor(0.0859, device='cuda:1')
tensor(0.8687, device='cuda:1') tensor(0.1000, device='cuda:1') tensor(0.0312, device='cuda:1')
time 2.09
error 6909.6416015625
4 self_attn.k_proj
Quantizing ...
tensor(0.8297, device='cuda:1') tensor(0.1000, device='cuda:1') tensor(0.0703, device='cuda:1')
tensor(0.8141, device='cuda:1') tensor(0.1000, device='cuda:1') tensor(0.0859, device='cuda:1')
tensor(0.8766, device='cuda:1') tensor(0.1000, device='cuda:1') tensor(0.0234, device='cuda:1')
tensor(0.8453, device='cuda:1') tensor(0.1000, device='cuda:1') tensor(0.0547, device='cuda:1')
tensor(0.8687, device='cuda:1') tensor(0.1000, device='cuda:1') tensor(0.0312, device='cuda:1')
tensor(0.8375, device='cuda:1') tensor(0.1000, device='cuda:1') tensor(0.0625, device='cuda:1')
tensor(0.8453, device='cuda:1') tensor(0.1000, device='cuda:1') tensor(0.0547, device='cuda:1')
tensor(0.8531, device='cuda:1') tensor(0.1000, device='cuda:1') tensor(0.0469, device='cuda:1')
tensor(0.8609, device='cuda:1') tensor(0.1000, device='cuda:1') tensor(0.0391, device='cuda:1')
tensor(0.8531, device='cuda:1') tensor(0.1000, device='cuda:1') tensor(0.0469, device='cuda:1')
tensor(0.8609, device='cuda:1') tensor(0.1000, device='cuda:1') tensor(0.0391, device='cuda:1')
tensor(0.8531, device='cuda:1') tensor(0.1000, device='cuda:1') tensor(0.0469, device='cuda:1')
tensor(0.7906, device='cuda:1') tensor(0.1000, device='cuda:1') tensor(0.1094, device='cuda:1')
tensor(0.8141, device='cuda:1') tensor(0.1000, device='cuda:1') tensor(0.0859, device='cuda:1')
tensor(0.8375, device='cuda:1') tensor(0.1000, device='cuda:1') tensor(0.0625, device='cuda:1')
tensor(0.8297, device='cuda:1') tensor(0.1000, device='cuda:1') tensor(0.0703, device='cuda:1')
tensor(0.8141, device='cuda:1') tensor(0.1000, device='cuda:1') tensor(0.0859, device='cuda:1')
tensor(0.8609, device='cuda:1') tensor(0.1000, device='cuda:1') tensor(0.0391, device='cuda:1')
tensor(0.8375, device='cuda:1') tensor(0.1000, device='cuda:1') tensor(0.0625, device='cuda:1')
tensor(0.8687, device='cuda:1') tensor(0.1000, device='cuda:1') tensor(0.0312, device='cuda:1')
time 1.64
error 1805.050048828125
4 self_attn.v_proj
Quantizing ...
tensor(0.5953, device='cuda:1') tensor(0.1000, device='cuda:1') tensor(0.3047, device='cuda:1')
tensor(0.7125, device='cuda:1') tensor(0.1000, device='cuda:1') tensor(0.1875, device='cuda:1')
tensor(0.7828, device='cuda:1') tensor(0.1000, device='cuda:1') tensor(0.1172, device='cuda:1')
tensor(0.5172, device='cuda:1') tensor(0.1000, device='cuda:1') tensor(0.3828, device='cuda:1')
tensor(0.5172, device='cuda:1') tensor(0.1000, device='cuda:1') tensor(0.3828, device='cuda:1')
tensor(0.5172, device='cuda:1') tensor(0.1000, device='cuda:1') tensor(0.3828, device='cuda:1')
tensor(0.5250, device='cuda:1') tensor(0.1000, device='cuda:1') tensor(0.3750, device='cuda:1')
tensor(0.8453, device='cuda:1') tensor(0.1000, device='cuda:1') tensor(0.0547, device='cuda:1')
tensor(0.7516, device='cuda:1') tensor(0.1000, device='cuda:1') tensor(0.1484, device='cuda:1')
tensor(0.6969, device='cuda:1') tensor(0.1000, device='cuda:1') tensor(0.2031, device='cuda:1')
tensor(0.8141, device='cuda:1') tensor(0.1000, device='cuda:1') tensor(0.0859, device='cuda:1')
tensor(0.8297, device='cuda:1') tensor(0.1000, device='cuda:1') tensor(0.0703, device='cuda:1')
tensor(0.7672, device='cuda:1') tensor(0.1000, device='cuda:1') tensor(0.1328, device='cuda:1')
tensor(0.8375, device='cuda:1') tensor(0.1000, device='cuda:1') tensor(0.0625, device='cuda:1')
tensor(0.7281, device='cuda:1') tensor(0.1000, device='cuda:1') tensor(0.1719, device='cuda:1')
tensor(0.8219, device='cuda:1') tensor(0.1000, device='cuda:1') tensor(0.0781, device='cuda:1')
tensor(0.8141, device='cuda:1') tensor(0.1000, device='cuda:1') tensor(0.0859, device='cuda:1')
tensor(0.8609, device='cuda:1') tensor(0.1000, device='cuda:1') tensor(0.0391, device='cuda:1')
tensor(0.8141, device='cuda:1') tensor(0.1000, device='cuda:1') tensor(0.0859, device='cuda:1')
tensor(0.8297, device='cuda:1') tensor(0.1000, device='cuda:1') tensor(0.0703, device='cuda:1')
time 1.64
error 1859.95654296875
4 self_attn.o_proj
Quantizing ...
tensor(0.8062, device='cuda:1') tensor(0.1000, device='cuda:1') tensor(0.0938, device='cuda:1')
tensor(0.5406, device='cuda:1') tensor(0.1000, device='cuda:1') tensor(0.3594, device='cuda:1')
tensor(0.8453, device='cuda:1') tensor(0.1000, device='cuda:1') tensor(0.0547, device='cuda:1')
tensor(0.7750, device='cuda:1') tensor(0.1000, device='cuda:1') tensor(0.1250, device='cuda:1')
tensor(0.8766, device='cuda:1') tensor(0.1000, device='cuda:1') tensor(0.0234, device='cuda:1')
tensor(0.7516, device='cuda:1') tensor(0.1000, device='cuda:1') tensor(0.1484, device='cuda:1')
tensor(0.8453, device='cuda:1') tensor(0.1000, device='cuda:1') tensor(0.0547, device='cuda:1')
tensor(0.8375, device='cuda:1') tensor(0.1000, device='cuda:1') tensor(0.0625, device='cuda:1')
tensor(0.8666, device='cuda:1') tensor(0.1100, device='cuda:1') tensor(0.0234, device='cuda:1')
tensor(0.8766, device='cuda:1') tensor(0.1000, device='cuda:1') tensor(0.0234, device='cuda:1')
tensor(0.8587, device='cuda:1') tensor(0.1100, device='cuda:1') tensor(0.0312, device='cuda:1')
tensor(0.8744, device='cuda:1') tensor(0.1100, device='cuda:1') tensor(0.0156, device='cuda:1')
tensor(0.7438, device='cuda:1') tensor(0.1000, device='cuda:1') tensor(0.1562, device='cuda:1')
tensor(0.7906, device='cuda:1') tensor(0.1000, device='cuda:1') tensor(0.1094, device='cuda:1')
tensor(0.6891, device='cuda:1') tensor(0.1000, device='cuda:1') tensor(0.2109, device='cuda:1')
tensor(0.7594, device='cuda:1') tensor(0.1000, device='cuda:1') tensor(0.1406, device='cuda:1')
tensor(0.8063, device='cuda:1') tensor(0.1000, device='cuda:1') tensor(0.0938, device='cuda:1')
tensor(0.8531, device='cuda:1') tensor(0.1000, device='cuda:1') tensor(0.0469, device='cuda:1')
tensor(0.8531, device='cuda:1') tensor(0.1000, device='cuda:1') tensor(0.0469, device='cuda:1')
tensor(0.8375, device='cuda:1') tensor(0.1000, device='cuda:1') tensor(0.0625, device='cuda:1')
tensor(0.8688, device='cuda:1') tensor(0.1000, device='cuda:1') tensor(0.0312, device='cuda:1')
tensor(0.8297, device='cuda:1') tensor(0.1000, device='cuda:1') tensor(0.0703, device='cuda:1')
tensor(0.7281, device='cuda:1') tensor(0.1000, device='cuda:1') tensor(0.1719, device='cuda:1')
tensor(0.8609, device='cuda:1') tensor(0.1000, device='cuda:1') tensor(0.0391, device='cuda:1')
tensor(0.7359, device='cuda:1') tensor(0.1000, device='cuda:1') tensor(0.1641, device='cuda:1')
tensor(0.8375, device='cuda:1') tensor(0.1000, device='cuda:1') tensor(0.0625, device='cuda:1')
tensor(0.8609, device='cuda:1') tensor(0.1000, device='cuda:1') tensor(0.0391, device='cuda:1')
tensor(0.8609, device='cuda:1') tensor(0.1000, device='cuda:1') tensor(0.0391, device='cuda:1')
tensor(0.8688, device='cuda:1') tensor(0.1000, device='cuda:1') tensor(0.0312, device='cuda:1')
tensor(0.6109, device='cuda:1') tensor(0.1000, device='cuda:1') tensor(0.2891, device='cuda:1')
tensor(0.8688, device='cuda:1') tensor(0.1000, device='cuda:1') tensor(0.0312, device='cuda:1')
tensor(0.6500, device='cuda:1') tensor(0.1000, device='cuda:1') tensor(0.2500, device='cuda:1')
time 2.80
error 1376.66650390625
4 mlp.gate_proj
Quantizing ...
tensor(0.8531, device='cuda:1') tensor(0.1000, device='cuda:1') tensor(0.0469, device='cuda:1')
tensor(0.8531, device='cuda:1') tensor(0.1000, device='cuda:1') tensor(0.0469, device='cuda:1')
tensor(0.8766, device='cuda:1') tensor(0.1000, device='cuda:1') tensor(0.0234, device='cuda:1')
tensor(0.8219, device='cuda:1') tensor(0.1000, device='cuda:1') tensor(0.0781, device='cuda:1')
tensor(0.8219, device='cuda:1') tensor(0.1000, device='cuda:1') tensor(0.0781, device='cuda:1')
tensor(0.7906, device='cuda:1') tensor(0.1000, device='cuda:1') tensor(0.1094, device='cuda:1')
tensor(0.7984, device='cuda:1') tensor(0.1000, device='cuda:1') tensor(0.1016, device='cuda:1')
tensor(0.8375, device='cuda:1') tensor(0.1000, device='cuda:1') tensor(0.0625, device='cuda:1')
tensor(0.8766, device='cuda:1') tensor(0.1000, device='cuda:1') tensor(0.0234, device='cuda:1')
tensor(0.8453, device='cuda:1') tensor(0.1000, device='cuda:1') tensor(0.0547, device='cuda:1')
tensor(0.8766, device='cuda:1') tensor(0.1000, device='cuda:1') tensor(0.0234, device='cuda:1')
tensor(0.8297, device='cuda:1') tensor(0.1000, device='cuda:1') tensor(0.0703, device='cuda:1')
tensor(0.8609, device='cuda:1') tensor(0.1000, device='cuda:1') tensor(0.0391, device='cuda:1')
tensor(0.8375, device='cuda:1') tensor(0.1000, device='cuda:1') tensor(0.0625, device='cuda:1')
tensor(0.8687, device='cuda:1') tensor(0.1000, device='cuda:1') tensor(0.0312, device='cuda:1')
tensor(0.8531, device='cuda:1') tensor(0.1000, device='cuda:1') tensor(0.0469, device='cuda:1')
tensor(0.8219, device='cuda:1') tensor(0.1000, device='cuda:1') tensor(0.0781, device='cuda:1')
tensor(0.8531, device='cuda:1') tensor(0.1000, device='cuda:1') tensor(0.0469, device='cuda:1')
tensor(0.8297, device='cuda:1') tensor(0.1000, device='cuda:1') tensor(0.0703, device='cuda:1')
tensor(0.8687, device='cuda:1') tensor(0.1000, device='cuda:1') tensor(0.0312, device='cuda:1')
time 2.41
error 998754.8125
4 mlp.up_proj
Quantizing ...
tensor(0.7047, device='cuda:1') tensor(0.1000, device='cuda:1') tensor(0.1953, device='cuda:1')
tensor(0.7359, device='cuda:1') tensor(0.1000, device='cuda:1') tensor(0.1641, device='cuda:1')
tensor(0.8531, device='cuda:1') tensor(0.1000, device='cuda:1') tensor(0.0469, device='cuda:1')
tensor(0.8141, device='cuda:1') tensor(0.1000, device='cuda:1') tensor(0.0859, device='cuda:1')
tensor(0.8531, device='cuda:1') tensor(0.1000, device='cuda:1') tensor(0.0469, device='cuda:1')
tensor(0.7750, device='cuda:1') tensor(0.1000, device='cuda:1') tensor(0.1250, device='cuda:1')
tensor(0.8531, device='cuda:1') tensor(0.1000, device='cuda:1') tensor(0.0469, device='cuda:1')
tensor(0.8609, device='cuda:1') tensor(0.1000, device='cuda:1') tensor(0.0391, device='cuda:1')
tensor(0.8766, device='cuda:1') tensor(0.1000, device='cuda:1') tensor(0.0234, device='cuda:1')
tensor(0.8219, device='cuda:1') tensor(0.1000, device='cuda:1') tensor(0.0781, device='cuda:1')
tensor(0.8687, device='cuda:1') tensor(0.1000, device='cuda:1') tensor(0.0312, device='cuda:1')
tensor(0.8453, device='cuda:1') tensor(0.1000, device='cuda:1') tensor(0.0547, device='cuda:1')
tensor(0.8687, device='cuda:1') tensor(0.1000, device='cuda:1') tensor(0.0312, device='cuda:1')
tensor(0.8062, device='cuda:1') tensor(0.1000, device='cuda:1') tensor(0.0938, device='cuda:1')
tensor(0.8609, device='cuda:1') tensor(0.1000, device='cuda:1') tensor(0.0391, device='cuda:1')
tensor(0.8453, device='cuda:1') tensor(0.1000, device='cuda:1') tensor(0.0547, device='cuda:1')
tensor(0.7984, device='cuda:1') tensor(0.1000, device='cuda:1') tensor(0.1016, device='cuda:1')
tensor(0.8453, device='cuda:1') tensor(0.1000, device='cuda:1') tensor(0.0547, device='cuda:1')
tensor(0.8375, device='cuda:1') tensor(0.1000, device='cuda:1') tensor(0.0625, device='cuda:1')
tensor(0.8609, device='cuda:1') tensor(0.1000, device='cuda:1') tensor(0.0391, device='cuda:1')
time 2.44
error 392509.84375
4 mlp.down_proj
Quantizing ...
tensor(0.8453, device='cuda:1') tensor(0.1000, device='cuda:1') tensor(0.0547, device='cuda:1')
tensor(0.7516, device='cuda:1') tensor(0.1000, device='cuda:1') tensor(0.1484, device='cuda:1')
tensor(0.8219, device='cuda:1') tensor(0.1000, device='cuda:1') tensor(0.0781, device='cuda:1')
tensor(0.8063, device='cuda:1') tensor(0.1000, device='cuda:1') tensor(0.0938, device='cuda:1')
tensor(0.8609, device='cuda:1') tensor(0.1000, device='cuda:1') tensor(0.0391, device='cuda:1')
tensor(0.6266, device='cuda:1') tensor(0.1000, device='cuda:1') tensor(0.2734, device='cuda:1')
tensor(0.8063, device='cuda:1') tensor(0.1000, device='cuda:1') tensor(0.0938, device='cuda:1')
tensor(0.7906, device='cuda:1') tensor(0.1000, device='cuda:1') tensor(0.1094, device='cuda:1')
tensor(0.7672, device='cuda:1') tensor(0.1000, device='cuda:1') tensor(0.1328, device='cuda:1')
tensor(0.7828, device='cuda:1') tensor(0.1000, device='cuda:1') tensor(0.1172, device='cuda:1')
tensor(0.8297, device='cuda:1') tensor(0.1000, device='cuda:1') tensor(0.0703, device='cuda:1')
tensor(0.8531, device='cuda:1') tensor(0.1000, device='cuda:1') tensor(0.0469, device='cuda:1')
tensor(0.8375, device='cuda:1') tensor(0.1000, device='cuda:1') tensor(0.0625, device='cuda:1')
tensor(0.8688, device='cuda:1') tensor(0.1000, device='cuda:1') tensor(0.0312, device='cuda:1')
tensor(0.7984, device='cuda:1') tensor(0.1000, device='cuda:1') tensor(0.1016, device='cuda:1')
tensor(0.8688, device='cuda:1') tensor(0.1000, device='cuda:1') tensor(0.0312, device='cuda:1')
tensor(0.6813, device='cuda:1') tensor(0.1000, device='cuda:1') tensor(0.2188, device='cuda:1')
tensor(0.8609, device='cuda:1') tensor(0.1000, device='cuda:1') tensor(0.0391, device='cuda:1')
tensor(0.7984, device='cuda:1') tensor(0.1000, device='cuda:1') tensor(0.1016, device='cuda:1')
tensor(0.8297, device='cuda:1') tensor(0.1000, device='cuda:1') tensor(0.0703, device='cuda:1')
tensor(0.8688, device='cuda:1') tensor(0.1000, device='cuda:1') tensor(0.0312, device='cuda:1')
tensor(0.8453, device='cuda:1') tensor(0.1000, device='cuda:1') tensor(0.0547, device='cuda:1')
tensor(0.8375, device='cuda:1') tensor(0.1000, device='cuda:1') tensor(0.0625, device='cuda:1')
tensor(0.7047, device='cuda:1') tensor(0.1000, device='cuda:1') tensor(0.1953, device='cuda:1')
tensor(0.8688, device='cuda:1') tensor(0.1000, device='cuda:1') tensor(0.0312, device='cuda:1')
tensor(0.8453, device='cuda:1') tensor(0.1000, device='cuda:1') tensor(0.0547, device='cuda:1')
tensor(0.7984, device='cuda:1') tensor(0.1000, device='cuda:1') tensor(0.1016, device='cuda:1')
tensor(0.8531, device='cuda:1') tensor(0.1000, device='cuda:1') tensor(0.0469, device='cuda:1')
tensor(0.8688, device='cuda:1') tensor(0.1000, device='cuda:1') tensor(0.0312, device='cuda:1')
tensor(0.8766, device='cuda:1') tensor(0.1000, device='cuda:1') tensor(0.0234, device='cuda:1')
tensor(0.8688, device='cuda:1') tensor(0.1000, device='cuda:1') tensor(0.0312, device='cuda:1')
tensor(0.8688, device='cuda:1') tensor(0.1000, device='cuda:1') tensor(0.0312, device='cuda:1')
tensor(0.7125, device='cuda:1') tensor(0.1000, device='cuda:1') tensor(0.1875, device='cuda:1')
tensor(0.8688, device='cuda:1') tensor(0.1000, device='cuda:1') tensor(0.0312, device='cuda:1')
tensor(0.8531, device='cuda:1') tensor(0.1000, device='cuda:1') tensor(0.0469, device='cuda:1')
tensor(0.7906, device='cuda:1') tensor(0.1000, device='cuda:1') tensor(0.1094, device='cuda:1')
tensor(0.8063, device='cuda:1') tensor(0.1000, device='cuda:1') tensor(0.0938, device='cuda:1')
tensor(0.6813, device='cuda:1') tensor(0.1000, device='cuda:1') tensor(0.2188, device='cuda:1')
tensor(0.8766, device='cuda:1') tensor(0.1000, device='cuda:1') tensor(0.0234, device='cuda:1')
tensor(0.8609, device='cuda:1') tensor(0.1000, device='cuda:1') tensor(0.0391, device='cuda:1')
tensor(0.8375, device='cuda:1') tensor(0.1000, device='cuda:1') tensor(0.0625, device='cuda:1')
tensor(0.8609, device='cuda:1') tensor(0.1000, device='cuda:1') tensor(0.0391, device='cuda:1')
tensor(0.8766, device='cuda:1') tensor(0.1000, device='cuda:1') tensor(0.0234, device='cuda:1')
tensor(0.8375, device='cuda:1') tensor(0.1000, device='cuda:1') tensor(0.0625, device='cuda:1')
tensor(0.7984, device='cuda:1') tensor(0.1000, device='cuda:1') tensor(0.1016, device='cuda:1')
tensor(0.7984, device='cuda:1') tensor(0.1000, device='cuda:1') tensor(0.1016, device='cuda:1')
tensor(0.7438, device='cuda:1') tensor(0.1000, device='cuda:1') tensor(0.1562, device='cuda:1')
tensor(0.8609, device='cuda:1') tensor(0.1000, device='cuda:1') tensor(0.0391, device='cuda:1')
tensor(0.8141, device='cuda:1') tensor(0.1000, device='cuda:1') tensor(0.0859, device='cuda:1')
tensor(0.8609, device='cuda:1') tensor(0.1000, device='cuda:1') tensor(0.0391, device='cuda:1')
tensor(0.7906, device='cuda:1') tensor(0.1000, device='cuda:1') tensor(0.1094, device='cuda:1')
tensor(0.8531, device='cuda:1') tensor(0.1000, device='cuda:1') tensor(0.0469, device='cuda:1')
tensor(0.8453, device='cuda:1') tensor(0.1000, device='cuda:1') tensor(0.0547, device='cuda:1')
tensor(0.8219, device='cuda:1') tensor(0.1000, device='cuda:1') tensor(0.0781, device='cuda:1')
tensor(0.8766, device='cuda:1') tensor(0.1000, device='cuda:1') tensor(0.0234, device='cuda:1')
tensor(0.8609, device='cuda:1') tensor(0.1000, device='cuda:1') tensor(0.0391, device='cuda:1')
tensor(0.8688, device='cuda:1') tensor(0.1000, device='cuda:1') tensor(0.0312, device='cuda:1')
tensor(0.8688, device='cuda:1') tensor(0.1000, device='cuda:1') tensor(0.0312, device='cuda:1')
tensor(0.8453, device='cuda:1') tensor(0.1000, device='cuda:1') tensor(0.0547, device='cuda:1')
tensor(0.7906, device='cuda:1') tensor(0.1000, device='cuda:1') tensor(0.1094, device='cuda:1')
tensor(0.8141, device='cuda:1') tensor(0.1000, device='cuda:1') tensor(0.0859, device='cuda:1')
tensor(0.8609, device='cuda:1') tensor(0.1000, device='cuda:1') tensor(0.0391, device='cuda:1')
tensor(0.8609, device='cuda:1') tensor(0.1000, device='cuda:1') tensor(0.0391, device='cuda:1')
tensor(0.8297, device='cuda:1') tensor(0.1000, device='cuda:1') tensor(0.0703, device='cuda:1')
tensor(0.8219, device='cuda:1') tensor(0.1000, device='cuda:1') tensor(0.0781, device='cuda:1')
tensor(0.8531, device='cuda:1') tensor(0.1000, device='cuda:1') tensor(0.0469, device='cuda:1')
tensor(0.8375, device='cuda:1') tensor(0.1000, device='cuda:1') tensor(0.0625, device='cuda:1')
tensor(0.8688, device='cuda:1') tensor(0.1000, device='cuda:1') tensor(0.0312, device='cuda:1')
tensor(0.8141, device='cuda:1') tensor(0.1000, device='cuda:1') tensor(0.0859, device='cuda:1')
tensor(0.8609, device='cuda:1') tensor(0.1000, device='cuda:1') tensor(0.0391, device='cuda:1')
tensor(0.7750, device='cuda:1') tensor(0.1000, device='cuda:1') tensor(0.1250, device='cuda:1')
tensor(0.8609, device='cuda:1') tensor(0.1000, device='cuda:1') tensor(0.0391, device='cuda:1')
tensor(0.8297, device='cuda:1') tensor(0.1000, device='cuda:1') tensor(0.0703, device='cuda:1')
tensor(0.7906, device='cuda:1') tensor(0.1000, device='cuda:1') tensor(0.1094, device='cuda:1')
tensor(0.8766, device='cuda:1') tensor(0.1000, device='cuda:1') tensor(0.0234, device='cuda:1')
tensor(0.8609, device='cuda:1') tensor(0.1000, device='cuda:1') tensor(0.0391, device='cuda:1')
time 6.83
error 13862.39453125
5 self_attn.q_proj
Quantizing ...
tensor(0.8297, device='cuda:1') tensor(0.1000, device='cuda:1') tensor(0.0703, device='cuda:1')
tensor(0.8687, device='cuda:1') tensor(0.1000, device='cuda:1') tensor(0.0312, device='cuda:1')
tensor(0.8844, device='cuda:1') tensor(0.1000, device='cuda:1') tensor(0.0156, device='cuda:1')
tensor(0.8687, device='cuda:1') tensor(0.1000, device='cuda:1') tensor(0.0312, device='cuda:1')
tensor(0.5250, device='cuda:1') tensor(0.1000, device='cuda:1') tensor(0.3750, device='cuda:1')
tensor(0.7672, device='cuda:1') tensor(0.1000, device='cuda:1') tensor(0.1328, device='cuda:1')
tensor(0.8766, device='cuda:1') tensor(0.1000, device='cuda:1') tensor(0.0234, device='cuda:1')
tensor(0.8766, device='cuda:1') tensor(0.1000, device='cuda:1') tensor(0.0234, device='cuda:1')
tensor(0.8766, device='cuda:1') tensor(0.1000, device='cuda:1') tensor(0.0234, device='cuda:1')
tensor(0.8531, device='cuda:1') tensor(0.1000, device='cuda:1') tensor(0.0469, device='cuda:1')
tensor(0.8766, device='cuda:1') tensor(0.1000, device='cuda:1') tensor(0.0234, device='cuda:1')
tensor(0.8375, device='cuda:1') tensor(0.1000, device='cuda:1') tensor(0.0625, device='cuda:1')
tensor(0.8219, device='cuda:1') tensor(0.1000, device='cuda:1') tensor(0.0781, device='cuda:1')
tensor(0.8453, device='cuda:1') tensor(0.1000, device='cuda:1') tensor(0.0547, device='cuda:1')
tensor(0.8531, device='cuda:1') tensor(0.1000, device='cuda:1') tensor(0.0469, device='cuda:1')
tensor(0.8531, device='cuda:1') tensor(0.1000, device='cuda:1') tensor(0.0469, device='cuda:1')
tensor(0.8375, device='cuda:1') tensor(0.1000, device='cuda:1') tensor(0.0625, device='cuda:1')
tensor(0.8609, device='cuda:1') tensor(0.1000, device='cuda:1') tensor(0.0391, device='cuda:1')
tensor(0.7437, device='cuda:1') tensor(0.1000, device='cuda:1') tensor(0.1562, device='cuda:1')
tensor(0.7828, device='cuda:1') tensor(0.1000, device='cuda:1') tensor(0.1172, device='cuda:1')
time 2.08
error 6733.6396484375
5 self_attn.k_proj
Quantizing ...
tensor(0.7828, device='cuda:1') tensor(0.1000, device='cuda:1') tensor(0.1172, device='cuda:1')
tensor(0.5172, device='cuda:1') tensor(0.1000, device='cuda:1') tensor(0.3828, device='cuda:1')
tensor(0.8453, device='cuda:1') tensor(0.1000, device='cuda:1') tensor(0.0547, device='cuda:1')
tensor(0.5172, device='cuda:1') tensor(0.1000, device='cuda:1') tensor(0.3828, device='cuda:1')
tensor(0.8766, device='cuda:1') tensor(0.1000, device='cuda:1') tensor(0.0234, device='cuda:1')
tensor(0.5172, device='cuda:1') tensor(0.1000, device='cuda:1') tensor(0.3828, device='cuda:1')
tensor(0.8844, device='cuda:1') tensor(0.1000, device='cuda:1') tensor(0.0156, device='cuda:1')
tensor(0.8766, device='cuda:1') tensor(0.1000, device='cuda:1') tensor(0.0234, device='cuda:1')
tensor(0.8766, device='cuda:1') tensor(0.1000, device='cuda:1') tensor(0.0234, device='cuda:1')
tensor(0.8687, device='cuda:1') tensor(0.1000, device='cuda:1') tensor(0.0312, device='cuda:1')
tensor(0.8766, device='cuda:1') tensor(0.1000, device='cuda:1') tensor(0.0234, device='cuda:1')
tensor(0.8375, device='cuda:1') tensor(0.1000, device='cuda:1') tensor(0.0625, device='cuda:1')
tensor(0.8297, device='cuda:1') tensor(0.1000, device='cuda:1') tensor(0.0703, device='cuda:1')
tensor(0.8531, device='cuda:1') tensor(0.1000, device='cuda:1') tensor(0.0469, device='cuda:1')
tensor(0.8297, device='cuda:1') tensor(0.1000, device='cuda:1') tensor(0.0703, device='cuda:1')
tensor(0.8062, device='cuda:1') tensor(0.1000, device='cuda:1') tensor(0.0938, device='cuda:1')
tensor(0.8375, device='cuda:1') tensor(0.1000, device='cuda:1') tensor(0.0625, device='cuda:1')
tensor(0.8687, device='cuda:1') tensor(0.1000, device='cuda:1') tensor(0.0312, device='cuda:1')
tensor(0.8062, device='cuda:1') tensor(0.1000, device='cuda:1') tensor(0.0938, device='cuda:1')
tensor(0.8375, device='cuda:1') tensor(0.1000, device='cuda:1') tensor(0.0625, device='cuda:1')
time 1.59
error 1691.48974609375
5 self_attn.v_proj
Quantizing ...
tensor(0.5172, device='cuda:1') tensor(0.1000, device='cuda:1') tensor(0.3828, device='cuda:1')
tensor(0.8687, device='cuda:1') tensor(0.1000, device='cuda:1') tensor(0.0312, device='cuda:1')
tensor(0.8609, device='cuda:1') tensor(0.1000, device='cuda:1') tensor(0.0391, device='cuda:1')
tensor(0.5172, device='cuda:1') tensor(0.1000, device='cuda:1') tensor(0.3828, device='cuda:1')
tensor(0.5172, device='cuda:1') tensor(0.1000, device='cuda:1') tensor(0.3828, device='cuda:1')
tensor(0.5406, device='cuda:1') tensor(0.1000, device='cuda:1') tensor(0.3594, device='cuda:1')
tensor(0.8687, device='cuda:1') tensor(0.1000, device='cuda:1') tensor(0.0312, device='cuda:1')
tensor(0.8609, device='cuda:1') tensor(0.1000, device='cuda:1') tensor(0.0391, device='cuda:1')
tensor(0.8453, device='cuda:1') tensor(0.1000, device='cuda:1') tensor(0.0547, device='cuda:1')
tensor(0.8375, device='cuda:1') tensor(0.1000, device='cuda:1') tensor(0.0625, device='cuda:1')
tensor(0.8531, device='cuda:1') tensor(0.1000, device='cuda:1') tensor(0.0469, device='cuda:1')
tensor(0.8375, device='cuda:1') tensor(0.1000, device='cuda:1') tensor(0.0625, device='cuda:1')
tensor(0.7906, device='cuda:1') tensor(0.1000, device='cuda:1') tensor(0.1094, device='cuda:1')
tensor(0.8531, device='cuda:1') tensor(0.1000, device='cuda:1') tensor(0.0469, device='cuda:1')
tensor(0.8531, device='cuda:1') tensor(0.1000, device='cuda:1') tensor(0.0469, device='cuda:1')
tensor(0.8453, device='cuda:1') tensor(0.1000, device='cuda:1') tensor(0.0547, device='cuda:1')
tensor(0.8375, device='cuda:1') tensor(0.1000, device='cuda:1') tensor(0.0625, device='cuda:1')
tensor(0.8609, device='cuda:1') tensor(0.1000, device='cuda:1') tensor(0.0391, device='cuda:1')
tensor(0.8141, device='cuda:1') tensor(0.1000, device='cuda:1') tensor(0.0859, device='cuda:1')
tensor(0.8531, device='cuda:1') tensor(0.1000, device='cuda:1') tensor(0.0469, device='cuda:1')
time 1.59
error 1916.1689453125
5 self_attn.o_proj
Quantizing ...
tensor(0.8531, device='cuda:1') tensor(0.1000, device='cuda:1') tensor(0.0469, device='cuda:1')
tensor(0.8766, device='cuda:1') tensor(0.1000, device='cuda:1') tensor(0.0234, device='cuda:1')
tensor(0.7516, device='cuda:1') tensor(0.1000, device='cuda:1') tensor(0.1484, device='cuda:1')
tensor(0.8531, device='cuda:1') tensor(0.1000, device='cuda:1') tensor(0.0469, device='cuda:1')
tensor(0.8766, device='cuda:1') tensor(0.1000, device='cuda:1') tensor(0.0234, device='cuda:1')
tensor(0.8609, device='cuda:1') tensor(0.1000, device='cuda:1') tensor(0.0391, device='cuda:1')
tensor(0.8766, device='cuda:1') tensor(0.1000, device='cuda:1') tensor(0.0234, device='cuda:1')
tensor(0.8453, device='cuda:1') tensor(0.1000, device='cuda:1') tensor(0.0547, device='cuda:1')
tensor(0.8531, device='cuda:1') tensor(0.1000, device='cuda:1') tensor(0.0469, device='cuda:1')
tensor(0.5563, device='cuda:1') tensor(0.1000, device='cuda:1') tensor(0.3438, device='cuda:1')
tensor(0.8766, device='cuda:1') tensor(0.1000, device='cuda:1') tensor(0.0234, device='cuda:1')
tensor(0.8688, device='cuda:1') tensor(0.1000, device='cuda:1') tensor(0.0312, device='cuda:1')
tensor(0.6969, device='cuda:1') tensor(0.1000, device='cuda:1') tensor(0.2031, device='cuda:1')
tensor(0.8609, device='cuda:1') tensor(0.1000, device='cuda:1') tensor(0.0391, device='cuda:1')
tensor(0.8453, device='cuda:1') tensor(0.1000, device='cuda:1') tensor(0.0547, device='cuda:1')
tensor(0.7672, device='cuda:1') tensor(0.1000, device='cuda:1') tensor(0.1328, device='cuda:1')
tensor(0.8609, device='cuda:1') tensor(0.1000, device='cuda:1') tensor(0.0391, device='cuda:1')
tensor(0.8141, device='cuda:1') tensor(0.1000, device='cuda:1') tensor(0.0859, device='cuda:1')
tensor(0.8375, device='cuda:1') tensor(0.1000, device='cuda:1') tensor(0.0625, device='cuda:1')
tensor(0.8453, device='cuda:1') tensor(0.1000, device='cuda:1') tensor(0.0547, device='cuda:1')
tensor(0.8063, device='cuda:1') tensor(0.1000, device='cuda:1') tensor(0.0938, device='cuda:1')
tensor(0.8688, device='cuda:1') tensor(0.1000, device='cuda:1') tensor(0.0312, device='cuda:1')
tensor(0.8688, device='cuda:1') tensor(0.1000, device='cuda:1') tensor(0.0312, device='cuda:1')
tensor(0.8688, device='cuda:1') tensor(0.1000, device='cuda:1') tensor(0.0312, device='cuda:1')
tensor(0.8666, device='cuda:1') tensor(0.1100, device='cuda:1') tensor(0.0234, device='cuda:1')
tensor(0.8766, device='cuda:1') tensor(0.1000, device='cuda:1') tensor(0.0234, device='cuda:1')
tensor(0.8766, device='cuda:1') tensor(0.1000, device='cuda:1') tensor(0.0234, device='cuda:1')
tensor(0.8766, device='cuda:1') tensor(0.1000, device='cuda:1') tensor(0.0234, device='cuda:1')
tensor(0.8375, device='cuda:1') tensor(0.1000, device='cuda:1') tensor(0.0625, device='cuda:1')
tensor(0.8688, device='cuda:1') tensor(0.1000, device='cuda:1') tensor(0.0312, device='cuda:1')
tensor(0.8609, device='cuda:1') tensor(0.1000, device='cuda:1') tensor(0.0391, device='cuda:1')
tensor(0.8688, device='cuda:1') tensor(0.1000, device='cuda:1') tensor(0.0312, device='cuda:1')
time 2.81
error 2237.84423828125
5 mlp.gate_proj
Quantizing ...
tensor(0.8687, device='cuda:1') tensor(0.1000, device='cuda:1') tensor(0.0312, device='cuda:1')
tensor(0.8141, device='cuda:1') tensor(0.1000, device='cuda:1') tensor(0.0859, device='cuda:1')
tensor(0.8531, device='cuda:1') tensor(0.1000, device='cuda:1') tensor(0.0469, device='cuda:1')
tensor(0.7828, device='cuda:1') tensor(0.1000, device='cuda:1') tensor(0.1172, device='cuda:1')
tensor(0.8766, device='cuda:1') tensor(0.1000, device='cuda:1') tensor(0.0234, device='cuda:1')
tensor(0.8141, device='cuda:1') tensor(0.1000, device='cuda:1') tensor(0.0859, device='cuda:1')
tensor(0.8687, device='cuda:1') tensor(0.1000, device='cuda:1') tensor(0.0312, device='cuda:1')
tensor(0.8453, device='cuda:1') tensor(0.1000, device='cuda:1') tensor(0.0547, device='cuda:1')
tensor(0.8609, device='cuda:1') tensor(0.1000, device='cuda:1') tensor(0.0391, device='cuda:1')
tensor(0.8453, device='cuda:1') tensor(0.1000, device='cuda:1') tensor(0.0547, device='cuda:1')
tensor(0.8609, device='cuda:1') tensor(0.1000, device='cuda:1') tensor(0.0391, device='cuda:1')
tensor(0.8141, device='cuda:1') tensor(0.1000, device='cuda:1') tensor(0.0859, device='cuda:1')
tensor(0.8453, device='cuda:1') tensor(0.1000, device='cuda:1') tensor(0.0547, device='cuda:1')
tensor(0.7828, device='cuda:1') tensor(0.1000, device='cuda:1') tensor(0.1172, device='cuda:1')
tensor(0.8297, device='cuda:1') tensor(0.1000, device='cuda:1') tensor(0.0703, device='cuda:1')
tensor(0.7516, device='cuda:1') tensor(0.1000, device='cuda:1') tensor(0.1484, device='cuda:1')
tensor(0.7750, device='cuda:1') tensor(0.1000, device='cuda:1') tensor(0.1250, device='cuda:1')
tensor(0.8219, device='cuda:1') tensor(0.1000, device='cuda:1') tensor(0.0781, device='cuda:1')
tensor(0.7828, device='cuda:1') tensor(0.1000, device='cuda:1') tensor(0.1172, device='cuda:1')
tensor(0.7594, device='cuda:1') tensor(0.1000, device='cuda:1') tensor(0.1406, device='cuda:1')
time 2.43
error 368369.8125
5 mlp.up_proj
Quantizing ...
tensor(0.5953, device='cuda:1') tensor(0.1000, device='cuda:1') tensor(0.3047, device='cuda:1')
tensor(0.8609, device='cuda:1') tensor(0.1000, device='cuda:1') tensor(0.0391, device='cuda:1')
tensor(0.8766, device='cuda:1') tensor(0.1000, device='cuda:1') tensor(0.0234, device='cuda:1')
tensor(0.5172, device='cuda:1') tensor(0.1000, device='cuda:1') tensor(0.3828, device='cuda:1')
tensor(0.8687, device='cuda:1') tensor(0.1000, device='cuda:1') tensor(0.0312, device='cuda:1')
tensor(0.7750, device='cuda:1') tensor(0.1000, device='cuda:1') tensor(0.1250, device='cuda:1')
tensor(0.8587, device='cuda:1') tensor(0.1100, device='cuda:1') tensor(0.0312, device='cuda:1')
tensor(0.8431, device='cuda:1') tensor(0.1100, device='cuda:1') tensor(0.0469, device='cuda:1')
tensor(0.8453, device='cuda:1') tensor(0.1000, device='cuda:1') tensor(0.0547, device='cuda:1')
tensor(0.8062, device='cuda:1') tensor(0.1000, device='cuda:1') tensor(0.0938, device='cuda:1')
tensor(0.8431, device='cuda:1') tensor(0.1100, device='cuda:1') tensor(0.0469, device='cuda:1')
tensor(0.6969, device='cuda:1') tensor(0.1000, device='cuda:1') tensor(0.2031, device='cuda:1')
tensor(0.8353, device='cuda:1') tensor(0.1100, device='cuda:1') tensor(0.0547, device='cuda:1')
tensor(0.6969, device='cuda:1') tensor(0.1000, device='cuda:1') tensor(0.2031, device='cuda:1')
tensor(0.8141, device='cuda:1') tensor(0.1000, device='cuda:1') tensor(0.0859, device='cuda:1')
tensor(0.7359, device='cuda:1') tensor(0.1000, device='cuda:1') tensor(0.1641, device='cuda:1')
tensor(0.8062, device='cuda:1') tensor(0.1000, device='cuda:1') tensor(0.0938, device='cuda:1')
tensor(0.7750, device='cuda:1') tensor(0.1000, device='cuda:1') tensor(0.1250, device='cuda:1')
tensor(0.7906, device='cuda:1') tensor(0.1000, device='cuda:1') tensor(0.1094, device='cuda:1')
tensor(0.7359, device='cuda:1') tensor(0.1000, device='cuda:1') tensor(0.1641, device='cuda:1')
time 2.39
error 195244.5
5 mlp.down_proj
Quantizing ...
tensor(0.8766, device='cuda:1') tensor(0.1000, device='cuda:1') tensor(0.0234, device='cuda:1')
tensor(0.8453, device='cuda:1') tensor(0.1000, device='cuda:1') tensor(0.0547, device='cuda:1')
tensor(0.8766, device='cuda:1') tensor(0.1000, device='cuda:1') tensor(0.0234, device='cuda:1')
tensor(0.8453, device='cuda:1') tensor(0.1000, device='cuda:1') tensor(0.0547, device='cuda:1')
tensor(0.7750, device='cuda:1') tensor(0.1000, device='cuda:1') tensor(0.1250, device='cuda:1')
tensor(0.8375, device='cuda:1') tensor(0.1000, device='cuda:1') tensor(0.0625, device='cuda:1')
tensor(0.6734, device='cuda:1') tensor(0.1000, device='cuda:1') tensor(0.2266, device='cuda:1')
tensor(0.8297, device='cuda:1') tensor(0.1000, device='cuda:1') tensor(0.0703, device='cuda:1')
tensor(0.8063, device='cuda:1') tensor(0.1000, device='cuda:1') tensor(0.0938, device='cuda:1')
tensor(0.8531, device='cuda:1') tensor(0.1000, device='cuda:1') tensor(0.0469, device='cuda:1')
tensor(0.6891, device='cuda:1') tensor(0.1000, device='cuda:1') tensor(0.2109, device='cuda:1')
tensor(0.6344, device='cuda:1') tensor(0.1000, device='cuda:1') tensor(0.2656, device='cuda:1')
tensor(0.8609, device='cuda:1') tensor(0.1000, device='cuda:1') tensor(0.0391, device='cuda:1')
tensor(0.8063, device='cuda:1') tensor(0.1000, device='cuda:1') tensor(0.0938, device='cuda:1')
tensor(0.8609, device='cuda:1') tensor(0.1000, device='cuda:1') tensor(0.0391, device='cuda:1')
tensor(0.5484, device='cuda:1') tensor(0.1000, device='cuda:1') tensor(0.3516, device='cuda:1')
tensor(0.6969, device='cuda:1') tensor(0.1000, device='cuda:1') tensor(0.2031, device='cuda:1')
tensor(0.7906, device='cuda:1') tensor(0.1000, device='cuda:1') tensor(0.1094, device='cuda:1')
tensor(0.8141, device='cuda:1') tensor(0.1000, device='cuda:1') tensor(0.0859, device='cuda:1')
tensor(0.8453, device='cuda:1') tensor(0.1000, device='cuda:1') tensor(0.0547, device='cuda:1')
tensor(0.7906, device='cuda:1') tensor(0.1000, device='cuda:1') tensor(0.1094, device='cuda:1')
tensor(0.6500, device='cuda:1') tensor(0.1000, device='cuda:1') tensor(0.2500, device='cuda:1')
tensor(0.8453, device='cuda:1') tensor(0.1000, device='cuda:1') tensor(0.0547, device='cuda:1')
tensor(0.7438, device='cuda:1') tensor(0.1000, device='cuda:1') tensor(0.1562, device='cuda:1')
tensor(0.8375, device='cuda:1') tensor(0.1000, device='cuda:1') tensor(0.0625, device='cuda:1')
tensor(0.8219, device='cuda:1') tensor(0.1000, device='cuda:1') tensor(0.0781, device='cuda:1')
tensor(0.8453, device='cuda:1') tensor(0.1000, device='cuda:1') tensor(0.0547, device='cuda:1')
tensor(0.8609, device='cuda:1') tensor(0.1000, device='cuda:1') tensor(0.0391, device='cuda:1')
tensor(0.7828, device='cuda:1') tensor(0.1000, device='cuda:1') tensor(0.1172, device='cuda:1')
tensor(0.8141, device='cuda:1') tensor(0.1000, device='cuda:1') tensor(0.0859, device='cuda:1')
tensor(0.8688, device='cuda:1') tensor(0.1000, device='cuda:1') tensor(0.0312, device='cuda:1')
tensor(0.7125, device='cuda:1') tensor(0.1000, device='cuda:1') tensor(0.1875, device='cuda:1')
tensor(0.7906, device='cuda:1') tensor(0.1000, device='cuda:1') tensor(0.1094, device='cuda:1')
tensor(0.8531, device='cuda:1') tensor(0.1000, device='cuda:1') tensor(0.0469, device='cuda:1')
tensor(0.8297, device='cuda:1') tensor(0.1000, device='cuda:1') tensor(0.0703, device='cuda:1')
tensor(0.8531, device='cuda:1') tensor(0.1000, device='cuda:1') tensor(0.0469, device='cuda:1')
tensor(0.7438, device='cuda:1') tensor(0.1000, device='cuda:1') tensor(0.1562, device='cuda:1')
tensor(0.7203, device='cuda:1') tensor(0.1000, device='cuda:1') tensor(0.1797, device='cuda:1')
tensor(0.8688, device='cuda:1') tensor(0.1000, device='cuda:1') tensor(0.0312, device='cuda:1')
tensor(0.6969, device='cuda:1') tensor(0.1000, device='cuda:1') tensor(0.2031, device='cuda:1')
tensor(0.7438, device='cuda:1') tensor(0.1000, device='cuda:1') tensor(0.1562, device='cuda:1')
tensor(0.8219, device='cuda:1') tensor(0.1000, device='cuda:1') tensor(0.0781, device='cuda:1')
tensor(0.8375, device='cuda:1') tensor(0.1000, device='cuda:1') tensor(0.0625, device='cuda:1')
tensor(0.8375, device='cuda:1') tensor(0.1000, device='cuda:1') tensor(0.0625, device='cuda:1')
tensor(0.8531, device='cuda:1') tensor(0.1000, device='cuda:1') tensor(0.0469, device='cuda:1')
tensor(0.8609, device='cuda:1') tensor(0.1000, device='cuda:1') tensor(0.0391, device='cuda:1')
tensor(0.8531, device='cuda:1') tensor(0.1000, device='cuda:1') tensor(0.0469, device='cuda:1')
tensor(0.8766, device='cuda:1') tensor(0.1000, device='cuda:1') tensor(0.0234, device='cuda:1')
tensor(0.7516, device='cuda:1') tensor(0.1000, device='cuda:1') tensor(0.1484, device='cuda:1')
tensor(0.7984, device='cuda:1') tensor(0.1000, device='cuda:1') tensor(0.1016, device='cuda:1')
tensor(0.7594, device='cuda:1') tensor(0.1000, device='cuda:1') tensor(0.1406, device='cuda:1')
tensor(0.8609, device='cuda:1') tensor(0.1000, device='cuda:1') tensor(0.0391, device='cuda:1')
tensor(0.8453, device='cuda:1') tensor(0.1000, device='cuda:1') tensor(0.0547, device='cuda:1')
tensor(0.8609, device='cuda:1') tensor(0.1000, device='cuda:1') tensor(0.0391, device='cuda:1')
tensor(0.7672, device='cuda:1') tensor(0.1000, device='cuda:1') tensor(0.1328, device='cuda:1')
tensor(0.8453, device='cuda:1') tensor(0.1000, device='cuda:1') tensor(0.0547, device='cuda:1')
tensor(0.8375, device='cuda:1') tensor(0.1000, device='cuda:1') tensor(0.0625, device='cuda:1')
tensor(0.6734, device='cuda:1') tensor(0.1000, device='cuda:1') tensor(0.2266, device='cuda:1')
tensor(0.7906, device='cuda:1') tensor(0.1000, device='cuda:1') tensor(0.1094, device='cuda:1')
tensor(0.8531, device='cuda:1') tensor(0.1000, device='cuda:1') tensor(0.0469, device='cuda:1')
tensor(0.8453, device='cuda:1') tensor(0.1000, device='cuda:1') tensor(0.0547, device='cuda:1')
tensor(0.6109, device='cuda:1') tensor(0.1000, device='cuda:1') tensor(0.2891, device='cuda:1')
tensor(0.8609, device='cuda:1') tensor(0.1000, device='cuda:1') tensor(0.0391, device='cuda:1')
tensor(0.8297, device='cuda:1') tensor(0.1000, device='cuda:1') tensor(0.0703, device='cuda:1')
tensor(0.8609, device='cuda:1') tensor(0.1000, device='cuda:1') tensor(0.0391, device='cuda:1')
tensor(0.8609, device='cuda:1') tensor(0.1000, device='cuda:1') tensor(0.0391, device='cuda:1')
tensor(0.8531, device='cuda:1') tensor(0.1000, device='cuda:1') tensor(0.0469, device='cuda:1')
tensor(0.7750, device='cuda:1') tensor(0.1000, device='cuda:1') tensor(0.1250, device='cuda:1')
tensor(0.8453, device='cuda:1') tensor(0.1000, device='cuda:1') tensor(0.0547, device='cuda:1')
tensor(0.8375, device='cuda:1') tensor(0.1000, device='cuda:1') tensor(0.0625, device='cuda:1')
tensor(0.8219, device='cuda:1') tensor(0.1000, device='cuda:1') tensor(0.0781, device='cuda:1')
tensor(0.7750, device='cuda:1') tensor(0.1000, device='cuda:1') tensor(0.1250, device='cuda:1')
tensor(0.8297, device='cuda:1') tensor(0.1000, device='cuda:1') tensor(0.0703, device='cuda:1')
tensor(0.8297, device='cuda:1') tensor(0.1000, device='cuda:1') tensor(0.0703, device='cuda:1')
tensor(0.7594, device='cuda:1') tensor(0.1000, device='cuda:1') tensor(0.1406, device='cuda:1')
tensor(0.7594, device='cuda:1') tensor(0.1000, device='cuda:1') tensor(0.1406, device='cuda:1')
time 6.74
error 19454.52734375
6 self_attn.q_proj
Quantizing ...
tensor(0.7672, device='cuda:1') tensor(0.1000, device='cuda:1') tensor(0.1328, device='cuda:1')
tensor(0.8687, device='cuda:1') tensor(0.1000, device='cuda:1') tensor(0.0312, device='cuda:1')
tensor(0.8766, device='cuda:1') tensor(0.1000, device='cuda:1') tensor(0.0234, device='cuda:1')
tensor(0.8687, device='cuda:1') tensor(0.1000, device='cuda:1') tensor(0.0312, device='cuda:1')
tensor(0.7125, device='cuda:1') tensor(0.1000, device='cuda:1') tensor(0.1875, device='cuda:1')
tensor(0.5953, device='cuda:1') tensor(0.1000, device='cuda:1') tensor(0.3047, device='cuda:1')
tensor(0.8609, device='cuda:1') tensor(0.1000, device='cuda:1') tensor(0.0391, device='cuda:1')
tensor(0.8453, device='cuda:1') tensor(0.1000, device='cuda:1') tensor(0.0547, device='cuda:1')
tensor(0.8766, device='cuda:1') tensor(0.1000, device='cuda:1') tensor(0.0234, device='cuda:1')
tensor(0.7281, device='cuda:1') tensor(0.1000, device='cuda:1') tensor(0.1719, device='cuda:1')
tensor(0.5953, device='cuda:1') tensor(0.1000, device='cuda:1') tensor(0.3047, device='cuda:1')
tensor(0.8453, device='cuda:1') tensor(0.1000, device='cuda:1') tensor(0.0547, device='cuda:1')
tensor(0.8062, device='cuda:1') tensor(0.1000, device='cuda:1') tensor(0.0938, device='cuda:1')
tensor(0.8453, device='cuda:1') tensor(0.1000, device='cuda:1') tensor(0.0547, device='cuda:1')
tensor(0.8453, device='cuda:1') tensor(0.1000, device='cuda:1') tensor(0.0547, device='cuda:1')
tensor(0.8062, device='cuda:1') tensor(0.1000, device='cuda:1') tensor(0.0938, device='cuda:1')
tensor(0.7828, device='cuda:1') tensor(0.1000, device='cuda:1') tensor(0.1172, device='cuda:1')
tensor(0.8609, device='cuda:1') tensor(0.1000, device='cuda:1') tensor(0.0391, device='cuda:1')
tensor(0.8219, device='cuda:1') tensor(0.1000, device='cuda:1') tensor(0.0781, device='cuda:1')
tensor(0.8453, device='cuda:1') tensor(0.1000, device='cuda:1') tensor(0.0547, device='cuda:1')
time 2.06
error 14273.69140625
6 self_attn.k_proj
Quantizing ...
tensor(0.7828, device='cuda:1') tensor(0.1000, device='cuda:1') tensor(0.1172, device='cuda:1')
tensor(0.8297, device='cuda:1') tensor(0.1000, device='cuda:1') tensor(0.0703, device='cuda:1')
tensor(0.8766, device='cuda:1') tensor(0.1000, device='cuda:1') tensor(0.0234, device='cuda:1')
tensor(0.5172, device='cuda:1') tensor(0.1000, device='cuda:1') tensor(0.3828, device='cuda:1')
tensor(0.8766, device='cuda:1') tensor(0.1000, device='cuda:1') tensor(0.0234, device='cuda:1')
tensor(0.5172, device='cuda:1') tensor(0.1000, device='cuda:1') tensor(0.3828, device='cuda:1')
tensor(0.8766, device='cuda:1') tensor(0.1000, device='cuda:1') tensor(0.0234, device='cuda:1')
tensor(0.8609, device='cuda:1') tensor(0.1000, device='cuda:1') tensor(0.0391, device='cuda:1')
tensor(0.8609, device='cuda:1') tensor(0.1000, device='cuda:1') tensor(0.0391, device='cuda:1')
tensor(0.8297, device='cuda:1') tensor(0.1000, device='cuda:1') tensor(0.0703, device='cuda:1')
tensor(0.8219, device='cuda:1') tensor(0.1000, device='cuda:1') tensor(0.0781, device='cuda:1')
tensor(0.8531, device='cuda:1') tensor(0.1000, device='cuda:1') tensor(0.0469, device='cuda:1')
tensor(0.8453, device='cuda:1') tensor(0.1000, device='cuda:1') tensor(0.0547, device='cuda:1')
tensor(0.8141, device='cuda:1') tensor(0.1000, device='cuda:1') tensor(0.0859, device='cuda:1')
tensor(0.7750, device='cuda:1') tensor(0.1000, device='cuda:1') tensor(0.1250, device='cuda:1')
tensor(0.6969, device='cuda:1') tensor(0.1000, device='cuda:1') tensor(0.2031, device='cuda:1')
tensor(0.7437, device='cuda:1') tensor(0.1000, device='cuda:1') tensor(0.1562, device='cuda:1')
tensor(0.8453, device='cuda:1') tensor(0.1000, device='cuda:1') tensor(0.0547, device='cuda:1')
tensor(0.8453, device='cuda:1') tensor(0.1000, device='cuda:1') tensor(0.0547, device='cuda:1')
tensor(0.8453, device='cuda:1') tensor(0.1000, device='cuda:1') tensor(0.0547, device='cuda:1')
time 1.71
error 3552.7509765625
6 self_attn.v_proj
Quantizing ...
tensor(0.6891, device='cuda:1') tensor(0.1000, device='cuda:1') tensor(0.2109, device='cuda:1')
tensor(0.5172, device='cuda:1') tensor(0.1000, device='cuda:1') tensor(0.3828, device='cuda:1')
tensor(0.6969, device='cuda:1') tensor(0.1000, device='cuda:1') tensor(0.2031, device='cuda:1')
tensor(0.7984, device='cuda:1') tensor(0.1000, device='cuda:1') tensor(0.1016, device='cuda:1')
tensor(0.8766, device='cuda:1') tensor(0.1000, device='cuda:1') tensor(0.0234, device='cuda:1')
tensor(0.5172, device='cuda:1') tensor(0.1000, device='cuda:1') tensor(0.3828, device='cuda:1')
tensor(0.5328, device='cuda:1') tensor(0.1000, device='cuda:1') tensor(0.3672, device='cuda:1')
tensor(0.5719, device='cuda:1') tensor(0.1000, device='cuda:1') tensor(0.3281, device='cuda:1')
tensor(0.8375, device='cuda:1') tensor(0.1000, device='cuda:1') tensor(0.0625, device='cuda:1')
tensor(0.5562, device='cuda:1') tensor(0.1000, device='cuda:1') tensor(0.3438, device='cuda:1')
tensor(0.6969, device='cuda:1') tensor(0.1000, device='cuda:1') tensor(0.2031, device='cuda:1')
tensor(0.7594, device='cuda:1') tensor(0.1000, device='cuda:1') tensor(0.1406, device='cuda:1')
tensor(0.7750, device='cuda:1') tensor(0.1000, device='cuda:1') tensor(0.1250, device='cuda:1')
tensor(0.7906, device='cuda:1') tensor(0.1000, device='cuda:1') tensor(0.1094, device='cuda:1')
tensor(0.8453, device='cuda:1') tensor(0.1000, device='cuda:1') tensor(0.0547, device='cuda:1')
tensor(0.7672, device='cuda:1') tensor(0.1000, device='cuda:1') tensor(0.1328, device='cuda:1')
tensor(0.7984, device='cuda:1') tensor(0.1000, device='cuda:1') tensor(0.1016, device='cuda:1')
tensor(0.8453, device='cuda:1') tensor(0.1000, device='cuda:1') tensor(0.0547, device='cuda:1')
tensor(0.7984, device='cuda:1') tensor(0.1000, device='cuda:1') tensor(0.1016, device='cuda:1')
tensor(0.8062, device='cuda:1') tensor(0.1000, device='cuda:1') tensor(0.0938, device='cuda:1')
time 1.81
error 3802.54638671875
6 self_attn.o_proj
Quantizing ...
tensor(0.8140, device='cuda:1') tensor(0.1000, device='cuda:1') tensor(0.0859, device='cuda:1')
tensor(0.8219, device='cuda:1') tensor(0.1000, device='cuda:1') tensor(0.0781, device='cuda:1')
tensor(0.7906, device='cuda:1') tensor(0.1000, device='cuda:1') tensor(0.1094, device='cuda:1')
tensor(0.8141, device='cuda:1') tensor(0.1000, device='cuda:1') tensor(0.0859, device='cuda:1')
tensor(0.7828, device='cuda:1') tensor(0.1000, device='cuda:1') tensor(0.1172, device='cuda:1')
tensor(0.7906, device='cuda:1') tensor(0.1000, device='cuda:1') tensor(0.1094, device='cuda:1')
tensor(0.7516, device='cuda:1') tensor(0.1000, device='cuda:1') tensor(0.1484, device='cuda:1')
tensor(0.5172, device='cuda:1') tensor(0.1000, device='cuda:1') tensor(0.3828, device='cuda:1')
tensor(0.8766, device='cuda:1') tensor(0.1000, device='cuda:1') tensor(0.0234, device='cuda:1')
tensor(0.6500, device='cuda:1') tensor(0.1000, device='cuda:1') tensor(0.2500, device='cuda:1')
tensor(0.7281, device='cuda:1') tensor(0.1000, device='cuda:1') tensor(0.1719, device='cuda:1')
tensor(0.7125, device='cuda:1') tensor(0.1000, device='cuda:1') tensor(0.1875, device='cuda:1')
tensor(0.8766, device='cuda:1') tensor(0.1000, device='cuda:1') tensor(0.0234, device='cuda:1')
tensor(0.8844, device='cuda:1') tensor(0.1000, device='cuda:1') tensor(0.0156, device='cuda:1')
tensor(0.5484, device='cuda:1') tensor(0.1000, device='cuda:1') tensor(0.3516, device='cuda:1')
tensor(0.6969, device='cuda:1') tensor(0.1000, device='cuda:1') tensor(0.2031, device='cuda:1')
tensor(0.8531, device='cuda:1') tensor(0.1000, device='cuda:1') tensor(0.0469, device='cuda:1')
tensor(0.8609, device='cuda:1') tensor(0.1000, device='cuda:1') tensor(0.0391, device='cuda:1')
tensor(0.8766, device='cuda:1') tensor(0.1000, device='cuda:1') tensor(0.0234, device='cuda:1')
tensor(0.8453, device='cuda:1') tensor(0.1000, device='cuda:1') tensor(0.0547, device='cuda:1')
tensor(0.7516, device='cuda:1') tensor(0.1000, device='cuda:1') tensor(0.1484, device='cuda:1')
tensor(0.7438, device='cuda:1') tensor(0.1000, device='cuda:1') tensor(0.1562, device='cuda:1')
tensor(0.7984, device='cuda:1') tensor(0.1000, device='cuda:1') tensor(0.1016, device='cuda:1')
tensor(0.8531, device='cuda:1') tensor(0.1000, device='cuda:1') tensor(0.0469, device='cuda:1')
tensor(0.8297, device='cuda:1') tensor(0.1000, device='cuda:1') tensor(0.0703, device='cuda:1')
tensor(0.8453, device='cuda:1') tensor(0.1000, device='cuda:1') tensor(0.0547, device='cuda:1')
tensor(0.8063, device='cuda:1') tensor(0.1000, device='cuda:1') tensor(0.0938, device='cuda:1')
tensor(0.8453, device='cuda:1') tensor(0.1000, device='cuda:1') tensor(0.0547, device='cuda:1')
tensor(0.8766, device='cuda:1') tensor(0.1000, device='cuda:1') tensor(0.0234, device='cuda:1')
tensor(0.8531, device='cuda:1') tensor(0.1000, device='cuda:1') tensor(0.0469, device='cuda:1')
tensor(0.8453, device='cuda:1') tensor(0.1000, device='cuda:1') tensor(0.0547, device='cuda:1')
tensor(0.8609, device='cuda:1') tensor(0.1000, device='cuda:1') tensor(0.0391, device='cuda:1')
time 3.13
error 5584.2451171875
6 mlp.gate_proj
Quantizing ...
tensor(0.8844, device='cuda:1') tensor(0.1000, device='cuda:1') tensor(0.0156, device='cuda:1')
tensor(0.7594, device='cuda:1') tensor(0.1000, device='cuda:1') tensor(0.1406, device='cuda:1')
tensor(0.7984, device='cuda:1') tensor(0.1000, device='cuda:1') tensor(0.1016, device='cuda:1')
tensor(0.8687, device='cuda:1') tensor(0.1000, device='cuda:1') tensor(0.0312, device='cuda:1')
tensor(0.8531, device='cuda:1') tensor(0.1000, device='cuda:1') tensor(0.0469, device='cuda:1')
tensor(0.7984, device='cuda:1') tensor(0.1000, device='cuda:1') tensor(0.1016, device='cuda:1')
tensor(0.8375, device='cuda:1') tensor(0.1000, device='cuda:1') tensor(0.0625, device='cuda:1')
tensor(0.7984, device='cuda:1') tensor(0.1000, device='cuda:1') tensor(0.1016, device='cuda:1')
tensor(0.7594, device='cuda:1') tensor(0.1000, device='cuda:1') tensor(0.1406, device='cuda:1')
tensor(0.7906, device='cuda:1') tensor(0.1000, device='cuda:1') tensor(0.1094, device='cuda:1')
tensor(0.7906, device='cuda:1') tensor(0.1000, device='cuda:1') tensor(0.1094, device='cuda:1')
tensor(0.7203, device='cuda:1') tensor(0.1000, device='cuda:1') tensor(0.1797, device='cuda:1')
tensor(0.8062, device='cuda:1') tensor(0.1000, device='cuda:1') tensor(0.0938, device='cuda:1')
tensor(0.6969, device='cuda:1') tensor(0.1000, device='cuda:1') tensor(0.2031, device='cuda:1')
tensor(0.7594, device='cuda:1') tensor(0.1000, device='cuda:1') tensor(0.1406, device='cuda:1')
tensor(0.7203, device='cuda:1') tensor(0.1000, device='cuda:1') tensor(0.1797, device='cuda:1')
tensor(0.7437, device='cuda:1') tensor(0.1000, device='cuda:1') tensor(0.1562, device='cuda:1')
tensor(0.7594, device='cuda:1') tensor(0.1000, device='cuda:1') tensor(0.1406, device='cuda:1')
tensor(0.7203, device='cuda:1') tensor(0.1000, device='cuda:1') tensor(0.1797, device='cuda:1')
tensor(0.7281, device='cuda:1') tensor(0.1000, device='cuda:1') tensor(0.1719, device='cuda:1')
time 2.59
error 350654.5
6 mlp.up_proj
Quantizing ...
tensor(0.8531, device='cuda:1') tensor(0.1000, device='cuda:1') tensor(0.0469, device='cuda:1')
tensor(0.5250, device='cuda:1') tensor(0.1000, device='cuda:1') tensor(0.3750, device='cuda:1')
tensor(0.8219, device='cuda:1') tensor(0.1000, device='cuda:1') tensor(0.0781, device='cuda:1')
tensor(0.8687, device='cuda:1') tensor(0.1000, device='cuda:1') tensor(0.0312, device='cuda:1')
tensor(0.8766, device='cuda:1') tensor(0.1000, device='cuda:1') tensor(0.0234, device='cuda:1')
tensor(0.7203, device='cuda:1') tensor(0.1000, device='cuda:1') tensor(0.1797, device='cuda:1')
tensor(0.7516, device='cuda:1') tensor(0.1000, device='cuda:1') tensor(0.1484, device='cuda:1')
tensor(0.8219, device='cuda:1') tensor(0.1000, device='cuda:1') tensor(0.0781, device='cuda:1')
tensor(0.6500, device='cuda:1') tensor(0.1000, device='cuda:1') tensor(0.2500, device='cuda:1')
tensor(0.6969, device='cuda:1') tensor(0.1000, device='cuda:1') tensor(0.2031, device='cuda:1')
tensor(0.8062, device='cuda:1') tensor(0.1000, device='cuda:1') tensor(0.0938, device='cuda:1')
tensor(0.7359, device='cuda:1') tensor(0.1000, device='cuda:1') tensor(0.1641, device='cuda:1')
tensor(0.8353, device='cuda:1') tensor(0.1100, device='cuda:1') tensor(0.0547, device='cuda:1')
tensor(0.6969, device='cuda:1') tensor(0.1000, device='cuda:1') tensor(0.2031, device='cuda:1')
tensor(0.7672, device='cuda:1') tensor(0.1000, device='cuda:1') tensor(0.1328, device='cuda:1')
tensor(0.6969, device='cuda:1') tensor(0.1000, device='cuda:1') tensor(0.2031, device='cuda:1')
tensor(0.7672, device='cuda:1') tensor(0.1000, device='cuda:1') tensor(0.1328, device='cuda:1')
tensor(0.7516, device='cuda:1') tensor(0.1000, device='cuda:1') tensor(0.1484, device='cuda:1')
tensor(0.7203, device='cuda:1') tensor(0.1000, device='cuda:1') tensor(0.1797, device='cuda:1')
tensor(0.8062, device='cuda:1') tensor(0.1000, device='cuda:1') tensor(0.0938, device='cuda:1')
time 2.44
error 224705.171875
6 mlp.down_proj
Quantizing ...
tensor(0.8766, device='cuda:1') tensor(0.1000, device='cuda:1') tensor(0.0234, device='cuda:1')
tensor(0.6578, device='cuda:1') tensor(0.1000, device='cuda:1') tensor(0.2422, device='cuda:1')
tensor(0.8766, device='cuda:1') tensor(0.1000, device='cuda:1') tensor(0.0234, device='cuda:1')
tensor(0.7984, device='cuda:1') tensor(0.1000, device='cuda:1') tensor(0.1016, device='cuda:1')
tensor(0.8609, device='cuda:1') tensor(0.1000, device='cuda:1') tensor(0.0391, device='cuda:1')
tensor(0.8453, device='cuda:1') tensor(0.1000, device='cuda:1') tensor(0.0547, device='cuda:1')
tensor(0.8453, device='cuda:1') tensor(0.1000, device='cuda:1') tensor(0.0547, device='cuda:1')
tensor(0.8609, device='cuda:1') tensor(0.1000, device='cuda:1') tensor(0.0391, device='cuda:1')
tensor(0.8688, device='cuda:1') tensor(0.1000, device='cuda:1') tensor(0.0312, device='cuda:1')
tensor(0.8844, device='cuda:1') tensor(0.1000, device='cuda:1') tensor(0.0156, device='cuda:1')
tensor(0.6969, device='cuda:1') tensor(0.1000, device='cuda:1') tensor(0.2031, device='cuda:1')
tensor(0.5953, device='cuda:1') tensor(0.1000, device='cuda:1') tensor(0.3047, device='cuda:1')
tensor(0.8453, device='cuda:1') tensor(0.1000, device='cuda:1') tensor(0.0547, device='cuda:1')
tensor(0.8531, device='cuda:1') tensor(0.1000, device='cuda:1') tensor(0.0469, device='cuda:1')
tensor(0.6500, device='cuda:1') tensor(0.1000, device='cuda:1') tensor(0.2500, device='cuda:1')
tensor(0.7828, device='cuda:1') tensor(0.1000, device='cuda:1') tensor(0.1172, device='cuda:1')
tensor(0.7516, device='cuda:1') tensor(0.1000, device='cuda:1') tensor(0.1484, device='cuda:1')
tensor(0.7984, device='cuda:1') tensor(0.1000, device='cuda:1') tensor(0.1016, device='cuda:1')
tensor(0.7906, device='cuda:1') tensor(0.1000, device='cuda:1') tensor(0.1094, device='cuda:1')
tensor(0.7438, device='cuda:1') tensor(0.1000, device='cuda:1') tensor(0.1562, device='cuda:1')
tensor(0.8609, device='cuda:1') tensor(0.1000, device='cuda:1') tensor(0.0391, device='cuda:1')
tensor(0.8609, device='cuda:1') tensor(0.1000, device='cuda:1') tensor(0.0391, device='cuda:1')
tensor(0.7906, device='cuda:1') tensor(0.1000, device='cuda:1') tensor(0.1094, device='cuda:1')
tensor(0.8453, device='cuda:1') tensor(0.1000, device='cuda:1') tensor(0.0547, device='cuda:1')
tensor(0.8688, device='cuda:1') tensor(0.1000, device='cuda:1') tensor(0.0312, device='cuda:1')
tensor(0.6109, device='cuda:1') tensor(0.1000, device='cuda:1') tensor(0.2891, device='cuda:1')
tensor(0.8531, device='cuda:1') tensor(0.1000, device='cuda:1') tensor(0.0469, device='cuda:1')
tensor(0.8844, device='cuda:1') tensor(0.1000, device='cuda:1') tensor(0.0156, device='cuda:1')
tensor(0.7828, device='cuda:1') tensor(0.1000, device='cuda:1') tensor(0.1172, device='cuda:1')
tensor(0.8297, device='cuda:1') tensor(0.1000, device='cuda:1') tensor(0.0703, device='cuda:1')
tensor(0.8844, device='cuda:1') tensor(0.1000, device='cuda:1') tensor(0.0156, device='cuda:1')
tensor(0.7672, device='cuda:1') tensor(0.1000, device='cuda:1') tensor(0.1328, device='cuda:1')
tensor(0.8453, device='cuda:1') tensor(0.1000, device='cuda:1') tensor(0.0547, device='cuda:1')
tensor(0.8453, device='cuda:1') tensor(0.1000, device='cuda:1') tensor(0.0547, device='cuda:1')
tensor(0.6578, device='cuda:1') tensor(0.1000, device='cuda:1') tensor(0.2422, device='cuda:1')
tensor(0.8219, device='cuda:1') tensor(0.1000, device='cuda:1') tensor(0.0781, device='cuda:1')
tensor(0.7828, device='cuda:1') tensor(0.1000, device='cuda:1') tensor(0.1172, device='cuda:1')
tensor(0.8297, device='cuda:1') tensor(0.1000, device='cuda:1') tensor(0.0703, device='cuda:1')
tensor(0.8375, device='cuda:1') tensor(0.1000, device='cuda:1') tensor(0.0625, device='cuda:1')
tensor(0.8453, device='cuda:1') tensor(0.1000, device='cuda:1') tensor(0.0547, device='cuda:1')
tensor(0.8453, device='cuda:1') tensor(0.1000, device='cuda:1') tensor(0.0547, device='cuda:1')
tensor(0.8609, device='cuda:1') tensor(0.1000, device='cuda:1') tensor(0.0391, device='cuda:1')
tensor(0.8609, device='cuda:1') tensor(0.1000, device='cuda:1') tensor(0.0391, device='cuda:1')
tensor(0.7750, device='cuda:1') tensor(0.1000, device='cuda:1') tensor(0.1250, device='cuda:1')
tensor(0.8375, device='cuda:1') tensor(0.1000, device='cuda:1') tensor(0.0625, device='cuda:1')
tensor(0.8297, device='cuda:1') tensor(0.1000, device='cuda:1') tensor(0.0703, device='cuda:1')
tensor(0.8453, device='cuda:1') tensor(0.1000, device='cuda:1') tensor(0.0547, device='cuda:1')
tensor(0.8063, device='cuda:1') tensor(0.1000, device='cuda:1') tensor(0.0938, device='cuda:1')
tensor(0.8453, device='cuda:1') tensor(0.1000, device='cuda:1') tensor(0.0547, device='cuda:1')
tensor(0.8609, device='cuda:1') tensor(0.1000, device='cuda:1') tensor(0.0391, device='cuda:1')
tensor(0.5484, device='cuda:1') tensor(0.1000, device='cuda:1') tensor(0.3516, device='cuda:1')
tensor(0.8453, device='cuda:1') tensor(0.1000, device='cuda:1') tensor(0.0547, device='cuda:1')
tensor(0.7984, device='cuda:1') tensor(0.1000, device='cuda:1') tensor(0.1016, device='cuda:1')
tensor(0.8531, device='cuda:1') tensor(0.1000, device='cuda:1') tensor(0.0469, device='cuda:1')
tensor(0.8688, device='cuda:1') tensor(0.1000, device='cuda:1') tensor(0.0312, device='cuda:1')
tensor(0.7516, device='cuda:1') tensor(0.1000, device='cuda:1') tensor(0.1484, device='cuda:1')
tensor(0.8453, device='cuda:1') tensor(0.1000, device='cuda:1') tensor(0.0547, device='cuda:1')
tensor(0.8531, device='cuda:1') tensor(0.1000, device='cuda:1') tensor(0.0469, device='cuda:1')
tensor(0.8375, device='cuda:1') tensor(0.1000, device='cuda:1') tensor(0.0625, device='cuda:1')
tensor(0.8766, device='cuda:1') tensor(0.1000, device='cuda:1') tensor(0.0234, device='cuda:1')
tensor(0.7984, device='cuda:1') tensor(0.1000, device='cuda:1') tensor(0.1016, device='cuda:1')
tensor(0.7750, device='cuda:1') tensor(0.1000, device='cuda:1') tensor(0.1250, device='cuda:1')
tensor(0.8844, device='cuda:1') tensor(0.1000, device='cuda:1') tensor(0.0156, device='cuda:1')
tensor(0.8609, device='cuda:1') tensor(0.1000, device='cuda:1') tensor(0.0391, device='cuda:1')
tensor(0.8531, device='cuda:1') tensor(0.1000, device='cuda:1') tensor(0.0469, device='cuda:1')
tensor(0.8297, device='cuda:1') tensor(0.1000, device='cuda:1') tensor(0.0703, device='cuda:1')
tensor(0.8297, device='cuda:1') tensor(0.1000, device='cuda:1') tensor(0.0703, device='cuda:1')
tensor(0.7125, device='cuda:1') tensor(0.1000, device='cuda:1') tensor(0.1875, device='cuda:1')
tensor(0.8141, device='cuda:1') tensor(0.1000, device='cuda:1') tensor(0.0859, device='cuda:1')
tensor(0.8609, device='cuda:1') tensor(0.1000, device='cuda:1') tensor(0.0391, device='cuda:1')
tensor(0.8219, device='cuda:1') tensor(0.1000, device='cuda:1') tensor(0.0781, device='cuda:1')
tensor(0.8688, device='cuda:1') tensor(0.1000, device='cuda:1') tensor(0.0312, device='cuda:1')
tensor(0.8766, device='cuda:1') tensor(0.1000, device='cuda:1') tensor(0.0234, device='cuda:1')
tensor(0.7984, device='cuda:1') tensor(0.1000, device='cuda:1') tensor(0.1016, device='cuda:1')
tensor(0.8141, device='cuda:1') tensor(0.1000, device='cuda:1') tensor(0.0859, device='cuda:1')
tensor(0.8297, device='cuda:1') tensor(0.1000, device='cuda:1') tensor(0.0703, device='cuda:1')
time 6.76
error 26807.5546875
7 self_attn.q_proj
Quantizing ...
tensor(0.7672, device='cuda:1') tensor(0.1000, device='cuda:1') tensor(0.1328, device='cuda:1')
tensor(0.8531, device='cuda:1') tensor(0.1000, device='cuda:1') tensor(0.0469, device='cuda:1')
tensor(0.8609, device='cuda:1') tensor(0.1000, device='cuda:1') tensor(0.0391, device='cuda:1')
tensor(0.8687, device='cuda:1') tensor(0.1000, device='cuda:1') tensor(0.0312, device='cuda:1')
tensor(0.8687, device='cuda:1') tensor(0.1000, device='cuda:1') tensor(0.0312, device='cuda:1')
tensor(0.8219, device='cuda:1') tensor(0.1000, device='cuda:1') tensor(0.0781, device='cuda:1')
tensor(0.6109, device='cuda:1') tensor(0.1000, device='cuda:1') tensor(0.2891, device='cuda:1')
tensor(0.7359, device='cuda:1') tensor(0.1000, device='cuda:1') tensor(0.1641, device='cuda:1')
tensor(0.8844, device='cuda:1') tensor(0.1000, device='cuda:1') tensor(0.0156, device='cuda:1')
tensor(0.8297, device='cuda:1') tensor(0.1000, device='cuda:1') tensor(0.0703, device='cuda:1')
tensor(0.8453, device='cuda:1') tensor(0.1000, device='cuda:1') tensor(0.0547, device='cuda:1')
tensor(0.8297, device='cuda:1') tensor(0.1000, device='cuda:1') tensor(0.0703, device='cuda:1')
tensor(0.8141, device='cuda:1') tensor(0.1000, device='cuda:1') tensor(0.0859, device='cuda:1')
tensor(0.8141, device='cuda:1') tensor(0.1000, device='cuda:1') tensor(0.0859, device='cuda:1')
tensor(0.8531, device='cuda:1') tensor(0.1000, device='cuda:1') tensor(0.0469, device='cuda:1')
tensor(0.7437, device='cuda:1') tensor(0.1000, device='cuda:1') tensor(0.1562, device='cuda:1')
tensor(0.8062, device='cuda:1') tensor(0.1000, device='cuda:1') tensor(0.0938, device='cuda:1')
tensor(0.8297, device='cuda:1') tensor(0.1000, device='cuda:1') tensor(0.0703, device='cuda:1')
tensor(0.8219, device='cuda:1') tensor(0.1000, device='cuda:1') tensor(0.0781, device='cuda:1')
tensor(0.7984, device='cuda:1') tensor(0.1000, device='cuda:1') tensor(0.1016, device='cuda:1')
time 2.08
error 27237.998046875
7 self_attn.k_proj
Quantizing ...
tensor(0.7594, device='cuda:1') tensor(0.1000, device='cuda:1') tensor(0.1406, device='cuda:1')
tensor(0.8687, device='cuda:1') tensor(0.1000, device='cuda:1') tensor(0.0312, device='cuda:1')
tensor(0.8531, device='cuda:1') tensor(0.1000, device='cuda:1') tensor(0.0469, device='cuda:1')
tensor(0.8766, device='cuda:1') tensor(0.1000, device='cuda:1') tensor(0.0234, device='cuda:1')
tensor(0.8766, device='cuda:1') tensor(0.1000, device='cuda:1') tensor(0.0234, device='cuda:1')
tensor(0.8687, device='cuda:1') tensor(0.1000, device='cuda:1') tensor(0.0312, device='cuda:1')
tensor(0.6031, device='cuda:1') tensor(0.1000, device='cuda:1') tensor(0.2969, device='cuda:1')
tensor(0.7516, device='cuda:1') tensor(0.1000, device='cuda:1') tensor(0.1484, device='cuda:1')
tensor(0.8687, device='cuda:1') tensor(0.1000, device='cuda:1') tensor(0.0312, device='cuda:1')
tensor(0.7437, device='cuda:1') tensor(0.1000, device='cuda:1') tensor(0.1562, device='cuda:1')
tensor(0.8141, device='cuda:1') tensor(0.1000, device='cuda:1') tensor(0.0859, device='cuda:1')
tensor(0.8297, device='cuda:1') tensor(0.1000, device='cuda:1') tensor(0.0703, device='cuda:1')
tensor(0.8219, device='cuda:1') tensor(0.1000, device='cuda:1') tensor(0.0781, device='cuda:1')
tensor(0.8219, device='cuda:1') tensor(0.1000, device='cuda:1') tensor(0.0781, device='cuda:1')
tensor(0.8609, device='cuda:1') tensor(0.1000, device='cuda:1') tensor(0.0391, device='cuda:1')
tensor(0.8297, device='cuda:1') tensor(0.1000, device='cuda:1') tensor(0.0703, device='cuda:1')
tensor(0.7672, device='cuda:1') tensor(0.1000, device='cuda:1') tensor(0.1328, device='cuda:1')
tensor(0.8609, device='cuda:1') tensor(0.1000, device='cuda:1') tensor(0.0391, device='cuda:1')
tensor(0.8375, device='cuda:1') tensor(0.1000, device='cuda:1') tensor(0.0625, device='cuda:1')
tensor(0.7828, device='cuda:1') tensor(0.1000, device='cuda:1') tensor(0.1172, device='cuda:1')
time 1.62
error 7434.908203125
7 self_attn.v_proj
Quantizing ...
tensor(0.5250, device='cuda:1') tensor(0.1000, device='cuda:1') tensor(0.3750, device='cuda:1')
tensor(0.7828, device='cuda:1') tensor(0.1000, device='cuda:1') tensor(0.1172, device='cuda:1')
tensor(0.8609, device='cuda:1') tensor(0.1000, device='cuda:1') tensor(0.0391, device='cuda:1')
tensor(0.5172, device='cuda:1') tensor(0.1000, device='cuda:1') tensor(0.3828, device='cuda:1')
tensor(0.5250, device='cuda:1') tensor(0.1000, device='cuda:1') tensor(0.3750, device='cuda:1')
tensor(0.5250, device='cuda:1') tensor(0.1000, device='cuda:1') tensor(0.3750, device='cuda:1')
tensor(0.5172, device='cuda:1') tensor(0.1000, device='cuda:1') tensor(0.3828, device='cuda:1')
tensor(0.6109, device='cuda:1') tensor(0.1000, device='cuda:1') tensor(0.2891, device='cuda:1')
tensor(0.7906, device='cuda:1') tensor(0.1000, device='cuda:1') tensor(0.1094, device='cuda:1')
tensor(0.7203, device='cuda:1') tensor(0.1000, device='cuda:1') tensor(0.1797, device='cuda:1')
tensor(0.8297, device='cuda:1') tensor(0.1000, device='cuda:1') tensor(0.0703, device='cuda:1')
tensor(0.8297, device='cuda:1') tensor(0.1000, device='cuda:1') tensor(0.0703, device='cuda:1')
tensor(0.7125, device='cuda:1') tensor(0.1000, device='cuda:1') tensor(0.1875, device='cuda:1')
tensor(0.8062, device='cuda:1') tensor(0.1000, device='cuda:1') tensor(0.0938, device='cuda:1')
tensor(0.8375, device='cuda:1') tensor(0.1000, device='cuda:1') tensor(0.0625, device='cuda:1')
tensor(0.8297, device='cuda:1') tensor(0.1000, device='cuda:1') tensor(0.0703, device='cuda:1')
tensor(0.8297, device='cuda:1') tensor(0.1000, device='cuda:1') tensor(0.0703, device='cuda:1')
tensor(0.7906, device='cuda:1') tensor(0.1000, device='cuda:1') tensor(0.1094, device='cuda:1')
tensor(0.8219, device='cuda:1') tensor(0.1000, device='cuda:1') tensor(0.0781, device='cuda:1')
tensor(0.8297, device='cuda:1') tensor(0.1000, device='cuda:1') tensor(0.0703, device='cuda:1')
time 1.63
error 7590.9931640625
7 self_attn.o_proj
Quantizing ...
tensor(0.7516, device='cuda:1') tensor(0.1000, device='cuda:1') tensor(0.1484, device='cuda:1')
tensor(0.8688, device='cuda:1') tensor(0.1000, device='cuda:1') tensor(0.0312, device='cuda:1')
tensor(0.8766, device='cuda:1') tensor(0.1000, device='cuda:1') tensor(0.0234, device='cuda:1')
tensor(0.8688, device='cuda:1') tensor(0.1000, device='cuda:1') tensor(0.0312, device='cuda:1')
tensor(0.7672, device='cuda:1') tensor(0.1000, device='cuda:1') tensor(0.1328, device='cuda:1')
tensor(0.8219, device='cuda:1') tensor(0.1000, device='cuda:1') tensor(0.0781, device='cuda:1')
tensor(0.8141, device='cuda:1') tensor(0.1000, device='cuda:1') tensor(0.0859, device='cuda:1')
tensor(0.7672, device='cuda:1') tensor(0.1000, device='cuda:1') tensor(0.1328, device='cuda:1')
tensor(0.8609, device='cuda:1') tensor(0.1000, device='cuda:1') tensor(0.0391, device='cuda:1')
tensor(0.8688, device='cuda:1') tensor(0.1000, device='cuda:1') tensor(0.0312, device='cuda:1')
tensor(0.8688, device='cuda:1') tensor(0.1000, device='cuda:1') tensor(0.0312, device='cuda:1')
tensor(0.8609, device='cuda:1') tensor(0.1000, device='cuda:1') tensor(0.0391, device='cuda:1')
tensor(0.8688, device='cuda:1') tensor(0.1000, device='cuda:1') tensor(0.0312, device='cuda:1')
tensor(0.8453, device='cuda:1') tensor(0.1000, device='cuda:1') tensor(0.0547, device='cuda:1')
tensor(0.7438, device='cuda:1') tensor(0.1000, device='cuda:1') tensor(0.1562, device='cuda:1')
tensor(0.7047, device='cuda:1') tensor(0.1000, device='cuda:1') tensor(0.1953, device='cuda:1')
tensor(0.8297, device='cuda:1') tensor(0.1000, device='cuda:1') tensor(0.0703, device='cuda:1')
tensor(0.7438, device='cuda:1') tensor(0.1000, device='cuda:1') tensor(0.1562, device='cuda:1')
tensor(0.8063, device='cuda:1') tensor(0.1000, device='cuda:1') tensor(0.0938, device='cuda:1')
tensor(0.8531, device='cuda:1') tensor(0.1000, device='cuda:1') tensor(0.0469, device='cuda:1')
tensor(0.8219, device='cuda:1') tensor(0.1000, device='cuda:1') tensor(0.0781, device='cuda:1')
tensor(0.7047, device='cuda:1') tensor(0.1000, device='cuda:1') tensor(0.1953, device='cuda:1')
tensor(0.8375, device='cuda:1') tensor(0.1000, device='cuda:1') tensor(0.0625, device='cuda:1')
tensor(0.8375, device='cuda:1') tensor(0.1000, device='cuda:1') tensor(0.0625, device='cuda:1')
tensor(0.8063, device='cuda:1') tensor(0.1000, device='cuda:1') tensor(0.0938, device='cuda:1')
tensor(0.8609, device='cuda:1') tensor(0.1000, device='cuda:1') tensor(0.0391, device='cuda:1')
tensor(0.8609, device='cuda:1') tensor(0.1000, device='cuda:1') tensor(0.0391, device='cuda:1')
tensor(0.8453, device='cuda:1') tensor(0.1000, device='cuda:1') tensor(0.0547, device='cuda:1')
tensor(0.8453, device='cuda:1') tensor(0.1000, device='cuda:1') tensor(0.0547, device='cuda:1')
tensor(0.7125, device='cuda:1') tensor(0.1000, device='cuda:1') tensor(0.1875, device='cuda:1')
tensor(0.7984, device='cuda:1') tensor(0.1000, device='cuda:1') tensor(0.1016, device='cuda:1')
tensor(0.8609, device='cuda:1') tensor(0.1000, device='cuda:1') tensor(0.0391, device='cuda:1')
time 2.75
error 7741.59375
7 mlp.gate_proj
Quantizing ...
tensor(0.8844, device='cuda:1') tensor(0.1000, device='cuda:1') tensor(0.0156, device='cuda:1')
tensor(0.8531, device='cuda:1') tensor(0.1000, device='cuda:1') tensor(0.0469, device='cuda:1')
tensor(0.5641, device='cuda:1') tensor(0.1000, device='cuda:1') tensor(0.3359, device='cuda:1')
tensor(0.8687, device='cuda:1') tensor(0.1000, device='cuda:1') tensor(0.0312, device='cuda:1')
tensor(0.8375, device='cuda:1') tensor(0.1000, device='cuda:1') tensor(0.0625, device='cuda:1')
tensor(0.7047, device='cuda:1') tensor(0.1000, device='cuda:1') tensor(0.1953, device='cuda:1')
tensor(0.7437, device='cuda:1') tensor(0.1000, device='cuda:1') tensor(0.1562, device='cuda:1')
tensor(0.7281, device='cuda:1') tensor(0.1000, device='cuda:1') tensor(0.1719, device='cuda:1')
tensor(0.7359, device='cuda:1') tensor(0.1000, device='cuda:1') tensor(0.1641, device='cuda:1')
tensor(0.6422, device='cuda:1') tensor(0.1000, device='cuda:1') tensor(0.2578, device='cuda:1')
tensor(0.7281, device='cuda:1') tensor(0.1000, device='cuda:1') tensor(0.1719, device='cuda:1')
tensor(0.7359, device='cuda:1') tensor(0.1000, device='cuda:1') tensor(0.1641, device='cuda:1')
tensor(0.7750, device='cuda:1') tensor(0.1000, device='cuda:1') tensor(0.1250, device='cuda:1')
tensor(0.6734, device='cuda:1') tensor(0.1000, device='cuda:1') tensor(0.2266, device='cuda:1')
tensor(0.8297, device='cuda:1') tensor(0.1000, device='cuda:1') tensor(0.0703, device='cuda:1')
tensor(0.7125, device='cuda:1') tensor(0.1000, device='cuda:1') tensor(0.1875, device='cuda:1')
tensor(0.7906, device='cuda:1') tensor(0.1000, device='cuda:1') tensor(0.1094, device='cuda:1')
tensor(0.7203, device='cuda:1') tensor(0.1000, device='cuda:1') tensor(0.1797, device='cuda:1')
tensor(0.7672, device='cuda:1') tensor(0.1000, device='cuda:1') tensor(0.1328, device='cuda:1')
tensor(0.7594, device='cuda:1') tensor(0.1000, device='cuda:1') tensor(0.1406, device='cuda:1')
time 2.36
error 439899.9375
7 mlp.up_proj
Quantizing ...
tensor(0.8687, device='cuda:1') tensor(0.1000, device='cuda:1') tensor(0.0312, device='cuda:1')
tensor(0.5172, device='cuda:1') tensor(0.1000, device='cuda:1') tensor(0.3828, device='cuda:1')
tensor(0.5172, device='cuda:1') tensor(0.1000, device='cuda:1') tensor(0.3828, device='cuda:1')
tensor(0.8141, device='cuda:1') tensor(0.1000, device='cuda:1') tensor(0.0859, device='cuda:1')
tensor(0.7594, device='cuda:1') tensor(0.1000, device='cuda:1') tensor(0.1406, device='cuda:1')
tensor(0.7437, device='cuda:1') tensor(0.1000, device='cuda:1') tensor(0.1562, device='cuda:1')
tensor(0.7828, device='cuda:1') tensor(0.1000, device='cuda:1') tensor(0.1172, device='cuda:1')
tensor(0.7516, device='cuda:1') tensor(0.1000, device='cuda:1') tensor(0.1484, device='cuda:1')
tensor(0.7672, device='cuda:1') tensor(0.1000, device='cuda:1') tensor(0.1328, device='cuda:1')
tensor(0.7906, device='cuda:1') tensor(0.1000, device='cuda:1') tensor(0.1094, device='cuda:1')
tensor(0.7672, device='cuda:1') tensor(0.1000, device='cuda:1') tensor(0.1328, device='cuda:1')
tensor(0.6344, device='cuda:1') tensor(0.1000, device='cuda:1') tensor(0.2656, device='cuda:1')
tensor(0.6891, device='cuda:1') tensor(0.1000, device='cuda:1') tensor(0.2109, device='cuda:1')
tensor(0.7437, device='cuda:1') tensor(0.1000, device='cuda:1') tensor(0.1562, device='cuda:1')
tensor(0.6578, device='cuda:1') tensor(0.1000, device='cuda:1') tensor(0.2422, device='cuda:1')
tensor(0.5562, device='cuda:1') tensor(0.1000, device='cuda:1') tensor(0.3438, device='cuda:1')
tensor(0.7203, device='cuda:1') tensor(0.1000, device='cuda:1') tensor(0.1797, device='cuda:1')
tensor(0.6422, device='cuda:1') tensor(0.1000, device='cuda:1') tensor(0.2578, device='cuda:1')
tensor(0.6578, device='cuda:1') tensor(0.1000, device='cuda:1') tensor(0.2422, device='cuda:1')
tensor(0.8062, device='cuda:1') tensor(0.1000, device='cuda:1') tensor(0.0938, device='cuda:1')
time 2.36
error 291356.375
7 mlp.down_proj
Quantizing ...
tensor(0.8766, device='cuda:1') tensor(0.1000, device='cuda:1') tensor(0.0234, device='cuda:1')
tensor(0.8609, device='cuda:1') tensor(0.1000, device='cuda:1') tensor(0.0391, device='cuda:1')
tensor(0.8609, device='cuda:1') tensor(0.1000, device='cuda:1') tensor(0.0391, device='cuda:1')
tensor(0.8688, device='cuda:1') tensor(0.1000, device='cuda:1') tensor(0.0312, device='cuda:1')
tensor(0.8219, device='cuda:1') tensor(0.1000, device='cuda:1') tensor(0.0781, device='cuda:1')
tensor(0.8688, device='cuda:1') tensor(0.1000, device='cuda:1') tensor(0.0312, device='cuda:1')
tensor(0.7906, device='cuda:1') tensor(0.1000, device='cuda:1') tensor(0.1094, device='cuda:1')
tensor(0.8063, device='cuda:1') tensor(0.1000, device='cuda:1') tensor(0.0938, device='cuda:1')
tensor(0.5328, device='cuda:1') tensor(0.1000, device='cuda:1') tensor(0.3672, device='cuda:1')
tensor(0.7672, device='cuda:1') tensor(0.1000, device='cuda:1') tensor(0.1328, device='cuda:1')
tensor(0.8688, device='cuda:1') tensor(0.1000, device='cuda:1') tensor(0.0312, device='cuda:1')
tensor(0.7750, device='cuda:1') tensor(0.1000, device='cuda:1') tensor(0.1250, device='cuda:1')
tensor(0.8531, device='cuda:1') tensor(0.1000, device='cuda:1') tensor(0.0469, device='cuda:1')
tensor(0.8531, device='cuda:1') tensor(0.1000, device='cuda:1') tensor(0.0469, device='cuda:1')
tensor(0.8297, device='cuda:1') tensor(0.1000, device='cuda:1') tensor(0.0703, device='cuda:1')
tensor(0.7359, device='cuda:1') tensor(0.1000, device='cuda:1') tensor(0.1641, device='cuda:1')
tensor(0.8531, device='cuda:1') tensor(0.1000, device='cuda:1') tensor(0.0469, device='cuda:1')
tensor(0.7281, device='cuda:1') tensor(0.1000, device='cuda:1') tensor(0.1719, device='cuda:1')
tensor(0.8219, device='cuda:1') tensor(0.1000, device='cuda:1') tensor(0.0781, device='cuda:1')
tensor(0.8297, device='cuda:1') tensor(0.1000, device='cuda:1') tensor(0.0703, device='cuda:1')
tensor(0.8531, device='cuda:1') tensor(0.1000, device='cuda:1') tensor(0.0469, device='cuda:1')
tensor(0.8141, device='cuda:1') tensor(0.1000, device='cuda:1') tensor(0.0859, device='cuda:1')
tensor(0.8375, device='cuda:1') tensor(0.1000, device='cuda:1') tensor(0.0625, device='cuda:1')
tensor(0.8531, device='cuda:1') tensor(0.1000, device='cuda:1') tensor(0.0469, device='cuda:1')
tensor(0.7281, device='cuda:1') tensor(0.1000, device='cuda:1') tensor(0.1719, device='cuda:1')
tensor(0.6969, device='cuda:1') tensor(0.1000, device='cuda:1') tensor(0.2031, device='cuda:1')
tensor(0.8609, device='cuda:1') tensor(0.1000, device='cuda:1') tensor(0.0391, device='cuda:1')
tensor(0.8609, device='cuda:1') tensor(0.1000, device='cuda:1') tensor(0.0391, device='cuda:1')
tensor(0.7828, device='cuda:1') tensor(0.1000, device='cuda:1') tensor(0.1172, device='cuda:1')
tensor(0.8531, device='cuda:1') tensor(0.1000, device='cuda:1') tensor(0.0469, device='cuda:1')
tensor(0.8297, device='cuda:1') tensor(0.1000, device='cuda:1') tensor(0.0703, device='cuda:1')
tensor(0.7594, device='cuda:1') tensor(0.1000, device='cuda:1') tensor(0.1406, device='cuda:1')
tensor(0.7047, device='cuda:1') tensor(0.1000, device='cuda:1') tensor(0.1953, device='cuda:1')
tensor(0.5641, device='cuda:1') tensor(0.1000, device='cuda:1') tensor(0.3359, device='cuda:1')
tensor(0.8141, device='cuda:1') tensor(0.1000, device='cuda:1') tensor(0.0859, device='cuda:1')
tensor(0.8609, device='cuda:1') tensor(0.1000, device='cuda:1') tensor(0.0391, device='cuda:1')
tensor(0.7906, device='cuda:1') tensor(0.1000, device='cuda:1') tensor(0.1094, device='cuda:1')
tensor(0.8453, device='cuda:1') tensor(0.1000, device='cuda:1') tensor(0.0547, device='cuda:1')
tensor(0.8141, device='cuda:1') tensor(0.1000, device='cuda:1') tensor(0.0859, device='cuda:1')
tensor(0.8063, device='cuda:1') tensor(0.1000, device='cuda:1') tensor(0.0938, device='cuda:1')
tensor(0.7594, device='cuda:1') tensor(0.1000, device='cuda:1') tensor(0.1406, device='cuda:1')
tensor(0.7203, device='cuda:1') tensor(0.1000, device='cuda:1') tensor(0.1797, device='cuda:1')
tensor(0.7281, device='cuda:1') tensor(0.1000, device='cuda:1') tensor(0.1719, device='cuda:1')
tensor(0.8609, device='cuda:1') tensor(0.1000, device='cuda:1') tensor(0.0391, device='cuda:1')
tensor(0.8531, device='cuda:1') tensor(0.1000, device='cuda:1') tensor(0.0469, device='cuda:1')
tensor(0.8609, device='cuda:1') tensor(0.1000, device='cuda:1') tensor(0.0391, device='cuda:1')
tensor(0.6891, device='cuda:1') tensor(0.1000, device='cuda:1') tensor(0.2109, device='cuda:1')
tensor(0.8531, device='cuda:1') tensor(0.1000, device='cuda:1') tensor(0.0469, device='cuda:1')
tensor(0.8453, device='cuda:1') tensor(0.1000, device='cuda:1') tensor(0.0547, device='cuda:1')
tensor(0.8531, device='cuda:1') tensor(0.1000, device='cuda:1') tensor(0.0469, device='cuda:1')
tensor(0.8219, device='cuda:1') tensor(0.1000, device='cuda:1') tensor(0.0781, device='cuda:1')
tensor(0.8297, device='cuda:1') tensor(0.1000, device='cuda:1') tensor(0.0703, device='cuda:1')
tensor(0.8453, device='cuda:1') tensor(0.1000, device='cuda:1') tensor(0.0547, device='cuda:1')
tensor(0.8453, device='cuda:1') tensor(0.1000, device='cuda:1') tensor(0.0547, device='cuda:1')
tensor(0.8453, device='cuda:1') tensor(0.1000, device='cuda:1') tensor(0.0547, device='cuda:1')
tensor(0.8688, device='cuda:1') tensor(0.1000, device='cuda:1') tensor(0.0312, device='cuda:1')
tensor(0.7750, device='cuda:1') tensor(0.1000, device='cuda:1') tensor(0.1250, device='cuda:1')
tensor(0.8531, device='cuda:1') tensor(0.1000, device='cuda:1') tensor(0.0469, device='cuda:1')
tensor(0.8453, device='cuda:1') tensor(0.1000, device='cuda:1') tensor(0.0547, device='cuda:1')
tensor(0.8609, device='cuda:1') tensor(0.1000, device='cuda:1') tensor(0.0391, device='cuda:1')
tensor(0.8609, device='cuda:1') tensor(0.1000, device='cuda:1') tensor(0.0391, device='cuda:1')
tensor(0.8531, device='cuda:1') tensor(0.1000, device='cuda:1') tensor(0.0469, device='cuda:1')
tensor(0.8453, device='cuda:1') tensor(0.1000, device='cuda:1') tensor(0.0547, device='cuda:1')
tensor(0.8141, device='cuda:1') tensor(0.1000, device='cuda:1') tensor(0.0859, device='cuda:1')
tensor(0.8609, device='cuda:1') tensor(0.1000, device='cuda:1') tensor(0.0391, device='cuda:1')
tensor(0.8688, device='cuda:1') tensor(0.1000, device='cuda:1') tensor(0.0312, device='cuda:1')
tensor(0.7984, device='cuda:1') tensor(0.1000, device='cuda:1') tensor(0.1016, device='cuda:1')
tensor(0.8609, device='cuda:1') tensor(0.1000, device='cuda:1') tensor(0.0391, device='cuda:1')
tensor(0.7984, device='cuda:1') tensor(0.1000, device='cuda:1') tensor(0.1016, device='cuda:1')
tensor(0.8453, device='cuda:1') tensor(0.1000, device='cuda:1') tensor(0.0547, device='cuda:1')
tensor(0.7594, device='cuda:1') tensor(0.1000, device='cuda:1') tensor(0.1406, device='cuda:1')
tensor(0.7906, device='cuda:1') tensor(0.1000, device='cuda:1') tensor(0.1094, device='cuda:1')
tensor(0.8353, device='cuda:1') tensor(0.1100, device='cuda:1') tensor(0.0547, device='cuda:1')
tensor(0.8219, device='cuda:1') tensor(0.1000, device='cuda:1') tensor(0.0781, device='cuda:1')
tensor(0.8219, device='cuda:1') tensor(0.1000, device='cuda:1') tensor(0.0781, device='cuda:1')
tensor(0.8688, device='cuda:1') tensor(0.1000, device='cuda:1') tensor(0.0312, device='cuda:1')
time 6.76
error 32744.9453125
8 self_attn.q_proj
Quantizing ...
tensor(0.8062, device='cuda:1') tensor(0.1000, device='cuda:1') tensor(0.0938, device='cuda:1')
tensor(0.8687, device='cuda:1') tensor(0.1000, device='cuda:1') tensor(0.0312, device='cuda:1')
tensor(0.8766, device='cuda:1') tensor(0.1000, device='cuda:1') tensor(0.0234, device='cuda:1')
tensor(0.8687, device='cuda:1') tensor(0.1000, device='cuda:1') tensor(0.0312, device='cuda:1')
tensor(0.8375, device='cuda:1') tensor(0.1000, device='cuda:1') tensor(0.0625, device='cuda:1')
tensor(0.8531, device='cuda:1') tensor(0.1000, device='cuda:1') tensor(0.0469, device='cuda:1')
tensor(0.8609, device='cuda:1') tensor(0.1000, device='cuda:1') tensor(0.0391, device='cuda:1')
tensor(0.5406, device='cuda:1') tensor(0.1000, device='cuda:1') tensor(0.3594, device='cuda:1')
tensor(0.8766, device='cuda:1') tensor(0.1000, device='cuda:1') tensor(0.0234, device='cuda:1')
tensor(0.8219, device='cuda:1') tensor(0.1000, device='cuda:1') tensor(0.0781, device='cuda:1')
tensor(0.8375, device='cuda:1') tensor(0.1000, device='cuda:1') tensor(0.0625, device='cuda:1')
tensor(0.8609, device='cuda:1') tensor(0.1000, device='cuda:1') tensor(0.0391, device='cuda:1')
tensor(0.7125, device='cuda:1') tensor(0.1000, device='cuda:1') tensor(0.1875, device='cuda:1')
tensor(0.7750, device='cuda:1') tensor(0.1000, device='cuda:1') tensor(0.1250, device='cuda:1')
tensor(0.8375, device='cuda:1') tensor(0.1000, device='cuda:1') tensor(0.0625, device='cuda:1')
tensor(0.7750, device='cuda:1') tensor(0.1000, device='cuda:1') tensor(0.1250, device='cuda:1')
tensor(0.7906, device='cuda:1') tensor(0.1000, device='cuda:1') tensor(0.1094, device='cuda:1')
tensor(0.6969, device='cuda:1') tensor(0.1000, device='cuda:1') tensor(0.2031, device='cuda:1')
tensor(0.7906, device='cuda:1') tensor(0.1000, device='cuda:1') tensor(0.1094, device='cuda:1')
tensor(0.8141, device='cuda:1') tensor(0.1000, device='cuda:1') tensor(0.0859, device='cuda:1')
time 2.09
error 46611.23828125
8 self_attn.k_proj
Quantizing ...
tensor(0.7984, device='cuda:1') tensor(0.1000, device='cuda:1') tensor(0.1016, device='cuda:1')
tensor(0.8609, device='cuda:1') tensor(0.1000, device='cuda:1') tensor(0.0391, device='cuda:1')
tensor(0.8687, device='cuda:1') tensor(0.1000, device='cuda:1') tensor(0.0312, device='cuda:1')
tensor(0.5406, device='cuda:1') tensor(0.1000, device='cuda:1') tensor(0.3594, device='cuda:1')
tensor(0.5172, device='cuda:1') tensor(0.1000, device='cuda:1') tensor(0.3828, device='cuda:1')
tensor(0.5953, device='cuda:1') tensor(0.1000, device='cuda:1') tensor(0.3047, device='cuda:1')
tensor(0.5875, device='cuda:1') tensor(0.1000, device='cuda:1') tensor(0.3125, device='cuda:1')
tensor(0.6578, device='cuda:1') tensor(0.1000, device='cuda:1') tensor(0.2422, device='cuda:1')
tensor(0.8609, device='cuda:1') tensor(0.1000, device='cuda:1') tensor(0.0391, device='cuda:1')
tensor(0.7750, device='cuda:1') tensor(0.1000, device='cuda:1') tensor(0.1250, device='cuda:1')
tensor(0.8375, device='cuda:1') tensor(0.1000, device='cuda:1') tensor(0.0625, device='cuda:1')
tensor(0.8297, device='cuda:1') tensor(0.1000, device='cuda:1') tensor(0.0703, device='cuda:1')
tensor(0.6266, device='cuda:1') tensor(0.1000, device='cuda:1') tensor(0.2734, device='cuda:1')
tensor(0.7906, device='cuda:1') tensor(0.1000, device='cuda:1') tensor(0.1094, device='cuda:1')
tensor(0.8062, device='cuda:1') tensor(0.1000, device='cuda:1') tensor(0.0938, device='cuda:1')
tensor(0.8297, device='cuda:1') tensor(0.1000, device='cuda:1') tensor(0.0703, device='cuda:1')
tensor(0.8062, device='cuda:1') tensor(0.1000, device='cuda:1') tensor(0.0938, device='cuda:1')
tensor(0.8531, device='cuda:1') tensor(0.1000, device='cuda:1') tensor(0.0469, device='cuda:1')
tensor(0.8141, device='cuda:1') tensor(0.1000, device='cuda:1') tensor(0.0859, device='cuda:1')
tensor(0.8297, device='cuda:1') tensor(0.1000, device='cuda:1') tensor(0.0703, device='cuda:1')
time 1.60
error 12094.0185546875
8 self_attn.v_proj
Quantizing ...
tensor(0.6422, device='cuda:1') tensor(0.1000, device='cuda:1') tensor(0.2578, device='cuda:1')
tensor(0.8062, device='cuda:1') tensor(0.1000, device='cuda:1') tensor(0.0938, device='cuda:1')
tensor(0.5172, device='cuda:1') tensor(0.1000, device='cuda:1') tensor(0.3828, device='cuda:1')
tensor(0.5172, device='cuda:1') tensor(0.1000, device='cuda:1') tensor(0.3828, device='cuda:1')
tensor(0.5172, device='cuda:1') tensor(0.1000, device='cuda:1') tensor(0.3828, device='cuda:1')
tensor(0.5875, device='cuda:1') tensor(0.1000, device='cuda:1') tensor(0.3125, device='cuda:1')
tensor(0.6344, device='cuda:1') tensor(0.1000, device='cuda:1') tensor(0.2656, device='cuda:1')
tensor(0.7281, device='cuda:1') tensor(0.1000, device='cuda:1') tensor(0.1719, device='cuda:1')
tensor(0.7906, device='cuda:1') tensor(0.1000, device='cuda:1') tensor(0.1094, device='cuda:1')
tensor(0.6734, device='cuda:1') tensor(0.1000, device='cuda:1') tensor(0.2266, device='cuda:1')
tensor(0.8219, device='cuda:1') tensor(0.1000, device='cuda:1') tensor(0.0781, device='cuda:1')
tensor(0.7594, device='cuda:1') tensor(0.1000, device='cuda:1') tensor(0.1406, device='cuda:1')
tensor(0.7125, device='cuda:1') tensor(0.1000, device='cuda:1') tensor(0.1875, device='cuda:1')
tensor(0.7906, device='cuda:1') tensor(0.1000, device='cuda:1') tensor(0.1094, device='cuda:1')
tensor(0.7750, device='cuda:1') tensor(0.1000, device='cuda:1') tensor(0.1250, device='cuda:1')
tensor(0.7516, device='cuda:1') tensor(0.1000, device='cuda:1') tensor(0.1484, device='cuda:1')
tensor(0.8297, device='cuda:1') tensor(0.1000, device='cuda:1') tensor(0.0703, device='cuda:1')
tensor(0.8141, device='cuda:1') tensor(0.1000, device='cuda:1') tensor(0.0859, device='cuda:1')
tensor(0.7828, device='cuda:1') tensor(0.1000, device='cuda:1') tensor(0.1172, device='cuda:1')
tensor(0.6422, device='cuda:1') tensor(0.1000, device='cuda:1') tensor(0.2578, device='cuda:1')
time 1.59
error 13395.2138671875
8 self_attn.o_proj
Quantizing ...
tensor(0.7984, device='cuda:1') tensor(0.1000, device='cuda:1') tensor(0.1016, device='cuda:1')
tensor(0.8531, device='cuda:1') tensor(0.1000, device='cuda:1') tensor(0.0469, device='cuda:1')
tensor(0.8297, device='cuda:1') tensor(0.1000, device='cuda:1') tensor(0.0703, device='cuda:1')
tensor(0.8766, device='cuda:1') tensor(0.1000, device='cuda:1') tensor(0.0234, device='cuda:1')
tensor(0.8609, device='cuda:1') tensor(0.1000, device='cuda:1') tensor(0.0391, device='cuda:1')
tensor(0.8609, device='cuda:1') tensor(0.1000, device='cuda:1') tensor(0.0391, device='cuda:1')
tensor(0.8531, device='cuda:1') tensor(0.1000, device='cuda:1') tensor(0.0469, device='cuda:1')
tensor(0.8609, device='cuda:1') tensor(0.1000, device='cuda:1') tensor(0.0391, device='cuda:1')
tensor(0.8609, device='cuda:1') tensor(0.1000, device='cuda:1') tensor(0.0391, device='cuda:1')
tensor(0.8531, device='cuda:1') tensor(0.1000, device='cuda:1') tensor(0.0469, device='cuda:1')
tensor(0.8687, device='cuda:1') tensor(0.1000, device='cuda:1') tensor(0.0312, device='cuda:1')
tensor(0.8219, device='cuda:1') tensor(0.1000, device='cuda:1') tensor(0.0781, device='cuda:1')
tensor(0.8531, device='cuda:1') tensor(0.1000, device='cuda:1') tensor(0.0469, device='cuda:1')
tensor(0.8531, device='cuda:1') tensor(0.1000, device='cuda:1') tensor(0.0469, device='cuda:1')
tensor(0.8609, device='cuda:1') tensor(0.1000, device='cuda:1') tensor(0.0391, device='cuda:1')
tensor(0.8766, device='cuda:1') tensor(0.1000, device='cuda:1') tensor(0.0234, device='cuda:1')
tensor(0.8375, device='cuda:1') tensor(0.1000, device='cuda:1') tensor(0.0625, device='cuda:1')
tensor(0.8531, device='cuda:1') tensor(0.1000, device='cuda:1') tensor(0.0469, device='cuda:1')
tensor(0.8531, device='cuda:1') tensor(0.1000, device='cuda:1') tensor(0.0469, device='cuda:1')
tensor(0.8531, device='cuda:1') tensor(0.1000, device='cuda:1') tensor(0.0469, device='cuda:1')
tensor(0.8531, device='cuda:1') tensor(0.1000, device='cuda:1') tensor(0.0469, device='cuda:1')
tensor(0.8688, device='cuda:1') tensor(0.1000, device='cuda:1') tensor(0.0312, device='cuda:1')
tensor(0.8297, device='cuda:1') tensor(0.1000, device='cuda:1') tensor(0.0703, device='cuda:1')
tensor(0.8531, device='cuda:1') tensor(0.1000, device='cuda:1') tensor(0.0469, device='cuda:1')
tensor(0.7281, device='cuda:1') tensor(0.1000, device='cuda:1') tensor(0.1719, device='cuda:1')
tensor(0.8766, device='cuda:1') tensor(0.1000, device='cuda:1') tensor(0.0234, device='cuda:1')
tensor(0.8766, device='cuda:1') tensor(0.1000, device='cuda:1') tensor(0.0234, device='cuda:1')
tensor(0.8453, device='cuda:1') tensor(0.1000, device='cuda:1') tensor(0.0547, device='cuda:1')
tensor(0.7984, device='cuda:1') tensor(0.1000, device='cuda:1') tensor(0.1016, device='cuda:1')
tensor(0.8297, device='cuda:1') tensor(0.1000, device='cuda:1') tensor(0.0703, device='cuda:1')
tensor(0.8609, device='cuda:1') tensor(0.1000, device='cuda:1') tensor(0.0391, device='cuda:1')
tensor(0.8219, device='cuda:1') tensor(0.1000, device='cuda:1') tensor(0.0781, device='cuda:1')
time 2.78
error 10191.0146484375
8 mlp.gate_proj
Quantizing ...
tensor(0.8375, device='cuda:1') tensor(0.1000, device='cuda:1') tensor(0.0625, device='cuda:1')
tensor(0.7516, device='cuda:1') tensor(0.1000, device='cuda:1') tensor(0.1484, device='cuda:1')
tensor(0.6969, device='cuda:1') tensor(0.1000, device='cuda:1') tensor(0.2031, device='cuda:1')
tensor(0.8687, device='cuda:1') tensor(0.1000, device='cuda:1') tensor(0.0312, device='cuda:1')
tensor(0.7437, device='cuda:1') tensor(0.1000, device='cuda:1') tensor(0.1562, device='cuda:1')
tensor(0.7594, device='cuda:1') tensor(0.1000, device='cuda:1') tensor(0.1406, device='cuda:1')
tensor(0.8375, device='cuda:1') tensor(0.1000, device='cuda:1') tensor(0.0625, device='cuda:1')
tensor(0.6656, device='cuda:1') tensor(0.1000, device='cuda:1') tensor(0.2344, device='cuda:1')
tensor(0.7047, device='cuda:1') tensor(0.1000, device='cuda:1') tensor(0.1953, device='cuda:1')
tensor(0.8062, device='cuda:1') tensor(0.1000, device='cuda:1') tensor(0.0938, device='cuda:1')
tensor(0.6656, device='cuda:1') tensor(0.1000, device='cuda:1') tensor(0.2344, device='cuda:1')
tensor(0.6969, device='cuda:1') tensor(0.1000, device='cuda:1') tensor(0.2031, device='cuda:1')
tensor(0.7672, device='cuda:1') tensor(0.1000, device='cuda:1') tensor(0.1328, device='cuda:1')
tensor(0.6734, device='cuda:1') tensor(0.1000, device='cuda:1') tensor(0.2266, device='cuda:1')
tensor(0.7672, device='cuda:1') tensor(0.1000, device='cuda:1') tensor(0.1328, device='cuda:1')
tensor(0.6734, device='cuda:1') tensor(0.1000, device='cuda:1') tensor(0.2266, device='cuda:1')
tensor(0.5875, device='cuda:1') tensor(0.1000, device='cuda:1') tensor(0.3125, device='cuda:1')
tensor(0.7437, device='cuda:1') tensor(0.1000, device='cuda:1') tensor(0.1562, device='cuda:1')
tensor(0.7281, device='cuda:1') tensor(0.1000, device='cuda:1') tensor(0.1719, device='cuda:1')
tensor(0.8219, device='cuda:1') tensor(0.1000, device='cuda:1') tensor(0.0781, device='cuda:1')
time 2.37
error 389233.875
8 mlp.up_proj
Quantizing ...
tensor(0.7047, device='cuda:1') tensor(0.1000, device='cuda:1') tensor(0.1953, device='cuda:1')
tensor(0.7281, device='cuda:1') tensor(0.1000, device='cuda:1') tensor(0.1719, device='cuda:1')
tensor(0.5172, device='cuda:1') tensor(0.1000, device='cuda:1') tensor(0.3828, device='cuda:1')
tensor(0.5172, device='cuda:1') tensor(0.1000, device='cuda:1') tensor(0.3828, device='cuda:1')
tensor(0.5172, device='cuda:1') tensor(0.1000, device='cuda:1') tensor(0.3828, device='cuda:1')
tensor(0.5719, device='cuda:1') tensor(0.1000, device='cuda:1') tensor(0.3281, device='cuda:1')
tensor(0.7750, device='cuda:1') tensor(0.1000, device='cuda:1') tensor(0.1250, device='cuda:1')
tensor(0.7984, device='cuda:1') tensor(0.1000, device='cuda:1') tensor(0.1016, device='cuda:1')
tensor(0.6891, device='cuda:1') tensor(0.1000, device='cuda:1') tensor(0.2109, device='cuda:1')
tensor(0.7047, device='cuda:1') tensor(0.1000, device='cuda:1') tensor(0.1953, device='cuda:1')
tensor(0.7594, device='cuda:1') tensor(0.1000, device='cuda:1') tensor(0.1406, device='cuda:1')
tensor(0.7437, device='cuda:1') tensor(0.1000, device='cuda:1') tensor(0.1562, device='cuda:1')
tensor(0.7281, device='cuda:1') tensor(0.1000, device='cuda:1') tensor(0.1719, device='cuda:1')
tensor(0.8141, device='cuda:1') tensor(0.1000, device='cuda:1') tensor(0.0859, device='cuda:1')
tensor(0.8062, device='cuda:1') tensor(0.1000, device='cuda:1') tensor(0.0938, device='cuda:1')
tensor(0.7125, device='cuda:1') tensor(0.1000, device='cuda:1') tensor(0.1875, device='cuda:1')
tensor(0.7437, device='cuda:1') tensor(0.1000, device='cuda:1') tensor(0.1562, device='cuda:1')
tensor(0.6422, device='cuda:1') tensor(0.1000, device='cuda:1') tensor(0.2578, device='cuda:1')
tensor(0.5953, device='cuda:1') tensor(0.1000, device='cuda:1') tensor(0.3047, device='cuda:1')
tensor(0.7984, device='cuda:1') tensor(0.1000, device='cuda:1') tensor(0.1016, device='cuda:1')
time 2.37
error 311789.15625
8 mlp.down_proj
Quantizing ...
tensor(0.8687, device='cuda:1') tensor(0.1000, device='cuda:1') tensor(0.0312, device='cuda:1')
tensor(0.8766, device='cuda:1') tensor(0.1000, device='cuda:1') tensor(0.0234, device='cuda:1')
tensor(0.8609, device='cuda:1') tensor(0.1000, device='cuda:1') tensor(0.0391, device='cuda:1')
tensor(0.8766, device='cuda:1') tensor(0.1000, device='cuda:1') tensor(0.0234, device='cuda:1')
tensor(0.8453, device='cuda:1') tensor(0.1000, device='cuda:1') tensor(0.0547, device='cuda:1')
tensor(0.8609, device='cuda:1') tensor(0.1000, device='cuda:1') tensor(0.0391, device='cuda:1')
tensor(0.8531, device='cuda:1') tensor(0.1000, device='cuda:1') tensor(0.0469, device='cuda:1')
tensor(0.8375, device='cuda:1') tensor(0.1000, device='cuda:1') tensor(0.0625, device='cuda:1')
tensor(0.8688, device='cuda:1') tensor(0.1000, device='cuda:1') tensor(0.0312, device='cuda:1')
tensor(0.8688, device='cuda:1') tensor(0.1000, device='cuda:1') tensor(0.0312, device='cuda:1')
tensor(0.8531, device='cuda:1') tensor(0.1000, device='cuda:1') tensor(0.0469, device='cuda:1')
tensor(0.8609, device='cuda:1') tensor(0.1000, device='cuda:1') tensor(0.0391, device='cuda:1')
tensor(0.8453, device='cuda:1') tensor(0.1000, device='cuda:1') tensor(0.0547, device='cuda:1')
tensor(0.7438, device='cuda:1') tensor(0.1000, device='cuda:1') tensor(0.1562, device='cuda:1')
tensor(0.8453, device='cuda:1') tensor(0.1000, device='cuda:1') tensor(0.0547, device='cuda:1')
tensor(0.8297, device='cuda:1') tensor(0.1000, device='cuda:1') tensor(0.0703, device='cuda:1')
tensor(0.8531, device='cuda:1') tensor(0.1000, device='cuda:1') tensor(0.0469, device='cuda:1')
tensor(0.5875, device='cuda:1') tensor(0.1000, device='cuda:1') tensor(0.3125, device='cuda:1')
tensor(0.6266, device='cuda:1') tensor(0.1000, device='cuda:1') tensor(0.2734, device='cuda:1')
tensor(0.8688, device='cuda:1') tensor(0.1000, device='cuda:1') tensor(0.0312, device='cuda:1')
tensor(0.7281, device='cuda:1') tensor(0.1000, device='cuda:1') tensor(0.1719, device='cuda:1')
tensor(0.7828, device='cuda:1') tensor(0.1000, device='cuda:1') tensor(0.1172, device='cuda:1')
tensor(0.8141, device='cuda:1') tensor(0.1000, device='cuda:1') tensor(0.0859, device='cuda:1')
tensor(0.7125, device='cuda:1') tensor(0.1000, device='cuda:1') tensor(0.1875, device='cuda:1')
tensor(0.8531, device='cuda:1') tensor(0.1000, device='cuda:1') tensor(0.0469, device='cuda:1')
tensor(0.8609, device='cuda:1') tensor(0.1000, device='cuda:1') tensor(0.0391, device='cuda:1')
tensor(0.7672, device='cuda:1') tensor(0.1000, device='cuda:1') tensor(0.1328, device='cuda:1')
tensor(0.8609, device='cuda:1') tensor(0.1000, device='cuda:1') tensor(0.0391, device='cuda:1')
tensor(0.6969, device='cuda:1') tensor(0.1000, device='cuda:1') tensor(0.2031, device='cuda:1')
tensor(0.8297, device='cuda:1') tensor(0.1000, device='cuda:1') tensor(0.0703, device='cuda:1')
tensor(0.8141, device='cuda:1') tensor(0.1000, device='cuda:1') tensor(0.0859, device='cuda:1')
tensor(0.8688, device='cuda:1') tensor(0.1000, device='cuda:1') tensor(0.0312, device='cuda:1')
tensor(0.8297, device='cuda:1') tensor(0.1000, device='cuda:1') tensor(0.0703, device='cuda:1')
tensor(0.7594, device='cuda:1') tensor(0.1000, device='cuda:1') tensor(0.1406, device='cuda:1')
tensor(0.8219, device='cuda:1') tensor(0.1000, device='cuda:1') tensor(0.0781, device='cuda:1')
tensor(0.8063, device='cuda:1') tensor(0.1000, device='cuda:1') tensor(0.0938, device='cuda:1')
tensor(0.7750, device='cuda:1') tensor(0.1000, device='cuda:1') tensor(0.1250, device='cuda:1')
tensor(0.8375, device='cuda:1') tensor(0.1000, device='cuda:1') tensor(0.0625, device='cuda:1')
tensor(0.8453, device='cuda:1') tensor(0.1000, device='cuda:1') tensor(0.0547, device='cuda:1')
tensor(0.8375, device='cuda:1') tensor(0.1000, device='cuda:1') tensor(0.0625, device='cuda:1')
tensor(0.8219, device='cuda:1') tensor(0.1000, device='cuda:1') tensor(0.0781, device='cuda:1')
tensor(0.8375, device='cuda:1') tensor(0.1000, device='cuda:1') tensor(0.0625, device='cuda:1')
tensor(0.8219, device='cuda:1') tensor(0.1000, device='cuda:1') tensor(0.0781, device='cuda:1')
tensor(0.7906, device='cuda:1') tensor(0.1000, device='cuda:1') tensor(0.1094, device='cuda:1')
tensor(0.7984, device='cuda:1') tensor(0.1000, device='cuda:1') tensor(0.1016, device='cuda:1')
tensor(0.8063, device='cuda:1') tensor(0.1000, device='cuda:1') tensor(0.0938, device='cuda:1')
tensor(0.7672, device='cuda:1') tensor(0.1000, device='cuda:1') tensor(0.1328, device='cuda:1')
tensor(0.6422, device='cuda:1') tensor(0.1000, device='cuda:1') tensor(0.2578, device='cuda:1')
tensor(0.7828, device='cuda:1') tensor(0.1000, device='cuda:1') tensor(0.1172, device='cuda:1')
tensor(0.7594, device='cuda:1') tensor(0.1000, device='cuda:1') tensor(0.1406, device='cuda:1')
tensor(0.8531, device='cuda:1') tensor(0.1000, device='cuda:1') tensor(0.0469, device='cuda:1')
tensor(0.7594, device='cuda:1') tensor(0.1000, device='cuda:1') tensor(0.1406, device='cuda:1')
tensor(0.8688, device='cuda:1') tensor(0.1000, device='cuda:1') tensor(0.0312, device='cuda:1')
tensor(0.8531, device='cuda:1') tensor(0.1000, device='cuda:1') tensor(0.0469, device='cuda:1')
tensor(0.8453, device='cuda:1') tensor(0.1000, device='cuda:1') tensor(0.0547, device='cuda:1')
tensor(0.8609, device='cuda:1') tensor(0.1000, device='cuda:1') tensor(0.0391, device='cuda:1')
tensor(0.6656, device='cuda:1') tensor(0.1000, device='cuda:1') tensor(0.2344, device='cuda:1')
tensor(0.8297, device='cuda:1') tensor(0.1000, device='cuda:1') tensor(0.0703, device='cuda:1')
tensor(0.8297, device='cuda:1') tensor(0.1000, device='cuda:1') tensor(0.0703, device='cuda:1')
tensor(0.7516, device='cuda:1') tensor(0.1000, device='cuda:1') tensor(0.1484, device='cuda:1')
tensor(0.8453, device='cuda:1') tensor(0.1000, device='cuda:1') tensor(0.0547, device='cuda:1')
tensor(0.8609, device='cuda:1') tensor(0.1000, device='cuda:1') tensor(0.0391, device='cuda:1')
tensor(0.8063, device='cuda:1') tensor(0.1000, device='cuda:1') tensor(0.0938, device='cuda:1')
tensor(0.8219, device='cuda:1') tensor(0.1000, device='cuda:1') tensor(0.0781, device='cuda:1')
tensor(0.7750, device='cuda:1') tensor(0.1000, device='cuda:1') tensor(0.1250, device='cuda:1')
tensor(0.8375, device='cuda:1') tensor(0.1000, device='cuda:1') tensor(0.0625, device='cuda:1')
tensor(0.8531, device='cuda:1') tensor(0.1000, device='cuda:1') tensor(0.0469, device='cuda:1')
tensor(0.8688, device='cuda:1') tensor(0.1000, device='cuda:1') tensor(0.0312, device='cuda:1')
tensor(0.7906, device='cuda:1') tensor(0.1000, device='cuda:1') tensor(0.1094, device='cuda:1')
tensor(0.8688, device='cuda:1') tensor(0.1000, device='cuda:1') tensor(0.0312, device='cuda:1')
tensor(0.8531, device='cuda:1') tensor(0.1000, device='cuda:1') tensor(0.0469, device='cuda:1')
tensor(0.8531, device='cuda:1') tensor(0.1000, device='cuda:1') tensor(0.0469, device='cuda:1')
tensor(0.8531, device='cuda:1') tensor(0.1000, device='cuda:1') tensor(0.0469, device='cuda:1')
tensor(0.7281, device='cuda:1') tensor(0.1000, device='cuda:1') tensor(0.1719, device='cuda:1')
tensor(0.8375, device='cuda:1') tensor(0.1000, device='cuda:1') tensor(0.0625, device='cuda:1')
tensor(0.8531, device='cuda:1') tensor(0.1000, device='cuda:1') tensor(0.0469, device='cuda:1')
time 6.66
error 44833.69140625
9 self_attn.q_proj
Quantizing ...
tensor(0.8141, device='cuda:1') tensor(0.1000, device='cuda:1') tensor(0.0859, device='cuda:1')
tensor(0.8687, device='cuda:1') tensor(0.1000, device='cuda:1') tensor(0.0312, device='cuda:1')
tensor(0.8766, device='cuda:1') tensor(0.1000, device='cuda:1') tensor(0.0234, device='cuda:1')
tensor(0.8687, device='cuda:1') tensor(0.1000, device='cuda:1') tensor(0.0312, device='cuda:1')
tensor(0.8453, device='cuda:1') tensor(0.1000, device='cuda:1') tensor(0.0547, device='cuda:1')
tensor(0.8453, device='cuda:1') tensor(0.1000, device='cuda:1') tensor(0.0547, device='cuda:1')
tensor(0.7906, device='cuda:1') tensor(0.1000, device='cuda:1') tensor(0.1094, device='cuda:1')
tensor(0.7125, device='cuda:1') tensor(0.1000, device='cuda:1') tensor(0.1875, device='cuda:1')
tensor(0.8766, device='cuda:1') tensor(0.1000, device='cuda:1') tensor(0.0234, device='cuda:1')
tensor(0.8453, device='cuda:1') tensor(0.1000, device='cuda:1') tensor(0.0547, device='cuda:1')
tensor(0.8453, device='cuda:1') tensor(0.1000, device='cuda:1') tensor(0.0547, device='cuda:1')
tensor(0.7984, device='cuda:1') tensor(0.1000, device='cuda:1') tensor(0.1016, device='cuda:1')
tensor(0.7594, device='cuda:1') tensor(0.1000, device='cuda:1') tensor(0.1406, device='cuda:1')
tensor(0.8062, device='cuda:1') tensor(0.1000, device='cuda:1') tensor(0.0938, device='cuda:1')
tensor(0.7750, device='cuda:1') tensor(0.1000, device='cuda:1') tensor(0.1250, device='cuda:1')
tensor(0.7750, device='cuda:1') tensor(0.1000, device='cuda:1') tensor(0.1250, device='cuda:1')
tensor(0.7828, device='cuda:1') tensor(0.1000, device='cuda:1') tensor(0.1172, device='cuda:1')
tensor(0.7828, device='cuda:1') tensor(0.1000, device='cuda:1') tensor(0.1172, device='cuda:1')
tensor(0.7437, device='cuda:1') tensor(0.1000, device='cuda:1') tensor(0.1562, device='cuda:1')
tensor(0.7125, device='cuda:1') tensor(0.1000, device='cuda:1') tensor(0.1875, device='cuda:1')
time 2.10
error 52182.59765625
9 self_attn.k_proj
Quantizing ...
tensor(0.7203, device='cuda:1') tensor(0.1000, device='cuda:1') tensor(0.1797, device='cuda:1')
tensor(0.8766, device='cuda:1') tensor(0.1000, device='cuda:1') tensor(0.0234, device='cuda:1')
tensor(0.8609, device='cuda:1') tensor(0.1000, device='cuda:1') tensor(0.0391, device='cuda:1')
tensor(0.8687, device='cuda:1') tensor(0.1000, device='cuda:1') tensor(0.0312, device='cuda:1')
tensor(0.8766, device='cuda:1') tensor(0.1000, device='cuda:1') tensor(0.0234, device='cuda:1')
tensor(0.8609, device='cuda:1') tensor(0.1000, device='cuda:1') tensor(0.0391, device='cuda:1')
tensor(0.7828, device='cuda:1') tensor(0.1000, device='cuda:1') tensor(0.1172, device='cuda:1')
tensor(0.8062, device='cuda:1') tensor(0.1000, device='cuda:1') tensor(0.0938, device='cuda:1')
tensor(0.8531, device='cuda:1') tensor(0.1000, device='cuda:1') tensor(0.0469, device='cuda:1')
tensor(0.8375, device='cuda:1') tensor(0.1000, device='cuda:1') tensor(0.0625, device='cuda:1')
tensor(0.8219, device='cuda:1') tensor(0.1000, device='cuda:1') tensor(0.0781, device='cuda:1')
tensor(0.7984, device='cuda:1') tensor(0.1000, device='cuda:1') tensor(0.1016, device='cuda:1')
tensor(0.7906, device='cuda:1') tensor(0.1000, device='cuda:1') tensor(0.1094, device='cuda:1')
tensor(0.7828, device='cuda:1') tensor(0.1000, device='cuda:1') tensor(0.1172, device='cuda:1')
tensor(0.7984, device='cuda:1') tensor(0.1000, device='cuda:1') tensor(0.1016, device='cuda:1')
tensor(0.8219, device='cuda:1') tensor(0.1000, device='cuda:1') tensor(0.0781, device='cuda:1')
tensor(0.7828, device='cuda:1') tensor(0.1000, device='cuda:1') tensor(0.1172, device='cuda:1')
tensor(0.7984, device='cuda:1') tensor(0.1000, device='cuda:1') tensor(0.1016, device='cuda:1')
tensor(0.6109, device='cuda:1') tensor(0.1000, device='cuda:1') tensor(0.2891, device='cuda:1')
tensor(0.6344, device='cuda:1') tensor(0.1000, device='cuda:1') tensor(0.2656, device='cuda:1')
time 1.65
error 14302.890625
9 self_attn.v_proj
Quantizing ...
tensor(0.6344, device='cuda:1') tensor(0.1000, device='cuda:1') tensor(0.2656, device='cuda:1')
tensor(0.8141, device='cuda:1') tensor(0.1000, device='cuda:1') tensor(0.0859, device='cuda:1')
tensor(0.8219, device='cuda:1') tensor(0.1000, device='cuda:1') tensor(0.0781, device='cuda:1')
tensor(0.7047, device='cuda:1') tensor(0.1000, device='cuda:1') tensor(0.1953, device='cuda:1')
tensor(0.7281, device='cuda:1') tensor(0.1000, device='cuda:1') tensor(0.1719, device='cuda:1')
tensor(0.7125, device='cuda:1') tensor(0.1000, device='cuda:1') tensor(0.1875, device='cuda:1')
tensor(0.5797, device='cuda:1') tensor(0.1000, device='cuda:1') tensor(0.3203, device='cuda:1')
tensor(0.7906, device='cuda:1') tensor(0.1000, device='cuda:1') tensor(0.1094, device='cuda:1')
tensor(0.8297, device='cuda:1') tensor(0.1000, device='cuda:1') tensor(0.0703, device='cuda:1')
tensor(0.6734, device='cuda:1') tensor(0.1000, device='cuda:1') tensor(0.2266, device='cuda:1')
tensor(0.7594, device='cuda:1') tensor(0.1000, device='cuda:1') tensor(0.1406, device='cuda:1')
tensor(0.7203, device='cuda:1') tensor(0.1000, device='cuda:1') tensor(0.1797, device='cuda:1')
tensor(0.7437, device='cuda:1') tensor(0.1000, device='cuda:1') tensor(0.1562, device='cuda:1')
tensor(0.7672, device='cuda:1') tensor(0.1000, device='cuda:1') tensor(0.1328, device='cuda:1')
tensor(0.7828, device='cuda:1') tensor(0.1000, device='cuda:1') tensor(0.1172, device='cuda:1')
tensor(0.8453, device='cuda:1') tensor(0.1000, device='cuda:1') tensor(0.0547, device='cuda:1')
tensor(0.8453, device='cuda:1') tensor(0.1000, device='cuda:1') tensor(0.0547, device='cuda:1')
tensor(0.7906, device='cuda:1') tensor(0.1000, device='cuda:1') tensor(0.1094, device='cuda:1')
tensor(0.7828, device='cuda:1') tensor(0.1000, device='cuda:1') tensor(0.1172, device='cuda:1')
tensor(0.7984, device='cuda:1') tensor(0.1000, device='cuda:1') tensor(0.1016, device='cuda:1')
time 1.65
error 14692.9169921875
9 self_attn.o_proj
Quantizing ...
tensor(0.8766, device='cuda:1') tensor(0.1000, device='cuda:1') tensor(0.0234, device='cuda:1')
tensor(0.8766, device='cuda:1') tensor(0.1000, device='cuda:1') tensor(0.0234, device='cuda:1')
tensor(0.8766, device='cuda:1') tensor(0.1000, device='cuda:1') tensor(0.0234, device='cuda:1')
tensor(0.8688, device='cuda:1') tensor(0.1000, device='cuda:1') tensor(0.0312, device='cuda:1')
tensor(0.7672, device='cuda:1') tensor(0.1000, device='cuda:1') tensor(0.1328, device='cuda:1')
tensor(0.7750, device='cuda:1') tensor(0.1000, device='cuda:1') tensor(0.1250, device='cuda:1')
tensor(0.8219, device='cuda:1') tensor(0.1000, device='cuda:1') tensor(0.0781, device='cuda:1')
tensor(0.7984, device='cuda:1') tensor(0.1000, device='cuda:1') tensor(0.1016, device='cuda:1')
tensor(0.8688, device='cuda:1') tensor(0.1000, device='cuda:1') tensor(0.0312, device='cuda:1')
tensor(0.8453, device='cuda:1') tensor(0.1000, device='cuda:1') tensor(0.0547, device='cuda:1')
tensor(0.8609, device='cuda:1') tensor(0.1000, device='cuda:1') tensor(0.0391, device='cuda:1')
tensor(0.8531, device='cuda:1') tensor(0.1000, device='cuda:1') tensor(0.0469, device='cuda:1')
tensor(0.7281, device='cuda:1') tensor(0.1000, device='cuda:1') tensor(0.1719, device='cuda:1')
tensor(0.8609, device='cuda:1') tensor(0.1000, device='cuda:1') tensor(0.0391, device='cuda:1')
tensor(0.8531, device='cuda:1') tensor(0.1000, device='cuda:1') tensor(0.0469, device='cuda:1')
tensor(0.8531, device='cuda:1') tensor(0.1000, device='cuda:1') tensor(0.0469, device='cuda:1')
tensor(0.8688, device='cuda:1') tensor(0.1000, device='cuda:1') tensor(0.0312, device='cuda:1')
tensor(0.8297, device='cuda:1') tensor(0.1000, device='cuda:1') tensor(0.0703, device='cuda:1')
tensor(0.8766, device='cuda:1') tensor(0.1000, device='cuda:1') tensor(0.0234, device='cuda:1')
tensor(0.8687, device='cuda:1') tensor(0.1000, device='cuda:1') tensor(0.0312, device='cuda:1')
tensor(0.8297, device='cuda:1') tensor(0.1000, device='cuda:1') tensor(0.0703, device='cuda:1')
tensor(0.8844, device='cuda:1') tensor(0.1000, device='cuda:1') tensor(0.0156, device='cuda:1')
tensor(0.8141, device='cuda:1') tensor(0.1000, device='cuda:1') tensor(0.0859, device='cuda:1')
tensor(0.7672, device='cuda:1') tensor(0.1000, device='cuda:1') tensor(0.1328, device='cuda:1')
tensor(0.8531, device='cuda:1') tensor(0.1000, device='cuda:1') tensor(0.0469, device='cuda:1')
tensor(0.8453, device='cuda:1') tensor(0.1000, device='cuda:1') tensor(0.0547, device='cuda:1')
tensor(0.8609, device='cuda:1') tensor(0.1000, device='cuda:1') tensor(0.0391, device='cuda:1')
tensor(0.7906, device='cuda:1') tensor(0.1000, device='cuda:1') tensor(0.1094, device='cuda:1')
tensor(0.8688, device='cuda:1') tensor(0.1000, device='cuda:1') tensor(0.0312, device='cuda:1')
tensor(0.8609, device='cuda:1') tensor(0.1000, device='cuda:1') tensor(0.0391, device='cuda:1')
tensor(0.8609, device='cuda:1') tensor(0.1000, device='cuda:1') tensor(0.0391, device='cuda:1')
tensor(0.8766, device='cuda:1') tensor(0.1000, device='cuda:1') tensor(0.0234, device='cuda:1')
time 3.08
error 8480.390625
9 mlp.gate_proj
Quantizing ...
tensor(0.8453, device='cuda:1') tensor(0.1000, device='cuda:1') tensor(0.0547, device='cuda:1')
tensor(0.7984, device='cuda:1') tensor(0.1000, device='cuda:1') tensor(0.1016, device='cuda:1')
tensor(0.6656, device='cuda:1') tensor(0.1000, device='cuda:1') tensor(0.2344, device='cuda:1')
tensor(0.8687, device='cuda:1') tensor(0.1000, device='cuda:1') tensor(0.0312, device='cuda:1')
tensor(0.7750, device='cuda:1') tensor(0.1000, device='cuda:1') tensor(0.1250, device='cuda:1')
tensor(0.6734, device='cuda:1') tensor(0.1000, device='cuda:1') tensor(0.2266, device='cuda:1')
tensor(0.6812, device='cuda:1') tensor(0.1000, device='cuda:1') tensor(0.2188, device='cuda:1')
tensor(0.8453, device='cuda:1') tensor(0.1000, device='cuda:1') tensor(0.0547, device='cuda:1')
tensor(0.7906, device='cuda:1') tensor(0.1000, device='cuda:1') tensor(0.1094, device='cuda:1')
tensor(0.7750, device='cuda:1') tensor(0.1000, device='cuda:1') tensor(0.1250, device='cuda:1')
tensor(0.7906, device='cuda:1') tensor(0.1000, device='cuda:1') tensor(0.1094, device='cuda:1')
tensor(0.8609, device='cuda:1') tensor(0.1000, device='cuda:1') tensor(0.0391, device='cuda:1')
tensor(0.8609, device='cuda:1') tensor(0.1000, device='cuda:1') tensor(0.0391, device='cuda:1')
tensor(0.7437, device='cuda:1') tensor(0.1000, device='cuda:1') tensor(0.1562, device='cuda:1')
tensor(0.7984, device='cuda:1') tensor(0.1000, device='cuda:1') tensor(0.1016, device='cuda:1')
tensor(0.7984, device='cuda:1') tensor(0.1000, device='cuda:1') tensor(0.1016, device='cuda:1')
tensor(0.6812, device='cuda:1') tensor(0.1000, device='cuda:1') tensor(0.2188, device='cuda:1')
tensor(0.7750, device='cuda:1') tensor(0.1000, device='cuda:1') tensor(0.1250, device='cuda:1')
tensor(0.7203, device='cuda:1') tensor(0.1000, device='cuda:1') tensor(0.1797, device='cuda:1')
tensor(0.8609, device='cuda:1') tensor(0.1000, device='cuda:1') tensor(0.0391, device='cuda:1')
time 2.63
error 601061.0625
9 mlp.up_proj
Quantizing ...
tensor(0.7359, device='cuda:1') tensor(0.1000, device='cuda:1') tensor(0.1641, device='cuda:1')
tensor(0.7047, device='cuda:1') tensor(0.1000, device='cuda:1') tensor(0.1953, device='cuda:1')
tensor(0.5719, device='cuda:1') tensor(0.1000, device='cuda:1') tensor(0.3281, device='cuda:1')
tensor(0.5484, device='cuda:1') tensor(0.1000, device='cuda:1') tensor(0.3516, device='cuda:1')
tensor(0.5875, device='cuda:1') tensor(0.1000, device='cuda:1') tensor(0.3125, device='cuda:1')
tensor(0.6109, device='cuda:1') tensor(0.1000, device='cuda:1') tensor(0.2891, device='cuda:1')
tensor(0.5719, device='cuda:1') tensor(0.1000, device='cuda:1') tensor(0.3281, device='cuda:1')
tensor(0.6578, device='cuda:1') tensor(0.1000, device='cuda:1') tensor(0.2422, device='cuda:1')
tensor(0.6266, device='cuda:1') tensor(0.1000, device='cuda:1') tensor(0.2734, device='cuda:1')
tensor(0.6734, device='cuda:1') tensor(0.1000, device='cuda:1') tensor(0.2266, device='cuda:1')
tensor(0.6109, device='cuda:1') tensor(0.1000, device='cuda:1') tensor(0.2891, device='cuda:1')
tensor(0.7516, device='cuda:1') tensor(0.1000, device='cuda:1') tensor(0.1484, device='cuda:1')
tensor(0.6656, device='cuda:1') tensor(0.1000, device='cuda:1') tensor(0.2344, device='cuda:1')
tensor(0.7516, device='cuda:1') tensor(0.1000, device='cuda:1') tensor(0.1484, device='cuda:1')
tensor(0.6031, device='cuda:1') tensor(0.1000, device='cuda:1') tensor(0.2969, device='cuda:1')
tensor(0.6031, device='cuda:1') tensor(0.1000, device='cuda:1') tensor(0.2969, device='cuda:1')
tensor(0.6656, device='cuda:1') tensor(0.1000, device='cuda:1') tensor(0.2344, device='cuda:1')
tensor(0.7594, device='cuda:1') tensor(0.1000, device='cuda:1') tensor(0.1406, device='cuda:1')
tensor(0.7750, device='cuda:1') tensor(0.1000, device='cuda:1') tensor(0.1250, device='cuda:1')
tensor(0.8453, device='cuda:1') tensor(0.1000, device='cuda:1') tensor(0.0547, device='cuda:1')
time 2.52
error 366545.5
9 mlp.down_proj
Quantizing ...
tensor(0.8453, device='cuda:1') tensor(0.1000, device='cuda:1') tensor(0.0547, device='cuda:1')
tensor(0.8531, device='cuda:1') tensor(0.1000, device='cuda:1') tensor(0.0469, device='cuda:1')
tensor(0.8688, device='cuda:1') tensor(0.1000, device='cuda:1') tensor(0.0312, device='cuda:1')
tensor(0.8844, device='cuda:1') tensor(0.1000, device='cuda:1') tensor(0.0156, device='cuda:1')
tensor(0.8766, device='cuda:1') tensor(0.1000, device='cuda:1') tensor(0.0234, device='cuda:1')
tensor(0.8609, device='cuda:1') tensor(0.1000, device='cuda:1') tensor(0.0391, device='cuda:1')
tensor(0.8844, device='cuda:1') tensor(0.1000, device='cuda:1') tensor(0.0156, device='cuda:1')
tensor(0.8531, device='cuda:1') tensor(0.1000, device='cuda:1') tensor(0.0469, device='cuda:1')
tensor(0.8453, device='cuda:1') tensor(0.1000, device='cuda:1') tensor(0.0547, device='cuda:1')
tensor(0.8219, device='cuda:1') tensor(0.1000, device='cuda:1') tensor(0.0781, device='cuda:1')
tensor(0.8609, device='cuda:1') tensor(0.1000, device='cuda:1') tensor(0.0391, device='cuda:1')
tensor(0.8531, device='cuda:1') tensor(0.1000, device='cuda:1') tensor(0.0469, device='cuda:1')
tensor(0.8375, device='cuda:1') tensor(0.1000, device='cuda:1') tensor(0.0625, device='cuda:1')
tensor(0.8609, device='cuda:1') tensor(0.1000, device='cuda:1') tensor(0.0391, device='cuda:1')
tensor(0.8453, device='cuda:1') tensor(0.1000, device='cuda:1') tensor(0.0547, device='cuda:1')
tensor(0.8375, device='cuda:1') tensor(0.1000, device='cuda:1') tensor(0.0625, device='cuda:1')
tensor(0.8141, device='cuda:1') tensor(0.1000, device='cuda:1') tensor(0.0859, device='cuda:1')
tensor(0.8141, device='cuda:1') tensor(0.1000, device='cuda:1') tensor(0.0859, device='cuda:1')
tensor(0.7984, device='cuda:1') tensor(0.1000, device='cuda:1') tensor(0.1016, device='cuda:1')
tensor(0.8609, device='cuda:1') tensor(0.1000, device='cuda:1') tensor(0.0391, device='cuda:1')
tensor(0.8063, device='cuda:1') tensor(0.1000, device='cuda:1') tensor(0.0938, device='cuda:1')
tensor(0.7906, device='cuda:1') tensor(0.1000, device='cuda:1') tensor(0.1094, device='cuda:1')
tensor(0.8453, device='cuda:1') tensor(0.1000, device='cuda:1') tensor(0.0547, device='cuda:1')
tensor(0.8531, device='cuda:1') tensor(0.1000, device='cuda:1') tensor(0.0469, device='cuda:1')
tensor(0.8609, device='cuda:1') tensor(0.1000, device='cuda:1') tensor(0.0391, device='cuda:1')
tensor(0.8609, device='cuda:1') tensor(0.1000, device='cuda:1') tensor(0.0391, device='cuda:1')
tensor(0.8375, device='cuda:1') tensor(0.1000, device='cuda:1') tensor(0.0625, device='cuda:1')
tensor(0.8531, device='cuda:1') tensor(0.1000, device='cuda:1') tensor(0.0469, device='cuda:1')
tensor(0.8531, device='cuda:1') tensor(0.1000, device='cuda:1') tensor(0.0469, device='cuda:1')
tensor(0.8375, device='cuda:1') tensor(0.1000, device='cuda:1') tensor(0.0625, device='cuda:1')
tensor(0.8375, device='cuda:1') tensor(0.1000, device='cuda:1') tensor(0.0625, device='cuda:1')
tensor(0.8453, device='cuda:1') tensor(0.1000, device='cuda:1') tensor(0.0547, device='cuda:1')
tensor(0.8688, device='cuda:1') tensor(0.1000, device='cuda:1') tensor(0.0312, device='cuda:1')
tensor(0.8688, device='cuda:1') tensor(0.1000, device='cuda:1') tensor(0.0312, device='cuda:1')
tensor(0.8453, device='cuda:1') tensor(0.1000, device='cuda:1') tensor(0.0547, device='cuda:1')
tensor(0.8609, device='cuda:1') tensor(0.1000, device='cuda:1') tensor(0.0391, device='cuda:1')
tensor(0.8688, device='cuda:1') tensor(0.1000, device='cuda:1') tensor(0.0312, device='cuda:1')
tensor(0.7984, device='cuda:1') tensor(0.1000, device='cuda:1') tensor(0.1016, device='cuda:1')
tensor(0.8375, device='cuda:1') tensor(0.1000, device='cuda:1') tensor(0.0625, device='cuda:1')
tensor(0.8688, device='cuda:1') tensor(0.1000, device='cuda:1') tensor(0.0312, device='cuda:1')
tensor(0.8063, device='cuda:1') tensor(0.1000, device='cuda:1') tensor(0.0938, device='cuda:1')
tensor(0.7359, device='cuda:1') tensor(0.1000, device='cuda:1') tensor(0.1641, device='cuda:1')
tensor(0.8609, device='cuda:1') tensor(0.1000, device='cuda:1') tensor(0.0391, device='cuda:1')
tensor(0.8375, device='cuda:1') tensor(0.1000, device='cuda:1') tensor(0.0625, device='cuda:1')
tensor(0.8609, device='cuda:1') tensor(0.1000, device='cuda:1') tensor(0.0391, device='cuda:1')
tensor(0.8609, device='cuda:1') tensor(0.1000, device='cuda:1') tensor(0.0391, device='cuda:1')
tensor(0.8688, device='cuda:1') tensor(0.1000, device='cuda:1') tensor(0.0312, device='cuda:1')
tensor(0.8531, device='cuda:1') tensor(0.1000, device='cuda:1') tensor(0.0469, device='cuda:1')
tensor(0.8531, device='cuda:1') tensor(0.1000, device='cuda:1') tensor(0.0469, device='cuda:1')
tensor(0.8219, device='cuda:1') tensor(0.1000, device='cuda:1') tensor(0.0781, device='cuda:1')
tensor(0.8375, device='cuda:1') tensor(0.1000, device='cuda:1') tensor(0.0625, device='cuda:1')
tensor(0.8297, device='cuda:1') tensor(0.1000, device='cuda:1') tensor(0.0703, device='cuda:1')
tensor(0.8688, device='cuda:1') tensor(0.1000, device='cuda:1') tensor(0.0312, device='cuda:1')
tensor(0.8297, device='cuda:1') tensor(0.1000, device='cuda:1') tensor(0.0703, device='cuda:1')
tensor(0.8531, device='cuda:1') tensor(0.1000, device='cuda:1') tensor(0.0469, device='cuda:1')
tensor(0.8609, device='cuda:1') tensor(0.1000, device='cuda:1') tensor(0.0391, device='cuda:1')
tensor(0.8297, device='cuda:1') tensor(0.1000, device='cuda:1') tensor(0.0703, device='cuda:1')
tensor(0.8375, device='cuda:1') tensor(0.1000, device='cuda:1') tensor(0.0625, device='cuda:1')
tensor(0.8531, device='cuda:1') tensor(0.1000, device='cuda:1') tensor(0.0469, device='cuda:1')
tensor(0.8297, device='cuda:1') tensor(0.1000, device='cuda:1') tensor(0.0703, device='cuda:1')
tensor(0.7672, device='cuda:1') tensor(0.1000, device='cuda:1') tensor(0.1328, device='cuda:1')
tensor(0.8688, device='cuda:1') tensor(0.1000, device='cuda:1') tensor(0.0312, device='cuda:1')
tensor(0.7750, device='cuda:1') tensor(0.1000, device='cuda:1') tensor(0.1250, device='cuda:1')
tensor(0.8688, device='cuda:1') tensor(0.1000, device='cuda:1') tensor(0.0312, device='cuda:1')
tensor(0.8453, device='cuda:1') tensor(0.1000, device='cuda:1') tensor(0.0547, device='cuda:1')
tensor(0.8688, device='cuda:1') tensor(0.1000, device='cuda:1') tensor(0.0312, device='cuda:1')
tensor(0.7125, device='cuda:1') tensor(0.1000, device='cuda:1') tensor(0.1875, device='cuda:1')
tensor(0.8453, device='cuda:1') tensor(0.1000, device='cuda:1') tensor(0.0547, device='cuda:1')
tensor(0.8297, device='cuda:1') tensor(0.1000, device='cuda:1') tensor(0.0703, device='cuda:1')
tensor(0.8531, device='cuda:1') tensor(0.1000, device='cuda:1') tensor(0.0469, device='cuda:1')
tensor(0.8609, device='cuda:1') tensor(0.1000, device='cuda:1') tensor(0.0391, device='cuda:1')
tensor(0.8531, device='cuda:1') tensor(0.1000, device='cuda:1') tensor(0.0469, device='cuda:1')
tensor(0.8141, device='cuda:1') tensor(0.1000, device='cuda:1') tensor(0.0859, device='cuda:1')
tensor(0.8453, device='cuda:1') tensor(0.1000, device='cuda:1') tensor(0.0547, device='cuda:1')
tensor(0.8297, device='cuda:1') tensor(0.1000, device='cuda:1') tensor(0.0703, device='cuda:1')
tensor(0.7906, device='cuda:1') tensor(0.1000, device='cuda:1') tensor(0.1094, device='cuda:1')
time 7.45
error 38264.8828125
10 self_attn.q_proj
Quantizing ...
tensor(0.7750, device='cuda:1') tensor(0.1000, device='cuda:1') tensor(0.1250, device='cuda:1')
tensor(0.8687, device='cuda:1') tensor(0.1000, device='cuda:1') tensor(0.0312, device='cuda:1')
tensor(0.8766, device='cuda:1') tensor(0.1000, device='cuda:1') tensor(0.0234, device='cuda:1')
tensor(0.8687, device='cuda:1') tensor(0.1000, device='cuda:1') tensor(0.0312, device='cuda:1')
tensor(0.8219, device='cuda:1') tensor(0.1000, device='cuda:1') tensor(0.0781, device='cuda:1')
tensor(0.8375, device='cuda:1') tensor(0.1000, device='cuda:1') tensor(0.0625, device='cuda:1')
tensor(0.5797, device='cuda:1') tensor(0.1000, device='cuda:1') tensor(0.3203, device='cuda:1')
tensor(0.8531, device='cuda:1') tensor(0.1000, device='cuda:1') tensor(0.0469, device='cuda:1')
tensor(0.8687, device='cuda:1') tensor(0.1000, device='cuda:1') tensor(0.0312, device='cuda:1')
tensor(0.6266, device='cuda:1') tensor(0.1000, device='cuda:1') tensor(0.2734, device='cuda:1')
tensor(0.8375, device='cuda:1') tensor(0.1000, device='cuda:1') tensor(0.0625, device='cuda:1')
tensor(0.8609, device='cuda:1') tensor(0.1000, device='cuda:1') tensor(0.0391, device='cuda:1')
tensor(0.8375, device='cuda:1') tensor(0.1000, device='cuda:1') tensor(0.0625, device='cuda:1')
tensor(0.7750, device='cuda:1') tensor(0.1000, device='cuda:1') tensor(0.1250, device='cuda:1')
tensor(0.8531, device='cuda:1') tensor(0.1000, device='cuda:1') tensor(0.0469, device='cuda:1')
tensor(0.7906, device='cuda:1') tensor(0.1000, device='cuda:1') tensor(0.1094, device='cuda:1')
tensor(0.7437, device='cuda:1') tensor(0.1000, device='cuda:1') tensor(0.1562, device='cuda:1')
tensor(0.7437, device='cuda:1') tensor(0.1000, device='cuda:1') tensor(0.1562, device='cuda:1')
tensor(0.7047, device='cuda:1') tensor(0.1000, device='cuda:1') tensor(0.1953, device='cuda:1')
tensor(0.8531, device='cuda:1') tensor(0.1000, device='cuda:1') tensor(0.0469, device='cuda:1')
time 2.13
error 68824.953125
10 self_attn.k_proj
Quantizing ...
tensor(0.7359, device='cuda:1') tensor(0.1000, device='cuda:1') tensor(0.1641, device='cuda:1')
tensor(0.8453, device='cuda:1') tensor(0.1000, device='cuda:1') tensor(0.0547, device='cuda:1')
tensor(0.8609, device='cuda:1') tensor(0.1000, device='cuda:1') tensor(0.0391, device='cuda:1')
tensor(0.8453, device='cuda:1') tensor(0.1000, device='cuda:1') tensor(0.0547, device='cuda:1')
tensor(0.8453, device='cuda:1') tensor(0.1000, device='cuda:1') tensor(0.0547, device='cuda:1')
tensor(0.5719, device='cuda:1') tensor(0.1000, device='cuda:1') tensor(0.3281, device='cuda:1')
tensor(0.6031, device='cuda:1') tensor(0.1000, device='cuda:1') tensor(0.2969, device='cuda:1')
tensor(0.7672, device='cuda:1') tensor(0.1000, device='cuda:1') tensor(0.1328, device='cuda:1')
tensor(0.8531, device='cuda:1') tensor(0.1000, device='cuda:1') tensor(0.0469, device='cuda:1')
tensor(0.7672, device='cuda:1') tensor(0.1000, device='cuda:1') tensor(0.1328, device='cuda:1')
tensor(0.8453, device='cuda:1') tensor(0.1000, device='cuda:1') tensor(0.0547, device='cuda:1')
tensor(0.8687, device='cuda:1') tensor(0.1000, device='cuda:1') tensor(0.0312, device='cuda:1')
tensor(0.8687, device='cuda:1') tensor(0.1000, device='cuda:1') tensor(0.0312, device='cuda:1')
tensor(0.6109, device='cuda:1') tensor(0.1000, device='cuda:1') tensor(0.2891, device='cuda:1')
tensor(0.8453, device='cuda:1') tensor(0.1000, device='cuda:1') tensor(0.0547, device='cuda:1')
tensor(0.8453, device='cuda:1') tensor(0.1000, device='cuda:1') tensor(0.0547, device='cuda:1')
tensor(0.8297, device='cuda:1') tensor(0.1000, device='cuda:1') tensor(0.0703, device='cuda:1')
tensor(0.8062, device='cuda:1') tensor(0.1000, device='cuda:1') tensor(0.0938, device='cuda:1')
tensor(0.6578, device='cuda:1') tensor(0.1000, device='cuda:1') tensor(0.2422, device='cuda:1')
tensor(0.8687, device='cuda:1') tensor(0.1000, device='cuda:1') tensor(0.0312, device='cuda:1')
time 1.83
error 17502.27734375
10 self_attn.v_proj
Quantizing ...
tensor(0.6265, device='cuda:1') tensor(0.1000, device='cuda:1') tensor(0.2734, device='cuda:1')
tensor(0.8687, device='cuda:1') tensor(0.1000, device='cuda:1') tensor(0.0312, device='cuda:1')
tensor(0.8766, device='cuda:1') tensor(0.1000, device='cuda:1') tensor(0.0234, device='cuda:1')
tensor(0.8453, device='cuda:1') tensor(0.1000, device='cuda:1') tensor(0.0547, device='cuda:1')
tensor(0.5250, device='cuda:1') tensor(0.1000, device='cuda:1') tensor(0.3750, device='cuda:1')
tensor(0.5875, device='cuda:1') tensor(0.1000, device='cuda:1') tensor(0.3125, device='cuda:1')
tensor(0.8141, device='cuda:1') tensor(0.1000, device='cuda:1') tensor(0.0859, device='cuda:1')
tensor(0.8609, device='cuda:1') tensor(0.1000, device='cuda:1') tensor(0.0391, device='cuda:1')
tensor(0.7359, device='cuda:1') tensor(0.1000, device='cuda:1') tensor(0.1641, device='cuda:1')
tensor(0.5797, device='cuda:1') tensor(0.1000, device='cuda:1') tensor(0.3203, device='cuda:1')
tensor(0.7750, device='cuda:1') tensor(0.1000, device='cuda:1') tensor(0.1250, device='cuda:1')
tensor(0.6656, device='cuda:1') tensor(0.1000, device='cuda:1') tensor(0.2344, device='cuda:1')
tensor(0.6266, device='cuda:1') tensor(0.1000, device='cuda:1') tensor(0.2734, device='cuda:1')
tensor(0.6578, device='cuda:1') tensor(0.1000, device='cuda:1') tensor(0.2422, device='cuda:1')
tensor(0.6344, device='cuda:1') tensor(0.1000, device='cuda:1') tensor(0.2656, device='cuda:1')
tensor(0.7359, device='cuda:1') tensor(0.1000, device='cuda:1') tensor(0.1641, device='cuda:1')
tensor(0.6734, device='cuda:1') tensor(0.1000, device='cuda:1') tensor(0.2266, device='cuda:1')
tensor(0.7906, device='cuda:1') tensor(0.1000, device='cuda:1') tensor(0.1094, device='cuda:1')
tensor(0.7437, device='cuda:1') tensor(0.1000, device='cuda:1') tensor(0.1562, device='cuda:1')
tensor(0.8219, device='cuda:1') tensor(0.1000, device='cuda:1') tensor(0.0781, device='cuda:1')
time 1.81
error 19615.775390625
10 self_attn.o_proj
Quantizing ...
tensor(0.8687, device='cuda:1') tensor(0.1000, device='cuda:1') tensor(0.0312, device='cuda:1')
tensor(0.8688, device='cuda:1') tensor(0.1000, device='cuda:1') tensor(0.0312, device='cuda:1')
tensor(0.8688, device='cuda:1') tensor(0.1000, device='cuda:1') tensor(0.0312, device='cuda:1')
tensor(0.8297, device='cuda:1') tensor(0.1000, device='cuda:1') tensor(0.0703, device='cuda:1')
tensor(0.8609, device='cuda:1') tensor(0.1000, device='cuda:1') tensor(0.0391, device='cuda:1')
tensor(0.8531, device='cuda:1') tensor(0.1000, device='cuda:1') tensor(0.0469, device='cuda:1')
tensor(0.8766, device='cuda:1') tensor(0.1000, device='cuda:1') tensor(0.0234, device='cuda:1')
tensor(0.8688, device='cuda:1') tensor(0.1000, device='cuda:1') tensor(0.0312, device='cuda:1')
tensor(0.7594, device='cuda:1') tensor(0.1000, device='cuda:1') tensor(0.1406, device='cuda:1')
tensor(0.7984, device='cuda:1') tensor(0.1000, device='cuda:1') tensor(0.1016, device='cuda:1')
tensor(0.7906, device='cuda:1') tensor(0.1000, device='cuda:1') tensor(0.1094, device='cuda:1')
tensor(0.7906, device='cuda:1') tensor(0.1000, device='cuda:1') tensor(0.1094, device='cuda:1')
tensor(0.8531, device='cuda:1') tensor(0.1000, device='cuda:1') tensor(0.0469, device='cuda:1')
tensor(0.8688, device='cuda:1') tensor(0.1000, device='cuda:1') tensor(0.0312, device='cuda:1')
tensor(0.8531, device='cuda:1') tensor(0.1000, device='cuda:1') tensor(0.0469, device='cuda:1')
tensor(0.8063, device='cuda:1') tensor(0.1000, device='cuda:1') tensor(0.0938, device='cuda:1')
tensor(0.8688, device='cuda:1') tensor(0.1000, device='cuda:1') tensor(0.0312, device='cuda:1')
tensor(0.8609, device='cuda:1') tensor(0.1000, device='cuda:1') tensor(0.0391, device='cuda:1')
tensor(0.8688, device='cuda:1') tensor(0.1000, device='cuda:1') tensor(0.0312, device='cuda:1')
tensor(0.8688, device='cuda:1') tensor(0.1000, device='cuda:1') tensor(0.0312, device='cuda:1')
tensor(0.7359, device='cuda:1') tensor(0.1000, device='cuda:1') tensor(0.1641, device='cuda:1')
tensor(0.5406, device='cuda:1') tensor(0.1000, device='cuda:1') tensor(0.3594, device='cuda:1')
tensor(0.8219, device='cuda:1') tensor(0.1000, device='cuda:1') tensor(0.0781, device='cuda:1')
tensor(0.8531, device='cuda:1') tensor(0.1000, device='cuda:1') tensor(0.0469, device='cuda:1')
tensor(0.8609, device='cuda:1') tensor(0.1000, device='cuda:1') tensor(0.0391, device='cuda:1')
tensor(0.8688, device='cuda:1') tensor(0.1000, device='cuda:1') tensor(0.0312, device='cuda:1')
tensor(0.8609, device='cuda:1') tensor(0.1000, device='cuda:1') tensor(0.0391, device='cuda:1')
tensor(0.8688, device='cuda:1') tensor(0.1000, device='cuda:1') tensor(0.0312, device='cuda:1')
tensor(0.8844, device='cuda:1') tensor(0.1000, device='cuda:1') tensor(0.0156, device='cuda:1')
tensor(0.8766, device='cuda:1') tensor(0.1000, device='cuda:1') tensor(0.0234, device='cuda:1')
tensor(0.8609, device='cuda:1') tensor(0.1000, device='cuda:1') tensor(0.0391, device='cuda:1')
tensor(0.8766, device='cuda:1') tensor(0.1000, device='cuda:1') tensor(0.0234, device='cuda:1')
time 3.13
error 6606.4697265625
10 mlp.gate_proj
Quantizing ...
tensor(0.8453, device='cuda:1') tensor(0.1000, device='cuda:1') tensor(0.0547, device='cuda:1')
tensor(0.7203, device='cuda:1') tensor(0.1000, device='cuda:1') tensor(0.1797, device='cuda:1')
tensor(0.5562, device='cuda:1') tensor(0.1000, device='cuda:1') tensor(0.3438, device='cuda:1')
tensor(0.8766, device='cuda:1') tensor(0.1000, device='cuda:1') tensor(0.0234, device='cuda:1')
tensor(0.6578, device='cuda:1') tensor(0.1000, device='cuda:1') tensor(0.2422, device='cuda:1')
tensor(0.6500, device='cuda:1') tensor(0.1000, device='cuda:1') tensor(0.2500, device='cuda:1')
tensor(0.6187, device='cuda:1') tensor(0.1000, device='cuda:1') tensor(0.2812, device='cuda:1')
tensor(0.8375, device='cuda:1') tensor(0.1000, device='cuda:1') tensor(0.0625, device='cuda:1')
tensor(0.7359, device='cuda:1') tensor(0.1000, device='cuda:1') tensor(0.1641, device='cuda:1')
tensor(0.7906, device='cuda:1') tensor(0.1000, device='cuda:1') tensor(0.1094, device='cuda:1')
tensor(0.8219, device='cuda:1') tensor(0.1000, device='cuda:1') tensor(0.0781, device='cuda:1')
tensor(0.7984, device='cuda:1') tensor(0.1000, device='cuda:1') tensor(0.1016, device='cuda:1')
tensor(0.8141, device='cuda:1') tensor(0.1000, device='cuda:1') tensor(0.0859, device='cuda:1')
tensor(0.7125, device='cuda:1') tensor(0.1000, device='cuda:1') tensor(0.1875, device='cuda:1')
tensor(0.7828, device='cuda:1') tensor(0.1000, device='cuda:1') tensor(0.1172, device='cuda:1')
tensor(0.7672, device='cuda:1') tensor(0.1000, device='cuda:1') tensor(0.1328, device='cuda:1')
tensor(0.7984, device='cuda:1') tensor(0.1000, device='cuda:1') tensor(0.1016, device='cuda:1')
tensor(0.7125, device='cuda:1') tensor(0.1000, device='cuda:1') tensor(0.1875, device='cuda:1')
tensor(0.7984, device='cuda:1') tensor(0.1000, device='cuda:1') tensor(0.1016, device='cuda:1')
tensor(0.8609, device='cuda:1') tensor(0.1000, device='cuda:1') tensor(0.0391, device='cuda:1')
time 2.48
error 410795.6875
10 mlp.up_proj
Quantizing ...
tensor(0.8062, device='cuda:1') tensor(0.1000, device='cuda:1') tensor(0.0938, device='cuda:1')
tensor(0.6969, device='cuda:1') tensor(0.1000, device='cuda:1') tensor(0.2031, device='cuda:1')
tensor(0.5328, device='cuda:1') tensor(0.1000, device='cuda:1') tensor(0.3672, device='cuda:1')
tensor(0.8609, device='cuda:1') tensor(0.1000, device='cuda:1') tensor(0.0391, device='cuda:1')
tensor(0.5719, device='cuda:1') tensor(0.1000, device='cuda:1') tensor(0.3281, device='cuda:1')
tensor(0.5484, device='cuda:1') tensor(0.1000, device='cuda:1') tensor(0.3516, device='cuda:1')
tensor(0.5406, device='cuda:1') tensor(0.1000, device='cuda:1') tensor(0.3594, device='cuda:1')
tensor(0.7906, device='cuda:1') tensor(0.1000, device='cuda:1') tensor(0.1094, device='cuda:1')
tensor(0.7281, device='cuda:1') tensor(0.1000, device='cuda:1') tensor(0.1719, device='cuda:1')
tensor(0.7047, device='cuda:1') tensor(0.1000, device='cuda:1') tensor(0.1953, device='cuda:1')
tensor(0.6812, device='cuda:1') tensor(0.1000, device='cuda:1') tensor(0.2188, device='cuda:1')
tensor(0.5562, device='cuda:1') tensor(0.1000, device='cuda:1') tensor(0.3438, device='cuda:1')
tensor(0.7984, device='cuda:1') tensor(0.1000, device='cuda:1') tensor(0.1016, device='cuda:1')
tensor(0.6500, device='cuda:1') tensor(0.1000, device='cuda:1') tensor(0.2500, device='cuda:1')
tensor(0.6578, device='cuda:1') tensor(0.1000, device='cuda:1') tensor(0.2422, device='cuda:1')
tensor(0.5172, device='cuda:1') tensor(0.1000, device='cuda:1') tensor(0.3828, device='cuda:1')
tensor(0.6969, device='cuda:1') tensor(0.1000, device='cuda:1') tensor(0.2031, device='cuda:1')
tensor(0.6187, device='cuda:1') tensor(0.1000, device='cuda:1') tensor(0.2812, device='cuda:1')
tensor(0.7281, device='cuda:1') tensor(0.1000, device='cuda:1') tensor(0.1719, device='cuda:1')
tensor(0.8509, device='cuda:1') tensor(0.1100, device='cuda:1') tensor(0.0391, device='cuda:1')
time 2.52
error 276598.90625
10 mlp.down_proj
Quantizing ...
tensor(0.8766, device='cuda:1') tensor(0.1000, device='cuda:1') tensor(0.0234, device='cuda:1')
tensor(0.8688, device='cuda:1') tensor(0.1000, device='cuda:1') tensor(0.0312, device='cuda:1')
tensor(0.8531, device='cuda:1') tensor(0.1000, device='cuda:1') tensor(0.0469, device='cuda:1')
tensor(0.8609, device='cuda:1') tensor(0.1000, device='cuda:1') tensor(0.0391, device='cuda:1')
tensor(0.8766, device='cuda:1') tensor(0.1000, device='cuda:1') tensor(0.0234, device='cuda:1')
tensor(0.8531, device='cuda:1') tensor(0.1000, device='cuda:1') tensor(0.0469, device='cuda:1')
tensor(0.8453, device='cuda:1') tensor(0.1000, device='cuda:1') tensor(0.0547, device='cuda:1')
tensor(0.8453, device='cuda:1') tensor(0.1000, device='cuda:1') tensor(0.0547, device='cuda:1')
tensor(0.8688, device='cuda:1') tensor(0.1000, device='cuda:1') tensor(0.0312, device='cuda:1')
tensor(0.6813, device='cuda:1') tensor(0.1000, device='cuda:1') tensor(0.2188, device='cuda:1')
tensor(0.8688, device='cuda:1') tensor(0.1000, device='cuda:1') tensor(0.0312, device='cuda:1')
tensor(0.8688, device='cuda:1') tensor(0.1000, device='cuda:1') tensor(0.0312, device='cuda:1')
tensor(0.8609, device='cuda:1') tensor(0.1000, device='cuda:1') tensor(0.0391, device='cuda:1')
tensor(0.8688, device='cuda:1') tensor(0.1000, device='cuda:1') tensor(0.0312, device='cuda:1')
tensor(0.8688, device='cuda:1') tensor(0.1000, device='cuda:1') tensor(0.0312, device='cuda:1')
tensor(0.8609, device='cuda:1') tensor(0.1000, device='cuda:1') tensor(0.0391, device='cuda:1')
tensor(0.7359, device='cuda:1') tensor(0.1000, device='cuda:1') tensor(0.1641, device='cuda:1')
tensor(0.8609, device='cuda:1') tensor(0.1000, device='cuda:1') tensor(0.0391, device='cuda:1')
tensor(0.8297, device='cuda:1') tensor(0.1000, device='cuda:1') tensor(0.0703, device='cuda:1')
tensor(0.8766, device='cuda:1') tensor(0.1000, device='cuda:1') tensor(0.0234, device='cuda:1')
tensor(0.8609, device='cuda:1') tensor(0.1000, device='cuda:1') tensor(0.0391, device='cuda:1')
tensor(0.6031, device='cuda:1') tensor(0.1000, device='cuda:1') tensor(0.2969, device='cuda:1')
tensor(0.8063, device='cuda:1') tensor(0.1000, device='cuda:1') tensor(0.0938, device='cuda:1')
tensor(0.7906, device='cuda:1') tensor(0.1000, device='cuda:1') tensor(0.1094, device='cuda:1')
tensor(0.8609, device='cuda:1') tensor(0.1000, device='cuda:1') tensor(0.0391, device='cuda:1')
tensor(0.8453, device='cuda:1') tensor(0.1000, device='cuda:1') tensor(0.0547, device='cuda:1')
tensor(0.8297, device='cuda:1') tensor(0.1000, device='cuda:1') tensor(0.0703, device='cuda:1')
tensor(0.8531, device='cuda:1') tensor(0.1000, device='cuda:1') tensor(0.0469, device='cuda:1')
tensor(0.8688, device='cuda:1') tensor(0.1000, device='cuda:1') tensor(0.0312, device='cuda:1')
tensor(0.8531, device='cuda:1') tensor(0.1000, device='cuda:1') tensor(0.0469, device='cuda:1')
tensor(0.8609, device='cuda:1') tensor(0.1000, device='cuda:1') tensor(0.0391, device='cuda:1')
tensor(0.8531, device='cuda:1') tensor(0.1000, device='cuda:1') tensor(0.0469, device='cuda:1')
tensor(0.8375, device='cuda:1') tensor(0.1000, device='cuda:1') tensor(0.0625, device='cuda:1')
tensor(0.8141, device='cuda:1') tensor(0.1000, device='cuda:1') tensor(0.0859, device='cuda:1')
tensor(0.8219, device='cuda:1') tensor(0.1000, device='cuda:1') tensor(0.0781, device='cuda:1')
tensor(0.8688, device='cuda:1') tensor(0.1000, device='cuda:1') tensor(0.0312, device='cuda:1')
tensor(0.6813, device='cuda:1') tensor(0.1000, device='cuda:1') tensor(0.2188, device='cuda:1')
tensor(0.8531, device='cuda:1') tensor(0.1000, device='cuda:1') tensor(0.0469, device='cuda:1')
tensor(0.8609, device='cuda:1') tensor(0.1000, device='cuda:1') tensor(0.0391, device='cuda:1')
tensor(0.8219, device='cuda:1') tensor(0.1000, device='cuda:1') tensor(0.0781, device='cuda:1')
tensor(0.8453, device='cuda:1') tensor(0.1000, device='cuda:1') tensor(0.0547, device='cuda:1')
tensor(0.7594, device='cuda:1') tensor(0.1000, device='cuda:1') tensor(0.1406, device='cuda:1')
tensor(0.8063, device='cuda:1') tensor(0.1000, device='cuda:1') tensor(0.0938, device='cuda:1')
tensor(0.8688, device='cuda:1') tensor(0.1000, device='cuda:1') tensor(0.0312, device='cuda:1')
tensor(0.8531, device='cuda:1') tensor(0.1000, device='cuda:1') tensor(0.0469, device='cuda:1')
tensor(0.8453, device='cuda:1') tensor(0.1000, device='cuda:1') tensor(0.0547, device='cuda:1')
tensor(0.8609, device='cuda:1') tensor(0.1000, device='cuda:1') tensor(0.0391, device='cuda:1')
tensor(0.8375, device='cuda:1') tensor(0.1000, device='cuda:1') tensor(0.0625, device='cuda:1')
tensor(0.8063, device='cuda:1') tensor(0.1000, device='cuda:1') tensor(0.0938, device='cuda:1')
tensor(0.8375, device='cuda:1') tensor(0.1000, device='cuda:1') tensor(0.0625, device='cuda:1')
tensor(0.7594, device='cuda:1') tensor(0.1000, device='cuda:1') tensor(0.1406, device='cuda:1')
tensor(0.8297, device='cuda:1') tensor(0.1000, device='cuda:1') tensor(0.0703, device='cuda:1')
tensor(0.8609, device='cuda:1') tensor(0.1000, device='cuda:1') tensor(0.0391, device='cuda:1')
tensor(0.8453, device='cuda:1') tensor(0.1000, device='cuda:1') tensor(0.0547, device='cuda:1')
tensor(0.8609, device='cuda:1') tensor(0.1000, device='cuda:1') tensor(0.0391, device='cuda:1')
tensor(0.8219, device='cuda:1') tensor(0.1000, device='cuda:1') tensor(0.0781, device='cuda:1')
tensor(0.8688, device='cuda:1') tensor(0.1000, device='cuda:1') tensor(0.0312, device='cuda:1')
tensor(0.8531, device='cuda:1') tensor(0.1000, device='cuda:1') tensor(0.0469, device='cuda:1')
tensor(0.8688, device='cuda:1') tensor(0.1000, device='cuda:1') tensor(0.0312, device='cuda:1')
tensor(0.8219, device='cuda:1') tensor(0.1000, device='cuda:1') tensor(0.0781, device='cuda:1')
tensor(0.8609, device='cuda:1') tensor(0.1000, device='cuda:1') tensor(0.0391, device='cuda:1')
tensor(0.8453, device='cuda:1') tensor(0.1000, device='cuda:1') tensor(0.0547, device='cuda:1')
tensor(0.7906, device='cuda:1') tensor(0.1000, device='cuda:1') tensor(0.1094, device='cuda:1')
tensor(0.8297, device='cuda:1') tensor(0.1000, device='cuda:1') tensor(0.0703, device='cuda:1')
tensor(0.8688, device='cuda:1') tensor(0.1000, device='cuda:1') tensor(0.0312, device='cuda:1')
tensor(0.8688, device='cuda:1') tensor(0.1000, device='cuda:1') tensor(0.0312, device='cuda:1')
tensor(0.8453, device='cuda:1') tensor(0.1000, device='cuda:1') tensor(0.0547, device='cuda:1')
tensor(0.8453, device='cuda:1') tensor(0.1000, device='cuda:1') tensor(0.0547, device='cuda:1')
tensor(0.8375, device='cuda:1') tensor(0.1000, device='cuda:1') tensor(0.0625, device='cuda:1')
tensor(0.8531, device='cuda:1') tensor(0.1000, device='cuda:1') tensor(0.0469, device='cuda:1')
tensor(0.8609, device='cuda:1') tensor(0.1000, device='cuda:1') tensor(0.0391, device='cuda:1')
tensor(0.8297, device='cuda:1') tensor(0.1000, device='cuda:1') tensor(0.0703, device='cuda:1')
tensor(0.8219, device='cuda:1') tensor(0.1000, device='cuda:1') tensor(0.0781, device='cuda:1')
tensor(0.8453, device='cuda:1') tensor(0.1000, device='cuda:1') tensor(0.0547, device='cuda:1')
tensor(0.7828, device='cuda:1') tensor(0.1000, device='cuda:1') tensor(0.1172, device='cuda:1')
tensor(0.8531, device='cuda:1') tensor(0.1000, device='cuda:1') tensor(0.0469, device='cuda:1')
time 7.30
error 25564.232421875
11 self_attn.q_proj
Quantizing ...
tensor(0.7750, device='cuda:1') tensor(0.1000, device='cuda:1') tensor(0.1250, device='cuda:1')
tensor(0.8766, device='cuda:1') tensor(0.1000, device='cuda:1') tensor(0.0234, device='cuda:1')
tensor(0.8766, device='cuda:1') tensor(0.1000, device='cuda:1') tensor(0.0234, device='cuda:1')
tensor(0.8687, device='cuda:1') tensor(0.1000, device='cuda:1') tensor(0.0312, device='cuda:1')
tensor(0.7359, device='cuda:1') tensor(0.1000, device='cuda:1') tensor(0.1641, device='cuda:1')
tensor(0.8375, device='cuda:1') tensor(0.1000, device='cuda:1') tensor(0.0625, device='cuda:1')
tensor(0.6266, device='cuda:1') tensor(0.1000, device='cuda:1') tensor(0.2734, device='cuda:1')
tensor(0.7203, device='cuda:1') tensor(0.1000, device='cuda:1') tensor(0.1797, device='cuda:1')
tensor(0.8687, device='cuda:1') tensor(0.1000, device='cuda:1') tensor(0.0312, device='cuda:1')
tensor(0.6891, device='cuda:1') tensor(0.1000, device='cuda:1') tensor(0.2109, device='cuda:1')
tensor(0.7437, device='cuda:1') tensor(0.1000, device='cuda:1') tensor(0.1562, device='cuda:1')
tensor(0.6109, device='cuda:1') tensor(0.1000, device='cuda:1') tensor(0.2891, device='cuda:1')
tensor(0.6500, device='cuda:1') tensor(0.1000, device='cuda:1') tensor(0.2500, device='cuda:1')
tensor(0.8375, device='cuda:1') tensor(0.1000, device='cuda:1') tensor(0.0625, device='cuda:1')
tensor(0.7750, device='cuda:1') tensor(0.1000, device='cuda:1') tensor(0.1250, device='cuda:1')
tensor(0.7672, device='cuda:1') tensor(0.1000, device='cuda:1') tensor(0.1328, device='cuda:1')
tensor(0.6422, device='cuda:1') tensor(0.1000, device='cuda:1') tensor(0.2578, device='cuda:1')
tensor(0.7594, device='cuda:1') tensor(0.1000, device='cuda:1') tensor(0.1406, device='cuda:1')
tensor(0.7828, device='cuda:1') tensor(0.1000, device='cuda:1') tensor(0.1172, device='cuda:1')
tensor(0.8609, device='cuda:1') tensor(0.1000, device='cuda:1') tensor(0.0391, device='cuda:1')
time 2.28
error 35475.8203125
11 self_attn.k_proj
Quantizing ...
tensor(0.5406, device='cuda:1') tensor(0.1000, device='cuda:1') tensor(0.3594, device='cuda:1')
tensor(0.5797, device='cuda:1') tensor(0.1000, device='cuda:1') tensor(0.3203, device='cuda:1')
tensor(0.8297, device='cuda:1') tensor(0.1000, device='cuda:1') tensor(0.0703, device='cuda:1')
tensor(0.5172, device='cuda:1') tensor(0.1000, device='cuda:1') tensor(0.3828, device='cuda:1')
tensor(0.5328, device='cuda:1') tensor(0.1000, device='cuda:1') tensor(0.3672, device='cuda:1')
tensor(0.5172, device='cuda:1') tensor(0.1000, device='cuda:1') tensor(0.3828, device='cuda:1')
tensor(0.5797, device='cuda:1') tensor(0.1000, device='cuda:1') tensor(0.3203, device='cuda:1')
tensor(0.6187, device='cuda:1') tensor(0.1000, device='cuda:1') tensor(0.2812, device='cuda:1')
tensor(0.6969, device='cuda:1') tensor(0.1000, device='cuda:1') tensor(0.2031, device='cuda:1')
tensor(0.5328, device='cuda:1') tensor(0.1000, device='cuda:1') tensor(0.3672, device='cuda:1')
tensor(0.7516, device='cuda:1') tensor(0.1000, device='cuda:1') tensor(0.1484, device='cuda:1')
tensor(0.7516, device='cuda:1') tensor(0.1000, device='cuda:1') tensor(0.1484, device='cuda:1')
tensor(0.8609, device='cuda:1') tensor(0.1000, device='cuda:1') tensor(0.0391, device='cuda:1')
tensor(0.8297, device='cuda:1') tensor(0.1000, device='cuda:1') tensor(0.0703, device='cuda:1')
tensor(0.7828, device='cuda:1') tensor(0.1000, device='cuda:1') tensor(0.1172, device='cuda:1')
tensor(0.6500, device='cuda:1') tensor(0.1000, device='cuda:1') tensor(0.2500, device='cuda:1')
tensor(0.7047, device='cuda:1') tensor(0.1000, device='cuda:1') tensor(0.1953, device='cuda:1')
tensor(0.8375, device='cuda:1') tensor(0.1000, device='cuda:1') tensor(0.0625, device='cuda:1')
tensor(0.8219, device='cuda:1') tensor(0.1000, device='cuda:1') tensor(0.0781, device='cuda:1')
tensor(0.8375, device='cuda:1') tensor(0.1000, device='cuda:1') tensor(0.0625, device='cuda:1')
time 1.74
error 9348.884765625
11 self_attn.v_proj
Quantizing ...
tensor(0.7906, device='cuda:1') tensor(0.1000, device='cuda:1') tensor(0.1094, device='cuda:1')
tensor(0.8687, device='cuda:1') tensor(0.1000, device='cuda:1') tensor(0.0312, device='cuda:1')
tensor(0.5172, device='cuda:1') tensor(0.1000, device='cuda:1') tensor(0.3828, device='cuda:1')
tensor(0.5172, device='cuda:1') tensor(0.1000, device='cuda:1') tensor(0.3828, device='cuda:1')
tensor(0.5484, device='cuda:1') tensor(0.1000, device='cuda:1') tensor(0.3516, device='cuda:1')
tensor(0.5172, device='cuda:1') tensor(0.1000, device='cuda:1') tensor(0.3828, device='cuda:1')
tensor(0.5250, device='cuda:1') tensor(0.1000, device='cuda:1') tensor(0.3750, device='cuda:1')
tensor(0.5641, device='cuda:1') tensor(0.1000, device='cuda:1') tensor(0.3359, device='cuda:1')
tensor(0.7750, device='cuda:1') tensor(0.1000, device='cuda:1') tensor(0.1250, device='cuda:1')
tensor(0.5172, device='cuda:1') tensor(0.1000, device='cuda:1') tensor(0.3828, device='cuda:1')
tensor(0.7047, device='cuda:1') tensor(0.1000, device='cuda:1') tensor(0.1953, device='cuda:1')
tensor(0.7750, device='cuda:1') tensor(0.1000, device='cuda:1') tensor(0.1250, device='cuda:1')
tensor(0.5172, device='cuda:1') tensor(0.1000, device='cuda:1') tensor(0.3828, device='cuda:1')
tensor(0.7594, device='cuda:1') tensor(0.1000, device='cuda:1') tensor(0.1406, device='cuda:1')
tensor(0.6578, device='cuda:1') tensor(0.1000, device='cuda:1') tensor(0.2422, device='cuda:1')
tensor(0.6734, device='cuda:1') tensor(0.1000, device='cuda:1') tensor(0.2266, device='cuda:1')
tensor(0.7906, device='cuda:1') tensor(0.1000, device='cuda:1') tensor(0.1094, device='cuda:1')
tensor(0.7437, device='cuda:1') tensor(0.1000, device='cuda:1') tensor(0.1562, device='cuda:1')
tensor(0.6031, device='cuda:1') tensor(0.1000, device='cuda:1') tensor(0.2969, device='cuda:1')
tensor(0.8453, device='cuda:1') tensor(0.1000, device='cuda:1') tensor(0.0547, device='cuda:1')
time 1.77
error 9661.390625
11 self_attn.o_proj
Quantizing ...
tensor(0.8219, device='cuda:1') tensor(0.1000, device='cuda:1') tensor(0.0781, device='cuda:1')
tensor(0.8688, device='cuda:1') tensor(0.1000, device='cuda:1') tensor(0.0312, device='cuda:1')
tensor(0.8297, device='cuda:1') tensor(0.1000, device='cuda:1') tensor(0.0703, device='cuda:1')
tensor(0.8453, device='cuda:1') tensor(0.1000, device='cuda:1') tensor(0.0547, device='cuda:1')
tensor(0.8297, device='cuda:1') tensor(0.1000, device='cuda:1') tensor(0.0703, device='cuda:1')
tensor(0.8531, device='cuda:1') tensor(0.1000, device='cuda:1') tensor(0.0469, device='cuda:1')
tensor(0.8375, device='cuda:1') tensor(0.1000, device='cuda:1') tensor(0.0625, device='cuda:1')
tensor(0.8609, device='cuda:1') tensor(0.1000, device='cuda:1') tensor(0.0391, device='cuda:1')
tensor(0.8688, device='cuda:1') tensor(0.1000, device='cuda:1') tensor(0.0312, device='cuda:1')
tensor(0.8766, device='cuda:1') tensor(0.1000, device='cuda:1') tensor(0.0234, device='cuda:1')
tensor(0.8766, device='cuda:1') tensor(0.1000, device='cuda:1') tensor(0.0234, device='cuda:1')
tensor(0.8688, device='cuda:1') tensor(0.1000, device='cuda:1') tensor(0.0312, device='cuda:1')
tensor(0.8609, device='cuda:1') tensor(0.1000, device='cuda:1') tensor(0.0391, device='cuda:1')
tensor(0.8766, device='cuda:1') tensor(0.1000, device='cuda:1') tensor(0.0234, device='cuda:1')
tensor(0.8688, device='cuda:1') tensor(0.1000, device='cuda:1') tensor(0.0312, device='cuda:1')
tensor(0.8297, device='cuda:1') tensor(0.1000, device='cuda:1') tensor(0.0703, device='cuda:1')
tensor(0.8609, device='cuda:1') tensor(0.1000, device='cuda:1') tensor(0.0391, device='cuda:1')
tensor(0.8531, device='cuda:1') tensor(0.1000, device='cuda:1') tensor(0.0469, device='cuda:1')
tensor(0.8844, device='cuda:1') tensor(0.1000, device='cuda:1') tensor(0.0156, device='cuda:1')
tensor(0.8688, device='cuda:1') tensor(0.1000, device='cuda:1') tensor(0.0312, device='cuda:1')
tensor(0.8688, device='cuda:1') tensor(0.1000, device='cuda:1') tensor(0.0312, device='cuda:1')
tensor(0.8609, device='cuda:1') tensor(0.1000, device='cuda:1') tensor(0.0391, device='cuda:1')
tensor(0.8688, device='cuda:1') tensor(0.1000, device='cuda:1') tensor(0.0312, device='cuda:1')
tensor(0.8688, device='cuda:1') tensor(0.1000, device='cuda:1') tensor(0.0312, device='cuda:1')
tensor(0.8688, device='cuda:1') tensor(0.1000, device='cuda:1') tensor(0.0312, device='cuda:1')
tensor(0.8844, device='cuda:1') tensor(0.1000, device='cuda:1') tensor(0.0156, device='cuda:1')
tensor(0.8609, device='cuda:1') tensor(0.1000, device='cuda:1') tensor(0.0391, device='cuda:1')
tensor(0.8609, device='cuda:1') tensor(0.1000, device='cuda:1') tensor(0.0391, device='cuda:1')
tensor(0.8219, device='cuda:1') tensor(0.1000, device='cuda:1') tensor(0.0781, device='cuda:1')
tensor(0.7516, device='cuda:1') tensor(0.1000, device='cuda:1') tensor(0.1484, device='cuda:1')
tensor(0.7047, device='cuda:1') tensor(0.1000, device='cuda:1') tensor(0.1953, device='cuda:1')
tensor(0.8766, device='cuda:1') tensor(0.1000, device='cuda:1') tensor(0.0234, device='cuda:1')
time 3.00
error 5754.06884765625
11 mlp.gate_proj
Quantizing ...
tensor(0.8453, device='cuda:1') tensor(0.1000, device='cuda:1') tensor(0.0547, device='cuda:1')
tensor(0.5641, device='cuda:1') tensor(0.1000, device='cuda:1') tensor(0.3359, device='cuda:1')
tensor(0.6578, device='cuda:1') tensor(0.1000, device='cuda:1') tensor(0.2422, device='cuda:1')
tensor(0.8766, device='cuda:1') tensor(0.1000, device='cuda:1') tensor(0.0234, device='cuda:1')
tensor(0.7750, device='cuda:1') tensor(0.1000, device='cuda:1') tensor(0.1250, device='cuda:1')
tensor(0.6891, device='cuda:1') tensor(0.1000, device='cuda:1') tensor(0.2109, device='cuda:1')
tensor(0.5953, device='cuda:1') tensor(0.1000, device='cuda:1') tensor(0.3047, device='cuda:1')
tensor(0.7281, device='cuda:1') tensor(0.1000, device='cuda:1') tensor(0.1719, device='cuda:1')
tensor(0.7437, device='cuda:1') tensor(0.1000, device='cuda:1') tensor(0.1562, device='cuda:1')
tensor(0.7672, device='cuda:1') tensor(0.1000, device='cuda:1') tensor(0.1328, device='cuda:1')
tensor(0.7281, device='cuda:1') tensor(0.1000, device='cuda:1') tensor(0.1719, device='cuda:1')
tensor(0.7984, device='cuda:1') tensor(0.1000, device='cuda:1') tensor(0.1016, device='cuda:1')
tensor(0.5562, device='cuda:1') tensor(0.1000, device='cuda:1') tensor(0.3438, device='cuda:1')
tensor(0.7047, device='cuda:1') tensor(0.1000, device='cuda:1') tensor(0.1953, device='cuda:1')
tensor(0.5797, device='cuda:1') tensor(0.1000, device='cuda:1') tensor(0.3203, device='cuda:1')
tensor(0.7437, device='cuda:1') tensor(0.1000, device='cuda:1') tensor(0.1562, device='cuda:1')
tensor(0.8062, device='cuda:1') tensor(0.1000, device='cuda:1') tensor(0.0938, device='cuda:1')
tensor(0.8062, device='cuda:1') tensor(0.1000, device='cuda:1') tensor(0.0938, device='cuda:1')
tensor(0.7672, device='cuda:1') tensor(0.1000, device='cuda:1') tensor(0.1328, device='cuda:1')
tensor(0.8297, device='cuda:1') tensor(0.1000, device='cuda:1') tensor(0.0703, device='cuda:1')
time 2.71
error 358694.25
11 mlp.up_proj
Quantizing ...
tensor(0.6891, device='cuda:1') tensor(0.1000, device='cuda:1') tensor(0.2109, device='cuda:1')
tensor(0.7047, device='cuda:1') tensor(0.1000, device='cuda:1') tensor(0.1953, device='cuda:1')
tensor(0.5562, device='cuda:1') tensor(0.1000, device='cuda:1') tensor(0.3438, device='cuda:1')
tensor(0.8687, device='cuda:1') tensor(0.1000, device='cuda:1') tensor(0.0312, device='cuda:1')
tensor(0.6578, device='cuda:1') tensor(0.1000, device='cuda:1') tensor(0.2422, device='cuda:1')
tensor(0.5250, device='cuda:1') tensor(0.1000, device='cuda:1') tensor(0.3750, device='cuda:1')
tensor(0.6656, device='cuda:1') tensor(0.1000, device='cuda:1') tensor(0.2344, device='cuda:1')
tensor(0.6656, device='cuda:1') tensor(0.1000, device='cuda:1') tensor(0.2344, device='cuda:1')
tensor(0.6734, device='cuda:1') tensor(0.1000, device='cuda:1') tensor(0.2266, device='cuda:1')
tensor(0.6969, device='cuda:1') tensor(0.1000, device='cuda:1') tensor(0.2031, device='cuda:1')
tensor(0.7125, device='cuda:1') tensor(0.1000, device='cuda:1') tensor(0.1875, device='cuda:1')
tensor(0.7516, device='cuda:1') tensor(0.1000, device='cuda:1') tensor(0.1484, device='cuda:1')
tensor(0.7750, device='cuda:1') tensor(0.1000, device='cuda:1') tensor(0.1250, device='cuda:1')
tensor(0.6187, device='cuda:1') tensor(0.1000, device='cuda:1') tensor(0.2812, device='cuda:1')
tensor(0.7672, device='cuda:1') tensor(0.1000, device='cuda:1') tensor(0.1328, device='cuda:1')
tensor(0.7437, device='cuda:1') tensor(0.1000, device='cuda:1') tensor(0.1562, device='cuda:1')
tensor(0.5953, device='cuda:1') tensor(0.1000, device='cuda:1') tensor(0.3047, device='cuda:1')
tensor(0.6031, device='cuda:1') tensor(0.1000, device='cuda:1') tensor(0.2969, device='cuda:1')
tensor(0.6578, device='cuda:1') tensor(0.1000, device='cuda:1') tensor(0.2422, device='cuda:1')
tensor(0.8375, device='cuda:1') tensor(0.1000, device='cuda:1') tensor(0.0625, device='cuda:1')
time 2.54
error 278910.40625
11 mlp.down_proj
Quantizing ...
tensor(0.8453, device='cuda:1') tensor(0.1000, device='cuda:1') tensor(0.0547, device='cuda:1')
tensor(0.8688, device='cuda:1') tensor(0.1000, device='cuda:1') tensor(0.0312, device='cuda:1')
tensor(0.8766, device='cuda:1') tensor(0.1000, device='cuda:1') tensor(0.0234, device='cuda:1')
tensor(0.7750, device='cuda:1') tensor(0.1000, device='cuda:1') tensor(0.1250, device='cuda:1')
tensor(0.8375, device='cuda:1') tensor(0.1000, device='cuda:1') tensor(0.0625, device='cuda:1')
tensor(0.8531, device='cuda:1') tensor(0.1000, device='cuda:1') tensor(0.0469, device='cuda:1')
tensor(0.8375, device='cuda:1') tensor(0.1000, device='cuda:1') tensor(0.0625, device='cuda:1')
tensor(0.8063, device='cuda:1') tensor(0.1000, device='cuda:1') tensor(0.0938, device='cuda:1')
tensor(0.8688, device='cuda:1') tensor(0.1000, device='cuda:1') tensor(0.0312, device='cuda:1')
tensor(0.8375, device='cuda:1') tensor(0.1000, device='cuda:1') tensor(0.0625, device='cuda:1')
tensor(0.8297, device='cuda:1') tensor(0.1000, device='cuda:1') tensor(0.0703, device='cuda:1')
tensor(0.8297, device='cuda:1') tensor(0.1000, device='cuda:1') tensor(0.0703, device='cuda:1')
tensor(0.8453, device='cuda:1') tensor(0.1000, device='cuda:1') tensor(0.0547, device='cuda:1')
tensor(0.8531, device='cuda:1') tensor(0.1000, device='cuda:1') tensor(0.0469, device='cuda:1')
tensor(0.8609, device='cuda:1') tensor(0.1000, device='cuda:1') tensor(0.0391, device='cuda:1')
tensor(0.8609, device='cuda:1') tensor(0.1000, device='cuda:1') tensor(0.0391, device='cuda:1')
tensor(0.8453, device='cuda:1') tensor(0.1000, device='cuda:1') tensor(0.0547, device='cuda:1')
tensor(0.8688, device='cuda:1') tensor(0.1000, device='cuda:1') tensor(0.0312, device='cuda:1')
tensor(0.6891, device='cuda:1') tensor(0.1000, device='cuda:1') tensor(0.2109, device='cuda:1')
tensor(0.8609, device='cuda:1') tensor(0.1000, device='cuda:1') tensor(0.0391, device='cuda:1')
tensor(0.8531, device='cuda:1') tensor(0.1000, device='cuda:1') tensor(0.0469, device='cuda:1')
tensor(0.8453, device='cuda:1') tensor(0.1000, device='cuda:1') tensor(0.0547, device='cuda:1')
tensor(0.7750, device='cuda:1') tensor(0.1000, device='cuda:1') tensor(0.1250, device='cuda:1')
tensor(0.8453, device='cuda:1') tensor(0.1000, device='cuda:1') tensor(0.0547, device='cuda:1')
tensor(0.7672, device='cuda:1') tensor(0.1000, device='cuda:1') tensor(0.1328, device='cuda:1')
tensor(0.8141, device='cuda:1') tensor(0.1000, device='cuda:1') tensor(0.0859, device='cuda:1')
tensor(0.8141, device='cuda:1') tensor(0.1000, device='cuda:1') tensor(0.0859, device='cuda:1')
tensor(0.8453, device='cuda:1') tensor(0.1000, device='cuda:1') tensor(0.0547, device='cuda:1')
tensor(0.8375, device='cuda:1') tensor(0.1000, device='cuda:1') tensor(0.0625, device='cuda:1')
tensor(0.8297, device='cuda:1') tensor(0.1000, device='cuda:1') tensor(0.0703, device='cuda:1')
tensor(0.8219, device='cuda:1') tensor(0.1000, device='cuda:1') tensor(0.0781, device='cuda:1')
tensor(0.8375, device='cuda:1') tensor(0.1000, device='cuda:1') tensor(0.0625, device='cuda:1')
tensor(0.8766, device='cuda:1') tensor(0.1000, device='cuda:1') tensor(0.0234, device='cuda:1')
tensor(0.8453, device='cuda:1') tensor(0.1000, device='cuda:1') tensor(0.0547, device='cuda:1')
tensor(0.8453, device='cuda:1') tensor(0.1000, device='cuda:1') tensor(0.0547, device='cuda:1')
tensor(0.8609, device='cuda:1') tensor(0.1000, device='cuda:1') tensor(0.0391, device='cuda:1')
tensor(0.8609, device='cuda:1') tensor(0.1000, device='cuda:1') tensor(0.0391, device='cuda:1')
tensor(0.7906, device='cuda:1') tensor(0.1000, device='cuda:1') tensor(0.1094, device='cuda:1')
tensor(0.8688, device='cuda:1') tensor(0.1000, device='cuda:1') tensor(0.0312, device='cuda:1')
tensor(0.8141, device='cuda:1') tensor(0.1000, device='cuda:1') tensor(0.0859, device='cuda:1')
tensor(0.8453, device='cuda:1') tensor(0.1000, device='cuda:1') tensor(0.0547, device='cuda:1')
tensor(0.8609, device='cuda:1') tensor(0.1000, device='cuda:1') tensor(0.0391, device='cuda:1')
tensor(0.8063, device='cuda:1') tensor(0.1000, device='cuda:1') tensor(0.0938, device='cuda:1')
tensor(0.8453, device='cuda:1') tensor(0.1000, device='cuda:1') tensor(0.0547, device='cuda:1')
tensor(0.8453, device='cuda:1') tensor(0.1000, device='cuda:1') tensor(0.0547, device='cuda:1')
tensor(0.8453, device='cuda:1') tensor(0.1000, device='cuda:1') tensor(0.0547, device='cuda:1')
tensor(0.8609, device='cuda:1') tensor(0.1000, device='cuda:1') tensor(0.0391, device='cuda:1')
tensor(0.8375, device='cuda:1') tensor(0.1000, device='cuda:1') tensor(0.0625, device='cuda:1')
tensor(0.8219, device='cuda:1') tensor(0.1000, device='cuda:1') tensor(0.0781, device='cuda:1')
tensor(0.8609, device='cuda:1') tensor(0.1000, device='cuda:1') tensor(0.0391, device='cuda:1')
tensor(0.8453, device='cuda:1') tensor(0.1000, device='cuda:1') tensor(0.0547, device='cuda:1')
tensor(0.8609, device='cuda:1') tensor(0.1000, device='cuda:1') tensor(0.0391, device='cuda:1')
tensor(0.8141, device='cuda:1') tensor(0.1000, device='cuda:1') tensor(0.0859, device='cuda:1')
tensor(0.8609, device='cuda:1') tensor(0.1000, device='cuda:1') tensor(0.0391, device='cuda:1')
tensor(0.8375, device='cuda:1') tensor(0.1000, device='cuda:1') tensor(0.0625, device='cuda:1')
tensor(0.8609, device='cuda:1') tensor(0.1000, device='cuda:1') tensor(0.0391, device='cuda:1')
tensor(0.8453, device='cuda:1') tensor(0.1000, device='cuda:1') tensor(0.0547, device='cuda:1')
tensor(0.8375, device='cuda:1') tensor(0.1000, device='cuda:1') tensor(0.0625, device='cuda:1')
tensor(0.8219, device='cuda:1') tensor(0.1000, device='cuda:1') tensor(0.0781, device='cuda:1')
tensor(0.8297, device='cuda:1') tensor(0.1000, device='cuda:1') tensor(0.0703, device='cuda:1')
tensor(0.8453, device='cuda:1') tensor(0.1000, device='cuda:1') tensor(0.0547, device='cuda:1')
tensor(0.8375, device='cuda:1') tensor(0.1000, device='cuda:1') tensor(0.0625, device='cuda:1')
tensor(0.8375, device='cuda:1') tensor(0.1000, device='cuda:1') tensor(0.0625, device='cuda:1')
tensor(0.8688, device='cuda:1') tensor(0.1000, device='cuda:1') tensor(0.0312, device='cuda:1')
tensor(0.8609, device='cuda:1') tensor(0.1000, device='cuda:1') tensor(0.0391, device='cuda:1')
tensor(0.8063, device='cuda:1') tensor(0.1000, device='cuda:1') tensor(0.0938, device='cuda:1')
tensor(0.8688, device='cuda:1') tensor(0.1000, device='cuda:1') tensor(0.0312, device='cuda:1')
tensor(0.8219, device='cuda:1') tensor(0.1000, device='cuda:1') tensor(0.0781, device='cuda:1')
tensor(0.8688, device='cuda:1') tensor(0.1000, device='cuda:1') tensor(0.0312, device='cuda:1')
tensor(0.8688, device='cuda:1') tensor(0.1000, device='cuda:1') tensor(0.0312, device='cuda:1')
tensor(0.8688, device='cuda:1') tensor(0.1000, device='cuda:1') tensor(0.0312, device='cuda:1')
tensor(0.8375, device='cuda:1') tensor(0.1000, device='cuda:1') tensor(0.0625, device='cuda:1')
tensor(0.8219, device='cuda:1') tensor(0.1000, device='cuda:1') tensor(0.0781, device='cuda:1')
tensor(0.8688, device='cuda:1') tensor(0.1000, device='cuda:1') tensor(0.0312, device='cuda:1')
tensor(0.7906, device='cuda:1') tensor(0.1000, device='cuda:1') tensor(0.1094, device='cuda:1')
tensor(0.8453, device='cuda:1') tensor(0.1000, device='cuda:1') tensor(0.0547, device='cuda:1')
time 7.21
error 28459.33984375
12 self_attn.q_proj
Quantizing ...
tensor(0.7828, device='cuda:1') tensor(0.1000, device='cuda:1') tensor(0.1172, device='cuda:1')
tensor(0.8766, device='cuda:1') tensor(0.1000, device='cuda:1') tensor(0.0234, device='cuda:1')
tensor(0.8766, device='cuda:1') tensor(0.1000, device='cuda:1') tensor(0.0234, device='cuda:1')
tensor(0.8687, device='cuda:1') tensor(0.1000, device='cuda:1') tensor(0.0312, device='cuda:1')
tensor(0.7906, device='cuda:1') tensor(0.1000, device='cuda:1') tensor(0.1094, device='cuda:1')
tensor(0.8687, device='cuda:1') tensor(0.1000, device='cuda:1') tensor(0.0312, device='cuda:1')
tensor(0.8141, device='cuda:1') tensor(0.1000, device='cuda:1') tensor(0.0859, device='cuda:1')
tensor(0.7750, device='cuda:1') tensor(0.1000, device='cuda:1') tensor(0.1250, device='cuda:1')
tensor(0.8141, device='cuda:1') tensor(0.1000, device='cuda:1') tensor(0.0859, device='cuda:1')
tensor(0.5719, device='cuda:1') tensor(0.1000, device='cuda:1') tensor(0.3281, device='cuda:1')
tensor(0.8297, device='cuda:1') tensor(0.1000, device='cuda:1') tensor(0.0703, device='cuda:1')
tensor(0.7750, device='cuda:1') tensor(0.1000, device='cuda:1') tensor(0.1250, device='cuda:1')
tensor(0.7203, device='cuda:1') tensor(0.1000, device='cuda:1') tensor(0.1797, device='cuda:1')
tensor(0.7750, device='cuda:1') tensor(0.1000, device='cuda:1') tensor(0.1250, device='cuda:1')
tensor(0.6969, device='cuda:1') tensor(0.1000, device='cuda:1') tensor(0.2031, device='cuda:1')
tensor(0.7203, device='cuda:1') tensor(0.1000, device='cuda:1') tensor(0.1797, device='cuda:1')
tensor(0.7906, device='cuda:1') tensor(0.1000, device='cuda:1') tensor(0.1094, device='cuda:1')
tensor(0.7828, device='cuda:1') tensor(0.1000, device='cuda:1') tensor(0.1172, device='cuda:1')
tensor(0.8531, device='cuda:1') tensor(0.1000, device='cuda:1') tensor(0.0469, device='cuda:1')
tensor(0.7516, device='cuda:1') tensor(0.1000, device='cuda:1') tensor(0.1484, device='cuda:1')
time 2.38
error 43902.09375
12 self_attn.k_proj
Quantizing ...
tensor(0.7125, device='cuda:1') tensor(0.1000, device='cuda:1') tensor(0.1875, device='cuda:1')
tensor(0.8531, device='cuda:1') tensor(0.1000, device='cuda:1') tensor(0.0469, device='cuda:1')
tensor(0.8609, device='cuda:1') tensor(0.1000, device='cuda:1') tensor(0.0391, device='cuda:1')
tensor(0.6109, device='cuda:1') tensor(0.1000, device='cuda:1') tensor(0.2891, device='cuda:1')
tensor(0.5250, device='cuda:1') tensor(0.1000, device='cuda:1') tensor(0.3750, device='cuda:1')
tensor(0.5172, device='cuda:1') tensor(0.1000, device='cuda:1') tensor(0.3828, device='cuda:1')
tensor(0.5172, device='cuda:1') tensor(0.1000, device='cuda:1') tensor(0.3828, device='cuda:1')
tensor(0.5562, device='cuda:1') tensor(0.1000, device='cuda:1') tensor(0.3438, device='cuda:1')
tensor(0.5328, device='cuda:1') tensor(0.1000, device='cuda:1') tensor(0.3672, device='cuda:1')
tensor(0.5484, device='cuda:1') tensor(0.1000, device='cuda:1') tensor(0.3516, device='cuda:1')
tensor(0.8609, device='cuda:1') tensor(0.1000, device='cuda:1') tensor(0.0391, device='cuda:1')
tensor(0.7828, device='cuda:1') tensor(0.1000, device='cuda:1') tensor(0.1172, device='cuda:1')
tensor(0.6891, device='cuda:1') tensor(0.1000, device='cuda:1') tensor(0.2109, device='cuda:1')
tensor(0.8297, device='cuda:1') tensor(0.1000, device='cuda:1') tensor(0.0703, device='cuda:1')
tensor(0.7672, device='cuda:1') tensor(0.1000, device='cuda:1') tensor(0.1328, device='cuda:1')
tensor(0.7594, device='cuda:1') tensor(0.1000, device='cuda:1') tensor(0.1406, device='cuda:1')
tensor(0.7047, device='cuda:1') tensor(0.1000, device='cuda:1') tensor(0.1953, device='cuda:1')
tensor(0.7281, device='cuda:1') tensor(0.1000, device='cuda:1') tensor(0.1719, device='cuda:1')
tensor(0.7672, device='cuda:1') tensor(0.1000, device='cuda:1') tensor(0.1328, device='cuda:1')
tensor(0.8453, device='cuda:1') tensor(0.1000, device='cuda:1') tensor(0.0547, device='cuda:1')
time 1.78
error 11801.017578125
12 self_attn.v_proj
Quantizing ...
tensor(0.7672, device='cuda:1') tensor(0.1000, device='cuda:1') tensor(0.1328, device='cuda:1')
tensor(0.8687, device='cuda:1') tensor(0.1000, device='cuda:1') tensor(0.0312, device='cuda:1')
tensor(0.8687, device='cuda:1') tensor(0.1000, device='cuda:1') tensor(0.0312, device='cuda:1')
tensor(0.8531, device='cuda:1') tensor(0.1000, device='cuda:1') tensor(0.0469, device='cuda:1')
tensor(0.7906, device='cuda:1') tensor(0.1000, device='cuda:1') tensor(0.1094, device='cuda:1')
tensor(0.8453, device='cuda:1') tensor(0.1000, device='cuda:1') tensor(0.0547, device='cuda:1')
tensor(0.6109, device='cuda:1') tensor(0.1000, device='cuda:1') tensor(0.2891, device='cuda:1')
tensor(0.7672, device='cuda:1') tensor(0.1000, device='cuda:1') tensor(0.1328, device='cuda:1')
tensor(0.7906, device='cuda:1') tensor(0.1000, device='cuda:1') tensor(0.1094, device='cuda:1')
tensor(0.7125, device='cuda:1') tensor(0.1000, device='cuda:1') tensor(0.1875, device='cuda:1')
tensor(0.8297, device='cuda:1') tensor(0.1000, device='cuda:1') tensor(0.0703, device='cuda:1')
tensor(0.6266, device='cuda:1') tensor(0.1000, device='cuda:1') tensor(0.2734, device='cuda:1')
tensor(0.5562, device='cuda:1') tensor(0.1000, device='cuda:1') tensor(0.3438, device='cuda:1')
tensor(0.6734, device='cuda:1') tensor(0.1000, device='cuda:1') tensor(0.2266, device='cuda:1')
tensor(0.6109, device='cuda:1') tensor(0.1000, device='cuda:1') tensor(0.2891, device='cuda:1')
tensor(0.7672, device='cuda:1') tensor(0.1000, device='cuda:1') tensor(0.1328, device='cuda:1')
tensor(0.7672, device='cuda:1') tensor(0.1000, device='cuda:1') tensor(0.1328, device='cuda:1')
tensor(0.6578, device='cuda:1') tensor(0.1000, device='cuda:1') tensor(0.2422, device='cuda:1')
tensor(0.7672, device='cuda:1') tensor(0.1000, device='cuda:1') tensor(0.1328, device='cuda:1')
tensor(0.8062, device='cuda:1') tensor(0.1000, device='cuda:1') tensor(0.0938, device='cuda:1')
time 1.68
error 12140.6669921875
12 self_attn.o_proj
Quantizing ...
tensor(0.8609, device='cuda:1') tensor(0.1000, device='cuda:1') tensor(0.0391, device='cuda:1')
tensor(0.8297, device='cuda:1') tensor(0.1000, device='cuda:1') tensor(0.0703, device='cuda:1')
tensor(0.6031, device='cuda:1') tensor(0.1000, device='cuda:1') tensor(0.2969, device='cuda:1')
tensor(0.8609, device='cuda:1') tensor(0.1000, device='cuda:1') tensor(0.0391, device='cuda:1')
tensor(0.8688, device='cuda:1') tensor(0.1000, device='cuda:1') tensor(0.0312, device='cuda:1')
tensor(0.8609, device='cuda:1') tensor(0.1000, device='cuda:1') tensor(0.0391, device='cuda:1')
tensor(0.8219, device='cuda:1') tensor(0.1000, device='cuda:1') tensor(0.0781, device='cuda:1')
tensor(0.8766, device='cuda:1') tensor(0.1000, device='cuda:1') tensor(0.0234, device='cuda:1')
tensor(0.8766, device='cuda:1') tensor(0.1000, device='cuda:1') tensor(0.0234, device='cuda:1')
tensor(0.8688, device='cuda:1') tensor(0.1000, device='cuda:1') tensor(0.0312, device='cuda:1')
tensor(0.8688, device='cuda:1') tensor(0.1000, device='cuda:1') tensor(0.0312, device='cuda:1')
tensor(0.8766, device='cuda:1') tensor(0.1000, device='cuda:1') tensor(0.0234, device='cuda:1')
tensor(0.8531, device='cuda:1') tensor(0.1000, device='cuda:1') tensor(0.0469, device='cuda:1')
tensor(0.8688, device='cuda:1') tensor(0.1000, device='cuda:1') tensor(0.0312, device='cuda:1')
tensor(0.8609, device='cuda:1') tensor(0.1000, device='cuda:1') tensor(0.0391, device='cuda:1')
tensor(0.8688, device='cuda:1') tensor(0.1000, device='cuda:1') tensor(0.0312, device='cuda:1')
tensor(0.6578, device='cuda:1') tensor(0.1000, device='cuda:1') tensor(0.2422, device='cuda:1')
tensor(0.8375, device='cuda:1') tensor(0.1000, device='cuda:1') tensor(0.0625, device='cuda:1')
tensor(0.8297, device='cuda:1') tensor(0.1000, device='cuda:1') tensor(0.0703, device='cuda:1')
tensor(0.8219, device='cuda:1') tensor(0.1000, device='cuda:1') tensor(0.0781, device='cuda:1')
tensor(0.8609, device='cuda:1') tensor(0.1000, device='cuda:1') tensor(0.0391, device='cuda:1')
tensor(0.7906, device='cuda:1') tensor(0.1000, device='cuda:1') tensor(0.1094, device='cuda:1')
tensor(0.8453, device='cuda:1') tensor(0.1000, device='cuda:1') tensor(0.0547, device='cuda:1')
tensor(0.8297, device='cuda:1') tensor(0.1000, device='cuda:1') tensor(0.0703, device='cuda:1')
tensor(0.8375, device='cuda:1') tensor(0.1000, device='cuda:1') tensor(0.0625, device='cuda:1')
tensor(0.8688, device='cuda:1') tensor(0.1000, device='cuda:1') tensor(0.0312, device='cuda:1')
tensor(0.8453, device='cuda:1') tensor(0.1000, device='cuda:1') tensor(0.0547, device='cuda:1')
tensor(0.6422, device='cuda:1') tensor(0.1000, device='cuda:1') tensor(0.2578, device='cuda:1')
tensor(0.7750, device='cuda:1') tensor(0.1000, device='cuda:1') tensor(0.1250, device='cuda:1')
tensor(0.8219, device='cuda:1') tensor(0.1000, device='cuda:1') tensor(0.0781, device='cuda:1')
tensor(0.8688, device='cuda:1') tensor(0.1000, device='cuda:1') tensor(0.0312, device='cuda:1')
tensor(0.8688, device='cuda:1') tensor(0.1000, device='cuda:1') tensor(0.0312, device='cuda:1')
time 3.23
error 10397.705078125
12 mlp.gate_proj
Quantizing ...
tensor(0.8141, device='cuda:1') tensor(0.1000, device='cuda:1') tensor(0.0859, device='cuda:1')
tensor(0.5172, device='cuda:1') tensor(0.1000, device='cuda:1') tensor(0.3828, device='cuda:1')
tensor(0.5172, device='cuda:1') tensor(0.1000, device='cuda:1') tensor(0.3828, device='cuda:1')
tensor(0.8766, device='cuda:1') tensor(0.1000, device='cuda:1') tensor(0.0234, device='cuda:1')
tensor(0.5250, device='cuda:1') tensor(0.1000, device='cuda:1') tensor(0.3750, device='cuda:1')
tensor(0.5953, device='cuda:1') tensor(0.1000, device='cuda:1') tensor(0.3047, device='cuda:1')
tensor(0.5641, device='cuda:1') tensor(0.1000, device='cuda:1') tensor(0.3359, device='cuda:1')
tensor(0.6969, device='cuda:1') tensor(0.1000, device='cuda:1') tensor(0.2031, device='cuda:1')
tensor(0.7672, device='cuda:1') tensor(0.1000, device='cuda:1') tensor(0.1328, device='cuda:1')
tensor(0.8141, device='cuda:1') tensor(0.1000, device='cuda:1') tensor(0.0859, device='cuda:1')
tensor(0.7437, device='cuda:1') tensor(0.1000, device='cuda:1') tensor(0.1562, device='cuda:1')
tensor(0.7594, device='cuda:1') tensor(0.1000, device='cuda:1') tensor(0.1406, device='cuda:1')
tensor(0.7828, device='cuda:1') tensor(0.1000, device='cuda:1') tensor(0.1172, device='cuda:1')
tensor(0.6891, device='cuda:1') tensor(0.1000, device='cuda:1') tensor(0.2109, device='cuda:1')
tensor(0.6812, device='cuda:1') tensor(0.1000, device='cuda:1') tensor(0.2188, device='cuda:1')
tensor(0.6734, device='cuda:1') tensor(0.1000, device='cuda:1') tensor(0.2266, device='cuda:1')
tensor(0.8297, device='cuda:1') tensor(0.1000, device='cuda:1') tensor(0.0703, device='cuda:1')
tensor(0.7281, device='cuda:1') tensor(0.1000, device='cuda:1') tensor(0.1719, device='cuda:1')
tensor(0.5797, device='cuda:1') tensor(0.1000, device='cuda:1') tensor(0.3203, device='cuda:1')
tensor(0.8453, device='cuda:1') tensor(0.1000, device='cuda:1') tensor(0.0547, device='cuda:1')
time 2.58
error 306561.0625
12 mlp.up_proj
Quantizing ...
tensor(0.5250, device='cuda:1') tensor(0.1000, device='cuda:1') tensor(0.3750, device='cuda:1')
tensor(0.8453, device='cuda:1') tensor(0.1000, device='cuda:1') tensor(0.0547, device='cuda:1')
tensor(0.5484, device='cuda:1') tensor(0.1000, device='cuda:1') tensor(0.3516, device='cuda:1')
tensor(0.8766, device='cuda:1') tensor(0.1000, device='cuda:1') tensor(0.0234, device='cuda:1')
tensor(0.7516, device='cuda:1') tensor(0.1000, device='cuda:1') tensor(0.1484, device='cuda:1')
tensor(0.7828, device='cuda:1') tensor(0.1000, device='cuda:1') tensor(0.1172, device='cuda:1')
tensor(0.5406, device='cuda:1') tensor(0.1000, device='cuda:1') tensor(0.3594, device='cuda:1')
tensor(0.8297, device='cuda:1') tensor(0.1000, device='cuda:1') tensor(0.0703, device='cuda:1')
tensor(0.7828, device='cuda:1') tensor(0.1000, device='cuda:1') tensor(0.1172, device='cuda:1')
tensor(0.7437, device='cuda:1') tensor(0.1000, device='cuda:1') tensor(0.1562, device='cuda:1')
tensor(0.7594, device='cuda:1') tensor(0.1000, device='cuda:1') tensor(0.1406, device='cuda:1')
tensor(0.7516, device='cuda:1') tensor(0.1000, device='cuda:1') tensor(0.1484, device='cuda:1')
tensor(0.7359, device='cuda:1') tensor(0.1000, device='cuda:1') tensor(0.1641, device='cuda:1')
tensor(0.7906, device='cuda:1') tensor(0.1000, device='cuda:1') tensor(0.1094, device='cuda:1')
tensor(0.5641, device='cuda:1') tensor(0.1000, device='cuda:1') tensor(0.3359, device='cuda:1')
tensor(0.7437, device='cuda:1') tensor(0.1000, device='cuda:1') tensor(0.1562, device='cuda:1')
tensor(0.6969, device='cuda:1') tensor(0.1000, device='cuda:1') tensor(0.2031, device='cuda:1')
tensor(0.7672, device='cuda:1') tensor(0.1000, device='cuda:1') tensor(0.1328, device='cuda:1')
tensor(0.7516, device='cuda:1') tensor(0.1000, device='cuda:1') tensor(0.1484, device='cuda:1')
tensor(0.8375, device='cuda:1') tensor(0.1000, device='cuda:1') tensor(0.0625, device='cuda:1')
time 2.52
error 276479.21875
12 mlp.down_proj
Quantizing ...
tensor(0.8062, device='cuda:1') tensor(0.1000, device='cuda:1') tensor(0.0938, device='cuda:1')
tensor(0.8688, device='cuda:1') tensor(0.1000, device='cuda:1') tensor(0.0312, device='cuda:1')
tensor(0.7906, device='cuda:1') tensor(0.1000, device='cuda:1') tensor(0.1094, device='cuda:1')
tensor(0.8375, device='cuda:1') tensor(0.1000, device='cuda:1') tensor(0.0625, device='cuda:1')
tensor(0.8063, device='cuda:1') tensor(0.1000, device='cuda:1') tensor(0.0938, device='cuda:1')
tensor(0.8375, device='cuda:1') tensor(0.1000, device='cuda:1') tensor(0.0625, device='cuda:1')
tensor(0.8063, device='cuda:1') tensor(0.1000, device='cuda:1') tensor(0.0938, device='cuda:1')
tensor(0.8531, device='cuda:1') tensor(0.1000, device='cuda:1') tensor(0.0469, device='cuda:1')
tensor(0.8453, device='cuda:1') tensor(0.1000, device='cuda:1') tensor(0.0547, device='cuda:1')
tensor(0.8297, device='cuda:1') tensor(0.1000, device='cuda:1') tensor(0.0703, device='cuda:1')
tensor(0.8375, device='cuda:1') tensor(0.1000, device='cuda:1') tensor(0.0625, device='cuda:1')
tensor(0.8141, device='cuda:1') tensor(0.1000, device='cuda:1') tensor(0.0859, device='cuda:1')
tensor(0.8063, device='cuda:1') tensor(0.1000, device='cuda:1') tensor(0.0938, device='cuda:1')
tensor(0.8609, device='cuda:1') tensor(0.1000, device='cuda:1') tensor(0.0391, device='cuda:1')
tensor(0.7906, device='cuda:1') tensor(0.1000, device='cuda:1') tensor(0.1094, device='cuda:1')
tensor(0.6813, device='cuda:1') tensor(0.1000, device='cuda:1') tensor(0.2188, device='cuda:1')
tensor(0.8219, device='cuda:1') tensor(0.1000, device='cuda:1') tensor(0.0781, device='cuda:1')
tensor(0.8453, device='cuda:1') tensor(0.1000, device='cuda:1') tensor(0.0547, device='cuda:1')
tensor(0.8297, device='cuda:1') tensor(0.1000, device='cuda:1') tensor(0.0703, device='cuda:1')
tensor(0.8688, device='cuda:1') tensor(0.1000, device='cuda:1') tensor(0.0312, device='cuda:1')
tensor(0.8531, device='cuda:1') tensor(0.1000, device='cuda:1') tensor(0.0469, device='cuda:1')
tensor(0.8297, device='cuda:1') tensor(0.1000, device='cuda:1') tensor(0.0703, device='cuda:1')
tensor(0.8453, device='cuda:1') tensor(0.1000, device='cuda:1') tensor(0.0547, device='cuda:1')
tensor(0.8453, device='cuda:1') tensor(0.1000, device='cuda:1') tensor(0.0547, device='cuda:1')
tensor(0.8766, device='cuda:1') tensor(0.1000, device='cuda:1') tensor(0.0234, device='cuda:1')
tensor(0.8063, device='cuda:1') tensor(0.1000, device='cuda:1') tensor(0.0938, device='cuda:1')
tensor(0.8297, device='cuda:1') tensor(0.1000, device='cuda:1') tensor(0.0703, device='cuda:1')
tensor(0.8609, device='cuda:1') tensor(0.1000, device='cuda:1') tensor(0.0391, device='cuda:1')
tensor(0.7672, device='cuda:1') tensor(0.1000, device='cuda:1') tensor(0.1328, device='cuda:1')
tensor(0.8609, device='cuda:1') tensor(0.1000, device='cuda:1') tensor(0.0391, device='cuda:1')
tensor(0.8453, device='cuda:1') tensor(0.1000, device='cuda:1') tensor(0.0547, device='cuda:1')
tensor(0.8219, device='cuda:1') tensor(0.1000, device='cuda:1') tensor(0.0781, device='cuda:1')
tensor(0.8375, device='cuda:1') tensor(0.1000, device='cuda:1') tensor(0.0625, device='cuda:1')
tensor(0.7125, device='cuda:1') tensor(0.1000, device='cuda:1') tensor(0.1875, device='cuda:1')
tensor(0.8141, device='cuda:1') tensor(0.1000, device='cuda:1') tensor(0.0859, device='cuda:1')
tensor(0.8141, device='cuda:1') tensor(0.1000, device='cuda:1') tensor(0.0859, device='cuda:1')
tensor(0.8609, device='cuda:1') tensor(0.1000, device='cuda:1') tensor(0.0391, device='cuda:1')
tensor(0.8375, device='cuda:1') tensor(0.1000, device='cuda:1') tensor(0.0625, device='cuda:1')
tensor(0.8531, device='cuda:1') tensor(0.1000, device='cuda:1') tensor(0.0469, device='cuda:1')
tensor(0.7438, device='cuda:1') tensor(0.1000, device='cuda:1') tensor(0.1562, device='cuda:1')
tensor(0.8609, device='cuda:1') tensor(0.1000, device='cuda:1') tensor(0.0391, device='cuda:1')
tensor(0.7906, device='cuda:1') tensor(0.1000, device='cuda:1') tensor(0.1094, device='cuda:1')
tensor(0.8219, device='cuda:1') tensor(0.1000, device='cuda:1') tensor(0.0781, device='cuda:1')
tensor(0.8531, device='cuda:1') tensor(0.1000, device='cuda:1') tensor(0.0469, device='cuda:1')
tensor(0.8375, device='cuda:1') tensor(0.1000, device='cuda:1') tensor(0.0625, device='cuda:1')
tensor(0.7828, device='cuda:1') tensor(0.1000, device='cuda:1') tensor(0.1172, device='cuda:1')
tensor(0.8453, device='cuda:1') tensor(0.1000, device='cuda:1') tensor(0.0547, device='cuda:1')
tensor(0.8609, device='cuda:1') tensor(0.1000, device='cuda:1') tensor(0.0391, device='cuda:1')
tensor(0.8531, device='cuda:1') tensor(0.1000, device='cuda:1') tensor(0.0469, device='cuda:1')
tensor(0.8453, device='cuda:1') tensor(0.1000, device='cuda:1') tensor(0.0547, device='cuda:1')
tensor(0.7984, device='cuda:1') tensor(0.1000, device='cuda:1') tensor(0.1016, device='cuda:1')
tensor(0.8375, device='cuda:1') tensor(0.1000, device='cuda:1') tensor(0.0625, device='cuda:1')
tensor(0.7359, device='cuda:1') tensor(0.1000, device='cuda:1') tensor(0.1641, device='cuda:1')
tensor(0.8453, device='cuda:1') tensor(0.1000, device='cuda:1') tensor(0.0547, device='cuda:1')
tensor(0.8297, device='cuda:1') tensor(0.1000, device='cuda:1') tensor(0.0703, device='cuda:1')
tensor(0.7828, device='cuda:1') tensor(0.1000, device='cuda:1') tensor(0.1172, device='cuda:1')
tensor(0.7828, device='cuda:1') tensor(0.1000, device='cuda:1') tensor(0.1172, device='cuda:1')
tensor(0.8141, device='cuda:1') tensor(0.1000, device='cuda:1') tensor(0.0859, device='cuda:1')
tensor(0.8531, device='cuda:1') tensor(0.1000, device='cuda:1') tensor(0.0469, device='cuda:1')
tensor(0.8297, device='cuda:1') tensor(0.1000, device='cuda:1') tensor(0.0703, device='cuda:1')
tensor(0.8609, device='cuda:1') tensor(0.1000, device='cuda:1') tensor(0.0391, device='cuda:1')
tensor(0.8453, device='cuda:1') tensor(0.1000, device='cuda:1') tensor(0.0547, device='cuda:1')
tensor(0.8453, device='cuda:1') tensor(0.1000, device='cuda:1') tensor(0.0547, device='cuda:1')
tensor(0.8141, device='cuda:1') tensor(0.1000, device='cuda:1') tensor(0.0859, device='cuda:1')
tensor(0.8297, device='cuda:1') tensor(0.1000, device='cuda:1') tensor(0.0703, device='cuda:1')
tensor(0.8688, device='cuda:1') tensor(0.1000, device='cuda:1') tensor(0.0312, device='cuda:1')
tensor(0.8531, device='cuda:1') tensor(0.1000, device='cuda:1') tensor(0.0469, device='cuda:1')
tensor(0.8609, device='cuda:1') tensor(0.1000, device='cuda:1') tensor(0.0391, device='cuda:1')
tensor(0.8531, device='cuda:1') tensor(0.1000, device='cuda:1') tensor(0.0469, device='cuda:1')
tensor(0.8375, device='cuda:1') tensor(0.1000, device='cuda:1') tensor(0.0625, device='cuda:1')
tensor(0.7984, device='cuda:1') tensor(0.1000, device='cuda:1') tensor(0.1016, device='cuda:1')
tensor(0.8609, device='cuda:1') tensor(0.1000, device='cuda:1') tensor(0.0391, device='cuda:1')
tensor(0.7672, device='cuda:1') tensor(0.1000, device='cuda:1') tensor(0.1328, device='cuda:1')
tensor(0.8141, device='cuda:1') tensor(0.1000, device='cuda:1') tensor(0.0859, device='cuda:1')
tensor(0.8531, device='cuda:1') tensor(0.1000, device='cuda:1') tensor(0.0469, device='cuda:1')
tensor(0.8375, device='cuda:1') tensor(0.1000, device='cuda:1') tensor(0.0625, device='cuda:1')
time 7.17
error 27703.2890625
13 self_attn.q_proj
Quantizing ...
tensor(0.7750, device='cuda:1') tensor(0.1000, device='cuda:1') tensor(0.1250, device='cuda:1')
tensor(0.8766, device='cuda:1') tensor(0.1000, device='cuda:1') tensor(0.0234, device='cuda:1')
tensor(0.8766, device='cuda:1') tensor(0.1000, device='cuda:1') tensor(0.0234, device='cuda:1')
tensor(0.8609, device='cuda:1') tensor(0.1000, device='cuda:1') tensor(0.0391, device='cuda:1')
tensor(0.8297, device='cuda:1') tensor(0.1000, device='cuda:1') tensor(0.0703, device='cuda:1')
tensor(0.8609, device='cuda:1') tensor(0.1000, device='cuda:1') tensor(0.0391, device='cuda:1')
tensor(0.7906, device='cuda:1') tensor(0.1000, device='cuda:1') tensor(0.1094, device='cuda:1')
tensor(0.7906, device='cuda:1') tensor(0.1000, device='cuda:1') tensor(0.1094, device='cuda:1')
tensor(0.8062, device='cuda:1') tensor(0.1000, device='cuda:1') tensor(0.0938, device='cuda:1')
tensor(0.6891, device='cuda:1') tensor(0.1000, device='cuda:1') tensor(0.2109, device='cuda:1')
tensor(0.7516, device='cuda:1') tensor(0.1000, device='cuda:1') tensor(0.1484, device='cuda:1')
tensor(0.7984, device='cuda:1') tensor(0.1000, device='cuda:1') tensor(0.1016, device='cuda:1')
tensor(0.7516, device='cuda:1') tensor(0.1000, device='cuda:1') tensor(0.1484, device='cuda:1')
tensor(0.7594, device='cuda:1') tensor(0.1000, device='cuda:1') tensor(0.1406, device='cuda:1')
tensor(0.7047, device='cuda:1') tensor(0.1000, device='cuda:1') tensor(0.1953, device='cuda:1')
tensor(0.7984, device='cuda:1') tensor(0.1000, device='cuda:1') tensor(0.1016, device='cuda:1')
tensor(0.7672, device='cuda:1') tensor(0.1000, device='cuda:1') tensor(0.1328, device='cuda:1')
tensor(0.7516, device='cuda:1') tensor(0.1000, device='cuda:1') tensor(0.1484, device='cuda:1')
tensor(0.7125, device='cuda:1') tensor(0.1000, device='cuda:1') tensor(0.1875, device='cuda:1')
tensor(0.8297, device='cuda:1') tensor(0.1000, device='cuda:1') tensor(0.0703, device='cuda:1')
time 2.12
error 32534.1171875
13 self_attn.k_proj
Quantizing ...
tensor(0.7281, device='cuda:1') tensor(0.1000, device='cuda:1') tensor(0.1719, device='cuda:1')
tensor(0.8609, device='cuda:1') tensor(0.1000, device='cuda:1') tensor(0.0391, device='cuda:1')
tensor(0.8609, device='cuda:1') tensor(0.1000, device='cuda:1') tensor(0.0391, device='cuda:1')
tensor(0.8766, device='cuda:1') tensor(0.1000, device='cuda:1') tensor(0.0234, device='cuda:1')
tensor(0.8766, device='cuda:1') tensor(0.1000, device='cuda:1') tensor(0.0234, device='cuda:1')
tensor(0.8297, device='cuda:1') tensor(0.1000, device='cuda:1') tensor(0.0703, device='cuda:1')
tensor(0.5250, device='cuda:1') tensor(0.1000, device='cuda:1') tensor(0.3750, device='cuda:1')
tensor(0.6734, device='cuda:1') tensor(0.1000, device='cuda:1') tensor(0.2266, device='cuda:1')
tensor(0.6656, device='cuda:1') tensor(0.1000, device='cuda:1') tensor(0.2344, device='cuda:1')
tensor(0.7125, device='cuda:1') tensor(0.1000, device='cuda:1') tensor(0.1875, device='cuda:1')
tensor(0.7594, device='cuda:1') tensor(0.1000, device='cuda:1') tensor(0.1406, device='cuda:1')
tensor(0.7047, device='cuda:1') tensor(0.1000, device='cuda:1') tensor(0.1953, device='cuda:1')
tensor(0.5875, device='cuda:1') tensor(0.1000, device='cuda:1') tensor(0.3125, device='cuda:1')
tensor(0.6422, device='cuda:1') tensor(0.1000, device='cuda:1') tensor(0.2578, device='cuda:1')
tensor(0.6969, device='cuda:1') tensor(0.1000, device='cuda:1') tensor(0.2031, device='cuda:1')
tensor(0.8375, device='cuda:1') tensor(0.1000, device='cuda:1') tensor(0.0625, device='cuda:1')
tensor(0.7203, device='cuda:1') tensor(0.1000, device='cuda:1') tensor(0.1797, device='cuda:1')
tensor(0.8453, device='cuda:1') tensor(0.1000, device='cuda:1') tensor(0.0547, device='cuda:1')
tensor(0.6344, device='cuda:1') tensor(0.1000, device='cuda:1') tensor(0.2656, device='cuda:1')
tensor(0.8141, device='cuda:1') tensor(0.1000, device='cuda:1') tensor(0.0859, device='cuda:1')
time 1.78
error 8389.12890625
13 self_attn.v_proj
Quantizing ...
tensor(0.6343, device='cuda:1') tensor(0.1000, device='cuda:1') tensor(0.2656, device='cuda:1')
tensor(0.8687, device='cuda:1') tensor(0.1000, device='cuda:1') tensor(0.0312, device='cuda:1')
tensor(0.7672, device='cuda:1') tensor(0.1000, device='cuda:1') tensor(0.1328, device='cuda:1')
tensor(0.7828, device='cuda:1') tensor(0.1000, device='cuda:1') tensor(0.1172, device='cuda:1')
tensor(0.7984, device='cuda:1') tensor(0.1000, device='cuda:1') tensor(0.1016, device='cuda:1')
tensor(0.8297, device='cuda:1') tensor(0.1000, device='cuda:1') tensor(0.0703, device='cuda:1')
tensor(0.6812, device='cuda:1') tensor(0.1000, device='cuda:1') tensor(0.2188, device='cuda:1')
tensor(0.6891, device='cuda:1') tensor(0.1000, device='cuda:1') tensor(0.2109, device='cuda:1')
tensor(0.8219, device='cuda:1') tensor(0.1000, device='cuda:1') tensor(0.0781, device='cuda:1')
tensor(0.6187, device='cuda:1') tensor(0.1000, device='cuda:1') tensor(0.2812, device='cuda:1')
tensor(0.7750, device='cuda:1') tensor(0.1000, device='cuda:1') tensor(0.1250, device='cuda:1')
tensor(0.6109, device='cuda:1') tensor(0.1000, device='cuda:1') tensor(0.2891, device='cuda:1')
tensor(0.7125, device='cuda:1') tensor(0.1000, device='cuda:1') tensor(0.1875, device='cuda:1')
tensor(0.7047, device='cuda:1') tensor(0.1000, device='cuda:1') tensor(0.1953, device='cuda:1')
tensor(0.6500, device='cuda:1') tensor(0.1000, device='cuda:1') tensor(0.2500, device='cuda:1')
tensor(0.7594, device='cuda:1') tensor(0.1000, device='cuda:1') tensor(0.1406, device='cuda:1')
tensor(0.8141, device='cuda:1') tensor(0.1000, device='cuda:1') tensor(0.0859, device='cuda:1')
tensor(0.6969, device='cuda:1') tensor(0.1000, device='cuda:1') tensor(0.2031, device='cuda:1')
tensor(0.6109, device='cuda:1') tensor(0.1000, device='cuda:1') tensor(0.2891, device='cuda:1')
tensor(0.7984, device='cuda:1') tensor(0.1000, device='cuda:1') tensor(0.1016, device='cuda:1')
time 1.80
error 8489.1083984375
13 self_attn.o_proj
Quantizing ...
tensor(0.8687, device='cuda:1') tensor(0.1000, device='cuda:1') tensor(0.0312, device='cuda:1')
tensor(0.8688, device='cuda:1') tensor(0.1000, device='cuda:1') tensor(0.0312, device='cuda:1')
tensor(0.8688, device='cuda:1') tensor(0.1000, device='cuda:1') tensor(0.0312, device='cuda:1')
tensor(0.8453, device='cuda:1') tensor(0.1000, device='cuda:1') tensor(0.0547, device='cuda:1')
tensor(0.8688, device='cuda:1') tensor(0.1000, device='cuda:1') tensor(0.0312, device='cuda:1')
tensor(0.8688, device='cuda:1') tensor(0.1000, device='cuda:1') tensor(0.0312, device='cuda:1')
tensor(0.8766, device='cuda:1') tensor(0.1000, device='cuda:1') tensor(0.0234, device='cuda:1')
tensor(0.8609, device='cuda:1') tensor(0.1000, device='cuda:1') tensor(0.0391, device='cuda:1')
tensor(0.8688, device='cuda:1') tensor(0.1000, device='cuda:1') tensor(0.0312, device='cuda:1')
tensor(0.8766, device='cuda:1') tensor(0.1000, device='cuda:1') tensor(0.0234, device='cuda:1')
tensor(0.8766, device='cuda:1') tensor(0.1000, device='cuda:1') tensor(0.0234, device='cuda:1')
tensor(0.8688, device='cuda:1') tensor(0.1000, device='cuda:1') tensor(0.0312, device='cuda:1')
tensor(0.8688, device='cuda:1') tensor(0.1000, device='cuda:1') tensor(0.0312, device='cuda:1')
tensor(0.8531, device='cuda:1') tensor(0.1000, device='cuda:1') tensor(0.0469, device='cuda:1')
tensor(0.8063, device='cuda:1') tensor(0.1000, device='cuda:1') tensor(0.0938, device='cuda:1')
tensor(0.7359, device='cuda:1') tensor(0.1000, device='cuda:1') tensor(0.1641, device='cuda:1')
tensor(0.8609, device='cuda:1') tensor(0.1000, device='cuda:1') tensor(0.0391, device='cuda:1')
tensor(0.8609, device='cuda:1') tensor(0.1000, device='cuda:1') tensor(0.0391, device='cuda:1')
tensor(0.8609, device='cuda:1') tensor(0.1000, device='cuda:1') tensor(0.0391, device='cuda:1')
tensor(0.8609, device='cuda:1') tensor(0.1000, device='cuda:1') tensor(0.0391, device='cuda:1')
tensor(0.8453, device='cuda:1') tensor(0.1000, device='cuda:1') tensor(0.0547, device='cuda:1')
tensor(0.8375, device='cuda:1') tensor(0.1000, device='cuda:1') tensor(0.0625, device='cuda:1')
tensor(0.8531, device='cuda:1') tensor(0.1000, device='cuda:1') tensor(0.0469, device='cuda:1')
tensor(0.8297, device='cuda:1') tensor(0.1000, device='cuda:1') tensor(0.0703, device='cuda:1')
tensor(0.8219, device='cuda:1') tensor(0.1000, device='cuda:1') tensor(0.0781, device='cuda:1')
tensor(0.7594, device='cuda:1') tensor(0.1000, device='cuda:1') tensor(0.1406, device='cuda:1')
tensor(0.8688, device='cuda:1') tensor(0.1000, device='cuda:1') tensor(0.0312, device='cuda:1')
tensor(0.8844, device='cuda:1') tensor(0.1000, device='cuda:1') tensor(0.0156, device='cuda:1')
tensor(0.8609, device='cuda:1') tensor(0.1000, device='cuda:1') tensor(0.0391, device='cuda:1')
tensor(0.8531, device='cuda:1') tensor(0.1000, device='cuda:1') tensor(0.0469, device='cuda:1')
tensor(0.8375, device='cuda:1') tensor(0.1000, device='cuda:1') tensor(0.0625, device='cuda:1')
tensor(0.8375, device='cuda:1') tensor(0.1000, device='cuda:1') tensor(0.0625, device='cuda:1')
time 3.03
error 6867.6640625
13 mlp.gate_proj
Quantizing ...
tensor(0.8219, device='cuda:1') tensor(0.1000, device='cuda:1') tensor(0.0781, device='cuda:1')
tensor(0.8531, device='cuda:1') tensor(0.1000, device='cuda:1') tensor(0.0469, device='cuda:1')
tensor(0.5172, device='cuda:1') tensor(0.1000, device='cuda:1') tensor(0.3828, device='cuda:1')
tensor(0.8687, device='cuda:1') tensor(0.1000, device='cuda:1') tensor(0.0312, device='cuda:1')
tensor(0.5172, device='cuda:1') tensor(0.1000, device='cuda:1') tensor(0.3828, device='cuda:1')
tensor(0.5328, device='cuda:1') tensor(0.1000, device='cuda:1') tensor(0.3672, device='cuda:1')
tensor(0.6031, device='cuda:1') tensor(0.1000, device='cuda:1') tensor(0.2969, device='cuda:1')
tensor(0.6422, device='cuda:1') tensor(0.1000, device='cuda:1') tensor(0.2578, device='cuda:1')
tensor(0.7516, device='cuda:1') tensor(0.1000, device='cuda:1') tensor(0.1484, device='cuda:1')
tensor(0.6109, device='cuda:1') tensor(0.1000, device='cuda:1') tensor(0.2891, device='cuda:1')
tensor(0.8062, device='cuda:1') tensor(0.1000, device='cuda:1') tensor(0.0938, device='cuda:1')
tensor(0.7125, device='cuda:1') tensor(0.1000, device='cuda:1') tensor(0.1875, device='cuda:1')
tensor(0.6812, device='cuda:1') tensor(0.1000, device='cuda:1') tensor(0.2188, device='cuda:1')
tensor(0.5797, device='cuda:1') tensor(0.1000, device='cuda:1') tensor(0.3203, device='cuda:1')
tensor(0.7047, device='cuda:1') tensor(0.1000, device='cuda:1') tensor(0.1953, device='cuda:1')
tensor(0.6734, device='cuda:1') tensor(0.1000, device='cuda:1') tensor(0.2266, device='cuda:1')
tensor(0.7906, device='cuda:1') tensor(0.1000, device='cuda:1') tensor(0.1094, device='cuda:1')
tensor(0.7281, device='cuda:1') tensor(0.1000, device='cuda:1') tensor(0.1719, device='cuda:1')
tensor(0.7594, device='cuda:1') tensor(0.1000, device='cuda:1') tensor(0.1406, device='cuda:1')
tensor(0.8219, device='cuda:1') tensor(0.1000, device='cuda:1') tensor(0.0781, device='cuda:1')
time 2.47
error 282067.5625
13 mlp.up_proj
Quantizing ...
tensor(0.6031, device='cuda:1') tensor(0.1000, device='cuda:1') tensor(0.2969, device='cuda:1')
tensor(0.8687, device='cuda:1') tensor(0.1000, device='cuda:1') tensor(0.0312, device='cuda:1')
tensor(0.8687, device='cuda:1') tensor(0.1000, device='cuda:1') tensor(0.0312, device='cuda:1')
tensor(0.8766, device='cuda:1') tensor(0.1000, device='cuda:1') tensor(0.0234, device='cuda:1')
tensor(0.8141, device='cuda:1') tensor(0.1000, device='cuda:1') tensor(0.0859, device='cuda:1')
tensor(0.8141, device='cuda:1') tensor(0.1000, device='cuda:1') tensor(0.0859, device='cuda:1')
tensor(0.7125, device='cuda:1') tensor(0.1000, device='cuda:1') tensor(0.1875, device='cuda:1')
tensor(0.8141, device='cuda:1') tensor(0.1000, device='cuda:1') tensor(0.0859, device='cuda:1')
tensor(0.7828, device='cuda:1') tensor(0.1000, device='cuda:1') tensor(0.1172, device='cuda:1')
tensor(0.6969, device='cuda:1') tensor(0.1000, device='cuda:1') tensor(0.2031, device='cuda:1')
tensor(0.7594, device='cuda:1') tensor(0.1000, device='cuda:1') tensor(0.1406, device='cuda:1')
tensor(0.5328, device='cuda:1') tensor(0.1000, device='cuda:1') tensor(0.3672, device='cuda:1')
tensor(0.5875, device='cuda:1') tensor(0.1000, device='cuda:1') tensor(0.3125, device='cuda:1')
tensor(0.6266, device='cuda:1') tensor(0.1000, device='cuda:1') tensor(0.2734, device='cuda:1')
tensor(0.5797, device='cuda:1') tensor(0.1000, device='cuda:1') tensor(0.3203, device='cuda:1')
tensor(0.6656, device='cuda:1') tensor(0.1000, device='cuda:1') tensor(0.2344, device='cuda:1')
tensor(0.6656, device='cuda:1') tensor(0.1000, device='cuda:1') tensor(0.2344, device='cuda:1')
tensor(0.5797, device='cuda:1') tensor(0.1000, device='cuda:1') tensor(0.3203, device='cuda:1')
tensor(0.7516, device='cuda:1') tensor(0.1000, device='cuda:1') tensor(0.1484, device='cuda:1')
tensor(0.8297, device='cuda:1') tensor(0.1000, device='cuda:1') tensor(0.0703, device='cuda:1')
time 2.48
error 273545.09375
13 mlp.down_proj
Quantizing ...
tensor(0.8687, device='cuda:1') tensor(0.1000, device='cuda:1') tensor(0.0312, device='cuda:1')
tensor(0.8609, device='cuda:1') tensor(0.1000, device='cuda:1') tensor(0.0391, device='cuda:1')
tensor(0.8766, device='cuda:1') tensor(0.1000, device='cuda:1') tensor(0.0234, device='cuda:1')
tensor(0.7984, device='cuda:1') tensor(0.1000, device='cuda:1') tensor(0.1016, device='cuda:1')
tensor(0.8375, device='cuda:1') tensor(0.1000, device='cuda:1') tensor(0.0625, device='cuda:1')
tensor(0.8688, device='cuda:1') tensor(0.1000, device='cuda:1') tensor(0.0312, device='cuda:1')
tensor(0.7281, device='cuda:1') tensor(0.1000, device='cuda:1') tensor(0.1719, device='cuda:1')
tensor(0.7594, device='cuda:1') tensor(0.1000, device='cuda:1') tensor(0.1406, device='cuda:1')
tensor(0.8453, device='cuda:1') tensor(0.1000, device='cuda:1') tensor(0.0547, device='cuda:1')
tensor(0.8531, device='cuda:1') tensor(0.1000, device='cuda:1') tensor(0.0469, device='cuda:1')
tensor(0.8375, device='cuda:1') tensor(0.1000, device='cuda:1') tensor(0.0625, device='cuda:1')
tensor(0.8688, device='cuda:1') tensor(0.1000, device='cuda:1') tensor(0.0312, device='cuda:1')
tensor(0.8375, device='cuda:1') tensor(0.1000, device='cuda:1') tensor(0.0625, device='cuda:1')
tensor(0.8688, device='cuda:1') tensor(0.1000, device='cuda:1') tensor(0.0312, device='cuda:1')
tensor(0.8688, device='cuda:1') tensor(0.1000, device='cuda:1') tensor(0.0312, device='cuda:1')
tensor(0.8141, device='cuda:1') tensor(0.1000, device='cuda:1') tensor(0.0859, device='cuda:1')
tensor(0.8375, device='cuda:1') tensor(0.1000, device='cuda:1') tensor(0.0625, device='cuda:1')
tensor(0.7984, device='cuda:1') tensor(0.1000, device='cuda:1') tensor(0.1016, device='cuda:1')
tensor(0.7906, device='cuda:1') tensor(0.1000, device='cuda:1') tensor(0.1094, device='cuda:1')
tensor(0.8609, device='cuda:1') tensor(0.1000, device='cuda:1') tensor(0.0391, device='cuda:1')
tensor(0.8531, device='cuda:1') tensor(0.1000, device='cuda:1') tensor(0.0469, device='cuda:1')
tensor(0.8297, device='cuda:1') tensor(0.1000, device='cuda:1') tensor(0.0703, device='cuda:1')
tensor(0.8063, device='cuda:1') tensor(0.1000, device='cuda:1') tensor(0.0938, device='cuda:1')
tensor(0.8063, device='cuda:1') tensor(0.1000, device='cuda:1') tensor(0.0938, device='cuda:1')
tensor(0.8531, device='cuda:1') tensor(0.1000, device='cuda:1') tensor(0.0469, device='cuda:1')
tensor(0.8063, device='cuda:1') tensor(0.1000, device='cuda:1') tensor(0.0938, device='cuda:1')
tensor(0.8375, device='cuda:1') tensor(0.1000, device='cuda:1') tensor(0.0625, device='cuda:1')
tensor(0.8375, device='cuda:1') tensor(0.1000, device='cuda:1') tensor(0.0625, device='cuda:1')
tensor(0.8609, device='cuda:1') tensor(0.1000, device='cuda:1') tensor(0.0391, device='cuda:1')
tensor(0.8688, device='cuda:1') tensor(0.1000, device='cuda:1') tensor(0.0312, device='cuda:1')
tensor(0.8688, device='cuda:1') tensor(0.1000, device='cuda:1') tensor(0.0312, device='cuda:1')
tensor(0.8453, device='cuda:1') tensor(0.1000, device='cuda:1') tensor(0.0547, device='cuda:1')
tensor(0.8688, device='cuda:1') tensor(0.1000, device='cuda:1') tensor(0.0312, device='cuda:1')
tensor(0.8375, device='cuda:1') tensor(0.1000, device='cuda:1') tensor(0.0625, device='cuda:1')
tensor(0.8141, device='cuda:1') tensor(0.1000, device='cuda:1') tensor(0.0859, device='cuda:1')
tensor(0.7281, device='cuda:1') tensor(0.1000, device='cuda:1') tensor(0.1719, device='cuda:1')
tensor(0.8531, device='cuda:1') tensor(0.1000, device='cuda:1') tensor(0.0469, device='cuda:1')
tensor(0.8531, device='cuda:1') tensor(0.1000, device='cuda:1') tensor(0.0469, device='cuda:1')
tensor(0.8297, device='cuda:1') tensor(0.1000, device='cuda:1') tensor(0.0703, device='cuda:1')
tensor(0.8531, device='cuda:1') tensor(0.1000, device='cuda:1') tensor(0.0469, device='cuda:1')
tensor(0.7750, device='cuda:1') tensor(0.1000, device='cuda:1') tensor(0.1250, device='cuda:1')
tensor(0.8141, device='cuda:1') tensor(0.1000, device='cuda:1') tensor(0.0859, device='cuda:1')
tensor(0.8453, device='cuda:1') tensor(0.1000, device='cuda:1') tensor(0.0547, device='cuda:1')
tensor(0.8688, device='cuda:1') tensor(0.1000, device='cuda:1') tensor(0.0312, device='cuda:1')
tensor(0.8531, device='cuda:1') tensor(0.1000, device='cuda:1') tensor(0.0469, device='cuda:1')
tensor(0.8531, device='cuda:1') tensor(0.1000, device='cuda:1') tensor(0.0469, device='cuda:1')
tensor(0.8141, device='cuda:1') tensor(0.1000, device='cuda:1') tensor(0.0859, device='cuda:1')
tensor(0.8141, device='cuda:1') tensor(0.1000, device='cuda:1') tensor(0.0859, device='cuda:1')
tensor(0.7516, device='cuda:1') tensor(0.1000, device='cuda:1') tensor(0.1484, device='cuda:1')
tensor(0.8375, device='cuda:1') tensor(0.1000, device='cuda:1') tensor(0.0625, device='cuda:1')
tensor(0.8453, device='cuda:1') tensor(0.1000, device='cuda:1') tensor(0.0547, device='cuda:1')
tensor(0.8141, device='cuda:1') tensor(0.1000, device='cuda:1') tensor(0.0859, device='cuda:1')
tensor(0.8609, device='cuda:1') tensor(0.1000, device='cuda:1') tensor(0.0391, device='cuda:1')
tensor(0.8375, device='cuda:1') tensor(0.1000, device='cuda:1') tensor(0.0625, device='cuda:1')
tensor(0.8453, device='cuda:1') tensor(0.1000, device='cuda:1') tensor(0.0547, device='cuda:1')
tensor(0.8531, device='cuda:1') tensor(0.1000, device='cuda:1') tensor(0.0469, device='cuda:1')
tensor(0.7984, device='cuda:1') tensor(0.1000, device='cuda:1') tensor(0.1016, device='cuda:1')
tensor(0.8688, device='cuda:1') tensor(0.1000, device='cuda:1') tensor(0.0312, device='cuda:1')
tensor(0.8375, device='cuda:1') tensor(0.1000, device='cuda:1') tensor(0.0625, device='cuda:1')
tensor(0.8531, device='cuda:1') tensor(0.1000, device='cuda:1') tensor(0.0469, device='cuda:1')
tensor(0.8375, device='cuda:1') tensor(0.1000, device='cuda:1') tensor(0.0625, device='cuda:1')
tensor(0.8531, device='cuda:1') tensor(0.1000, device='cuda:1') tensor(0.0469, device='cuda:1')
tensor(0.7984, device='cuda:1') tensor(0.1000, device='cuda:1') tensor(0.1016, device='cuda:1')
tensor(0.8688, device='cuda:1') tensor(0.1000, device='cuda:1') tensor(0.0312, device='cuda:1')
tensor(0.7906, device='cuda:1') tensor(0.1000, device='cuda:1') tensor(0.1094, device='cuda:1')
tensor(0.8531, device='cuda:1') tensor(0.1000, device='cuda:1') tensor(0.0469, device='cuda:1')
tensor(0.8609, device='cuda:1') tensor(0.1000, device='cuda:1') tensor(0.0391, device='cuda:1')
tensor(0.8609, device='cuda:1') tensor(0.1000, device='cuda:1') tensor(0.0391, device='cuda:1')
tensor(0.8766, device='cuda:1') tensor(0.1000, device='cuda:1') tensor(0.0234, device='cuda:1')
tensor(0.7906, device='cuda:1') tensor(0.1000, device='cuda:1') tensor(0.1094, device='cuda:1')
tensor(0.8609, device='cuda:1') tensor(0.1000, device='cuda:1') tensor(0.0391, device='cuda:1')
tensor(0.8609, device='cuda:1') tensor(0.1000, device='cuda:1') tensor(0.0391, device='cuda:1')
tensor(0.8688, device='cuda:1') tensor(0.1000, device='cuda:1') tensor(0.0312, device='cuda:1')
tensor(0.7828, device='cuda:1') tensor(0.1000, device='cuda:1') tensor(0.1172, device='cuda:1')
tensor(0.8531, device='cuda:1') tensor(0.1000, device='cuda:1') tensor(0.0469, device='cuda:1')
tensor(0.8453, device='cuda:1') tensor(0.1000, device='cuda:1') tensor(0.0547, device='cuda:1')
time 7.45
error 31639.4140625
14 self_attn.q_proj
Quantizing ...
tensor(0.8375, device='cuda:1') tensor(0.1000, device='cuda:1') tensor(0.0625, device='cuda:1')
tensor(0.8766, device='cuda:1') tensor(0.1000, device='cuda:1') tensor(0.0234, device='cuda:1')
tensor(0.8766, device='cuda:1') tensor(0.1000, device='cuda:1') tensor(0.0234, device='cuda:1')
tensor(0.8687, device='cuda:1') tensor(0.1000, device='cuda:1') tensor(0.0312, device='cuda:1')
tensor(0.8375, device='cuda:1') tensor(0.1000, device='cuda:1') tensor(0.0625, device='cuda:1')
tensor(0.8531, device='cuda:1') tensor(0.1000, device='cuda:1') tensor(0.0469, device='cuda:1')
tensor(0.7359, device='cuda:1') tensor(0.1000, device='cuda:1') tensor(0.1641, device='cuda:1')
tensor(0.7984, device='cuda:1') tensor(0.1000, device='cuda:1') tensor(0.1016, device='cuda:1')
tensor(0.7984, device='cuda:1') tensor(0.1000, device='cuda:1') tensor(0.1016, device='cuda:1')
tensor(0.5562, device='cuda:1') tensor(0.1000, device='cuda:1') tensor(0.3438, device='cuda:1')
tensor(0.6187, device='cuda:1') tensor(0.1000, device='cuda:1') tensor(0.2812, device='cuda:1')
tensor(0.7906, device='cuda:1') tensor(0.1000, device='cuda:1') tensor(0.1094, device='cuda:1')
tensor(0.5328, device='cuda:1') tensor(0.1000, device='cuda:1') tensor(0.3672, device='cuda:1')
tensor(0.6187, device='cuda:1') tensor(0.1000, device='cuda:1') tensor(0.2812, device='cuda:1')
tensor(0.5797, device='cuda:1') tensor(0.1000, device='cuda:1') tensor(0.3203, device='cuda:1')
tensor(0.6812, device='cuda:1') tensor(0.1000, device='cuda:1') tensor(0.2188, device='cuda:1')
tensor(0.7437, device='cuda:1') tensor(0.1000, device='cuda:1') tensor(0.1562, device='cuda:1')
tensor(0.6969, device='cuda:1') tensor(0.1000, device='cuda:1') tensor(0.2031, device='cuda:1')
tensor(0.6422, device='cuda:1') tensor(0.1000, device='cuda:1') tensor(0.2578, device='cuda:1')
tensor(0.6422, device='cuda:1') tensor(0.1000, device='cuda:1') tensor(0.2578, device='cuda:1')
time 2.29
error 57240.0859375
14 self_attn.k_proj
Quantizing ...
tensor(0.7906, device='cuda:1') tensor(0.1000, device='cuda:1') tensor(0.1094, device='cuda:1')
tensor(0.8375, device='cuda:1') tensor(0.1000, device='cuda:1') tensor(0.0625, device='cuda:1')
tensor(0.7516, device='cuda:1') tensor(0.1000, device='cuda:1') tensor(0.1484, device='cuda:1')
tensor(0.8687, device='cuda:1') tensor(0.1000, device='cuda:1') tensor(0.0312, device='cuda:1')
tensor(0.7437, device='cuda:1') tensor(0.1000, device='cuda:1') tensor(0.1562, device='cuda:1')
tensor(0.7750, device='cuda:1') tensor(0.1000, device='cuda:1') tensor(0.1250, device='cuda:1')
tensor(0.6422, device='cuda:1') tensor(0.1000, device='cuda:1') tensor(0.2578, device='cuda:1')
tensor(0.7750, device='cuda:1') tensor(0.1000, device='cuda:1') tensor(0.1250, device='cuda:1')
tensor(0.7203, device='cuda:1') tensor(0.1000, device='cuda:1') tensor(0.1797, device='cuda:1')
tensor(0.5172, device='cuda:1') tensor(0.1000, device='cuda:1') tensor(0.3828, device='cuda:1')
tensor(0.5797, device='cuda:1') tensor(0.1000, device='cuda:1') tensor(0.3203, device='cuda:1')
tensor(0.6656, device='cuda:1') tensor(0.1000, device='cuda:1') tensor(0.2344, device='cuda:1')
tensor(0.5172, device='cuda:1') tensor(0.1000, device='cuda:1') tensor(0.3828, device='cuda:1')
tensor(0.6578, device='cuda:1') tensor(0.1000, device='cuda:1') tensor(0.2422, device='cuda:1')
tensor(0.6812, device='cuda:1') tensor(0.1000, device='cuda:1') tensor(0.2188, device='cuda:1')
tensor(0.7828, device='cuda:1') tensor(0.1000, device='cuda:1') tensor(0.1172, device='cuda:1')
tensor(0.7594, device='cuda:1') tensor(0.1000, device='cuda:1') tensor(0.1406, device='cuda:1')
tensor(0.7359, device='cuda:1') tensor(0.1000, device='cuda:1') tensor(0.1641, device='cuda:1')
tensor(0.6656, device='cuda:1') tensor(0.1000, device='cuda:1') tensor(0.2344, device='cuda:1')
tensor(0.8609, device='cuda:1') tensor(0.1000, device='cuda:1') tensor(0.0391, device='cuda:1')
time 1.72
error 14472.4384765625
14 self_attn.v_proj
Quantizing ...
tensor(0.6812, device='cuda:1') tensor(0.1000, device='cuda:1') tensor(0.2188, device='cuda:1')
tensor(0.8609, device='cuda:1') tensor(0.1000, device='cuda:1') tensor(0.0391, device='cuda:1')
tensor(0.8297, device='cuda:1') tensor(0.1000, device='cuda:1') tensor(0.0703, device='cuda:1')
tensor(0.8687, device='cuda:1') tensor(0.1000, device='cuda:1') tensor(0.0312, device='cuda:1')
tensor(0.8453, device='cuda:1') tensor(0.1000, device='cuda:1') tensor(0.0547, device='cuda:1')
tensor(0.8609, device='cuda:1') tensor(0.1000, device='cuda:1') tensor(0.0391, device='cuda:1')
tensor(0.7906, device='cuda:1') tensor(0.1000, device='cuda:1') tensor(0.1094, device='cuda:1')
tensor(0.7672, device='cuda:1') tensor(0.1000, device='cuda:1') tensor(0.1328, device='cuda:1')
tensor(0.6812, device='cuda:1') tensor(0.1000, device='cuda:1') tensor(0.2188, device='cuda:1')
tensor(0.5406, device='cuda:1') tensor(0.1000, device='cuda:1') tensor(0.3594, device='cuda:1')
tensor(0.5484, device='cuda:1') tensor(0.1000, device='cuda:1') tensor(0.3516, device='cuda:1')
tensor(0.5719, device='cuda:1') tensor(0.1000, device='cuda:1') tensor(0.3281, device='cuda:1')
tensor(0.5328, device='cuda:1') tensor(0.1000, device='cuda:1') tensor(0.3672, device='cuda:1')
tensor(0.5641, device='cuda:1') tensor(0.1000, device='cuda:1') tensor(0.3359, device='cuda:1')
tensor(0.5562, device='cuda:1') tensor(0.1000, device='cuda:1') tensor(0.3438, device='cuda:1')
tensor(0.6344, device='cuda:1') tensor(0.1000, device='cuda:1') tensor(0.2656, device='cuda:1')
tensor(0.5562, device='cuda:1') tensor(0.1000, device='cuda:1') tensor(0.3438, device='cuda:1')
tensor(0.6969, device='cuda:1') tensor(0.1000, device='cuda:1') tensor(0.2031, device='cuda:1')
tensor(0.5406, device='cuda:1') tensor(0.1000, device='cuda:1') tensor(0.3594, device='cuda:1')
tensor(0.8531, device='cuda:1') tensor(0.1000, device='cuda:1') tensor(0.0469, device='cuda:1')
time 1.74
error 15552.41796875
14 self_attn.o_proj
Quantizing ...
tensor(0.8688, device='cuda:1') tensor(0.1000, device='cuda:1') tensor(0.0312, device='cuda:1')
tensor(0.8609, device='cuda:1') tensor(0.1000, device='cuda:1') tensor(0.0391, device='cuda:1')
tensor(0.8688, device='cuda:1') tensor(0.1000, device='cuda:1') tensor(0.0312, device='cuda:1')
tensor(0.8766, device='cuda:1') tensor(0.1000, device='cuda:1') tensor(0.0234, device='cuda:1')
tensor(0.8609, device='cuda:1') tensor(0.1000, device='cuda:1') tensor(0.0391, device='cuda:1')
tensor(0.8688, device='cuda:1') tensor(0.1000, device='cuda:1') tensor(0.0312, device='cuda:1')
tensor(0.8219, device='cuda:1') tensor(0.1000, device='cuda:1') tensor(0.0781, device='cuda:1')
tensor(0.8688, device='cuda:1') tensor(0.1000, device='cuda:1') tensor(0.0312, device='cuda:1')
tensor(0.7828, device='cuda:1') tensor(0.1000, device='cuda:1') tensor(0.1172, device='cuda:1')
tensor(0.8531, device='cuda:1') tensor(0.1000, device='cuda:1') tensor(0.0469, device='cuda:1')
tensor(0.8375, device='cuda:1') tensor(0.1000, device='cuda:1') tensor(0.0625, device='cuda:1')
tensor(0.7906, device='cuda:1') tensor(0.1000, device='cuda:1') tensor(0.1094, device='cuda:1')
tensor(0.8688, device='cuda:1') tensor(0.1000, device='cuda:1') tensor(0.0312, device='cuda:1')
tensor(0.8688, device='cuda:1') tensor(0.1000, device='cuda:1') tensor(0.0312, device='cuda:1')
tensor(0.8609, device='cuda:1') tensor(0.1000, device='cuda:1') tensor(0.0391, device='cuda:1')
tensor(0.8766, device='cuda:1') tensor(0.1000, device='cuda:1') tensor(0.0234, device='cuda:1')
tensor(0.8609, device='cuda:1') tensor(0.1000, device='cuda:1') tensor(0.0391, device='cuda:1')
tensor(0.8531, device='cuda:1') tensor(0.1000, device='cuda:1') tensor(0.0469, device='cuda:1')
tensor(0.7125, device='cuda:1') tensor(0.1000, device='cuda:1') tensor(0.1875, device='cuda:1')
tensor(0.8688, device='cuda:1') tensor(0.1000, device='cuda:1') tensor(0.0312, device='cuda:1')
tensor(0.8688, device='cuda:1') tensor(0.1000, device='cuda:1') tensor(0.0312, device='cuda:1')
tensor(0.8609, device='cuda:1') tensor(0.1000, device='cuda:1') tensor(0.0391, device='cuda:1')
tensor(0.8531, device='cuda:1') tensor(0.1000, device='cuda:1') tensor(0.0469, device='cuda:1')
tensor(0.8609, device='cuda:1') tensor(0.1000, device='cuda:1') tensor(0.0391, device='cuda:1')
tensor(0.8766, device='cuda:1') tensor(0.1000, device='cuda:1') tensor(0.0234, device='cuda:1')
tensor(0.8766, device='cuda:1') tensor(0.1000, device='cuda:1') tensor(0.0234, device='cuda:1')
tensor(0.8766, device='cuda:1') tensor(0.1000, device='cuda:1') tensor(0.0234, device='cuda:1')
tensor(0.8766, device='cuda:1') tensor(0.1000, device='cuda:1') tensor(0.0234, device='cuda:1')
tensor(0.8531, device='cuda:1') tensor(0.1000, device='cuda:1') tensor(0.0469, device='cuda:1')
tensor(0.8297, device='cuda:1') tensor(0.1000, device='cuda:1') tensor(0.0703, device='cuda:1')
tensor(0.7984, device='cuda:1') tensor(0.1000, device='cuda:1') tensor(0.1016, device='cuda:1')
tensor(0.8531, device='cuda:1') tensor(0.1000, device='cuda:1') tensor(0.0469, device='cuda:1')
time 2.88
error 12542.8671875
14 mlp.gate_proj
Quantizing ...
tensor(0.8375, device='cuda:1') tensor(0.1000, device='cuda:1') tensor(0.0625, device='cuda:1')
tensor(0.7437, device='cuda:1') tensor(0.1000, device='cuda:1') tensor(0.1562, device='cuda:1')
tensor(0.5328, device='cuda:1') tensor(0.1000, device='cuda:1') tensor(0.3672, device='cuda:1')
tensor(0.8766, device='cuda:1') tensor(0.1000, device='cuda:1') tensor(0.0234, device='cuda:1')
tensor(0.6969, device='cuda:1') tensor(0.1000, device='cuda:1') tensor(0.2031, device='cuda:1')
tensor(0.7359, device='cuda:1') tensor(0.1000, device='cuda:1') tensor(0.1641, device='cuda:1')
tensor(0.5875, device='cuda:1') tensor(0.1000, device='cuda:1') tensor(0.3125, device='cuda:1')
tensor(0.8219, device='cuda:1') tensor(0.1000, device='cuda:1') tensor(0.0781, device='cuda:1')
tensor(0.8062, device='cuda:1') tensor(0.1000, device='cuda:1') tensor(0.0938, device='cuda:1')
tensor(0.7750, device='cuda:1') tensor(0.1000, device='cuda:1') tensor(0.1250, device='cuda:1')
tensor(0.7359, device='cuda:1') tensor(0.1000, device='cuda:1') tensor(0.1641, device='cuda:1')
tensor(0.6891, device='cuda:1') tensor(0.1000, device='cuda:1') tensor(0.2109, device='cuda:1')
tensor(0.6734, device='cuda:1') tensor(0.1000, device='cuda:1') tensor(0.2266, device='cuda:1')
tensor(0.7203, device='cuda:1') tensor(0.1000, device='cuda:1') tensor(0.1797, device='cuda:1')
tensor(0.6422, device='cuda:1') tensor(0.1000, device='cuda:1') tensor(0.2578, device='cuda:1')
tensor(0.6891, device='cuda:1') tensor(0.1000, device='cuda:1') tensor(0.2109, device='cuda:1')
tensor(0.7281, device='cuda:1') tensor(0.1000, device='cuda:1') tensor(0.1719, device='cuda:1')
tensor(0.6578, device='cuda:1') tensor(0.1000, device='cuda:1') tensor(0.2422, device='cuda:1')
tensor(0.7125, device='cuda:1') tensor(0.1000, device='cuda:1') tensor(0.1875, device='cuda:1')
tensor(0.8453, device='cuda:1') tensor(0.1000, device='cuda:1') tensor(0.0547, device='cuda:1')
time 2.41
error 304895.28125
14 mlp.up_proj
Quantizing ...
tensor(0.5172, device='cuda:1') tensor(0.1000, device='cuda:1') tensor(0.3828, device='cuda:1')
tensor(0.8297, device='cuda:1') tensor(0.1000, device='cuda:1') tensor(0.0703, device='cuda:1')
tensor(0.6734, device='cuda:1') tensor(0.1000, device='cuda:1') tensor(0.2266, device='cuda:1')
tensor(0.8766, device='cuda:1') tensor(0.1000, device='cuda:1') tensor(0.0234, device='cuda:1')
tensor(0.7594, device='cuda:1') tensor(0.1000, device='cuda:1') tensor(0.1406, device='cuda:1')
tensor(0.7750, device='cuda:1') tensor(0.1000, device='cuda:1') tensor(0.1250, device='cuda:1')
tensor(0.7906, device='cuda:1') tensor(0.1000, device='cuda:1') tensor(0.1094, device='cuda:1')
tensor(0.8219, device='cuda:1') tensor(0.1000, device='cuda:1') tensor(0.0781, device='cuda:1')
tensor(0.8062, device='cuda:1') tensor(0.1000, device='cuda:1') tensor(0.0938, device='cuda:1')
tensor(0.6344, device='cuda:1') tensor(0.1000, device='cuda:1') tensor(0.2656, device='cuda:1')
tensor(0.6969, device='cuda:1') tensor(0.1000, device='cuda:1') tensor(0.2031, device='cuda:1')
tensor(0.5250, device='cuda:1') tensor(0.1000, device='cuda:1') tensor(0.3750, device='cuda:1')
tensor(0.7437, device='cuda:1') tensor(0.1000, device='cuda:1') tensor(0.1562, device='cuda:1')
tensor(0.6422, device='cuda:1') tensor(0.1000, device='cuda:1') tensor(0.2578, device='cuda:1')
tensor(0.5328, device='cuda:1') tensor(0.1000, device='cuda:1') tensor(0.3672, device='cuda:1')
tensor(0.6266, device='cuda:1') tensor(0.1000, device='cuda:1') tensor(0.2734, device='cuda:1')
tensor(0.6031, device='cuda:1') tensor(0.1000, device='cuda:1') tensor(0.2969, device='cuda:1')
tensor(0.5172, device='cuda:1') tensor(0.1000, device='cuda:1') tensor(0.3828, device='cuda:1')
tensor(0.6344, device='cuda:1') tensor(0.1000, device='cuda:1') tensor(0.2656, device='cuda:1')
tensor(0.8297, device='cuda:1') tensor(0.1000, device='cuda:1') tensor(0.0703, device='cuda:1')
time 2.54
error 287698.1875
14 mlp.down_proj
Quantizing ...
tensor(0.8297, device='cuda:1') tensor(0.1000, device='cuda:1') tensor(0.0703, device='cuda:1')
tensor(0.8766, device='cuda:1') tensor(0.1000, device='cuda:1') tensor(0.0234, device='cuda:1')
tensor(0.8531, device='cuda:1') tensor(0.1000, device='cuda:1') tensor(0.0469, device='cuda:1')
tensor(0.8609, device='cuda:1') tensor(0.1000, device='cuda:1') tensor(0.0391, device='cuda:1')
tensor(0.8766, device='cuda:1') tensor(0.1000, device='cuda:1') tensor(0.0234, device='cuda:1')
tensor(0.6266, device='cuda:1') tensor(0.1000, device='cuda:1') tensor(0.2734, device='cuda:1')
tensor(0.8609, device='cuda:1') tensor(0.1000, device='cuda:1') tensor(0.0391, device='cuda:1')
tensor(0.8609, device='cuda:1') tensor(0.1000, device='cuda:1') tensor(0.0391, device='cuda:1')
tensor(0.8375, device='cuda:1') tensor(0.1000, device='cuda:1') tensor(0.0625, device='cuda:1')
tensor(0.7906, device='cuda:1') tensor(0.1000, device='cuda:1') tensor(0.1094, device='cuda:1')
tensor(0.8375, device='cuda:1') tensor(0.1000, device='cuda:1') tensor(0.0625, device='cuda:1')
tensor(0.8688, device='cuda:1') tensor(0.1000, device='cuda:1') tensor(0.0312, device='cuda:1')
tensor(0.7828, device='cuda:1') tensor(0.1000, device='cuda:1') tensor(0.1172, device='cuda:1')
tensor(0.7984, device='cuda:1') tensor(0.1000, device='cuda:1') tensor(0.1016, device='cuda:1')
tensor(0.7984, device='cuda:1') tensor(0.1000, device='cuda:1') tensor(0.1016, device='cuda:1')
tensor(0.8453, device='cuda:1') tensor(0.1000, device='cuda:1') tensor(0.0547, device='cuda:1')
tensor(0.8688, device='cuda:1') tensor(0.1000, device='cuda:1') tensor(0.0312, device='cuda:1')
tensor(0.8531, device='cuda:1') tensor(0.1000, device='cuda:1') tensor(0.0469, device='cuda:1')
tensor(0.8531, device='cuda:1') tensor(0.1000, device='cuda:1') tensor(0.0469, device='cuda:1')
tensor(0.8453, device='cuda:1') tensor(0.1000, device='cuda:1') tensor(0.0547, device='cuda:1')
tensor(0.8453, device='cuda:1') tensor(0.1000, device='cuda:1') tensor(0.0547, device='cuda:1')
tensor(0.8688, device='cuda:1') tensor(0.1000, device='cuda:1') tensor(0.0312, device='cuda:1')
tensor(0.8297, device='cuda:1') tensor(0.1000, device='cuda:1') tensor(0.0703, device='cuda:1')
tensor(0.8375, device='cuda:1') tensor(0.1000, device='cuda:1') tensor(0.0625, device='cuda:1')
tensor(0.8453, device='cuda:1') tensor(0.1000, device='cuda:1') tensor(0.0547, device='cuda:1')
tensor(0.8531, device='cuda:1') tensor(0.1000, device='cuda:1') tensor(0.0469, device='cuda:1')
tensor(0.7906, device='cuda:1') tensor(0.1000, device='cuda:1') tensor(0.1094, device='cuda:1')
tensor(0.8531, device='cuda:1') tensor(0.1000, device='cuda:1') tensor(0.0469, device='cuda:1')
tensor(0.8688, device='cuda:1') tensor(0.1000, device='cuda:1') tensor(0.0312, device='cuda:1')
tensor(0.8531, device='cuda:1') tensor(0.1000, device='cuda:1') tensor(0.0469, device='cuda:1')
tensor(0.8453, device='cuda:1') tensor(0.1000, device='cuda:1') tensor(0.0547, device='cuda:1')
tensor(0.8609, device='cuda:1') tensor(0.1000, device='cuda:1') tensor(0.0391, device='cuda:1')
tensor(0.8453, device='cuda:1') tensor(0.1000, device='cuda:1') tensor(0.0547, device='cuda:1')
tensor(0.8219, device='cuda:1') tensor(0.1000, device='cuda:1') tensor(0.0781, device='cuda:1')
tensor(0.8531, device='cuda:1') tensor(0.1000, device='cuda:1') tensor(0.0469, device='cuda:1')
tensor(0.8141, device='cuda:1') tensor(0.1000, device='cuda:1') tensor(0.0859, device='cuda:1')
tensor(0.7594, device='cuda:1') tensor(0.1000, device='cuda:1') tensor(0.1406, device='cuda:1')
tensor(0.7750, device='cuda:1') tensor(0.1000, device='cuda:1') tensor(0.1250, device='cuda:1')
tensor(0.8453, device='cuda:1') tensor(0.1000, device='cuda:1') tensor(0.0547, device='cuda:1')
tensor(0.8375, device='cuda:1') tensor(0.1000, device='cuda:1') tensor(0.0625, device='cuda:1')
tensor(0.8453, device='cuda:1') tensor(0.1000, device='cuda:1') tensor(0.0547, device='cuda:1')
tensor(0.8219, device='cuda:1') tensor(0.1000, device='cuda:1') tensor(0.0781, device='cuda:1')
tensor(0.7516, device='cuda:1') tensor(0.1000, device='cuda:1') tensor(0.1484, device='cuda:1')
tensor(0.8688, device='cuda:1') tensor(0.1000, device='cuda:1') tensor(0.0312, device='cuda:1')
tensor(0.8297, device='cuda:1') tensor(0.1000, device='cuda:1') tensor(0.0703, device='cuda:1')
tensor(0.8453, device='cuda:1') tensor(0.1000, device='cuda:1') tensor(0.0547, device='cuda:1')
tensor(0.8609, device='cuda:1') tensor(0.1000, device='cuda:1') tensor(0.0391, device='cuda:1')
tensor(0.7984, device='cuda:1') tensor(0.1000, device='cuda:1') tensor(0.1016, device='cuda:1')
tensor(0.8297, device='cuda:1') tensor(0.1000, device='cuda:1') tensor(0.0703, device='cuda:1')
tensor(0.8453, device='cuda:1') tensor(0.1000, device='cuda:1') tensor(0.0547, device='cuda:1')
tensor(0.8609, device='cuda:1') tensor(0.1000, device='cuda:1') tensor(0.0391, device='cuda:1')
tensor(0.8453, device='cuda:1') tensor(0.1000, device='cuda:1') tensor(0.0547, device='cuda:1')
tensor(0.8375, device='cuda:1') tensor(0.1000, device='cuda:1') tensor(0.0625, device='cuda:1')
tensor(0.7906, device='cuda:1') tensor(0.1000, device='cuda:1') tensor(0.1094, device='cuda:1')
tensor(0.8531, device='cuda:1') tensor(0.1000, device='cuda:1') tensor(0.0469, device='cuda:1')
tensor(0.8375, device='cuda:1') tensor(0.1000, device='cuda:1') tensor(0.0625, device='cuda:1')
tensor(0.8453, device='cuda:1') tensor(0.1000, device='cuda:1') tensor(0.0547, device='cuda:1')
tensor(0.8297, device='cuda:1') tensor(0.1000, device='cuda:1') tensor(0.0703, device='cuda:1')
tensor(0.8531, device='cuda:1') tensor(0.1000, device='cuda:1') tensor(0.0469, device='cuda:1')
tensor(0.8375, device='cuda:1') tensor(0.1000, device='cuda:1') tensor(0.0625, device='cuda:1')
tensor(0.8531, device='cuda:1') tensor(0.1000, device='cuda:1') tensor(0.0469, device='cuda:1')
tensor(0.8297, device='cuda:1') tensor(0.1000, device='cuda:1') tensor(0.0703, device='cuda:1')
tensor(0.8531, device='cuda:1') tensor(0.1000, device='cuda:1') tensor(0.0469, device='cuda:1')
tensor(0.8375, device='cuda:1') tensor(0.1000, device='cuda:1') tensor(0.0625, device='cuda:1')
tensor(0.8063, device='cuda:1') tensor(0.1000, device='cuda:1') tensor(0.0938, device='cuda:1')
tensor(0.7672, device='cuda:1') tensor(0.1000, device='cuda:1') tensor(0.1328, device='cuda:1')
tensor(0.7750, device='cuda:1') tensor(0.1000, device='cuda:1') tensor(0.1250, device='cuda:1')
tensor(0.7750, device='cuda:1') tensor(0.1000, device='cuda:1') tensor(0.1250, device='cuda:1')
tensor(0.8141, device='cuda:1') tensor(0.1000, device='cuda:1') tensor(0.0859, device='cuda:1')
tensor(0.8453, device='cuda:1') tensor(0.1000, device='cuda:1') tensor(0.0547, device='cuda:1')
tensor(0.8219, device='cuda:1') tensor(0.1000, device='cuda:1') tensor(0.0781, device='cuda:1')
tensor(0.8297, device='cuda:1') tensor(0.1000, device='cuda:1') tensor(0.0703, device='cuda:1')
tensor(0.8766, device='cuda:1') tensor(0.1000, device='cuda:1') tensor(0.0234, device='cuda:1')
tensor(0.8297, device='cuda:1') tensor(0.1000, device='cuda:1') tensor(0.0703, device='cuda:1')
tensor(0.7594, device='cuda:1') tensor(0.1000, device='cuda:1') tensor(0.1406, device='cuda:1')
tensor(0.8219, device='cuda:1') tensor(0.1000, device='cuda:1') tensor(0.0781, device='cuda:1')
time 7.29
error 30970.4296875
15 self_attn.q_proj
Quantizing ...
tensor(0.7750, device='cuda:1') tensor(0.1000, device='cuda:1') tensor(0.1250, device='cuda:1')
tensor(0.8609, device='cuda:1') tensor(0.1000, device='cuda:1') tensor(0.0391, device='cuda:1')
tensor(0.8687, device='cuda:1') tensor(0.1000, device='cuda:1') tensor(0.0312, device='cuda:1')
tensor(0.8609, device='cuda:1') tensor(0.1000, device='cuda:1') tensor(0.0391, device='cuda:1')
tensor(0.8453, device='cuda:1') tensor(0.1000, device='cuda:1') tensor(0.0547, device='cuda:1')
tensor(0.8609, device='cuda:1') tensor(0.1000, device='cuda:1') tensor(0.0391, device='cuda:1')
tensor(0.8141, device='cuda:1') tensor(0.1000, device='cuda:1') tensor(0.0859, device='cuda:1')
tensor(0.7672, device='cuda:1') tensor(0.1000, device='cuda:1') tensor(0.1328, device='cuda:1')
tensor(0.7984, device='cuda:1') tensor(0.1000, device='cuda:1') tensor(0.1016, device='cuda:1')
tensor(0.8297, device='cuda:1') tensor(0.1000, device='cuda:1') tensor(0.0703, device='cuda:1')
tensor(0.7047, device='cuda:1') tensor(0.1000, device='cuda:1') tensor(0.1953, device='cuda:1')
tensor(0.5562, device='cuda:1') tensor(0.1000, device='cuda:1') tensor(0.3438, device='cuda:1')
tensor(0.6109, device='cuda:1') tensor(0.1000, device='cuda:1') tensor(0.2891, device='cuda:1')
tensor(0.7125, device='cuda:1') tensor(0.1000, device='cuda:1') tensor(0.1875, device='cuda:1')
tensor(0.5172, device='cuda:1') tensor(0.1000, device='cuda:1') tensor(0.3828, device='cuda:1')
tensor(0.7281, device='cuda:1') tensor(0.1000, device='cuda:1') tensor(0.1719, device='cuda:1')
tensor(0.5797, device='cuda:1') tensor(0.1000, device='cuda:1') tensor(0.3203, device='cuda:1')
tensor(0.5875, device='cuda:1') tensor(0.1000, device='cuda:1') tensor(0.3125, device='cuda:1')
tensor(0.5797, device='cuda:1') tensor(0.1000, device='cuda:1') tensor(0.3203, device='cuda:1')
tensor(0.5641, device='cuda:1') tensor(0.1000, device='cuda:1') tensor(0.3359, device='cuda:1')
time 2.18
error 60380.21484375
15 self_attn.k_proj
Quantizing ...
tensor(0.7437, device='cuda:1') tensor(0.1000, device='cuda:1') tensor(0.1562, device='cuda:1')
tensor(0.8375, device='cuda:1') tensor(0.1000, device='cuda:1') tensor(0.0625, device='cuda:1')
tensor(0.8297, device='cuda:1') tensor(0.1000, device='cuda:1') tensor(0.0703, device='cuda:1')
tensor(0.8375, device='cuda:1') tensor(0.1000, device='cuda:1') tensor(0.0625, device='cuda:1')
tensor(0.7750, device='cuda:1') tensor(0.1000, device='cuda:1') tensor(0.1250, device='cuda:1')
tensor(0.7906, device='cuda:1') tensor(0.1000, device='cuda:1') tensor(0.1094, device='cuda:1')
tensor(0.5875, device='cuda:1') tensor(0.1000, device='cuda:1') tensor(0.3125, device='cuda:1')
tensor(0.6344, device='cuda:1') tensor(0.1000, device='cuda:1') tensor(0.2656, device='cuda:1')
tensor(0.7437, device='cuda:1') tensor(0.1000, device='cuda:1') tensor(0.1562, device='cuda:1')
tensor(0.5250, device='cuda:1') tensor(0.1000, device='cuda:1') tensor(0.3750, device='cuda:1')
tensor(0.7203, device='cuda:1') tensor(0.1000, device='cuda:1') tensor(0.1797, device='cuda:1')
tensor(0.5641, device='cuda:1') tensor(0.1000, device='cuda:1') tensor(0.3359, device='cuda:1')
tensor(0.5172, device='cuda:1') tensor(0.1000, device='cuda:1') tensor(0.3828, device='cuda:1')
tensor(0.6344, device='cuda:1') tensor(0.1000, device='cuda:1') tensor(0.2656, device='cuda:1')
tensor(0.7437, device='cuda:1') tensor(0.1000, device='cuda:1') tensor(0.1562, device='cuda:1')
tensor(0.7828, device='cuda:1') tensor(0.1000, device='cuda:1') tensor(0.1172, device='cuda:1')
tensor(0.5953, device='cuda:1') tensor(0.1000, device='cuda:1') tensor(0.3047, device='cuda:1')
tensor(0.5484, device='cuda:1') tensor(0.1000, device='cuda:1') tensor(0.3516, device='cuda:1')
tensor(0.7281, device='cuda:1') tensor(0.1000, device='cuda:1') tensor(0.1719, device='cuda:1')
tensor(0.6500, device='cuda:1') tensor(0.1000, device='cuda:1') tensor(0.2500, device='cuda:1')
time 1.75
error 14802.25390625
15 self_attn.v_proj
Quantizing ...
tensor(0.7437, device='cuda:1') tensor(0.1000, device='cuda:1') tensor(0.1562, device='cuda:1')
tensor(0.8297, device='cuda:1') tensor(0.1000, device='cuda:1') tensor(0.0703, device='cuda:1')
tensor(0.7906, device='cuda:1') tensor(0.1000, device='cuda:1') tensor(0.1094, device='cuda:1')
tensor(0.8531, device='cuda:1') tensor(0.1000, device='cuda:1') tensor(0.0469, device='cuda:1')
tensor(0.8453, device='cuda:1') tensor(0.1000, device='cuda:1') tensor(0.0547, device='cuda:1')
tensor(0.8375, device='cuda:1') tensor(0.1000, device='cuda:1') tensor(0.0625, device='cuda:1')
tensor(0.8141, device='cuda:1') tensor(0.1000, device='cuda:1') tensor(0.0859, device='cuda:1')
tensor(0.7359, device='cuda:1') tensor(0.1000, device='cuda:1') tensor(0.1641, device='cuda:1')
tensor(0.6891, device='cuda:1') tensor(0.1000, device='cuda:1') tensor(0.2109, device='cuda:1')
tensor(0.5641, device='cuda:1') tensor(0.1000, device='cuda:1') tensor(0.3359, device='cuda:1')
tensor(0.5406, device='cuda:1') tensor(0.1000, device='cuda:1') tensor(0.3594, device='cuda:1')
tensor(0.5250, device='cuda:1') tensor(0.1000, device='cuda:1') tensor(0.3750, device='cuda:1')
tensor(0.5719, device='cuda:1') tensor(0.1000, device='cuda:1') tensor(0.3281, device='cuda:1')
tensor(0.5250, device='cuda:1') tensor(0.1000, device='cuda:1') tensor(0.3750, device='cuda:1')
tensor(0.5250, device='cuda:1') tensor(0.1000, device='cuda:1') tensor(0.3750, device='cuda:1')
tensor(0.6422, device='cuda:1') tensor(0.1000, device='cuda:1') tensor(0.2578, device='cuda:1')
tensor(0.5875, device='cuda:1') tensor(0.1000, device='cuda:1') tensor(0.3125, device='cuda:1')
tensor(0.5328, device='cuda:1') tensor(0.1000, device='cuda:1') tensor(0.3672, device='cuda:1')
tensor(0.5484, device='cuda:1') tensor(0.1000, device='cuda:1') tensor(0.3516, device='cuda:1')
tensor(0.7281, device='cuda:1') tensor(0.1000, device='cuda:1') tensor(0.1719, device='cuda:1')
time 1.74
error 15421.138671875
15 self_attn.o_proj
Quantizing ...
tensor(0.8531, device='cuda:1') tensor(0.1000, device='cuda:1') tensor(0.0469, device='cuda:1')
tensor(0.8453, device='cuda:1') tensor(0.1000, device='cuda:1') tensor(0.0547, device='cuda:1')
tensor(0.8531, device='cuda:1') tensor(0.1000, device='cuda:1') tensor(0.0469, device='cuda:1')
tensor(0.8609, device='cuda:1') tensor(0.1000, device='cuda:1') tensor(0.0391, device='cuda:1')
tensor(0.8219, device='cuda:1') tensor(0.1000, device='cuda:1') tensor(0.0781, device='cuda:1')
tensor(0.8453, device='cuda:1') tensor(0.1000, device='cuda:1') tensor(0.0547, device='cuda:1')
tensor(0.7438, device='cuda:1') tensor(0.1000, device='cuda:1') tensor(0.1562, device='cuda:1')
tensor(0.8609, device='cuda:1') tensor(0.1000, device='cuda:1') tensor(0.0391, device='cuda:1')
tensor(0.7438, device='cuda:1') tensor(0.1000, device='cuda:1') tensor(0.1562, device='cuda:1')
tensor(0.8609, device='cuda:1') tensor(0.1000, device='cuda:1') tensor(0.0391, device='cuda:1')
tensor(0.6734, device='cuda:1') tensor(0.1000, device='cuda:1') tensor(0.2266, device='cuda:1')
tensor(0.8453, device='cuda:1') tensor(0.1000, device='cuda:1') tensor(0.0547, device='cuda:1')
tensor(0.8531, device='cuda:1') tensor(0.1000, device='cuda:1') tensor(0.0469, device='cuda:1')
tensor(0.8766, device='cuda:1') tensor(0.1000, device='cuda:1') tensor(0.0234, device='cuda:1')
tensor(0.8766, device='cuda:1') tensor(0.1000, device='cuda:1') tensor(0.0234, device='cuda:1')
tensor(0.8375, device='cuda:1') tensor(0.1000, device='cuda:1') tensor(0.0625, device='cuda:1')
tensor(0.8531, device='cuda:1') tensor(0.1000, device='cuda:1') tensor(0.0469, device='cuda:1')
tensor(0.8375, device='cuda:1') tensor(0.1000, device='cuda:1') tensor(0.0625, device='cuda:1')
tensor(0.8766, device='cuda:1') tensor(0.1000, device='cuda:1') tensor(0.0234, device='cuda:1')
tensor(0.8609, device='cuda:1') tensor(0.1000, device='cuda:1') tensor(0.0391, device='cuda:1')
tensor(0.8453, device='cuda:1') tensor(0.1000, device='cuda:1') tensor(0.0547, device='cuda:1')
tensor(0.7359, device='cuda:1') tensor(0.1000, device='cuda:1') tensor(0.1641, device='cuda:1')
tensor(0.8531, device='cuda:1') tensor(0.1000, device='cuda:1') tensor(0.0469, device='cuda:1')
tensor(0.8531, device='cuda:1') tensor(0.1000, device='cuda:1') tensor(0.0469, device='cuda:1')
tensor(0.8297, device='cuda:1') tensor(0.1000, device='cuda:1') tensor(0.0703, device='cuda:1')
tensor(0.7047, device='cuda:1') tensor(0.1000, device='cuda:1') tensor(0.1953, device='cuda:1')
tensor(0.8688, device='cuda:1') tensor(0.1000, device='cuda:1') tensor(0.0312, device='cuda:1')
tensor(0.5563, device='cuda:1') tensor(0.1000, device='cuda:1') tensor(0.3438, device='cuda:1')
tensor(0.8453, device='cuda:1') tensor(0.1000, device='cuda:1') tensor(0.0547, device='cuda:1')
tensor(0.8766, device='cuda:1') tensor(0.1000, device='cuda:1') tensor(0.0234, device='cuda:1')
tensor(0.8375, device='cuda:1') tensor(0.1000, device='cuda:1') tensor(0.0625, device='cuda:1')
tensor(0.8531, device='cuda:1') tensor(0.1000, device='cuda:1') tensor(0.0469, device='cuda:1')
time 3.02
error 12934.333984375
15 mlp.gate_proj
Quantizing ...
tensor(0.8453, device='cuda:1') tensor(0.1000, device='cuda:1') tensor(0.0547, device='cuda:1')
tensor(0.5406, device='cuda:1') tensor(0.1000, device='cuda:1') tensor(0.3594, device='cuda:1')
tensor(0.6187, device='cuda:1') tensor(0.1000, device='cuda:1') tensor(0.2812, device='cuda:1')
tensor(0.8766, device='cuda:1') tensor(0.1000, device='cuda:1') tensor(0.0234, device='cuda:1')
tensor(0.7281, device='cuda:1') tensor(0.1000, device='cuda:1') tensor(0.1719, device='cuda:1')
tensor(0.8141, device='cuda:1') tensor(0.1000, device='cuda:1') tensor(0.0859, device='cuda:1')
tensor(0.7047, device='cuda:1') tensor(0.1000, device='cuda:1') tensor(0.1953, device='cuda:1')
tensor(0.7984, device='cuda:1') tensor(0.1000, device='cuda:1') tensor(0.1016, device='cuda:1')
tensor(0.8062, device='cuda:1') tensor(0.1000, device='cuda:1') tensor(0.0938, device='cuda:1')
tensor(0.6500, device='cuda:1') tensor(0.1000, device='cuda:1') tensor(0.2500, device='cuda:1')
tensor(0.6734, device='cuda:1') tensor(0.1000, device='cuda:1') tensor(0.2266, device='cuda:1')
tensor(0.5641, device='cuda:1') tensor(0.1000, device='cuda:1') tensor(0.3359, device='cuda:1')
tensor(0.6734, device='cuda:1') tensor(0.1000, device='cuda:1') tensor(0.2266, device='cuda:1')
tensor(0.6578, device='cuda:1') tensor(0.1000, device='cuda:1') tensor(0.2422, device='cuda:1')
tensor(0.5875, device='cuda:1') tensor(0.1000, device='cuda:1') tensor(0.3125, device='cuda:1')
tensor(0.6266, device='cuda:1') tensor(0.1000, device='cuda:1') tensor(0.2734, device='cuda:1')
tensor(0.5797, device='cuda:1') tensor(0.1000, device='cuda:1') tensor(0.3203, device='cuda:1')
tensor(0.7281, device='cuda:1') tensor(0.1000, device='cuda:1') tensor(0.1719, device='cuda:1')
tensor(0.7203, device='cuda:1') tensor(0.1000, device='cuda:1') tensor(0.1797, device='cuda:1')
tensor(0.7984, device='cuda:1') tensor(0.1000, device='cuda:1') tensor(0.1016, device='cuda:1')
time 2.38
error 297901.65625
15 mlp.up_proj
Quantizing ...
tensor(0.5562, device='cuda:1') tensor(0.1000, device='cuda:1') tensor(0.3438, device='cuda:1')
tensor(0.8687, device='cuda:1') tensor(0.1000, device='cuda:1') tensor(0.0312, device='cuda:1')
tensor(0.6812, device='cuda:1') tensor(0.1000, device='cuda:1') tensor(0.2188, device='cuda:1')
tensor(0.8766, device='cuda:1') tensor(0.1000, device='cuda:1') tensor(0.0234, device='cuda:1')
tensor(0.7594, device='cuda:1') tensor(0.1000, device='cuda:1') tensor(0.1406, device='cuda:1')
tensor(0.7047, device='cuda:1') tensor(0.1000, device='cuda:1') tensor(0.1953, device='cuda:1')
tensor(0.7516, device='cuda:1') tensor(0.1000, device='cuda:1') tensor(0.1484, device='cuda:1')
tensor(0.7984, device='cuda:1') tensor(0.1000, device='cuda:1') tensor(0.1016, device='cuda:1')
tensor(0.7984, device='cuda:1') tensor(0.1000, device='cuda:1') tensor(0.1016, device='cuda:1')
tensor(0.6578, device='cuda:1') tensor(0.1000, device='cuda:1') tensor(0.2422, device='cuda:1')
tensor(0.6109, device='cuda:1') tensor(0.1000, device='cuda:1') tensor(0.2891, device='cuda:1')
tensor(0.6187, device='cuda:1') tensor(0.1000, device='cuda:1') tensor(0.2812, device='cuda:1')
tensor(0.6812, device='cuda:1') tensor(0.1000, device='cuda:1') tensor(0.2188, device='cuda:1')
tensor(0.6266, device='cuda:1') tensor(0.1000, device='cuda:1') tensor(0.2734, device='cuda:1')
tensor(0.5250, device='cuda:1') tensor(0.1000, device='cuda:1') tensor(0.3750, device='cuda:1')
tensor(0.5562, device='cuda:1') tensor(0.1000, device='cuda:1') tensor(0.3438, device='cuda:1')
tensor(0.5719, device='cuda:1') tensor(0.1000, device='cuda:1') tensor(0.3281, device='cuda:1')
tensor(0.5797, device='cuda:1') tensor(0.1000, device='cuda:1') tensor(0.3203, device='cuda:1')
tensor(0.6578, device='cuda:1') tensor(0.1000, device='cuda:1') tensor(0.2422, device='cuda:1')
tensor(0.8375, device='cuda:1') tensor(0.1000, device='cuda:1') tensor(0.0625, device='cuda:1')
time 2.33
error 299029.5
15 mlp.down_proj
Quantizing ...
tensor(0.8844, device='cuda:1') tensor(0.1000, device='cuda:1') tensor(0.0156, device='cuda:1')
tensor(0.8453, device='cuda:1') tensor(0.1000, device='cuda:1') tensor(0.0547, device='cuda:1')
tensor(0.7750, device='cuda:1') tensor(0.1000, device='cuda:1') tensor(0.1250, device='cuda:1')
tensor(0.7828, device='cuda:1') tensor(0.1000, device='cuda:1') tensor(0.1172, device='cuda:1')
tensor(0.8297, device='cuda:1') tensor(0.1000, device='cuda:1') tensor(0.0703, device='cuda:1')
tensor(0.8609, device='cuda:1') tensor(0.1000, device='cuda:1') tensor(0.0391, device='cuda:1')
tensor(0.8766, device='cuda:1') tensor(0.1000, device='cuda:1') tensor(0.0234, device='cuda:1')
tensor(0.8063, device='cuda:1') tensor(0.1000, device='cuda:1') tensor(0.0938, device='cuda:1')
tensor(0.8141, device='cuda:1') tensor(0.1000, device='cuda:1') tensor(0.0859, device='cuda:1')
tensor(0.8609, device='cuda:1') tensor(0.1000, device='cuda:1') tensor(0.0391, device='cuda:1')
tensor(0.7281, device='cuda:1') tensor(0.1000, device='cuda:1') tensor(0.1719, device='cuda:1')
tensor(0.8531, device='cuda:1') tensor(0.1000, device='cuda:1') tensor(0.0469, device='cuda:1')
tensor(0.8219, device='cuda:1') tensor(0.1000, device='cuda:1') tensor(0.0781, device='cuda:1')
tensor(0.8453, device='cuda:1') tensor(0.1000, device='cuda:1') tensor(0.0547, device='cuda:1')
tensor(0.8688, device='cuda:1') tensor(0.1000, device='cuda:1') tensor(0.0312, device='cuda:1')
tensor(0.8063, device='cuda:1') tensor(0.1000, device='cuda:1') tensor(0.0938, device='cuda:1')
tensor(0.8531, device='cuda:1') tensor(0.1000, device='cuda:1') tensor(0.0469, device='cuda:1')
tensor(0.8297, device='cuda:1') tensor(0.1000, device='cuda:1') tensor(0.0703, device='cuda:1')
tensor(0.8453, device='cuda:1') tensor(0.1000, device='cuda:1') tensor(0.0547, device='cuda:1')
tensor(0.8453, device='cuda:1') tensor(0.1000, device='cuda:1') tensor(0.0547, device='cuda:1')
tensor(0.8453, device='cuda:1') tensor(0.1000, device='cuda:1') tensor(0.0547, device='cuda:1')
tensor(0.7750, device='cuda:1') tensor(0.1000, device='cuda:1') tensor(0.1250, device='cuda:1')
tensor(0.8297, device='cuda:1') tensor(0.1000, device='cuda:1') tensor(0.0703, device='cuda:1')
tensor(0.8375, device='cuda:1') tensor(0.1000, device='cuda:1') tensor(0.0625, device='cuda:1')
tensor(0.8219, device='cuda:1') tensor(0.1000, device='cuda:1') tensor(0.0781, device='cuda:1')
tensor(0.8063, device='cuda:1') tensor(0.1000, device='cuda:1') tensor(0.0938, device='cuda:1')
tensor(0.8688, device='cuda:1') tensor(0.1000, device='cuda:1') tensor(0.0312, device='cuda:1')
tensor(0.8609, device='cuda:1') tensor(0.1000, device='cuda:1') tensor(0.0391, device='cuda:1')
tensor(0.7984, device='cuda:1') tensor(0.1000, device='cuda:1') tensor(0.1016, device='cuda:1')
tensor(0.8063, device='cuda:1') tensor(0.1000, device='cuda:1') tensor(0.0938, device='cuda:1')
tensor(0.8219, device='cuda:1') tensor(0.1000, device='cuda:1') tensor(0.0781, device='cuda:1')
tensor(0.8297, device='cuda:1') tensor(0.1000, device='cuda:1') tensor(0.0703, device='cuda:1')
tensor(0.7906, device='cuda:1') tensor(0.1000, device='cuda:1') tensor(0.1094, device='cuda:1')
tensor(0.7906, device='cuda:1') tensor(0.1000, device='cuda:1') tensor(0.1094, device='cuda:1')
tensor(0.8063, device='cuda:1') tensor(0.1000, device='cuda:1') tensor(0.0938, device='cuda:1')
tensor(0.8453, device='cuda:1') tensor(0.1000, device='cuda:1') tensor(0.0547, device='cuda:1')
tensor(0.8141, device='cuda:1') tensor(0.1000, device='cuda:1') tensor(0.0859, device='cuda:1')
tensor(0.7359, device='cuda:1') tensor(0.1000, device='cuda:1') tensor(0.1641, device='cuda:1')
tensor(0.7594, device='cuda:1') tensor(0.1000, device='cuda:1') tensor(0.1406, device='cuda:1')
tensor(0.8375, device='cuda:1') tensor(0.1000, device='cuda:1') tensor(0.0625, device='cuda:1')
tensor(0.8531, device='cuda:1') tensor(0.1000, device='cuda:1') tensor(0.0469, device='cuda:1')
tensor(0.7906, device='cuda:1') tensor(0.1000, device='cuda:1') tensor(0.1094, device='cuda:1')
tensor(0.8219, device='cuda:1') tensor(0.1000, device='cuda:1') tensor(0.0781, device='cuda:1')
tensor(0.8609, device='cuda:1') tensor(0.1000, device='cuda:1') tensor(0.0391, device='cuda:1')
tensor(0.7516, device='cuda:1') tensor(0.1000, device='cuda:1') tensor(0.1484, device='cuda:1')
tensor(0.8531, device='cuda:1') tensor(0.1000, device='cuda:1') tensor(0.0469, device='cuda:1')
tensor(0.8297, device='cuda:1') tensor(0.1000, device='cuda:1') tensor(0.0703, device='cuda:1')
tensor(0.7828, device='cuda:1') tensor(0.1000, device='cuda:1') tensor(0.1172, device='cuda:1')
tensor(0.8219, device='cuda:1') tensor(0.1000, device='cuda:1') tensor(0.0781, device='cuda:1')
tensor(0.8531, device='cuda:1') tensor(0.1000, device='cuda:1') tensor(0.0469, device='cuda:1')
tensor(0.8219, device='cuda:1') tensor(0.1000, device='cuda:1') tensor(0.0781, device='cuda:1')
tensor(0.8531, device='cuda:1') tensor(0.1000, device='cuda:1') tensor(0.0469, device='cuda:1')
tensor(0.8688, device='cuda:1') tensor(0.1000, device='cuda:1') tensor(0.0312, device='cuda:1')
tensor(0.8531, device='cuda:1') tensor(0.1000, device='cuda:1') tensor(0.0469, device='cuda:1')
tensor(0.8688, device='cuda:1') tensor(0.1000, device='cuda:1') tensor(0.0312, device='cuda:1')
tensor(0.8609, device='cuda:1') tensor(0.1000, device='cuda:1') tensor(0.0391, device='cuda:1')
tensor(0.8297, device='cuda:1') tensor(0.1000, device='cuda:1') tensor(0.0703, device='cuda:1')
tensor(0.7984, device='cuda:1') tensor(0.1000, device='cuda:1') tensor(0.1016, device='cuda:1')
tensor(0.7281, device='cuda:1') tensor(0.1000, device='cuda:1') tensor(0.1719, device='cuda:1')
tensor(0.8609, device='cuda:1') tensor(0.1000, device='cuda:1') tensor(0.0391, device='cuda:1')
tensor(0.8531, device='cuda:1') tensor(0.1000, device='cuda:1') tensor(0.0469, device='cuda:1')
tensor(0.8219, device='cuda:1') tensor(0.1000, device='cuda:1') tensor(0.0781, device='cuda:1')
tensor(0.8531, device='cuda:1') tensor(0.1000, device='cuda:1') tensor(0.0469, device='cuda:1')
tensor(0.8063, device='cuda:1') tensor(0.1000, device='cuda:1') tensor(0.0938, device='cuda:1')
tensor(0.8688, device='cuda:1') tensor(0.1000, device='cuda:1') tensor(0.0312, device='cuda:1')
tensor(0.8609, device='cuda:1') tensor(0.1000, device='cuda:1') tensor(0.0391, device='cuda:1')
tensor(0.8063, device='cuda:1') tensor(0.1000, device='cuda:1') tensor(0.0938, device='cuda:1')
tensor(0.8688, device='cuda:1') tensor(0.1000, device='cuda:1') tensor(0.0312, device='cuda:1')
tensor(0.8688, device='cuda:1') tensor(0.1000, device='cuda:1') tensor(0.0312, device='cuda:1')
tensor(0.8297, device='cuda:1') tensor(0.1000, device='cuda:1') tensor(0.0703, device='cuda:1')
tensor(0.8297, device='cuda:1') tensor(0.1000, device='cuda:1') tensor(0.0703, device='cuda:1')
tensor(0.8609, device='cuda:1') tensor(0.1000, device='cuda:1') tensor(0.0391, device='cuda:1')
tensor(0.8609, device='cuda:1') tensor(0.1000, device='cuda:1') tensor(0.0391, device='cuda:1')
tensor(0.8531, device='cuda:1') tensor(0.1000, device='cuda:1') tensor(0.0469, device='cuda:1')
tensor(0.8141, device='cuda:1') tensor(0.1000, device='cuda:1') tensor(0.0859, device='cuda:1')
tensor(0.8453, device='cuda:1') tensor(0.1000, device='cuda:1') tensor(0.0547, device='cuda:1')
time 7.08
error 31504.3046875
16 self_attn.q_proj
Quantizing ...
tensor(0.7281, device='cuda:1') tensor(0.1000, device='cuda:1') tensor(0.1719, device='cuda:1')
tensor(0.8766, device='cuda:1') tensor(0.1000, device='cuda:1') tensor(0.0234, device='cuda:1')
tensor(0.8766, device='cuda:1') tensor(0.1000, device='cuda:1') tensor(0.0234, device='cuda:1')
tensor(0.8687, device='cuda:1') tensor(0.1000, device='cuda:1') tensor(0.0312, device='cuda:1')
tensor(0.8531, device='cuda:1') tensor(0.1000, device='cuda:1') tensor(0.0469, device='cuda:1')
tensor(0.8453, device='cuda:1') tensor(0.1000, device='cuda:1') tensor(0.0547, device='cuda:1')
tensor(0.8141, device='cuda:1') tensor(0.1000, device='cuda:1') tensor(0.0859, device='cuda:1')
tensor(0.8141, device='cuda:1') tensor(0.1000, device='cuda:1') tensor(0.0859, device='cuda:1')
tensor(0.8375, device='cuda:1') tensor(0.1000, device='cuda:1') tensor(0.0625, device='cuda:1')
tensor(0.6656, device='cuda:1') tensor(0.1000, device='cuda:1') tensor(0.2344, device='cuda:1')
tensor(0.6734, device='cuda:1') tensor(0.1000, device='cuda:1') tensor(0.2266, device='cuda:1')
tensor(0.5719, device='cuda:1') tensor(0.1000, device='cuda:1') tensor(0.3281, device='cuda:1')
tensor(0.7125, device='cuda:1') tensor(0.1000, device='cuda:1') tensor(0.1875, device='cuda:1')
tensor(0.7437, device='cuda:1') tensor(0.1000, device='cuda:1') tensor(0.1562, device='cuda:1')
tensor(0.8141, device='cuda:1') tensor(0.1000, device='cuda:1') tensor(0.0859, device='cuda:1')
tensor(0.6266, device='cuda:1') tensor(0.1000, device='cuda:1') tensor(0.2734, device='cuda:1')
tensor(0.5719, device='cuda:1') tensor(0.1000, device='cuda:1') tensor(0.3281, device='cuda:1')
tensor(0.5719, device='cuda:1') tensor(0.1000, device='cuda:1') tensor(0.3281, device='cuda:1')
tensor(0.5953, device='cuda:1') tensor(0.1000, device='cuda:1') tensor(0.3047, device='cuda:1')
tensor(0.7516, device='cuda:1') tensor(0.1000, device='cuda:1') tensor(0.1484, device='cuda:1')
time 2.16
error 117821.5625
16 self_attn.k_proj
Quantizing ...
tensor(0.7437, device='cuda:1') tensor(0.1000, device='cuda:1') tensor(0.1562, device='cuda:1')
tensor(0.8375, device='cuda:1') tensor(0.1000, device='cuda:1') tensor(0.0625, device='cuda:1')
tensor(0.8141, device='cuda:1') tensor(0.1000, device='cuda:1') tensor(0.0859, device='cuda:1')
tensor(0.8609, device='cuda:1') tensor(0.1000, device='cuda:1') tensor(0.0391, device='cuda:1')
tensor(0.8453, device='cuda:1') tensor(0.1000, device='cuda:1') tensor(0.0547, device='cuda:1')
tensor(0.8609, device='cuda:1') tensor(0.1000, device='cuda:1') tensor(0.0391, device='cuda:1')
tensor(0.8062, device='cuda:1') tensor(0.1000, device='cuda:1') tensor(0.0938, device='cuda:1')
tensor(0.8141, device='cuda:1') tensor(0.1000, device='cuda:1') tensor(0.0859, device='cuda:1')
tensor(0.6656, device='cuda:1') tensor(0.1000, device='cuda:1') tensor(0.2344, device='cuda:1')
tensor(0.5797, device='cuda:1') tensor(0.1000, device='cuda:1') tensor(0.3203, device='cuda:1')
tensor(0.5406, device='cuda:1') tensor(0.1000, device='cuda:1') tensor(0.3594, device='cuda:1')
tensor(0.5641, device='cuda:1') tensor(0.1000, device='cuda:1') tensor(0.3359, device='cuda:1')
tensor(0.5172, device='cuda:1') tensor(0.1000, device='cuda:1') tensor(0.3828, device='cuda:1')
tensor(0.5172, device='cuda:1') tensor(0.1000, device='cuda:1') tensor(0.3828, device='cuda:1')
tensor(0.6344, device='cuda:1') tensor(0.1000, device='cuda:1') tensor(0.2656, device='cuda:1')
tensor(0.6734, device='cuda:1') tensor(0.1000, device='cuda:1') tensor(0.2266, device='cuda:1')
tensor(0.5875, device='cuda:1') tensor(0.1000, device='cuda:1') tensor(0.3125, device='cuda:1')
tensor(0.6891, device='cuda:1') tensor(0.1000, device='cuda:1') tensor(0.2109, device='cuda:1')
tensor(0.6109, device='cuda:1') tensor(0.1000, device='cuda:1') tensor(0.2891, device='cuda:1')
tensor(0.6422, device='cuda:1') tensor(0.1000, device='cuda:1') tensor(0.2578, device='cuda:1')
time 1.66
error 27693.15625
16 self_attn.v_proj
Quantizing ...
tensor(0.7672, device='cuda:1') tensor(0.1000, device='cuda:1') tensor(0.1328, device='cuda:1')
tensor(0.7906, device='cuda:1') tensor(0.1000, device='cuda:1') tensor(0.1094, device='cuda:1')
tensor(0.7984, device='cuda:1') tensor(0.1000, device='cuda:1') tensor(0.1016, device='cuda:1')
tensor(0.8297, device='cuda:1') tensor(0.1000, device='cuda:1') tensor(0.0703, device='cuda:1')
tensor(0.8375, device='cuda:1') tensor(0.1000, device='cuda:1') tensor(0.0625, device='cuda:1')
tensor(0.8297, device='cuda:1') tensor(0.1000, device='cuda:1') tensor(0.0703, device='cuda:1')
tensor(0.7984, device='cuda:1') tensor(0.1000, device='cuda:1') tensor(0.1016, device='cuda:1')
tensor(0.7906, device='cuda:1') tensor(0.1000, device='cuda:1') tensor(0.1094, device='cuda:1')
tensor(0.6812, device='cuda:1') tensor(0.1000, device='cuda:1') tensor(0.2188, device='cuda:1')
tensor(0.5875, device='cuda:1') tensor(0.1000, device='cuda:1') tensor(0.3125, device='cuda:1')
tensor(0.5328, device='cuda:1') tensor(0.1000, device='cuda:1') tensor(0.3672, device='cuda:1')
tensor(0.5250, device='cuda:1') tensor(0.1000, device='cuda:1') tensor(0.3750, device='cuda:1')
tensor(0.5484, device='cuda:1') tensor(0.1000, device='cuda:1') tensor(0.3516, device='cuda:1')
tensor(0.5484, device='cuda:1') tensor(0.1000, device='cuda:1') tensor(0.3516, device='cuda:1')
tensor(0.5172, device='cuda:1') tensor(0.1000, device='cuda:1') tensor(0.3828, device='cuda:1')
tensor(0.6422, device='cuda:1') tensor(0.1000, device='cuda:1') tensor(0.2578, device='cuda:1')
tensor(0.5562, device='cuda:1') tensor(0.1000, device='cuda:1') tensor(0.3438, device='cuda:1')
tensor(0.5172, device='cuda:1') tensor(0.1000, device='cuda:1') tensor(0.3828, device='cuda:1')
tensor(0.5562, device='cuda:1') tensor(0.1000, device='cuda:1') tensor(0.3438, device='cuda:1')
tensor(0.6656, device='cuda:1') tensor(0.1000, device='cuda:1') tensor(0.2344, device='cuda:1')
time 1.60
error 32722.42578125
16 self_attn.o_proj
Quantizing ...
tensor(0.7828, device='cuda:1') tensor(0.1000, device='cuda:1') tensor(0.1172, device='cuda:1')
tensor(0.8219, device='cuda:1') tensor(0.1000, device='cuda:1') tensor(0.0781, device='cuda:1')
tensor(0.8766, device='cuda:1') tensor(0.1000, device='cuda:1') tensor(0.0234, device='cuda:1')
tensor(0.8688, device='cuda:1') tensor(0.1000, device='cuda:1') tensor(0.0312, device='cuda:1')
tensor(0.8766, device='cuda:1') tensor(0.1000, device='cuda:1') tensor(0.0234, device='cuda:1')
tensor(0.8766, device='cuda:1') tensor(0.1000, device='cuda:1') tensor(0.0234, device='cuda:1')
tensor(0.8766, device='cuda:1') tensor(0.1000, device='cuda:1') tensor(0.0234, device='cuda:1')
tensor(0.8844, device='cuda:1') tensor(0.1000, device='cuda:1') tensor(0.0156, device='cuda:1')
tensor(0.7438, device='cuda:1') tensor(0.1000, device='cuda:1') tensor(0.1562, device='cuda:1')
tensor(0.8531, device='cuda:1') tensor(0.1000, device='cuda:1') tensor(0.0469, device='cuda:1')
tensor(0.8453, device='cuda:1') tensor(0.1000, device='cuda:1') tensor(0.0547, device='cuda:1')
tensor(0.8375, device='cuda:1') tensor(0.1000, device='cuda:1') tensor(0.0625, device='cuda:1')
tensor(0.5797, device='cuda:1') tensor(0.1000, device='cuda:1') tensor(0.3203, device='cuda:1')
tensor(0.7438, device='cuda:1') tensor(0.1000, device='cuda:1') tensor(0.1562, device='cuda:1')
tensor(0.8375, device='cuda:1') tensor(0.1000, device='cuda:1') tensor(0.0625, device='cuda:1')
tensor(0.7906, device='cuda:1') tensor(0.1000, device='cuda:1') tensor(0.1094, device='cuda:1')
tensor(0.7672, device='cuda:1') tensor(0.1000, device='cuda:1') tensor(0.1328, device='cuda:1')
tensor(0.8453, device='cuda:1') tensor(0.1000, device='cuda:1') tensor(0.0547, device='cuda:1')
tensor(0.8141, device='cuda:1') tensor(0.1000, device='cuda:1') tensor(0.0859, device='cuda:1')
tensor(0.8297, device='cuda:1') tensor(0.1000, device='cuda:1') tensor(0.0703, device='cuda:1')
tensor(0.6969, device='cuda:1') tensor(0.1000, device='cuda:1') tensor(0.2031, device='cuda:1')
tensor(0.7281, device='cuda:1') tensor(0.1000, device='cuda:1') tensor(0.1719, device='cuda:1')
tensor(0.6969, device='cuda:1') tensor(0.1000, device='cuda:1') tensor(0.2031, device='cuda:1')
tensor(0.7828, device='cuda:1') tensor(0.1000, device='cuda:1') tensor(0.1172, device='cuda:1')
tensor(0.8688, device='cuda:1') tensor(0.1000, device='cuda:1') tensor(0.0312, device='cuda:1')
tensor(0.8609, device='cuda:1') tensor(0.1000, device='cuda:1') tensor(0.0391, device='cuda:1')
tensor(0.7750, device='cuda:1') tensor(0.1000, device='cuda:1') tensor(0.1250, device='cuda:1')
tensor(0.8141, device='cuda:1') tensor(0.1000, device='cuda:1') tensor(0.0859, device='cuda:1')
tensor(0.7906, device='cuda:1') tensor(0.1000, device='cuda:1') tensor(0.1094, device='cuda:1')
tensor(0.8609, device='cuda:1') tensor(0.1000, device='cuda:1') tensor(0.0391, device='cuda:1')
tensor(0.8453, device='cuda:1') tensor(0.1000, device='cuda:1') tensor(0.0547, device='cuda:1')
tensor(0.7984, device='cuda:1') tensor(0.1000, device='cuda:1') tensor(0.1016, device='cuda:1')
time 2.79
error 13607.80078125
16 mlp.gate_proj
Quantizing ...
tensor(0.8375, device='cuda:1') tensor(0.1000, device='cuda:1') tensor(0.0625, device='cuda:1')
tensor(0.6891, device='cuda:1') tensor(0.1000, device='cuda:1') tensor(0.2109, device='cuda:1')
tensor(0.5328, device='cuda:1') tensor(0.1000, device='cuda:1') tensor(0.3672, device='cuda:1')
tensor(0.8766, device='cuda:1') tensor(0.1000, device='cuda:1') tensor(0.0234, device='cuda:1')
tensor(0.6344, device='cuda:1') tensor(0.1000, device='cuda:1') tensor(0.2656, device='cuda:1')
tensor(0.8219, device='cuda:1') tensor(0.1000, device='cuda:1') tensor(0.0781, device='cuda:1')
tensor(0.6812, device='cuda:1') tensor(0.1000, device='cuda:1') tensor(0.2188, device='cuda:1')
tensor(0.6422, device='cuda:1') tensor(0.1000, device='cuda:1') tensor(0.2578, device='cuda:1')
tensor(0.7984, device='cuda:1') tensor(0.1000, device='cuda:1') tensor(0.1016, device='cuda:1')
tensor(0.8375, device='cuda:1') tensor(0.1000, device='cuda:1') tensor(0.0625, device='cuda:1')
tensor(0.6969, device='cuda:1') tensor(0.1000, device='cuda:1') tensor(0.2031, device='cuda:1')
tensor(0.6109, device='cuda:1') tensor(0.1000, device='cuda:1') tensor(0.2891, device='cuda:1')
tensor(0.7125, device='cuda:1') tensor(0.1000, device='cuda:1') tensor(0.1875, device='cuda:1')
tensor(0.6969, device='cuda:1') tensor(0.1000, device='cuda:1') tensor(0.2031, device='cuda:1')
tensor(0.8062, device='cuda:1') tensor(0.1000, device='cuda:1') tensor(0.0938, device='cuda:1')
tensor(0.5328, device='cuda:1') tensor(0.1000, device='cuda:1') tensor(0.3672, device='cuda:1')
tensor(0.8062, device='cuda:1') tensor(0.1000, device='cuda:1') tensor(0.0938, device='cuda:1')
tensor(0.5172, device='cuda:1') tensor(0.1000, device='cuda:1') tensor(0.3828, device='cuda:1')
tensor(0.7516, device='cuda:1') tensor(0.1000, device='cuda:1') tensor(0.1484, device='cuda:1')
tensor(0.6891, device='cuda:1') tensor(0.1000, device='cuda:1') tensor(0.2109, device='cuda:1')
time 2.35
error 351153.375
16 mlp.up_proj
Quantizing ...
tensor(0.7281, device='cuda:1') tensor(0.1000, device='cuda:1') tensor(0.1719, device='cuda:1')
tensor(0.5328, device='cuda:1') tensor(0.1000, device='cuda:1') tensor(0.3672, device='cuda:1')
tensor(0.8687, device='cuda:1') tensor(0.1000, device='cuda:1') tensor(0.0312, device='cuda:1')
tensor(0.8766, device='cuda:1') tensor(0.1000, device='cuda:1') tensor(0.0234, device='cuda:1')
tensor(0.7516, device='cuda:1') tensor(0.1000, device='cuda:1') tensor(0.1484, device='cuda:1')
tensor(0.6500, device='cuda:1') tensor(0.1000, device='cuda:1') tensor(0.2500, device='cuda:1')
tensor(0.8453, device='cuda:1') tensor(0.1000, device='cuda:1') tensor(0.0547, device='cuda:1')
tensor(0.8062, device='cuda:1') tensor(0.1000, device='cuda:1') tensor(0.0938, device='cuda:1')
tensor(0.6422, device='cuda:1') tensor(0.1000, device='cuda:1') tensor(0.2578, device='cuda:1')
tensor(0.6187, device='cuda:1') tensor(0.1000, device='cuda:1') tensor(0.2812, device='cuda:1')
tensor(0.6031, device='cuda:1') tensor(0.1000, device='cuda:1') tensor(0.2969, device='cuda:1')
tensor(0.5953, device='cuda:1') tensor(0.1000, device='cuda:1') tensor(0.3047, device='cuda:1')
tensor(0.6109, device='cuda:1') tensor(0.1000, device='cuda:1') tensor(0.2891, device='cuda:1')
tensor(0.7906, device='cuda:1') tensor(0.1000, device='cuda:1') tensor(0.1094, device='cuda:1')
tensor(0.7359, device='cuda:1') tensor(0.1000, device='cuda:1') tensor(0.1641, device='cuda:1')
tensor(0.8297, device='cuda:1') tensor(0.1000, device='cuda:1') tensor(0.0703, device='cuda:1')
tensor(0.6969, device='cuda:1') tensor(0.1000, device='cuda:1') tensor(0.2031, device='cuda:1')
tensor(0.7594, device='cuda:1') tensor(0.1000, device='cuda:1') tensor(0.1406, device='cuda:1')
tensor(0.7203, device='cuda:1') tensor(0.1000, device='cuda:1') tensor(0.1797, device='cuda:1')
tensor(0.8766, device='cuda:1') tensor(0.1000, device='cuda:1') tensor(0.0234, device='cuda:1')
time 2.35
error 345762.125
16 mlp.down_proj
Quantizing ...
tensor(0.8844, device='cuda:1') tensor(0.1000, device='cuda:1') tensor(0.0156, device='cuda:1')
tensor(0.8766, device='cuda:1') tensor(0.1000, device='cuda:1') tensor(0.0234, device='cuda:1')
tensor(0.7672, device='cuda:1') tensor(0.1000, device='cuda:1') tensor(0.1328, device='cuda:1')
tensor(0.8844, device='cuda:1') tensor(0.1000, device='cuda:1') tensor(0.0156, device='cuda:1')
tensor(0.7594, device='cuda:1') tensor(0.1000, device='cuda:1') tensor(0.1406, device='cuda:1')
tensor(0.8766, device='cuda:1') tensor(0.1000, device='cuda:1') tensor(0.0234, device='cuda:1')
tensor(0.8375, device='cuda:1') tensor(0.1000, device='cuda:1') tensor(0.0625, device='cuda:1')
tensor(0.7359, device='cuda:1') tensor(0.1000, device='cuda:1') tensor(0.1641, device='cuda:1')
tensor(0.8688, device='cuda:1') tensor(0.1000, device='cuda:1') tensor(0.0312, device='cuda:1')
tensor(0.8063, device='cuda:1') tensor(0.1000, device='cuda:1') tensor(0.0938, device='cuda:1')
tensor(0.8453, device='cuda:1') tensor(0.1000, device='cuda:1') tensor(0.0547, device='cuda:1')
tensor(0.8609, device='cuda:1') tensor(0.1000, device='cuda:1') tensor(0.0391, device='cuda:1')
tensor(0.8844, device='cuda:1') tensor(0.1000, device='cuda:1') tensor(0.0156, device='cuda:1')
tensor(0.8375, device='cuda:1') tensor(0.1000, device='cuda:1') tensor(0.0625, device='cuda:1')
tensor(0.6500, device='cuda:1') tensor(0.1000, device='cuda:1') tensor(0.2500, device='cuda:1')
tensor(0.8609, device='cuda:1') tensor(0.1000, device='cuda:1') tensor(0.0391, device='cuda:1')
tensor(0.8453, device='cuda:1') tensor(0.1000, device='cuda:1') tensor(0.0547, device='cuda:1')
tensor(0.8688, device='cuda:1') tensor(0.1000, device='cuda:1') tensor(0.0312, device='cuda:1')
tensor(0.8141, device='cuda:1') tensor(0.1000, device='cuda:1') tensor(0.0859, device='cuda:1')
tensor(0.8297, device='cuda:1') tensor(0.1000, device='cuda:1') tensor(0.0703, device='cuda:1')
tensor(0.8609, device='cuda:1') tensor(0.1000, device='cuda:1') tensor(0.0391, device='cuda:1')
tensor(0.8609, device='cuda:1') tensor(0.1000, device='cuda:1') tensor(0.0391, device='cuda:1')
tensor(0.8766, device='cuda:1') tensor(0.1000, device='cuda:1') tensor(0.0234, device='cuda:1')
tensor(0.8063, device='cuda:1') tensor(0.1000, device='cuda:1') tensor(0.0938, device='cuda:1')
tensor(0.7672, device='cuda:1') tensor(0.1000, device='cuda:1') tensor(0.1328, device='cuda:1')
tensor(0.8688, device='cuda:1') tensor(0.1000, device='cuda:1') tensor(0.0312, device='cuda:1')
tensor(0.7438, device='cuda:1') tensor(0.1000, device='cuda:1') tensor(0.1562, device='cuda:1')
tensor(0.7438, device='cuda:1') tensor(0.1000, device='cuda:1') tensor(0.1562, device='cuda:1')
tensor(0.8453, device='cuda:1') tensor(0.1000, device='cuda:1') tensor(0.0547, device='cuda:1')
tensor(0.8375, device='cuda:1') tensor(0.1000, device='cuda:1') tensor(0.0625, device='cuda:1')
tensor(0.8609, device='cuda:1') tensor(0.1000, device='cuda:1') tensor(0.0391, device='cuda:1')
tensor(0.8688, device='cuda:1') tensor(0.1000, device='cuda:1') tensor(0.0312, device='cuda:1')
tensor(0.8531, device='cuda:1') tensor(0.1000, device='cuda:1') tensor(0.0469, device='cuda:1')
tensor(0.8297, device='cuda:1') tensor(0.1000, device='cuda:1') tensor(0.0703, device='cuda:1')
tensor(0.8609, device='cuda:1') tensor(0.1000, device='cuda:1') tensor(0.0391, device='cuda:1')
tensor(0.8609, device='cuda:1') tensor(0.1000, device='cuda:1') tensor(0.0391, device='cuda:1')
tensor(0.7125, device='cuda:1') tensor(0.1000, device='cuda:1') tensor(0.1875, device='cuda:1')
tensor(0.8688, device='cuda:1') tensor(0.1000, device='cuda:1') tensor(0.0312, device='cuda:1')
tensor(0.7281, device='cuda:1') tensor(0.1000, device='cuda:1') tensor(0.1719, device='cuda:1')
tensor(0.8609, device='cuda:1') tensor(0.1000, device='cuda:1') tensor(0.0391, device='cuda:1')
tensor(0.8375, device='cuda:1') tensor(0.1000, device='cuda:1') tensor(0.0625, device='cuda:1')
tensor(0.8609, device='cuda:1') tensor(0.1000, device='cuda:1') tensor(0.0391, device='cuda:1')
tensor(0.8297, device='cuda:1') tensor(0.1000, device='cuda:1') tensor(0.0703, device='cuda:1')
tensor(0.8297, device='cuda:1') tensor(0.1000, device='cuda:1') tensor(0.0703, device='cuda:1')
tensor(0.8609, device='cuda:1') tensor(0.1000, device='cuda:1') tensor(0.0391, device='cuda:1')
tensor(0.8453, device='cuda:1') tensor(0.1000, device='cuda:1') tensor(0.0547, device='cuda:1')
tensor(0.7984, device='cuda:1') tensor(0.1000, device='cuda:1') tensor(0.1016, device='cuda:1')
tensor(0.7906, device='cuda:1') tensor(0.1000, device='cuda:1') tensor(0.1094, device='cuda:1')
tensor(0.8219, device='cuda:1') tensor(0.1000, device='cuda:1') tensor(0.0781, device='cuda:1')
tensor(0.6656, device='cuda:1') tensor(0.1000, device='cuda:1') tensor(0.2344, device='cuda:1')
tensor(0.8531, device='cuda:1') tensor(0.1000, device='cuda:1') tensor(0.0469, device='cuda:1')
tensor(0.8297, device='cuda:1') tensor(0.1000, device='cuda:1') tensor(0.0703, device='cuda:1')
tensor(0.7984, device='cuda:1') tensor(0.1000, device='cuda:1') tensor(0.1016, device='cuda:1')
tensor(0.8609, device='cuda:1') tensor(0.1000, device='cuda:1') tensor(0.0391, device='cuda:1')
tensor(0.8219, device='cuda:1') tensor(0.1000, device='cuda:1') tensor(0.0781, device='cuda:1')
tensor(0.8297, device='cuda:1') tensor(0.1000, device='cuda:1') tensor(0.0703, device='cuda:1')
tensor(0.8609, device='cuda:1') tensor(0.1000, device='cuda:1') tensor(0.0391, device='cuda:1')
tensor(0.8531, device='cuda:1') tensor(0.1000, device='cuda:1') tensor(0.0469, device='cuda:1')
tensor(0.7281, device='cuda:1') tensor(0.1000, device='cuda:1') tensor(0.1719, device='cuda:1')
tensor(0.7828, device='cuda:1') tensor(0.1000, device='cuda:1') tensor(0.1172, device='cuda:1')
tensor(0.8375, device='cuda:1') tensor(0.1000, device='cuda:1') tensor(0.0625, device='cuda:1')
tensor(0.8297, device='cuda:1') tensor(0.1000, device='cuda:1') tensor(0.0703, device='cuda:1')
tensor(0.8609, device='cuda:1') tensor(0.1000, device='cuda:1') tensor(0.0391, device='cuda:1')
tensor(0.8219, device='cuda:1') tensor(0.1000, device='cuda:1') tensor(0.0781, device='cuda:1')
tensor(0.8531, device='cuda:1') tensor(0.1000, device='cuda:1') tensor(0.0469, device='cuda:1')
tensor(0.8609, device='cuda:1') tensor(0.1000, device='cuda:1') tensor(0.0391, device='cuda:1')
tensor(0.8688, device='cuda:1') tensor(0.1000, device='cuda:1') tensor(0.0312, device='cuda:1')
tensor(0.8062, device='cuda:1') tensor(0.1000, device='cuda:1') tensor(0.0938, device='cuda:1')
tensor(0.8141, device='cuda:1') tensor(0.1000, device='cuda:1') tensor(0.0859, device='cuda:1')
tensor(0.8453, device='cuda:1') tensor(0.1000, device='cuda:1') tensor(0.0547, device='cuda:1')
tensor(0.8375, device='cuda:1') tensor(0.1000, device='cuda:1') tensor(0.0625, device='cuda:1')
tensor(0.7672, device='cuda:1') tensor(0.1000, device='cuda:1') tensor(0.1328, device='cuda:1')
tensor(0.8063, device='cuda:1') tensor(0.1000, device='cuda:1') tensor(0.0938, device='cuda:1')
tensor(0.8219, device='cuda:1') tensor(0.1000, device='cuda:1') tensor(0.0781, device='cuda:1')
tensor(0.7750, device='cuda:1') tensor(0.1000, device='cuda:1') tensor(0.1250, device='cuda:1')
tensor(0.8688, device='cuda:1') tensor(0.1000, device='cuda:1') tensor(0.0312, device='cuda:1')
time 7.17
error 55579.1171875
17 self_attn.q_proj
Quantizing ...
tensor(0.6969, device='cuda:1') tensor(0.1000, device='cuda:1') tensor(0.2031, device='cuda:1')
tensor(0.8687, device='cuda:1') tensor(0.1000, device='cuda:1') tensor(0.0312, device='cuda:1')
tensor(0.8687, device='cuda:1') tensor(0.1000, device='cuda:1') tensor(0.0312, device='cuda:1')
tensor(0.8766, device='cuda:1') tensor(0.1000, device='cuda:1') tensor(0.0234, device='cuda:1')
tensor(0.8531, device='cuda:1') tensor(0.1000, device='cuda:1') tensor(0.0469, device='cuda:1')
tensor(0.8531, device='cuda:1') tensor(0.1000, device='cuda:1') tensor(0.0469, device='cuda:1')
tensor(0.8375, device='cuda:1') tensor(0.1000, device='cuda:1') tensor(0.0625, device='cuda:1')
tensor(0.8219, device='cuda:1') tensor(0.1000, device='cuda:1') tensor(0.0781, device='cuda:1')
tensor(0.8297, device='cuda:1') tensor(0.1000, device='cuda:1') tensor(0.0703, device='cuda:1')
tensor(0.7750, device='cuda:1') tensor(0.1000, device='cuda:1') tensor(0.1250, device='cuda:1')
tensor(0.7125, device='cuda:1') tensor(0.1000, device='cuda:1') tensor(0.1875, device='cuda:1')
tensor(0.6812, device='cuda:1') tensor(0.1000, device='cuda:1') tensor(0.2188, device='cuda:1')
tensor(0.6500, device='cuda:1') tensor(0.1000, device='cuda:1') tensor(0.2500, device='cuda:1')
tensor(0.7359, device='cuda:1') tensor(0.1000, device='cuda:1') tensor(0.1641, device='cuda:1')
tensor(0.5484, device='cuda:1') tensor(0.1000, device='cuda:1') tensor(0.3516, device='cuda:1')
tensor(0.7125, device='cuda:1') tensor(0.1000, device='cuda:1') tensor(0.1875, device='cuda:1')
tensor(0.5562, device='cuda:1') tensor(0.1000, device='cuda:1') tensor(0.3438, device='cuda:1')
tensor(0.6344, device='cuda:1') tensor(0.1000, device='cuda:1') tensor(0.2656, device='cuda:1')
tensor(0.7672, device='cuda:1') tensor(0.1000, device='cuda:1') tensor(0.1328, device='cuda:1')
tensor(0.7906, device='cuda:1') tensor(0.1000, device='cuda:1') tensor(0.1094, device='cuda:1')
time 2.16
error 113897.234375
17 self_attn.k_proj
Quantizing ...
tensor(0.7281, device='cuda:1') tensor(0.1000, device='cuda:1') tensor(0.1719, device='cuda:1')
tensor(0.8453, device='cuda:1') tensor(0.1000, device='cuda:1') tensor(0.0547, device='cuda:1')
tensor(0.8297, device='cuda:1') tensor(0.1000, device='cuda:1') tensor(0.0703, device='cuda:1')
tensor(0.8609, device='cuda:1') tensor(0.1000, device='cuda:1') tensor(0.0391, device='cuda:1')
tensor(0.8531, device='cuda:1') tensor(0.1000, device='cuda:1') tensor(0.0469, device='cuda:1')
tensor(0.8375, device='cuda:1') tensor(0.1000, device='cuda:1') tensor(0.0625, device='cuda:1')
tensor(0.7984, device='cuda:1') tensor(0.1000, device='cuda:1') tensor(0.1016, device='cuda:1')
tensor(0.7906, device='cuda:1') tensor(0.1000, device='cuda:1') tensor(0.1094, device='cuda:1')
tensor(0.7437, device='cuda:1') tensor(0.1000, device='cuda:1') tensor(0.1562, device='cuda:1')
tensor(0.6266, device='cuda:1') tensor(0.1000, device='cuda:1') tensor(0.2734, device='cuda:1')
tensor(0.6031, device='cuda:1') tensor(0.1000, device='cuda:1') tensor(0.2969, device='cuda:1')
tensor(0.6109, device='cuda:1') tensor(0.1000, device='cuda:1') tensor(0.2891, device='cuda:1')
tensor(0.6266, device='cuda:1') tensor(0.1000, device='cuda:1') tensor(0.2734, device='cuda:1')
tensor(0.6656, device='cuda:1') tensor(0.1000, device='cuda:1') tensor(0.2344, device='cuda:1')
tensor(0.5250, device='cuda:1') tensor(0.1000, device='cuda:1') tensor(0.3750, device='cuda:1')
tensor(0.6109, device='cuda:1') tensor(0.1000, device='cuda:1') tensor(0.2891, device='cuda:1')
tensor(0.5562, device='cuda:1') tensor(0.1000, device='cuda:1') tensor(0.3438, device='cuda:1')
tensor(0.5719, device='cuda:1') tensor(0.1000, device='cuda:1') tensor(0.3281, device='cuda:1')
tensor(0.6344, device='cuda:1') tensor(0.1000, device='cuda:1') tensor(0.2656, device='cuda:1')
tensor(0.7594, device='cuda:1') tensor(0.1000, device='cuda:1') tensor(0.1406, device='cuda:1')
time 1.59
error 23685.1640625
17 self_attn.v_proj
Quantizing ...
tensor(0.7437, device='cuda:1') tensor(0.1000, device='cuda:1') tensor(0.1562, device='cuda:1')
tensor(0.8297, device='cuda:1') tensor(0.1000, device='cuda:1') tensor(0.0703, device='cuda:1')
tensor(0.7984, device='cuda:1') tensor(0.1000, device='cuda:1') tensor(0.1016, device='cuda:1')
tensor(0.8609, device='cuda:1') tensor(0.1000, device='cuda:1') tensor(0.0391, device='cuda:1')
tensor(0.8531, device='cuda:1') tensor(0.1000, device='cuda:1') tensor(0.0469, device='cuda:1')
tensor(0.8453, device='cuda:1') tensor(0.1000, device='cuda:1') tensor(0.0547, device='cuda:1')
tensor(0.8062, device='cuda:1') tensor(0.1000, device='cuda:1') tensor(0.0938, device='cuda:1')
tensor(0.8375, device='cuda:1') tensor(0.1000, device='cuda:1') tensor(0.0625, device='cuda:1')
tensor(0.6812, device='cuda:1') tensor(0.1000, device='cuda:1') tensor(0.2188, device='cuda:1')
tensor(0.5719, device='cuda:1') tensor(0.1000, device='cuda:1') tensor(0.3281, device='cuda:1')
tensor(0.5562, device='cuda:1') tensor(0.1000, device='cuda:1') tensor(0.3438, device='cuda:1')
tensor(0.5172, device='cuda:1') tensor(0.1000, device='cuda:1') tensor(0.3828, device='cuda:1')
tensor(0.6656, device='cuda:1') tensor(0.1000, device='cuda:1') tensor(0.2344, device='cuda:1')
tensor(0.5875, device='cuda:1') tensor(0.1000, device='cuda:1') tensor(0.3125, device='cuda:1')
tensor(0.5406, device='cuda:1') tensor(0.1000, device='cuda:1') tensor(0.3594, device='cuda:1')
tensor(0.5484, device='cuda:1') tensor(0.1000, device='cuda:1') tensor(0.3516, device='cuda:1')
tensor(0.5406, device='cuda:1') tensor(0.1000, device='cuda:1') tensor(0.3594, device='cuda:1')
tensor(0.5875, device='cuda:1') tensor(0.1000, device='cuda:1') tensor(0.3125, device='cuda:1')
tensor(0.7281, device='cuda:1') tensor(0.1000, device='cuda:1') tensor(0.1719, device='cuda:1')
tensor(0.7047, device='cuda:1') tensor(0.1000, device='cuda:1') tensor(0.1953, device='cuda:1')
time 1.59
error 28680.68359375
17 self_attn.o_proj
Quantizing ...
tensor(0.7359, device='cuda:1') tensor(0.1000, device='cuda:1') tensor(0.1641, device='cuda:1')
tensor(0.8063, device='cuda:1') tensor(0.1000, device='cuda:1') tensor(0.0938, device='cuda:1')
tensor(0.7828, device='cuda:1') tensor(0.1000, device='cuda:1') tensor(0.1172, device='cuda:1')
tensor(0.8531, device='cuda:1') tensor(0.1000, device='cuda:1') tensor(0.0469, device='cuda:1')
tensor(0.7984, device='cuda:1') tensor(0.1000, device='cuda:1') tensor(0.1016, device='cuda:1')
tensor(0.7594, device='cuda:1') tensor(0.1000, device='cuda:1') tensor(0.1406, device='cuda:1')
tensor(0.8375, device='cuda:1') tensor(0.1000, device='cuda:1') tensor(0.0625, device='cuda:1')
tensor(0.8063, device='cuda:1') tensor(0.1000, device='cuda:1') tensor(0.0938, device='cuda:1')
tensor(0.7594, device='cuda:1') tensor(0.1000, device='cuda:1') tensor(0.1406, device='cuda:1')
tensor(0.7984, device='cuda:1') tensor(0.1000, device='cuda:1') tensor(0.1016, device='cuda:1')
tensor(0.8453, device='cuda:1') tensor(0.1000, device='cuda:1') tensor(0.0547, device='cuda:1')
tensor(0.7828, device='cuda:1') tensor(0.1000, device='cuda:1') tensor(0.1172, device='cuda:1')
tensor(0.8141, device='cuda:1') tensor(0.1000, device='cuda:1') tensor(0.0859, device='cuda:1')
tensor(0.8531, device='cuda:1') tensor(0.1000, device='cuda:1') tensor(0.0469, device='cuda:1')
tensor(0.8688, device='cuda:1') tensor(0.1000, device='cuda:1') tensor(0.0312, device='cuda:1')
tensor(0.8688, device='cuda:1') tensor(0.1000, device='cuda:1') tensor(0.0312, device='cuda:1')
tensor(0.8297, device='cuda:1') tensor(0.1000, device='cuda:1') tensor(0.0703, device='cuda:1')
tensor(0.8609, device='cuda:1') tensor(0.1000, device='cuda:1') tensor(0.0391, device='cuda:1')
tensor(0.6422, device='cuda:1') tensor(0.1000, device='cuda:1') tensor(0.2578, device='cuda:1')
tensor(0.7281, device='cuda:1') tensor(0.1000, device='cuda:1') tensor(0.1719, device='cuda:1')
tensor(0.8375, device='cuda:1') tensor(0.1000, device='cuda:1') tensor(0.0625, device='cuda:1')
tensor(0.8688, device='cuda:1') tensor(0.1000, device='cuda:1') tensor(0.0312, device='cuda:1')
tensor(0.8609, device='cuda:1') tensor(0.1000, device='cuda:1') tensor(0.0391, device='cuda:1')
tensor(0.7672, device='cuda:1') tensor(0.1000, device='cuda:1') tensor(0.1328, device='cuda:1')
tensor(0.7828, device='cuda:1') tensor(0.1000, device='cuda:1') tensor(0.1172, device='cuda:1')
tensor(0.8141, device='cuda:1') tensor(0.1000, device='cuda:1') tensor(0.0859, device='cuda:1')
tensor(0.8063, device='cuda:1') tensor(0.1000, device='cuda:1') tensor(0.0938, device='cuda:1')
tensor(0.8688, device='cuda:1') tensor(0.1000, device='cuda:1') tensor(0.0312, device='cuda:1')
tensor(0.8297, device='cuda:1') tensor(0.1000, device='cuda:1') tensor(0.0703, device='cuda:1')
tensor(0.8531, device='cuda:1') tensor(0.1000, device='cuda:1') tensor(0.0469, device='cuda:1')
tensor(0.7750, device='cuda:1') tensor(0.1000, device='cuda:1') tensor(0.1250, device='cuda:1')
tensor(0.8688, device='cuda:1') tensor(0.1000, device='cuda:1') tensor(0.0312, device='cuda:1')
time 2.79
error 17077.318359375
17 mlp.gate_proj
Quantizing ...
tensor(0.8453, device='cuda:1') tensor(0.1000, device='cuda:1') tensor(0.0547, device='cuda:1')
tensor(0.7047, device='cuda:1') tensor(0.1000, device='cuda:1') tensor(0.1953, device='cuda:1')
tensor(0.5641, device='cuda:1') tensor(0.1000, device='cuda:1') tensor(0.3359, device='cuda:1')
tensor(0.8687, device='cuda:1') tensor(0.1000, device='cuda:1') tensor(0.0312, device='cuda:1')
tensor(0.6187, device='cuda:1') tensor(0.1000, device='cuda:1') tensor(0.2812, device='cuda:1')
tensor(0.6812, device='cuda:1') tensor(0.1000, device='cuda:1') tensor(0.2188, device='cuda:1')
tensor(0.6109, device='cuda:1') tensor(0.1000, device='cuda:1') tensor(0.2891, device='cuda:1')
tensor(0.8375, device='cuda:1') tensor(0.1000, device='cuda:1') tensor(0.0625, device='cuda:1')
tensor(0.7672, device='cuda:1') tensor(0.1000, device='cuda:1') tensor(0.1328, device='cuda:1')
tensor(0.6500, device='cuda:1') tensor(0.1000, device='cuda:1') tensor(0.2500, device='cuda:1')
tensor(0.7359, device='cuda:1') tensor(0.1000, device='cuda:1') tensor(0.1641, device='cuda:1')
tensor(0.6109, device='cuda:1') tensor(0.1000, device='cuda:1') tensor(0.2891, device='cuda:1')
tensor(0.7437, device='cuda:1') tensor(0.1000, device='cuda:1') tensor(0.1562, device='cuda:1')
tensor(0.6891, device='cuda:1') tensor(0.1000, device='cuda:1') tensor(0.2109, device='cuda:1')
tensor(0.7594, device='cuda:1') tensor(0.1000, device='cuda:1') tensor(0.1406, device='cuda:1')
tensor(0.6891, device='cuda:1') tensor(0.1000, device='cuda:1') tensor(0.2109, device='cuda:1')
tensor(0.5484, device='cuda:1') tensor(0.1000, device='cuda:1') tensor(0.3516, device='cuda:1')
tensor(0.6422, device='cuda:1') tensor(0.1000, device='cuda:1') tensor(0.2578, device='cuda:1')
tensor(0.7828, device='cuda:1') tensor(0.1000, device='cuda:1') tensor(0.1172, device='cuda:1')
tensor(0.8609, device='cuda:1') tensor(0.1000, device='cuda:1') tensor(0.0391, device='cuda:1')
time 2.37
error 323917.375
17 mlp.up_proj
Quantizing ...
tensor(0.7906, device='cuda:1') tensor(0.1000, device='cuda:1') tensor(0.1094, device='cuda:1')
tensor(0.5953, device='cuda:1') tensor(0.1000, device='cuda:1') tensor(0.3047, device='cuda:1')
tensor(0.7047, device='cuda:1') tensor(0.1000, device='cuda:1') tensor(0.1953, device='cuda:1')
tensor(0.8062, device='cuda:1') tensor(0.1000, device='cuda:1') tensor(0.0938, device='cuda:1')
tensor(0.7594, device='cuda:1') tensor(0.1000, device='cuda:1') tensor(0.1406, device='cuda:1')
tensor(0.7047, device='cuda:1') tensor(0.1000, device='cuda:1') tensor(0.1953, device='cuda:1')
tensor(0.7125, device='cuda:1') tensor(0.1000, device='cuda:1') tensor(0.1875, device='cuda:1')
tensor(0.8062, device='cuda:1') tensor(0.1000, device='cuda:1') tensor(0.0938, device='cuda:1')
tensor(0.7828, device='cuda:1') tensor(0.1000, device='cuda:1') tensor(0.1172, device='cuda:1')
tensor(0.6578, device='cuda:1') tensor(0.1000, device='cuda:1') tensor(0.2422, device='cuda:1')
tensor(0.6422, device='cuda:1') tensor(0.1000, device='cuda:1') tensor(0.2578, device='cuda:1')
tensor(0.6031, device='cuda:1') tensor(0.1000, device='cuda:1') tensor(0.2969, device='cuda:1')
tensor(0.6812, device='cuda:1') tensor(0.1000, device='cuda:1') tensor(0.2188, device='cuda:1')
tensor(0.6344, device='cuda:1') tensor(0.1000, device='cuda:1') tensor(0.2656, device='cuda:1')
tensor(0.5562, device='cuda:1') tensor(0.1000, device='cuda:1') tensor(0.3438, device='cuda:1')
tensor(0.6656, device='cuda:1') tensor(0.1000, device='cuda:1') tensor(0.2344, device='cuda:1')
tensor(0.5641, device='cuda:1') tensor(0.1000, device='cuda:1') tensor(0.3359, device='cuda:1')
tensor(0.6109, device='cuda:1') tensor(0.1000, device='cuda:1') tensor(0.2891, device='cuda:1')
tensor(0.7906, device='cuda:1') tensor(0.1000, device='cuda:1') tensor(0.1094, device='cuda:1')
tensor(0.8609, device='cuda:1') tensor(0.1000, device='cuda:1') tensor(0.0391, device='cuda:1')
time 2.37
error 315125.34375
17 mlp.down_proj
Quantizing ...
tensor(0.8531, device='cuda:1') tensor(0.1000, device='cuda:1') tensor(0.0469, device='cuda:1')
tensor(0.8375, device='cuda:1') tensor(0.1000, device='cuda:1') tensor(0.0625, device='cuda:1')
tensor(0.7281, device='cuda:1') tensor(0.1000, device='cuda:1') tensor(0.1719, device='cuda:1')
tensor(0.8609, device='cuda:1') tensor(0.1000, device='cuda:1') tensor(0.0391, device='cuda:1')
tensor(0.8063, device='cuda:1') tensor(0.1000, device='cuda:1') tensor(0.0938, device='cuda:1')
tensor(0.8766, device='cuda:1') tensor(0.1000, device='cuda:1') tensor(0.0234, device='cuda:1')
tensor(0.7594, device='cuda:1') tensor(0.1000, device='cuda:1') tensor(0.1406, device='cuda:1')
tensor(0.8688, device='cuda:1') tensor(0.1000, device='cuda:1') tensor(0.0312, device='cuda:1')
tensor(0.8766, device='cuda:1') tensor(0.1000, device='cuda:1') tensor(0.0234, device='cuda:1')
tensor(0.8766, device='cuda:1') tensor(0.1000, device='cuda:1') tensor(0.0234, device='cuda:1')
tensor(0.8375, device='cuda:1') tensor(0.1000, device='cuda:1') tensor(0.0625, device='cuda:1')
tensor(0.6813, device='cuda:1') tensor(0.1000, device='cuda:1') tensor(0.2188, device='cuda:1')
tensor(0.8531, device='cuda:1') tensor(0.1000, device='cuda:1') tensor(0.0469, device='cuda:1')
tensor(0.8297, device='cuda:1') tensor(0.1000, device='cuda:1') tensor(0.0703, device='cuda:1')
tensor(0.8453, device='cuda:1') tensor(0.1000, device='cuda:1') tensor(0.0547, device='cuda:1')
tensor(0.8063, device='cuda:1') tensor(0.1000, device='cuda:1') tensor(0.0938, device='cuda:1')
tensor(0.8766, device='cuda:1') tensor(0.1000, device='cuda:1') tensor(0.0234, device='cuda:1')
tensor(0.8531, device='cuda:1') tensor(0.1000, device='cuda:1') tensor(0.0469, device='cuda:1')
tensor(0.7906, device='cuda:1') tensor(0.1000, device='cuda:1') tensor(0.1094, device='cuda:1')
tensor(0.8688, device='cuda:1') tensor(0.1000, device='cuda:1') tensor(0.0312, device='cuda:1')
tensor(0.8375, device='cuda:1') tensor(0.1000, device='cuda:1') tensor(0.0625, device='cuda:1')
tensor(0.8453, device='cuda:1') tensor(0.1000, device='cuda:1') tensor(0.0547, device='cuda:1')
tensor(0.8141, device='cuda:1') tensor(0.1000, device='cuda:1') tensor(0.0859, device='cuda:1')
tensor(0.7828, device='cuda:1') tensor(0.1000, device='cuda:1') tensor(0.1172, device='cuda:1')
tensor(0.8297, device='cuda:1') tensor(0.1000, device='cuda:1') tensor(0.0703, device='cuda:1')
tensor(0.8453, device='cuda:1') tensor(0.1000, device='cuda:1') tensor(0.0547, device='cuda:1')
tensor(0.8531, device='cuda:1') tensor(0.1000, device='cuda:1') tensor(0.0469, device='cuda:1')
tensor(0.8063, device='cuda:1') tensor(0.1000, device='cuda:1') tensor(0.0938, device='cuda:1')
tensor(0.7516, device='cuda:1') tensor(0.1000, device='cuda:1') tensor(0.1484, device='cuda:1')
tensor(0.8688, device='cuda:1') tensor(0.1000, device='cuda:1') tensor(0.0312, device='cuda:1')
tensor(0.8688, device='cuda:1') tensor(0.1000, device='cuda:1') tensor(0.0312, device='cuda:1')
tensor(0.8219, device='cuda:1') tensor(0.1000, device='cuda:1') tensor(0.0781, device='cuda:1')
tensor(0.8219, device='cuda:1') tensor(0.1000, device='cuda:1') tensor(0.0781, device='cuda:1')
tensor(0.8609, device='cuda:1') tensor(0.1000, device='cuda:1') tensor(0.0391, device='cuda:1')
tensor(0.8063, device='cuda:1') tensor(0.1000, device='cuda:1') tensor(0.0938, device='cuda:1')
tensor(0.8609, device='cuda:1') tensor(0.1000, device='cuda:1') tensor(0.0391, device='cuda:1')
tensor(0.8609, device='cuda:1') tensor(0.1000, device='cuda:1') tensor(0.0391, device='cuda:1')
tensor(0.8531, device='cuda:1') tensor(0.1000, device='cuda:1') tensor(0.0469, device='cuda:1')
tensor(0.8531, device='cuda:1') tensor(0.1000, device='cuda:1') tensor(0.0469, device='cuda:1')
tensor(0.6266, device='cuda:1') tensor(0.1000, device='cuda:1') tensor(0.2734, device='cuda:1')
tensor(0.8688, device='cuda:1') tensor(0.1000, device='cuda:1') tensor(0.0312, device='cuda:1')
tensor(0.8609, device='cuda:1') tensor(0.1000, device='cuda:1') tensor(0.0391, device='cuda:1')
tensor(0.8609, device='cuda:1') tensor(0.1000, device='cuda:1') tensor(0.0391, device='cuda:1')
tensor(0.8063, device='cuda:1') tensor(0.1000, device='cuda:1') tensor(0.0938, device='cuda:1')
tensor(0.8063, device='cuda:1') tensor(0.1000, device='cuda:1') tensor(0.0938, device='cuda:1')
tensor(0.8531, device='cuda:1') tensor(0.1000, device='cuda:1') tensor(0.0469, device='cuda:1')
tensor(0.8297, device='cuda:1') tensor(0.1000, device='cuda:1') tensor(0.0703, device='cuda:1')
tensor(0.8688, device='cuda:1') tensor(0.1000, device='cuda:1') tensor(0.0312, device='cuda:1')
tensor(0.8609, device='cuda:1') tensor(0.1000, device='cuda:1') tensor(0.0391, device='cuda:1')
tensor(0.8297, device='cuda:1') tensor(0.1000, device='cuda:1') tensor(0.0703, device='cuda:1')
tensor(0.8453, device='cuda:1') tensor(0.1000, device='cuda:1') tensor(0.0547, device='cuda:1')
tensor(0.8297, device='cuda:1') tensor(0.1000, device='cuda:1') tensor(0.0703, device='cuda:1')
tensor(0.8297, device='cuda:1') tensor(0.1000, device='cuda:1') tensor(0.0703, device='cuda:1')
tensor(0.8609, device='cuda:1') tensor(0.1000, device='cuda:1') tensor(0.0391, device='cuda:1')
tensor(0.8453, device='cuda:1') tensor(0.1000, device='cuda:1') tensor(0.0547, device='cuda:1')
tensor(0.8375, device='cuda:1') tensor(0.1000, device='cuda:1') tensor(0.0625, device='cuda:1')
tensor(0.8609, device='cuda:1') tensor(0.1000, device='cuda:1') tensor(0.0391, device='cuda:1')
tensor(0.7984, device='cuda:1') tensor(0.1000, device='cuda:1') tensor(0.1016, device='cuda:1')
tensor(0.8453, device='cuda:1') tensor(0.1000, device='cuda:1') tensor(0.0547, device='cuda:1')
tensor(0.8453, device='cuda:1') tensor(0.1000, device='cuda:1') tensor(0.0547, device='cuda:1')
tensor(0.8609, device='cuda:1') tensor(0.1000, device='cuda:1') tensor(0.0391, device='cuda:1')
tensor(0.8531, device='cuda:1') tensor(0.1000, device='cuda:1') tensor(0.0469, device='cuda:1')
tensor(0.8375, device='cuda:1') tensor(0.1000, device='cuda:1') tensor(0.0625, device='cuda:1')
tensor(0.8609, device='cuda:1') tensor(0.1000, device='cuda:1') tensor(0.0391, device='cuda:1')
tensor(0.8688, device='cuda:1') tensor(0.1000, device='cuda:1') tensor(0.0312, device='cuda:1')
tensor(0.8453, device='cuda:1') tensor(0.1000, device='cuda:1') tensor(0.0547, device='cuda:1')
tensor(0.8297, device='cuda:1') tensor(0.1000, device='cuda:1') tensor(0.0703, device='cuda:1')
tensor(0.8688, device='cuda:1') tensor(0.1000, device='cuda:1') tensor(0.0312, device='cuda:1')
tensor(0.7906, device='cuda:1') tensor(0.1000, device='cuda:1') tensor(0.1094, device='cuda:1')
tensor(0.8453, device='cuda:1') tensor(0.1000, device='cuda:1') tensor(0.0547, device='cuda:1')
tensor(0.8688, device='cuda:1') tensor(0.1000, device='cuda:1') tensor(0.0312, device='cuda:1')
tensor(0.8609, device='cuda:1') tensor(0.1000, device='cuda:1') tensor(0.0391, device='cuda:1')
tensor(0.8531, device='cuda:1') tensor(0.1000, device='cuda:1') tensor(0.0469, device='cuda:1')
tensor(0.8063, device='cuda:1') tensor(0.1000, device='cuda:1') tensor(0.0938, device='cuda:1')
tensor(0.8688, device='cuda:1') tensor(0.1000, device='cuda:1') tensor(0.0312, device='cuda:1')
tensor(0.8688, device='cuda:1') tensor(0.1000, device='cuda:1') tensor(0.0312, device='cuda:1')
time 6.79
error 32032.75390625
18 self_attn.q_proj
Quantizing ...
tensor(0.7984, device='cuda:1') tensor(0.1000, device='cuda:1') tensor(0.1016, device='cuda:1')
tensor(0.8687, device='cuda:1') tensor(0.1000, device='cuda:1') tensor(0.0312, device='cuda:1')
tensor(0.8531, device='cuda:1') tensor(0.1000, device='cuda:1') tensor(0.0469, device='cuda:1')
tensor(0.8766, device='cuda:1') tensor(0.1000, device='cuda:1') tensor(0.0234, device='cuda:1')
tensor(0.8453, device='cuda:1') tensor(0.1000, device='cuda:1') tensor(0.0547, device='cuda:1')
tensor(0.8609, device='cuda:1') tensor(0.1000, device='cuda:1') tensor(0.0391, device='cuda:1')
tensor(0.8453, device='cuda:1') tensor(0.1000, device='cuda:1') tensor(0.0547, device='cuda:1')
tensor(0.8531, device='cuda:1') tensor(0.1000, device='cuda:1') tensor(0.0469, device='cuda:1')
tensor(0.8531, device='cuda:1') tensor(0.1000, device='cuda:1') tensor(0.0469, device='cuda:1')
tensor(0.7672, device='cuda:1') tensor(0.1000, device='cuda:1') tensor(0.1328, device='cuda:1')
tensor(0.6891, device='cuda:1') tensor(0.1000, device='cuda:1') tensor(0.2109, device='cuda:1')
tensor(0.6500, device='cuda:1') tensor(0.1000, device='cuda:1') tensor(0.2500, device='cuda:1')
tensor(0.6422, device='cuda:1') tensor(0.1000, device='cuda:1') tensor(0.2578, device='cuda:1')
tensor(0.6656, device='cuda:1') tensor(0.1000, device='cuda:1') tensor(0.2344, device='cuda:1')
tensor(0.5484, device='cuda:1') tensor(0.1000, device='cuda:1') tensor(0.3516, device='cuda:1')
tensor(0.8141, device='cuda:1') tensor(0.1000, device='cuda:1') tensor(0.0859, device='cuda:1')
tensor(0.5250, device='cuda:1') tensor(0.1000, device='cuda:1') tensor(0.3750, device='cuda:1')
tensor(0.7047, device='cuda:1') tensor(0.1000, device='cuda:1') tensor(0.1953, device='cuda:1')
tensor(0.5953, device='cuda:1') tensor(0.1000, device='cuda:1') tensor(0.3047, device='cuda:1')
tensor(0.6266, device='cuda:1') tensor(0.1000, device='cuda:1') tensor(0.2734, device='cuda:1')
time 2.10
error 116781.046875
18 self_attn.k_proj
Quantizing ...
tensor(0.7437, device='cuda:1') tensor(0.1000, device='cuda:1') tensor(0.1562, device='cuda:1')
tensor(0.8453, device='cuda:1') tensor(0.1000, device='cuda:1') tensor(0.0547, device='cuda:1')
tensor(0.8375, device='cuda:1') tensor(0.1000, device='cuda:1') tensor(0.0625, device='cuda:1')
tensor(0.8687, device='cuda:1') tensor(0.1000, device='cuda:1') tensor(0.0312, device='cuda:1')
tensor(0.8531, device='cuda:1') tensor(0.1000, device='cuda:1') tensor(0.0469, device='cuda:1')
tensor(0.8531, device='cuda:1') tensor(0.1000, device='cuda:1') tensor(0.0469, device='cuda:1')
tensor(0.8219, device='cuda:1') tensor(0.1000, device='cuda:1') tensor(0.0781, device='cuda:1')
tensor(0.8062, device='cuda:1') tensor(0.1000, device='cuda:1') tensor(0.0938, device='cuda:1')
tensor(0.7203, device='cuda:1') tensor(0.1000, device='cuda:1') tensor(0.1797, device='cuda:1')
tensor(0.5484, device='cuda:1') tensor(0.1000, device='cuda:1') tensor(0.3516, device='cuda:1')
tensor(0.7437, device='cuda:1') tensor(0.1000, device='cuda:1') tensor(0.1562, device='cuda:1')
tensor(0.5406, device='cuda:1') tensor(0.1000, device='cuda:1') tensor(0.3594, device='cuda:1')
tensor(0.6266, device='cuda:1') tensor(0.1000, device='cuda:1') tensor(0.2734, device='cuda:1')
tensor(0.5719, device='cuda:1') tensor(0.1000, device='cuda:1') tensor(0.3281, device='cuda:1')
tensor(0.6344, device='cuda:1') tensor(0.1000, device='cuda:1') tensor(0.2656, device='cuda:1')
tensor(0.8375, device='cuda:1') tensor(0.1000, device='cuda:1') tensor(0.0625, device='cuda:1')
tensor(0.7437, device='cuda:1') tensor(0.1000, device='cuda:1') tensor(0.1562, device='cuda:1')
tensor(0.7594, device='cuda:1') tensor(0.1000, device='cuda:1') tensor(0.1406, device='cuda:1')
tensor(0.6266, device='cuda:1') tensor(0.1000, device='cuda:1') tensor(0.2734, device='cuda:1')
tensor(0.6969, device='cuda:1') tensor(0.1000, device='cuda:1') tensor(0.2031, device='cuda:1')
time 1.60
error 27420.896484375
18 self_attn.v_proj
Quantizing ...
tensor(0.6969, device='cuda:1') tensor(0.1000, device='cuda:1') tensor(0.2031, device='cuda:1')
tensor(0.8453, device='cuda:1') tensor(0.1000, device='cuda:1') tensor(0.0547, device='cuda:1')
tensor(0.7906, device='cuda:1') tensor(0.1000, device='cuda:1') tensor(0.1094, device='cuda:1')
tensor(0.8531, device='cuda:1') tensor(0.1000, device='cuda:1') tensor(0.0469, device='cuda:1')
tensor(0.8531, device='cuda:1') tensor(0.1000, device='cuda:1') tensor(0.0469, device='cuda:1')
tensor(0.8062, device='cuda:1') tensor(0.1000, device='cuda:1') tensor(0.0938, device='cuda:1')
tensor(0.7984, device='cuda:1') tensor(0.1000, device='cuda:1') tensor(0.1016, device='cuda:1')
tensor(0.7281, device='cuda:1') tensor(0.1000, device='cuda:1') tensor(0.1719, device='cuda:1')
tensor(0.6969, device='cuda:1') tensor(0.1000, device='cuda:1') tensor(0.2031, device='cuda:1')
tensor(0.5172, device='cuda:1') tensor(0.1000, device='cuda:1') tensor(0.3828, device='cuda:1')
tensor(0.5406, device='cuda:1') tensor(0.1000, device='cuda:1') tensor(0.3594, device='cuda:1')
tensor(0.5875, device='cuda:1') tensor(0.1000, device='cuda:1') tensor(0.3125, device='cuda:1')
tensor(0.5172, device='cuda:1') tensor(0.1000, device='cuda:1') tensor(0.3828, device='cuda:1')
tensor(0.5172, device='cuda:1') tensor(0.1000, device='cuda:1') tensor(0.3828, device='cuda:1')
tensor(0.5250, device='cuda:1') tensor(0.1000, device='cuda:1') tensor(0.3750, device='cuda:1')
tensor(0.7203, device='cuda:1') tensor(0.1000, device='cuda:1') tensor(0.1797, device='cuda:1')
tensor(0.5484, device='cuda:1') tensor(0.1000, device='cuda:1') tensor(0.3516, device='cuda:1')
tensor(0.5641, device='cuda:1') tensor(0.1000, device='cuda:1') tensor(0.3359, device='cuda:1')
tensor(0.5172, device='cuda:1') tensor(0.1000, device='cuda:1') tensor(0.3828, device='cuda:1')
tensor(0.7359, device='cuda:1') tensor(0.1000, device='cuda:1') tensor(0.1641, device='cuda:1')
time 1.60
error 30571.27734375
18 self_attn.o_proj
Quantizing ...
tensor(0.8453, device='cuda:1') tensor(0.1000, device='cuda:1') tensor(0.0547, device='cuda:1')
tensor(0.5484, device='cuda:1') tensor(0.1000, device='cuda:1') tensor(0.3516, device='cuda:1')
tensor(0.8453, device='cuda:1') tensor(0.1000, device='cuda:1') tensor(0.0547, device='cuda:1')
tensor(0.7438, device='cuda:1') tensor(0.1000, device='cuda:1') tensor(0.1562, device='cuda:1')
tensor(0.7359, device='cuda:1') tensor(0.1000, device='cuda:1') tensor(0.1641, device='cuda:1')
tensor(0.8297, device='cuda:1') tensor(0.1000, device='cuda:1') tensor(0.0703, device='cuda:1')
tensor(0.6969, device='cuda:1') tensor(0.1000, device='cuda:1') tensor(0.2031, device='cuda:1')
tensor(0.8375, device='cuda:1') tensor(0.1000, device='cuda:1') tensor(0.0625, device='cuda:1')
tensor(0.7906, device='cuda:1') tensor(0.1000, device='cuda:1') tensor(0.1094, device='cuda:1')
tensor(0.6500, device='cuda:1') tensor(0.1000, device='cuda:1') tensor(0.2500, device='cuda:1')
tensor(0.7984, device='cuda:1') tensor(0.1000, device='cuda:1') tensor(0.1016, device='cuda:1')
tensor(0.6891, device='cuda:1') tensor(0.1000, device='cuda:1') tensor(0.2109, device='cuda:1')
tensor(0.7516, device='cuda:1') tensor(0.1000, device='cuda:1') tensor(0.1484, device='cuda:1')
tensor(0.7516, device='cuda:1') tensor(0.1000, device='cuda:1') tensor(0.1484, device='cuda:1')
tensor(0.7281, device='cuda:1') tensor(0.1000, device='cuda:1') tensor(0.1719, device='cuda:1')
tensor(0.8219, device='cuda:1') tensor(0.1000, device='cuda:1') tensor(0.0781, device='cuda:1')
tensor(0.5797, device='cuda:1') tensor(0.1000, device='cuda:1') tensor(0.3203, device='cuda:1')
tensor(0.8688, device='cuda:1') tensor(0.1000, device='cuda:1') tensor(0.0312, device='cuda:1')
tensor(0.7516, device='cuda:1') tensor(0.1000, device='cuda:1') tensor(0.1484, device='cuda:1')
tensor(0.5172, device='cuda:1') tensor(0.1000, device='cuda:1') tensor(0.3828, device='cuda:1')
tensor(0.7281, device='cuda:1') tensor(0.1000, device='cuda:1') tensor(0.1719, device='cuda:1')
tensor(0.7594, device='cuda:1') tensor(0.1000, device='cuda:1') tensor(0.1406, device='cuda:1')
tensor(0.7594, device='cuda:1') tensor(0.1000, device='cuda:1') tensor(0.1406, device='cuda:1')
tensor(0.7672, device='cuda:1') tensor(0.1000, device='cuda:1') tensor(0.1328, device='cuda:1')
tensor(0.8531, device='cuda:1') tensor(0.1000, device='cuda:1') tensor(0.0469, device='cuda:1')
tensor(0.8375, device='cuda:1') tensor(0.1000, device='cuda:1') tensor(0.0625, device='cuda:1')
tensor(0.7750, device='cuda:1') tensor(0.1000, device='cuda:1') tensor(0.1250, device='cuda:1')
tensor(0.8375, device='cuda:1') tensor(0.1000, device='cuda:1') tensor(0.0625, device='cuda:1')
tensor(0.8844, device='cuda:1') tensor(0.1000, device='cuda:1') tensor(0.0156, device='cuda:1')
tensor(0.8531, device='cuda:1') tensor(0.1000, device='cuda:1') tensor(0.0469, device='cuda:1')
tensor(0.8766, device='cuda:1') tensor(0.1000, device='cuda:1') tensor(0.0234, device='cuda:1')
tensor(0.8766, device='cuda:1') tensor(0.1000, device='cuda:1') tensor(0.0234, device='cuda:1')
time 2.97
error 12939.83203125
18 mlp.gate_proj
Quantizing ...
tensor(0.8297, device='cuda:1') tensor(0.1000, device='cuda:1') tensor(0.0703, device='cuda:1')
tensor(0.5328, device='cuda:1') tensor(0.1000, device='cuda:1') tensor(0.3672, device='cuda:1')
tensor(0.5328, device='cuda:1') tensor(0.1000, device='cuda:1') tensor(0.3672, device='cuda:1')
tensor(0.8687, device='cuda:1') tensor(0.1000, device='cuda:1') tensor(0.0312, device='cuda:1')
tensor(0.7750, device='cuda:1') tensor(0.1000, device='cuda:1') tensor(0.1250, device='cuda:1')
tensor(0.6891, device='cuda:1') tensor(0.1000, device='cuda:1') tensor(0.2109, device='cuda:1')
tensor(0.7516, device='cuda:1') tensor(0.1000, device='cuda:1') tensor(0.1484, device='cuda:1')
tensor(0.8297, device='cuda:1') tensor(0.1000, device='cuda:1') tensor(0.0703, device='cuda:1')
tensor(0.8062, device='cuda:1') tensor(0.1000, device='cuda:1') tensor(0.0938, device='cuda:1')
tensor(0.7281, device='cuda:1') tensor(0.1000, device='cuda:1') tensor(0.1719, device='cuda:1')
tensor(0.6656, device='cuda:1') tensor(0.1000, device='cuda:1') tensor(0.2344, device='cuda:1')
tensor(0.6812, device='cuda:1') tensor(0.1000, device='cuda:1') tensor(0.2188, device='cuda:1')
tensor(0.6969, device='cuda:1') tensor(0.1000, device='cuda:1') tensor(0.2031, device='cuda:1')
tensor(0.6187, device='cuda:1') tensor(0.1000, device='cuda:1') tensor(0.2812, device='cuda:1')
tensor(0.6500, device='cuda:1') tensor(0.1000, device='cuda:1') tensor(0.2500, device='cuda:1')
tensor(0.6500, device='cuda:1') tensor(0.1000, device='cuda:1') tensor(0.2500, device='cuda:1')
tensor(0.5953, device='cuda:1') tensor(0.1000, device='cuda:1') tensor(0.3047, device='cuda:1')
tensor(0.6734, device='cuda:1') tensor(0.1000, device='cuda:1') tensor(0.2266, device='cuda:1')
tensor(0.8062, device='cuda:1') tensor(0.1000, device='cuda:1') tensor(0.0938, device='cuda:1')
tensor(0.8531, device='cuda:1') tensor(0.1000, device='cuda:1') tensor(0.0469, device='cuda:1')
time 2.62
error 344365.0625
18 mlp.up_proj
Quantizing ...
tensor(0.5719, device='cuda:1') tensor(0.1000, device='cuda:1') tensor(0.3281, device='cuda:1')
tensor(0.7047, device='cuda:1') tensor(0.1000, device='cuda:1') tensor(0.1953, device='cuda:1')
tensor(0.7828, device='cuda:1') tensor(0.1000, device='cuda:1') tensor(0.1172, device='cuda:1')
tensor(0.8687, device='cuda:1') tensor(0.1000, device='cuda:1') tensor(0.0312, device='cuda:1')
tensor(0.7984, device='cuda:1') tensor(0.1000, device='cuda:1') tensor(0.1016, device='cuda:1')
tensor(0.7359, device='cuda:1') tensor(0.1000, device='cuda:1') tensor(0.1641, device='cuda:1')
tensor(0.6891, device='cuda:1') tensor(0.1000, device='cuda:1') tensor(0.2109, device='cuda:1')
tensor(0.8453, device='cuda:1') tensor(0.1000, device='cuda:1') tensor(0.0547, device='cuda:1')
tensor(0.7672, device='cuda:1') tensor(0.1000, device='cuda:1') tensor(0.1328, device='cuda:1')
tensor(0.6891, device='cuda:1') tensor(0.1000, device='cuda:1') tensor(0.2109, device='cuda:1')
tensor(0.6656, device='cuda:1') tensor(0.1000, device='cuda:1') tensor(0.2344, device='cuda:1')
tensor(0.5562, device='cuda:1') tensor(0.1000, device='cuda:1') tensor(0.3438, device='cuda:1')
tensor(0.7437, device='cuda:1') tensor(0.1000, device='cuda:1') tensor(0.1562, device='cuda:1')
tensor(0.6656, device='cuda:1') tensor(0.1000, device='cuda:1') tensor(0.2344, device='cuda:1')
tensor(0.5172, device='cuda:1') tensor(0.1000, device='cuda:1') tensor(0.3828, device='cuda:1')
tensor(0.5641, device='cuda:1') tensor(0.1000, device='cuda:1') tensor(0.3359, device='cuda:1')
tensor(0.5719, device='cuda:1') tensor(0.1000, device='cuda:1') tensor(0.3281, device='cuda:1')
tensor(0.6734, device='cuda:1') tensor(0.1000, device='cuda:1') tensor(0.2266, device='cuda:1')
tensor(0.8141, device='cuda:1') tensor(0.1000, device='cuda:1') tensor(0.0859, device='cuda:1')
tensor(0.8453, device='cuda:1') tensor(0.1000, device='cuda:1') tensor(0.0547, device='cuda:1')
time 2.51
error 340673.5625
18 mlp.down_proj
Quantizing ...
tensor(0.7437, device='cuda:1') tensor(0.1000, device='cuda:1') tensor(0.1562, device='cuda:1')
tensor(0.8766, device='cuda:1') tensor(0.1000, device='cuda:1') tensor(0.0234, device='cuda:1')
tensor(0.8766, device='cuda:1') tensor(0.1000, device='cuda:1') tensor(0.0234, device='cuda:1')
tensor(0.8531, device='cuda:1') tensor(0.1000, device='cuda:1') tensor(0.0469, device='cuda:1')
tensor(0.8297, device='cuda:1') tensor(0.1000, device='cuda:1') tensor(0.0703, device='cuda:1')
tensor(0.8219, device='cuda:1') tensor(0.1000, device='cuda:1') tensor(0.0781, device='cuda:1')
tensor(0.8688, device='cuda:1') tensor(0.1000, device='cuda:1') tensor(0.0312, device='cuda:1')
tensor(0.8688, device='cuda:1') tensor(0.1000, device='cuda:1') tensor(0.0312, device='cuda:1')
tensor(0.8609, device='cuda:1') tensor(0.1000, device='cuda:1') tensor(0.0391, device='cuda:1')
tensor(0.8688, device='cuda:1') tensor(0.1000, device='cuda:1') tensor(0.0312, device='cuda:1')
tensor(0.8531, device='cuda:1') tensor(0.1000, device='cuda:1') tensor(0.0469, device='cuda:1')
tensor(0.8688, device='cuda:1') tensor(0.1000, device='cuda:1') tensor(0.0312, device='cuda:1')
tensor(0.8609, device='cuda:1') tensor(0.1000, device='cuda:1') tensor(0.0391, device='cuda:1')
tensor(0.8375, device='cuda:1') tensor(0.1000, device='cuda:1') tensor(0.0625, device='cuda:1')
tensor(0.8531, device='cuda:1') tensor(0.1000, device='cuda:1') tensor(0.0469, device='cuda:1')
tensor(0.8609, device='cuda:1') tensor(0.1000, device='cuda:1') tensor(0.0391, device='cuda:1')
tensor(0.8531, device='cuda:1') tensor(0.1000, device='cuda:1') tensor(0.0469, device='cuda:1')
tensor(0.8453, device='cuda:1') tensor(0.1000, device='cuda:1') tensor(0.0547, device='cuda:1')
tensor(0.8531, device='cuda:1') tensor(0.1000, device='cuda:1') tensor(0.0469, device='cuda:1')
tensor(0.7516, device='cuda:1') tensor(0.1000, device='cuda:1') tensor(0.1484, device='cuda:1')
tensor(0.8141, device='cuda:1') tensor(0.1000, device='cuda:1') tensor(0.0859, device='cuda:1')
tensor(0.8609, device='cuda:1') tensor(0.1000, device='cuda:1') tensor(0.0391, device='cuda:1')
tensor(0.8141, device='cuda:1') tensor(0.1000, device='cuda:1') tensor(0.0859, device='cuda:1')
tensor(0.8609, device='cuda:1') tensor(0.1000, device='cuda:1') tensor(0.0391, device='cuda:1')
tensor(0.8688, device='cuda:1') tensor(0.1000, device='cuda:1') tensor(0.0312, device='cuda:1')
tensor(0.8453, device='cuda:1') tensor(0.1000, device='cuda:1') tensor(0.0547, device='cuda:1')
tensor(0.8375, device='cuda:1') tensor(0.1000, device='cuda:1') tensor(0.0625, device='cuda:1')
tensor(0.6422, device='cuda:1') tensor(0.1000, device='cuda:1') tensor(0.2578, device='cuda:1')
tensor(0.8609, device='cuda:1') tensor(0.1000, device='cuda:1') tensor(0.0391, device='cuda:1')
tensor(0.8219, device='cuda:1') tensor(0.1000, device='cuda:1') tensor(0.0781, device='cuda:1')
tensor(0.8531, device='cuda:1') tensor(0.1000, device='cuda:1') tensor(0.0469, device='cuda:1')
tensor(0.8375, device='cuda:1') tensor(0.1000, device='cuda:1') tensor(0.0625, device='cuda:1')
tensor(0.8609, device='cuda:1') tensor(0.1000, device='cuda:1') tensor(0.0391, device='cuda:1')
tensor(0.8297, device='cuda:1') tensor(0.1000, device='cuda:1') tensor(0.0703, device='cuda:1')
tensor(0.8453, device='cuda:1') tensor(0.1000, device='cuda:1') tensor(0.0547, device='cuda:1')
tensor(0.8531, device='cuda:1') tensor(0.1000, device='cuda:1') tensor(0.0469, device='cuda:1')
tensor(0.8609, device='cuda:1') tensor(0.1000, device='cuda:1') tensor(0.0391, device='cuda:1')
tensor(0.8375, device='cuda:1') tensor(0.1000, device='cuda:1') tensor(0.0625, device='cuda:1')
tensor(0.8297, device='cuda:1') tensor(0.1000, device='cuda:1') tensor(0.0703, device='cuda:1')
tensor(0.8453, device='cuda:1') tensor(0.1000, device='cuda:1') tensor(0.0547, device='cuda:1')
tensor(0.8375, device='cuda:1') tensor(0.1000, device='cuda:1') tensor(0.0625, device='cuda:1')
tensor(0.8688, device='cuda:1') tensor(0.1000, device='cuda:1') tensor(0.0312, device='cuda:1')
tensor(0.8531, device='cuda:1') tensor(0.1000, device='cuda:1') tensor(0.0469, device='cuda:1')
tensor(0.8531, device='cuda:1') tensor(0.1000, device='cuda:1') tensor(0.0469, device='cuda:1')
tensor(0.8219, device='cuda:1') tensor(0.1000, device='cuda:1') tensor(0.0781, device='cuda:1')
tensor(0.8531, device='cuda:1') tensor(0.1000, device='cuda:1') tensor(0.0469, device='cuda:1')
tensor(0.8297, device='cuda:1') tensor(0.1000, device='cuda:1') tensor(0.0703, device='cuda:1')
tensor(0.8453, device='cuda:1') tensor(0.1000, device='cuda:1') tensor(0.0547, device='cuda:1')
tensor(0.8609, device='cuda:1') tensor(0.1000, device='cuda:1') tensor(0.0391, device='cuda:1')
tensor(0.8375, device='cuda:1') tensor(0.1000, device='cuda:1') tensor(0.0625, device='cuda:1')
tensor(0.7672, device='cuda:1') tensor(0.1000, device='cuda:1') tensor(0.1328, device='cuda:1')
tensor(0.8453, device='cuda:1') tensor(0.1000, device='cuda:1') tensor(0.0547, device='cuda:1')
tensor(0.7516, device='cuda:1') tensor(0.1000, device='cuda:1') tensor(0.1484, device='cuda:1')
tensor(0.8609, device='cuda:1') tensor(0.1000, device='cuda:1') tensor(0.0391, device='cuda:1')
tensor(0.8609, device='cuda:1') tensor(0.1000, device='cuda:1') tensor(0.0391, device='cuda:1')
tensor(0.8609, device='cuda:1') tensor(0.1000, device='cuda:1') tensor(0.0391, device='cuda:1')
tensor(0.8141, device='cuda:1') tensor(0.1000, device='cuda:1') tensor(0.0859, device='cuda:1')
tensor(0.8531, device='cuda:1') tensor(0.1000, device='cuda:1') tensor(0.0469, device='cuda:1')
tensor(0.8297, device='cuda:1') tensor(0.1000, device='cuda:1') tensor(0.0703, device='cuda:1')
tensor(0.8453, device='cuda:1') tensor(0.1000, device='cuda:1') tensor(0.0547, device='cuda:1')
tensor(0.8609, device='cuda:1') tensor(0.1000, device='cuda:1') tensor(0.0391, device='cuda:1')
tensor(0.8375, device='cuda:1') tensor(0.1000, device='cuda:1') tensor(0.0625, device='cuda:1')
tensor(0.8375, device='cuda:1') tensor(0.1000, device='cuda:1') tensor(0.0625, device='cuda:1')
tensor(0.8141, device='cuda:1') tensor(0.1000, device='cuda:1') tensor(0.0859, device='cuda:1')
tensor(0.8531, device='cuda:1') tensor(0.1000, device='cuda:1') tensor(0.0469, device='cuda:1')
tensor(0.8375, device='cuda:1') tensor(0.1000, device='cuda:1') tensor(0.0625, device='cuda:1')
tensor(0.8531, device='cuda:1') tensor(0.1000, device='cuda:1') tensor(0.0469, device='cuda:1')
tensor(0.8453, device='cuda:1') tensor(0.1000, device='cuda:1') tensor(0.0547, device='cuda:1')
tensor(0.8297, device='cuda:1') tensor(0.1000, device='cuda:1') tensor(0.0703, device='cuda:1')
tensor(0.8531, device='cuda:1') tensor(0.1000, device='cuda:1') tensor(0.0469, device='cuda:1')
tensor(0.8609, device='cuda:1') tensor(0.1000, device='cuda:1') tensor(0.0391, device='cuda:1')
tensor(0.8688, device='cuda:1') tensor(0.1000, device='cuda:1') tensor(0.0312, device='cuda:1')
tensor(0.7203, device='cuda:1') tensor(0.1000, device='cuda:1') tensor(0.1797, device='cuda:1')
tensor(0.8531, device='cuda:1') tensor(0.1000, device='cuda:1') tensor(0.0469, device='cuda:1')
tensor(0.8609, device='cuda:1') tensor(0.1000, device='cuda:1') tensor(0.0391, device='cuda:1')
tensor(0.8297, device='cuda:1') tensor(0.1000, device='cuda:1') tensor(0.0703, device='cuda:1')
time 6.71
error 39561.078125
19 self_attn.q_proj
Quantizing ...
tensor(0.8062, device='cuda:1') tensor(0.1000, device='cuda:1') tensor(0.0938, device='cuda:1')
tensor(0.8766, device='cuda:1') tensor(0.1000, device='cuda:1') tensor(0.0234, device='cuda:1')
tensor(0.8766, device='cuda:1') tensor(0.1000, device='cuda:1') tensor(0.0234, device='cuda:1')
tensor(0.8766, device='cuda:1') tensor(0.1000, device='cuda:1') tensor(0.0234, device='cuda:1')
tensor(0.8531, device='cuda:1') tensor(0.1000, device='cuda:1') tensor(0.0469, device='cuda:1')
tensor(0.8609, device='cuda:1') tensor(0.1000, device='cuda:1') tensor(0.0391, device='cuda:1')
tensor(0.8219, device='cuda:1') tensor(0.1000, device='cuda:1') tensor(0.0781, device='cuda:1')
tensor(0.8219, device='cuda:1') tensor(0.1000, device='cuda:1') tensor(0.0781, device='cuda:1')
tensor(0.8531, device='cuda:1') tensor(0.1000, device='cuda:1') tensor(0.0469, device='cuda:1')
tensor(0.6891, device='cuda:1') tensor(0.1000, device='cuda:1') tensor(0.2109, device='cuda:1')
tensor(0.6344, device='cuda:1') tensor(0.1000, device='cuda:1') tensor(0.2656, device='cuda:1')
tensor(0.6656, device='cuda:1') tensor(0.1000, device='cuda:1') tensor(0.2344, device='cuda:1')
tensor(0.6734, device='cuda:1') tensor(0.1000, device='cuda:1') tensor(0.2266, device='cuda:1')
tensor(0.6734, device='cuda:1') tensor(0.1000, device='cuda:1') tensor(0.2266, device='cuda:1')
tensor(0.6656, device='cuda:1') tensor(0.1000, device='cuda:1') tensor(0.2344, device='cuda:1')
tensor(0.6969, device='cuda:1') tensor(0.1000, device='cuda:1') tensor(0.2031, device='cuda:1')
tensor(0.6969, device='cuda:1') tensor(0.1000, device='cuda:1') tensor(0.2031, device='cuda:1')
tensor(0.6344, device='cuda:1') tensor(0.1000, device='cuda:1') tensor(0.2656, device='cuda:1')
tensor(0.5953, device='cuda:1') tensor(0.1000, device='cuda:1') tensor(0.3047, device='cuda:1')
tensor(0.8219, device='cuda:1') tensor(0.1000, device='cuda:1') tensor(0.0781, device='cuda:1')
time 2.07
error 223788.890625
19 self_attn.k_proj
Quantizing ...
tensor(0.7281, device='cuda:1') tensor(0.1000, device='cuda:1') tensor(0.1719, device='cuda:1')
tensor(0.7594, device='cuda:1') tensor(0.1000, device='cuda:1') tensor(0.1406, device='cuda:1')
tensor(0.7516, device='cuda:1') tensor(0.1000, device='cuda:1') tensor(0.1484, device='cuda:1')
tensor(0.8687, device='cuda:1') tensor(0.1000, device='cuda:1') tensor(0.0312, device='cuda:1')
tensor(0.8375, device='cuda:1') tensor(0.1000, device='cuda:1') tensor(0.0625, device='cuda:1')
tensor(0.8453, device='cuda:1') tensor(0.1000, device='cuda:1') tensor(0.0547, device='cuda:1')
tensor(0.8453, device='cuda:1') tensor(0.1000, device='cuda:1') tensor(0.0547, device='cuda:1')
tensor(0.8609, device='cuda:1') tensor(0.1000, device='cuda:1') tensor(0.0391, device='cuda:1')
tensor(0.7203, device='cuda:1') tensor(0.1000, device='cuda:1') tensor(0.1797, device='cuda:1')
tensor(0.6109, device='cuda:1') tensor(0.1000, device='cuda:1') tensor(0.2891, device='cuda:1')
tensor(0.5172, device='cuda:1') tensor(0.1000, device='cuda:1') tensor(0.3828, device='cuda:1')
tensor(0.7437, device='cuda:1') tensor(0.1000, device='cuda:1') tensor(0.1562, device='cuda:1')
tensor(0.6891, device='cuda:1') tensor(0.1000, device='cuda:1') tensor(0.2109, device='cuda:1')
tensor(0.7750, device='cuda:1') tensor(0.1000, device='cuda:1') tensor(0.1250, device='cuda:1')
tensor(0.7984, device='cuda:1') tensor(0.1000, device='cuda:1') tensor(0.1016, device='cuda:1')
tensor(0.7984, device='cuda:1') tensor(0.1000, device='cuda:1') tensor(0.1016, device='cuda:1')
tensor(0.8219, device='cuda:1') tensor(0.1000, device='cuda:1') tensor(0.0781, device='cuda:1')
tensor(0.5172, device='cuda:1') tensor(0.1000, device='cuda:1') tensor(0.3828, device='cuda:1')
tensor(0.8297, device='cuda:1') tensor(0.1000, device='cuda:1') tensor(0.0703, device='cuda:1')
tensor(0.8609, device='cuda:1') tensor(0.1000, device='cuda:1') tensor(0.0391, device='cuda:1')
time 1.58
error 52667.4375
19 self_attn.v_proj
Quantizing ...
tensor(0.7125, device='cuda:1') tensor(0.1000, device='cuda:1') tensor(0.1875, device='cuda:1')
tensor(0.8453, device='cuda:1') tensor(0.1000, device='cuda:1') tensor(0.0547, device='cuda:1')
tensor(0.8609, device='cuda:1') tensor(0.1000, device='cuda:1') tensor(0.0391, device='cuda:1')
tensor(0.8609, device='cuda:1') tensor(0.1000, device='cuda:1') tensor(0.0391, device='cuda:1')
tensor(0.8453, device='cuda:1') tensor(0.1000, device='cuda:1') tensor(0.0547, device='cuda:1')
tensor(0.8375, device='cuda:1') tensor(0.1000, device='cuda:1') tensor(0.0625, device='cuda:1')
tensor(0.7672, device='cuda:1') tensor(0.1000, device='cuda:1') tensor(0.1328, device='cuda:1')
tensor(0.7750, device='cuda:1') tensor(0.1000, device='cuda:1') tensor(0.1250, device='cuda:1')
tensor(0.6969, device='cuda:1') tensor(0.1000, device='cuda:1') tensor(0.2031, device='cuda:1')
tensor(0.6031, device='cuda:1') tensor(0.1000, device='cuda:1') tensor(0.2969, device='cuda:1')
tensor(0.5328, device='cuda:1') tensor(0.1000, device='cuda:1') tensor(0.3672, device='cuda:1')
tensor(0.6187, device='cuda:1') tensor(0.1000, device='cuda:1') tensor(0.2812, device='cuda:1')
tensor(0.5562, device='cuda:1') tensor(0.1000, device='cuda:1') tensor(0.3438, device='cuda:1')
tensor(0.5719, device='cuda:1') tensor(0.1000, device='cuda:1') tensor(0.3281, device='cuda:1')
tensor(0.5484, device='cuda:1') tensor(0.1000, device='cuda:1') tensor(0.3516, device='cuda:1')
tensor(0.6578, device='cuda:1') tensor(0.1000, device='cuda:1') tensor(0.2422, device='cuda:1')
tensor(0.5797, device='cuda:1') tensor(0.1000, device='cuda:1') tensor(0.3203, device='cuda:1')
tensor(0.5719, device='cuda:1') tensor(0.1000, device='cuda:1') tensor(0.3281, device='cuda:1')
tensor(0.6656, device='cuda:1') tensor(0.1000, device='cuda:1') tensor(0.2344, device='cuda:1')
tensor(0.7281, device='cuda:1') tensor(0.1000, device='cuda:1') tensor(0.1719, device='cuda:1')
time 1.62
error 54370.44140625
19 self_attn.o_proj
Quantizing ...
tensor(0.8375, device='cuda:1') tensor(0.1000, device='cuda:1') tensor(0.0625, device='cuda:1')
tensor(0.7828, device='cuda:1') tensor(0.1000, device='cuda:1') tensor(0.1172, device='cuda:1')
tensor(0.8141, device='cuda:1') tensor(0.1000, device='cuda:1') tensor(0.0859, device='cuda:1')
tensor(0.7672, device='cuda:1') tensor(0.1000, device='cuda:1') tensor(0.1328, device='cuda:1')
tensor(0.7438, device='cuda:1') tensor(0.1000, device='cuda:1') tensor(0.1562, device='cuda:1')
tensor(0.7125, device='cuda:1') tensor(0.1000, device='cuda:1') tensor(0.1875, device='cuda:1')
tensor(0.6500, device='cuda:1') tensor(0.1000, device='cuda:1') tensor(0.2500, device='cuda:1')
tensor(0.6188, device='cuda:1') tensor(0.1000, device='cuda:1') tensor(0.2812, device='cuda:1')
tensor(0.8375, device='cuda:1') tensor(0.1000, device='cuda:1') tensor(0.0625, device='cuda:1')
tensor(0.7672, device='cuda:1') tensor(0.1000, device='cuda:1') tensor(0.1328, device='cuda:1')
tensor(0.8453, device='cuda:1') tensor(0.1000, device='cuda:1') tensor(0.0547, device='cuda:1')
tensor(0.6656, device='cuda:1') tensor(0.1000, device='cuda:1') tensor(0.2344, device='cuda:1')
tensor(0.7438, device='cuda:1') tensor(0.1000, device='cuda:1') tensor(0.1562, device='cuda:1')
tensor(0.7438, device='cuda:1') tensor(0.1000, device='cuda:1') tensor(0.1562, device='cuda:1')
tensor(0.8141, device='cuda:1') tensor(0.1000, device='cuda:1') tensor(0.0859, device='cuda:1')
tensor(0.6578, device='cuda:1') tensor(0.1000, device='cuda:1') tensor(0.2422, device='cuda:1')
tensor(0.7281, device='cuda:1') tensor(0.1000, device='cuda:1') tensor(0.1719, device='cuda:1')
tensor(0.8453, device='cuda:1') tensor(0.1000, device='cuda:1') tensor(0.0547, device='cuda:1')
tensor(0.8531, device='cuda:1') tensor(0.1000, device='cuda:1') tensor(0.0469, device='cuda:1')
tensor(0.7281, device='cuda:1') tensor(0.1000, device='cuda:1') tensor(0.1719, device='cuda:1')
tensor(0.7203, device='cuda:1') tensor(0.1000, device='cuda:1') tensor(0.1797, device='cuda:1')
tensor(0.8375, device='cuda:1') tensor(0.1000, device='cuda:1') tensor(0.0625, device='cuda:1')
tensor(0.6813, device='cuda:1') tensor(0.1000, device='cuda:1') tensor(0.2188, device='cuda:1')
tensor(0.7516, device='cuda:1') tensor(0.1000, device='cuda:1') tensor(0.1484, device='cuda:1')
tensor(0.7984, device='cuda:1') tensor(0.1000, device='cuda:1') tensor(0.1016, device='cuda:1')
tensor(0.8219, device='cuda:1') tensor(0.1000, device='cuda:1') tensor(0.0781, device='cuda:1')
tensor(0.8688, device='cuda:1') tensor(0.1000, device='cuda:1') tensor(0.0312, device='cuda:1')
tensor(0.8531, device='cuda:1') tensor(0.1000, device='cuda:1') tensor(0.0469, device='cuda:1')
tensor(0.8531, device='cuda:1') tensor(0.1000, device='cuda:1') tensor(0.0469, device='cuda:1')
tensor(0.8453, device='cuda:1') tensor(0.1000, device='cuda:1') tensor(0.0547, device='cuda:1')
tensor(0.8297, device='cuda:1') tensor(0.1000, device='cuda:1') tensor(0.0703, device='cuda:1')
tensor(0.8688, device='cuda:1') tensor(0.1000, device='cuda:1') tensor(0.0312, device='cuda:1')
time 2.80
error 30132.38671875
19 mlp.gate_proj
Quantizing ...
tensor(0.8219, device='cuda:1') tensor(0.1000, device='cuda:1') tensor(0.0781, device='cuda:1')
tensor(0.5172, device='cuda:1') tensor(0.1000, device='cuda:1') tensor(0.3828, device='cuda:1')
tensor(0.5172, device='cuda:1') tensor(0.1000, device='cuda:1') tensor(0.3828, device='cuda:1')
tensor(0.8609, device='cuda:1') tensor(0.1000, device='cuda:1') tensor(0.0391, device='cuda:1')
tensor(0.5641, device='cuda:1') tensor(0.1000, device='cuda:1') tensor(0.3359, device='cuda:1')
tensor(0.6109, device='cuda:1') tensor(0.1000, device='cuda:1') tensor(0.2891, device='cuda:1')
tensor(0.5172, device='cuda:1') tensor(0.1000, device='cuda:1') tensor(0.3828, device='cuda:1')
tensor(0.8453, device='cuda:1') tensor(0.1000, device='cuda:1') tensor(0.0547, device='cuda:1')
tensor(0.8297, device='cuda:1') tensor(0.1000, device='cuda:1') tensor(0.0703, device='cuda:1')
tensor(0.7437, device='cuda:1') tensor(0.1000, device='cuda:1') tensor(0.1562, device='cuda:1')
tensor(0.6891, device='cuda:1') tensor(0.1000, device='cuda:1') tensor(0.2109, device='cuda:1')
tensor(0.6969, device='cuda:1') tensor(0.1000, device='cuda:1') tensor(0.2031, device='cuda:1')
tensor(0.7359, device='cuda:1') tensor(0.1000, device='cuda:1') tensor(0.1641, device='cuda:1')
tensor(0.7125, device='cuda:1') tensor(0.1000, device='cuda:1') tensor(0.1875, device='cuda:1')
tensor(0.6891, device='cuda:1') tensor(0.1000, device='cuda:1') tensor(0.2109, device='cuda:1')
tensor(0.7281, device='cuda:1') tensor(0.1000, device='cuda:1') tensor(0.1719, device='cuda:1')
tensor(0.6891, device='cuda:1') tensor(0.1000, device='cuda:1') tensor(0.2109, device='cuda:1')
tensor(0.7125, device='cuda:1') tensor(0.1000, device='cuda:1') tensor(0.1875, device='cuda:1')
tensor(0.5562, device='cuda:1') tensor(0.1000, device='cuda:1') tensor(0.3438, device='cuda:1')
tensor(0.8531, device='cuda:1') tensor(0.1000, device='cuda:1') tensor(0.0469, device='cuda:1')
time 2.39
error 362832.125
19 mlp.up_proj
Quantizing ...
tensor(0.5406, device='cuda:1') tensor(0.1000, device='cuda:1') tensor(0.3594, device='cuda:1')
tensor(0.5172, device='cuda:1') tensor(0.1000, device='cuda:1') tensor(0.3828, device='cuda:1')
tensor(0.5172, device='cuda:1') tensor(0.1000, device='cuda:1') tensor(0.3828, device='cuda:1')
tensor(0.8609, device='cuda:1') tensor(0.1000, device='cuda:1') tensor(0.0391, device='cuda:1')
tensor(0.7984, device='cuda:1') tensor(0.1000, device='cuda:1') tensor(0.1016, device='cuda:1')
tensor(0.8219, device='cuda:1') tensor(0.1000, device='cuda:1') tensor(0.0781, device='cuda:1')
tensor(0.7828, device='cuda:1') tensor(0.1000, device='cuda:1') tensor(0.1172, device='cuda:1')
tensor(0.8453, device='cuda:1') tensor(0.1000, device='cuda:1') tensor(0.0547, device='cuda:1')
tensor(0.8062, device='cuda:1') tensor(0.1000, device='cuda:1') tensor(0.0938, device='cuda:1')
tensor(0.6734, device='cuda:1') tensor(0.1000, device='cuda:1') tensor(0.2266, device='cuda:1')
tensor(0.7047, device='cuda:1') tensor(0.1000, device='cuda:1') tensor(0.1953, device='cuda:1')
tensor(0.6109, device='cuda:1') tensor(0.1000, device='cuda:1') tensor(0.2891, device='cuda:1')
tensor(0.6734, device='cuda:1') tensor(0.1000, device='cuda:1') tensor(0.2266, device='cuda:1')
tensor(0.6734, device='cuda:1') tensor(0.1000, device='cuda:1') tensor(0.2266, device='cuda:1')
tensor(0.5406, device='cuda:1') tensor(0.1000, device='cuda:1') tensor(0.3594, device='cuda:1')
tensor(0.6266, device='cuda:1') tensor(0.1000, device='cuda:1') tensor(0.2734, device='cuda:1')
tensor(0.6187, device='cuda:1') tensor(0.1000, device='cuda:1') tensor(0.2812, device='cuda:1')
tensor(0.7750, device='cuda:1') tensor(0.1000, device='cuda:1') tensor(0.1250, device='cuda:1')
tensor(0.7750, device='cuda:1') tensor(0.1000, device='cuda:1') tensor(0.1250, device='cuda:1')
tensor(0.8531, device='cuda:1') tensor(0.1000, device='cuda:1') tensor(0.0469, device='cuda:1')
time 2.38
error 370747.5625
19 mlp.down_proj
Quantizing ...
tensor(0.8609, device='cuda:1') tensor(0.1000, device='cuda:1') tensor(0.0391, device='cuda:1')
tensor(0.8766, device='cuda:1') tensor(0.1000, device='cuda:1') tensor(0.0234, device='cuda:1')
tensor(0.8453, device='cuda:1') tensor(0.1000, device='cuda:1') tensor(0.0547, device='cuda:1')
tensor(0.8766, device='cuda:1') tensor(0.1000, device='cuda:1') tensor(0.0234, device='cuda:1')
tensor(0.8531, device='cuda:1') tensor(0.1000, device='cuda:1') tensor(0.0469, device='cuda:1')
tensor(0.8766, device='cuda:1') tensor(0.1000, device='cuda:1') tensor(0.0234, device='cuda:1')
tensor(0.7750, device='cuda:1') tensor(0.1000, device='cuda:1') tensor(0.1250, device='cuda:1')
tensor(0.7516, device='cuda:1') tensor(0.1000, device='cuda:1') tensor(0.1484, device='cuda:1')
tensor(0.7750, device='cuda:1') tensor(0.1000, device='cuda:1') tensor(0.1250, device='cuda:1')
tensor(0.8375, device='cuda:1') tensor(0.1000, device='cuda:1') tensor(0.0625, device='cuda:1')
tensor(0.7828, device='cuda:1') tensor(0.1000, device='cuda:1') tensor(0.1172, device='cuda:1')
tensor(0.8453, device='cuda:1') tensor(0.1000, device='cuda:1') tensor(0.0547, device='cuda:1')
tensor(0.8063, device='cuda:1') tensor(0.1000, device='cuda:1') tensor(0.0938, device='cuda:1')
tensor(0.8531, device='cuda:1') tensor(0.1000, device='cuda:1') tensor(0.0469, device='cuda:1')
tensor(0.8297, device='cuda:1') tensor(0.1000, device='cuda:1') tensor(0.0703, device='cuda:1')
tensor(0.8531, device='cuda:1') tensor(0.1000, device='cuda:1') tensor(0.0469, device='cuda:1')
tensor(0.7984, device='cuda:1') tensor(0.1000, device='cuda:1') tensor(0.1016, device='cuda:1')
tensor(0.8531, device='cuda:1') tensor(0.1000, device='cuda:1') tensor(0.0469, device='cuda:1')
tensor(0.8609, device='cuda:1') tensor(0.1000, device='cuda:1') tensor(0.0391, device='cuda:1')
tensor(0.8609, device='cuda:1') tensor(0.1000, device='cuda:1') tensor(0.0391, device='cuda:1')
tensor(0.8609, device='cuda:1') tensor(0.1000, device='cuda:1') tensor(0.0391, device='cuda:1')
tensor(0.7984, device='cuda:1') tensor(0.1000, device='cuda:1') tensor(0.1016, device='cuda:1')
tensor(0.8609, device='cuda:1') tensor(0.1000, device='cuda:1') tensor(0.0391, device='cuda:1')
tensor(0.8531, device='cuda:1') tensor(0.1000, device='cuda:1') tensor(0.0469, device='cuda:1')
tensor(0.7984, device='cuda:1') tensor(0.1000, device='cuda:1') tensor(0.1016, device='cuda:1')
tensor(0.8375, device='cuda:1') tensor(0.1000, device='cuda:1') tensor(0.0625, device='cuda:1')
tensor(0.8063, device='cuda:1') tensor(0.1000, device='cuda:1') tensor(0.0938, device='cuda:1')
tensor(0.8063, device='cuda:1') tensor(0.1000, device='cuda:1') tensor(0.0938, device='cuda:1')
tensor(0.8297, device='cuda:1') tensor(0.1000, device='cuda:1') tensor(0.0703, device='cuda:1')
tensor(0.8531, device='cuda:1') tensor(0.1000, device='cuda:1') tensor(0.0469, device='cuda:1')
tensor(0.8219, device='cuda:1') tensor(0.1000, device='cuda:1') tensor(0.0781, device='cuda:1')
tensor(0.8375, device='cuda:1') tensor(0.1000, device='cuda:1') tensor(0.0625, device='cuda:1')
tensor(0.8688, device='cuda:1') tensor(0.1000, device='cuda:1') tensor(0.0312, device='cuda:1')
tensor(0.8219, device='cuda:1') tensor(0.1000, device='cuda:1') tensor(0.0781, device='cuda:1')
tensor(0.8453, device='cuda:1') tensor(0.1000, device='cuda:1') tensor(0.0547, device='cuda:1')
tensor(0.8531, device='cuda:1') tensor(0.1000, device='cuda:1') tensor(0.0469, device='cuda:1')
tensor(0.8531, device='cuda:1') tensor(0.1000, device='cuda:1') tensor(0.0469, device='cuda:1')
tensor(0.7906, device='cuda:1') tensor(0.1000, device='cuda:1') tensor(0.1094, device='cuda:1')
tensor(0.8609, device='cuda:1') tensor(0.1000, device='cuda:1') tensor(0.0391, device='cuda:1')
tensor(0.8531, device='cuda:1') tensor(0.1000, device='cuda:1') tensor(0.0469, device='cuda:1')
tensor(0.8453, device='cuda:1') tensor(0.1000, device='cuda:1') tensor(0.0547, device='cuda:1')
tensor(0.8688, device='cuda:1') tensor(0.1000, device='cuda:1') tensor(0.0312, device='cuda:1')
tensor(0.8531, device='cuda:1') tensor(0.1000, device='cuda:1') tensor(0.0469, device='cuda:1')
tensor(0.8609, device='cuda:1') tensor(0.1000, device='cuda:1') tensor(0.0391, device='cuda:1')
tensor(0.8688, device='cuda:1') tensor(0.1000, device='cuda:1') tensor(0.0312, device='cuda:1')
tensor(0.8531, device='cuda:1') tensor(0.1000, device='cuda:1') tensor(0.0469, device='cuda:1')
tensor(0.8766, device='cuda:1') tensor(0.1000, device='cuda:1') tensor(0.0234, device='cuda:1')
tensor(0.8609, device='cuda:1') tensor(0.1000, device='cuda:1') tensor(0.0391, device='cuda:1')
tensor(0.8609, device='cuda:1') tensor(0.1000, device='cuda:1') tensor(0.0391, device='cuda:1')
tensor(0.8609, device='cuda:1') tensor(0.1000, device='cuda:1') tensor(0.0391, device='cuda:1')
tensor(0.8531, device='cuda:1') tensor(0.1000, device='cuda:1') tensor(0.0469, device='cuda:1')
tensor(0.8766, device='cuda:1') tensor(0.1000, device='cuda:1') tensor(0.0234, device='cuda:1')
tensor(0.8609, device='cuda:1') tensor(0.1000, device='cuda:1') tensor(0.0391, device='cuda:1')
tensor(0.8375, device='cuda:1') tensor(0.1000, device='cuda:1') tensor(0.0625, device='cuda:1')
tensor(0.8531, device='cuda:1') tensor(0.1000, device='cuda:1') tensor(0.0469, device='cuda:1')
tensor(0.8688, device='cuda:1') tensor(0.1000, device='cuda:1') tensor(0.0312, device='cuda:1')
tensor(0.8531, device='cuda:1') tensor(0.1000, device='cuda:1') tensor(0.0469, device='cuda:1')
tensor(0.8609, device='cuda:1') tensor(0.1000, device='cuda:1') tensor(0.0391, device='cuda:1')
tensor(0.8453, device='cuda:1') tensor(0.1000, device='cuda:1') tensor(0.0547, device='cuda:1')
tensor(0.8766, device='cuda:1') tensor(0.1000, device='cuda:1') tensor(0.0234, device='cuda:1')
tensor(0.8531, device='cuda:1') tensor(0.1000, device='cuda:1') tensor(0.0469, device='cuda:1')
tensor(0.8453, device='cuda:1') tensor(0.1000, device='cuda:1') tensor(0.0547, device='cuda:1')
tensor(0.8531, device='cuda:1') tensor(0.1000, device='cuda:1') tensor(0.0469, device='cuda:1')
tensor(0.8609, device='cuda:1') tensor(0.1000, device='cuda:1') tensor(0.0391, device='cuda:1')
tensor(0.8688, device='cuda:1') tensor(0.1000, device='cuda:1') tensor(0.0312, device='cuda:1')
tensor(0.8531, device='cuda:1') tensor(0.1000, device='cuda:1') tensor(0.0469, device='cuda:1')
tensor(0.8688, device='cuda:1') tensor(0.1000, device='cuda:1') tensor(0.0312, device='cuda:1')
tensor(0.8609, device='cuda:1') tensor(0.1000, device='cuda:1') tensor(0.0391, device='cuda:1')
tensor(0.8531, device='cuda:1') tensor(0.1000, device='cuda:1') tensor(0.0469, device='cuda:1')
tensor(0.8063, device='cuda:1') tensor(0.1000, device='cuda:1') tensor(0.0938, device='cuda:1')
tensor(0.8688, device='cuda:1') tensor(0.1000, device='cuda:1') tensor(0.0312, device='cuda:1')
tensor(0.8531, device='cuda:1') tensor(0.1000, device='cuda:1') tensor(0.0469, device='cuda:1')
tensor(0.7750, device='cuda:1') tensor(0.1000, device='cuda:1') tensor(0.1250, device='cuda:1')
tensor(0.8688, device='cuda:1') tensor(0.1000, device='cuda:1') tensor(0.0312, device='cuda:1')
tensor(0.8219, device='cuda:1') tensor(0.1000, device='cuda:1') tensor(0.0781, device='cuda:1')
tensor(0.8609, device='cuda:1') tensor(0.1000, device='cuda:1') tensor(0.0391, device='cuda:1')
time 6.80
error 56917.140625
20 self_attn.q_proj
Quantizing ...
tensor(0.6891, device='cuda:1') tensor(0.1000, device='cuda:1') tensor(0.2109, device='cuda:1')
tensor(0.8687, device='cuda:1') tensor(0.1000, device='cuda:1') tensor(0.0312, device='cuda:1')
tensor(0.8687, device='cuda:1') tensor(0.1000, device='cuda:1') tensor(0.0312, device='cuda:1')
tensor(0.8609, device='cuda:1') tensor(0.1000, device='cuda:1') tensor(0.0391, device='cuda:1')
tensor(0.8531, device='cuda:1') tensor(0.1000, device='cuda:1') tensor(0.0469, device='cuda:1')
tensor(0.8453, device='cuda:1') tensor(0.1000, device='cuda:1') tensor(0.0547, device='cuda:1')
tensor(0.8453, device='cuda:1') tensor(0.1000, device='cuda:1') tensor(0.0547, device='cuda:1')
tensor(0.8375, device='cuda:1') tensor(0.1000, device='cuda:1') tensor(0.0625, device='cuda:1')
tensor(0.8219, device='cuda:1') tensor(0.1000, device='cuda:1') tensor(0.0781, device='cuda:1')
tensor(0.6656, device='cuda:1') tensor(0.1000, device='cuda:1') tensor(0.2344, device='cuda:1')
tensor(0.8453, device='cuda:1') tensor(0.1000, device='cuda:1') tensor(0.0547, device='cuda:1')
tensor(0.6422, device='cuda:1') tensor(0.1000, device='cuda:1') tensor(0.2578, device='cuda:1')
tensor(0.6422, device='cuda:1') tensor(0.1000, device='cuda:1') tensor(0.2578, device='cuda:1')
tensor(0.6266, device='cuda:1') tensor(0.1000, device='cuda:1') tensor(0.2734, device='cuda:1')
tensor(0.5172, device='cuda:1') tensor(0.1000, device='cuda:1') tensor(0.3828, device='cuda:1')
tensor(0.6031, device='cuda:1') tensor(0.1000, device='cuda:1') tensor(0.2969, device='cuda:1')
tensor(0.6031, device='cuda:1') tensor(0.1000, device='cuda:1') tensor(0.2969, device='cuda:1')
tensor(0.5797, device='cuda:1') tensor(0.1000, device='cuda:1') tensor(0.3203, device='cuda:1')
tensor(0.8375, device='cuda:1') tensor(0.1000, device='cuda:1') tensor(0.0625, device='cuda:1')
tensor(0.8687, device='cuda:1') tensor(0.1000, device='cuda:1') tensor(0.0312, device='cuda:1')
time 2.08
error 206224.515625
20 self_attn.k_proj
Quantizing ...
tensor(0.7750, device='cuda:1') tensor(0.1000, device='cuda:1') tensor(0.1250, device='cuda:1')
tensor(0.8219, device='cuda:1') tensor(0.1000, device='cuda:1') tensor(0.0781, device='cuda:1')
tensor(0.7906, device='cuda:1') tensor(0.1000, device='cuda:1') tensor(0.1094, device='cuda:1')
tensor(0.8219, device='cuda:1') tensor(0.1000, device='cuda:1') tensor(0.0781, device='cuda:1')
tensor(0.8531, device='cuda:1') tensor(0.1000, device='cuda:1') tensor(0.0469, device='cuda:1')
tensor(0.8531, device='cuda:1') tensor(0.1000, device='cuda:1') tensor(0.0469, device='cuda:1')
tensor(0.8141, device='cuda:1') tensor(0.1000, device='cuda:1') tensor(0.0859, device='cuda:1')
tensor(0.8219, device='cuda:1') tensor(0.1000, device='cuda:1') tensor(0.0781, device='cuda:1')
tensor(0.8062, device='cuda:1') tensor(0.1000, device='cuda:1') tensor(0.0938, device='cuda:1')
tensor(0.7828, device='cuda:1') tensor(0.1000, device='cuda:1') tensor(0.1172, device='cuda:1')
tensor(0.5250, device='cuda:1') tensor(0.1000, device='cuda:1') tensor(0.3750, device='cuda:1')
tensor(0.5328, device='cuda:1') tensor(0.1000, device='cuda:1') tensor(0.3672, device='cuda:1')
tensor(0.5562, device='cuda:1') tensor(0.1000, device='cuda:1') tensor(0.3438, device='cuda:1')
tensor(0.6187, device='cuda:1') tensor(0.1000, device='cuda:1') tensor(0.2812, device='cuda:1')
tensor(0.6812, device='cuda:1') tensor(0.1000, device='cuda:1') tensor(0.2188, device='cuda:1')
tensor(0.5172, device='cuda:1') tensor(0.1000, device='cuda:1') tensor(0.3828, device='cuda:1')
tensor(0.7437, device='cuda:1') tensor(0.1000, device='cuda:1') tensor(0.1562, device='cuda:1')
tensor(0.5172, device='cuda:1') tensor(0.1000, device='cuda:1') tensor(0.3828, device='cuda:1')
tensor(0.6969, device='cuda:1') tensor(0.1000, device='cuda:1') tensor(0.2031, device='cuda:1')
tensor(0.8531, device='cuda:1') tensor(0.1000, device='cuda:1') tensor(0.0469, device='cuda:1')
time 1.59
error 44232.76171875
20 self_attn.v_proj
Quantizing ...
tensor(0.7125, device='cuda:1') tensor(0.1000, device='cuda:1') tensor(0.1875, device='cuda:1')
tensor(0.8375, device='cuda:1') tensor(0.1000, device='cuda:1') tensor(0.0625, device='cuda:1')
tensor(0.7125, device='cuda:1') tensor(0.1000, device='cuda:1') tensor(0.1875, device='cuda:1')
tensor(0.7750, device='cuda:1') tensor(0.1000, device='cuda:1') tensor(0.1250, device='cuda:1')
tensor(0.8297, device='cuda:1') tensor(0.1000, device='cuda:1') tensor(0.0703, device='cuda:1')
tensor(0.8219, device='cuda:1') tensor(0.1000, device='cuda:1') tensor(0.0781, device='cuda:1')
tensor(0.7906, device='cuda:1') tensor(0.1000, device='cuda:1') tensor(0.1094, device='cuda:1')
tensor(0.7672, device='cuda:1') tensor(0.1000, device='cuda:1') tensor(0.1328, device='cuda:1')
tensor(0.6734, device='cuda:1') tensor(0.1000, device='cuda:1') tensor(0.2266, device='cuda:1')
tensor(0.5328, device='cuda:1') tensor(0.1000, device='cuda:1') tensor(0.3672, device='cuda:1')
tensor(0.5406, device='cuda:1') tensor(0.1000, device='cuda:1') tensor(0.3594, device='cuda:1')
tensor(0.5172, device='cuda:1') tensor(0.1000, device='cuda:1') tensor(0.3828, device='cuda:1')
tensor(0.5406, device='cuda:1') tensor(0.1000, device='cuda:1') tensor(0.3594, device='cuda:1')
tensor(0.5172, device='cuda:1') tensor(0.1000, device='cuda:1') tensor(0.3828, device='cuda:1')
tensor(0.5172, device='cuda:1') tensor(0.1000, device='cuda:1') tensor(0.3828, device='cuda:1')
tensor(0.5641, device='cuda:1') tensor(0.1000, device='cuda:1') tensor(0.3359, device='cuda:1')
tensor(0.6266, device='cuda:1') tensor(0.1000, device='cuda:1') tensor(0.2734, device='cuda:1')
tensor(0.6109, device='cuda:1') tensor(0.1000, device='cuda:1') tensor(0.2891, device='cuda:1')
tensor(0.6891, device='cuda:1') tensor(0.1000, device='cuda:1') tensor(0.2109, device='cuda:1')
tensor(0.8609, device='cuda:1') tensor(0.1000, device='cuda:1') tensor(0.0391, device='cuda:1')
time 1.60
error 48512.95703125
20 self_attn.o_proj
Quantizing ...
tensor(0.8609, device='cuda:1') tensor(0.1000, device='cuda:1') tensor(0.0391, device='cuda:1')
tensor(0.8687, device='cuda:1') tensor(0.1000, device='cuda:1') tensor(0.0312, device='cuda:1')
tensor(0.8609, device='cuda:1') tensor(0.1000, device='cuda:1') tensor(0.0391, device='cuda:1')
tensor(0.8688, device='cuda:1') tensor(0.1000, device='cuda:1') tensor(0.0312, device='cuda:1')
tensor(0.7984, device='cuda:1') tensor(0.1000, device='cuda:1') tensor(0.1016, device='cuda:1')
tensor(0.7359, device='cuda:1') tensor(0.1000, device='cuda:1') tensor(0.1641, device='cuda:1')
tensor(0.7906, device='cuda:1') tensor(0.1000, device='cuda:1') tensor(0.1094, device='cuda:1')
tensor(0.7516, device='cuda:1') tensor(0.1000, device='cuda:1') tensor(0.1484, device='cuda:1')
tensor(0.8531, device='cuda:1') tensor(0.1000, device='cuda:1') tensor(0.0469, device='cuda:1')
tensor(0.5641, device='cuda:1') tensor(0.1000, device='cuda:1') tensor(0.3359, device='cuda:1')
tensor(0.8531, device='cuda:1') tensor(0.1000, device='cuda:1') tensor(0.0469, device='cuda:1')
tensor(0.8219, device='cuda:1') tensor(0.1000, device='cuda:1') tensor(0.0781, device='cuda:1')
tensor(0.7906, device='cuda:1') tensor(0.1000, device='cuda:1') tensor(0.1094, device='cuda:1')
tensor(0.7516, device='cuda:1') tensor(0.1000, device='cuda:1') tensor(0.1484, device='cuda:1')
tensor(0.7516, device='cuda:1') tensor(0.1000, device='cuda:1') tensor(0.1484, device='cuda:1')
tensor(0.7438, device='cuda:1') tensor(0.1000, device='cuda:1') tensor(0.1562, device='cuda:1')
tensor(0.8531, device='cuda:1') tensor(0.1000, device='cuda:1') tensor(0.0469, device='cuda:1')
tensor(0.8219, device='cuda:1') tensor(0.1000, device='cuda:1') tensor(0.0781, device='cuda:1')
tensor(0.8609, device='cuda:1') tensor(0.1000, device='cuda:1') tensor(0.0391, device='cuda:1')
tensor(0.8375, device='cuda:1') tensor(0.1000, device='cuda:1') tensor(0.0625, device='cuda:1')
tensor(0.8688, device='cuda:1') tensor(0.1000, device='cuda:1') tensor(0.0312, device='cuda:1')
tensor(0.8141, device='cuda:1') tensor(0.1000, device='cuda:1') tensor(0.0859, device='cuda:1')
tensor(0.7906, device='cuda:1') tensor(0.1000, device='cuda:1') tensor(0.1094, device='cuda:1')
tensor(0.8375, device='cuda:1') tensor(0.1000, device='cuda:1') tensor(0.0625, device='cuda:1')
tensor(0.7984, device='cuda:1') tensor(0.1000, device='cuda:1') tensor(0.1016, device='cuda:1')
tensor(0.8063, device='cuda:1') tensor(0.1000, device='cuda:1') tensor(0.0938, device='cuda:1')
tensor(0.8688, device='cuda:1') tensor(0.1000, device='cuda:1') tensor(0.0312, device='cuda:1')
tensor(0.7906, device='cuda:1') tensor(0.1000, device='cuda:1') tensor(0.1094, device='cuda:1')
tensor(0.8688, device='cuda:1') tensor(0.1000, device='cuda:1') tensor(0.0312, device='cuda:1')
tensor(0.8766, device='cuda:1') tensor(0.1000, device='cuda:1') tensor(0.0234, device='cuda:1')
tensor(0.8766, device='cuda:1') tensor(0.1000, device='cuda:1') tensor(0.0234, device='cuda:1')
tensor(0.8766, device='cuda:1') tensor(0.1000, device='cuda:1') tensor(0.0234, device='cuda:1')
time 2.80
error 24783.341796875
20 mlp.gate_proj
Quantizing ...
tensor(0.7359, device='cuda:1') tensor(0.1000, device='cuda:1') tensor(0.1641, device='cuda:1')
tensor(0.5250, device='cuda:1') tensor(0.1000, device='cuda:1') tensor(0.3750, device='cuda:1')
tensor(0.5172, device='cuda:1') tensor(0.1000, device='cuda:1') tensor(0.3828, device='cuda:1')
tensor(0.8609, device='cuda:1') tensor(0.1000, device='cuda:1') tensor(0.0391, device='cuda:1')
tensor(0.5641, device='cuda:1') tensor(0.1000, device='cuda:1') tensor(0.3359, device='cuda:1')
tensor(0.5172, device='cuda:1') tensor(0.1000, device='cuda:1') tensor(0.3828, device='cuda:1')
tensor(0.5562, device='cuda:1') tensor(0.1000, device='cuda:1') tensor(0.3438, device='cuda:1')
tensor(0.8531, device='cuda:1') tensor(0.1000, device='cuda:1') tensor(0.0469, device='cuda:1')
tensor(0.8297, device='cuda:1') tensor(0.1000, device='cuda:1') tensor(0.0703, device='cuda:1')
tensor(0.8062, device='cuda:1') tensor(0.1000, device='cuda:1') tensor(0.0938, device='cuda:1')
tensor(0.7828, device='cuda:1') tensor(0.1000, device='cuda:1') tensor(0.1172, device='cuda:1')
tensor(0.6656, device='cuda:1') tensor(0.1000, device='cuda:1') tensor(0.2344, device='cuda:1')
tensor(0.7828, device='cuda:1') tensor(0.1000, device='cuda:1') tensor(0.1172, device='cuda:1')
tensor(0.7516, device='cuda:1') tensor(0.1000, device='cuda:1') tensor(0.1484, device='cuda:1')
tensor(0.6422, device='cuda:1') tensor(0.1000, device='cuda:1') tensor(0.2578, device='cuda:1')
tensor(0.6812, device='cuda:1') tensor(0.1000, device='cuda:1') tensor(0.2188, device='cuda:1')
tensor(0.7828, device='cuda:1') tensor(0.1000, device='cuda:1') tensor(0.1172, device='cuda:1')
tensor(0.7984, device='cuda:1') tensor(0.1000, device='cuda:1') tensor(0.1016, device='cuda:1')
tensor(0.7750, device='cuda:1') tensor(0.1000, device='cuda:1') tensor(0.1250, device='cuda:1')
tensor(0.8453, device='cuda:1') tensor(0.1000, device='cuda:1') tensor(0.0547, device='cuda:1')
time 2.41
error 423971.6875
20 mlp.up_proj
Quantizing ...
tensor(0.5172, device='cuda:1') tensor(0.1000, device='cuda:1') tensor(0.3828, device='cuda:1')
tensor(0.5172, device='cuda:1') tensor(0.1000, device='cuda:1') tensor(0.3828, device='cuda:1')
tensor(0.5172, device='cuda:1') tensor(0.1000, device='cuda:1') tensor(0.3828, device='cuda:1')
tensor(0.8766, device='cuda:1') tensor(0.1000, device='cuda:1') tensor(0.0234, device='cuda:1')
tensor(0.8531, device='cuda:1') tensor(0.1000, device='cuda:1') tensor(0.0469, device='cuda:1')
tensor(0.8297, device='cuda:1') tensor(0.1000, device='cuda:1') tensor(0.0703, device='cuda:1')
tensor(0.5172, device='cuda:1') tensor(0.1000, device='cuda:1') tensor(0.3828, device='cuda:1')
tensor(0.8453, device='cuda:1') tensor(0.1000, device='cuda:1') tensor(0.0547, device='cuda:1')
tensor(0.8219, device='cuda:1') tensor(0.1000, device='cuda:1') tensor(0.0781, device='cuda:1')
tensor(0.7437, device='cuda:1') tensor(0.1000, device='cuda:1') tensor(0.1562, device='cuda:1')
tensor(0.6578, device='cuda:1') tensor(0.1000, device='cuda:1') tensor(0.2422, device='cuda:1')
tensor(0.6266, device='cuda:1') tensor(0.1000, device='cuda:1') tensor(0.2734, device='cuda:1')
tensor(0.7594, device='cuda:1') tensor(0.1000, device='cuda:1') tensor(0.1406, device='cuda:1')
tensor(0.6422, device='cuda:1') tensor(0.1000, device='cuda:1') tensor(0.2578, device='cuda:1')
tensor(0.6266, device='cuda:1') tensor(0.1000, device='cuda:1') tensor(0.2734, device='cuda:1')
tensor(0.7047, device='cuda:1') tensor(0.1000, device='cuda:1') tensor(0.1953, device='cuda:1')
tensor(0.7281, device='cuda:1') tensor(0.1000, device='cuda:1') tensor(0.1719, device='cuda:1')
tensor(0.7437, device='cuda:1') tensor(0.1000, device='cuda:1') tensor(0.1562, device='cuda:1')
tensor(0.7516, device='cuda:1') tensor(0.1000, device='cuda:1') tensor(0.1484, device='cuda:1')
tensor(0.8453, device='cuda:1') tensor(0.1000, device='cuda:1') tensor(0.0547, device='cuda:1')
time 2.35
error 438066.65625
20 mlp.down_proj
Quantizing ...
tensor(0.8609, device='cuda:1') tensor(0.1000, device='cuda:1') tensor(0.0391, device='cuda:1')
tensor(0.7359, device='cuda:1') tensor(0.1000, device='cuda:1') tensor(0.1641, device='cuda:1')
tensor(0.7359, device='cuda:1') tensor(0.1000, device='cuda:1') tensor(0.1641, device='cuda:1')
tensor(0.8219, device='cuda:1') tensor(0.1000, device='cuda:1') tensor(0.0781, device='cuda:1')
tensor(0.8531, device='cuda:1') tensor(0.1000, device='cuda:1') tensor(0.0469, device='cuda:1')
tensor(0.7047, device='cuda:1') tensor(0.1000, device='cuda:1') tensor(0.1953, device='cuda:1')
tensor(0.8688, device='cuda:1') tensor(0.1000, device='cuda:1') tensor(0.0312, device='cuda:1')
tensor(0.8609, device='cuda:1') tensor(0.1000, device='cuda:1') tensor(0.0391, device='cuda:1')
tensor(0.8453, device='cuda:1') tensor(0.1000, device='cuda:1') tensor(0.0547, device='cuda:1')
tensor(0.8063, device='cuda:1') tensor(0.1000, device='cuda:1') tensor(0.0938, device='cuda:1')
tensor(0.8688, device='cuda:1') tensor(0.1000, device='cuda:1') tensor(0.0312, device='cuda:1')
tensor(0.8688, device='cuda:1') tensor(0.1000, device='cuda:1') tensor(0.0312, device='cuda:1')
tensor(0.8297, device='cuda:1') tensor(0.1000, device='cuda:1') tensor(0.0703, device='cuda:1')
tensor(0.8297, device='cuda:1') tensor(0.1000, device='cuda:1') tensor(0.0703, device='cuda:1')
tensor(0.8453, device='cuda:1') tensor(0.1000, device='cuda:1') tensor(0.0547, device='cuda:1')
tensor(0.8297, device='cuda:1') tensor(0.1000, device='cuda:1') tensor(0.0703, device='cuda:1')
tensor(0.8688, device='cuda:1') tensor(0.1000, device='cuda:1') tensor(0.0312, device='cuda:1')
tensor(0.8375, device='cuda:1') tensor(0.1000, device='cuda:1') tensor(0.0625, device='cuda:1')
tensor(0.8766, device='cuda:1') tensor(0.1000, device='cuda:1') tensor(0.0234, device='cuda:1')
tensor(0.8219, device='cuda:1') tensor(0.1000, device='cuda:1') tensor(0.0781, device='cuda:1')
tensor(0.7906, device='cuda:1') tensor(0.1000, device='cuda:1') tensor(0.1094, device='cuda:1')
tensor(0.8688, device='cuda:1') tensor(0.1000, device='cuda:1') tensor(0.0312, device='cuda:1')
tensor(0.7906, device='cuda:1') tensor(0.1000, device='cuda:1') tensor(0.1094, device='cuda:1')
tensor(0.8297, device='cuda:1') tensor(0.1000, device='cuda:1') tensor(0.0703, device='cuda:1')
tensor(0.8609, device='cuda:1') tensor(0.1000, device='cuda:1') tensor(0.0391, device='cuda:1')
tensor(0.8453, device='cuda:1') tensor(0.1000, device='cuda:1') tensor(0.0547, device='cuda:1')
tensor(0.8297, device='cuda:1') tensor(0.1000, device='cuda:1') tensor(0.0703, device='cuda:1')
tensor(0.8688, device='cuda:1') tensor(0.1000, device='cuda:1') tensor(0.0312, device='cuda:1')
tensor(0.8609, device='cuda:1') tensor(0.1000, device='cuda:1') tensor(0.0391, device='cuda:1')
tensor(0.8609, device='cuda:1') tensor(0.1000, device='cuda:1') tensor(0.0391, device='cuda:1')
tensor(0.7984, device='cuda:1') tensor(0.1000, device='cuda:1') tensor(0.1016, device='cuda:1')
tensor(0.8609, device='cuda:1') tensor(0.1000, device='cuda:1') tensor(0.0391, device='cuda:1')
tensor(0.7594, device='cuda:1') tensor(0.1000, device='cuda:1') tensor(0.1406, device='cuda:1')
tensor(0.8609, device='cuda:1') tensor(0.1000, device='cuda:1') tensor(0.0391, device='cuda:1')
tensor(0.8531, device='cuda:1') tensor(0.1000, device='cuda:1') tensor(0.0469, device='cuda:1')
tensor(0.8688, device='cuda:1') tensor(0.1000, device='cuda:1') tensor(0.0312, device='cuda:1')
tensor(0.8609, device='cuda:1') tensor(0.1000, device='cuda:1') tensor(0.0391, device='cuda:1')
tensor(0.8453, device='cuda:1') tensor(0.1000, device='cuda:1') tensor(0.0547, device='cuda:1')
tensor(0.8453, device='cuda:1') tensor(0.1000, device='cuda:1') tensor(0.0547, device='cuda:1')
tensor(0.8609, device='cuda:1') tensor(0.1000, device='cuda:1') tensor(0.0391, device='cuda:1')
tensor(0.8297, device='cuda:1') tensor(0.1000, device='cuda:1') tensor(0.0703, device='cuda:1')
tensor(0.8531, device='cuda:1') tensor(0.1000, device='cuda:1') tensor(0.0469, device='cuda:1')
tensor(0.8531, device='cuda:1') tensor(0.1000, device='cuda:1') tensor(0.0469, device='cuda:1')
tensor(0.8375, device='cuda:1') tensor(0.1000, device='cuda:1') tensor(0.0625, device='cuda:1')
tensor(0.8375, device='cuda:1') tensor(0.1000, device='cuda:1') tensor(0.0625, device='cuda:1')
tensor(0.8141, device='cuda:1') tensor(0.1000, device='cuda:1') tensor(0.0859, device='cuda:1')
tensor(0.8141, device='cuda:1') tensor(0.1000, device='cuda:1') tensor(0.0859, device='cuda:1')
tensor(0.8609, device='cuda:1') tensor(0.1000, device='cuda:1') tensor(0.0391, device='cuda:1')
tensor(0.8063, device='cuda:1') tensor(0.1000, device='cuda:1') tensor(0.0938, device='cuda:1')
tensor(0.7984, device='cuda:1') tensor(0.1000, device='cuda:1') tensor(0.1016, device='cuda:1')
tensor(0.8375, device='cuda:1') tensor(0.1000, device='cuda:1') tensor(0.0625, device='cuda:1')
tensor(0.8375, device='cuda:1') tensor(0.1000, device='cuda:1') tensor(0.0625, device='cuda:1')
tensor(0.8609, device='cuda:1') tensor(0.1000, device='cuda:1') tensor(0.0391, device='cuda:1')
tensor(0.8688, device='cuda:1') tensor(0.1000, device='cuda:1') tensor(0.0312, device='cuda:1')
tensor(0.8531, device='cuda:1') tensor(0.1000, device='cuda:1') tensor(0.0469, device='cuda:1')
tensor(0.8531, device='cuda:1') tensor(0.1000, device='cuda:1') tensor(0.0469, device='cuda:1')
tensor(0.8609, device='cuda:1') tensor(0.1000, device='cuda:1') tensor(0.0391, device='cuda:1')
tensor(0.8453, device='cuda:1') tensor(0.1000, device='cuda:1') tensor(0.0547, device='cuda:1')
tensor(0.8375, device='cuda:1') tensor(0.1000, device='cuda:1') tensor(0.0625, device='cuda:1')
tensor(0.7516, device='cuda:1') tensor(0.1000, device='cuda:1') tensor(0.1484, device='cuda:1')
tensor(0.8688, device='cuda:1') tensor(0.1000, device='cuda:1') tensor(0.0312, device='cuda:1')
tensor(0.8297, device='cuda:1') tensor(0.1000, device='cuda:1') tensor(0.0703, device='cuda:1')
tensor(0.8688, device='cuda:1') tensor(0.1000, device='cuda:1') tensor(0.0312, device='cuda:1')
tensor(0.8688, device='cuda:1') tensor(0.1000, device='cuda:1') tensor(0.0312, device='cuda:1')
tensor(0.8063, device='cuda:1') tensor(0.1000, device='cuda:1') tensor(0.0938, device='cuda:1')
tensor(0.8531, device='cuda:1') tensor(0.1000, device='cuda:1') tensor(0.0469, device='cuda:1')
tensor(0.8688, device='cuda:1') tensor(0.1000, device='cuda:1') tensor(0.0312, device='cuda:1')
tensor(0.8688, device='cuda:1') tensor(0.1000, device='cuda:1') tensor(0.0312, device='cuda:1')
tensor(0.8609, device='cuda:1') tensor(0.1000, device='cuda:1') tensor(0.0391, device='cuda:1')
tensor(0.8609, device='cuda:1') tensor(0.1000, device='cuda:1') tensor(0.0391, device='cuda:1')
tensor(0.8766, device='cuda:1') tensor(0.1000, device='cuda:1') tensor(0.0234, device='cuda:1')
tensor(0.8141, device='cuda:1') tensor(0.1000, device='cuda:1') tensor(0.0859, device='cuda:1')
tensor(0.8688, device='cuda:1') tensor(0.1000, device='cuda:1') tensor(0.0312, device='cuda:1')
tensor(0.8688, device='cuda:1') tensor(0.1000, device='cuda:1') tensor(0.0312, device='cuda:1')
tensor(0.8531, device='cuda:1') tensor(0.1000, device='cuda:1') tensor(0.0469, device='cuda:1')
tensor(0.8688, device='cuda:1') tensor(0.1000, device='cuda:1') tensor(0.0312, device='cuda:1')
time 6.67
error 66210.03125
21 self_attn.q_proj
Quantizing ...
tensor(0.6890, device='cuda:1') tensor(0.1000, device='cuda:1') tensor(0.2109, device='cuda:1')
tensor(0.8766, device='cuda:1') tensor(0.1000, device='cuda:1') tensor(0.0234, device='cuda:1')
tensor(0.8687, device='cuda:1') tensor(0.1000, device='cuda:1') tensor(0.0312, device='cuda:1')
tensor(0.8766, device='cuda:1') tensor(0.1000, device='cuda:1') tensor(0.0234, device='cuda:1')
tensor(0.8531, device='cuda:1') tensor(0.1000, device='cuda:1') tensor(0.0469, device='cuda:1')
tensor(0.8375, device='cuda:1') tensor(0.1000, device='cuda:1') tensor(0.0625, device='cuda:1')
tensor(0.8531, device='cuda:1') tensor(0.1000, device='cuda:1') tensor(0.0469, device='cuda:1')
tensor(0.8453, device='cuda:1') tensor(0.1000, device='cuda:1') tensor(0.0547, device='cuda:1')
tensor(0.8062, device='cuda:1') tensor(0.1000, device='cuda:1') tensor(0.0938, device='cuda:1')
tensor(0.7125, device='cuda:1') tensor(0.1000, device='cuda:1') tensor(0.1875, device='cuda:1')
tensor(0.6578, device='cuda:1') tensor(0.1000, device='cuda:1') tensor(0.2422, device='cuda:1')
tensor(0.8141, device='cuda:1') tensor(0.1000, device='cuda:1') tensor(0.0859, device='cuda:1')
tensor(0.6422, device='cuda:1') tensor(0.1000, device='cuda:1') tensor(0.2578, device='cuda:1')
tensor(0.6187, device='cuda:1') tensor(0.1000, device='cuda:1') tensor(0.2812, device='cuda:1')
tensor(0.6578, device='cuda:1') tensor(0.1000, device='cuda:1') tensor(0.2422, device='cuda:1')
tensor(0.8531, device='cuda:1') tensor(0.1000, device='cuda:1') tensor(0.0469, device='cuda:1')
tensor(0.6109, device='cuda:1') tensor(0.1000, device='cuda:1') tensor(0.2891, device='cuda:1')
tensor(0.6656, device='cuda:1') tensor(0.1000, device='cuda:1') tensor(0.2344, device='cuda:1')
tensor(0.8062, device='cuda:1') tensor(0.1000, device='cuda:1') tensor(0.0938, device='cuda:1')
tensor(0.8687, device='cuda:1') tensor(0.1000, device='cuda:1') tensor(0.0312, device='cuda:1')
time 2.29
error 257932.203125
21 self_attn.k_proj
Quantizing ...
tensor(0.7125, device='cuda:1') tensor(0.1000, device='cuda:1') tensor(0.1875, device='cuda:1')
tensor(0.8687, device='cuda:1') tensor(0.1000, device='cuda:1') tensor(0.0312, device='cuda:1')
tensor(0.8375, device='cuda:1') tensor(0.1000, device='cuda:1') tensor(0.0625, device='cuda:1')
tensor(0.8687, device='cuda:1') tensor(0.1000, device='cuda:1') tensor(0.0312, device='cuda:1')
tensor(0.8531, device='cuda:1') tensor(0.1000, device='cuda:1') tensor(0.0469, device='cuda:1')
tensor(0.8609, device='cuda:1') tensor(0.1000, device='cuda:1') tensor(0.0391, device='cuda:1')
tensor(0.8375, device='cuda:1') tensor(0.1000, device='cuda:1') tensor(0.0625, device='cuda:1')
tensor(0.7437, device='cuda:1') tensor(0.1000, device='cuda:1') tensor(0.1562, device='cuda:1')
tensor(0.6891, device='cuda:1') tensor(0.1000, device='cuda:1') tensor(0.2109, device='cuda:1')
tensor(0.6109, device='cuda:1') tensor(0.1000, device='cuda:1') tensor(0.2891, device='cuda:1')
tensor(0.6031, device='cuda:1') tensor(0.1000, device='cuda:1') tensor(0.2969, device='cuda:1')
tensor(0.5250, device='cuda:1') tensor(0.1000, device='cuda:1') tensor(0.3750, device='cuda:1')
tensor(0.6969, device='cuda:1') tensor(0.1000, device='cuda:1') tensor(0.2031, device='cuda:1')
tensor(0.5562, device='cuda:1') tensor(0.1000, device='cuda:1') tensor(0.3438, device='cuda:1')
tensor(0.5172, device='cuda:1') tensor(0.1000, device='cuda:1') tensor(0.3828, device='cuda:1')
tensor(0.5719, device='cuda:1') tensor(0.1000, device='cuda:1') tensor(0.3281, device='cuda:1')
tensor(0.6812, device='cuda:1') tensor(0.1000, device='cuda:1') tensor(0.2188, device='cuda:1')
tensor(0.6578, device='cuda:1') tensor(0.1000, device='cuda:1') tensor(0.2422, device='cuda:1')
tensor(0.7672, device='cuda:1') tensor(0.1000, device='cuda:1') tensor(0.1328, device='cuda:1')
tensor(0.8687, device='cuda:1') tensor(0.1000, device='cuda:1') tensor(0.0312, device='cuda:1')
time 1.80
error 55608.44921875
21 self_attn.v_proj
Quantizing ...
tensor(0.7047, device='cuda:1') tensor(0.1000, device='cuda:1') tensor(0.1953, device='cuda:1')
tensor(0.8219, device='cuda:1') tensor(0.1000, device='cuda:1') tensor(0.0781, device='cuda:1')
tensor(0.7594, device='cuda:1') tensor(0.1000, device='cuda:1') tensor(0.1406, device='cuda:1')
tensor(0.7672, device='cuda:1') tensor(0.1000, device='cuda:1') tensor(0.1328, device='cuda:1')
tensor(0.8453, device='cuda:1') tensor(0.1000, device='cuda:1') tensor(0.0547, device='cuda:1')
tensor(0.8375, device='cuda:1') tensor(0.1000, device='cuda:1') tensor(0.0625, device='cuda:1')
tensor(0.8062, device='cuda:1') tensor(0.1000, device='cuda:1') tensor(0.0938, device='cuda:1')
tensor(0.7359, device='cuda:1') tensor(0.1000, device='cuda:1') tensor(0.1641, device='cuda:1')
tensor(0.6969, device='cuda:1') tensor(0.1000, device='cuda:1') tensor(0.2031, device='cuda:1')
tensor(0.5484, device='cuda:1') tensor(0.1000, device='cuda:1') tensor(0.3516, device='cuda:1')
tensor(0.5250, device='cuda:1') tensor(0.1000, device='cuda:1') tensor(0.3750, device='cuda:1')
tensor(0.6344, device='cuda:1') tensor(0.1000, device='cuda:1') tensor(0.2656, device='cuda:1')
tensor(0.5172, device='cuda:1') tensor(0.1000, device='cuda:1') tensor(0.3828, device='cuda:1')
tensor(0.5172, device='cuda:1') tensor(0.1000, device='cuda:1') tensor(0.3828, device='cuda:1')
tensor(0.5250, device='cuda:1') tensor(0.1000, device='cuda:1') tensor(0.3750, device='cuda:1')
tensor(0.6500, device='cuda:1') tensor(0.1000, device='cuda:1') tensor(0.2500, device='cuda:1')
tensor(0.5484, device='cuda:1') tensor(0.1000, device='cuda:1') tensor(0.3516, device='cuda:1')
tensor(0.6500, device='cuda:1') tensor(0.1000, device='cuda:1') tensor(0.2500, device='cuda:1')
tensor(0.6422, device='cuda:1') tensor(0.1000, device='cuda:1') tensor(0.2578, device='cuda:1')
tensor(0.8687, device='cuda:1') tensor(0.1000, device='cuda:1') tensor(0.0312, device='cuda:1')
time 1.72
error 62051.6796875
21 self_attn.o_proj
Quantizing ...
tensor(0.7437, device='cuda:1') tensor(0.1000, device='cuda:1') tensor(0.1562, device='cuda:1')
tensor(0.8375, device='cuda:1') tensor(0.1000, device='cuda:1') tensor(0.0625, device='cuda:1')
tensor(0.8766, device='cuda:1') tensor(0.1000, device='cuda:1') tensor(0.0234, device='cuda:1')
tensor(0.7359, device='cuda:1') tensor(0.1000, device='cuda:1') tensor(0.1641, device='cuda:1')
tensor(0.8531, device='cuda:1') tensor(0.1000, device='cuda:1') tensor(0.0469, device='cuda:1')
tensor(0.8297, device='cuda:1') tensor(0.1000, device='cuda:1') tensor(0.0703, device='cuda:1')
tensor(0.5953, device='cuda:1') tensor(0.1000, device='cuda:1') tensor(0.3047, device='cuda:1')
tensor(0.8531, device='cuda:1') tensor(0.1000, device='cuda:1') tensor(0.0469, device='cuda:1')
tensor(0.7828, device='cuda:1') tensor(0.1000, device='cuda:1') tensor(0.1172, device='cuda:1')
tensor(0.8609, device='cuda:1') tensor(0.1000, device='cuda:1') tensor(0.0391, device='cuda:1')
tensor(0.8141, device='cuda:1') tensor(0.1000, device='cuda:1') tensor(0.0859, device='cuda:1')
tensor(0.8141, device='cuda:1') tensor(0.1000, device='cuda:1') tensor(0.0859, device='cuda:1')
tensor(0.8688, device='cuda:1') tensor(0.1000, device='cuda:1') tensor(0.0312, device='cuda:1')
tensor(0.8688, device='cuda:1') tensor(0.1000, device='cuda:1') tensor(0.0312, device='cuda:1')
tensor(0.8609, device='cuda:1') tensor(0.1000, device='cuda:1') tensor(0.0391, device='cuda:1')
tensor(0.8688, device='cuda:1') tensor(0.1000, device='cuda:1') tensor(0.0312, device='cuda:1')
tensor(0.8688, device='cuda:1') tensor(0.1000, device='cuda:1') tensor(0.0312, device='cuda:1')
tensor(0.8688, device='cuda:1') tensor(0.1000, device='cuda:1') tensor(0.0312, device='cuda:1')
tensor(0.8688, device='cuda:1') tensor(0.1000, device='cuda:1') tensor(0.0312, device='cuda:1')
tensor(0.8688, device='cuda:1') tensor(0.1000, device='cuda:1') tensor(0.0312, device='cuda:1')
tensor(0.8609, device='cuda:1') tensor(0.1000, device='cuda:1') tensor(0.0391, device='cuda:1')
tensor(0.8766, device='cuda:1') tensor(0.1000, device='cuda:1') tensor(0.0234, device='cuda:1')
tensor(0.8766, device='cuda:1') tensor(0.1000, device='cuda:1') tensor(0.0234, device='cuda:1')
tensor(0.8766, device='cuda:1') tensor(0.1000, device='cuda:1') tensor(0.0234, device='cuda:1')
tensor(0.7438, device='cuda:1') tensor(0.1000, device='cuda:1') tensor(0.1562, device='cuda:1')
tensor(0.8219, device='cuda:1') tensor(0.1000, device='cuda:1') tensor(0.0781, device='cuda:1')
tensor(0.7672, device='cuda:1') tensor(0.1000, device='cuda:1') tensor(0.1328, device='cuda:1')
tensor(0.8219, device='cuda:1') tensor(0.1000, device='cuda:1') tensor(0.0781, device='cuda:1')
tensor(0.8453, device='cuda:1') tensor(0.1000, device='cuda:1') tensor(0.0547, device='cuda:1')
tensor(0.8453, device='cuda:1') tensor(0.1000, device='cuda:1') tensor(0.0547, device='cuda:1')
tensor(0.8063, device='cuda:1') tensor(0.1000, device='cuda:1') tensor(0.0938, device='cuda:1')
tensor(0.8453, device='cuda:1') tensor(0.1000, device='cuda:1') tensor(0.0547, device='cuda:1')
time 3.03
error 22908.94921875
21 mlp.gate_proj
Quantizing ...
tensor(0.6266, device='cuda:1') tensor(0.1000, device='cuda:1') tensor(0.2734, device='cuda:1')
tensor(0.5172, device='cuda:1') tensor(0.1000, device='cuda:1') tensor(0.3828, device='cuda:1')
tensor(0.6812, device='cuda:1') tensor(0.1000, device='cuda:1') tensor(0.2188, device='cuda:1')
tensor(0.5484, device='cuda:1') tensor(0.1000, device='cuda:1') tensor(0.3516, device='cuda:1')
tensor(0.5172, device='cuda:1') tensor(0.1000, device='cuda:1') tensor(0.3828, device='cuda:1')
tensor(0.5172, device='cuda:1') tensor(0.1000, device='cuda:1') tensor(0.3828, device='cuda:1')
tensor(0.7047, device='cuda:1') tensor(0.1000, device='cuda:1') tensor(0.1953, device='cuda:1')
tensor(0.8141, device='cuda:1') tensor(0.1000, device='cuda:1') tensor(0.0859, device='cuda:1')
tensor(0.8375, device='cuda:1') tensor(0.1000, device='cuda:1') tensor(0.0625, device='cuda:1')
tensor(0.7984, device='cuda:1') tensor(0.1000, device='cuda:1') tensor(0.1016, device='cuda:1')
tensor(0.8062, device='cuda:1') tensor(0.1000, device='cuda:1') tensor(0.0938, device='cuda:1')
tensor(0.7047, device='cuda:1') tensor(0.1000, device='cuda:1') tensor(0.1953, device='cuda:1')
tensor(0.7906, device='cuda:1') tensor(0.1000, device='cuda:1') tensor(0.1094, device='cuda:1')
tensor(0.7125, device='cuda:1') tensor(0.1000, device='cuda:1') tensor(0.1875, device='cuda:1')
tensor(0.7516, device='cuda:1') tensor(0.1000, device='cuda:1') tensor(0.1484, device='cuda:1')
tensor(0.6500, device='cuda:1') tensor(0.1000, device='cuda:1') tensor(0.2500, device='cuda:1')
tensor(0.8297, device='cuda:1') tensor(0.1000, device='cuda:1') tensor(0.0703, device='cuda:1')
tensor(0.7906, device='cuda:1') tensor(0.1000, device='cuda:1') tensor(0.1094, device='cuda:1')
tensor(0.7750, device='cuda:1') tensor(0.1000, device='cuda:1') tensor(0.1250, device='cuda:1')
tensor(0.8609, device='cuda:1') tensor(0.1000, device='cuda:1') tensor(0.0391, device='cuda:1')
time 2.41
error 493544.25
21 mlp.up_proj
Quantizing ...
tensor(0.6187, device='cuda:1') tensor(0.1000, device='cuda:1') tensor(0.2812, device='cuda:1')
tensor(0.5172, device='cuda:1') tensor(0.1000, device='cuda:1') tensor(0.3828, device='cuda:1')
tensor(0.5250, device='cuda:1') tensor(0.1000, device='cuda:1') tensor(0.3750, device='cuda:1')
tensor(0.5172, device='cuda:1') tensor(0.1000, device='cuda:1') tensor(0.3828, device='cuda:1')
tensor(0.5250, device='cuda:1') tensor(0.1000, device='cuda:1') tensor(0.3750, device='cuda:1')
tensor(0.6656, device='cuda:1') tensor(0.1000, device='cuda:1') tensor(0.2344, device='cuda:1')
tensor(0.7437, device='cuda:1') tensor(0.1000, device='cuda:1') tensor(0.1562, device='cuda:1')
tensor(0.8453, device='cuda:1') tensor(0.1000, device='cuda:1') tensor(0.0547, device='cuda:1')
tensor(0.8141, device='cuda:1') tensor(0.1000, device='cuda:1') tensor(0.0859, device='cuda:1')
tensor(0.7516, device='cuda:1') tensor(0.1000, device='cuda:1') tensor(0.1484, device='cuda:1')
tensor(0.6812, device='cuda:1') tensor(0.1000, device='cuda:1') tensor(0.2188, device='cuda:1')
tensor(0.6422, device='cuda:1') tensor(0.1000, device='cuda:1') tensor(0.2578, device='cuda:1')
tensor(0.7516, device='cuda:1') tensor(0.1000, device='cuda:1') tensor(0.1484, device='cuda:1')
tensor(0.6812, device='cuda:1') tensor(0.1000, device='cuda:1') tensor(0.2188, device='cuda:1')
tensor(0.6422, device='cuda:1') tensor(0.1000, device='cuda:1') tensor(0.2578, device='cuda:1')
tensor(0.6891, device='cuda:1') tensor(0.1000, device='cuda:1') tensor(0.2109, device='cuda:1')
tensor(0.5719, device='cuda:1') tensor(0.1000, device='cuda:1') tensor(0.3281, device='cuda:1')
tensor(0.7516, device='cuda:1') tensor(0.1000, device='cuda:1') tensor(0.1484, device='cuda:1')
tensor(0.6656, device='cuda:1') tensor(0.1000, device='cuda:1') tensor(0.2344, device='cuda:1')
tensor(0.8687, device='cuda:1') tensor(0.1000, device='cuda:1') tensor(0.0312, device='cuda:1')
time 2.60
error 507019.9375
21 mlp.down_proj
Quantizing ...
tensor(0.7828, device='cuda:1') tensor(0.1000, device='cuda:1') tensor(0.1172, device='cuda:1')
tensor(0.8219, device='cuda:1') tensor(0.1000, device='cuda:1') tensor(0.0781, device='cuda:1')
tensor(0.8531, device='cuda:1') tensor(0.1000, device='cuda:1') tensor(0.0469, device='cuda:1')
tensor(0.8531, device='cuda:1') tensor(0.1000, device='cuda:1') tensor(0.0469, device='cuda:1')
tensor(0.7984, device='cuda:1') tensor(0.1000, device='cuda:1') tensor(0.1016, device='cuda:1')
tensor(0.8531, device='cuda:1') tensor(0.1000, device='cuda:1') tensor(0.0469, device='cuda:1')
tensor(0.8688, device='cuda:1') tensor(0.1000, device='cuda:1') tensor(0.0312, device='cuda:1')
tensor(0.8531, device='cuda:1') tensor(0.1000, device='cuda:1') tensor(0.0469, device='cuda:1')
tensor(0.8375, device='cuda:1') tensor(0.1000, device='cuda:1') tensor(0.0625, device='cuda:1')
tensor(0.8531, device='cuda:1') tensor(0.1000, device='cuda:1') tensor(0.0469, device='cuda:1')
tensor(0.8297, device='cuda:1') tensor(0.1000, device='cuda:1') tensor(0.0703, device='cuda:1')
tensor(0.8609, device='cuda:1') tensor(0.1000, device='cuda:1') tensor(0.0391, device='cuda:1')
tensor(0.8609, device='cuda:1') tensor(0.1000, device='cuda:1') tensor(0.0391, device='cuda:1')
tensor(0.8375, device='cuda:1') tensor(0.1000, device='cuda:1') tensor(0.0625, device='cuda:1')
tensor(0.8453, device='cuda:1') tensor(0.1000, device='cuda:1') tensor(0.0547, device='cuda:1')
tensor(0.7906, device='cuda:1') tensor(0.1000, device='cuda:1') tensor(0.1094, device='cuda:1')
tensor(0.7984, device='cuda:1') tensor(0.1000, device='cuda:1') tensor(0.1016, device='cuda:1')
tensor(0.8609, device='cuda:1') tensor(0.1000, device='cuda:1') tensor(0.0391, device='cuda:1')
tensor(0.8297, device='cuda:1') tensor(0.1000, device='cuda:1') tensor(0.0703, device='cuda:1')
tensor(0.8219, device='cuda:1') tensor(0.1000, device='cuda:1') tensor(0.0781, device='cuda:1')
tensor(0.7359, device='cuda:1') tensor(0.1000, device='cuda:1') tensor(0.1641, device='cuda:1')
tensor(0.8688, device='cuda:1') tensor(0.1000, device='cuda:1') tensor(0.0312, device='cuda:1')
tensor(0.8688, device='cuda:1') tensor(0.1000, device='cuda:1') tensor(0.0312, device='cuda:1')
tensor(0.8531, device='cuda:1') tensor(0.1000, device='cuda:1') tensor(0.0469, device='cuda:1')
tensor(0.8609, device='cuda:1') tensor(0.1000, device='cuda:1') tensor(0.0391, device='cuda:1')
tensor(0.8531, device='cuda:1') tensor(0.1000, device='cuda:1') tensor(0.0469, device='cuda:1')
tensor(0.7828, device='cuda:1') tensor(0.1000, device='cuda:1') tensor(0.1172, device='cuda:1')
tensor(0.8297, device='cuda:1') tensor(0.1000, device='cuda:1') tensor(0.0703, device='cuda:1')
tensor(0.8297, device='cuda:1') tensor(0.1000, device='cuda:1') tensor(0.0703, device='cuda:1')
tensor(0.7750, device='cuda:1') tensor(0.1000, device='cuda:1') tensor(0.1250, device='cuda:1')
tensor(0.7516, device='cuda:1') tensor(0.1000, device='cuda:1') tensor(0.1484, device='cuda:1')
tensor(0.8453, device='cuda:1') tensor(0.1000, device='cuda:1') tensor(0.0547, device='cuda:1')
tensor(0.8453, device='cuda:1') tensor(0.1000, device='cuda:1') tensor(0.0547, device='cuda:1')
tensor(0.8531, device='cuda:1') tensor(0.1000, device='cuda:1') tensor(0.0469, device='cuda:1')
tensor(0.8453, device='cuda:1') tensor(0.1000, device='cuda:1') tensor(0.0547, device='cuda:1')
tensor(0.8531, device='cuda:1') tensor(0.1000, device='cuda:1') tensor(0.0469, device='cuda:1')
tensor(0.7984, device='cuda:1') tensor(0.1000, device='cuda:1') tensor(0.1016, device='cuda:1')
tensor(0.7828, device='cuda:1') tensor(0.1000, device='cuda:1') tensor(0.1172, device='cuda:1')
tensor(0.8375, device='cuda:1') tensor(0.1000, device='cuda:1') tensor(0.0625, device='cuda:1')
tensor(0.8141, device='cuda:1') tensor(0.1000, device='cuda:1') tensor(0.0859, device='cuda:1')
tensor(0.8453, device='cuda:1') tensor(0.1000, device='cuda:1') tensor(0.0547, device='cuda:1')
tensor(0.8609, device='cuda:1') tensor(0.1000, device='cuda:1') tensor(0.0391, device='cuda:1')
tensor(0.8453, device='cuda:1') tensor(0.1000, device='cuda:1') tensor(0.0547, device='cuda:1')
tensor(0.8219, device='cuda:1') tensor(0.1000, device='cuda:1') tensor(0.0781, device='cuda:1')
tensor(0.8297, device='cuda:1') tensor(0.1000, device='cuda:1') tensor(0.0703, device='cuda:1')
tensor(0.8609, device='cuda:1') tensor(0.1000, device='cuda:1') tensor(0.0391, device='cuda:1')
tensor(0.8453, device='cuda:1') tensor(0.1000, device='cuda:1') tensor(0.0547, device='cuda:1')
tensor(0.8531, device='cuda:1') tensor(0.1000, device='cuda:1') tensor(0.0469, device='cuda:1')
tensor(0.8609, device='cuda:1') tensor(0.1000, device='cuda:1') tensor(0.0391, device='cuda:1')
tensor(0.8531, device='cuda:1') tensor(0.1000, device='cuda:1') tensor(0.0469, device='cuda:1')
tensor(0.8219, device='cuda:1') tensor(0.1000, device='cuda:1') tensor(0.0781, device='cuda:1')
tensor(0.8609, device='cuda:1') tensor(0.1000, device='cuda:1') tensor(0.0391, device='cuda:1')
tensor(0.8375, device='cuda:1') tensor(0.1000, device='cuda:1') tensor(0.0625, device='cuda:1')
tensor(0.8063, device='cuda:1') tensor(0.1000, device='cuda:1') tensor(0.0938, device='cuda:1')
tensor(0.8453, device='cuda:1') tensor(0.1000, device='cuda:1') tensor(0.0547, device='cuda:1')
tensor(0.8531, device='cuda:1') tensor(0.1000, device='cuda:1') tensor(0.0469, device='cuda:1')
tensor(0.8609, device='cuda:1') tensor(0.1000, device='cuda:1') tensor(0.0391, device='cuda:1')
tensor(0.8531, device='cuda:1') tensor(0.1000, device='cuda:1') tensor(0.0469, device='cuda:1')
tensor(0.8375, device='cuda:1') tensor(0.1000, device='cuda:1') tensor(0.0625, device='cuda:1')
tensor(0.8531, device='cuda:1') tensor(0.1000, device='cuda:1') tensor(0.0469, device='cuda:1')
tensor(0.8531, device='cuda:1') tensor(0.1000, device='cuda:1') tensor(0.0469, device='cuda:1')
tensor(0.8219, device='cuda:1') tensor(0.1000, device='cuda:1') tensor(0.0781, device='cuda:1')
tensor(0.8688, device='cuda:1') tensor(0.1000, device='cuda:1') tensor(0.0312, device='cuda:1')
tensor(0.8531, device='cuda:1') tensor(0.1000, device='cuda:1') tensor(0.0469, device='cuda:1')
tensor(0.8609, device='cuda:1') tensor(0.1000, device='cuda:1') tensor(0.0391, device='cuda:1')
tensor(0.8609, device='cuda:1') tensor(0.1000, device='cuda:1') tensor(0.0391, device='cuda:1')
tensor(0.8531, device='cuda:1') tensor(0.1000, device='cuda:1') tensor(0.0469, device='cuda:1')
tensor(0.8531, device='cuda:1') tensor(0.1000, device='cuda:1') tensor(0.0469, device='cuda:1')
tensor(0.8609, device='cuda:1') tensor(0.1000, device='cuda:1') tensor(0.0391, device='cuda:1')
tensor(0.8453, device='cuda:1') tensor(0.1000, device='cuda:1') tensor(0.0547, device='cuda:1')
tensor(0.7750, device='cuda:1') tensor(0.1000, device='cuda:1') tensor(0.1250, device='cuda:1')
tensor(0.8531, device='cuda:1') tensor(0.1000, device='cuda:1') tensor(0.0469, device='cuda:1')
tensor(0.8531, device='cuda:1') tensor(0.1000, device='cuda:1') tensor(0.0469, device='cuda:1')
tensor(0.8609, device='cuda:1') tensor(0.1000, device='cuda:1') tensor(0.0391, device='cuda:1')
tensor(0.8219, device='cuda:1') tensor(0.1000, device='cuda:1') tensor(0.0781, device='cuda:1')
tensor(0.8688, device='cuda:1') tensor(0.1000, device='cuda:1') tensor(0.0312, device='cuda:1')
time 6.98
error 96718.9609375
22 self_attn.q_proj
Quantizing ...
tensor(0.7203, device='cuda:1') tensor(0.1000, device='cuda:1') tensor(0.1797, device='cuda:1')
tensor(0.8766, device='cuda:1') tensor(0.1000, device='cuda:1') tensor(0.0234, device='cuda:1')
tensor(0.8687, device='cuda:1') tensor(0.1000, device='cuda:1') tensor(0.0312, device='cuda:1')
tensor(0.8687, device='cuda:1') tensor(0.1000, device='cuda:1') tensor(0.0312, device='cuda:1')
tensor(0.8453, device='cuda:1') tensor(0.1000, device='cuda:1') tensor(0.0547, device='cuda:1')
tensor(0.8531, device='cuda:1') tensor(0.1000, device='cuda:1') tensor(0.0469, device='cuda:1')
tensor(0.8453, device='cuda:1') tensor(0.1000, device='cuda:1') tensor(0.0547, device='cuda:1')
tensor(0.7906, device='cuda:1') tensor(0.1000, device='cuda:1') tensor(0.1094, device='cuda:1')
tensor(0.8219, device='cuda:1') tensor(0.1000, device='cuda:1') tensor(0.0781, device='cuda:1')
tensor(0.6187, device='cuda:1') tensor(0.1000, device='cuda:1') tensor(0.2812, device='cuda:1')
tensor(0.6578, device='cuda:1') tensor(0.1000, device='cuda:1') tensor(0.2422, device='cuda:1')
tensor(0.8297, device='cuda:1') tensor(0.1000, device='cuda:1') tensor(0.0703, device='cuda:1')
tensor(0.7203, device='cuda:1') tensor(0.1000, device='cuda:1') tensor(0.1797, device='cuda:1')
tensor(0.8062, device='cuda:1') tensor(0.1000, device='cuda:1') tensor(0.0938, device='cuda:1')
tensor(0.6656, device='cuda:1') tensor(0.1000, device='cuda:1') tensor(0.2344, device='cuda:1')
tensor(0.6031, device='cuda:1') tensor(0.1000, device='cuda:1') tensor(0.2969, device='cuda:1')
tensor(0.8375, device='cuda:1') tensor(0.1000, device='cuda:1') tensor(0.0625, device='cuda:1')
tensor(0.6891, device='cuda:1') tensor(0.1000, device='cuda:1') tensor(0.2109, device='cuda:1')
tensor(0.5484, device='cuda:1') tensor(0.1000, device='cuda:1') tensor(0.3516, device='cuda:1')
tensor(0.6266, device='cuda:1') tensor(0.1000, device='cuda:1') tensor(0.2734, device='cuda:1')
time 2.21
error 525493.75
22 self_attn.k_proj
Quantizing ...
tensor(0.7047, device='cuda:1') tensor(0.1000, device='cuda:1') tensor(0.1953, device='cuda:1')
tensor(0.8766, device='cuda:1') tensor(0.1000, device='cuda:1') tensor(0.0234, device='cuda:1')
tensor(0.8297, device='cuda:1') tensor(0.1000, device='cuda:1') tensor(0.0703, device='cuda:1')
tensor(0.8844, device='cuda:1') tensor(0.1000, device='cuda:1') tensor(0.0156, device='cuda:1')
tensor(0.8687, device='cuda:1') tensor(0.1000, device='cuda:1') tensor(0.0312, device='cuda:1')
tensor(0.8297, device='cuda:1') tensor(0.1000, device='cuda:1') tensor(0.0703, device='cuda:1')
tensor(0.7437, device='cuda:1') tensor(0.1000, device='cuda:1') tensor(0.1562, device='cuda:1')
tensor(0.7828, device='cuda:1') tensor(0.1000, device='cuda:1') tensor(0.1172, device='cuda:1')
tensor(0.6969, device='cuda:1') tensor(0.1000, device='cuda:1') tensor(0.2031, device='cuda:1')
tensor(0.8453, device='cuda:1') tensor(0.1000, device='cuda:1') tensor(0.0547, device='cuda:1')
tensor(0.8453, device='cuda:1') tensor(0.1000, device='cuda:1') tensor(0.0547, device='cuda:1')
tensor(0.7672, device='cuda:1') tensor(0.1000, device='cuda:1') tensor(0.1328, device='cuda:1')
tensor(0.5641, device='cuda:1') tensor(0.1000, device='cuda:1') tensor(0.3359, device='cuda:1')
tensor(0.6187, device='cuda:1') tensor(0.1000, device='cuda:1') tensor(0.2812, device='cuda:1')
tensor(0.6344, device='cuda:1') tensor(0.1000, device='cuda:1') tensor(0.2656, device='cuda:1')
tensor(0.7359, device='cuda:1') tensor(0.1000, device='cuda:1') tensor(0.1641, device='cuda:1')
tensor(0.5172, device='cuda:1') tensor(0.1000, device='cuda:1') tensor(0.3828, device='cuda:1')
tensor(0.6266, device='cuda:1') tensor(0.1000, device='cuda:1') tensor(0.2734, device='cuda:1')
tensor(0.6812, device='cuda:1') tensor(0.1000, device='cuda:1') tensor(0.2188, device='cuda:1')
tensor(0.7594, device='cuda:1') tensor(0.1000, device='cuda:1') tensor(0.1406, device='cuda:1')
time 1.72
error 110223.171875
22 self_attn.v_proj
Quantizing ...
tensor(0.5719, device='cuda:1') tensor(0.1000, device='cuda:1') tensor(0.3281, device='cuda:1')
tensor(0.8141, device='cuda:1') tensor(0.1000, device='cuda:1') tensor(0.0859, device='cuda:1')
tensor(0.7828, device='cuda:1') tensor(0.1000, device='cuda:1') tensor(0.1172, device='cuda:1')
tensor(0.8453, device='cuda:1') tensor(0.1000, device='cuda:1') tensor(0.0547, device='cuda:1')
tensor(0.8297, device='cuda:1') tensor(0.1000, device='cuda:1') tensor(0.0703, device='cuda:1')
tensor(0.7437, device='cuda:1') tensor(0.1000, device='cuda:1') tensor(0.1562, device='cuda:1')
tensor(0.8297, device='cuda:1') tensor(0.1000, device='cuda:1') tensor(0.0703, device='cuda:1')
tensor(0.7672, device='cuda:1') tensor(0.1000, device='cuda:1') tensor(0.1328, device='cuda:1')
tensor(0.7047, device='cuda:1') tensor(0.1000, device='cuda:1') tensor(0.1953, device='cuda:1')
tensor(0.5953, device='cuda:1') tensor(0.1000, device='cuda:1') tensor(0.3047, device='cuda:1')
tensor(0.5250, device='cuda:1') tensor(0.1000, device='cuda:1') tensor(0.3750, device='cuda:1')
tensor(0.5172, device='cuda:1') tensor(0.1000, device='cuda:1') tensor(0.3828, device='cuda:1')
tensor(0.6031, device='cuda:1') tensor(0.1000, device='cuda:1') tensor(0.2969, device='cuda:1')
tensor(0.5406, device='cuda:1') tensor(0.1000, device='cuda:1') tensor(0.3594, device='cuda:1')
tensor(0.5797, device='cuda:1') tensor(0.1000, device='cuda:1') tensor(0.3203, device='cuda:1')
tensor(0.6031, device='cuda:1') tensor(0.1000, device='cuda:1') tensor(0.2969, device='cuda:1')
tensor(0.6500, device='cuda:1') tensor(0.1000, device='cuda:1') tensor(0.2500, device='cuda:1')
tensor(0.5641, device='cuda:1') tensor(0.1000, device='cuda:1') tensor(0.3359, device='cuda:1')
tensor(0.5719, device='cuda:1') tensor(0.1000, device='cuda:1') tensor(0.3281, device='cuda:1')
tensor(0.8141, device='cuda:1') tensor(0.1000, device='cuda:1') tensor(0.0859, device='cuda:1')
time 1.67
error 125682.9140625
22 self_attn.o_proj
Quantizing ...
tensor(0.8609, device='cuda:1') tensor(0.1000, device='cuda:1') tensor(0.0391, device='cuda:1')
tensor(0.8141, device='cuda:1') tensor(0.1000, device='cuda:1') tensor(0.0859, device='cuda:1')
tensor(0.8609, device='cuda:1') tensor(0.1000, device='cuda:1') tensor(0.0391, device='cuda:1')
tensor(0.7906, device='cuda:1') tensor(0.1000, device='cuda:1') tensor(0.1094, device='cuda:1')
tensor(0.8375, device='cuda:1') tensor(0.1000, device='cuda:1') tensor(0.0625, device='cuda:1')
tensor(0.8063, device='cuda:1') tensor(0.1000, device='cuda:1') tensor(0.0938, device='cuda:1')
tensor(0.5484, device='cuda:1') tensor(0.1000, device='cuda:1') tensor(0.3516, device='cuda:1')
tensor(0.7984, device='cuda:1') tensor(0.1000, device='cuda:1') tensor(0.1016, device='cuda:1')
tensor(0.6734, device='cuda:1') tensor(0.1000, device='cuda:1') tensor(0.2266, device='cuda:1')
tensor(0.7984, device='cuda:1') tensor(0.1000, device='cuda:1') tensor(0.1016, device='cuda:1')
tensor(0.8063, device='cuda:1') tensor(0.1000, device='cuda:1') tensor(0.0938, device='cuda:1')
tensor(0.7438, device='cuda:1') tensor(0.1000, device='cuda:1') tensor(0.1562, device='cuda:1')
tensor(0.5797, device='cuda:1') tensor(0.1000, device='cuda:1') tensor(0.3203, device='cuda:1')
tensor(0.8688, device='cuda:1') tensor(0.1000, device='cuda:1') tensor(0.0312, device='cuda:1')
tensor(0.7750, device='cuda:1') tensor(0.1000, device='cuda:1') tensor(0.1250, device='cuda:1')
tensor(0.7750, device='cuda:1') tensor(0.1000, device='cuda:1') tensor(0.1250, device='cuda:1')
tensor(0.7281, device='cuda:1') tensor(0.1000, device='cuda:1') tensor(0.1719, device='cuda:1')
tensor(0.8453, device='cuda:1') tensor(0.1000, device='cuda:1') tensor(0.0547, device='cuda:1')
tensor(0.8141, device='cuda:1') tensor(0.1000, device='cuda:1') tensor(0.0859, device='cuda:1')
tensor(0.8219, device='cuda:1') tensor(0.1000, device='cuda:1') tensor(0.0781, device='cuda:1')
tensor(0.8453, device='cuda:1') tensor(0.1000, device='cuda:1') tensor(0.0547, device='cuda:1')
tensor(0.8219, device='cuda:1') tensor(0.1000, device='cuda:1') tensor(0.0781, device='cuda:1')
tensor(0.8375, device='cuda:1') tensor(0.1000, device='cuda:1') tensor(0.0625, device='cuda:1')
tensor(0.8297, device='cuda:1') tensor(0.1000, device='cuda:1') tensor(0.0703, device='cuda:1')
tensor(0.7984, device='cuda:1') tensor(0.1000, device='cuda:1') tensor(0.1016, device='cuda:1')
tensor(0.7203, device='cuda:1') tensor(0.1000, device='cuda:1') tensor(0.1797, device='cuda:1')
tensor(0.7906, device='cuda:1') tensor(0.1000, device='cuda:1') tensor(0.1094, device='cuda:1')
tensor(0.8297, device='cuda:1') tensor(0.1000, device='cuda:1') tensor(0.0703, device='cuda:1')
tensor(0.8375, device='cuda:1') tensor(0.1000, device='cuda:1') tensor(0.0625, device='cuda:1')
tensor(0.8609, device='cuda:1') tensor(0.1000, device='cuda:1') tensor(0.0391, device='cuda:1')
tensor(0.7516, device='cuda:1') tensor(0.1000, device='cuda:1') tensor(0.1484, device='cuda:1')
tensor(0.8063, device='cuda:1') tensor(0.1000, device='cuda:1') tensor(0.0938, device='cuda:1')
time 2.92
error 63046.328125
22 mlp.gate_proj
Quantizing ...
tensor(0.6422, device='cuda:1') tensor(0.1000, device='cuda:1') tensor(0.2578, device='cuda:1')
tensor(0.5172, device='cuda:1') tensor(0.1000, device='cuda:1') tensor(0.3828, device='cuda:1')
tensor(0.6109, device='cuda:1') tensor(0.1000, device='cuda:1') tensor(0.2891, device='cuda:1')
tensor(0.5172, device='cuda:1') tensor(0.1000, device='cuda:1') tensor(0.3828, device='cuda:1')
tensor(0.5250, device='cuda:1') tensor(0.1000, device='cuda:1') tensor(0.3750, device='cuda:1')
tensor(0.5328, device='cuda:1') tensor(0.1000, device='cuda:1') tensor(0.3672, device='cuda:1')
tensor(0.6109, device='cuda:1') tensor(0.1000, device='cuda:1') tensor(0.2891, device='cuda:1')
tensor(0.6891, device='cuda:1') tensor(0.1000, device='cuda:1') tensor(0.2109, device='cuda:1')
tensor(0.5797, device='cuda:1') tensor(0.1000, device='cuda:1') tensor(0.3203, device='cuda:1')
tensor(0.7828, device='cuda:1') tensor(0.1000, device='cuda:1') tensor(0.1172, device='cuda:1')
tensor(0.8141, device='cuda:1') tensor(0.1000, device='cuda:1') tensor(0.0859, device='cuda:1')
tensor(0.8062, device='cuda:1') tensor(0.1000, device='cuda:1') tensor(0.0938, device='cuda:1')
tensor(0.8219, device='cuda:1') tensor(0.1000, device='cuda:1') tensor(0.0781, device='cuda:1')
tensor(0.6812, device='cuda:1') tensor(0.1000, device='cuda:1') tensor(0.2188, device='cuda:1')
tensor(0.7906, device='cuda:1') tensor(0.1000, device='cuda:1') tensor(0.1094, device='cuda:1')
tensor(0.7047, device='cuda:1') tensor(0.1000, device='cuda:1') tensor(0.1953, device='cuda:1')
tensor(0.7672, device='cuda:1') tensor(0.1000, device='cuda:1') tensor(0.1328, device='cuda:1')
tensor(0.8219, device='cuda:1') tensor(0.1000, device='cuda:1') tensor(0.0781, device='cuda:1')
tensor(0.7047, device='cuda:1') tensor(0.1000, device='cuda:1') tensor(0.1953, device='cuda:1')
tensor(0.8375, device='cuda:1') tensor(0.1000, device='cuda:1') tensor(0.0625, device='cuda:1')
time 2.54
error 557831.25
22 mlp.up_proj
Quantizing ...
tensor(0.6656, device='cuda:1') tensor(0.1000, device='cuda:1') tensor(0.2344, device='cuda:1')
tensor(0.5172, device='cuda:1') tensor(0.1000, device='cuda:1') tensor(0.3828, device='cuda:1')
tensor(0.5172, device='cuda:1') tensor(0.1000, device='cuda:1') tensor(0.3828, device='cuda:1')
tensor(0.8766, device='cuda:1') tensor(0.1000, device='cuda:1') tensor(0.0234, device='cuda:1')
tensor(0.7437, device='cuda:1') tensor(0.1000, device='cuda:1') tensor(0.1562, device='cuda:1')
tensor(0.6422, device='cuda:1') tensor(0.1000, device='cuda:1') tensor(0.2578, device='cuda:1')
tensor(0.5250, device='cuda:1') tensor(0.1000, device='cuda:1') tensor(0.3750, device='cuda:1')
tensor(0.8219, device='cuda:1') tensor(0.1000, device='cuda:1') tensor(0.0781, device='cuda:1')
tensor(0.8062, device='cuda:1') tensor(0.1000, device='cuda:1') tensor(0.0938, device='cuda:1')
tensor(0.8141, device='cuda:1') tensor(0.1000, device='cuda:1') tensor(0.0859, device='cuda:1')
tensor(0.7437, device='cuda:1') tensor(0.1000, device='cuda:1') tensor(0.1562, device='cuda:1')
tensor(0.7047, device='cuda:1') tensor(0.1000, device='cuda:1') tensor(0.1953, device='cuda:1')
tensor(0.7437, device='cuda:1') tensor(0.1000, device='cuda:1') tensor(0.1562, device='cuda:1')
tensor(0.7750, device='cuda:1') tensor(0.1000, device='cuda:1') tensor(0.1250, device='cuda:1')
tensor(0.7672, device='cuda:1') tensor(0.1000, device='cuda:1') tensor(0.1328, device='cuda:1')
tensor(0.7281, device='cuda:1') tensor(0.1000, device='cuda:1') tensor(0.1719, device='cuda:1')
tensor(0.7672, device='cuda:1') tensor(0.1000, device='cuda:1') tensor(0.1328, device='cuda:1')
tensor(0.7516, device='cuda:1') tensor(0.1000, device='cuda:1') tensor(0.1484, device='cuda:1')
tensor(0.8141, device='cuda:1') tensor(0.1000, device='cuda:1') tensor(0.0859, device='cuda:1')
tensor(0.8297, device='cuda:1') tensor(0.1000, device='cuda:1') tensor(0.0703, device='cuda:1')
time 2.49
error 584347.0625
22 mlp.down_proj
Quantizing ...
tensor(0.6578, device='cuda:1') tensor(0.1000, device='cuda:1') tensor(0.2422, device='cuda:1')
tensor(0.7828, device='cuda:1') tensor(0.1000, device='cuda:1') tensor(0.1172, device='cuda:1')
tensor(0.7750, device='cuda:1') tensor(0.1000, device='cuda:1') tensor(0.1250, device='cuda:1')
tensor(0.8297, device='cuda:1') tensor(0.1000, device='cuda:1') tensor(0.0703, device='cuda:1')
tensor(0.8609, device='cuda:1') tensor(0.1000, device='cuda:1') tensor(0.0391, device='cuda:1')
tensor(0.6969, device='cuda:1') tensor(0.1000, device='cuda:1') tensor(0.2031, device='cuda:1')
tensor(0.8453, device='cuda:1') tensor(0.1000, device='cuda:1') tensor(0.0547, device='cuda:1')
tensor(0.8609, device='cuda:1') tensor(0.1000, device='cuda:1') tensor(0.0391, device='cuda:1')
tensor(0.7594, device='cuda:1') tensor(0.1000, device='cuda:1') tensor(0.1406, device='cuda:1')
tensor(0.8531, device='cuda:1') tensor(0.1000, device='cuda:1') tensor(0.0469, device='cuda:1')
tensor(0.8063, device='cuda:1') tensor(0.1000, device='cuda:1') tensor(0.0938, device='cuda:1')
tensor(0.8609, device='cuda:1') tensor(0.1000, device='cuda:1') tensor(0.0391, device='cuda:1')
tensor(0.7906, device='cuda:1') tensor(0.1000, device='cuda:1') tensor(0.1094, device='cuda:1')
tensor(0.8141, device='cuda:1') tensor(0.1000, device='cuda:1') tensor(0.0859, device='cuda:1')
tensor(0.8453, device='cuda:1') tensor(0.1000, device='cuda:1') tensor(0.0547, device='cuda:1')
tensor(0.8141, device='cuda:1') tensor(0.1000, device='cuda:1') tensor(0.0859, device='cuda:1')
tensor(0.8531, device='cuda:1') tensor(0.1000, device='cuda:1') tensor(0.0469, device='cuda:1')
tensor(0.8609, device='cuda:1') tensor(0.1000, device='cuda:1') tensor(0.0391, device='cuda:1')
tensor(0.8766, device='cuda:1') tensor(0.1000, device='cuda:1') tensor(0.0234, device='cuda:1')
tensor(0.8609, device='cuda:1') tensor(0.1000, device='cuda:1') tensor(0.0391, device='cuda:1')
tensor(0.8688, device='cuda:1') tensor(0.1000, device='cuda:1') tensor(0.0312, device='cuda:1')
tensor(0.7203, device='cuda:1') tensor(0.1000, device='cuda:1') tensor(0.1797, device='cuda:1')
tensor(0.8219, device='cuda:1') tensor(0.1000, device='cuda:1') tensor(0.0781, device='cuda:1')
tensor(0.7672, device='cuda:1') tensor(0.1000, device='cuda:1') tensor(0.1328, device='cuda:1')
tensor(0.8531, device='cuda:1') tensor(0.1000, device='cuda:1') tensor(0.0469, device='cuda:1')
tensor(0.7984, device='cuda:1') tensor(0.1000, device='cuda:1') tensor(0.1016, device='cuda:1')
tensor(0.8688, device='cuda:1') tensor(0.1000, device='cuda:1') tensor(0.0312, device='cuda:1')
tensor(0.8609, device='cuda:1') tensor(0.1000, device='cuda:1') tensor(0.0391, device='cuda:1')
tensor(0.8453, device='cuda:1') tensor(0.1000, device='cuda:1') tensor(0.0547, device='cuda:1')
tensor(0.8609, device='cuda:1') tensor(0.1000, device='cuda:1') tensor(0.0391, device='cuda:1')
tensor(0.7906, device='cuda:1') tensor(0.1000, device='cuda:1') tensor(0.1094, device='cuda:1')
tensor(0.8297, device='cuda:1') tensor(0.1000, device='cuda:1') tensor(0.0703, device='cuda:1')
tensor(0.8609, device='cuda:1') tensor(0.1000, device='cuda:1') tensor(0.0391, device='cuda:1')
tensor(0.8609, device='cuda:1') tensor(0.1000, device='cuda:1') tensor(0.0391, device='cuda:1')
tensor(0.8453, device='cuda:1') tensor(0.1000, device='cuda:1') tensor(0.0547, device='cuda:1')
tensor(0.8375, device='cuda:1') tensor(0.1000, device='cuda:1') tensor(0.0625, device='cuda:1')
tensor(0.7828, device='cuda:1') tensor(0.1000, device='cuda:1') tensor(0.1172, device='cuda:1')
tensor(0.8766, device='cuda:1') tensor(0.1000, device='cuda:1') tensor(0.0234, device='cuda:1')
tensor(0.8219, device='cuda:1') tensor(0.1000, device='cuda:1') tensor(0.0781, device='cuda:1')
tensor(0.8531, device='cuda:1') tensor(0.1000, device='cuda:1') tensor(0.0469, device='cuda:1')
tensor(0.8297, device='cuda:1') tensor(0.1000, device='cuda:1') tensor(0.0703, device='cuda:1')
tensor(0.8531, device='cuda:1') tensor(0.1000, device='cuda:1') tensor(0.0469, device='cuda:1')
tensor(0.8609, device='cuda:1') tensor(0.1000, device='cuda:1') tensor(0.0391, device='cuda:1')
tensor(0.8453, device='cuda:1') tensor(0.1000, device='cuda:1') tensor(0.0547, device='cuda:1')
tensor(0.8688, device='cuda:1') tensor(0.1000, device='cuda:1') tensor(0.0312, device='cuda:1')
tensor(0.8609, device='cuda:1') tensor(0.1000, device='cuda:1') tensor(0.0391, device='cuda:1')
tensor(0.8531, device='cuda:1') tensor(0.1000, device='cuda:1') tensor(0.0469, device='cuda:1')
tensor(0.8453, device='cuda:1') tensor(0.1000, device='cuda:1') tensor(0.0547, device='cuda:1')
tensor(0.8141, device='cuda:1') tensor(0.1000, device='cuda:1') tensor(0.0859, device='cuda:1')
tensor(0.8453, device='cuda:1') tensor(0.1000, device='cuda:1') tensor(0.0547, device='cuda:1')
tensor(0.8375, device='cuda:1') tensor(0.1000, device='cuda:1') tensor(0.0625, device='cuda:1')
tensor(0.8297, device='cuda:1') tensor(0.1000, device='cuda:1') tensor(0.0703, device='cuda:1')
tensor(0.8453, device='cuda:1') tensor(0.1000, device='cuda:1') tensor(0.0547, device='cuda:1')
tensor(0.7984, device='cuda:1') tensor(0.1000, device='cuda:1') tensor(0.1016, device='cuda:1')
tensor(0.8297, device='cuda:1') tensor(0.1000, device='cuda:1') tensor(0.0703, device='cuda:1')
tensor(0.8297, device='cuda:1') tensor(0.1000, device='cuda:1') tensor(0.0703, device='cuda:1')
tensor(0.8453, device='cuda:1') tensor(0.1000, device='cuda:1') tensor(0.0547, device='cuda:1')
tensor(0.8609, device='cuda:1') tensor(0.1000, device='cuda:1') tensor(0.0391, device='cuda:1')
tensor(0.8688, device='cuda:1') tensor(0.1000, device='cuda:1') tensor(0.0312, device='cuda:1')
tensor(0.8688, device='cuda:1') tensor(0.1000, device='cuda:1') tensor(0.0312, device='cuda:1')
tensor(0.8531, device='cuda:1') tensor(0.1000, device='cuda:1') tensor(0.0469, device='cuda:1')
tensor(0.8453, device='cuda:1') tensor(0.1000, device='cuda:1') tensor(0.0547, device='cuda:1')
tensor(0.8609, device='cuda:1') tensor(0.1000, device='cuda:1') tensor(0.0391, device='cuda:1')
tensor(0.8297, device='cuda:1') tensor(0.1000, device='cuda:1') tensor(0.0703, device='cuda:1')
tensor(0.7984, device='cuda:1') tensor(0.1000, device='cuda:1') tensor(0.1016, device='cuda:1')
tensor(0.8375, device='cuda:1') tensor(0.1000, device='cuda:1') tensor(0.0625, device='cuda:1')
tensor(0.8609, device='cuda:1') tensor(0.1000, device='cuda:1') tensor(0.0391, device='cuda:1')
tensor(0.8375, device='cuda:1') tensor(0.1000, device='cuda:1') tensor(0.0625, device='cuda:1')
tensor(0.8609, device='cuda:1') tensor(0.1000, device='cuda:1') tensor(0.0391, device='cuda:1')
tensor(0.8297, device='cuda:1') tensor(0.1000, device='cuda:1') tensor(0.0703, device='cuda:1')
tensor(0.8766, device='cuda:1') tensor(0.1000, device='cuda:1') tensor(0.0234, device='cuda:1')
tensor(0.8375, device='cuda:1') tensor(0.1000, device='cuda:1') tensor(0.0625, device='cuda:1')
tensor(0.8453, device='cuda:1') tensor(0.1000, device='cuda:1') tensor(0.0547, device='cuda:1')
tensor(0.8688, device='cuda:1') tensor(0.1000, device='cuda:1') tensor(0.0312, device='cuda:1')
tensor(0.7906, device='cuda:1') tensor(0.1000, device='cuda:1') tensor(0.1094, device='cuda:1')
tensor(0.8297, device='cuda:1') tensor(0.1000, device='cuda:1') tensor(0.0703, device='cuda:1')
time 7.09
error 143881.6875
23 self_attn.q_proj
Quantizing ...
tensor(0.7281, device='cuda:1') tensor(0.1000, device='cuda:1') tensor(0.1719, device='cuda:1')
tensor(0.8766, device='cuda:1') tensor(0.1000, device='cuda:1') tensor(0.0234, device='cuda:1')
tensor(0.8687, device='cuda:1') tensor(0.1000, device='cuda:1') tensor(0.0312, device='cuda:1')
tensor(0.8766, device='cuda:1') tensor(0.1000, device='cuda:1') tensor(0.0234, device='cuda:1')
tensor(0.8531, device='cuda:1') tensor(0.1000, device='cuda:1') tensor(0.0469, device='cuda:1')
tensor(0.8609, device='cuda:1') tensor(0.1000, device='cuda:1') tensor(0.0391, device='cuda:1')
tensor(0.8297, device='cuda:1') tensor(0.1000, device='cuda:1') tensor(0.0703, device='cuda:1')
tensor(0.7906, device='cuda:1') tensor(0.1000, device='cuda:1') tensor(0.1094, device='cuda:1')
tensor(0.7594, device='cuda:1') tensor(0.1000, device='cuda:1') tensor(0.1406, device='cuda:1')
tensor(0.6891, device='cuda:1') tensor(0.1000, device='cuda:1') tensor(0.2109, device='cuda:1')
tensor(0.7281, device='cuda:1') tensor(0.1000, device='cuda:1') tensor(0.1719, device='cuda:1')
tensor(0.6031, device='cuda:1') tensor(0.1000, device='cuda:1') tensor(0.2969, device='cuda:1')
tensor(0.7047, device='cuda:1') tensor(0.1000, device='cuda:1') tensor(0.1953, device='cuda:1')
tensor(0.6969, device='cuda:1') tensor(0.1000, device='cuda:1') tensor(0.2031, device='cuda:1')
tensor(0.5953, device='cuda:1') tensor(0.1000, device='cuda:1') tensor(0.3047, device='cuda:1')
tensor(0.6187, device='cuda:1') tensor(0.1000, device='cuda:1') tensor(0.2812, device='cuda:1')
tensor(0.7359, device='cuda:1') tensor(0.1000, device='cuda:1') tensor(0.1641, device='cuda:1')
tensor(0.7203, device='cuda:1') tensor(0.1000, device='cuda:1') tensor(0.1797, device='cuda:1')
tensor(0.5719, device='cuda:1') tensor(0.1000, device='cuda:1') tensor(0.3281, device='cuda:1')
tensor(0.8609, device='cuda:1') tensor(0.1000, device='cuda:1') tensor(0.0391, device='cuda:1')
time 2.20
error 500220.5
23 self_attn.k_proj
Quantizing ...
tensor(0.6891, device='cuda:1') tensor(0.1000, device='cuda:1') tensor(0.2109, device='cuda:1')
tensor(0.8453, device='cuda:1') tensor(0.1000, device='cuda:1') tensor(0.0547, device='cuda:1')
tensor(0.7984, device='cuda:1') tensor(0.1000, device='cuda:1') tensor(0.1016, device='cuda:1')
tensor(0.8609, device='cuda:1') tensor(0.1000, device='cuda:1') tensor(0.0391, device='cuda:1')
tensor(0.8140, device='cuda:1') tensor(0.1000, device='cuda:1') tensor(0.0859, device='cuda:1')
tensor(0.8531, device='cuda:1') tensor(0.1000, device='cuda:1') tensor(0.0469, device='cuda:1')
tensor(0.7984, device='cuda:1') tensor(0.1000, device='cuda:1') tensor(0.1016, device='cuda:1')
tensor(0.7281, device='cuda:1') tensor(0.1000, device='cuda:1') tensor(0.1719, device='cuda:1')
tensor(0.6578, device='cuda:1') tensor(0.1000, device='cuda:1') tensor(0.2422, device='cuda:1')
tensor(0.6422, device='cuda:1') tensor(0.1000, device='cuda:1') tensor(0.2578, device='cuda:1')
tensor(0.6812, device='cuda:1') tensor(0.1000, device='cuda:1') tensor(0.2188, device='cuda:1')
tensor(0.8062, device='cuda:1') tensor(0.1000, device='cuda:1') tensor(0.0938, device='cuda:1')
tensor(0.7750, device='cuda:1') tensor(0.1000, device='cuda:1') tensor(0.1250, device='cuda:1')
tensor(0.8375, device='cuda:1') tensor(0.1000, device='cuda:1') tensor(0.0625, device='cuda:1')
tensor(0.7984, device='cuda:1') tensor(0.1000, device='cuda:1') tensor(0.1016, device='cuda:1')
tensor(0.7750, device='cuda:1') tensor(0.1000, device='cuda:1') tensor(0.1250, device='cuda:1')
tensor(0.7984, device='cuda:1') tensor(0.1000, device='cuda:1') tensor(0.1016, device='cuda:1')
tensor(0.8297, device='cuda:1') tensor(0.1000, device='cuda:1') tensor(0.0703, device='cuda:1')
tensor(0.5562, device='cuda:1') tensor(0.1000, device='cuda:1') tensor(0.3438, device='cuda:1')
tensor(0.8687, device='cuda:1') tensor(0.1000, device='cuda:1') tensor(0.0312, device='cuda:1')
time 1.60
error 107585.1953125
23 self_attn.v_proj
Quantizing ...
tensor(0.5172, device='cuda:1') tensor(0.1000, device='cuda:1') tensor(0.3828, device='cuda:1')
tensor(0.5953, device='cuda:1') tensor(0.1000, device='cuda:1') tensor(0.3047, device='cuda:1')
tensor(0.5172, device='cuda:1') tensor(0.1000, device='cuda:1') tensor(0.3828, device='cuda:1')
tensor(0.5328, device='cuda:1') tensor(0.1000, device='cuda:1') tensor(0.3672, device='cuda:1')
tensor(0.5328, device='cuda:1') tensor(0.1000, device='cuda:1') tensor(0.3672, device='cuda:1')
tensor(0.5875, device='cuda:1') tensor(0.1000, device='cuda:1') tensor(0.3125, device='cuda:1')
tensor(0.6109, device='cuda:1') tensor(0.1000, device='cuda:1') tensor(0.2891, device='cuda:1')
tensor(0.5875, device='cuda:1') tensor(0.1000, device='cuda:1') tensor(0.3125, device='cuda:1')
tensor(0.5484, device='cuda:1') tensor(0.1000, device='cuda:1') tensor(0.3516, device='cuda:1')
tensor(0.5172, device='cuda:1') tensor(0.1000, device='cuda:1') tensor(0.3828, device='cuda:1')
tensor(0.5328, device='cuda:1') tensor(0.1000, device='cuda:1') tensor(0.3672, device='cuda:1')
tensor(0.7047, device='cuda:1') tensor(0.1000, device='cuda:1') tensor(0.1953, device='cuda:1')
tensor(0.6656, device='cuda:1') tensor(0.1000, device='cuda:1') tensor(0.2344, device='cuda:1')
tensor(0.7828, device='cuda:1') tensor(0.1000, device='cuda:1') tensor(0.1172, device='cuda:1')
tensor(0.6187, device='cuda:1') tensor(0.1000, device='cuda:1') tensor(0.2812, device='cuda:1')
tensor(0.8375, device='cuda:1') tensor(0.1000, device='cuda:1') tensor(0.0625, device='cuda:1')
tensor(0.7047, device='cuda:1') tensor(0.1000, device='cuda:1') tensor(0.1953, device='cuda:1')
tensor(0.8297, device='cuda:1') tensor(0.1000, device='cuda:1') tensor(0.0703, device='cuda:1')
tensor(0.7984, device='cuda:1') tensor(0.1000, device='cuda:1') tensor(0.1016, device='cuda:1')
tensor(0.8531, device='cuda:1') tensor(0.1000, device='cuda:1') tensor(0.0469, device='cuda:1')
time 1.61
error 112816.953125
23 self_attn.o_proj
Quantizing ...
tensor(0.8531, device='cuda:1') tensor(0.1000, device='cuda:1') tensor(0.0469, device='cuda:1')
tensor(0.6891, device='cuda:1') tensor(0.1000, device='cuda:1') tensor(0.2109, device='cuda:1')
tensor(0.7125, device='cuda:1') tensor(0.1000, device='cuda:1') tensor(0.1875, device='cuda:1')
tensor(0.8297, device='cuda:1') tensor(0.1000, device='cuda:1') tensor(0.0703, device='cuda:1')
tensor(0.8688, device='cuda:1') tensor(0.1000, device='cuda:1') tensor(0.0312, device='cuda:1')
tensor(0.8531, device='cuda:1') tensor(0.1000, device='cuda:1') tensor(0.0469, device='cuda:1')
tensor(0.8688, device='cuda:1') tensor(0.1000, device='cuda:1') tensor(0.0312, device='cuda:1')
tensor(0.8688, device='cuda:1') tensor(0.1000, device='cuda:1') tensor(0.0312, device='cuda:1')
tensor(0.8375, device='cuda:1') tensor(0.1000, device='cuda:1') tensor(0.0625, device='cuda:1')
tensor(0.5250, device='cuda:1') tensor(0.1000, device='cuda:1') tensor(0.3750, device='cuda:1')
tensor(0.8531, device='cuda:1') tensor(0.1000, device='cuda:1') tensor(0.0469, device='cuda:1')
tensor(0.5563, device='cuda:1') tensor(0.1000, device='cuda:1') tensor(0.3438, device='cuda:1')
tensor(0.8453, device='cuda:1') tensor(0.1000, device='cuda:1') tensor(0.0547, device='cuda:1')
tensor(0.8219, device='cuda:1') tensor(0.1000, device='cuda:1') tensor(0.0781, device='cuda:1')
tensor(0.7438, device='cuda:1') tensor(0.1000, device='cuda:1') tensor(0.1562, device='cuda:1')
tensor(0.7906, device='cuda:1') tensor(0.1000, device='cuda:1') tensor(0.1094, device='cuda:1')
tensor(0.7906, device='cuda:1') tensor(0.1000, device='cuda:1') tensor(0.1094, device='cuda:1')
tensor(0.8219, device='cuda:1') tensor(0.1000, device='cuda:1') tensor(0.0781, device='cuda:1')
tensor(0.7672, device='cuda:1') tensor(0.1000, device='cuda:1') tensor(0.1328, device='cuda:1')
tensor(0.8375, device='cuda:1') tensor(0.1000, device='cuda:1') tensor(0.0625, device='cuda:1')
tensor(0.8063, device='cuda:1') tensor(0.1000, device='cuda:1') tensor(0.0938, device='cuda:1')
tensor(0.7672, device='cuda:1') tensor(0.1000, device='cuda:1') tensor(0.1328, device='cuda:1')
tensor(0.8375, device='cuda:1') tensor(0.1000, device='cuda:1') tensor(0.0625, device='cuda:1')
tensor(0.7359, device='cuda:1') tensor(0.1000, device='cuda:1') tensor(0.1641, device='cuda:1')
tensor(0.5172, device='cuda:1') tensor(0.1000, device='cuda:1') tensor(0.3828, device='cuda:1')
tensor(0.8297, device='cuda:1') tensor(0.1000, device='cuda:1') tensor(0.0703, device='cuda:1')
tensor(0.5172, device='cuda:1') tensor(0.1000, device='cuda:1') tensor(0.3828, device='cuda:1')
tensor(0.6891, device='cuda:1') tensor(0.1000, device='cuda:1') tensor(0.2109, device='cuda:1')
tensor(0.7359, device='cuda:1') tensor(0.1000, device='cuda:1') tensor(0.1641, device='cuda:1')
tensor(0.7438, device='cuda:1') tensor(0.1000, device='cuda:1') tensor(0.1562, device='cuda:1')
tensor(0.7984, device='cuda:1') tensor(0.1000, device='cuda:1') tensor(0.1016, device='cuda:1')
tensor(0.8688, device='cuda:1') tensor(0.1000, device='cuda:1') tensor(0.0312, device='cuda:1')
time 3.01
error 47299.109375
23 mlp.gate_proj
Quantizing ...
tensor(0.6187, device='cuda:1') tensor(0.1000, device='cuda:1') tensor(0.2812, device='cuda:1')
tensor(0.5172, device='cuda:1') tensor(0.1000, device='cuda:1') tensor(0.3828, device='cuda:1')
tensor(0.6891, device='cuda:1') tensor(0.1000, device='cuda:1') tensor(0.2109, device='cuda:1')
tensor(0.6266, device='cuda:1') tensor(0.1000, device='cuda:1') tensor(0.2734, device='cuda:1')
tensor(0.6109, device='cuda:1') tensor(0.1000, device='cuda:1') tensor(0.2891, device='cuda:1')
tensor(0.6812, device='cuda:1') tensor(0.1000, device='cuda:1') tensor(0.2188, device='cuda:1')
tensor(0.8297, device='cuda:1') tensor(0.1000, device='cuda:1') tensor(0.0703, device='cuda:1')
tensor(0.7672, device='cuda:1') tensor(0.1000, device='cuda:1') tensor(0.1328, device='cuda:1')
tensor(0.7906, device='cuda:1') tensor(0.1000, device='cuda:1') tensor(0.1094, device='cuda:1')
tensor(0.7047, device='cuda:1') tensor(0.1000, device='cuda:1') tensor(0.1953, device='cuda:1')
tensor(0.5484, device='cuda:1') tensor(0.1000, device='cuda:1') tensor(0.3516, device='cuda:1')
tensor(0.7125, device='cuda:1') tensor(0.1000, device='cuda:1') tensor(0.1875, device='cuda:1')
tensor(0.7906, device='cuda:1') tensor(0.1000, device='cuda:1') tensor(0.1094, device='cuda:1')
tensor(0.7125, device='cuda:1') tensor(0.1000, device='cuda:1') tensor(0.1875, device='cuda:1')
tensor(0.6734, device='cuda:1') tensor(0.1000, device='cuda:1') tensor(0.2266, device='cuda:1')
tensor(0.6344, device='cuda:1') tensor(0.1000, device='cuda:1') tensor(0.2656, device='cuda:1')
tensor(0.7359, device='cuda:1') tensor(0.1000, device='cuda:1') tensor(0.1641, device='cuda:1')
tensor(0.7203, device='cuda:1') tensor(0.1000, device='cuda:1') tensor(0.1797, device='cuda:1')
tensor(0.7594, device='cuda:1') tensor(0.1000, device='cuda:1') tensor(0.1406, device='cuda:1')
tensor(0.8531, device='cuda:1') tensor(0.1000, device='cuda:1') tensor(0.0469, device='cuda:1')
time 2.58
error 699469.0
23 mlp.up_proj
Quantizing ...
tensor(0.6578, device='cuda:1') tensor(0.1000, device='cuda:1') tensor(0.2422, device='cuda:1')
tensor(0.5172, device='cuda:1') tensor(0.1000, device='cuda:1') tensor(0.3828, device='cuda:1')
tensor(0.5328, device='cuda:1') tensor(0.1000, device='cuda:1') tensor(0.3672, device='cuda:1')
tensor(0.8141, device='cuda:1') tensor(0.1000, device='cuda:1') tensor(0.0859, device='cuda:1')
tensor(0.6734, device='cuda:1') tensor(0.1000, device='cuda:1') tensor(0.2266, device='cuda:1')
tensor(0.5797, device='cuda:1') tensor(0.1000, device='cuda:1') tensor(0.3203, device='cuda:1')
tensor(0.8453, device='cuda:1') tensor(0.1000, device='cuda:1') tensor(0.0547, device='cuda:1')
tensor(0.8297, device='cuda:1') tensor(0.1000, device='cuda:1') tensor(0.0703, device='cuda:1')
tensor(0.8219, device='cuda:1') tensor(0.1000, device='cuda:1') tensor(0.0781, device='cuda:1')
tensor(0.7984, device='cuda:1') tensor(0.1000, device='cuda:1') tensor(0.1016, device='cuda:1')
tensor(0.7516, device='cuda:1') tensor(0.1000, device='cuda:1') tensor(0.1484, device='cuda:1')
tensor(0.7594, device='cuda:1') tensor(0.1000, device='cuda:1') tensor(0.1406, device='cuda:1')
tensor(0.7906, device='cuda:1') tensor(0.1000, device='cuda:1') tensor(0.1094, device='cuda:1')
tensor(0.7828, device='cuda:1') tensor(0.1000, device='cuda:1') tensor(0.1172, device='cuda:1')
tensor(0.7672, device='cuda:1') tensor(0.1000, device='cuda:1') tensor(0.1328, device='cuda:1')
tensor(0.7594, device='cuda:1') tensor(0.1000, device='cuda:1') tensor(0.1406, device='cuda:1')
tensor(0.7828, device='cuda:1') tensor(0.1000, device='cuda:1') tensor(0.1172, device='cuda:1')
tensor(0.7750, device='cuda:1') tensor(0.1000, device='cuda:1') tensor(0.1250, device='cuda:1')
tensor(0.8062, device='cuda:1') tensor(0.1000, device='cuda:1') tensor(0.0938, device='cuda:1')
tensor(0.8609, device='cuda:1') tensor(0.1000, device='cuda:1') tensor(0.0391, device='cuda:1')
time 2.55
error 700462.125
23 mlp.down_proj
Quantizing ...
tensor(0.7906, device='cuda:1') tensor(0.1000, device='cuda:1') tensor(0.1094, device='cuda:1')
tensor(0.8141, device='cuda:1') tensor(0.1000, device='cuda:1') tensor(0.0859, device='cuda:1')
tensor(0.8063, device='cuda:1') tensor(0.1000, device='cuda:1') tensor(0.0938, device='cuda:1')
tensor(0.8609, device='cuda:1') tensor(0.1000, device='cuda:1') tensor(0.0391, device='cuda:1')
tensor(0.8141, device='cuda:1') tensor(0.1000, device='cuda:1') tensor(0.0859, device='cuda:1')
tensor(0.8609, device='cuda:1') tensor(0.1000, device='cuda:1') tensor(0.0391, device='cuda:1')
tensor(0.8688, device='cuda:1') tensor(0.1000, device='cuda:1') tensor(0.0312, device='cuda:1')
tensor(0.8531, device='cuda:1') tensor(0.1000, device='cuda:1') tensor(0.0469, device='cuda:1')
tensor(0.8297, device='cuda:1') tensor(0.1000, device='cuda:1') tensor(0.0703, device='cuda:1')
tensor(0.7906, device='cuda:1') tensor(0.1000, device='cuda:1') tensor(0.1094, device='cuda:1')
tensor(0.8688, device='cuda:1') tensor(0.1000, device='cuda:1') tensor(0.0312, device='cuda:1')
tensor(0.8375, device='cuda:1') tensor(0.1000, device='cuda:1') tensor(0.0625, device='cuda:1')
tensor(0.8688, device='cuda:1') tensor(0.1000, device='cuda:1') tensor(0.0312, device='cuda:1')
tensor(0.8219, device='cuda:1') tensor(0.1000, device='cuda:1') tensor(0.0781, device='cuda:1')
tensor(0.8297, device='cuda:1') tensor(0.1000, device='cuda:1') tensor(0.0703, device='cuda:1')
tensor(0.8766, device='cuda:1') tensor(0.1000, device='cuda:1') tensor(0.0234, device='cuda:1')
tensor(0.7672, device='cuda:1') tensor(0.1000, device='cuda:1') tensor(0.1328, device='cuda:1')
tensor(0.8375, device='cuda:1') tensor(0.1000, device='cuda:1') tensor(0.0625, device='cuda:1')
tensor(0.7750, device='cuda:1') tensor(0.1000, device='cuda:1') tensor(0.1250, device='cuda:1')
tensor(0.8609, device='cuda:1') tensor(0.1000, device='cuda:1') tensor(0.0391, device='cuda:1')
tensor(0.8688, device='cuda:1') tensor(0.1000, device='cuda:1') tensor(0.0312, device='cuda:1')
tensor(0.8531, device='cuda:1') tensor(0.1000, device='cuda:1') tensor(0.0469, device='cuda:1')
tensor(0.8453, device='cuda:1') tensor(0.1000, device='cuda:1') tensor(0.0547, device='cuda:1')
tensor(0.8531, device='cuda:1') tensor(0.1000, device='cuda:1') tensor(0.0469, device='cuda:1')
tensor(0.8297, device='cuda:1') tensor(0.1000, device='cuda:1') tensor(0.0703, device='cuda:1')
tensor(0.8219, device='cuda:1') tensor(0.1000, device='cuda:1') tensor(0.0781, device='cuda:1')
tensor(0.8219, device='cuda:1') tensor(0.1000, device='cuda:1') tensor(0.0781, device='cuda:1')
tensor(0.8453, device='cuda:1') tensor(0.1000, device='cuda:1') tensor(0.0547, device='cuda:1')
tensor(0.8531, device='cuda:1') tensor(0.1000, device='cuda:1') tensor(0.0469, device='cuda:1')
tensor(0.8453, device='cuda:1') tensor(0.1000, device='cuda:1') tensor(0.0547, device='cuda:1')
tensor(0.8219, device='cuda:1') tensor(0.1000, device='cuda:1') tensor(0.0781, device='cuda:1')
tensor(0.8141, device='cuda:1') tensor(0.1000, device='cuda:1') tensor(0.0859, device='cuda:1')
tensor(0.8609, device='cuda:1') tensor(0.1000, device='cuda:1') tensor(0.0391, device='cuda:1')
tensor(0.8453, device='cuda:1') tensor(0.1000, device='cuda:1') tensor(0.0547, device='cuda:1')
tensor(0.8453, device='cuda:1') tensor(0.1000, device='cuda:1') tensor(0.0547, device='cuda:1')
tensor(0.8141, device='cuda:1') tensor(0.1000, device='cuda:1') tensor(0.0859, device='cuda:1')
tensor(0.7125, device='cuda:1') tensor(0.1000, device='cuda:1') tensor(0.1875, device='cuda:1')
tensor(0.8375, device='cuda:1') tensor(0.1000, device='cuda:1') tensor(0.0625, device='cuda:1')
tensor(0.8531, device='cuda:1') tensor(0.1000, device='cuda:1') tensor(0.0469, device='cuda:1')
tensor(0.8453, device='cuda:1') tensor(0.1000, device='cuda:1') tensor(0.0547, device='cuda:1')
tensor(0.7906, device='cuda:1') tensor(0.1000, device='cuda:1') tensor(0.1094, device='cuda:1')
tensor(0.8531, device='cuda:1') tensor(0.1000, device='cuda:1') tensor(0.0469, device='cuda:1')
tensor(0.8609, device='cuda:1') tensor(0.1000, device='cuda:1') tensor(0.0391, device='cuda:1')
tensor(0.8688, device='cuda:1') tensor(0.1000, device='cuda:1') tensor(0.0312, device='cuda:1')
tensor(0.8453, device='cuda:1') tensor(0.1000, device='cuda:1') tensor(0.0547, device='cuda:1')
tensor(0.8609, device='cuda:1') tensor(0.1000, device='cuda:1') tensor(0.0391, device='cuda:1')
tensor(0.8688, device='cuda:1') tensor(0.1000, device='cuda:1') tensor(0.0312, device='cuda:1')
tensor(0.7906, device='cuda:1') tensor(0.1000, device='cuda:1') tensor(0.1094, device='cuda:1')
tensor(0.8141, device='cuda:1') tensor(0.1000, device='cuda:1') tensor(0.0859, device='cuda:1')
tensor(0.7828, device='cuda:1') tensor(0.1000, device='cuda:1') tensor(0.1172, device='cuda:1')
tensor(0.8531, device='cuda:1') tensor(0.1000, device='cuda:1') tensor(0.0469, device='cuda:1')
tensor(0.7828, device='cuda:1') tensor(0.1000, device='cuda:1') tensor(0.1172, device='cuda:1')
tensor(0.8375, device='cuda:1') tensor(0.1000, device='cuda:1') tensor(0.0625, device='cuda:1')
tensor(0.7672, device='cuda:1') tensor(0.1000, device='cuda:1') tensor(0.1328, device='cuda:1')
tensor(0.8219, device='cuda:1') tensor(0.1000, device='cuda:1') tensor(0.0781, device='cuda:1')
tensor(0.8375, device='cuda:1') tensor(0.1000, device='cuda:1') tensor(0.0625, device='cuda:1')
tensor(0.8375, device='cuda:1') tensor(0.1000, device='cuda:1') tensor(0.0625, device='cuda:1')
tensor(0.8609, device='cuda:1') tensor(0.1000, device='cuda:1') tensor(0.0391, device='cuda:1')
tensor(0.7906, device='cuda:1') tensor(0.1000, device='cuda:1') tensor(0.1094, device='cuda:1')
tensor(0.8531, device='cuda:1') tensor(0.1000, device='cuda:1') tensor(0.0469, device='cuda:1')
tensor(0.6734, device='cuda:1') tensor(0.1000, device='cuda:1') tensor(0.2266, device='cuda:1')
tensor(0.8609, device='cuda:1') tensor(0.1000, device='cuda:1') tensor(0.0391, device='cuda:1')
tensor(0.8688, device='cuda:1') tensor(0.1000, device='cuda:1') tensor(0.0312, device='cuda:1')
tensor(0.8297, device='cuda:1') tensor(0.1000, device='cuda:1') tensor(0.0703, device='cuda:1')
tensor(0.8297, device='cuda:1') tensor(0.1000, device='cuda:1') tensor(0.0703, device='cuda:1')
tensor(0.8531, device='cuda:1') tensor(0.1000, device='cuda:1') tensor(0.0469, device='cuda:1')
tensor(0.8141, device='cuda:1') tensor(0.1000, device='cuda:1') tensor(0.0859, device='cuda:1')
tensor(0.8297, device='cuda:1') tensor(0.1000, device='cuda:1') tensor(0.0703, device='cuda:1')
tensor(0.8688, device='cuda:1') tensor(0.1000, device='cuda:1') tensor(0.0312, device='cuda:1')
tensor(0.8531, device='cuda:1') tensor(0.1000, device='cuda:1') tensor(0.0469, device='cuda:1')
tensor(0.8531, device='cuda:1') tensor(0.1000, device='cuda:1') tensor(0.0469, device='cuda:1')
tensor(0.8609, device='cuda:1') tensor(0.1000, device='cuda:1') tensor(0.0391, device='cuda:1')
tensor(0.8453, device='cuda:1') tensor(0.1000, device='cuda:1') tensor(0.0547, device='cuda:1')
tensor(0.8531, device='cuda:1') tensor(0.1000, device='cuda:1') tensor(0.0469, device='cuda:1')
tensor(0.8141, device='cuda:1') tensor(0.1000, device='cuda:1') tensor(0.0859, device='cuda:1')
tensor(0.8453, device='cuda:1') tensor(0.1000, device='cuda:1') tensor(0.0547, device='cuda:1')
time 6.97
error 182736.84375
24 self_attn.q_proj
Quantizing ...
tensor(0.8219, device='cuda:1') tensor(0.1000, device='cuda:1') tensor(0.0781, device='cuda:1')
tensor(0.8687, device='cuda:1') tensor(0.1000, device='cuda:1') tensor(0.0312, device='cuda:1')
tensor(0.8609, device='cuda:1') tensor(0.1000, device='cuda:1') tensor(0.0391, device='cuda:1')
tensor(0.8687, device='cuda:1') tensor(0.1000, device='cuda:1') tensor(0.0312, device='cuda:1')
tensor(0.8531, device='cuda:1') tensor(0.1000, device='cuda:1') tensor(0.0469, device='cuda:1')
tensor(0.8531, device='cuda:1') tensor(0.1000, device='cuda:1') tensor(0.0469, device='cuda:1')
tensor(0.8453, device='cuda:1') tensor(0.1000, device='cuda:1') tensor(0.0547, device='cuda:1')
tensor(0.8531, device='cuda:1') tensor(0.1000, device='cuda:1') tensor(0.0469, device='cuda:1')
tensor(0.7672, device='cuda:1') tensor(0.1000, device='cuda:1') tensor(0.1328, device='cuda:1')
tensor(0.6812, device='cuda:1') tensor(0.1000, device='cuda:1') tensor(0.2188, device='cuda:1')
tensor(0.5172, device='cuda:1') tensor(0.1000, device='cuda:1') tensor(0.3828, device='cuda:1')
tensor(0.6187, device='cuda:1') tensor(0.1000, device='cuda:1') tensor(0.2812, device='cuda:1')
tensor(0.5953, device='cuda:1') tensor(0.1000, device='cuda:1') tensor(0.3047, device='cuda:1')
tensor(0.7906, device='cuda:1') tensor(0.1000, device='cuda:1') tensor(0.1094, device='cuda:1')
tensor(0.6344, device='cuda:1') tensor(0.1000, device='cuda:1') tensor(0.2656, device='cuda:1')
tensor(0.8531, device='cuda:1') tensor(0.1000, device='cuda:1') tensor(0.0469, device='cuda:1')
tensor(0.8375, device='cuda:1') tensor(0.1000, device='cuda:1') tensor(0.0625, device='cuda:1')
tensor(0.5875, device='cuda:1') tensor(0.1000, device='cuda:1') tensor(0.3125, device='cuda:1')
tensor(0.6578, device='cuda:1') tensor(0.1000, device='cuda:1') tensor(0.2422, device='cuda:1')
tensor(0.6891, device='cuda:1') tensor(0.1000, device='cuda:1') tensor(0.2109, device='cuda:1')
time 2.16
error 717665.375
24 self_attn.k_proj
Quantizing ...
tensor(0.6812, device='cuda:1') tensor(0.1000, device='cuda:1') tensor(0.2188, device='cuda:1')
tensor(0.7906, device='cuda:1') tensor(0.1000, device='cuda:1') tensor(0.1094, device='cuda:1')
tensor(0.7984, device='cuda:1') tensor(0.1000, device='cuda:1') tensor(0.1016, device='cuda:1')
tensor(0.7828, device='cuda:1') tensor(0.1000, device='cuda:1') tensor(0.1172, device='cuda:1')
tensor(0.7750, device='cuda:1') tensor(0.1000, device='cuda:1') tensor(0.1250, device='cuda:1')
tensor(0.8062, device='cuda:1') tensor(0.1000, device='cuda:1') tensor(0.0938, device='cuda:1')
tensor(0.8297, device='cuda:1') tensor(0.1000, device='cuda:1') tensor(0.0703, device='cuda:1')
tensor(0.8141, device='cuda:1') tensor(0.1000, device='cuda:1') tensor(0.0859, device='cuda:1')
tensor(0.7437, device='cuda:1') tensor(0.1000, device='cuda:1') tensor(0.1562, device='cuda:1')
tensor(0.7281, device='cuda:1') tensor(0.1000, device='cuda:1') tensor(0.1719, device='cuda:1')
tensor(0.6891, device='cuda:1') tensor(0.1000, device='cuda:1') tensor(0.2109, device='cuda:1')
tensor(0.6266, device='cuda:1') tensor(0.1000, device='cuda:1') tensor(0.2734, device='cuda:1')
tensor(0.7906, device='cuda:1') tensor(0.1000, device='cuda:1') tensor(0.1094, device='cuda:1')
tensor(0.7437, device='cuda:1') tensor(0.1000, device='cuda:1') tensor(0.1562, device='cuda:1')
tensor(0.7125, device='cuda:1') tensor(0.1000, device='cuda:1') tensor(0.1875, device='cuda:1')
tensor(0.6266, device='cuda:1') tensor(0.1000, device='cuda:1') tensor(0.2734, device='cuda:1')
tensor(0.8141, device='cuda:1') tensor(0.1000, device='cuda:1') tensor(0.0859, device='cuda:1')
tensor(0.5172, device='cuda:1') tensor(0.1000, device='cuda:1') tensor(0.3828, device='cuda:1')
tensor(0.6422, device='cuda:1') tensor(0.1000, device='cuda:1') tensor(0.2578, device='cuda:1')
tensor(0.8141, device='cuda:1') tensor(0.1000, device='cuda:1') tensor(0.0859, device='cuda:1')
time 1.75
error 150654.28125
24 self_attn.v_proj
Quantizing ...
tensor(0.6734, device='cuda:1') tensor(0.1000, device='cuda:1') tensor(0.2266, device='cuda:1')
tensor(0.5172, device='cuda:1') tensor(0.1000, device='cuda:1') tensor(0.3828, device='cuda:1')
tensor(0.7125, device='cuda:1') tensor(0.1000, device='cuda:1') tensor(0.1875, device='cuda:1')
tensor(0.8609, device='cuda:1') tensor(0.1000, device='cuda:1') tensor(0.0391, device='cuda:1')
tensor(0.8297, device='cuda:1') tensor(0.1000, device='cuda:1') tensor(0.0703, device='cuda:1')
tensor(0.5172, device='cuda:1') tensor(0.1000, device='cuda:1') tensor(0.3828, device='cuda:1')
tensor(0.5641, device='cuda:1') tensor(0.1000, device='cuda:1') tensor(0.3359, device='cuda:1')
tensor(0.7125, device='cuda:1') tensor(0.1000, device='cuda:1') tensor(0.1875, device='cuda:1')
tensor(0.6187, device='cuda:1') tensor(0.1000, device='cuda:1') tensor(0.2812, device='cuda:1')
tensor(0.5875, device='cuda:1') tensor(0.1000, device='cuda:1') tensor(0.3125, device='cuda:1')
tensor(0.6578, device='cuda:1') tensor(0.1000, device='cuda:1') tensor(0.2422, device='cuda:1')
tensor(0.6031, device='cuda:1') tensor(0.1000, device='cuda:1') tensor(0.2969, device='cuda:1')
tensor(0.7125, device='cuda:1') tensor(0.1000, device='cuda:1') tensor(0.1875, device='cuda:1')
tensor(0.7594, device='cuda:1') tensor(0.1000, device='cuda:1') tensor(0.1406, device='cuda:1')
tensor(0.5875, device='cuda:1') tensor(0.1000, device='cuda:1') tensor(0.3125, device='cuda:1')
tensor(0.7516, device='cuda:1') tensor(0.1000, device='cuda:1') tensor(0.1484, device='cuda:1')
tensor(0.7125, device='cuda:1') tensor(0.1000, device='cuda:1') tensor(0.1875, device='cuda:1')
tensor(0.8375, device='cuda:1') tensor(0.1000, device='cuda:1') tensor(0.0625, device='cuda:1')
tensor(0.8062, device='cuda:1') tensor(0.1000, device='cuda:1') tensor(0.0938, device='cuda:1')
tensor(0.7672, device='cuda:1') tensor(0.1000, device='cuda:1') tensor(0.1328, device='cuda:1')
time 1.62
error 177224.6875
24 self_attn.o_proj
Quantizing ...
tensor(0.7672, device='cuda:1') tensor(0.1000, device='cuda:1') tensor(0.1328, device='cuda:1')
tensor(0.7906, device='cuda:1') tensor(0.1000, device='cuda:1') tensor(0.1094, device='cuda:1')
tensor(0.8297, device='cuda:1') tensor(0.1000, device='cuda:1') tensor(0.0703, device='cuda:1')
tensor(0.7359, device='cuda:1') tensor(0.1000, device='cuda:1') tensor(0.1641, device='cuda:1')
tensor(0.8063, device='cuda:1') tensor(0.1000, device='cuda:1') tensor(0.0938, device='cuda:1')
tensor(0.7125, device='cuda:1') tensor(0.1000, device='cuda:1') tensor(0.1875, device='cuda:1')
tensor(0.7203, device='cuda:1') tensor(0.1000, device='cuda:1') tensor(0.1797, device='cuda:1')
tensor(0.5797, device='cuda:1') tensor(0.1000, device='cuda:1') tensor(0.3203, device='cuda:1')
tensor(0.8453, device='cuda:1') tensor(0.1000, device='cuda:1') tensor(0.0547, device='cuda:1')
tensor(0.7906, device='cuda:1') tensor(0.1000, device='cuda:1') tensor(0.1094, device='cuda:1')
tensor(0.7984, device='cuda:1') tensor(0.1000, device='cuda:1') tensor(0.1016, device='cuda:1')
tensor(0.7672, device='cuda:1') tensor(0.1000, device='cuda:1') tensor(0.1328, device='cuda:1')
tensor(0.8219, device='cuda:1') tensor(0.1000, device='cuda:1') tensor(0.0781, device='cuda:1')
tensor(0.8219, device='cuda:1') tensor(0.1000, device='cuda:1') tensor(0.0781, device='cuda:1')
tensor(0.7984, device='cuda:1') tensor(0.1000, device='cuda:1') tensor(0.1016, device='cuda:1')
tensor(0.7828, device='cuda:1') tensor(0.1000, device='cuda:1') tensor(0.1172, device='cuda:1')
tensor(0.7047, device='cuda:1') tensor(0.1000, device='cuda:1') tensor(0.1953, device='cuda:1')
tensor(0.8531, device='cuda:1') tensor(0.1000, device='cuda:1') tensor(0.0469, device='cuda:1')
tensor(0.5563, device='cuda:1') tensor(0.1000, device='cuda:1') tensor(0.3438, device='cuda:1')
tensor(0.6188, device='cuda:1') tensor(0.1000, device='cuda:1') tensor(0.2812, device='cuda:1')
tensor(0.8297, device='cuda:1') tensor(0.1000, device='cuda:1') tensor(0.0703, device='cuda:1')
tensor(0.8453, device='cuda:1') tensor(0.1000, device='cuda:1') tensor(0.0547, device='cuda:1')
tensor(0.8531, device='cuda:1') tensor(0.1000, device='cuda:1') tensor(0.0469, device='cuda:1')
tensor(0.7828, device='cuda:1') tensor(0.1000, device='cuda:1') tensor(0.1172, device='cuda:1')
tensor(0.7984, device='cuda:1') tensor(0.1000, device='cuda:1') tensor(0.1016, device='cuda:1')
tensor(0.8688, device='cuda:1') tensor(0.1000, device='cuda:1') tensor(0.0312, device='cuda:1')
tensor(0.8688, device='cuda:1') tensor(0.1000, device='cuda:1') tensor(0.0312, device='cuda:1')
tensor(0.8297, device='cuda:1') tensor(0.1000, device='cuda:1') tensor(0.0703, device='cuda:1')
tensor(0.5719, device='cuda:1') tensor(0.1000, device='cuda:1') tensor(0.3281, device='cuda:1')
tensor(0.7906, device='cuda:1') tensor(0.1000, device='cuda:1') tensor(0.1094, device='cuda:1')
tensor(0.8531, device='cuda:1') tensor(0.1000, device='cuda:1') tensor(0.0469, device='cuda:1')
tensor(0.8531, device='cuda:1') tensor(0.1000, device='cuda:1') tensor(0.0469, device='cuda:1')
time 2.79
error 69785.3046875
24 mlp.gate_proj
Quantizing ...
tensor(0.8609, device='cuda:1') tensor(0.1000, device='cuda:1') tensor(0.0391, device='cuda:1')
tensor(0.5328, device='cuda:1') tensor(0.1000, device='cuda:1') tensor(0.3672, device='cuda:1')
tensor(0.7672, device='cuda:1') tensor(0.1000, device='cuda:1') tensor(0.1328, device='cuda:1')
tensor(0.7828, device='cuda:1') tensor(0.1000, device='cuda:1') tensor(0.1172, device='cuda:1')
tensor(0.7125, device='cuda:1') tensor(0.1000, device='cuda:1') tensor(0.1875, device='cuda:1')
tensor(0.6344, device='cuda:1') tensor(0.1000, device='cuda:1') tensor(0.2656, device='cuda:1')
tensor(0.5328, device='cuda:1') tensor(0.1000, device='cuda:1') tensor(0.3672, device='cuda:1')
tensor(0.5406, device='cuda:1') tensor(0.1000, device='cuda:1') tensor(0.3594, device='cuda:1')
tensor(0.5953, device='cuda:1') tensor(0.1000, device='cuda:1') tensor(0.3047, device='cuda:1')
tensor(0.5484, device='cuda:1') tensor(0.1000, device='cuda:1') tensor(0.3516, device='cuda:1')
tensor(0.7203, device='cuda:1') tensor(0.1000, device='cuda:1') tensor(0.1797, device='cuda:1')
tensor(0.8062, device='cuda:1') tensor(0.1000, device='cuda:1') tensor(0.0938, device='cuda:1')
tensor(0.7672, device='cuda:1') tensor(0.1000, device='cuda:1') tensor(0.1328, device='cuda:1')
tensor(0.7437, device='cuda:1') tensor(0.1000, device='cuda:1') tensor(0.1562, device='cuda:1')
tensor(0.7437, device='cuda:1') tensor(0.1000, device='cuda:1') tensor(0.1562, device='cuda:1')
tensor(0.5406, device='cuda:1') tensor(0.1000, device='cuda:1') tensor(0.3594, device='cuda:1')
tensor(0.5719, device='cuda:1') tensor(0.1000, device='cuda:1') tensor(0.3281, device='cuda:1')
tensor(0.7750, device='cuda:1') tensor(0.1000, device='cuda:1') tensor(0.1250, device='cuda:1')
tensor(0.6031, device='cuda:1') tensor(0.1000, device='cuda:1') tensor(0.2969, device='cuda:1')
tensor(0.8531, device='cuda:1') tensor(0.1000, device='cuda:1') tensor(0.0469, device='cuda:1')
time 2.39
error 699190.5
24 mlp.up_proj
Quantizing ...
tensor(0.6891, device='cuda:1') tensor(0.1000, device='cuda:1') tensor(0.2109, device='cuda:1')
tensor(0.5172, device='cuda:1') tensor(0.1000, device='cuda:1') tensor(0.3828, device='cuda:1')
tensor(0.5719, device='cuda:1') tensor(0.1000, device='cuda:1') tensor(0.3281, device='cuda:1')
tensor(0.8297, device='cuda:1') tensor(0.1000, device='cuda:1') tensor(0.0703, device='cuda:1')
tensor(0.5641, device='cuda:1') tensor(0.1000, device='cuda:1') tensor(0.3359, device='cuda:1')
tensor(0.5484, device='cuda:1') tensor(0.1000, device='cuda:1') tensor(0.3516, device='cuda:1')
tensor(0.8297, device='cuda:1') tensor(0.1000, device='cuda:1') tensor(0.0703, device='cuda:1')
tensor(0.8375, device='cuda:1') tensor(0.1000, device='cuda:1') tensor(0.0625, device='cuda:1')
tensor(0.8297, device='cuda:1') tensor(0.1000, device='cuda:1') tensor(0.0703, device='cuda:1')
tensor(0.8141, device='cuda:1') tensor(0.1000, device='cuda:1') tensor(0.0859, device='cuda:1')
tensor(0.6734, device='cuda:1') tensor(0.1000, device='cuda:1') tensor(0.2266, device='cuda:1')
tensor(0.7203, device='cuda:1') tensor(0.1000, device='cuda:1') tensor(0.1797, device='cuda:1')
tensor(0.7984, device='cuda:1') tensor(0.1000, device='cuda:1') tensor(0.1016, device='cuda:1')
tensor(0.6734, device='cuda:1') tensor(0.1000, device='cuda:1') tensor(0.2266, device='cuda:1')
tensor(0.7047, device='cuda:1') tensor(0.1000, device='cuda:1') tensor(0.1953, device='cuda:1')
tensor(0.7984, device='cuda:1') tensor(0.1000, device='cuda:1') tensor(0.1016, device='cuda:1')
tensor(0.7047, device='cuda:1') tensor(0.1000, device='cuda:1') tensor(0.1953, device='cuda:1')
tensor(0.7125, device='cuda:1') tensor(0.1000, device='cuda:1') tensor(0.1875, device='cuda:1')
tensor(0.7359, device='cuda:1') tensor(0.1000, device='cuda:1') tensor(0.1641, device='cuda:1')
tensor(0.8453, device='cuda:1') tensor(0.1000, device='cuda:1') tensor(0.0547, device='cuda:1')
time 2.40
error 675051.3125
24 mlp.down_proj
Quantizing ...
tensor(0.7437, device='cuda:1') tensor(0.1000, device='cuda:1') tensor(0.1562, device='cuda:1')
tensor(0.6969, device='cuda:1') tensor(0.1000, device='cuda:1') tensor(0.2031, device='cuda:1')
tensor(0.7750, device='cuda:1') tensor(0.1000, device='cuda:1') tensor(0.1250, device='cuda:1')
tensor(0.8609, device='cuda:1') tensor(0.1000, device='cuda:1') tensor(0.0391, device='cuda:1')
tensor(0.7984, device='cuda:1') tensor(0.1000, device='cuda:1') tensor(0.1016, device='cuda:1')
tensor(0.8297, device='cuda:1') tensor(0.1000, device='cuda:1') tensor(0.0703, device='cuda:1')
tensor(0.8453, device='cuda:1') tensor(0.1000, device='cuda:1') tensor(0.0547, device='cuda:1')
tensor(0.6578, device='cuda:1') tensor(0.1000, device='cuda:1') tensor(0.2422, device='cuda:1')
tensor(0.8531, device='cuda:1') tensor(0.1000, device='cuda:1') tensor(0.0469, device='cuda:1')
tensor(0.8531, device='cuda:1') tensor(0.1000, device='cuda:1') tensor(0.0469, device='cuda:1')
tensor(0.8609, device='cuda:1') tensor(0.1000, device='cuda:1') tensor(0.0391, device='cuda:1')
tensor(0.8297, device='cuda:1') tensor(0.1000, device='cuda:1') tensor(0.0703, device='cuda:1')
tensor(0.8453, device='cuda:1') tensor(0.1000, device='cuda:1') tensor(0.0547, device='cuda:1')
tensor(0.8375, device='cuda:1') tensor(0.1000, device='cuda:1') tensor(0.0625, device='cuda:1')
tensor(0.8375, device='cuda:1') tensor(0.1000, device='cuda:1') tensor(0.0625, device='cuda:1')
tensor(0.8531, device='cuda:1') tensor(0.1000, device='cuda:1') tensor(0.0469, device='cuda:1')
tensor(0.8297, device='cuda:1') tensor(0.1000, device='cuda:1') tensor(0.0703, device='cuda:1')
tensor(0.8453, device='cuda:1') tensor(0.1000, device='cuda:1') tensor(0.0547, device='cuda:1')
tensor(0.8375, device='cuda:1') tensor(0.1000, device='cuda:1') tensor(0.0625, device='cuda:1')
tensor(0.8609, device='cuda:1') tensor(0.1000, device='cuda:1') tensor(0.0391, device='cuda:1')
tensor(0.8219, device='cuda:1') tensor(0.1000, device='cuda:1') tensor(0.0781, device='cuda:1')
tensor(0.8531, device='cuda:1') tensor(0.1000, device='cuda:1') tensor(0.0469, device='cuda:1')
tensor(0.8453, device='cuda:1') tensor(0.1000, device='cuda:1') tensor(0.0547, device='cuda:1')
tensor(0.8453, device='cuda:1') tensor(0.1000, device='cuda:1') tensor(0.0547, device='cuda:1')
tensor(0.8531, device='cuda:1') tensor(0.1000, device='cuda:1') tensor(0.0469, device='cuda:1')
tensor(0.8609, device='cuda:1') tensor(0.1000, device='cuda:1') tensor(0.0391, device='cuda:1')
tensor(0.8297, device='cuda:1') tensor(0.1000, device='cuda:1') tensor(0.0703, device='cuda:1')
tensor(0.8531, device='cuda:1') tensor(0.1000, device='cuda:1') tensor(0.0469, device='cuda:1')
tensor(0.8219, device='cuda:1') tensor(0.1000, device='cuda:1') tensor(0.0781, device='cuda:1')
tensor(0.7828, device='cuda:1') tensor(0.1000, device='cuda:1') tensor(0.1172, device='cuda:1')
tensor(0.8531, device='cuda:1') tensor(0.1000, device='cuda:1') tensor(0.0469, device='cuda:1')
tensor(0.8297, device='cuda:1') tensor(0.1000, device='cuda:1') tensor(0.0703, device='cuda:1')
tensor(0.7984, device='cuda:1') tensor(0.1000, device='cuda:1') tensor(0.1016, device='cuda:1')
tensor(0.8063, device='cuda:1') tensor(0.1000, device='cuda:1') tensor(0.0938, device='cuda:1')
tensor(0.8688, device='cuda:1') tensor(0.1000, device='cuda:1') tensor(0.0312, device='cuda:1')
tensor(0.8453, device='cuda:1') tensor(0.1000, device='cuda:1') tensor(0.0547, device='cuda:1')
tensor(0.8219, device='cuda:1') tensor(0.1000, device='cuda:1') tensor(0.0781, device='cuda:1')
tensor(0.8453, device='cuda:1') tensor(0.1000, device='cuda:1') tensor(0.0547, device='cuda:1')
tensor(0.8609, device='cuda:1') tensor(0.1000, device='cuda:1') tensor(0.0391, device='cuda:1')
tensor(0.8141, device='cuda:1') tensor(0.1000, device='cuda:1') tensor(0.0859, device='cuda:1')
tensor(0.8453, device='cuda:1') tensor(0.1000, device='cuda:1') tensor(0.0547, device='cuda:1')
tensor(0.8453, device='cuda:1') tensor(0.1000, device='cuda:1') tensor(0.0547, device='cuda:1')
tensor(0.8375, device='cuda:1') tensor(0.1000, device='cuda:1') tensor(0.0625, device='cuda:1')
tensor(0.8531, device='cuda:1') tensor(0.1000, device='cuda:1') tensor(0.0469, device='cuda:1')
tensor(0.8531, device='cuda:1') tensor(0.1000, device='cuda:1') tensor(0.0469, device='cuda:1')
tensor(0.8141, device='cuda:1') tensor(0.1000, device='cuda:1') tensor(0.0859, device='cuda:1')
tensor(0.8688, device='cuda:1') tensor(0.1000, device='cuda:1') tensor(0.0312, device='cuda:1')
tensor(0.8688, device='cuda:1') tensor(0.1000, device='cuda:1') tensor(0.0312, device='cuda:1')
tensor(0.8375, device='cuda:1') tensor(0.1000, device='cuda:1') tensor(0.0625, device='cuda:1')
tensor(0.8219, device='cuda:1') tensor(0.1000, device='cuda:1') tensor(0.0781, device='cuda:1')
tensor(0.6891, device='cuda:1') tensor(0.1000, device='cuda:1') tensor(0.2109, device='cuda:1')
tensor(0.8375, device='cuda:1') tensor(0.1000, device='cuda:1') tensor(0.0625, device='cuda:1')
tensor(0.8531, device='cuda:1') tensor(0.1000, device='cuda:1') tensor(0.0469, device='cuda:1')
tensor(0.8375, device='cuda:1') tensor(0.1000, device='cuda:1') tensor(0.0625, device='cuda:1')
tensor(0.8531, device='cuda:1') tensor(0.1000, device='cuda:1') tensor(0.0469, device='cuda:1')
tensor(0.8453, device='cuda:1') tensor(0.1000, device='cuda:1') tensor(0.0547, device='cuda:1')
tensor(0.8453, device='cuda:1') tensor(0.1000, device='cuda:1') tensor(0.0547, device='cuda:1')
tensor(0.8297, device='cuda:1') tensor(0.1000, device='cuda:1') tensor(0.0703, device='cuda:1')
tensor(0.8297, device='cuda:1') tensor(0.1000, device='cuda:1') tensor(0.0703, device='cuda:1')
tensor(0.8609, device='cuda:1') tensor(0.1000, device='cuda:1') tensor(0.0391, device='cuda:1')
tensor(0.8297, device='cuda:1') tensor(0.1000, device='cuda:1') tensor(0.0703, device='cuda:1')
tensor(0.7984, device='cuda:1') tensor(0.1000, device='cuda:1') tensor(0.1016, device='cuda:1')
tensor(0.8297, device='cuda:1') tensor(0.1000, device='cuda:1') tensor(0.0703, device='cuda:1')
tensor(0.8453, device='cuda:1') tensor(0.1000, device='cuda:1') tensor(0.0547, device='cuda:1')
tensor(0.8531, device='cuda:1') tensor(0.1000, device='cuda:1') tensor(0.0469, device='cuda:1')
tensor(0.8375, device='cuda:1') tensor(0.1000, device='cuda:1') tensor(0.0625, device='cuda:1')
tensor(0.8531, device='cuda:1') tensor(0.1000, device='cuda:1') tensor(0.0469, device='cuda:1')
tensor(0.8531, device='cuda:1') tensor(0.1000, device='cuda:1') tensor(0.0469, device='cuda:1')
tensor(0.8609, device='cuda:1') tensor(0.1000, device='cuda:1') tensor(0.0391, device='cuda:1')
tensor(0.8453, device='cuda:1') tensor(0.1000, device='cuda:1') tensor(0.0547, device='cuda:1')
tensor(0.8609, device='cuda:1') tensor(0.1000, device='cuda:1') tensor(0.0391, device='cuda:1')
tensor(0.8531, device='cuda:1') tensor(0.1000, device='cuda:1') tensor(0.0469, device='cuda:1')
tensor(0.8453, device='cuda:1') tensor(0.1000, device='cuda:1') tensor(0.0547, device='cuda:1')
tensor(0.8609, device='cuda:1') tensor(0.1000, device='cuda:1') tensor(0.0391, device='cuda:1')
tensor(0.8531, device='cuda:1') tensor(0.1000, device='cuda:1') tensor(0.0469, device='cuda:1')
tensor(0.8375, device='cuda:1') tensor(0.1000, device='cuda:1') tensor(0.0625, device='cuda:1')
time 7.27
error 193274.3125
25 self_attn.q_proj
Quantizing ...
tensor(0.7750, device='cuda:1') tensor(0.1000, device='cuda:1') tensor(0.1250, device='cuda:1')
tensor(0.8766, device='cuda:1') tensor(0.1000, device='cuda:1') tensor(0.0234, device='cuda:1')
tensor(0.8687, device='cuda:1') tensor(0.1000, device='cuda:1') tensor(0.0312, device='cuda:1')
tensor(0.8687, device='cuda:1') tensor(0.1000, device='cuda:1') tensor(0.0312, device='cuda:1')
tensor(0.8609, device='cuda:1') tensor(0.1000, device='cuda:1') tensor(0.0391, device='cuda:1')
tensor(0.8375, device='cuda:1') tensor(0.1000, device='cuda:1') tensor(0.0625, device='cuda:1')
tensor(0.7672, device='cuda:1') tensor(0.1000, device='cuda:1') tensor(0.1328, device='cuda:1')
tensor(0.8453, device='cuda:1') tensor(0.1000, device='cuda:1') tensor(0.0547, device='cuda:1')
tensor(0.7359, device='cuda:1') tensor(0.1000, device='cuda:1') tensor(0.1641, device='cuda:1')
tensor(0.7984, device='cuda:1') tensor(0.1000, device='cuda:1') tensor(0.1016, device='cuda:1')
tensor(0.7906, device='cuda:1') tensor(0.1000, device='cuda:1') tensor(0.1094, device='cuda:1')
tensor(0.7281, device='cuda:1') tensor(0.1000, device='cuda:1') tensor(0.1719, device='cuda:1')
tensor(0.6812, device='cuda:1') tensor(0.1000, device='cuda:1') tensor(0.2188, device='cuda:1')
tensor(0.7516, device='cuda:1') tensor(0.1000, device='cuda:1') tensor(0.1484, device='cuda:1')
tensor(0.6734, device='cuda:1') tensor(0.1000, device='cuda:1') tensor(0.2266, device='cuda:1')
tensor(0.6812, device='cuda:1') tensor(0.1000, device='cuda:1') tensor(0.2188, device='cuda:1')
tensor(0.8531, device='cuda:1') tensor(0.1000, device='cuda:1') tensor(0.0469, device='cuda:1')
tensor(0.8297, device='cuda:1') tensor(0.1000, device='cuda:1') tensor(0.0703, device='cuda:1')
tensor(0.6344, device='cuda:1') tensor(0.1000, device='cuda:1') tensor(0.2656, device='cuda:1')
tensor(0.8531, device='cuda:1') tensor(0.1000, device='cuda:1') tensor(0.0469, device='cuda:1')
time 2.25
error 507878.8125
25 self_attn.k_proj
Quantizing ...
tensor(0.6344, device='cuda:1') tensor(0.1000, device='cuda:1') tensor(0.2656, device='cuda:1')
tensor(0.8297, device='cuda:1') tensor(0.1000, device='cuda:1') tensor(0.0703, device='cuda:1')
tensor(0.8062, device='cuda:1') tensor(0.1000, device='cuda:1') tensor(0.0938, device='cuda:1')
tensor(0.5172, device='cuda:1') tensor(0.1000, device='cuda:1') tensor(0.3828, device='cuda:1')
tensor(0.5250, device='cuda:1') tensor(0.1000, device='cuda:1') tensor(0.3750, device='cuda:1')
tensor(0.5250, device='cuda:1') tensor(0.1000, device='cuda:1') tensor(0.3750, device='cuda:1')
tensor(0.6969, device='cuda:1') tensor(0.1000, device='cuda:1') tensor(0.2031, device='cuda:1')
tensor(0.7281, device='cuda:1') tensor(0.1000, device='cuda:1') tensor(0.1719, device='cuda:1')
tensor(0.7359, device='cuda:1') tensor(0.1000, device='cuda:1') tensor(0.1641, device='cuda:1')
tensor(0.6734, device='cuda:1') tensor(0.1000, device='cuda:1') tensor(0.2266, device='cuda:1')
tensor(0.6187, device='cuda:1') tensor(0.1000, device='cuda:1') tensor(0.2812, device='cuda:1')
tensor(0.7750, device='cuda:1') tensor(0.1000, device='cuda:1') tensor(0.1250, device='cuda:1')
tensor(0.5797, device='cuda:1') tensor(0.1000, device='cuda:1') tensor(0.3203, device='cuda:1')
tensor(0.8297, device='cuda:1') tensor(0.1000, device='cuda:1') tensor(0.0703, device='cuda:1')
tensor(0.7516, device='cuda:1') tensor(0.1000, device='cuda:1') tensor(0.1484, device='cuda:1')
tensor(0.8062, device='cuda:1') tensor(0.1000, device='cuda:1') tensor(0.0938, device='cuda:1')
tensor(0.7125, device='cuda:1') tensor(0.1000, device='cuda:1') tensor(0.1875, device='cuda:1')
tensor(0.7437, device='cuda:1') tensor(0.1000, device='cuda:1') tensor(0.1562, device='cuda:1')
tensor(0.8375, device='cuda:1') tensor(0.1000, device='cuda:1') tensor(0.0625, device='cuda:1')
tensor(0.8297, device='cuda:1') tensor(0.1000, device='cuda:1') tensor(0.0703, device='cuda:1')
time 1.75
error 114885.109375
25 self_attn.v_proj
Quantizing ...
tensor(0.6266, device='cuda:1') tensor(0.1000, device='cuda:1') tensor(0.2734, device='cuda:1')
tensor(0.5172, device='cuda:1') tensor(0.1000, device='cuda:1') tensor(0.3828, device='cuda:1')
tensor(0.5172, device='cuda:1') tensor(0.1000, device='cuda:1') tensor(0.3828, device='cuda:1')
tensor(0.5172, device='cuda:1') tensor(0.1000, device='cuda:1') tensor(0.3828, device='cuda:1')
tensor(0.5172, device='cuda:1') tensor(0.1000, device='cuda:1') tensor(0.3828, device='cuda:1')
tensor(0.5250, device='cuda:1') tensor(0.1000, device='cuda:1') tensor(0.3750, device='cuda:1')
tensor(0.5328, device='cuda:1') tensor(0.1000, device='cuda:1') tensor(0.3672, device='cuda:1')
tensor(0.6031, device='cuda:1') tensor(0.1000, device='cuda:1') tensor(0.2969, device='cuda:1')
tensor(0.5172, device='cuda:1') tensor(0.1000, device='cuda:1') tensor(0.3828, device='cuda:1')
tensor(0.6344, device='cuda:1') tensor(0.1000, device='cuda:1') tensor(0.2656, device='cuda:1')
tensor(0.5172, device='cuda:1') tensor(0.1000, device='cuda:1') tensor(0.3828, device='cuda:1')
tensor(0.5641, device='cuda:1') tensor(0.1000, device='cuda:1') tensor(0.3359, device='cuda:1')
tensor(0.7516, device='cuda:1') tensor(0.1000, device='cuda:1') tensor(0.1484, device='cuda:1')
tensor(0.6656, device='cuda:1') tensor(0.1000, device='cuda:1') tensor(0.2344, device='cuda:1')
tensor(0.5797, device='cuda:1') tensor(0.1000, device='cuda:1') tensor(0.3203, device='cuda:1')
tensor(0.7750, device='cuda:1') tensor(0.1000, device='cuda:1') tensor(0.1250, device='cuda:1')
tensor(0.5328, device='cuda:1') tensor(0.1000, device='cuda:1') tensor(0.3672, device='cuda:1')
tensor(0.7594, device='cuda:1') tensor(0.1000, device='cuda:1') tensor(0.1406, device='cuda:1')
tensor(0.7906, device='cuda:1') tensor(0.1000, device='cuda:1') tensor(0.1094, device='cuda:1')
tensor(0.8141, device='cuda:1') tensor(0.1000, device='cuda:1') tensor(0.0859, device='cuda:1')
time 1.70
error 127832.1875
25 self_attn.o_proj
Quantizing ...
tensor(0.8609, device='cuda:1') tensor(0.1000, device='cuda:1') tensor(0.0391, device='cuda:1')
tensor(0.8531, device='cuda:1') tensor(0.1000, device='cuda:1') tensor(0.0469, device='cuda:1')
tensor(0.8375, device='cuda:1') tensor(0.1000, device='cuda:1') tensor(0.0625, device='cuda:1')
tensor(0.8375, device='cuda:1') tensor(0.1000, device='cuda:1') tensor(0.0625, device='cuda:1')
tensor(0.8531, device='cuda:1') tensor(0.1000, device='cuda:1') tensor(0.0469, device='cuda:1')
tensor(0.8297, device='cuda:1') tensor(0.1000, device='cuda:1') tensor(0.0703, device='cuda:1')
tensor(0.8453, device='cuda:1') tensor(0.1000, device='cuda:1') tensor(0.0547, device='cuda:1')
tensor(0.8453, device='cuda:1') tensor(0.1000, device='cuda:1') tensor(0.0547, device='cuda:1')
tensor(0.8375, device='cuda:1') tensor(0.1000, device='cuda:1') tensor(0.0625, device='cuda:1')
tensor(0.8297, device='cuda:1') tensor(0.1000, device='cuda:1') tensor(0.0703, device='cuda:1')
tensor(0.7828, device='cuda:1') tensor(0.1000, device='cuda:1') tensor(0.1172, device='cuda:1')
tensor(0.7984, device='cuda:1') tensor(0.1000, device='cuda:1') tensor(0.1016, device='cuda:1')
tensor(0.7516, device='cuda:1') tensor(0.1000, device='cuda:1') tensor(0.1484, device='cuda:1')
tensor(0.8688, device='cuda:1') tensor(0.1000, device='cuda:1') tensor(0.0312, device='cuda:1')
tensor(0.7750, device='cuda:1') tensor(0.1000, device='cuda:1') tensor(0.1250, device='cuda:1')
tensor(0.8453, device='cuda:1') tensor(0.1000, device='cuda:1') tensor(0.0547, device='cuda:1')
tensor(0.8453, device='cuda:1') tensor(0.1000, device='cuda:1') tensor(0.0547, device='cuda:1')
tensor(0.8297, device='cuda:1') tensor(0.1000, device='cuda:1') tensor(0.0703, device='cuda:1')
tensor(0.8609, device='cuda:1') tensor(0.1000, device='cuda:1') tensor(0.0391, device='cuda:1')
tensor(0.8219, device='cuda:1') tensor(0.1000, device='cuda:1') tensor(0.0781, device='cuda:1')
tensor(0.8688, device='cuda:1') tensor(0.1000, device='cuda:1') tensor(0.0312, device='cuda:1')
tensor(0.8609, device='cuda:1') tensor(0.1000, device='cuda:1') tensor(0.0391, device='cuda:1')
tensor(0.8063, device='cuda:1') tensor(0.1000, device='cuda:1') tensor(0.0938, device='cuda:1')
tensor(0.8531, device='cuda:1') tensor(0.1000, device='cuda:1') tensor(0.0469, device='cuda:1')
tensor(0.8219, device='cuda:1') tensor(0.1000, device='cuda:1') tensor(0.0781, device='cuda:1')
tensor(0.8141, device='cuda:1') tensor(0.1000, device='cuda:1') tensor(0.0859, device='cuda:1')
tensor(0.8297, device='cuda:1') tensor(0.1000, device='cuda:1') tensor(0.0703, device='cuda:1')
tensor(0.8141, device='cuda:1') tensor(0.1000, device='cuda:1') tensor(0.0859, device='cuda:1')
tensor(0.7359, device='cuda:1') tensor(0.1000, device='cuda:1') tensor(0.1641, device='cuda:1')
tensor(0.8453, device='cuda:1') tensor(0.1000, device='cuda:1') tensor(0.0547, device='cuda:1')
tensor(0.8297, device='cuda:1') tensor(0.1000, device='cuda:1') tensor(0.0703, device='cuda:1')
tensor(0.8219, device='cuda:1') tensor(0.1000, device='cuda:1') tensor(0.0781, device='cuda:1')
time 2.95
error 35921.55078125
25 mlp.gate_proj
Quantizing ...
tensor(0.8687, device='cuda:1') tensor(0.1000, device='cuda:1') tensor(0.0312, device='cuda:1')
tensor(0.5172, device='cuda:1') tensor(0.1000, device='cuda:1') tensor(0.3828, device='cuda:1')
tensor(0.6500, device='cuda:1') tensor(0.1000, device='cuda:1') tensor(0.2500, device='cuda:1')
tensor(0.8375, device='cuda:1') tensor(0.1000, device='cuda:1') tensor(0.0625, device='cuda:1')
tensor(0.6266, device='cuda:1') tensor(0.1000, device='cuda:1') tensor(0.2734, device='cuda:1')
tensor(0.6109, device='cuda:1') tensor(0.1000, device='cuda:1') tensor(0.2891, device='cuda:1')
tensor(0.8297, device='cuda:1') tensor(0.1000, device='cuda:1') tensor(0.0703, device='cuda:1')
tensor(0.5641, device='cuda:1') tensor(0.1000, device='cuda:1') tensor(0.3359, device='cuda:1')
tensor(0.6422, device='cuda:1') tensor(0.1000, device='cuda:1') tensor(0.2578, device='cuda:1')
tensor(0.6266, device='cuda:1') tensor(0.1000, device='cuda:1') tensor(0.2734, device='cuda:1')
tensor(0.6812, device='cuda:1') tensor(0.1000, device='cuda:1') tensor(0.2188, device='cuda:1')
tensor(0.6656, device='cuda:1') tensor(0.1000, device='cuda:1') tensor(0.2344, device='cuda:1')
tensor(0.7125, device='cuda:1') tensor(0.1000, device='cuda:1') tensor(0.1875, device='cuda:1')
tensor(0.7828, device='cuda:1') tensor(0.1000, device='cuda:1') tensor(0.1172, device='cuda:1')
tensor(0.5406, device='cuda:1') tensor(0.1000, device='cuda:1') tensor(0.3594, device='cuda:1')
tensor(0.6578, device='cuda:1') tensor(0.1000, device='cuda:1') tensor(0.2422, device='cuda:1')
tensor(0.7516, device='cuda:1') tensor(0.1000, device='cuda:1') tensor(0.1484, device='cuda:1')
tensor(0.7516, device='cuda:1') tensor(0.1000, device='cuda:1') tensor(0.1484, device='cuda:1')
tensor(0.7750, device='cuda:1') tensor(0.1000, device='cuda:1') tensor(0.1250, device='cuda:1')
tensor(0.8531, device='cuda:1') tensor(0.1000, device='cuda:1') tensor(0.0469, device='cuda:1')
time 2.51
error 817836.5
25 mlp.up_proj
Quantizing ...
tensor(0.6734, device='cuda:1') tensor(0.1000, device='cuda:1') tensor(0.2266, device='cuda:1')
tensor(0.5172, device='cuda:1') tensor(0.1000, device='cuda:1') tensor(0.3828, device='cuda:1')
tensor(0.5562, device='cuda:1') tensor(0.1000, device='cuda:1') tensor(0.3438, device='cuda:1')
tensor(0.8141, device='cuda:1') tensor(0.1000, device='cuda:1') tensor(0.0859, device='cuda:1')
tensor(0.7047, device='cuda:1') tensor(0.1000, device='cuda:1') tensor(0.1953, device='cuda:1')
tensor(0.8219, device='cuda:1') tensor(0.1000, device='cuda:1') tensor(0.0781, device='cuda:1')
tensor(0.8453, device='cuda:1') tensor(0.1000, device='cuda:1') tensor(0.0547, device='cuda:1')
tensor(0.8531, device='cuda:1') tensor(0.1000, device='cuda:1') tensor(0.0469, device='cuda:1')
tensor(0.6969, device='cuda:1') tensor(0.1000, device='cuda:1') tensor(0.2031, device='cuda:1')
tensor(0.7906, device='cuda:1') tensor(0.1000, device='cuda:1') tensor(0.1094, device='cuda:1')
tensor(0.7594, device='cuda:1') tensor(0.1000, device='cuda:1') tensor(0.1406, device='cuda:1')
tensor(0.6891, device='cuda:1') tensor(0.1000, device='cuda:1') tensor(0.2109, device='cuda:1')
tensor(0.7125, device='cuda:1') tensor(0.1000, device='cuda:1') tensor(0.1875, device='cuda:1')
tensor(0.7906, device='cuda:1') tensor(0.1000, device='cuda:1') tensor(0.1094, device='cuda:1')
tensor(0.6734, device='cuda:1') tensor(0.1000, device='cuda:1') tensor(0.2266, device='cuda:1')
tensor(0.8219, device='cuda:1') tensor(0.1000, device='cuda:1') tensor(0.0781, device='cuda:1')
tensor(0.6656, device='cuda:1') tensor(0.1000, device='cuda:1') tensor(0.2344, device='cuda:1')
tensor(0.7047, device='cuda:1') tensor(0.1000, device='cuda:1') tensor(0.1953, device='cuda:1')
tensor(0.7359, device='cuda:1') tensor(0.1000, device='cuda:1') tensor(0.1641, device='cuda:1')
tensor(0.8453, device='cuda:1') tensor(0.1000, device='cuda:1') tensor(0.0547, device='cuda:1')
time 2.55
error 768375.75
25 mlp.down_proj
Quantizing ...
tensor(0.6422, device='cuda:1') tensor(0.1000, device='cuda:1') tensor(0.2578, device='cuda:1')
tensor(0.6500, device='cuda:1') tensor(0.1000, device='cuda:1') tensor(0.2500, device='cuda:1')
tensor(0.8453, device='cuda:1') tensor(0.1000, device='cuda:1') tensor(0.0547, device='cuda:1')
tensor(0.7906, device='cuda:1') tensor(0.1000, device='cuda:1') tensor(0.1094, device='cuda:1')
tensor(0.8453, device='cuda:1') tensor(0.1000, device='cuda:1') tensor(0.0547, device='cuda:1')
tensor(0.8531, device='cuda:1') tensor(0.1000, device='cuda:1') tensor(0.0469, device='cuda:1')
tensor(0.8531, device='cuda:1') tensor(0.1000, device='cuda:1') tensor(0.0469, device='cuda:1')
tensor(0.8453, device='cuda:1') tensor(0.1000, device='cuda:1') tensor(0.0547, device='cuda:1')
tensor(0.8531, device='cuda:1') tensor(0.1000, device='cuda:1') tensor(0.0469, device='cuda:1')
tensor(0.8531, device='cuda:1') tensor(0.1000, device='cuda:1') tensor(0.0469, device='cuda:1')
tensor(0.7828, device='cuda:1') tensor(0.1000, device='cuda:1') tensor(0.1172, device='cuda:1')
tensor(0.8688, device='cuda:1') tensor(0.1000, device='cuda:1') tensor(0.0312, device='cuda:1')
tensor(0.8531, device='cuda:1') tensor(0.1000, device='cuda:1') tensor(0.0469, device='cuda:1')
tensor(0.8375, device='cuda:1') tensor(0.1000, device='cuda:1') tensor(0.0625, device='cuda:1')
tensor(0.8375, device='cuda:1') tensor(0.1000, device='cuda:1') tensor(0.0625, device='cuda:1')
tensor(0.8297, device='cuda:1') tensor(0.1000, device='cuda:1') tensor(0.0703, device='cuda:1')
tensor(0.7828, device='cuda:1') tensor(0.1000, device='cuda:1') tensor(0.1172, device='cuda:1')
tensor(0.8609, device='cuda:1') tensor(0.1000, device='cuda:1') tensor(0.0391, device='cuda:1')
tensor(0.7750, device='cuda:1') tensor(0.1000, device='cuda:1') tensor(0.1250, device='cuda:1')
tensor(0.8453, device='cuda:1') tensor(0.1000, device='cuda:1') tensor(0.0547, device='cuda:1')
tensor(0.8531, device='cuda:1') tensor(0.1000, device='cuda:1') tensor(0.0469, device='cuda:1')
tensor(0.8453, device='cuda:1') tensor(0.1000, device='cuda:1') tensor(0.0547, device='cuda:1')
tensor(0.8453, device='cuda:1') tensor(0.1000, device='cuda:1') tensor(0.0547, device='cuda:1')
tensor(0.8609, device='cuda:1') tensor(0.1000, device='cuda:1') tensor(0.0391, device='cuda:1')
tensor(0.7906, device='cuda:1') tensor(0.1000, device='cuda:1') tensor(0.1094, device='cuda:1')
tensor(0.8297, device='cuda:1') tensor(0.1000, device='cuda:1') tensor(0.0703, device='cuda:1')
tensor(0.8297, device='cuda:1') tensor(0.1000, device='cuda:1') tensor(0.0703, device='cuda:1')
tensor(0.8375, device='cuda:1') tensor(0.1000, device='cuda:1') tensor(0.0625, device='cuda:1')
tensor(0.8375, device='cuda:1') tensor(0.1000, device='cuda:1') tensor(0.0625, device='cuda:1')
tensor(0.8609, device='cuda:1') tensor(0.1000, device='cuda:1') tensor(0.0391, device='cuda:1')
tensor(0.8219, device='cuda:1') tensor(0.1000, device='cuda:1') tensor(0.0781, device='cuda:1')
tensor(0.8063, device='cuda:1') tensor(0.1000, device='cuda:1') tensor(0.0938, device='cuda:1')
tensor(0.8609, device='cuda:1') tensor(0.1000, device='cuda:1') tensor(0.0391, device='cuda:1')
tensor(0.8531, device='cuda:1') tensor(0.1000, device='cuda:1') tensor(0.0469, device='cuda:1')
tensor(0.8531, device='cuda:1') tensor(0.1000, device='cuda:1') tensor(0.0469, device='cuda:1')
tensor(0.8219, device='cuda:1') tensor(0.1000, device='cuda:1') tensor(0.0781, device='cuda:1')
tensor(0.8688, device='cuda:1') tensor(0.1000, device='cuda:1') tensor(0.0312, device='cuda:1')
tensor(0.8375, device='cuda:1') tensor(0.1000, device='cuda:1') tensor(0.0625, device='cuda:1')
tensor(0.8141, device='cuda:1') tensor(0.1000, device='cuda:1') tensor(0.0859, device='cuda:1')
tensor(0.8453, device='cuda:1') tensor(0.1000, device='cuda:1') tensor(0.0547, device='cuda:1')
tensor(0.7594, device='cuda:1') tensor(0.1000, device='cuda:1') tensor(0.1406, device='cuda:1')
tensor(0.7984, device='cuda:1') tensor(0.1000, device='cuda:1') tensor(0.1016, device='cuda:1')
tensor(0.8375, device='cuda:1') tensor(0.1000, device='cuda:1') tensor(0.0625, device='cuda:1')
tensor(0.8609, device='cuda:1') tensor(0.1000, device='cuda:1') tensor(0.0391, device='cuda:1')
tensor(0.8688, device='cuda:1') tensor(0.1000, device='cuda:1') tensor(0.0312, device='cuda:1')
tensor(0.7750, device='cuda:1') tensor(0.1000, device='cuda:1') tensor(0.1250, device='cuda:1')
tensor(0.8688, device='cuda:1') tensor(0.1000, device='cuda:1') tensor(0.0312, device='cuda:1')
tensor(0.8531, device='cuda:1') tensor(0.1000, device='cuda:1') tensor(0.0469, device='cuda:1')
tensor(0.8688, device='cuda:1') tensor(0.1000, device='cuda:1') tensor(0.0312, device='cuda:1')
tensor(0.8531, device='cuda:1') tensor(0.1000, device='cuda:1') tensor(0.0469, device='cuda:1')
tensor(0.8375, device='cuda:1') tensor(0.1000, device='cuda:1') tensor(0.0625, device='cuda:1')
tensor(0.8609, device='cuda:1') tensor(0.1000, device='cuda:1') tensor(0.0391, device='cuda:1')
tensor(0.8688, device='cuda:1') tensor(0.1000, device='cuda:1') tensor(0.0312, device='cuda:1')
tensor(0.7906, device='cuda:1') tensor(0.1000, device='cuda:1') tensor(0.1094, device='cuda:1')
tensor(0.6578, device='cuda:1') tensor(0.1000, device='cuda:1') tensor(0.2422, device='cuda:1')
tensor(0.8531, device='cuda:1') tensor(0.1000, device='cuda:1') tensor(0.0469, device='cuda:1')
tensor(0.7750, device='cuda:1') tensor(0.1000, device='cuda:1') tensor(0.1250, device='cuda:1')
tensor(0.8453, device='cuda:1') tensor(0.1000, device='cuda:1') tensor(0.0547, device='cuda:1')
tensor(0.8609, device='cuda:1') tensor(0.1000, device='cuda:1') tensor(0.0391, device='cuda:1')
tensor(0.8609, device='cuda:1') tensor(0.1000, device='cuda:1') tensor(0.0391, device='cuda:1')
tensor(0.8531, device='cuda:1') tensor(0.1000, device='cuda:1') tensor(0.0469, device='cuda:1')
tensor(0.8531, device='cuda:1') tensor(0.1000, device='cuda:1') tensor(0.0469, device='cuda:1')
tensor(0.8453, device='cuda:1') tensor(0.1000, device='cuda:1') tensor(0.0547, device='cuda:1')
tensor(0.8219, device='cuda:1') tensor(0.1000, device='cuda:1') tensor(0.0781, device='cuda:1')
tensor(0.8219, device='cuda:1') tensor(0.1000, device='cuda:1') tensor(0.0781, device='cuda:1')
tensor(0.8453, device='cuda:1') tensor(0.1000, device='cuda:1') tensor(0.0547, device='cuda:1')
tensor(0.8453, device='cuda:1') tensor(0.1000, device='cuda:1') tensor(0.0547, device='cuda:1')
tensor(0.7281, device='cuda:1') tensor(0.1000, device='cuda:1') tensor(0.1719, device='cuda:1')
tensor(0.8453, device='cuda:1') tensor(0.1000, device='cuda:1') tensor(0.0547, device='cuda:1')
tensor(0.7672, device='cuda:1') tensor(0.1000, device='cuda:1') tensor(0.1328, device='cuda:1')
tensor(0.7516, device='cuda:1') tensor(0.1000, device='cuda:1') tensor(0.1484, device='cuda:1')
tensor(0.8063, device='cuda:1') tensor(0.1000, device='cuda:1') tensor(0.0938, device='cuda:1')
tensor(0.8609, device='cuda:1') tensor(0.1000, device='cuda:1') tensor(0.0391, device='cuda:1')
tensor(0.8453, device='cuda:1') tensor(0.1000, device='cuda:1') tensor(0.0547, device='cuda:1')
tensor(0.7359, device='cuda:1') tensor(0.1000, device='cuda:1') tensor(0.1641, device='cuda:1')
tensor(0.8219, device='cuda:1') tensor(0.1000, device='cuda:1') tensor(0.0781, device='cuda:1')
time 7.08
error 246534.75
26 self_attn.q_proj
Quantizing ...
tensor(0.7984, device='cuda:1') tensor(0.1000, device='cuda:1') tensor(0.1016, device='cuda:1')
tensor(0.8531, device='cuda:1') tensor(0.1000, device='cuda:1') tensor(0.0469, device='cuda:1')
tensor(0.8687, device='cuda:1') tensor(0.1000, device='cuda:1') tensor(0.0312, device='cuda:1')
tensor(0.8687, device='cuda:1') tensor(0.1000, device='cuda:1') tensor(0.0312, device='cuda:1')
tensor(0.8609, device='cuda:1') tensor(0.1000, device='cuda:1') tensor(0.0391, device='cuda:1')
tensor(0.5172, device='cuda:1') tensor(0.1000, device='cuda:1') tensor(0.3828, device='cuda:1')
tensor(0.8219, device='cuda:1') tensor(0.1000, device='cuda:1') tensor(0.0781, device='cuda:1')
tensor(0.7594, device='cuda:1') tensor(0.1000, device='cuda:1') tensor(0.1406, device='cuda:1')
tensor(0.6734, device='cuda:1') tensor(0.1000, device='cuda:1') tensor(0.2266, device='cuda:1')
tensor(0.7594, device='cuda:1') tensor(0.1000, device='cuda:1') tensor(0.1406, device='cuda:1')
tensor(0.6812, device='cuda:1') tensor(0.1000, device='cuda:1') tensor(0.2188, device='cuda:1')
tensor(0.8297, device='cuda:1') tensor(0.1000, device='cuda:1') tensor(0.0703, device='cuda:1')
tensor(0.7359, device='cuda:1') tensor(0.1000, device='cuda:1') tensor(0.1641, device='cuda:1')
tensor(0.7750, device='cuda:1') tensor(0.1000, device='cuda:1') tensor(0.1250, device='cuda:1')
tensor(0.6578, device='cuda:1') tensor(0.1000, device='cuda:1') tensor(0.2422, device='cuda:1')
tensor(0.8453, device='cuda:1') tensor(0.1000, device='cuda:1') tensor(0.0547, device='cuda:1')
tensor(0.6187, device='cuda:1') tensor(0.1000, device='cuda:1') tensor(0.2812, device='cuda:1')
tensor(0.7672, device='cuda:1') tensor(0.1000, device='cuda:1') tensor(0.1328, device='cuda:1')
tensor(0.6969, device='cuda:1') tensor(0.1000, device='cuda:1') tensor(0.2031, device='cuda:1')
tensor(0.8297, device='cuda:1') tensor(0.1000, device='cuda:1') tensor(0.0703, device='cuda:1')
time 2.23
error 818167.25
26 self_attn.k_proj
Quantizing ...
tensor(0.7359, device='cuda:1') tensor(0.1000, device='cuda:1') tensor(0.1641, device='cuda:1')
tensor(0.8375, device='cuda:1') tensor(0.1000, device='cuda:1') tensor(0.0625, device='cuda:1')
tensor(0.8141, device='cuda:1') tensor(0.1000, device='cuda:1') tensor(0.0859, device='cuda:1')
tensor(0.8375, device='cuda:1') tensor(0.1000, device='cuda:1') tensor(0.0625, device='cuda:1')
tensor(0.7828, device='cuda:1') tensor(0.1000, device='cuda:1') tensor(0.1172, device='cuda:1')
tensor(0.6109, device='cuda:1') tensor(0.1000, device='cuda:1') tensor(0.2891, device='cuda:1')
tensor(0.8531, device='cuda:1') tensor(0.1000, device='cuda:1') tensor(0.0469, device='cuda:1')
tensor(0.5641, device='cuda:1') tensor(0.1000, device='cuda:1') tensor(0.3359, device='cuda:1')
tensor(0.5641, device='cuda:1') tensor(0.1000, device='cuda:1') tensor(0.3359, device='cuda:1')
tensor(0.6500, device='cuda:1') tensor(0.1000, device='cuda:1') tensor(0.2500, device='cuda:1')
tensor(0.5953, device='cuda:1') tensor(0.1000, device='cuda:1') tensor(0.3047, device='cuda:1')
tensor(0.7750, device='cuda:1') tensor(0.1000, device='cuda:1') tensor(0.1250, device='cuda:1')
tensor(0.7984, device='cuda:1') tensor(0.1000, device='cuda:1') tensor(0.1016, device='cuda:1')
tensor(0.8062, device='cuda:1') tensor(0.1000, device='cuda:1') tensor(0.0938, device='cuda:1')
tensor(0.7828, device='cuda:1') tensor(0.1000, device='cuda:1') tensor(0.1172, device='cuda:1')
tensor(0.8219, device='cuda:1') tensor(0.1000, device='cuda:1') tensor(0.0781, device='cuda:1')
tensor(0.7437, device='cuda:1') tensor(0.1000, device='cuda:1') tensor(0.1562, device='cuda:1')
tensor(0.8062, device='cuda:1') tensor(0.1000, device='cuda:1') tensor(0.0938, device='cuda:1')
tensor(0.7906, device='cuda:1') tensor(0.1000, device='cuda:1') tensor(0.1094, device='cuda:1')
tensor(0.8453, device='cuda:1') tensor(0.1000, device='cuda:1') tensor(0.0547, device='cuda:1')
time 1.79
error 185576.125
26 self_attn.v_proj
Quantizing ...
tensor(0.6422, device='cuda:1') tensor(0.1000, device='cuda:1') tensor(0.2578, device='cuda:1')
tensor(0.5172, device='cuda:1') tensor(0.1000, device='cuda:1') tensor(0.3828, device='cuda:1')
tensor(0.5172, device='cuda:1') tensor(0.1000, device='cuda:1') tensor(0.3828, device='cuda:1')
tensor(0.5172, device='cuda:1') tensor(0.1000, device='cuda:1') tensor(0.3828, device='cuda:1')
tensor(0.5172, device='cuda:1') tensor(0.1000, device='cuda:1') tensor(0.3828, device='cuda:1')
tensor(0.5172, device='cuda:1') tensor(0.1000, device='cuda:1') tensor(0.3828, device='cuda:1')
tensor(0.5562, device='cuda:1') tensor(0.1000, device='cuda:1') tensor(0.3438, device='cuda:1')
tensor(0.6031, device='cuda:1') tensor(0.1000, device='cuda:1') tensor(0.2969, device='cuda:1')
tensor(0.5250, device='cuda:1') tensor(0.1000, device='cuda:1') tensor(0.3750, device='cuda:1')
tensor(0.5562, device='cuda:1') tensor(0.1000, device='cuda:1') tensor(0.3438, device='cuda:1')
tensor(0.5172, device='cuda:1') tensor(0.1000, device='cuda:1') tensor(0.3828, device='cuda:1')
tensor(0.7203, device='cuda:1') tensor(0.1000, device='cuda:1') tensor(0.1797, device='cuda:1')
tensor(0.5562, device='cuda:1') tensor(0.1000, device='cuda:1') tensor(0.3438, device='cuda:1')
tensor(0.8062, device='cuda:1') tensor(0.1000, device='cuda:1') tensor(0.0938, device='cuda:1')
tensor(0.6891, device='cuda:1') tensor(0.1000, device='cuda:1') tensor(0.2109, device='cuda:1')
tensor(0.7594, device='cuda:1') tensor(0.1000, device='cuda:1') tensor(0.1406, device='cuda:1')
tensor(0.6266, device='cuda:1') tensor(0.1000, device='cuda:1') tensor(0.2734, device='cuda:1')
tensor(0.8375, device='cuda:1') tensor(0.1000, device='cuda:1') tensor(0.0625, device='cuda:1')
tensor(0.8297, device='cuda:1') tensor(0.1000, device='cuda:1') tensor(0.0703, device='cuda:1')
tensor(0.8609, device='cuda:1') tensor(0.1000, device='cuda:1') tensor(0.0391, device='cuda:1')
time 1.64
error 201630.390625
26 self_attn.o_proj
Quantizing ...
tensor(0.8531, device='cuda:1') tensor(0.1000, device='cuda:1') tensor(0.0469, device='cuda:1')
tensor(0.7906, device='cuda:1') tensor(0.1000, device='cuda:1') tensor(0.1094, device='cuda:1')
tensor(0.8609, device='cuda:1') tensor(0.1000, device='cuda:1') tensor(0.0391, device='cuda:1')
tensor(0.7828, device='cuda:1') tensor(0.1000, device='cuda:1') tensor(0.1172, device='cuda:1')
tensor(0.8219, device='cuda:1') tensor(0.1000, device='cuda:1') tensor(0.0781, device='cuda:1')
tensor(0.8219, device='cuda:1') tensor(0.1000, device='cuda:1') tensor(0.0781, device='cuda:1')
tensor(0.8531, device='cuda:1') tensor(0.1000, device='cuda:1') tensor(0.0469, device='cuda:1')
tensor(0.7828, device='cuda:1') tensor(0.1000, device='cuda:1') tensor(0.1172, device='cuda:1')
tensor(0.7984, device='cuda:1') tensor(0.1000, device='cuda:1') tensor(0.1016, device='cuda:1')
tensor(0.8375, device='cuda:1') tensor(0.1000, device='cuda:1') tensor(0.0625, device='cuda:1')
tensor(0.8219, device='cuda:1') tensor(0.1000, device='cuda:1') tensor(0.0781, device='cuda:1')
tensor(0.8297, device='cuda:1') tensor(0.1000, device='cuda:1') tensor(0.0703, device='cuda:1')
tensor(0.7594, device='cuda:1') tensor(0.1000, device='cuda:1') tensor(0.1406, device='cuda:1')
tensor(0.8219, device='cuda:1') tensor(0.1000, device='cuda:1') tensor(0.0781, device='cuda:1')
tensor(0.8375, device='cuda:1') tensor(0.1000, device='cuda:1') tensor(0.0625, device='cuda:1')
tensor(0.8688, device='cuda:1') tensor(0.1000, device='cuda:1') tensor(0.0312, device='cuda:1')
tensor(0.8141, device='cuda:1') tensor(0.1000, device='cuda:1') tensor(0.0859, device='cuda:1')
tensor(0.8297, device='cuda:1') tensor(0.1000, device='cuda:1') tensor(0.0703, device='cuda:1')
tensor(0.7672, device='cuda:1') tensor(0.1000, device='cuda:1') tensor(0.1328, device='cuda:1')
tensor(0.8453, device='cuda:1') tensor(0.1000, device='cuda:1') tensor(0.0547, device='cuda:1')
tensor(0.8609, device='cuda:1') tensor(0.1000, device='cuda:1') tensor(0.0391, device='cuda:1')
tensor(0.8453, device='cuda:1') tensor(0.1000, device='cuda:1') tensor(0.0547, device='cuda:1')
tensor(0.8375, device='cuda:1') tensor(0.1000, device='cuda:1') tensor(0.0625, device='cuda:1')
tensor(0.8609, device='cuda:1') tensor(0.1000, device='cuda:1') tensor(0.0391, device='cuda:1')
tensor(0.8375, device='cuda:1') tensor(0.1000, device='cuda:1') tensor(0.0625, device='cuda:1')
tensor(0.8453, device='cuda:1') tensor(0.1000, device='cuda:1') tensor(0.0547, device='cuda:1')
tensor(0.7438, device='cuda:1') tensor(0.1000, device='cuda:1') tensor(0.1562, device='cuda:1')
tensor(0.7906, device='cuda:1') tensor(0.1000, device='cuda:1') tensor(0.1094, device='cuda:1')
tensor(0.8688, device='cuda:1') tensor(0.1000, device='cuda:1') tensor(0.0312, device='cuda:1')
tensor(0.8375, device='cuda:1') tensor(0.1000, device='cuda:1') tensor(0.0625, device='cuda:1')
tensor(0.8688, device='cuda:1') tensor(0.1000, device='cuda:1') tensor(0.0312, device='cuda:1')
tensor(0.8609, device='cuda:1') tensor(0.1000, device='cuda:1') tensor(0.0391, device='cuda:1')
time 3.18
error 31194.728515625
26 mlp.gate_proj
Quantizing ...
tensor(0.8687, device='cuda:1') tensor(0.1000, device='cuda:1') tensor(0.0312, device='cuda:1')
tensor(0.5797, device='cuda:1') tensor(0.1000, device='cuda:1') tensor(0.3203, device='cuda:1')
tensor(0.7203, device='cuda:1') tensor(0.1000, device='cuda:1') tensor(0.1797, device='cuda:1')
tensor(0.8219, device='cuda:1') tensor(0.1000, device='cuda:1') tensor(0.0781, device='cuda:1')
tensor(0.5875, device='cuda:1') tensor(0.1000, device='cuda:1') tensor(0.3125, device='cuda:1')
tensor(0.6969, device='cuda:1') tensor(0.1000, device='cuda:1') tensor(0.2031, device='cuda:1')
tensor(0.8453, device='cuda:1') tensor(0.1000, device='cuda:1') tensor(0.0547, device='cuda:1')
tensor(0.6187, device='cuda:1') tensor(0.1000, device='cuda:1') tensor(0.2812, device='cuda:1')
tensor(0.7437, device='cuda:1') tensor(0.1000, device='cuda:1') tensor(0.1562, device='cuda:1')
tensor(0.6344, device='cuda:1') tensor(0.1000, device='cuda:1') tensor(0.2656, device='cuda:1')
tensor(0.5641, device='cuda:1') tensor(0.1000, device='cuda:1') tensor(0.3359, device='cuda:1')
tensor(0.7359, device='cuda:1') tensor(0.1000, device='cuda:1') tensor(0.1641, device='cuda:1')
tensor(0.7047, device='cuda:1') tensor(0.1000, device='cuda:1') tensor(0.1953, device='cuda:1')
tensor(0.7516, device='cuda:1') tensor(0.1000, device='cuda:1') tensor(0.1484, device='cuda:1')
tensor(0.6734, device='cuda:1') tensor(0.1000, device='cuda:1') tensor(0.2266, device='cuda:1')
tensor(0.6344, device='cuda:1') tensor(0.1000, device='cuda:1') tensor(0.2656, device='cuda:1')
tensor(0.7359, device='cuda:1') tensor(0.1000, device='cuda:1') tensor(0.1641, device='cuda:1')
tensor(0.7672, device='cuda:1') tensor(0.1000, device='cuda:1') tensor(0.1328, device='cuda:1')
tensor(0.7203, device='cuda:1') tensor(0.1000, device='cuda:1') tensor(0.1797, device='cuda:1')
tensor(0.8609, device='cuda:1') tensor(0.1000, device='cuda:1') tensor(0.0391, device='cuda:1')
time 2.50
error 967675.875
26 mlp.up_proj
Quantizing ...
tensor(0.6812, device='cuda:1') tensor(0.1000, device='cuda:1') tensor(0.2188, device='cuda:1')
tensor(0.5250, device='cuda:1') tensor(0.1000, device='cuda:1') tensor(0.3750, device='cuda:1')
tensor(0.5250, device='cuda:1') tensor(0.1000, device='cuda:1') tensor(0.3750, device='cuda:1')
tensor(0.8297, device='cuda:1') tensor(0.1000, device='cuda:1') tensor(0.0703, device='cuda:1')
tensor(0.6187, device='cuda:1') tensor(0.1000, device='cuda:1') tensor(0.2812, device='cuda:1')
tensor(0.7516, device='cuda:1') tensor(0.1000, device='cuda:1') tensor(0.1484, device='cuda:1')
tensor(0.8453, device='cuda:1') tensor(0.1000, device='cuda:1') tensor(0.0547, device='cuda:1')
tensor(0.7984, device='cuda:1') tensor(0.1000, device='cuda:1') tensor(0.1016, device='cuda:1')
tensor(0.7594, device='cuda:1') tensor(0.1000, device='cuda:1') tensor(0.1406, device='cuda:1')
tensor(0.6812, device='cuda:1') tensor(0.1000, device='cuda:1') tensor(0.2188, device='cuda:1')
tensor(0.7203, device='cuda:1') tensor(0.1000, device='cuda:1') tensor(0.1797, device='cuda:1')
tensor(0.6344, device='cuda:1') tensor(0.1000, device='cuda:1') tensor(0.2656, device='cuda:1')
tensor(0.7359, device='cuda:1') tensor(0.1000, device='cuda:1') tensor(0.1641, device='cuda:1')
tensor(0.7359, device='cuda:1') tensor(0.1000, device='cuda:1') tensor(0.1641, device='cuda:1')
tensor(0.7906, device='cuda:1') tensor(0.1000, device='cuda:1') tensor(0.1094, device='cuda:1')
tensor(0.7047, device='cuda:1') tensor(0.1000, device='cuda:1') tensor(0.1953, device='cuda:1')
tensor(0.7828, device='cuda:1') tensor(0.1000, device='cuda:1') tensor(0.1172, device='cuda:1')
tensor(0.7594, device='cuda:1') tensor(0.1000, device='cuda:1') tensor(0.1406, device='cuda:1')
tensor(0.6891, device='cuda:1') tensor(0.1000, device='cuda:1') tensor(0.2109, device='cuda:1')
tensor(0.8431, device='cuda:1') tensor(0.1100, device='cuda:1') tensor(0.0469, device='cuda:1')
time 2.57
error 911880.375
26 mlp.down_proj
Quantizing ...
tensor(0.8609, device='cuda:1') tensor(0.1000, device='cuda:1') tensor(0.0391, device='cuda:1')
tensor(0.7516, device='cuda:1') tensor(0.1000, device='cuda:1') tensor(0.1484, device='cuda:1')
tensor(0.7906, device='cuda:1') tensor(0.1000, device='cuda:1') tensor(0.1094, device='cuda:1')
tensor(0.7984, device='cuda:1') tensor(0.1000, device='cuda:1') tensor(0.1016, device='cuda:1')
tensor(0.8219, device='cuda:1') tensor(0.1000, device='cuda:1') tensor(0.0781, device='cuda:1')
tensor(0.8141, device='cuda:1') tensor(0.1000, device='cuda:1') tensor(0.0859, device='cuda:1')
tensor(0.8531, device='cuda:1') tensor(0.1000, device='cuda:1') tensor(0.0469, device='cuda:1')
tensor(0.8531, device='cuda:1') tensor(0.1000, device='cuda:1') tensor(0.0469, device='cuda:1')
tensor(0.8688, device='cuda:1') tensor(0.1000, device='cuda:1') tensor(0.0312, device='cuda:1')
tensor(0.8219, device='cuda:1') tensor(0.1000, device='cuda:1') tensor(0.0781, device='cuda:1')
tensor(0.8297, device='cuda:1') tensor(0.1000, device='cuda:1') tensor(0.0703, device='cuda:1')
tensor(0.8453, device='cuda:1') tensor(0.1000, device='cuda:1') tensor(0.0547, device='cuda:1')
tensor(0.8297, device='cuda:1') tensor(0.1000, device='cuda:1') tensor(0.0703, device='cuda:1')
tensor(0.8688, device='cuda:1') tensor(0.1000, device='cuda:1') tensor(0.0312, device='cuda:1')
tensor(0.8375, device='cuda:1') tensor(0.1000, device='cuda:1') tensor(0.0625, device='cuda:1')
tensor(0.8531, device='cuda:1') tensor(0.1000, device='cuda:1') tensor(0.0469, device='cuda:1')
tensor(0.8375, device='cuda:1') tensor(0.1000, device='cuda:1') tensor(0.0625, device='cuda:1')
tensor(0.8453, device='cuda:1') tensor(0.1000, device='cuda:1') tensor(0.0547, device='cuda:1')
tensor(0.8453, device='cuda:1') tensor(0.1000, device='cuda:1') tensor(0.0547, device='cuda:1')
tensor(0.8531, device='cuda:1') tensor(0.1000, device='cuda:1') tensor(0.0469, device='cuda:1')
tensor(0.8531, device='cuda:1') tensor(0.1000, device='cuda:1') tensor(0.0469, device='cuda:1')
tensor(0.8141, device='cuda:1') tensor(0.1000, device='cuda:1') tensor(0.0859, device='cuda:1')
tensor(0.8297, device='cuda:1') tensor(0.1000, device='cuda:1') tensor(0.0703, device='cuda:1')
tensor(0.8453, device='cuda:1') tensor(0.1000, device='cuda:1') tensor(0.0547, device='cuda:1')
tensor(0.8453, device='cuda:1') tensor(0.1000, device='cuda:1') tensor(0.0547, device='cuda:1')
tensor(0.8453, device='cuda:1') tensor(0.1000, device='cuda:1') tensor(0.0547, device='cuda:1')
tensor(0.8609, device='cuda:1') tensor(0.1000, device='cuda:1') tensor(0.0391, device='cuda:1')
tensor(0.8141, device='cuda:1') tensor(0.1000, device='cuda:1') tensor(0.0859, device='cuda:1')
tensor(0.8688, device='cuda:1') tensor(0.1000, device='cuda:1') tensor(0.0312, device='cuda:1')
tensor(0.8531, device='cuda:1') tensor(0.1000, device='cuda:1') tensor(0.0469, device='cuda:1')
tensor(0.7906, device='cuda:1') tensor(0.1000, device='cuda:1') tensor(0.1094, device='cuda:1')
tensor(0.8688, device='cuda:1') tensor(0.1000, device='cuda:1') tensor(0.0312, device='cuda:1')
tensor(0.8063, device='cuda:1') tensor(0.1000, device='cuda:1') tensor(0.0938, device='cuda:1')
tensor(0.8688, device='cuda:1') tensor(0.1000, device='cuda:1') tensor(0.0312, device='cuda:1')
tensor(0.8453, device='cuda:1') tensor(0.1000, device='cuda:1') tensor(0.0547, device='cuda:1')
tensor(0.8141, device='cuda:1') tensor(0.1000, device='cuda:1') tensor(0.0859, device='cuda:1')
tensor(0.8141, device='cuda:1') tensor(0.1000, device='cuda:1') tensor(0.0859, device='cuda:1')
tensor(0.8609, device='cuda:1') tensor(0.1000, device='cuda:1') tensor(0.0391, device='cuda:1')
tensor(0.8453, device='cuda:1') tensor(0.1000, device='cuda:1') tensor(0.0547, device='cuda:1')
tensor(0.8375, device='cuda:1') tensor(0.1000, device='cuda:1') tensor(0.0625, device='cuda:1')
tensor(0.8453, device='cuda:1') tensor(0.1000, device='cuda:1') tensor(0.0547, device='cuda:1')
tensor(0.8297, device='cuda:1') tensor(0.1000, device='cuda:1') tensor(0.0703, device='cuda:1')
tensor(0.8141, device='cuda:1') tensor(0.1000, device='cuda:1') tensor(0.0859, device='cuda:1')
tensor(0.8453, device='cuda:1') tensor(0.1000, device='cuda:1') tensor(0.0547, device='cuda:1')
tensor(0.8531, device='cuda:1') tensor(0.1000, device='cuda:1') tensor(0.0469, device='cuda:1')
tensor(0.8531, device='cuda:1') tensor(0.1000, device='cuda:1') tensor(0.0469, device='cuda:1')
tensor(0.8375, device='cuda:1') tensor(0.1000, device='cuda:1') tensor(0.0625, device='cuda:1')
tensor(0.8063, device='cuda:1') tensor(0.1000, device='cuda:1') tensor(0.0938, device='cuda:1')
tensor(0.8453, device='cuda:1') tensor(0.1000, device='cuda:1') tensor(0.0547, device='cuda:1')
tensor(0.8219, device='cuda:1') tensor(0.1000, device='cuda:1') tensor(0.0781, device='cuda:1')
tensor(0.8609, device='cuda:1') tensor(0.1000, device='cuda:1') tensor(0.0391, device='cuda:1')
tensor(0.8688, device='cuda:1') tensor(0.1000, device='cuda:1') tensor(0.0312, device='cuda:1')
tensor(0.8609, device='cuda:1') tensor(0.1000, device='cuda:1') tensor(0.0391, device='cuda:1')
tensor(0.8609, device='cuda:1') tensor(0.1000, device='cuda:1') tensor(0.0391, device='cuda:1')
tensor(0.8141, device='cuda:1') tensor(0.1000, device='cuda:1') tensor(0.0859, device='cuda:1')
tensor(0.8531, device='cuda:1') tensor(0.1000, device='cuda:1') tensor(0.0469, device='cuda:1')
tensor(0.8531, device='cuda:1') tensor(0.1000, device='cuda:1') tensor(0.0469, device='cuda:1')
tensor(0.8688, device='cuda:1') tensor(0.1000, device='cuda:1') tensor(0.0312, device='cuda:1')
tensor(0.7516, device='cuda:1') tensor(0.1000, device='cuda:1') tensor(0.1484, device='cuda:1')
tensor(0.8688, device='cuda:1') tensor(0.1000, device='cuda:1') tensor(0.0312, device='cuda:1')
tensor(0.8375, device='cuda:1') tensor(0.1000, device='cuda:1') tensor(0.0625, device='cuda:1')
tensor(0.8609, device='cuda:1') tensor(0.1000, device='cuda:1') tensor(0.0391, device='cuda:1')
tensor(0.8453, device='cuda:1') tensor(0.1000, device='cuda:1') tensor(0.0547, device='cuda:1')
tensor(0.8531, device='cuda:1') tensor(0.1000, device='cuda:1') tensor(0.0469, device='cuda:1')
tensor(0.8219, device='cuda:1') tensor(0.1000, device='cuda:1') tensor(0.0781, device='cuda:1')
tensor(0.8063, device='cuda:1') tensor(0.1000, device='cuda:1') tensor(0.0938, device='cuda:1')
tensor(0.8609, device='cuda:1') tensor(0.1000, device='cuda:1') tensor(0.0391, device='cuda:1')
tensor(0.8219, device='cuda:1') tensor(0.1000, device='cuda:1') tensor(0.0781, device='cuda:1')
tensor(0.8063, device='cuda:1') tensor(0.1000, device='cuda:1') tensor(0.0938, device='cuda:1')
tensor(0.8531, device='cuda:1') tensor(0.1000, device='cuda:1') tensor(0.0469, device='cuda:1')
tensor(0.8531, device='cuda:1') tensor(0.1000, device='cuda:1') tensor(0.0469, device='cuda:1')
tensor(0.8453, device='cuda:1') tensor(0.1000, device='cuda:1') tensor(0.0547, device='cuda:1')
tensor(0.7750, device='cuda:1') tensor(0.1000, device='cuda:1') tensor(0.1250, device='cuda:1')
tensor(0.7984, device='cuda:1') tensor(0.1000, device='cuda:1') tensor(0.1016, device='cuda:1')
tensor(0.8375, device='cuda:1') tensor(0.1000, device='cuda:1') tensor(0.0625, device='cuda:1')
tensor(0.8219, device='cuda:1') tensor(0.1000, device='cuda:1') tensor(0.0781, device='cuda:1')
time 7.18
error 274498.78125
27 self_attn.q_proj
Quantizing ...
tensor(0.8375, device='cuda:1') tensor(0.1000, device='cuda:1') tensor(0.0625, device='cuda:1')
tensor(0.8609, device='cuda:1') tensor(0.1000, device='cuda:1') tensor(0.0391, device='cuda:1')
tensor(0.8609, device='cuda:1') tensor(0.1000, device='cuda:1') tensor(0.0391, device='cuda:1')
tensor(0.6031, device='cuda:1') tensor(0.1000, device='cuda:1') tensor(0.2969, device='cuda:1')
tensor(0.7594, device='cuda:1') tensor(0.1000, device='cuda:1') tensor(0.1406, device='cuda:1')
tensor(0.5328, device='cuda:1') tensor(0.1000, device='cuda:1') tensor(0.3672, device='cuda:1')
tensor(0.6266, device='cuda:1') tensor(0.1000, device='cuda:1') tensor(0.2734, device='cuda:1')
tensor(0.7594, device='cuda:1') tensor(0.1000, device='cuda:1') tensor(0.1406, device='cuda:1')
tensor(0.8453, device='cuda:1') tensor(0.1000, device='cuda:1') tensor(0.0547, device='cuda:1')
tensor(0.8375, device='cuda:1') tensor(0.1000, device='cuda:1') tensor(0.0625, device='cuda:1')
tensor(0.7359, device='cuda:1') tensor(0.1000, device='cuda:1') tensor(0.1641, device='cuda:1')
tensor(0.7594, device='cuda:1') tensor(0.1000, device='cuda:1') tensor(0.1406, device='cuda:1')
tensor(0.8297, device='cuda:1') tensor(0.1000, device='cuda:1') tensor(0.0703, device='cuda:1')
tensor(0.7984, device='cuda:1') tensor(0.1000, device='cuda:1') tensor(0.1016, device='cuda:1')
tensor(0.7672, device='cuda:1') tensor(0.1000, device='cuda:1') tensor(0.1328, device='cuda:1')
tensor(0.6500, device='cuda:1') tensor(0.1000, device='cuda:1') tensor(0.2500, device='cuda:1')
tensor(0.8062, device='cuda:1') tensor(0.1000, device='cuda:1') tensor(0.0938, device='cuda:1')
tensor(0.8141, device='cuda:1') tensor(0.1000, device='cuda:1') tensor(0.0859, device='cuda:1')
tensor(0.6031, device='cuda:1') tensor(0.1000, device='cuda:1') tensor(0.2969, device='cuda:1')
tensor(0.8375, device='cuda:1') tensor(0.1000, device='cuda:1') tensor(0.0625, device='cuda:1')
time 2.17
error 943776.625
27 self_attn.k_proj
Quantizing ...
tensor(0.6890, device='cuda:1') tensor(0.1000, device='cuda:1') tensor(0.2109, device='cuda:1')
tensor(0.8062, device='cuda:1') tensor(0.1000, device='cuda:1') tensor(0.0938, device='cuda:1')
tensor(0.8375, device='cuda:1') tensor(0.1000, device='cuda:1') tensor(0.0625, device='cuda:1')
tensor(0.5250, device='cuda:1') tensor(0.1000, device='cuda:1') tensor(0.3750, device='cuda:1')
tensor(0.5172, device='cuda:1') tensor(0.1000, device='cuda:1') tensor(0.3828, device='cuda:1')
tensor(0.5250, device='cuda:1') tensor(0.1000, device='cuda:1') tensor(0.3750, device='cuda:1')
tensor(0.7047, device='cuda:1') tensor(0.1000, device='cuda:1') tensor(0.1953, device='cuda:1')
tensor(0.6031, device='cuda:1') tensor(0.1000, device='cuda:1') tensor(0.2969, device='cuda:1')
tensor(0.6656, device='cuda:1') tensor(0.1000, device='cuda:1') tensor(0.2344, device='cuda:1')
tensor(0.6109, device='cuda:1') tensor(0.1000, device='cuda:1') tensor(0.2891, device='cuda:1')
tensor(0.5562, device='cuda:1') tensor(0.1000, device='cuda:1') tensor(0.3438, device='cuda:1')
tensor(0.7516, device='cuda:1') tensor(0.1000, device='cuda:1') tensor(0.1484, device='cuda:1')
tensor(0.6734, device='cuda:1') tensor(0.1000, device='cuda:1') tensor(0.2266, device='cuda:1')
tensor(0.7047, device='cuda:1') tensor(0.1000, device='cuda:1') tensor(0.1953, device='cuda:1')
tensor(0.7984, device='cuda:1') tensor(0.1000, device='cuda:1') tensor(0.1016, device='cuda:1')
tensor(0.7281, device='cuda:1') tensor(0.1000, device='cuda:1') tensor(0.1719, device='cuda:1')
tensor(0.7672, device='cuda:1') tensor(0.1000, device='cuda:1') tensor(0.1328, device='cuda:1')
tensor(0.7594, device='cuda:1') tensor(0.1000, device='cuda:1') tensor(0.1406, device='cuda:1')
tensor(0.7047, device='cuda:1') tensor(0.1000, device='cuda:1') tensor(0.1953, device='cuda:1')
tensor(0.8453, device='cuda:1') tensor(0.1000, device='cuda:1') tensor(0.0547, device='cuda:1')
time 1.64
error 191794.46875
27 self_attn.v_proj
Quantizing ...
tensor(0.6422, device='cuda:1') tensor(0.1000, device='cuda:1') tensor(0.2578, device='cuda:1')
tensor(0.5172, device='cuda:1') tensor(0.1000, device='cuda:1') tensor(0.3828, device='cuda:1')
tensor(0.5172, device='cuda:1') tensor(0.1000, device='cuda:1') tensor(0.3828, device='cuda:1')
tensor(0.5875, device='cuda:1') tensor(0.1000, device='cuda:1') tensor(0.3125, device='cuda:1')
tensor(0.5172, device='cuda:1') tensor(0.1000, device='cuda:1') tensor(0.3828, device='cuda:1')
tensor(0.5172, device='cuda:1') tensor(0.1000, device='cuda:1') tensor(0.3828, device='cuda:1')
tensor(0.6266, device='cuda:1') tensor(0.1000, device='cuda:1') tensor(0.2734, device='cuda:1')
tensor(0.5250, device='cuda:1') tensor(0.1000, device='cuda:1') tensor(0.3750, device='cuda:1')
tensor(0.5172, device='cuda:1') tensor(0.1000, device='cuda:1') tensor(0.3828, device='cuda:1')
tensor(0.8219, device='cuda:1') tensor(0.1000, device='cuda:1') tensor(0.0781, device='cuda:1')
tensor(0.7281, device='cuda:1') tensor(0.1000, device='cuda:1') tensor(0.1719, device='cuda:1')
tensor(0.5172, device='cuda:1') tensor(0.1000, device='cuda:1') tensor(0.3828, device='cuda:1')
tensor(0.6500, device='cuda:1') tensor(0.1000, device='cuda:1') tensor(0.2500, device='cuda:1')
tensor(0.7516, device='cuda:1') tensor(0.1000, device='cuda:1') tensor(0.1484, device='cuda:1')
tensor(0.7437, device='cuda:1') tensor(0.1000, device='cuda:1') tensor(0.1562, device='cuda:1')
tensor(0.8141, device='cuda:1') tensor(0.1000, device='cuda:1') tensor(0.0859, device='cuda:1')
tensor(0.7672, device='cuda:1') tensor(0.1000, device='cuda:1') tensor(0.1328, device='cuda:1')
tensor(0.8141, device='cuda:1') tensor(0.1000, device='cuda:1') tensor(0.0859, device='cuda:1')
tensor(0.8141, device='cuda:1') tensor(0.1000, device='cuda:1') tensor(0.0859, device='cuda:1')
tensor(0.8375, device='cuda:1') tensor(0.1000, device='cuda:1') tensor(0.0625, device='cuda:1')
time 1.82
error 235365.0625
27 self_attn.o_proj
Quantizing ...
tensor(0.8375, device='cuda:1') tensor(0.1000, device='cuda:1') tensor(0.0625, device='cuda:1')
tensor(0.7516, device='cuda:1') tensor(0.1000, device='cuda:1') tensor(0.1484, device='cuda:1')
tensor(0.8453, device='cuda:1') tensor(0.1000, device='cuda:1') tensor(0.0547, device='cuda:1')
tensor(0.8375, device='cuda:1') tensor(0.1000, device='cuda:1') tensor(0.0625, device='cuda:1')
tensor(0.8375, device='cuda:1') tensor(0.1000, device='cuda:1') tensor(0.0625, device='cuda:1')
tensor(0.7828, device='cuda:1') tensor(0.1000, device='cuda:1') tensor(0.1172, device='cuda:1')
tensor(0.8297, device='cuda:1') tensor(0.1000, device='cuda:1') tensor(0.0703, device='cuda:1')
tensor(0.8297, device='cuda:1') tensor(0.1000, device='cuda:1') tensor(0.0703, device='cuda:1')
tensor(0.7984, device='cuda:1') tensor(0.1000, device='cuda:1') tensor(0.1016, device='cuda:1')
tensor(0.7125, device='cuda:1') tensor(0.1000, device='cuda:1') tensor(0.1875, device='cuda:1')
tensor(0.8531, device='cuda:1') tensor(0.1000, device='cuda:1') tensor(0.0469, device='cuda:1')
tensor(0.8453, device='cuda:1') tensor(0.1000, device='cuda:1') tensor(0.0547, device='cuda:1')
tensor(0.7906, device='cuda:1') tensor(0.1000, device='cuda:1') tensor(0.1094, device='cuda:1')
tensor(0.8609, device='cuda:1') tensor(0.1000, device='cuda:1') tensor(0.0391, device='cuda:1')
tensor(0.7672, device='cuda:1') tensor(0.1000, device='cuda:1') tensor(0.1328, device='cuda:1')
tensor(0.8219, device='cuda:1') tensor(0.1000, device='cuda:1') tensor(0.0781, device='cuda:1')
tensor(0.7906, device='cuda:1') tensor(0.1000, device='cuda:1') tensor(0.1094, device='cuda:1')
tensor(0.8531, device='cuda:1') tensor(0.1000, device='cuda:1') tensor(0.0469, device='cuda:1')
tensor(0.8297, device='cuda:1') tensor(0.1000, device='cuda:1') tensor(0.0703, device='cuda:1')
tensor(0.8375, device='cuda:1') tensor(0.1000, device='cuda:1') tensor(0.0625, device='cuda:1')
tensor(0.8531, device='cuda:1') tensor(0.1000, device='cuda:1') tensor(0.0469, device='cuda:1')
tensor(0.8453, device='cuda:1') tensor(0.1000, device='cuda:1') tensor(0.0547, device='cuda:1')
tensor(0.8453, device='cuda:1') tensor(0.1000, device='cuda:1') tensor(0.0547, device='cuda:1')
tensor(0.8141, device='cuda:1') tensor(0.1000, device='cuda:1') tensor(0.0859, device='cuda:1')
tensor(0.8531, device='cuda:1') tensor(0.1000, device='cuda:1') tensor(0.0469, device='cuda:1')
tensor(0.8453, device='cuda:1') tensor(0.1000, device='cuda:1') tensor(0.0547, device='cuda:1')
tensor(0.8297, device='cuda:1') tensor(0.1000, device='cuda:1') tensor(0.0703, device='cuda:1')
tensor(0.8297, device='cuda:1') tensor(0.1000, device='cuda:1') tensor(0.0703, device='cuda:1')
tensor(0.8375, device='cuda:1') tensor(0.1000, device='cuda:1') tensor(0.0625, device='cuda:1')
tensor(0.7906, device='cuda:1') tensor(0.1000, device='cuda:1') tensor(0.1094, device='cuda:1')
tensor(0.7906, device='cuda:1') tensor(0.1000, device='cuda:1') tensor(0.1094, device='cuda:1')
tensor(0.8531, device='cuda:1') tensor(0.1000, device='cuda:1') tensor(0.0469, device='cuda:1')
time 3.07
error 36314.5390625
27 mlp.gate_proj
Quantizing ...
tensor(0.8687, device='cuda:1') tensor(0.1000, device='cuda:1') tensor(0.0312, device='cuda:1')
tensor(0.5562, device='cuda:1') tensor(0.1000, device='cuda:1') tensor(0.3438, device='cuda:1')
tensor(0.7672, device='cuda:1') tensor(0.1000, device='cuda:1') tensor(0.1328, device='cuda:1')
tensor(0.8453, device='cuda:1') tensor(0.1000, device='cuda:1') tensor(0.0547, device='cuda:1')
tensor(0.7906, device='cuda:1') tensor(0.1000, device='cuda:1') tensor(0.1094, device='cuda:1')
tensor(0.8219, device='cuda:1') tensor(0.1000, device='cuda:1') tensor(0.0781, device='cuda:1')
tensor(0.8609, device='cuda:1') tensor(0.1000, device='cuda:1') tensor(0.0391, device='cuda:1')
tensor(0.7437, device='cuda:1') tensor(0.1000, device='cuda:1') tensor(0.1562, device='cuda:1')
tensor(0.5797, device='cuda:1') tensor(0.1000, device='cuda:1') tensor(0.3203, device='cuda:1')
tensor(0.6187, device='cuda:1') tensor(0.1000, device='cuda:1') tensor(0.2812, device='cuda:1')
tensor(0.7125, device='cuda:1') tensor(0.1000, device='cuda:1') tensor(0.1875, device='cuda:1')
tensor(0.6187, device='cuda:1') tensor(0.1000, device='cuda:1') tensor(0.2812, device='cuda:1')
tensor(0.6734, device='cuda:1') tensor(0.1000, device='cuda:1') tensor(0.2266, device='cuda:1')
tensor(0.6891, device='cuda:1') tensor(0.1000, device='cuda:1') tensor(0.2109, device='cuda:1')
tensor(0.7672, device='cuda:1') tensor(0.1000, device='cuda:1') tensor(0.1328, device='cuda:1')
tensor(0.7125, device='cuda:1') tensor(0.1000, device='cuda:1') tensor(0.1875, device='cuda:1')
tensor(0.6734, device='cuda:1') tensor(0.1000, device='cuda:1') tensor(0.2266, device='cuda:1')
tensor(0.7828, device='cuda:1') tensor(0.1000, device='cuda:1') tensor(0.1172, device='cuda:1')
tensor(0.7594, device='cuda:1') tensor(0.1000, device='cuda:1') tensor(0.1406, device='cuda:1')
tensor(0.8375, device='cuda:1') tensor(0.1000, device='cuda:1') tensor(0.0625, device='cuda:1')
time 2.56
error 1062258.375
27 mlp.up_proj
Quantizing ...
tensor(0.8531, device='cuda:1') tensor(0.1000, device='cuda:1') tensor(0.0469, device='cuda:1')
tensor(0.5172, device='cuda:1') tensor(0.1000, device='cuda:1') tensor(0.3828, device='cuda:1')
tensor(0.5953, device='cuda:1') tensor(0.1000, device='cuda:1') tensor(0.3047, device='cuda:1')
tensor(0.8375, device='cuda:1') tensor(0.1000, device='cuda:1') tensor(0.0625, device='cuda:1')
tensor(0.7672, device='cuda:1') tensor(0.1000, device='cuda:1') tensor(0.1328, device='cuda:1')
tensor(0.8219, device='cuda:1') tensor(0.1000, device='cuda:1') tensor(0.0781, device='cuda:1')
tensor(0.8531, device='cuda:1') tensor(0.1000, device='cuda:1') tensor(0.0469, device='cuda:1')
tensor(0.7906, device='cuda:1') tensor(0.1000, device='cuda:1') tensor(0.1094, device='cuda:1')
tensor(0.8219, device='cuda:1') tensor(0.1000, device='cuda:1') tensor(0.0781, device='cuda:1')
tensor(0.7750, device='cuda:1') tensor(0.1000, device='cuda:1') tensor(0.1250, device='cuda:1')
tensor(0.7047, device='cuda:1') tensor(0.1000, device='cuda:1') tensor(0.1953, device='cuda:1')
tensor(0.7203, device='cuda:1') tensor(0.1000, device='cuda:1') tensor(0.1797, device='cuda:1')
tensor(0.6891, device='cuda:1') tensor(0.1000, device='cuda:1') tensor(0.2109, device='cuda:1')
tensor(0.7984, device='cuda:1') tensor(0.1000, device='cuda:1') tensor(0.1016, device='cuda:1')
tensor(0.6891, device='cuda:1') tensor(0.1000, device='cuda:1') tensor(0.2109, device='cuda:1')
tensor(0.7906, device='cuda:1') tensor(0.1000, device='cuda:1') tensor(0.1094, device='cuda:1')
tensor(0.7516, device='cuda:1') tensor(0.1000, device='cuda:1') tensor(0.1484, device='cuda:1')
tensor(0.6891, device='cuda:1') tensor(0.1000, device='cuda:1') tensor(0.2109, device='cuda:1')
tensor(0.6344, device='cuda:1') tensor(0.1000, device='cuda:1') tensor(0.2656, device='cuda:1')
tensor(0.8297, device='cuda:1') tensor(0.1000, device='cuda:1') tensor(0.0703, device='cuda:1')
time 2.46
error 1037310.375
27 mlp.down_proj
Quantizing ...
tensor(0.7906, device='cuda:1') tensor(0.1000, device='cuda:1') tensor(0.1094, device='cuda:1')
tensor(0.6500, device='cuda:1') tensor(0.1000, device='cuda:1') tensor(0.2500, device='cuda:1')
tensor(0.8297, device='cuda:1') tensor(0.1000, device='cuda:1') tensor(0.0703, device='cuda:1')
tensor(0.8688, device='cuda:1') tensor(0.1000, device='cuda:1') tensor(0.0312, device='cuda:1')
tensor(0.8609, device='cuda:1') tensor(0.1000, device='cuda:1') tensor(0.0391, device='cuda:1')
tensor(0.8375, device='cuda:1') tensor(0.1000, device='cuda:1') tensor(0.0625, device='cuda:1')
tensor(0.8453, device='cuda:1') tensor(0.1000, device='cuda:1') tensor(0.0547, device='cuda:1')
tensor(0.8141, device='cuda:1') tensor(0.1000, device='cuda:1') tensor(0.0859, device='cuda:1')
tensor(0.8531, device='cuda:1') tensor(0.1000, device='cuda:1') tensor(0.0469, device='cuda:1')
tensor(0.8609, device='cuda:1') tensor(0.1000, device='cuda:1') tensor(0.0391, device='cuda:1')
tensor(0.8453, device='cuda:1') tensor(0.1000, device='cuda:1') tensor(0.0547, device='cuda:1')
tensor(0.8688, device='cuda:1') tensor(0.1000, device='cuda:1') tensor(0.0312, device='cuda:1')
tensor(0.8453, device='cuda:1') tensor(0.1000, device='cuda:1') tensor(0.0547, device='cuda:1')
tensor(0.8688, device='cuda:1') tensor(0.1000, device='cuda:1') tensor(0.0312, device='cuda:1')
tensor(0.8375, device='cuda:1') tensor(0.1000, device='cuda:1') tensor(0.0625, device='cuda:1')
tensor(0.8609, device='cuda:1') tensor(0.1000, device='cuda:1') tensor(0.0391, device='cuda:1')
tensor(0.8297, device='cuda:1') tensor(0.1000, device='cuda:1') tensor(0.0703, device='cuda:1')
tensor(0.8531, device='cuda:1') tensor(0.1000, device='cuda:1') tensor(0.0469, device='cuda:1')
tensor(0.8609, device='cuda:1') tensor(0.1000, device='cuda:1') tensor(0.0391, device='cuda:1')
tensor(0.8609, device='cuda:1') tensor(0.1000, device='cuda:1') tensor(0.0391, device='cuda:1')
tensor(0.7516, device='cuda:1') tensor(0.1000, device='cuda:1') tensor(0.1484, device='cuda:1')
tensor(0.8219, device='cuda:1') tensor(0.1000, device='cuda:1') tensor(0.0781, device='cuda:1')
tensor(0.8141, device='cuda:1') tensor(0.1000, device='cuda:1') tensor(0.0859, device='cuda:1')
tensor(0.8141, device='cuda:1') tensor(0.1000, device='cuda:1') tensor(0.0859, device='cuda:1')
tensor(0.8688, device='cuda:1') tensor(0.1000, device='cuda:1') tensor(0.0312, device='cuda:1')
tensor(0.8297, device='cuda:1') tensor(0.1000, device='cuda:1') tensor(0.0703, device='cuda:1')
tensor(0.8609, device='cuda:1') tensor(0.1000, device='cuda:1') tensor(0.0391, device='cuda:1')
tensor(0.8297, device='cuda:1') tensor(0.1000, device='cuda:1') tensor(0.0703, device='cuda:1')
tensor(0.8688, device='cuda:1') tensor(0.1000, device='cuda:1') tensor(0.0312, device='cuda:1')
tensor(0.8297, device='cuda:1') tensor(0.1000, device='cuda:1') tensor(0.0703, device='cuda:1')
tensor(0.8531, device='cuda:1') tensor(0.1000, device='cuda:1') tensor(0.0469, device='cuda:1')
tensor(0.8453, device='cuda:1') tensor(0.1000, device='cuda:1') tensor(0.0547, device='cuda:1')
tensor(0.8609, device='cuda:1') tensor(0.1000, device='cuda:1') tensor(0.0391, device='cuda:1')
tensor(0.8531, device='cuda:1') tensor(0.1000, device='cuda:1') tensor(0.0469, device='cuda:1')
tensor(0.8375, device='cuda:1') tensor(0.1000, device='cuda:1') tensor(0.0625, device='cuda:1')
tensor(0.8609, device='cuda:1') tensor(0.1000, device='cuda:1') tensor(0.0391, device='cuda:1')
tensor(0.8297, device='cuda:1') tensor(0.1000, device='cuda:1') tensor(0.0703, device='cuda:1')
tensor(0.8531, device='cuda:1') tensor(0.1000, device='cuda:1') tensor(0.0469, device='cuda:1')
tensor(0.8297, device='cuda:1') tensor(0.1000, device='cuda:1') tensor(0.0703, device='cuda:1')
tensor(0.8688, device='cuda:1') tensor(0.1000, device='cuda:1') tensor(0.0312, device='cuda:1')
tensor(0.8141, device='cuda:1') tensor(0.1000, device='cuda:1') tensor(0.0859, device='cuda:1')
tensor(0.8531, device='cuda:1') tensor(0.1000, device='cuda:1') tensor(0.0469, device='cuda:1')
tensor(0.8688, device='cuda:1') tensor(0.1000, device='cuda:1') tensor(0.0312, device='cuda:1')
tensor(0.8453, device='cuda:1') tensor(0.1000, device='cuda:1') tensor(0.0547, device='cuda:1')
tensor(0.8609, device='cuda:1') tensor(0.1000, device='cuda:1') tensor(0.0391, device='cuda:1')
tensor(0.8453, device='cuda:1') tensor(0.1000, device='cuda:1') tensor(0.0547, device='cuda:1')
tensor(0.8219, device='cuda:1') tensor(0.1000, device='cuda:1') tensor(0.0781, device='cuda:1')
tensor(0.8297, device='cuda:1') tensor(0.1000, device='cuda:1') tensor(0.0703, device='cuda:1')
tensor(0.8531, device='cuda:1') tensor(0.1000, device='cuda:1') tensor(0.0469, device='cuda:1')
tensor(0.8531, device='cuda:1') tensor(0.1000, device='cuda:1') tensor(0.0469, device='cuda:1')
tensor(0.7984, device='cuda:1') tensor(0.1000, device='cuda:1') tensor(0.1016, device='cuda:1')
tensor(0.8531, device='cuda:1') tensor(0.1000, device='cuda:1') tensor(0.0469, device='cuda:1')
tensor(0.7906, device='cuda:1') tensor(0.1000, device='cuda:1') tensor(0.1094, device='cuda:1')
tensor(0.8375, device='cuda:1') tensor(0.1000, device='cuda:1') tensor(0.0625, device='cuda:1')
tensor(0.8375, device='cuda:1') tensor(0.1000, device='cuda:1') tensor(0.0625, device='cuda:1')
tensor(0.8141, device='cuda:1') tensor(0.1000, device='cuda:1') tensor(0.0859, device='cuda:1')
tensor(0.8453, device='cuda:1') tensor(0.1000, device='cuda:1') tensor(0.0547, device='cuda:1')
tensor(0.8688, device='cuda:1') tensor(0.1000, device='cuda:1') tensor(0.0312, device='cuda:1')
tensor(0.8453, device='cuda:1') tensor(0.1000, device='cuda:1') tensor(0.0547, device='cuda:1')
tensor(0.8688, device='cuda:1') tensor(0.1000, device='cuda:1') tensor(0.0312, device='cuda:1')
tensor(0.8453, device='cuda:1') tensor(0.1000, device='cuda:1') tensor(0.0547, device='cuda:1')
tensor(0.8688, device='cuda:1') tensor(0.1000, device='cuda:1') tensor(0.0312, device='cuda:1')
tensor(0.8609, device='cuda:1') tensor(0.1000, device='cuda:1') tensor(0.0391, device='cuda:1')
tensor(0.8688, device='cuda:1') tensor(0.1000, device='cuda:1') tensor(0.0312, device='cuda:1')
tensor(0.8531, device='cuda:1') tensor(0.1000, device='cuda:1') tensor(0.0469, device='cuda:1')
tensor(0.8531, device='cuda:1') tensor(0.1000, device='cuda:1') tensor(0.0469, device='cuda:1')
tensor(0.7906, device='cuda:1') tensor(0.1000, device='cuda:1') tensor(0.1094, device='cuda:1')
tensor(0.8531, device='cuda:1') tensor(0.1000, device='cuda:1') tensor(0.0469, device='cuda:1')
tensor(0.8063, device='cuda:1') tensor(0.1000, device='cuda:1') tensor(0.0938, device='cuda:1')
tensor(0.8375, device='cuda:1') tensor(0.1000, device='cuda:1') tensor(0.0625, device='cuda:1')
tensor(0.8688, device='cuda:1') tensor(0.1000, device='cuda:1') tensor(0.0312, device='cuda:1')
tensor(0.8375, device='cuda:1') tensor(0.1000, device='cuda:1') tensor(0.0625, device='cuda:1')
tensor(0.8219, device='cuda:1') tensor(0.1000, device='cuda:1') tensor(0.0781, device='cuda:1')
tensor(0.8688, device='cuda:1') tensor(0.1000, device='cuda:1') tensor(0.0312, device='cuda:1')
tensor(0.8453, device='cuda:1') tensor(0.1000, device='cuda:1') tensor(0.0547, device='cuda:1')
tensor(0.8141, device='cuda:1') tensor(0.1000, device='cuda:1') tensor(0.0859, device='cuda:1')
time 7.31
error 340082.84375
28 self_attn.q_proj
Quantizing ...
tensor(0.7203, device='cuda:1') tensor(0.1000, device='cuda:1') tensor(0.1797, device='cuda:1')
tensor(0.8453, device='cuda:1') tensor(0.1000, device='cuda:1') tensor(0.0547, device='cuda:1')
tensor(0.8687, device='cuda:1') tensor(0.1000, device='cuda:1') tensor(0.0312, device='cuda:1')
tensor(0.7828, device='cuda:1') tensor(0.1000, device='cuda:1') tensor(0.1172, device='cuda:1')
tensor(0.8531, device='cuda:1') tensor(0.1000, device='cuda:1') tensor(0.0469, device='cuda:1')
tensor(0.8453, device='cuda:1') tensor(0.1000, device='cuda:1') tensor(0.0547, device='cuda:1')
tensor(0.8687, device='cuda:1') tensor(0.1000, device='cuda:1') tensor(0.0312, device='cuda:1')
tensor(0.8453, device='cuda:1') tensor(0.1000, device='cuda:1') tensor(0.0547, device='cuda:1')
tensor(0.8219, device='cuda:1') tensor(0.1000, device='cuda:1') tensor(0.0781, device='cuda:1')
tensor(0.7047, device='cuda:1') tensor(0.1000, device='cuda:1') tensor(0.1953, device='cuda:1')
tensor(0.5875, device='cuda:1') tensor(0.1000, device='cuda:1') tensor(0.3125, device='cuda:1')
tensor(0.5562, device='cuda:1') tensor(0.1000, device='cuda:1') tensor(0.3438, device='cuda:1')
tensor(0.7906, device='cuda:1') tensor(0.1000, device='cuda:1') tensor(0.1094, device='cuda:1')
tensor(0.5797, device='cuda:1') tensor(0.1000, device='cuda:1') tensor(0.3203, device='cuda:1')
tensor(0.7281, device='cuda:1') tensor(0.1000, device='cuda:1') tensor(0.1719, device='cuda:1')
tensor(0.6656, device='cuda:1') tensor(0.1000, device='cuda:1') tensor(0.2344, device='cuda:1')
tensor(0.8531, device='cuda:1') tensor(0.1000, device='cuda:1') tensor(0.0469, device='cuda:1')
tensor(0.8531, device='cuda:1') tensor(0.1000, device='cuda:1') tensor(0.0469, device='cuda:1')
tensor(0.6812, device='cuda:1') tensor(0.1000, device='cuda:1') tensor(0.2188, device='cuda:1')
tensor(0.8141, device='cuda:1') tensor(0.1000, device='cuda:1') tensor(0.0859, device='cuda:1')
time 2.36
error 956600.625
28 self_attn.k_proj
Quantizing ...
tensor(0.7125, device='cuda:1') tensor(0.1000, device='cuda:1') tensor(0.1875, device='cuda:1')
tensor(0.8375, device='cuda:1') tensor(0.1000, device='cuda:1') tensor(0.0625, device='cuda:1')
tensor(0.7906, device='cuda:1') tensor(0.1000, device='cuda:1') tensor(0.1094, device='cuda:1')
tensor(0.5328, device='cuda:1') tensor(0.1000, device='cuda:1') tensor(0.3672, device='cuda:1')
tensor(0.5172, device='cuda:1') tensor(0.1000, device='cuda:1') tensor(0.3828, device='cuda:1')
tensor(0.5172, device='cuda:1') tensor(0.1000, device='cuda:1') tensor(0.3828, device='cuda:1')
tensor(0.8453, device='cuda:1') tensor(0.1000, device='cuda:1') tensor(0.0547, device='cuda:1')
tensor(0.5875, device='cuda:1') tensor(0.1000, device='cuda:1') tensor(0.3125, device='cuda:1')
tensor(0.7359, device='cuda:1') tensor(0.1000, device='cuda:1') tensor(0.1641, device='cuda:1')
tensor(0.6344, device='cuda:1') tensor(0.1000, device='cuda:1') tensor(0.2656, device='cuda:1')
tensor(0.6031, device='cuda:1') tensor(0.1000, device='cuda:1') tensor(0.2969, device='cuda:1')
tensor(0.7672, device='cuda:1') tensor(0.1000, device='cuda:1') tensor(0.1328, device='cuda:1')
tensor(0.8141, device='cuda:1') tensor(0.1000, device='cuda:1') tensor(0.0859, device='cuda:1')
tensor(0.7281, device='cuda:1') tensor(0.1000, device='cuda:1') tensor(0.1719, device='cuda:1')
tensor(0.7281, device='cuda:1') tensor(0.1000, device='cuda:1') tensor(0.1719, device='cuda:1')
tensor(0.6734, device='cuda:1') tensor(0.1000, device='cuda:1') tensor(0.2266, device='cuda:1')
tensor(0.7359, device='cuda:1') tensor(0.1000, device='cuda:1') tensor(0.1641, device='cuda:1')
tensor(0.7828, device='cuda:1') tensor(0.1000, device='cuda:1') tensor(0.1172, device='cuda:1')
tensor(0.8062, device='cuda:1') tensor(0.1000, device='cuda:1') tensor(0.0938, device='cuda:1')
tensor(0.8375, device='cuda:1') tensor(0.1000, device='cuda:1') tensor(0.0625, device='cuda:1')
time 1.87
error 223115.578125
28 self_attn.v_proj
Quantizing ...
tensor(0.5172, device='cuda:1') tensor(0.1000, device='cuda:1') tensor(0.3828, device='cuda:1')
tensor(0.5172, device='cuda:1') tensor(0.1000, device='cuda:1') tensor(0.3828, device='cuda:1')
tensor(0.5172, device='cuda:1') tensor(0.1000, device='cuda:1') tensor(0.3828, device='cuda:1')
tensor(0.5797, device='cuda:1') tensor(0.1000, device='cuda:1') tensor(0.3203, device='cuda:1')
tensor(0.5172, device='cuda:1') tensor(0.1000, device='cuda:1') tensor(0.3828, device='cuda:1')
tensor(0.5328, device='cuda:1') tensor(0.1000, device='cuda:1') tensor(0.3672, device='cuda:1')
tensor(0.5172, device='cuda:1') tensor(0.1000, device='cuda:1') tensor(0.3828, device='cuda:1')
tensor(0.5172, device='cuda:1') tensor(0.1000, device='cuda:1') tensor(0.3828, device='cuda:1')
tensor(0.5406, device='cuda:1') tensor(0.1000, device='cuda:1') tensor(0.3594, device='cuda:1')
tensor(0.6266, device='cuda:1') tensor(0.1000, device='cuda:1') tensor(0.2734, device='cuda:1')
tensor(0.6187, device='cuda:1') tensor(0.1000, device='cuda:1') tensor(0.2812, device='cuda:1')
tensor(0.6734, device='cuda:1') tensor(0.1000, device='cuda:1') tensor(0.2266, device='cuda:1')
tensor(0.7516, device='cuda:1') tensor(0.1000, device='cuda:1') tensor(0.1484, device='cuda:1')
tensor(0.8141, device='cuda:1') tensor(0.1000, device='cuda:1') tensor(0.0859, device='cuda:1')
tensor(0.8141, device='cuda:1') tensor(0.1000, device='cuda:1') tensor(0.0859, device='cuda:1')
tensor(0.7750, device='cuda:1') tensor(0.1000, device='cuda:1') tensor(0.1250, device='cuda:1')
tensor(0.8062, device='cuda:1') tensor(0.1000, device='cuda:1') tensor(0.0938, device='cuda:1')
tensor(0.6656, device='cuda:1') tensor(0.1000, device='cuda:1') tensor(0.2344, device='cuda:1')
tensor(0.7516, device='cuda:1') tensor(0.1000, device='cuda:1') tensor(0.1484, device='cuda:1')
tensor(0.8453, device='cuda:1') tensor(0.1000, device='cuda:1') tensor(0.0547, device='cuda:1')
time 1.81
error 252208.546875
28 self_attn.o_proj
Quantizing ...
tensor(0.7750, device='cuda:1') tensor(0.1000, device='cuda:1') tensor(0.1250, device='cuda:1')
tensor(0.7828, device='cuda:1') tensor(0.1000, device='cuda:1') tensor(0.1172, device='cuda:1')
tensor(0.7906, device='cuda:1') tensor(0.1000, device='cuda:1') tensor(0.1094, device='cuda:1')
tensor(0.7359, device='cuda:1') tensor(0.1000, device='cuda:1') tensor(0.1641, device='cuda:1')
tensor(0.7438, device='cuda:1') tensor(0.1000, device='cuda:1') tensor(0.1562, device='cuda:1')
tensor(0.7359, device='cuda:1') tensor(0.1000, device='cuda:1') tensor(0.1641, device='cuda:1')
tensor(0.7672, device='cuda:1') tensor(0.1000, device='cuda:1') tensor(0.1328, device='cuda:1')
tensor(0.8531, device='cuda:1') tensor(0.1000, device='cuda:1') tensor(0.0469, device='cuda:1')
tensor(0.7984, device='cuda:1') tensor(0.1000, device='cuda:1') tensor(0.1016, device='cuda:1')
tensor(0.8141, device='cuda:1') tensor(0.1000, device='cuda:1') tensor(0.0859, device='cuda:1')
tensor(0.7906, device='cuda:1') tensor(0.1000, device='cuda:1') tensor(0.1094, device='cuda:1')
tensor(0.7281, device='cuda:1') tensor(0.1000, device='cuda:1') tensor(0.1719, device='cuda:1')
tensor(0.8219, device='cuda:1') tensor(0.1000, device='cuda:1') tensor(0.0781, device='cuda:1')
tensor(0.8219, device='cuda:1') tensor(0.1000, device='cuda:1') tensor(0.0781, device='cuda:1')
tensor(0.8453, device='cuda:1') tensor(0.1000, device='cuda:1') tensor(0.0547, device='cuda:1')
tensor(0.7750, device='cuda:1') tensor(0.1000, device='cuda:1') tensor(0.1250, device='cuda:1')
tensor(0.8688, device='cuda:1') tensor(0.1000, device='cuda:1') tensor(0.0312, device='cuda:1')
tensor(0.8219, device='cuda:1') tensor(0.1000, device='cuda:1') tensor(0.0781, device='cuda:1')
tensor(0.8688, device='cuda:1') tensor(0.1000, device='cuda:1') tensor(0.0312, device='cuda:1')
tensor(0.8688, device='cuda:1') tensor(0.1000, device='cuda:1') tensor(0.0312, device='cuda:1')
tensor(0.7984, device='cuda:1') tensor(0.1000, device='cuda:1') tensor(0.1016, device='cuda:1')
tensor(0.7438, device='cuda:1') tensor(0.1000, device='cuda:1') tensor(0.1562, device='cuda:1')
tensor(0.6188, device='cuda:1') tensor(0.1000, device='cuda:1') tensor(0.2812, device='cuda:1')
tensor(0.6813, device='cuda:1') tensor(0.1000, device='cuda:1') tensor(0.2188, device='cuda:1')
tensor(0.8297, device='cuda:1') tensor(0.1000, device='cuda:1') tensor(0.0703, device='cuda:1')
tensor(0.8609, device='cuda:1') tensor(0.1000, device='cuda:1') tensor(0.0391, device='cuda:1')
tensor(0.7594, device='cuda:1') tensor(0.1000, device='cuda:1') tensor(0.1406, device='cuda:1')
tensor(0.8375, device='cuda:1') tensor(0.1000, device='cuda:1') tensor(0.0625, device='cuda:1')
tensor(0.8609, device='cuda:1') tensor(0.1000, device='cuda:1') tensor(0.0391, device='cuda:1')
tensor(0.8531, device='cuda:1') tensor(0.1000, device='cuda:1') tensor(0.0469, device='cuda:1')
tensor(0.6578, device='cuda:1') tensor(0.1000, device='cuda:1') tensor(0.2422, device='cuda:1')
tensor(0.8531, device='cuda:1') tensor(0.1000, device='cuda:1') tensor(0.0469, device='cuda:1')
time 3.06
error 81178.875
28 mlp.gate_proj
Quantizing ...
tensor(0.8687, device='cuda:1') tensor(0.1000, device='cuda:1') tensor(0.0312, device='cuda:1')
tensor(0.5250, device='cuda:1') tensor(0.1000, device='cuda:1') tensor(0.3750, device='cuda:1')
tensor(0.7203, device='cuda:1') tensor(0.1000, device='cuda:1') tensor(0.1797, device='cuda:1')
tensor(0.8687, device='cuda:1') tensor(0.1000, device='cuda:1') tensor(0.0312, device='cuda:1')
tensor(0.8141, device='cuda:1') tensor(0.1000, device='cuda:1') tensor(0.0859, device='cuda:1')
tensor(0.8297, device='cuda:1') tensor(0.1000, device='cuda:1') tensor(0.0703, device='cuda:1')
tensor(0.8297, device='cuda:1') tensor(0.1000, device='cuda:1') tensor(0.0703, device='cuda:1')
tensor(0.5953, device='cuda:1') tensor(0.1000, device='cuda:1') tensor(0.3047, device='cuda:1')
tensor(0.8375, device='cuda:1') tensor(0.1000, device='cuda:1') tensor(0.0625, device='cuda:1')
tensor(0.8375, device='cuda:1') tensor(0.1000, device='cuda:1') tensor(0.0625, device='cuda:1')
tensor(0.7828, device='cuda:1') tensor(0.1000, device='cuda:1') tensor(0.1172, device='cuda:1')
tensor(0.7437, device='cuda:1') tensor(0.1000, device='cuda:1') tensor(0.1562, device='cuda:1')
tensor(0.6187, device='cuda:1') tensor(0.1000, device='cuda:1') tensor(0.2812, device='cuda:1')
tensor(0.7203, device='cuda:1') tensor(0.1000, device='cuda:1') tensor(0.1797, device='cuda:1')
tensor(0.6812, device='cuda:1') tensor(0.1000, device='cuda:1') tensor(0.2188, device='cuda:1')
tensor(0.6891, device='cuda:1') tensor(0.1000, device='cuda:1') tensor(0.2109, device='cuda:1')
tensor(0.7672, device='cuda:1') tensor(0.1000, device='cuda:1') tensor(0.1328, device='cuda:1')
tensor(0.7594, device='cuda:1') tensor(0.1000, device='cuda:1') tensor(0.1406, device='cuda:1')
tensor(0.7906, device='cuda:1') tensor(0.1000, device='cuda:1') tensor(0.1094, device='cuda:1')
tensor(0.8375, device='cuda:1') tensor(0.1000, device='cuda:1') tensor(0.0625, device='cuda:1')
time 2.51
error 1136698.0
28 mlp.up_proj
Quantizing ...
tensor(0.8609, device='cuda:1') tensor(0.1000, device='cuda:1') tensor(0.0391, device='cuda:1')
tensor(0.8453, device='cuda:1') tensor(0.1000, device='cuda:1') tensor(0.0547, device='cuda:1')
tensor(0.7672, device='cuda:1') tensor(0.1000, device='cuda:1') tensor(0.1328, device='cuda:1')
tensor(0.8453, device='cuda:1') tensor(0.1000, device='cuda:1') tensor(0.0547, device='cuda:1')
tensor(0.7906, device='cuda:1') tensor(0.1000, device='cuda:1') tensor(0.1094, device='cuda:1')
tensor(0.8297, device='cuda:1') tensor(0.1000, device='cuda:1') tensor(0.0703, device='cuda:1')
tensor(0.8609, device='cuda:1') tensor(0.1000, device='cuda:1') tensor(0.0391, device='cuda:1')
tensor(0.7437, device='cuda:1') tensor(0.1000, device='cuda:1') tensor(0.1562, device='cuda:1')
tensor(0.7281, device='cuda:1') tensor(0.1000, device='cuda:1') tensor(0.1719, device='cuda:1')
tensor(0.7672, device='cuda:1') tensor(0.1000, device='cuda:1') tensor(0.1328, device='cuda:1')
tensor(0.6656, device='cuda:1') tensor(0.1000, device='cuda:1') tensor(0.2344, device='cuda:1')
tensor(0.6422, device='cuda:1') tensor(0.1000, device='cuda:1') tensor(0.2578, device='cuda:1')
tensor(0.7437, device='cuda:1') tensor(0.1000, device='cuda:1') tensor(0.1562, device='cuda:1')
tensor(0.7359, device='cuda:1') tensor(0.1000, device='cuda:1') tensor(0.1641, device='cuda:1')
tensor(0.7906, device='cuda:1') tensor(0.1000, device='cuda:1') tensor(0.1094, device='cuda:1')
tensor(0.7281, device='cuda:1') tensor(0.1000, device='cuda:1') tensor(0.1719, device='cuda:1')
tensor(0.7125, device='cuda:1') tensor(0.1000, device='cuda:1') tensor(0.1875, device='cuda:1')
tensor(0.7437, device='cuda:1') tensor(0.1000, device='cuda:1') tensor(0.1562, device='cuda:1')
tensor(0.7828, device='cuda:1') tensor(0.1000, device='cuda:1') tensor(0.1172, device='cuda:1')
tensor(0.8375, device='cuda:1') tensor(0.1000, device='cuda:1') tensor(0.0625, device='cuda:1')
time 2.60
error 1156050.25
28 mlp.down_proj
Quantizing ...
tensor(0.7984, device='cuda:1') tensor(0.1000, device='cuda:1') tensor(0.1016, device='cuda:1')
tensor(0.8688, device='cuda:1') tensor(0.1000, device='cuda:1') tensor(0.0312, device='cuda:1')
tensor(0.7828, device='cuda:1') tensor(0.1000, device='cuda:1') tensor(0.1172, device='cuda:1')
tensor(0.8531, device='cuda:1') tensor(0.1000, device='cuda:1') tensor(0.0469, device='cuda:1')
tensor(0.8453, device='cuda:1') tensor(0.1000, device='cuda:1') tensor(0.0547, device='cuda:1')
tensor(0.8375, device='cuda:1') tensor(0.1000, device='cuda:1') tensor(0.0625, device='cuda:1')
tensor(0.8688, device='cuda:1') tensor(0.1000, device='cuda:1') tensor(0.0312, device='cuda:1')
tensor(0.8766, device='cuda:1') tensor(0.1000, device='cuda:1') tensor(0.0234, device='cuda:1')
tensor(0.8688, device='cuda:1') tensor(0.1000, device='cuda:1') tensor(0.0312, device='cuda:1')
tensor(0.8531, device='cuda:1') tensor(0.1000, device='cuda:1') tensor(0.0469, device='cuda:1')
tensor(0.8453, device='cuda:1') tensor(0.1000, device='cuda:1') tensor(0.0547, device='cuda:1')
tensor(0.6500, device='cuda:1') tensor(0.1000, device='cuda:1') tensor(0.2500, device='cuda:1')
tensor(0.8609, device='cuda:1') tensor(0.1000, device='cuda:1') tensor(0.0391, device='cuda:1')
tensor(0.8453, device='cuda:1') tensor(0.1000, device='cuda:1') tensor(0.0547, device='cuda:1')
tensor(0.8297, device='cuda:1') tensor(0.1000, device='cuda:1') tensor(0.0703, device='cuda:1')
tensor(0.8531, device='cuda:1') tensor(0.1000, device='cuda:1') tensor(0.0469, device='cuda:1')
tensor(0.8688, device='cuda:1') tensor(0.1000, device='cuda:1') tensor(0.0312, device='cuda:1')
tensor(0.8531, device='cuda:1') tensor(0.1000, device='cuda:1') tensor(0.0469, device='cuda:1')
tensor(0.8453, device='cuda:1') tensor(0.1000, device='cuda:1') tensor(0.0547, device='cuda:1')
tensor(0.7906, device='cuda:1') tensor(0.1000, device='cuda:1') tensor(0.1094, device='cuda:1')
tensor(0.8609, device='cuda:1') tensor(0.1000, device='cuda:1') tensor(0.0391, device='cuda:1')
tensor(0.7984, device='cuda:1') tensor(0.1000, device='cuda:1') tensor(0.1016, device='cuda:1')
tensor(0.8688, device='cuda:1') tensor(0.1000, device='cuda:1') tensor(0.0312, device='cuda:1')
tensor(0.8609, device='cuda:1') tensor(0.1000, device='cuda:1') tensor(0.0391, device='cuda:1')
tensor(0.8453, device='cuda:1') tensor(0.1000, device='cuda:1') tensor(0.0547, device='cuda:1')
tensor(0.8453, device='cuda:1') tensor(0.1000, device='cuda:1') tensor(0.0547, device='cuda:1')
tensor(0.8609, device='cuda:1') tensor(0.1000, device='cuda:1') tensor(0.0391, device='cuda:1')
tensor(0.8531, device='cuda:1') tensor(0.1000, device='cuda:1') tensor(0.0469, device='cuda:1')
tensor(0.8609, device='cuda:1') tensor(0.1000, device='cuda:1') tensor(0.0391, device='cuda:1')
tensor(0.8063, device='cuda:1') tensor(0.1000, device='cuda:1') tensor(0.0938, device='cuda:1')
tensor(0.8688, device='cuda:1') tensor(0.1000, device='cuda:1') tensor(0.0312, device='cuda:1')
tensor(0.8141, device='cuda:1') tensor(0.1000, device='cuda:1') tensor(0.0859, device='cuda:1')
tensor(0.8297, device='cuda:1') tensor(0.1000, device='cuda:1') tensor(0.0703, device='cuda:1')
tensor(0.8375, device='cuda:1') tensor(0.1000, device='cuda:1') tensor(0.0625, device='cuda:1')
tensor(0.8531, device='cuda:1') tensor(0.1000, device='cuda:1') tensor(0.0469, device='cuda:1')
tensor(0.8688, device='cuda:1') tensor(0.1000, device='cuda:1') tensor(0.0312, device='cuda:1')
tensor(0.8531, device='cuda:1') tensor(0.1000, device='cuda:1') tensor(0.0469, device='cuda:1')
tensor(0.8219, device='cuda:1') tensor(0.1000, device='cuda:1') tensor(0.0781, device='cuda:1')
tensor(0.8609, device='cuda:1') tensor(0.1000, device='cuda:1') tensor(0.0391, device='cuda:1')
tensor(0.7828, device='cuda:1') tensor(0.1000, device='cuda:1') tensor(0.1172, device='cuda:1')
tensor(0.8609, device='cuda:1') tensor(0.1000, device='cuda:1') tensor(0.0391, device='cuda:1')
tensor(0.8531, device='cuda:1') tensor(0.1000, device='cuda:1') tensor(0.0469, device='cuda:1')
tensor(0.8453, device='cuda:1') tensor(0.1000, device='cuda:1') tensor(0.0547, device='cuda:1')
tensor(0.8375, device='cuda:1') tensor(0.1000, device='cuda:1') tensor(0.0625, device='cuda:1')
tensor(0.8297, device='cuda:1') tensor(0.1000, device='cuda:1') tensor(0.0703, device='cuda:1')
tensor(0.8688, device='cuda:1') tensor(0.1000, device='cuda:1') tensor(0.0312, device='cuda:1')
tensor(0.8141, device='cuda:1') tensor(0.1000, device='cuda:1') tensor(0.0859, device='cuda:1')
tensor(0.8297, device='cuda:1') tensor(0.1000, device='cuda:1') tensor(0.0703, device='cuda:1')
tensor(0.8609, device='cuda:1') tensor(0.1000, device='cuda:1') tensor(0.0391, device='cuda:1')
tensor(0.8609, device='cuda:1') tensor(0.1000, device='cuda:1') tensor(0.0391, device='cuda:1')
tensor(0.8141, device='cuda:1') tensor(0.1000, device='cuda:1') tensor(0.0859, device='cuda:1')
tensor(0.8531, device='cuda:1') tensor(0.1000, device='cuda:1') tensor(0.0469, device='cuda:1')
tensor(0.8688, device='cuda:1') tensor(0.1000, device='cuda:1') tensor(0.0312, device='cuda:1')
tensor(0.8453, device='cuda:1') tensor(0.1000, device='cuda:1') tensor(0.0547, device='cuda:1')
tensor(0.7828, device='cuda:1') tensor(0.1000, device='cuda:1') tensor(0.1172, device='cuda:1')
tensor(0.8531, device='cuda:1') tensor(0.1000, device='cuda:1') tensor(0.0469, device='cuda:1')
tensor(0.8609, device='cuda:1') tensor(0.1000, device='cuda:1') tensor(0.0391, device='cuda:1')
tensor(0.8453, device='cuda:1') tensor(0.1000, device='cuda:1') tensor(0.0547, device='cuda:1')
tensor(0.8219, device='cuda:1') tensor(0.1000, device='cuda:1') tensor(0.0781, device='cuda:1')
tensor(0.8141, device='cuda:1') tensor(0.1000, device='cuda:1') tensor(0.0859, device='cuda:1')
tensor(0.8063, device='cuda:1') tensor(0.1000, device='cuda:1') tensor(0.0938, device='cuda:1')
tensor(0.7984, device='cuda:1') tensor(0.1000, device='cuda:1') tensor(0.1016, device='cuda:1')
tensor(0.8297, device='cuda:1') tensor(0.1000, device='cuda:1') tensor(0.0703, device='cuda:1')
tensor(0.8531, device='cuda:1') tensor(0.1000, device='cuda:1') tensor(0.0469, device='cuda:1')
tensor(0.8609, device='cuda:1') tensor(0.1000, device='cuda:1') tensor(0.0391, device='cuda:1')
tensor(0.8453, device='cuda:1') tensor(0.1000, device='cuda:1') tensor(0.0547, device='cuda:1')
tensor(0.8531, device='cuda:1') tensor(0.1000, device='cuda:1') tensor(0.0469, device='cuda:1')
tensor(0.8453, device='cuda:1') tensor(0.1000, device='cuda:1') tensor(0.0547, device='cuda:1')
tensor(0.8297, device='cuda:1') tensor(0.1000, device='cuda:1') tensor(0.0703, device='cuda:1')
tensor(0.8375, device='cuda:1') tensor(0.1000, device='cuda:1') tensor(0.0625, device='cuda:1')
tensor(0.7984, device='cuda:1') tensor(0.1000, device='cuda:1') tensor(0.1016, device='cuda:1')
tensor(0.7906, device='cuda:1') tensor(0.1000, device='cuda:1') tensor(0.1094, device='cuda:1')
tensor(0.8609, device='cuda:1') tensor(0.1000, device='cuda:1') tensor(0.0391, device='cuda:1')
tensor(0.8375, device='cuda:1') tensor(0.1000, device='cuda:1') tensor(0.0625, device='cuda:1')
tensor(0.8375, device='cuda:1') tensor(0.1000, device='cuda:1') tensor(0.0625, device='cuda:1')
tensor(0.8531, device='cuda:1') tensor(0.1000, device='cuda:1') tensor(0.0469, device='cuda:1')
time 7.08
error 426910.59375
29 self_attn.q_proj
Quantizing ...
tensor(0.6734, device='cuda:1') tensor(0.1000, device='cuda:1') tensor(0.2266, device='cuda:1')
tensor(0.8453, device='cuda:1') tensor(0.1000, device='cuda:1') tensor(0.0547, device='cuda:1')
tensor(0.8687, device='cuda:1') tensor(0.1000, device='cuda:1') tensor(0.0312, device='cuda:1')
tensor(0.7203, device='cuda:1') tensor(0.1000, device='cuda:1') tensor(0.1797, device='cuda:1')
tensor(0.6266, device='cuda:1') tensor(0.1000, device='cuda:1') tensor(0.2734, device='cuda:1')
tensor(0.8375, device='cuda:1') tensor(0.1000, device='cuda:1') tensor(0.0625, device='cuda:1')
tensor(0.8453, device='cuda:1') tensor(0.1000, device='cuda:1') tensor(0.0547, device='cuda:1')
tensor(0.6422, device='cuda:1') tensor(0.1000, device='cuda:1') tensor(0.2578, device='cuda:1')
tensor(0.6734, device='cuda:1') tensor(0.1000, device='cuda:1') tensor(0.2266, device='cuda:1')
tensor(0.6656, device='cuda:1') tensor(0.1000, device='cuda:1') tensor(0.2344, device='cuda:1')
tensor(0.6578, device='cuda:1') tensor(0.1000, device='cuda:1') tensor(0.2422, device='cuda:1')
tensor(0.7437, device='cuda:1') tensor(0.1000, device='cuda:1') tensor(0.1562, device='cuda:1')
tensor(0.7828, device='cuda:1') tensor(0.1000, device='cuda:1') tensor(0.1172, device='cuda:1')
tensor(0.8375, device='cuda:1') tensor(0.1000, device='cuda:1') tensor(0.0625, device='cuda:1')
tensor(0.8375, device='cuda:1') tensor(0.1000, device='cuda:1') tensor(0.0625, device='cuda:1')
tensor(0.6891, device='cuda:1') tensor(0.1000, device='cuda:1') tensor(0.2109, device='cuda:1')
tensor(0.7437, device='cuda:1') tensor(0.1000, device='cuda:1') tensor(0.1562, device='cuda:1')
tensor(0.5484, device='cuda:1') tensor(0.1000, device='cuda:1') tensor(0.3516, device='cuda:1')
tensor(0.6578, device='cuda:1') tensor(0.1000, device='cuda:1') tensor(0.2422, device='cuda:1')
tensor(0.8453, device='cuda:1') tensor(0.1000, device='cuda:1') tensor(0.0547, device='cuda:1')
time 2.27
error 2079222.5
29 self_attn.k_proj
Quantizing ...
tensor(0.6578, device='cuda:1') tensor(0.1000, device='cuda:1') tensor(0.2422, device='cuda:1')
tensor(0.8219, device='cuda:1') tensor(0.1000, device='cuda:1') tensor(0.0781, device='cuda:1')
tensor(0.8531, device='cuda:1') tensor(0.1000, device='cuda:1') tensor(0.0469, device='cuda:1')
tensor(0.7984, device='cuda:1') tensor(0.1000, device='cuda:1') tensor(0.1016, device='cuda:1')
tensor(0.7828, device='cuda:1') tensor(0.1000, device='cuda:1') tensor(0.1172, device='cuda:1')
tensor(0.5172, device='cuda:1') tensor(0.1000, device='cuda:1') tensor(0.3828, device='cuda:1')
tensor(0.8375, device='cuda:1') tensor(0.1000, device='cuda:1') tensor(0.0625, device='cuda:1')
tensor(0.8375, device='cuda:1') tensor(0.1000, device='cuda:1') tensor(0.0625, device='cuda:1')
tensor(0.7359, device='cuda:1') tensor(0.1000, device='cuda:1') tensor(0.1641, device='cuda:1')
tensor(0.5484, device='cuda:1') tensor(0.1000, device='cuda:1') tensor(0.3516, device='cuda:1')
tensor(0.5250, device='cuda:1') tensor(0.1000, device='cuda:1') tensor(0.3750, device='cuda:1')
tensor(0.8297, device='cuda:1') tensor(0.1000, device='cuda:1') tensor(0.0703, device='cuda:1')
tensor(0.7906, device='cuda:1') tensor(0.1000, device='cuda:1') tensor(0.1094, device='cuda:1')
tensor(0.7672, device='cuda:1') tensor(0.1000, device='cuda:1') tensor(0.1328, device='cuda:1')
tensor(0.5719, device='cuda:1') tensor(0.1000, device='cuda:1') tensor(0.3281, device='cuda:1')
tensor(0.6891, device='cuda:1') tensor(0.1000, device='cuda:1') tensor(0.2109, device='cuda:1')
tensor(0.5953, device='cuda:1') tensor(0.1000, device='cuda:1') tensor(0.3047, device='cuda:1')
tensor(0.7828, device='cuda:1') tensor(0.1000, device='cuda:1') tensor(0.1172, device='cuda:1')
tensor(0.6891, device='cuda:1') tensor(0.1000, device='cuda:1') tensor(0.2109, device='cuda:1')
tensor(0.7047, device='cuda:1') tensor(0.1000, device='cuda:1') tensor(0.1953, device='cuda:1')
time 1.75
error 466630.59375
29 self_attn.v_proj
Quantizing ...
tensor(0.6891, device='cuda:1') tensor(0.1000, device='cuda:1') tensor(0.2109, device='cuda:1')
tensor(0.5250, device='cuda:1') tensor(0.1000, device='cuda:1') tensor(0.3750, device='cuda:1')
tensor(0.7281, device='cuda:1') tensor(0.1000, device='cuda:1') tensor(0.1719, device='cuda:1')
tensor(0.7984, device='cuda:1') tensor(0.1000, device='cuda:1') tensor(0.1016, device='cuda:1')
tensor(0.5172, device='cuda:1') tensor(0.1000, device='cuda:1') tensor(0.3828, device='cuda:1')
tensor(0.5250, device='cuda:1') tensor(0.1000, device='cuda:1') tensor(0.3750, device='cuda:1')
tensor(0.7516, device='cuda:1') tensor(0.1000, device='cuda:1') tensor(0.1484, device='cuda:1')
tensor(0.5406, device='cuda:1') tensor(0.1000, device='cuda:1') tensor(0.3594, device='cuda:1')
tensor(0.5172, device='cuda:1') tensor(0.1000, device='cuda:1') tensor(0.3828, device='cuda:1')
tensor(0.6812, device='cuda:1') tensor(0.1000, device='cuda:1') tensor(0.2188, device='cuda:1')
tensor(0.6266, device='cuda:1') tensor(0.1000, device='cuda:1') tensor(0.2734, device='cuda:1')
tensor(0.7125, device='cuda:1') tensor(0.1000, device='cuda:1') tensor(0.1875, device='cuda:1')
tensor(0.5484, device='cuda:1') tensor(0.1000, device='cuda:1') tensor(0.3516, device='cuda:1')
tensor(0.8297, device='cuda:1') tensor(0.1000, device='cuda:1') tensor(0.0703, device='cuda:1')
tensor(0.7047, device='cuda:1') tensor(0.1000, device='cuda:1') tensor(0.1953, device='cuda:1')
tensor(0.5953, device='cuda:1') tensor(0.1000, device='cuda:1') tensor(0.3047, device='cuda:1')
tensor(0.6656, device='cuda:1') tensor(0.1000, device='cuda:1') tensor(0.2344, device='cuda:1')
tensor(0.8141, device='cuda:1') tensor(0.1000, device='cuda:1') tensor(0.0859, device='cuda:1')
tensor(0.6891, device='cuda:1') tensor(0.1000, device='cuda:1') tensor(0.2109, device='cuda:1')
tensor(0.7672, device='cuda:1') tensor(0.1000, device='cuda:1') tensor(0.1328, device='cuda:1')
time 1.69
error 586896.5
29 self_attn.o_proj
Quantizing ...
tensor(0.7359, device='cuda:1') tensor(0.1000, device='cuda:1') tensor(0.1641, device='cuda:1')
tensor(0.7828, device='cuda:1') tensor(0.1000, device='cuda:1') tensor(0.1172, device='cuda:1')
tensor(0.7438, device='cuda:1') tensor(0.1000, device='cuda:1') tensor(0.1562, device='cuda:1')
tensor(0.8531, device='cuda:1') tensor(0.1000, device='cuda:1') tensor(0.0469, device='cuda:1')
tensor(0.7438, device='cuda:1') tensor(0.1000, device='cuda:1') tensor(0.1562, device='cuda:1')
tensor(0.7281, device='cuda:1') tensor(0.1000, device='cuda:1') tensor(0.1719, device='cuda:1')
tensor(0.7359, device='cuda:1') tensor(0.1000, device='cuda:1') tensor(0.1641, device='cuda:1')
tensor(0.6813, device='cuda:1') tensor(0.1000, device='cuda:1') tensor(0.2188, device='cuda:1')
tensor(0.8141, device='cuda:1') tensor(0.1000, device='cuda:1') tensor(0.0859, device='cuda:1')
tensor(0.8531, device='cuda:1') tensor(0.1000, device='cuda:1') tensor(0.0469, device='cuda:1')
tensor(0.6969, device='cuda:1') tensor(0.1000, device='cuda:1') tensor(0.2031, device='cuda:1')
tensor(0.7984, device='cuda:1') tensor(0.1000, device='cuda:1') tensor(0.1016, device='cuda:1')
tensor(0.8531, device='cuda:1') tensor(0.1000, device='cuda:1') tensor(0.0469, device='cuda:1')
tensor(0.7438, device='cuda:1') tensor(0.1000, device='cuda:1') tensor(0.1562, device='cuda:1')
tensor(0.8609, device='cuda:1') tensor(0.1000, device='cuda:1') tensor(0.0391, device='cuda:1')
tensor(0.5719, device='cuda:1') tensor(0.1000, device='cuda:1') tensor(0.3281, device='cuda:1')
tensor(0.6813, device='cuda:1') tensor(0.1000, device='cuda:1') tensor(0.2188, device='cuda:1')
tensor(0.8063, device='cuda:1') tensor(0.1000, device='cuda:1') tensor(0.0938, device='cuda:1')
tensor(0.7281, device='cuda:1') tensor(0.1000, device='cuda:1') tensor(0.1719, device='cuda:1')
tensor(0.7750, device='cuda:1') tensor(0.1000, device='cuda:1') tensor(0.1250, device='cuda:1')
tensor(0.7984, device='cuda:1') tensor(0.1000, device='cuda:1') tensor(0.1016, device='cuda:1')
tensor(0.8297, device='cuda:1') tensor(0.1000, device='cuda:1') tensor(0.0703, device='cuda:1')
tensor(0.6734, device='cuda:1') tensor(0.1000, device='cuda:1') tensor(0.2266, device='cuda:1')
tensor(0.7594, device='cuda:1') tensor(0.1000, device='cuda:1') tensor(0.1406, device='cuda:1')
tensor(0.8453, device='cuda:1') tensor(0.1000, device='cuda:1') tensor(0.0547, device='cuda:1')
tensor(0.8531, device='cuda:1') tensor(0.1000, device='cuda:1') tensor(0.0469, device='cuda:1')
tensor(0.8453, device='cuda:1') tensor(0.1000, device='cuda:1') tensor(0.0547, device='cuda:1')
tensor(0.8531, device='cuda:1') tensor(0.1000, device='cuda:1') tensor(0.0469, device='cuda:1')
tensor(0.8141, device='cuda:1') tensor(0.1000, device='cuda:1') tensor(0.0859, device='cuda:1')
tensor(0.8453, device='cuda:1') tensor(0.1000, device='cuda:1') tensor(0.0547, device='cuda:1')
tensor(0.8531, device='cuda:1') tensor(0.1000, device='cuda:1') tensor(0.0469, device='cuda:1')
tensor(0.8609, device='cuda:1') tensor(0.1000, device='cuda:1') tensor(0.0391, device='cuda:1')
time 2.94
error 137545.609375
29 mlp.gate_proj
Quantizing ...
tensor(0.8609, device='cuda:1') tensor(0.1000, device='cuda:1') tensor(0.0391, device='cuda:1')
tensor(0.8609, device='cuda:1') tensor(0.1000, device='cuda:1') tensor(0.0391, device='cuda:1')
tensor(0.8531, device='cuda:1') tensor(0.1000, device='cuda:1') tensor(0.0469, device='cuda:1')
tensor(0.8531, device='cuda:1') tensor(0.1000, device='cuda:1') tensor(0.0469, device='cuda:1')
tensor(0.8219, device='cuda:1') tensor(0.1000, device='cuda:1') tensor(0.0781, device='cuda:1')
tensor(0.8062, device='cuda:1') tensor(0.1000, device='cuda:1') tensor(0.0938, device='cuda:1')
tensor(0.8609, device='cuda:1') tensor(0.1000, device='cuda:1') tensor(0.0391, device='cuda:1')
tensor(0.7516, device='cuda:1') tensor(0.1000, device='cuda:1') tensor(0.1484, device='cuda:1')
tensor(0.7828, device='cuda:1') tensor(0.1000, device='cuda:1') tensor(0.1172, device='cuda:1')
tensor(0.6422, device='cuda:1') tensor(0.1000, device='cuda:1') tensor(0.2578, device='cuda:1')
tensor(0.7594, device='cuda:1') tensor(0.1000, device='cuda:1') tensor(0.1406, device='cuda:1')
tensor(0.7828, device='cuda:1') tensor(0.1000, device='cuda:1') tensor(0.1172, device='cuda:1')
tensor(0.7750, device='cuda:1') tensor(0.1000, device='cuda:1') tensor(0.1250, device='cuda:1')
tensor(0.6109, device='cuda:1') tensor(0.1000, device='cuda:1') tensor(0.2891, device='cuda:1')
tensor(0.7672, device='cuda:1') tensor(0.1000, device='cuda:1') tensor(0.1328, device='cuda:1')
tensor(0.8141, device='cuda:1') tensor(0.1000, device='cuda:1') tensor(0.0859, device='cuda:1')
tensor(0.7594, device='cuda:1') tensor(0.1000, device='cuda:1') tensor(0.1406, device='cuda:1')
tensor(0.7047, device='cuda:1') tensor(0.1000, device='cuda:1') tensor(0.1953, device='cuda:1')
tensor(0.7125, device='cuda:1') tensor(0.1000, device='cuda:1') tensor(0.1875, device='cuda:1')
tensor(0.8141, device='cuda:1') tensor(0.1000, device='cuda:1') tensor(0.0859, device='cuda:1')
time 2.64
error 1296271.0
29 mlp.up_proj
Quantizing ...
tensor(0.8687, device='cuda:1') tensor(0.1000, device='cuda:1') tensor(0.0312, device='cuda:1')
tensor(0.8531, device='cuda:1') tensor(0.1000, device='cuda:1') tensor(0.0469, device='cuda:1')
tensor(0.8062, device='cuda:1') tensor(0.1000, device='cuda:1') tensor(0.0938, device='cuda:1')
tensor(0.8453, device='cuda:1') tensor(0.1000, device='cuda:1') tensor(0.0547, device='cuda:1')
tensor(0.5172, device='cuda:1') tensor(0.1000, device='cuda:1') tensor(0.3828, device='cuda:1')
tensor(0.8062, device='cuda:1') tensor(0.1000, device='cuda:1') tensor(0.0938, device='cuda:1')
tensor(0.8609, device='cuda:1') tensor(0.1000, device='cuda:1') tensor(0.0391, device='cuda:1')
tensor(0.7516, device='cuda:1') tensor(0.1000, device='cuda:1') tensor(0.1484, device='cuda:1')
tensor(0.7672, device='cuda:1') tensor(0.1000, device='cuda:1') tensor(0.1328, device='cuda:1')
tensor(0.7125, device='cuda:1') tensor(0.1000, device='cuda:1') tensor(0.1875, device='cuda:1')
tensor(0.7828, device='cuda:1') tensor(0.1000, device='cuda:1') tensor(0.1172, device='cuda:1')
tensor(0.6422, device='cuda:1') tensor(0.1000, device='cuda:1') tensor(0.2578, device='cuda:1')
tensor(0.7125, device='cuda:1') tensor(0.1000, device='cuda:1') tensor(0.1875, device='cuda:1')
tensor(0.6344, device='cuda:1') tensor(0.1000, device='cuda:1') tensor(0.2656, device='cuda:1')
tensor(0.6266, device='cuda:1') tensor(0.1000, device='cuda:1') tensor(0.2734, device='cuda:1')
tensor(0.7203, device='cuda:1') tensor(0.1000, device='cuda:1') tensor(0.1797, device='cuda:1')
tensor(0.7047, device='cuda:1') tensor(0.1000, device='cuda:1') tensor(0.1953, device='cuda:1')
tensor(0.7047, device='cuda:1') tensor(0.1000, device='cuda:1') tensor(0.1953, device='cuda:1')
tensor(0.7750, device='cuda:1') tensor(0.1000, device='cuda:1') tensor(0.1250, device='cuda:1')
tensor(0.8219, device='cuda:1') tensor(0.1000, device='cuda:1') tensor(0.0781, device='cuda:1')
time 2.73
error 1324659.5
29 mlp.down_proj
Quantizing ...
tensor(0.7594, device='cuda:1') tensor(0.1000, device='cuda:1') tensor(0.1406, device='cuda:1')
tensor(0.8375, device='cuda:1') tensor(0.1000, device='cuda:1') tensor(0.0625, device='cuda:1')
tensor(0.8531, device='cuda:1') tensor(0.1000, device='cuda:1') tensor(0.0469, device='cuda:1')
tensor(0.8141, device='cuda:1') tensor(0.1000, device='cuda:1') tensor(0.0859, device='cuda:1')
tensor(0.8609, device='cuda:1') tensor(0.1000, device='cuda:1') tensor(0.0391, device='cuda:1')
tensor(0.7672, device='cuda:1') tensor(0.1000, device='cuda:1') tensor(0.1328, device='cuda:1')
tensor(0.8609, device='cuda:1') tensor(0.1000, device='cuda:1') tensor(0.0391, device='cuda:1')
tensor(0.8609, device='cuda:1') tensor(0.1000, device='cuda:1') tensor(0.0391, device='cuda:1')
tensor(0.8531, device='cuda:1') tensor(0.1000, device='cuda:1') tensor(0.0469, device='cuda:1')
tensor(0.8609, device='cuda:1') tensor(0.1000, device='cuda:1') tensor(0.0391, device='cuda:1')
tensor(0.8609, device='cuda:1') tensor(0.1000, device='cuda:1') tensor(0.0391, device='cuda:1')
tensor(0.8453, device='cuda:1') tensor(0.1000, device='cuda:1') tensor(0.0547, device='cuda:1')
tensor(0.8375, device='cuda:1') tensor(0.1000, device='cuda:1') tensor(0.0625, device='cuda:1')
tensor(0.8609, device='cuda:1') tensor(0.1000, device='cuda:1') tensor(0.0391, device='cuda:1')
tensor(0.8609, device='cuda:1') tensor(0.1000, device='cuda:1') tensor(0.0391, device='cuda:1')
tensor(0.8453, device='cuda:1') tensor(0.1000, device='cuda:1') tensor(0.0547, device='cuda:1')
tensor(0.8531, device='cuda:1') tensor(0.1000, device='cuda:1') tensor(0.0469, device='cuda:1')
tensor(0.8688, device='cuda:1') tensor(0.1000, device='cuda:1') tensor(0.0312, device='cuda:1')
tensor(0.8688, device='cuda:1') tensor(0.1000, device='cuda:1') tensor(0.0312, device='cuda:1')
tensor(0.8609, device='cuda:1') tensor(0.1000, device='cuda:1') tensor(0.0391, device='cuda:1')
tensor(0.8375, device='cuda:1') tensor(0.1000, device='cuda:1') tensor(0.0625, device='cuda:1')
tensor(0.8453, device='cuda:1') tensor(0.1000, device='cuda:1') tensor(0.0547, device='cuda:1')
tensor(0.8609, device='cuda:1') tensor(0.1000, device='cuda:1') tensor(0.0391, device='cuda:1')
tensor(0.8531, device='cuda:1') tensor(0.1000, device='cuda:1') tensor(0.0469, device='cuda:1')
tensor(0.8609, device='cuda:1') tensor(0.1000, device='cuda:1') tensor(0.0391, device='cuda:1')
tensor(0.8219, device='cuda:1') tensor(0.1000, device='cuda:1') tensor(0.0781, device='cuda:1')
tensor(0.8453, device='cuda:1') tensor(0.1000, device='cuda:1') tensor(0.0547, device='cuda:1')
tensor(0.8688, device='cuda:1') tensor(0.1000, device='cuda:1') tensor(0.0312, device='cuda:1')
tensor(0.8688, device='cuda:1') tensor(0.1000, device='cuda:1') tensor(0.0312, device='cuda:1')
tensor(0.8375, device='cuda:1') tensor(0.1000, device='cuda:1') tensor(0.0625, device='cuda:1')
tensor(0.8531, device='cuda:1') tensor(0.1000, device='cuda:1') tensor(0.0469, device='cuda:1')
tensor(0.8531, device='cuda:1') tensor(0.1000, device='cuda:1') tensor(0.0469, device='cuda:1')
tensor(0.8688, device='cuda:1') tensor(0.1000, device='cuda:1') tensor(0.0312, device='cuda:1')
tensor(0.8219, device='cuda:1') tensor(0.1000, device='cuda:1') tensor(0.0781, device='cuda:1')
tensor(0.8531, device='cuda:1') tensor(0.1000, device='cuda:1') tensor(0.0469, device='cuda:1')
tensor(0.8141, device='cuda:1') tensor(0.1000, device='cuda:1') tensor(0.0859, device='cuda:1')
tensor(0.8453, device='cuda:1') tensor(0.1000, device='cuda:1') tensor(0.0547, device='cuda:1')
tensor(0.7359, device='cuda:1') tensor(0.1000, device='cuda:1') tensor(0.1641, device='cuda:1')
tensor(0.8609, device='cuda:1') tensor(0.1000, device='cuda:1') tensor(0.0391, device='cuda:1')
tensor(0.8375, device='cuda:1') tensor(0.1000, device='cuda:1') tensor(0.0625, device='cuda:1')
tensor(0.8375, device='cuda:1') tensor(0.1000, device='cuda:1') tensor(0.0625, device='cuda:1')
tensor(0.8688, device='cuda:1') tensor(0.1000, device='cuda:1') tensor(0.0312, device='cuda:1')
tensor(0.8453, device='cuda:1') tensor(0.1000, device='cuda:1') tensor(0.0547, device='cuda:1')
tensor(0.7906, device='cuda:1') tensor(0.1000, device='cuda:1') tensor(0.1094, device='cuda:1')
tensor(0.8609, device='cuda:1') tensor(0.1000, device='cuda:1') tensor(0.0391, device='cuda:1')
tensor(0.8688, device='cuda:1') tensor(0.1000, device='cuda:1') tensor(0.0312, device='cuda:1')
tensor(0.8531, device='cuda:1') tensor(0.1000, device='cuda:1') tensor(0.0469, device='cuda:1')
tensor(0.8688, device='cuda:1') tensor(0.1000, device='cuda:1') tensor(0.0312, device='cuda:1')
tensor(0.7672, device='cuda:1') tensor(0.1000, device='cuda:1') tensor(0.1328, device='cuda:1')
tensor(0.8531, device='cuda:1') tensor(0.1000, device='cuda:1') tensor(0.0469, device='cuda:1')
tensor(0.8531, device='cuda:1') tensor(0.1000, device='cuda:1') tensor(0.0469, device='cuda:1')
tensor(0.8531, device='cuda:1') tensor(0.1000, device='cuda:1') tensor(0.0469, device='cuda:1')
tensor(0.8688, device='cuda:1') tensor(0.1000, device='cuda:1') tensor(0.0312, device='cuda:1')
tensor(0.8531, device='cuda:1') tensor(0.1000, device='cuda:1') tensor(0.0469, device='cuda:1')
tensor(0.8531, device='cuda:1') tensor(0.1000, device='cuda:1') tensor(0.0469, device='cuda:1')
tensor(0.8609, device='cuda:1') tensor(0.1000, device='cuda:1') tensor(0.0391, device='cuda:1')
tensor(0.8531, device='cuda:1') tensor(0.1000, device='cuda:1') tensor(0.0469, device='cuda:1')
tensor(0.8219, device='cuda:1') tensor(0.1000, device='cuda:1') tensor(0.0781, device='cuda:1')
tensor(0.8688, device='cuda:1') tensor(0.1000, device='cuda:1') tensor(0.0312, device='cuda:1')
tensor(0.8688, device='cuda:1') tensor(0.1000, device='cuda:1') tensor(0.0312, device='cuda:1')
tensor(0.8375, device='cuda:1') tensor(0.1000, device='cuda:1') tensor(0.0625, device='cuda:1')
tensor(0.8453, device='cuda:1') tensor(0.1000, device='cuda:1') tensor(0.0547, device='cuda:1')
tensor(0.7672, device='cuda:1') tensor(0.1000, device='cuda:1') tensor(0.1328, device='cuda:1')
tensor(0.8688, device='cuda:1') tensor(0.1000, device='cuda:1') tensor(0.0312, device='cuda:1')
tensor(0.8375, device='cuda:1') tensor(0.1000, device='cuda:1') tensor(0.0625, device='cuda:1')
tensor(0.8609, device='cuda:1') tensor(0.1000, device='cuda:1') tensor(0.0391, device='cuda:1')
tensor(0.8453, device='cuda:1') tensor(0.1000, device='cuda:1') tensor(0.0547, device='cuda:1')
tensor(0.7984, device='cuda:1') tensor(0.1000, device='cuda:1') tensor(0.1016, device='cuda:1')
tensor(0.7672, device='cuda:1') tensor(0.1000, device='cuda:1') tensor(0.1328, device='cuda:1')
tensor(0.8453, device='cuda:1') tensor(0.1000, device='cuda:1') tensor(0.0547, device='cuda:1')
tensor(0.8531, device='cuda:1') tensor(0.1000, device='cuda:1') tensor(0.0469, device='cuda:1')
tensor(0.8609, device='cuda:1') tensor(0.1000, device='cuda:1') tensor(0.0391, device='cuda:1')
tensor(0.8531, device='cuda:1') tensor(0.1000, device='cuda:1') tensor(0.0469, device='cuda:1')
tensor(0.8219, device='cuda:1') tensor(0.1000, device='cuda:1') tensor(0.0781, device='cuda:1')
tensor(0.8688, device='cuda:1') tensor(0.1000, device='cuda:1') tensor(0.0312, device='cuda:1')
tensor(0.8688, device='cuda:1') tensor(0.1000, device='cuda:1') tensor(0.0312, device='cuda:1')
time 7.15
error 392264.625
30 self_attn.q_proj
Quantizing ...
tensor(0.6891, device='cuda:1') tensor(0.1000, device='cuda:1') tensor(0.2109, device='cuda:1')
tensor(0.8297, device='cuda:1') tensor(0.1000, device='cuda:1') tensor(0.0703, device='cuda:1')
tensor(0.8687, device='cuda:1') tensor(0.1000, device='cuda:1') tensor(0.0312, device='cuda:1')
tensor(0.7516, device='cuda:1') tensor(0.1000, device='cuda:1') tensor(0.1484, device='cuda:1')
tensor(0.8609, device='cuda:1') tensor(0.1000, device='cuda:1') tensor(0.0391, device='cuda:1')
tensor(0.8297, device='cuda:1') tensor(0.1000, device='cuda:1') tensor(0.0703, device='cuda:1')
tensor(0.8062, device='cuda:1') tensor(0.1000, device='cuda:1') tensor(0.0938, device='cuda:1')
tensor(0.6969, device='cuda:1') tensor(0.1000, device='cuda:1') tensor(0.2031, device='cuda:1')
tensor(0.8219, device='cuda:1') tensor(0.1000, device='cuda:1') tensor(0.0781, device='cuda:1')
tensor(0.8297, device='cuda:1') tensor(0.1000, device='cuda:1') tensor(0.0703, device='cuda:1')
tensor(0.6812, device='cuda:1') tensor(0.1000, device='cuda:1') tensor(0.2188, device='cuda:1')
tensor(0.7594, device='cuda:1') tensor(0.1000, device='cuda:1') tensor(0.1406, device='cuda:1')
tensor(0.7125, device='cuda:1') tensor(0.1000, device='cuda:1') tensor(0.1875, device='cuda:1')
tensor(0.6656, device='cuda:1') tensor(0.1000, device='cuda:1') tensor(0.2344, device='cuda:1')
tensor(0.6187, device='cuda:1') tensor(0.1000, device='cuda:1') tensor(0.2812, device='cuda:1')
tensor(0.6812, device='cuda:1') tensor(0.1000, device='cuda:1') tensor(0.2188, device='cuda:1')
tensor(0.7906, device='cuda:1') tensor(0.1000, device='cuda:1') tensor(0.1094, device='cuda:1')
tensor(0.5172, device='cuda:1') tensor(0.1000, device='cuda:1') tensor(0.3828, device='cuda:1')
tensor(0.8297, device='cuda:1') tensor(0.1000, device='cuda:1') tensor(0.0703, device='cuda:1')
tensor(0.8219, device='cuda:1') tensor(0.1000, device='cuda:1') tensor(0.0781, device='cuda:1')
time 2.12
error 2416702.75
30 self_attn.k_proj
Quantizing ...
tensor(0.6578, device='cuda:1') tensor(0.1000, device='cuda:1') tensor(0.2422, device='cuda:1')
tensor(0.8453, device='cuda:1') tensor(0.1000, device='cuda:1') tensor(0.0547, device='cuda:1')
tensor(0.7672, device='cuda:1') tensor(0.1000, device='cuda:1') tensor(0.1328, device='cuda:1')
tensor(0.7672, device='cuda:1') tensor(0.1000, device='cuda:1') tensor(0.1328, device='cuda:1')
tensor(0.5250, device='cuda:1') tensor(0.1000, device='cuda:1') tensor(0.3750, device='cuda:1')
tensor(0.8531, device='cuda:1') tensor(0.1000, device='cuda:1') tensor(0.0469, device='cuda:1')
tensor(0.8531, device='cuda:1') tensor(0.1000, device='cuda:1') tensor(0.0469, device='cuda:1')
tensor(0.6812, device='cuda:1') tensor(0.1000, device='cuda:1') tensor(0.2188, device='cuda:1')
tensor(0.7047, device='cuda:1') tensor(0.1000, device='cuda:1') tensor(0.1953, device='cuda:1')
tensor(0.7672, device='cuda:1') tensor(0.1000, device='cuda:1') tensor(0.1328, device='cuda:1')
tensor(0.8453, device='cuda:1') tensor(0.1000, device='cuda:1') tensor(0.0547, device='cuda:1')
tensor(0.7828, device='cuda:1') tensor(0.1000, device='cuda:1') tensor(0.1172, device='cuda:1')
tensor(0.6031, device='cuda:1') tensor(0.1000, device='cuda:1') tensor(0.2969, device='cuda:1')
tensor(0.8219, device='cuda:1') tensor(0.1000, device='cuda:1') tensor(0.0781, device='cuda:1')
tensor(0.6422, device='cuda:1') tensor(0.1000, device='cuda:1') tensor(0.2578, device='cuda:1')
tensor(0.7047, device='cuda:1') tensor(0.1000, device='cuda:1') tensor(0.1953, device='cuda:1')
tensor(0.8062, device='cuda:1') tensor(0.1000, device='cuda:1') tensor(0.0938, device='cuda:1')
tensor(0.8062, device='cuda:1') tensor(0.1000, device='cuda:1') tensor(0.0938, device='cuda:1')
tensor(0.6969, device='cuda:1') tensor(0.1000, device='cuda:1') tensor(0.2031, device='cuda:1')
tensor(0.7828, device='cuda:1') tensor(0.1000, device='cuda:1') tensor(0.1172, device='cuda:1')
time 1.62
error 595280.4375
30 self_attn.v_proj
Quantizing ...
tensor(0.6891, device='cuda:1') tensor(0.1000, device='cuda:1') tensor(0.2109, device='cuda:1')
tensor(0.5250, device='cuda:1') tensor(0.1000, device='cuda:1') tensor(0.3750, device='cuda:1')
tensor(0.7203, device='cuda:1') tensor(0.1000, device='cuda:1') tensor(0.1797, device='cuda:1')
tensor(0.7750, device='cuda:1') tensor(0.1000, device='cuda:1') tensor(0.1250, device='cuda:1')
tensor(0.5172, device='cuda:1') tensor(0.1000, device='cuda:1') tensor(0.3828, device='cuda:1')
tensor(0.5250, device='cuda:1') tensor(0.1000, device='cuda:1') tensor(0.3750, device='cuda:1')
tensor(0.6266, device='cuda:1') tensor(0.1000, device='cuda:1') tensor(0.2734, device='cuda:1')
tensor(0.5719, device='cuda:1') tensor(0.1000, device='cuda:1') tensor(0.3281, device='cuda:1')
tensor(0.7359, device='cuda:1') tensor(0.1000, device='cuda:1') tensor(0.1641, device='cuda:1')
tensor(0.7750, device='cuda:1') tensor(0.1000, device='cuda:1') tensor(0.1250, device='cuda:1')
tensor(0.8375, device='cuda:1') tensor(0.1000, device='cuda:1') tensor(0.0625, device='cuda:1')
tensor(0.5172, device='cuda:1') tensor(0.1000, device='cuda:1') tensor(0.3828, device='cuda:1')
tensor(0.5797, device='cuda:1') tensor(0.1000, device='cuda:1') tensor(0.3203, device='cuda:1')
tensor(0.7125, device='cuda:1') tensor(0.1000, device='cuda:1') tensor(0.1875, device='cuda:1')
tensor(0.5172, device='cuda:1') tensor(0.1000, device='cuda:1') tensor(0.3828, device='cuda:1')
tensor(0.7750, device='cuda:1') tensor(0.1000, device='cuda:1') tensor(0.1250, device='cuda:1')
tensor(0.7359, device='cuda:1') tensor(0.1000, device='cuda:1') tensor(0.1641, device='cuda:1')
tensor(0.6109, device='cuda:1') tensor(0.1000, device='cuda:1') tensor(0.2891, device='cuda:1')
tensor(0.8141, device='cuda:1') tensor(0.1000, device='cuda:1') tensor(0.0859, device='cuda:1')
tensor(0.7750, device='cuda:1') tensor(0.1000, device='cuda:1') tensor(0.1250, device='cuda:1')
time 1.77
error 683317.625
30 self_attn.o_proj
Quantizing ...
tensor(0.8219, device='cuda:1') tensor(0.1000, device='cuda:1') tensor(0.0781, device='cuda:1')
tensor(0.7984, device='cuda:1') tensor(0.1000, device='cuda:1') tensor(0.1016, device='cuda:1')
tensor(0.8063, device='cuda:1') tensor(0.1000, device='cuda:1') tensor(0.0938, device='cuda:1')
tensor(0.7516, device='cuda:1') tensor(0.1000, device='cuda:1') tensor(0.1484, device='cuda:1')
tensor(0.8766, device='cuda:1') tensor(0.1000, device='cuda:1') tensor(0.0234, device='cuda:1')
tensor(0.7516, device='cuda:1') tensor(0.1000, device='cuda:1') tensor(0.1484, device='cuda:1')
tensor(0.6578, device='cuda:1') tensor(0.1000, device='cuda:1') tensor(0.2422, device='cuda:1')
tensor(0.5641, device='cuda:1') tensor(0.1000, device='cuda:1') tensor(0.3359, device='cuda:1')
tensor(0.8453, device='cuda:1') tensor(0.1000, device='cuda:1') tensor(0.0547, device='cuda:1')
tensor(0.8063, device='cuda:1') tensor(0.1000, device='cuda:1') tensor(0.0938, device='cuda:1')
tensor(0.8063, device='cuda:1') tensor(0.1000, device='cuda:1') tensor(0.0938, device='cuda:1')
tensor(0.8297, device='cuda:1') tensor(0.1000, device='cuda:1') tensor(0.0703, device='cuda:1')
tensor(0.8063, device='cuda:1') tensor(0.1000, device='cuda:1') tensor(0.0938, device='cuda:1')
tensor(0.8141, device='cuda:1') tensor(0.1000, device='cuda:1') tensor(0.0859, device='cuda:1')
tensor(0.8453, device='cuda:1') tensor(0.1000, device='cuda:1') tensor(0.0547, device='cuda:1')
tensor(0.8297, device='cuda:1') tensor(0.1000, device='cuda:1') tensor(0.0703, device='cuda:1')
tensor(0.6891, device='cuda:1') tensor(0.1000, device='cuda:1') tensor(0.2109, device='cuda:1')
tensor(0.7750, device='cuda:1') tensor(0.1000, device='cuda:1') tensor(0.1250, device='cuda:1')
tensor(0.8453, device='cuda:1') tensor(0.1000, device='cuda:1') tensor(0.0547, device='cuda:1')
tensor(0.8766, device='cuda:1') tensor(0.1000, device='cuda:1') tensor(0.0234, device='cuda:1')
tensor(0.8453, device='cuda:1') tensor(0.1000, device='cuda:1') tensor(0.0547, device='cuda:1')
tensor(0.7359, device='cuda:1') tensor(0.1000, device='cuda:1') tensor(0.1641, device='cuda:1')
tensor(0.8531, device='cuda:1') tensor(0.1000, device='cuda:1') tensor(0.0469, device='cuda:1')
tensor(0.7672, device='cuda:1') tensor(0.1000, device='cuda:1') tensor(0.1328, device='cuda:1')
tensor(0.8063, device='cuda:1') tensor(0.1000, device='cuda:1') tensor(0.0938, device='cuda:1')
tensor(0.8375, device='cuda:1') tensor(0.1000, device='cuda:1') tensor(0.0625, device='cuda:1')
tensor(0.8219, device='cuda:1') tensor(0.1000, device='cuda:1') tensor(0.0781, device='cuda:1')
tensor(0.8688, device='cuda:1') tensor(0.1000, device='cuda:1') tensor(0.0312, device='cuda:1')
tensor(0.8453, device='cuda:1') tensor(0.1000, device='cuda:1') tensor(0.0547, device='cuda:1')
tensor(0.8375, device='cuda:1') tensor(0.1000, device='cuda:1') tensor(0.0625, device='cuda:1')
tensor(0.8375, device='cuda:1') tensor(0.1000, device='cuda:1') tensor(0.0625, device='cuda:1')
tensor(0.8688, device='cuda:1') tensor(0.1000, device='cuda:1') tensor(0.0312, device='cuda:1')
time 3.10
error 151512.40625
30 mlp.gate_proj
Quantizing ...
tensor(0.8687, device='cuda:1') tensor(0.1000, device='cuda:1') tensor(0.0312, device='cuda:1')
tensor(0.8609, device='cuda:1') tensor(0.1000, device='cuda:1') tensor(0.0391, device='cuda:1')
tensor(0.8297, device='cuda:1') tensor(0.1000, device='cuda:1') tensor(0.0703, device='cuda:1')
tensor(0.8609, device='cuda:1') tensor(0.1000, device='cuda:1') tensor(0.0391, device='cuda:1')
tensor(0.8453, device='cuda:1') tensor(0.1000, device='cuda:1') tensor(0.0547, device='cuda:1')
tensor(0.8375, device='cuda:1') tensor(0.1000, device='cuda:1') tensor(0.0625, device='cuda:1')
tensor(0.8609, device='cuda:1') tensor(0.1000, device='cuda:1') tensor(0.0391, device='cuda:1')
tensor(0.8141, device='cuda:1') tensor(0.1000, device='cuda:1') tensor(0.0859, device='cuda:1')
tensor(0.8531, device='cuda:1') tensor(0.1000, device='cuda:1') tensor(0.0469, device='cuda:1')
tensor(0.8141, device='cuda:1') tensor(0.1000, device='cuda:1') tensor(0.0859, device='cuda:1')
tensor(0.7203, device='cuda:1') tensor(0.1000, device='cuda:1') tensor(0.1797, device='cuda:1')
tensor(0.6969, device='cuda:1') tensor(0.1000, device='cuda:1') tensor(0.2031, device='cuda:1')
tensor(0.8141, device='cuda:1') tensor(0.1000, device='cuda:1') tensor(0.0859, device='cuda:1')
tensor(0.7047, device='cuda:1') tensor(0.1000, device='cuda:1') tensor(0.1953, device='cuda:1')
tensor(0.7594, device='cuda:1') tensor(0.1000, device='cuda:1') tensor(0.1406, device='cuda:1')
tensor(0.6344, device='cuda:1') tensor(0.1000, device='cuda:1') tensor(0.2656, device='cuda:1')
tensor(0.7359, device='cuda:1') tensor(0.1000, device='cuda:1') tensor(0.1641, device='cuda:1')
tensor(0.7437, device='cuda:1') tensor(0.1000, device='cuda:1') tensor(0.1562, device='cuda:1')
tensor(0.8141, device='cuda:1') tensor(0.1000, device='cuda:1') tensor(0.0859, device='cuda:1')
tensor(0.8297, device='cuda:1') tensor(0.1000, device='cuda:1') tensor(0.0703, device='cuda:1')
time 2.55
error 1311205.0
30 mlp.up_proj
Quantizing ...
tensor(0.8766, device='cuda:1') tensor(0.1000, device='cuda:1') tensor(0.0234, device='cuda:1')
tensor(0.8531, device='cuda:1') tensor(0.1000, device='cuda:1') tensor(0.0469, device='cuda:1')
tensor(0.8375, device='cuda:1') tensor(0.1000, device='cuda:1') tensor(0.0625, device='cuda:1')
tensor(0.8609, device='cuda:1') tensor(0.1000, device='cuda:1') tensor(0.0391, device='cuda:1')
tensor(0.8062, device='cuda:1') tensor(0.1000, device='cuda:1') tensor(0.0938, device='cuda:1')
tensor(0.8297, device='cuda:1') tensor(0.1000, device='cuda:1') tensor(0.0703, device='cuda:1')
tensor(0.8219, device='cuda:1') tensor(0.1000, device='cuda:1') tensor(0.0781, device='cuda:1')
tensor(0.6891, device='cuda:1') tensor(0.1000, device='cuda:1') tensor(0.2109, device='cuda:1')
tensor(0.7906, device='cuda:1') tensor(0.1000, device='cuda:1') tensor(0.1094, device='cuda:1')
tensor(0.8297, device='cuda:1') tensor(0.1000, device='cuda:1') tensor(0.0703, device='cuda:1')
tensor(0.7047, device='cuda:1') tensor(0.1000, device='cuda:1') tensor(0.1953, device='cuda:1')
tensor(0.8141, device='cuda:1') tensor(0.1000, device='cuda:1') tensor(0.0859, device='cuda:1')
tensor(0.8141, device='cuda:1') tensor(0.1000, device='cuda:1') tensor(0.0859, device='cuda:1')
tensor(0.7750, device='cuda:1') tensor(0.1000, device='cuda:1') tensor(0.1250, device='cuda:1')
tensor(0.8062, device='cuda:1') tensor(0.1000, device='cuda:1') tensor(0.0938, device='cuda:1')
tensor(0.7203, device='cuda:1') tensor(0.1000, device='cuda:1') tensor(0.1797, device='cuda:1')
tensor(0.7359, device='cuda:1') tensor(0.1000, device='cuda:1') tensor(0.1641, device='cuda:1')
tensor(0.7750, device='cuda:1') tensor(0.1000, device='cuda:1') tensor(0.1250, device='cuda:1')
tensor(0.7672, device='cuda:1') tensor(0.1000, device='cuda:1') tensor(0.1328, device='cuda:1')
tensor(0.8375, device='cuda:1') tensor(0.1000, device='cuda:1') tensor(0.0625, device='cuda:1')
time 2.49
error 1423737.0
30 mlp.down_proj
Quantizing ...
tensor(0.7594, device='cuda:1') tensor(0.1000, device='cuda:1') tensor(0.1406, device='cuda:1')
tensor(0.8141, device='cuda:1') tensor(0.1000, device='cuda:1') tensor(0.0859, device='cuda:1')
tensor(0.8688, device='cuda:1') tensor(0.1000, device='cuda:1') tensor(0.0312, device='cuda:1')
tensor(0.7984, device='cuda:1') tensor(0.1000, device='cuda:1') tensor(0.1016, device='cuda:1')
tensor(0.7906, device='cuda:1') tensor(0.1000, device='cuda:1') tensor(0.1094, device='cuda:1')
tensor(0.8609, device='cuda:1') tensor(0.1000, device='cuda:1') tensor(0.0391, device='cuda:1')
tensor(0.8688, device='cuda:1') tensor(0.1000, device='cuda:1') tensor(0.0312, device='cuda:1')
tensor(0.7672, device='cuda:1') tensor(0.1000, device='cuda:1') tensor(0.1328, device='cuda:1')
tensor(0.8531, device='cuda:1') tensor(0.1000, device='cuda:1') tensor(0.0469, device='cuda:1')
tensor(0.8531, device='cuda:1') tensor(0.1000, device='cuda:1') tensor(0.0469, device='cuda:1')
tensor(0.8609, device='cuda:1') tensor(0.1000, device='cuda:1') tensor(0.0391, device='cuda:1')
tensor(0.8688, device='cuda:1') tensor(0.1000, device='cuda:1') tensor(0.0312, device='cuda:1')
tensor(0.8531, device='cuda:1') tensor(0.1000, device='cuda:1') tensor(0.0469, device='cuda:1')
tensor(0.8375, device='cuda:1') tensor(0.1000, device='cuda:1') tensor(0.0625, device='cuda:1')
tensor(0.8219, device='cuda:1') tensor(0.1000, device='cuda:1') tensor(0.0781, device='cuda:1')
tensor(0.8531, device='cuda:1') tensor(0.1000, device='cuda:1') tensor(0.0469, device='cuda:1')
tensor(0.8531, device='cuda:1') tensor(0.1000, device='cuda:1') tensor(0.0469, device='cuda:1')
tensor(0.8687, device='cuda:1') tensor(0.1000, device='cuda:1') tensor(0.0312, device='cuda:1')
tensor(0.8375, device='cuda:1') tensor(0.1000, device='cuda:1') tensor(0.0625, device='cuda:1')
tensor(0.8609, device='cuda:1') tensor(0.1000, device='cuda:1') tensor(0.0391, device='cuda:1')
tensor(0.7594, device='cuda:1') tensor(0.1000, device='cuda:1') tensor(0.1406, device='cuda:1')
tensor(0.8766, device='cuda:1') tensor(0.1000, device='cuda:1') tensor(0.0234, device='cuda:1')
tensor(0.8453, device='cuda:1') tensor(0.1000, device='cuda:1') tensor(0.0547, device='cuda:1')
tensor(0.7828, device='cuda:1') tensor(0.1000, device='cuda:1') tensor(0.1172, device='cuda:1')
tensor(0.8063, device='cuda:1') tensor(0.1000, device='cuda:1') tensor(0.0938, device='cuda:1')
tensor(0.7516, device='cuda:1') tensor(0.1000, device='cuda:1') tensor(0.1484, device='cuda:1')
tensor(0.8609, device='cuda:1') tensor(0.1000, device='cuda:1') tensor(0.0391, device='cuda:1')
tensor(0.8453, device='cuda:1') tensor(0.1000, device='cuda:1') tensor(0.0547, device='cuda:1')
tensor(0.7906, device='cuda:1') tensor(0.1000, device='cuda:1') tensor(0.1094, device='cuda:1')
tensor(0.8688, device='cuda:1') tensor(0.1000, device='cuda:1') tensor(0.0312, device='cuda:1')
tensor(0.8688, device='cuda:1') tensor(0.1000, device='cuda:1') tensor(0.0312, device='cuda:1')
tensor(0.8609, device='cuda:1') tensor(0.1000, device='cuda:1') tensor(0.0391, device='cuda:1')
tensor(0.7828, device='cuda:1') tensor(0.1000, device='cuda:1') tensor(0.1172, device='cuda:1')
tensor(0.8688, device='cuda:1') tensor(0.1000, device='cuda:1') tensor(0.0312, device='cuda:1')
tensor(0.8141, device='cuda:1') tensor(0.1000, device='cuda:1') tensor(0.0859, device='cuda:1')
tensor(0.8219, device='cuda:1') tensor(0.1000, device='cuda:1') tensor(0.0781, device='cuda:1')
tensor(0.8531, device='cuda:1') tensor(0.1000, device='cuda:1') tensor(0.0469, device='cuda:1')
tensor(0.8688, device='cuda:1') tensor(0.1000, device='cuda:1') tensor(0.0312, device='cuda:1')
tensor(0.8219, device='cuda:1') tensor(0.1000, device='cuda:1') tensor(0.0781, device='cuda:1')
tensor(0.8453, device='cuda:1') tensor(0.1000, device='cuda:1') tensor(0.0547, device='cuda:1')
tensor(0.8063, device='cuda:1') tensor(0.1000, device='cuda:1') tensor(0.0938, device='cuda:1')
tensor(0.8219, device='cuda:1') tensor(0.1000, device='cuda:1') tensor(0.0781, device='cuda:1')
tensor(0.8375, device='cuda:1') tensor(0.1000, device='cuda:1') tensor(0.0625, device='cuda:1')
tensor(0.8609, device='cuda:1') tensor(0.1000, device='cuda:1') tensor(0.0391, device='cuda:1')
tensor(0.8453, device='cuda:1') tensor(0.1000, device='cuda:1') tensor(0.0547, device='cuda:1')
tensor(0.8453, device='cuda:1') tensor(0.1000, device='cuda:1') tensor(0.0547, device='cuda:1')
tensor(0.8531, device='cuda:1') tensor(0.1000, device='cuda:1') tensor(0.0469, device='cuda:1')
tensor(0.8531, device='cuda:1') tensor(0.1000, device='cuda:1') tensor(0.0469, device='cuda:1')
tensor(0.8531, device='cuda:1') tensor(0.1000, device='cuda:1') tensor(0.0469, device='cuda:1')
tensor(0.8375, device='cuda:1') tensor(0.1000, device='cuda:1') tensor(0.0625, device='cuda:1')
tensor(0.8609, device='cuda:1') tensor(0.1000, device='cuda:1') tensor(0.0391, device='cuda:1')
tensor(0.7047, device='cuda:1') tensor(0.1000, device='cuda:1') tensor(0.1953, device='cuda:1')
tensor(0.8609, device='cuda:1') tensor(0.1000, device='cuda:1') tensor(0.0391, device='cuda:1')
tensor(0.8609, device='cuda:1') tensor(0.1000, device='cuda:1') tensor(0.0391, device='cuda:1')
tensor(0.8297, device='cuda:1') tensor(0.1000, device='cuda:1') tensor(0.0703, device='cuda:1')
tensor(0.8375, device='cuda:1') tensor(0.1000, device='cuda:1') tensor(0.0625, device='cuda:1')
tensor(0.8453, device='cuda:1') tensor(0.1000, device='cuda:1') tensor(0.0547, device='cuda:1')
tensor(0.8609, device='cuda:1') tensor(0.1000, device='cuda:1') tensor(0.0391, device='cuda:1')
tensor(0.8062, device='cuda:1') tensor(0.1000, device='cuda:1') tensor(0.0938, device='cuda:1')
tensor(0.7750, device='cuda:1') tensor(0.1000, device='cuda:1') tensor(0.1250, device='cuda:1')
tensor(0.8609, device='cuda:1') tensor(0.1000, device='cuda:1') tensor(0.0391, device='cuda:1')
tensor(0.8531, device='cuda:1') tensor(0.1000, device='cuda:1') tensor(0.0469, device='cuda:1')
tensor(0.8453, device='cuda:1') tensor(0.1000, device='cuda:1') tensor(0.0547, device='cuda:1')
tensor(0.8531, device='cuda:1') tensor(0.1000, device='cuda:1') tensor(0.0469, device='cuda:1')
tensor(0.7984, device='cuda:1') tensor(0.1000, device='cuda:1') tensor(0.1016, device='cuda:1')
tensor(0.8688, device='cuda:1') tensor(0.1000, device='cuda:1') tensor(0.0312, device='cuda:1')
tensor(0.8297, device='cuda:1') tensor(0.1000, device='cuda:1') tensor(0.0703, device='cuda:1')
tensor(0.8453, device='cuda:1') tensor(0.1000, device='cuda:1') tensor(0.0547, device='cuda:1')
tensor(0.8375, device='cuda:1') tensor(0.1000, device='cuda:1') tensor(0.0625, device='cuda:1')
tensor(0.8453, device='cuda:1') tensor(0.1000, device='cuda:1') tensor(0.0547, device='cuda:1')
tensor(0.8219, device='cuda:1') tensor(0.1000, device='cuda:1') tensor(0.0781, device='cuda:1')
tensor(0.8609, device='cuda:1') tensor(0.1000, device='cuda:1') tensor(0.0391, device='cuda:1')
tensor(0.8453, device='cuda:1') tensor(0.1000, device='cuda:1') tensor(0.0547, device='cuda:1')
tensor(0.8453, device='cuda:1') tensor(0.1000, device='cuda:1') tensor(0.0547, device='cuda:1')
tensor(0.8688, device='cuda:1') tensor(0.1000, device='cuda:1') tensor(0.0312, device='cuda:1')
tensor(0.8609, device='cuda:1') tensor(0.1000, device='cuda:1') tensor(0.0391, device='cuda:1')
time 7.40
error 452820.25
31 self_attn.q_proj
Quantizing ...
tensor(0.6812, device='cuda:1') tensor(0.1000, device='cuda:1') tensor(0.2188, device='cuda:1')
tensor(0.8453, device='cuda:1') tensor(0.1000, device='cuda:1') tensor(0.0547, device='cuda:1')
tensor(0.8687, device='cuda:1') tensor(0.1000, device='cuda:1') tensor(0.0312, device='cuda:1')
tensor(0.7906, device='cuda:1') tensor(0.1000, device='cuda:1') tensor(0.1094, device='cuda:1')
tensor(0.8219, device='cuda:1') tensor(0.1000, device='cuda:1') tensor(0.0781, device='cuda:1')
tensor(0.8687, device='cuda:1') tensor(0.1000, device='cuda:1') tensor(0.0312, device='cuda:1')
tensor(0.8609, device='cuda:1') tensor(0.1000, device='cuda:1') tensor(0.0391, device='cuda:1')
tensor(0.5172, device='cuda:1') tensor(0.1000, device='cuda:1') tensor(0.3828, device='cuda:1')
tensor(0.7828, device='cuda:1') tensor(0.1000, device='cuda:1') tensor(0.1172, device='cuda:1')
tensor(0.8453, device='cuda:1') tensor(0.1000, device='cuda:1') tensor(0.0547, device='cuda:1')
tensor(0.7906, device='cuda:1') tensor(0.1000, device='cuda:1') tensor(0.1094, device='cuda:1')
tensor(0.7047, device='cuda:1') tensor(0.1000, device='cuda:1') tensor(0.1953, device='cuda:1')
tensor(0.7984, device='cuda:1') tensor(0.1000, device='cuda:1') tensor(0.1016, device='cuda:1')
tensor(0.7437, device='cuda:1') tensor(0.1000, device='cuda:1') tensor(0.1562, device='cuda:1')
tensor(0.8062, device='cuda:1') tensor(0.1000, device='cuda:1') tensor(0.0938, device='cuda:1')
tensor(0.7516, device='cuda:1') tensor(0.1000, device='cuda:1') tensor(0.1484, device='cuda:1')
tensor(0.8297, device='cuda:1') tensor(0.1000, device='cuda:1') tensor(0.0703, device='cuda:1')
tensor(0.7672, device='cuda:1') tensor(0.1000, device='cuda:1') tensor(0.1328, device='cuda:1')
tensor(0.7984, device='cuda:1') tensor(0.1000, device='cuda:1') tensor(0.1016, device='cuda:1')
tensor(0.8219, device='cuda:1') tensor(0.1000, device='cuda:1') tensor(0.0781, device='cuda:1')
time 2.14
error 2873747.5
31 self_attn.k_proj
Quantizing ...
tensor(0.6422, device='cuda:1') tensor(0.1000, device='cuda:1') tensor(0.2578, device='cuda:1')
tensor(0.7359, device='cuda:1') tensor(0.1000, device='cuda:1') tensor(0.1641, device='cuda:1')
tensor(0.8609, device='cuda:1') tensor(0.1000, device='cuda:1') tensor(0.0391, device='cuda:1')
tensor(0.7828, device='cuda:1') tensor(0.1000, device='cuda:1') tensor(0.1172, device='cuda:1')
tensor(0.7906, device='cuda:1') tensor(0.1000, device='cuda:1') tensor(0.1094, device='cuda:1')
tensor(0.8609, device='cuda:1') tensor(0.1000, device='cuda:1') tensor(0.0391, device='cuda:1')
tensor(0.8609, device='cuda:1') tensor(0.1000, device='cuda:1') tensor(0.0391, device='cuda:1')
tensor(0.7281, device='cuda:1') tensor(0.1000, device='cuda:1') tensor(0.1719, device='cuda:1')
tensor(0.8531, device='cuda:1') tensor(0.1000, device='cuda:1') tensor(0.0469, device='cuda:1')
tensor(0.5172, device='cuda:1') tensor(0.1000, device='cuda:1') tensor(0.3828, device='cuda:1')
tensor(0.7047, device='cuda:1') tensor(0.1000, device='cuda:1') tensor(0.1953, device='cuda:1')
tensor(0.8062, device='cuda:1') tensor(0.1000, device='cuda:1') tensor(0.0938, device='cuda:1')
tensor(0.8297, device='cuda:1') tensor(0.1000, device='cuda:1') tensor(0.0703, device='cuda:1')
tensor(0.7125, device='cuda:1') tensor(0.1000, device='cuda:1') tensor(0.1875, device='cuda:1')
tensor(0.6109, device='cuda:1') tensor(0.1000, device='cuda:1') tensor(0.2891, device='cuda:1')
tensor(0.8062, device='cuda:1') tensor(0.1000, device='cuda:1') tensor(0.0938, device='cuda:1')
tensor(0.7281, device='cuda:1') tensor(0.1000, device='cuda:1') tensor(0.1719, device='cuda:1')
tensor(0.5797, device='cuda:1') tensor(0.1000, device='cuda:1') tensor(0.3203, device='cuda:1')
tensor(0.7672, device='cuda:1') tensor(0.1000, device='cuda:1') tensor(0.1328, device='cuda:1')
tensor(0.8453, device='cuda:1') tensor(0.1000, device='cuda:1') tensor(0.0547, device='cuda:1')
time 1.84
error 718824.9375
31 self_attn.v_proj
Quantizing ...
tensor(0.6812, device='cuda:1') tensor(0.1000, device='cuda:1') tensor(0.2188, device='cuda:1')
tensor(0.5172, device='cuda:1') tensor(0.1000, device='cuda:1') tensor(0.3828, device='cuda:1')
tensor(0.7125, device='cuda:1') tensor(0.1000, device='cuda:1') tensor(0.1875, device='cuda:1')
tensor(0.7906, device='cuda:1') tensor(0.1000, device='cuda:1') tensor(0.1094, device='cuda:1')
tensor(0.5250, device='cuda:1') tensor(0.1000, device='cuda:1') tensor(0.3750, device='cuda:1')
tensor(0.5250, device='cuda:1') tensor(0.1000, device='cuda:1') tensor(0.3750, device='cuda:1')
tensor(0.8297, device='cuda:1') tensor(0.1000, device='cuda:1') tensor(0.0703, device='cuda:1')
tensor(0.5250, device='cuda:1') tensor(0.1000, device='cuda:1') tensor(0.3750, device='cuda:1')
tensor(0.7672, device='cuda:1') tensor(0.1000, device='cuda:1') tensor(0.1328, device='cuda:1')
tensor(0.7594, device='cuda:1') tensor(0.1000, device='cuda:1') tensor(0.1406, device='cuda:1')
tensor(0.7437, device='cuda:1') tensor(0.1000, device='cuda:1') tensor(0.1562, device='cuda:1')
tensor(0.7047, device='cuda:1') tensor(0.1000, device='cuda:1') tensor(0.1953, device='cuda:1')
tensor(0.7437, device='cuda:1') tensor(0.1000, device='cuda:1') tensor(0.1562, device='cuda:1')
tensor(0.6109, device='cuda:1') tensor(0.1000, device='cuda:1') tensor(0.2891, device='cuda:1')
tensor(0.8062, device='cuda:1') tensor(0.1000, device='cuda:1') tensor(0.0938, device='cuda:1')
tensor(0.7359, device='cuda:1') tensor(0.1000, device='cuda:1') tensor(0.1641, device='cuda:1')
tensor(0.7437, device='cuda:1') tensor(0.1000, device='cuda:1') tensor(0.1562, device='cuda:1')
tensor(0.5875, device='cuda:1') tensor(0.1000, device='cuda:1') tensor(0.3125, device='cuda:1')
tensor(0.8297, device='cuda:1') tensor(0.1000, device='cuda:1') tensor(0.0703, device='cuda:1')
tensor(0.7594, device='cuda:1') tensor(0.1000, device='cuda:1') tensor(0.1406, device='cuda:1')
time 1.77
error 938310.125
31 self_attn.o_proj
Quantizing ...
tensor(0.8140, device='cuda:1') tensor(0.1000, device='cuda:1') tensor(0.0859, device='cuda:1')
tensor(0.7672, device='cuda:1') tensor(0.1000, device='cuda:1') tensor(0.1328, device='cuda:1')
tensor(0.7594, device='cuda:1') tensor(0.1000, device='cuda:1') tensor(0.1406, device='cuda:1')
tensor(0.8453, device='cuda:1') tensor(0.1000, device='cuda:1') tensor(0.0547, device='cuda:1')
tensor(0.7984, device='cuda:1') tensor(0.1000, device='cuda:1') tensor(0.1016, device='cuda:1')
tensor(0.6734, device='cuda:1') tensor(0.1000, device='cuda:1') tensor(0.2266, device='cuda:1')
tensor(0.7516, device='cuda:1') tensor(0.1000, device='cuda:1') tensor(0.1484, device='cuda:1')
tensor(0.7984, device='cuda:1') tensor(0.1000, device='cuda:1') tensor(0.1016, device='cuda:1')
tensor(0.8141, device='cuda:1') tensor(0.1000, device='cuda:1') tensor(0.0859, device='cuda:1')
tensor(0.8141, device='cuda:1') tensor(0.1000, device='cuda:1') tensor(0.0859, device='cuda:1')
tensor(0.7047, device='cuda:1') tensor(0.1000, device='cuda:1') tensor(0.1953, device='cuda:1')
tensor(0.7984, device='cuda:1') tensor(0.1000, device='cuda:1') tensor(0.1016, device='cuda:1')
tensor(0.7281, device='cuda:1') tensor(0.1000, device='cuda:1') tensor(0.1719, device='cuda:1')
tensor(0.8219, device='cuda:1') tensor(0.1000, device='cuda:1') tensor(0.0781, device='cuda:1')
tensor(0.8531, device='cuda:1') tensor(0.1000, device='cuda:1') tensor(0.0469, device='cuda:1')
tensor(0.7984, device='cuda:1') tensor(0.1000, device='cuda:1') tensor(0.1016, device='cuda:1')
tensor(0.8141, device='cuda:1') tensor(0.1000, device='cuda:1') tensor(0.0859, device='cuda:1')
tensor(0.8219, device='cuda:1') tensor(0.1000, device='cuda:1') tensor(0.0781, device='cuda:1')
tensor(0.6031, device='cuda:1') tensor(0.1000, device='cuda:1') tensor(0.2969, device='cuda:1')
tensor(0.8766, device='cuda:1') tensor(0.1000, device='cuda:1') tensor(0.0234, device='cuda:1')
tensor(0.8141, device='cuda:1') tensor(0.1000, device='cuda:1') tensor(0.0859, device='cuda:1')
tensor(0.8609, device='cuda:1') tensor(0.1000, device='cuda:1') tensor(0.0391, device='cuda:1')
tensor(0.7828, device='cuda:1') tensor(0.1000, device='cuda:1') tensor(0.1172, device='cuda:1')
tensor(0.8453, device='cuda:1') tensor(0.1000, device='cuda:1') tensor(0.0547, device='cuda:1')
tensor(0.8766, device='cuda:1') tensor(0.1000, device='cuda:1') tensor(0.0234, device='cuda:1')
tensor(0.8531, device='cuda:1') tensor(0.1000, device='cuda:1') tensor(0.0469, device='cuda:1')
tensor(0.8531, device='cuda:1') tensor(0.1000, device='cuda:1') tensor(0.0469, device='cuda:1')
tensor(0.8609, device='cuda:1') tensor(0.1000, device='cuda:1') tensor(0.0391, device='cuda:1')
tensor(0.5172, device='cuda:1') tensor(0.1000, device='cuda:1') tensor(0.3828, device='cuda:1')
tensor(0.8609, device='cuda:1') tensor(0.1000, device='cuda:1') tensor(0.0391, device='cuda:1')
tensor(0.8609, device='cuda:1') tensor(0.1000, device='cuda:1') tensor(0.0391, device='cuda:1')
tensor(0.8688, device='cuda:1') tensor(0.1000, device='cuda:1') tensor(0.0312, device='cuda:1')
time 3.08
error 234091.5
31 mlp.gate_proj
Quantizing ...
tensor(0.8609, device='cuda:1') tensor(0.1000, device='cuda:1') tensor(0.0391, device='cuda:1')
tensor(0.7828, device='cuda:1') tensor(0.1000, device='cuda:1') tensor(0.1172, device='cuda:1')
tensor(0.8219, device='cuda:1') tensor(0.1000, device='cuda:1') tensor(0.0781, device='cuda:1')
tensor(0.8609, device='cuda:1') tensor(0.1000, device='cuda:1') tensor(0.0391, device='cuda:1')
tensor(0.8297, device='cuda:1') tensor(0.1000, device='cuda:1') tensor(0.0703, device='cuda:1')
tensor(0.8531, device='cuda:1') tensor(0.1000, device='cuda:1') tensor(0.0469, device='cuda:1')
tensor(0.8609, device='cuda:1') tensor(0.1000, device='cuda:1') tensor(0.0391, device='cuda:1')
tensor(0.6422, device='cuda:1') tensor(0.1000, device='cuda:1') tensor(0.2578, device='cuda:1')
tensor(0.8531, device='cuda:1') tensor(0.1000, device='cuda:1') tensor(0.0469, device='cuda:1')
tensor(0.8062, device='cuda:1') tensor(0.1000, device='cuda:1') tensor(0.0938, device='cuda:1')
tensor(0.7125, device='cuda:1') tensor(0.1000, device='cuda:1') tensor(0.1875, device='cuda:1')
tensor(0.8375, device='cuda:1') tensor(0.1000, device='cuda:1') tensor(0.0625, device='cuda:1')
tensor(0.5719, device='cuda:1') tensor(0.1000, device='cuda:1') tensor(0.3281, device='cuda:1')
tensor(0.6891, device='cuda:1') tensor(0.1000, device='cuda:1') tensor(0.2109, device='cuda:1')
tensor(0.7125, device='cuda:1') tensor(0.1000, device='cuda:1') tensor(0.1875, device='cuda:1')
tensor(0.7906, device='cuda:1') tensor(0.1000, device='cuda:1') tensor(0.1094, device='cuda:1')
tensor(0.7359, device='cuda:1') tensor(0.1000, device='cuda:1') tensor(0.1641, device='cuda:1')
tensor(0.7281, device='cuda:1') tensor(0.1000, device='cuda:1') tensor(0.1719, device='cuda:1')
tensor(0.7828, device='cuda:1') tensor(0.1000, device='cuda:1') tensor(0.1172, device='cuda:1')
tensor(0.8531, device='cuda:1') tensor(0.1000, device='cuda:1') tensor(0.0469, device='cuda:1')
time 2.43
error 1206448.875
31 mlp.up_proj
Quantizing ...
tensor(0.8687, device='cuda:1') tensor(0.1000, device='cuda:1') tensor(0.0312, device='cuda:1')
tensor(0.8687, device='cuda:1') tensor(0.1000, device='cuda:1') tensor(0.0312, device='cuda:1')
tensor(0.8219, device='cuda:1') tensor(0.1000, device='cuda:1') tensor(0.0781, device='cuda:1')
tensor(0.8609, device='cuda:1') tensor(0.1000, device='cuda:1') tensor(0.0391, device='cuda:1')
tensor(0.8297, device='cuda:1') tensor(0.1000, device='cuda:1') tensor(0.0703, device='cuda:1')
tensor(0.8431, device='cuda:1') tensor(0.1100, device='cuda:1') tensor(0.0469, device='cuda:1')
tensor(0.8509, device='cuda:1') tensor(0.1100, device='cuda:1') tensor(0.0391, device='cuda:1')
tensor(0.5250, device='cuda:1') tensor(0.1000, device='cuda:1') tensor(0.3750, device='cuda:1')
tensor(0.8453, device='cuda:1') tensor(0.1000, device='cuda:1') tensor(0.0547, device='cuda:1')
tensor(0.8062, device='cuda:1') tensor(0.1000, device='cuda:1') tensor(0.0938, device='cuda:1')
tensor(0.7281, device='cuda:1') tensor(0.1000, device='cuda:1') tensor(0.1719, device='cuda:1')
tensor(0.8297, device='cuda:1') tensor(0.1000, device='cuda:1') tensor(0.0703, device='cuda:1')
tensor(0.6891, device='cuda:1') tensor(0.1000, device='cuda:1') tensor(0.2109, device='cuda:1')
tensor(0.7750, device='cuda:1') tensor(0.1000, device='cuda:1') tensor(0.1250, device='cuda:1')
tensor(0.7516, device='cuda:1') tensor(0.1000, device='cuda:1') tensor(0.1484, device='cuda:1')
tensor(0.7281, device='cuda:1') tensor(0.1000, device='cuda:1') tensor(0.1719, device='cuda:1')
tensor(0.7203, device='cuda:1') tensor(0.1000, device='cuda:1') tensor(0.1797, device='cuda:1')
tensor(0.7828, device='cuda:1') tensor(0.1000, device='cuda:1') tensor(0.1172, device='cuda:1')
tensor(0.8219, device='cuda:1') tensor(0.1000, device='cuda:1') tensor(0.0781, device='cuda:1')
tensor(0.8375, device='cuda:1') tensor(0.1000, device='cuda:1') tensor(0.0625, device='cuda:1')
time 2.53
error 1369765.25
31 mlp.down_proj
Quantizing ...
tensor(0.8687, device='cuda:1') tensor(0.1000, device='cuda:1') tensor(0.0312, device='cuda:1')
tensor(0.8609, device='cuda:1') tensor(0.1000, device='cuda:1') tensor(0.0391, device='cuda:1')
tensor(0.8531, device='cuda:1') tensor(0.1000, device='cuda:1') tensor(0.0469, device='cuda:1')
tensor(0.8531, device='cuda:1') tensor(0.1000, device='cuda:1') tensor(0.0469, device='cuda:1')
tensor(0.7594, device='cuda:1') tensor(0.1000, device='cuda:1') tensor(0.1406, device='cuda:1')
tensor(0.8141, device='cuda:1') tensor(0.1000, device='cuda:1') tensor(0.0859, device='cuda:1')
tensor(0.7750, device='cuda:1') tensor(0.1000, device='cuda:1') tensor(0.1250, device='cuda:1')
tensor(0.8453, device='cuda:1') tensor(0.1000, device='cuda:1') tensor(0.0547, device='cuda:1')
tensor(0.8297, device='cuda:1') tensor(0.1000, device='cuda:1') tensor(0.0703, device='cuda:1')
tensor(0.8609, device='cuda:1') tensor(0.1000, device='cuda:1') tensor(0.0391, device='cuda:1')
tensor(0.8609, device='cuda:1') tensor(0.1000, device='cuda:1') tensor(0.0391, device='cuda:1')
tensor(0.8531, device='cuda:1') tensor(0.1000, device='cuda:1') tensor(0.0469, device='cuda:1')
tensor(0.8766, device='cuda:1') tensor(0.1000, device='cuda:1') tensor(0.0234, device='cuda:1')
tensor(0.7984, device='cuda:1') tensor(0.1000, device='cuda:1') tensor(0.1016, device='cuda:1')
tensor(0.8609, device='cuda:1') tensor(0.1000, device='cuda:1') tensor(0.0391, device='cuda:1')
tensor(0.8609, device='cuda:1') tensor(0.1000, device='cuda:1') tensor(0.0391, device='cuda:1')
tensor(0.8531, device='cuda:1') tensor(0.1000, device='cuda:1') tensor(0.0469, device='cuda:1')
tensor(0.8141, device='cuda:1') tensor(0.1000, device='cuda:1') tensor(0.0859, device='cuda:1')
tensor(0.8531, device='cuda:1') tensor(0.1000, device='cuda:1') tensor(0.0469, device='cuda:1')
tensor(0.8531, device='cuda:1') tensor(0.1000, device='cuda:1') tensor(0.0469, device='cuda:1')
tensor(0.8609, device='cuda:1') tensor(0.1000, device='cuda:1') tensor(0.0391, device='cuda:1')
tensor(0.8688, device='cuda:1') tensor(0.1000, device='cuda:1') tensor(0.0312, device='cuda:1')
tensor(0.7750, device='cuda:1') tensor(0.1000, device='cuda:1') tensor(0.1250, device='cuda:1')
tensor(0.8453, device='cuda:1') tensor(0.1000, device='cuda:1') tensor(0.0547, device='cuda:1')
tensor(0.8297, device='cuda:1') tensor(0.1000, device='cuda:1') tensor(0.0703, device='cuda:1')
tensor(0.8766, device='cuda:1') tensor(0.1000, device='cuda:1') tensor(0.0234, device='cuda:1')
tensor(0.8453, device='cuda:1') tensor(0.1000, device='cuda:1') tensor(0.0547, device='cuda:1')
tensor(0.8609, device='cuda:1') tensor(0.1000, device='cuda:1') tensor(0.0391, device='cuda:1')
tensor(0.8297, device='cuda:1') tensor(0.1000, device='cuda:1') tensor(0.0703, device='cuda:1')
tensor(0.8688, device='cuda:1') tensor(0.1000, device='cuda:1') tensor(0.0312, device='cuda:1')
tensor(0.8453, device='cuda:1') tensor(0.1000, device='cuda:1') tensor(0.0547, device='cuda:1')
tensor(0.8609, device='cuda:1') tensor(0.1000, device='cuda:1') tensor(0.0391, device='cuda:1')
tensor(0.8531, device='cuda:1') tensor(0.1000, device='cuda:1') tensor(0.0469, device='cuda:1')
tensor(0.8219, device='cuda:1') tensor(0.1000, device='cuda:1') tensor(0.0781, device='cuda:1')
tensor(0.8688, device='cuda:1') tensor(0.1000, device='cuda:1') tensor(0.0312, device='cuda:1')
tensor(0.8688, device='cuda:1') tensor(0.1000, device='cuda:1') tensor(0.0312, device='cuda:1')
tensor(0.8219, device='cuda:1') tensor(0.1000, device='cuda:1') tensor(0.0781, device='cuda:1')
tensor(0.8609, device='cuda:1') tensor(0.1000, device='cuda:1') tensor(0.0391, device='cuda:1')
tensor(0.8609, device='cuda:1') tensor(0.1000, device='cuda:1') tensor(0.0391, device='cuda:1')
tensor(0.7594, device='cuda:1') tensor(0.1000, device='cuda:1') tensor(0.1406, device='cuda:1')
tensor(0.8219, device='cuda:1') tensor(0.1000, device='cuda:1') tensor(0.0781, device='cuda:1')
tensor(0.8688, device='cuda:1') tensor(0.1000, device='cuda:1') tensor(0.0312, device='cuda:1')
tensor(0.8609, device='cuda:1') tensor(0.1000, device='cuda:1') tensor(0.0391, device='cuda:1')
tensor(0.8609, device='cuda:1') tensor(0.1000, device='cuda:1') tensor(0.0391, device='cuda:1')
tensor(0.8375, device='cuda:1') tensor(0.1000, device='cuda:1') tensor(0.0625, device='cuda:1')
tensor(0.7906, device='cuda:1') tensor(0.1000, device='cuda:1') tensor(0.1094, device='cuda:1')
tensor(0.8219, device='cuda:1') tensor(0.1000, device='cuda:1') tensor(0.0781, device='cuda:1')
tensor(0.7594, device='cuda:1') tensor(0.1000, device='cuda:1') tensor(0.1406, device='cuda:1')
tensor(0.7984, device='cuda:1') tensor(0.1000, device='cuda:1') tensor(0.1016, device='cuda:1')
tensor(0.8141, device='cuda:1') tensor(0.1000, device='cuda:1') tensor(0.0859, device='cuda:1')
tensor(0.8297, device='cuda:1') tensor(0.1000, device='cuda:1') tensor(0.0703, device='cuda:1')
tensor(0.7750, device='cuda:1') tensor(0.1000, device='cuda:1') tensor(0.1250, device='cuda:1')
tensor(0.8688, device='cuda:1') tensor(0.1000, device='cuda:1') tensor(0.0312, device='cuda:1')
tensor(0.8688, device='cuda:1') tensor(0.1000, device='cuda:1') tensor(0.0312, device='cuda:1')
tensor(0.8766, device='cuda:1') tensor(0.1000, device='cuda:1') tensor(0.0234, device='cuda:1')
tensor(0.8688, device='cuda:1') tensor(0.1000, device='cuda:1') tensor(0.0312, device='cuda:1')
tensor(0.8609, device='cuda:1') tensor(0.1000, device='cuda:1') tensor(0.0391, device='cuda:1')
tensor(0.8609, device='cuda:1') tensor(0.1000, device='cuda:1') tensor(0.0391, device='cuda:1')
tensor(0.8375, device='cuda:1') tensor(0.1000, device='cuda:1') tensor(0.0625, device='cuda:1')
tensor(0.8297, device='cuda:1') tensor(0.1000, device='cuda:1') tensor(0.0703, device='cuda:1')
tensor(0.8688, device='cuda:1') tensor(0.1000, device='cuda:1') tensor(0.0312, device='cuda:1')
tensor(0.8609, device='cuda:1') tensor(0.1000, device='cuda:1') tensor(0.0391, device='cuda:1')
tensor(0.8688, device='cuda:1') tensor(0.1000, device='cuda:1') tensor(0.0312, device='cuda:1')
tensor(0.8453, device='cuda:1') tensor(0.1000, device='cuda:1') tensor(0.0547, device='cuda:1')
tensor(0.8453, device='cuda:1') tensor(0.1000, device='cuda:1') tensor(0.0547, device='cuda:1')
tensor(0.8063, device='cuda:1') tensor(0.1000, device='cuda:1') tensor(0.0938, device='cuda:1')
tensor(0.8531, device='cuda:1') tensor(0.1000, device='cuda:1') tensor(0.0469, device='cuda:1')
tensor(0.8531, device='cuda:1') tensor(0.1000, device='cuda:1') tensor(0.0469, device='cuda:1')
tensor(0.8453, device='cuda:1') tensor(0.1000, device='cuda:1') tensor(0.0547, device='cuda:1')
tensor(0.8609, device='cuda:1') tensor(0.1000, device='cuda:1') tensor(0.0391, device='cuda:1')
tensor(0.8063, device='cuda:1') tensor(0.1000, device='cuda:1') tensor(0.0938, device='cuda:1')
tensor(0.7906, device='cuda:1') tensor(0.1000, device='cuda:1') tensor(0.1094, device='cuda:1')
tensor(0.8688, device='cuda:1') tensor(0.1000, device='cuda:1') tensor(0.0312, device='cuda:1')
tensor(0.8609, device='cuda:1') tensor(0.1000, device='cuda:1') tensor(0.0391, device='cuda:1')
tensor(0.8609, device='cuda:1') tensor(0.1000, device='cuda:1') tensor(0.0391, device='cuda:1')
tensor(0.8297, device='cuda:1') tensor(0.1000, device='cuda:1') tensor(0.0703, device='cuda:1')
time 7.28
error 531154.5
32 self_attn.q_proj
Quantizing ...
tensor(0.6891, device='cuda:1') tensor(0.1000, device='cuda:1') tensor(0.2109, device='cuda:1')
tensor(0.8375, device='cuda:1') tensor(0.1000, device='cuda:1') tensor(0.0625, device='cuda:1')
tensor(0.8687, device='cuda:1') tensor(0.1000, device='cuda:1') tensor(0.0312, device='cuda:1')
tensor(0.8375, device='cuda:1') tensor(0.1000, device='cuda:1') tensor(0.0625, device='cuda:1')
tensor(0.8219, device='cuda:1') tensor(0.1000, device='cuda:1') tensor(0.0781, device='cuda:1')
tensor(0.8453, device='cuda:1') tensor(0.1000, device='cuda:1') tensor(0.0547, device='cuda:1')
tensor(0.8531, device='cuda:1') tensor(0.1000, device='cuda:1') tensor(0.0469, device='cuda:1')
tensor(0.7594, device='cuda:1') tensor(0.1000, device='cuda:1') tensor(0.1406, device='cuda:1')
tensor(0.7672, device='cuda:1') tensor(0.1000, device='cuda:1') tensor(0.1328, device='cuda:1')
tensor(0.8375, device='cuda:1') tensor(0.1000, device='cuda:1') tensor(0.0625, device='cuda:1')
tensor(0.8297, device='cuda:1') tensor(0.1000, device='cuda:1') tensor(0.0703, device='cuda:1')
tensor(0.8375, device='cuda:1') tensor(0.1000, device='cuda:1') tensor(0.0625, device='cuda:1')
tensor(0.7828, device='cuda:1') tensor(0.1000, device='cuda:1') tensor(0.1172, device='cuda:1')
tensor(0.7125, device='cuda:1') tensor(0.1000, device='cuda:1') tensor(0.1875, device='cuda:1')
tensor(0.5719, device='cuda:1') tensor(0.1000, device='cuda:1') tensor(0.3281, device='cuda:1')
tensor(0.7750, device='cuda:1') tensor(0.1000, device='cuda:1') tensor(0.1250, device='cuda:1')
tensor(0.8219, device='cuda:1') tensor(0.1000, device='cuda:1') tensor(0.0781, device='cuda:1')
tensor(0.5406, device='cuda:1') tensor(0.1000, device='cuda:1') tensor(0.3594, device='cuda:1')
tensor(0.8219, device='cuda:1') tensor(0.1000, device='cuda:1') tensor(0.0781, device='cuda:1')
tensor(0.8453, device='cuda:1') tensor(0.1000, device='cuda:1') tensor(0.0547, device='cuda:1')
time 2.24
error 3929696.0
32 self_attn.k_proj
Quantizing ...
tensor(0.6578, device='cuda:1') tensor(0.1000, device='cuda:1') tensor(0.2422, device='cuda:1')
tensor(0.8609, device='cuda:1') tensor(0.1000, device='cuda:1') tensor(0.0391, device='cuda:1')
tensor(0.7516, device='cuda:1') tensor(0.1000, device='cuda:1') tensor(0.1484, device='cuda:1')
tensor(0.8141, device='cuda:1') tensor(0.1000, device='cuda:1') tensor(0.0859, device='cuda:1')
tensor(0.8062, device='cuda:1') tensor(0.1000, device='cuda:1') tensor(0.0938, device='cuda:1')
tensor(0.7281, device='cuda:1') tensor(0.1000, device='cuda:1') tensor(0.1719, device='cuda:1')
tensor(0.8453, device='cuda:1') tensor(0.1000, device='cuda:1') tensor(0.0547, device='cuda:1')
tensor(0.6812, device='cuda:1') tensor(0.1000, device='cuda:1') tensor(0.2188, device='cuda:1')
tensor(0.8375, device='cuda:1') tensor(0.1000, device='cuda:1') tensor(0.0625, device='cuda:1')
tensor(0.7203, device='cuda:1') tensor(0.1000, device='cuda:1') tensor(0.1797, device='cuda:1')
tensor(0.7828, device='cuda:1') tensor(0.1000, device='cuda:1') tensor(0.1172, device='cuda:1')
tensor(0.8375, device='cuda:1') tensor(0.1000, device='cuda:1') tensor(0.0625, device='cuda:1')
tensor(0.7359, device='cuda:1') tensor(0.1000, device='cuda:1') tensor(0.1641, device='cuda:1')
tensor(0.6734, device='cuda:1') tensor(0.1000, device='cuda:1') tensor(0.2266, device='cuda:1')
tensor(0.5172, device='cuda:1') tensor(0.1000, device='cuda:1') tensor(0.3828, device='cuda:1')
tensor(0.7516, device='cuda:1') tensor(0.1000, device='cuda:1') tensor(0.1484, device='cuda:1')
tensor(0.7828, device='cuda:1') tensor(0.1000, device='cuda:1') tensor(0.1172, device='cuda:1')
tensor(0.6734, device='cuda:1') tensor(0.1000, device='cuda:1') tensor(0.2266, device='cuda:1')
tensor(0.6500, device='cuda:1') tensor(0.1000, device='cuda:1') tensor(0.2500, device='cuda:1')
tensor(0.8609, device='cuda:1') tensor(0.1000, device='cuda:1') tensor(0.0391, device='cuda:1')
time 1.89
error 933874.375
32 self_attn.v_proj
Quantizing ...
tensor(0.6890, device='cuda:1') tensor(0.1000, device='cuda:1') tensor(0.2109, device='cuda:1')
tensor(0.5172, device='cuda:1') tensor(0.1000, device='cuda:1') tensor(0.3828, device='cuda:1')
tensor(0.7281, device='cuda:1') tensor(0.1000, device='cuda:1') tensor(0.1719, device='cuda:1')
tensor(0.7828, device='cuda:1') tensor(0.1000, device='cuda:1') tensor(0.1172, device='cuda:1')
tensor(0.5406, device='cuda:1') tensor(0.1000, device='cuda:1') tensor(0.3594, device='cuda:1')
tensor(0.5172, device='cuda:1') tensor(0.1000, device='cuda:1') tensor(0.3828, device='cuda:1')
tensor(0.8531, device='cuda:1') tensor(0.1000, device='cuda:1') tensor(0.0469, device='cuda:1')
tensor(0.8062, device='cuda:1') tensor(0.1000, device='cuda:1') tensor(0.0938, device='cuda:1')
tensor(0.7984, device='cuda:1') tensor(0.1000, device='cuda:1') tensor(0.1016, device='cuda:1')
tensor(0.8509, device='cuda:1') tensor(0.1100, device='cuda:1') tensor(0.0391, device='cuda:1')
tensor(0.7984, device='cuda:1') tensor(0.1000, device='cuda:1') tensor(0.1016, device='cuda:1')
tensor(0.6422, device='cuda:1') tensor(0.1000, device='cuda:1') tensor(0.2578, device='cuda:1')
tensor(0.7281, device='cuda:1') tensor(0.1000, device='cuda:1') tensor(0.1719, device='cuda:1')
tensor(0.6422, device='cuda:1') tensor(0.1000, device='cuda:1') tensor(0.2578, device='cuda:1')
tensor(0.8141, device='cuda:1') tensor(0.1000, device='cuda:1') tensor(0.0859, device='cuda:1')
tensor(0.8062, device='cuda:1') tensor(0.1000, device='cuda:1') tensor(0.0938, device='cuda:1')
tensor(0.7750, device='cuda:1') tensor(0.1000, device='cuda:1') tensor(0.1250, device='cuda:1')
tensor(0.6734, device='cuda:1') tensor(0.1000, device='cuda:1') tensor(0.2266, device='cuda:1')
tensor(0.6187, device='cuda:1') tensor(0.1000, device='cuda:1') tensor(0.2812, device='cuda:1')
tensor(0.8219, device='cuda:1') tensor(0.1000, device='cuda:1') tensor(0.0781, device='cuda:1')
time 1.84
error 1359241.25
32 self_attn.o_proj
Quantizing ...
tensor(0.7984, device='cuda:1') tensor(0.1000, device='cuda:1') tensor(0.1016, device='cuda:1')
tensor(0.8297, device='cuda:1') tensor(0.1000, device='cuda:1') tensor(0.0703, device='cuda:1')
tensor(0.8453, device='cuda:1') tensor(0.1000, device='cuda:1') tensor(0.0547, device='cuda:1')
tensor(0.6969, device='cuda:1') tensor(0.1000, device='cuda:1') tensor(0.2031, device='cuda:1')
tensor(0.8063, device='cuda:1') tensor(0.1000, device='cuda:1') tensor(0.0938, device='cuda:1')
tensor(0.7984, device='cuda:1') tensor(0.1000, device='cuda:1') tensor(0.1016, device='cuda:1')
tensor(0.7359, device='cuda:1') tensor(0.1000, device='cuda:1') tensor(0.1641, device='cuda:1')
tensor(0.6656, device='cuda:1') tensor(0.1000, device='cuda:1') tensor(0.2344, device='cuda:1')
tensor(0.6266, device='cuda:1') tensor(0.1000, device='cuda:1') tensor(0.2734, device='cuda:1')
tensor(0.8453, device='cuda:1') tensor(0.1000, device='cuda:1') tensor(0.0547, device='cuda:1')
tensor(0.7203, device='cuda:1') tensor(0.1000, device='cuda:1') tensor(0.1797, device='cuda:1')
tensor(0.8609, device='cuda:1') tensor(0.1000, device='cuda:1') tensor(0.0391, device='cuda:1')
tensor(0.8141, device='cuda:1') tensor(0.1000, device='cuda:1') tensor(0.0859, device='cuda:1')
tensor(0.8375, device='cuda:1') tensor(0.1000, device='cuda:1') tensor(0.0625, device='cuda:1')
tensor(0.8141, device='cuda:1') tensor(0.1000, device='cuda:1') tensor(0.0859, device='cuda:1')
tensor(0.7750, device='cuda:1') tensor(0.1000, device='cuda:1') tensor(0.1250, device='cuda:1')
tensor(0.8609, device='cuda:1') tensor(0.1000, device='cuda:1') tensor(0.0391, device='cuda:1')
tensor(0.8141, device='cuda:1') tensor(0.1000, device='cuda:1') tensor(0.0859, device='cuda:1')
tensor(0.8609, device='cuda:1') tensor(0.1000, device='cuda:1') tensor(0.0391, device='cuda:1')
tensor(0.7828, device='cuda:1') tensor(0.1000, device='cuda:1') tensor(0.1172, device='cuda:1')
tensor(0.8531, device='cuda:1') tensor(0.1000, device='cuda:1') tensor(0.0469, device='cuda:1')
tensor(0.8063, device='cuda:1') tensor(0.1000, device='cuda:1') tensor(0.0938, device='cuda:1')
tensor(0.8609, device='cuda:1') tensor(0.1000, device='cuda:1') tensor(0.0391, device='cuda:1')
tensor(0.8219, device='cuda:1') tensor(0.1000, device='cuda:1') tensor(0.0781, device='cuda:1')
tensor(0.8453, device='cuda:1') tensor(0.1000, device='cuda:1') tensor(0.0547, device='cuda:1')
tensor(0.6344, device='cuda:1') tensor(0.1000, device='cuda:1') tensor(0.2656, device='cuda:1')
tensor(0.8688, device='cuda:1') tensor(0.1000, device='cuda:1') tensor(0.0312, device='cuda:1')
tensor(0.7750, device='cuda:1') tensor(0.1000, device='cuda:1') tensor(0.1250, device='cuda:1')
tensor(0.8766, device='cuda:1') tensor(0.1000, device='cuda:1') tensor(0.0234, device='cuda:1')
tensor(0.8609, device='cuda:1') tensor(0.1000, device='cuda:1') tensor(0.0391, device='cuda:1')
tensor(0.8219, device='cuda:1') tensor(0.1000, device='cuda:1') tensor(0.0781, device='cuda:1')
tensor(0.8141, device='cuda:1') tensor(0.1000, device='cuda:1') tensor(0.0859, device='cuda:1')
time 2.94
error 292618.09375
32 mlp.gate_proj
Quantizing ...
tensor(0.8687, device='cuda:1') tensor(0.1000, device='cuda:1') tensor(0.0312, device='cuda:1')
tensor(0.8453, device='cuda:1') tensor(0.1000, device='cuda:1') tensor(0.0547, device='cuda:1')
tensor(0.8453, device='cuda:1') tensor(0.1000, device='cuda:1') tensor(0.0547, device='cuda:1')
tensor(0.8609, device='cuda:1') tensor(0.1000, device='cuda:1') tensor(0.0391, device='cuda:1')
tensor(0.8453, device='cuda:1') tensor(0.1000, device='cuda:1') tensor(0.0547, device='cuda:1')
tensor(0.8531, device='cuda:1') tensor(0.1000, device='cuda:1') tensor(0.0469, device='cuda:1')
tensor(0.8375, device='cuda:1') tensor(0.1000, device='cuda:1') tensor(0.0625, device='cuda:1')
tensor(0.8453, device='cuda:1') tensor(0.1000, device='cuda:1') tensor(0.0547, device='cuda:1')
tensor(0.8687, device='cuda:1') tensor(0.1000, device='cuda:1') tensor(0.0312, device='cuda:1')
tensor(0.8531, device='cuda:1') tensor(0.1000, device='cuda:1') tensor(0.0469, device='cuda:1')
tensor(0.7672, device='cuda:1') tensor(0.1000, device='cuda:1') tensor(0.1328, device='cuda:1')
tensor(0.8609, device='cuda:1') tensor(0.1000, device='cuda:1') tensor(0.0391, device='cuda:1')
tensor(0.8219, device='cuda:1') tensor(0.1000, device='cuda:1') tensor(0.0781, device='cuda:1')
tensor(0.7906, device='cuda:1') tensor(0.1000, device='cuda:1') tensor(0.1094, device='cuda:1')
tensor(0.7203, device='cuda:1') tensor(0.1000, device='cuda:1') tensor(0.1797, device='cuda:1')
tensor(0.8297, device='cuda:1') tensor(0.1000, device='cuda:1') tensor(0.0703, device='cuda:1')
tensor(0.8219, device='cuda:1') tensor(0.1000, device='cuda:1') tensor(0.0781, device='cuda:1')
tensor(0.7516, device='cuda:1') tensor(0.1000, device='cuda:1') tensor(0.1484, device='cuda:1')
tensor(0.8453, device='cuda:1') tensor(0.1000, device='cuda:1') tensor(0.0547, device='cuda:1')
tensor(0.8531, device='cuda:1') tensor(0.1000, device='cuda:1') tensor(0.0469, device='cuda:1')
time 2.64
error 1252111.5
32 mlp.up_proj
Quantizing ...
tensor(0.8687, device='cuda:1') tensor(0.1000, device='cuda:1') tensor(0.0312, device='cuda:1')
tensor(0.8687, device='cuda:1') tensor(0.1000, device='cuda:1') tensor(0.0312, device='cuda:1')
tensor(0.8609, device='cuda:1') tensor(0.1000, device='cuda:1') tensor(0.0391, device='cuda:1')
tensor(0.8687, device='cuda:1') tensor(0.1000, device='cuda:1') tensor(0.0312, device='cuda:1')
tensor(0.8509, device='cuda:1') tensor(0.1100, device='cuda:1') tensor(0.0391, device='cuda:1')
tensor(0.8531, device='cuda:1') tensor(0.1000, device='cuda:1') tensor(0.0469, device='cuda:1')
tensor(0.8297, device='cuda:1') tensor(0.1000, device='cuda:1') tensor(0.0703, device='cuda:1')
tensor(0.8062, device='cuda:1') tensor(0.1000, device='cuda:1') tensor(0.0938, device='cuda:1')
tensor(0.8431, device='cuda:1') tensor(0.1100, device='cuda:1') tensor(0.0469, device='cuda:1')
tensor(0.8219, device='cuda:1') tensor(0.1000, device='cuda:1') tensor(0.0781, device='cuda:1')
tensor(0.7672, device='cuda:1') tensor(0.1000, device='cuda:1') tensor(0.1328, device='cuda:1')
tensor(0.8062, device='cuda:1') tensor(0.1000, device='cuda:1') tensor(0.0938, device='cuda:1')
tensor(0.7828, device='cuda:1') tensor(0.1000, device='cuda:1') tensor(0.1172, device='cuda:1')
tensor(0.6656, device='cuda:1') tensor(0.1000, device='cuda:1') tensor(0.2344, device='cuda:1')
tensor(0.7125, device='cuda:1') tensor(0.1000, device='cuda:1') tensor(0.1875, device='cuda:1')
tensor(0.7906, device='cuda:1') tensor(0.1000, device='cuda:1') tensor(0.1094, device='cuda:1')
tensor(0.7359, device='cuda:1') tensor(0.1000, device='cuda:1') tensor(0.1641, device='cuda:1')
tensor(0.7906, device='cuda:1') tensor(0.1000, device='cuda:1') tensor(0.1094, device='cuda:1')
tensor(0.8219, device='cuda:1') tensor(0.1000, device='cuda:1') tensor(0.0781, device='cuda:1')
tensor(0.8509, device='cuda:1') tensor(0.1100, device='cuda:1') tensor(0.0391, device='cuda:1')
time 2.57
error 1435581.0
32 mlp.down_proj
Quantizing ...
tensor(0.8531, device='cuda:1') tensor(0.1000, device='cuda:1') tensor(0.0469, device='cuda:1')
tensor(0.8531, device='cuda:1') tensor(0.1000, device='cuda:1') tensor(0.0469, device='cuda:1')
tensor(0.8766, device='cuda:1') tensor(0.1000, device='cuda:1') tensor(0.0234, device='cuda:1')
tensor(0.8297, device='cuda:1') tensor(0.1000, device='cuda:1') tensor(0.0703, device='cuda:1')
tensor(0.8688, device='cuda:1') tensor(0.1000, device='cuda:1') tensor(0.0312, device='cuda:1')
tensor(0.8453, device='cuda:1') tensor(0.1000, device='cuda:1') tensor(0.0547, device='cuda:1')
tensor(0.8609, device='cuda:1') tensor(0.1000, device='cuda:1') tensor(0.0391, device='cuda:1')
tensor(0.8141, device='cuda:1') tensor(0.1000, device='cuda:1') tensor(0.0859, device='cuda:1')
tensor(0.8375, device='cuda:1') tensor(0.1000, device='cuda:1') tensor(0.0625, device='cuda:1')
tensor(0.8688, device='cuda:1') tensor(0.1000, device='cuda:1') tensor(0.0312, device='cuda:1')
tensor(0.8453, device='cuda:1') tensor(0.1000, device='cuda:1') tensor(0.0547, device='cuda:1')
tensor(0.8531, device='cuda:1') tensor(0.1000, device='cuda:1') tensor(0.0469, device='cuda:1')
tensor(0.8063, device='cuda:1') tensor(0.1000, device='cuda:1') tensor(0.0938, device='cuda:1')
tensor(0.8141, device='cuda:1') tensor(0.1000, device='cuda:1') tensor(0.0859, device='cuda:1')
tensor(0.8531, device='cuda:1') tensor(0.1000, device='cuda:1') tensor(0.0469, device='cuda:1')
tensor(0.8531, device='cuda:1') tensor(0.1000, device='cuda:1') tensor(0.0469, device='cuda:1')
tensor(0.8766, device='cuda:1') tensor(0.1000, device='cuda:1') tensor(0.0234, device='cuda:1')
tensor(0.7984, device='cuda:1') tensor(0.1000, device='cuda:1') tensor(0.1016, device='cuda:1')
tensor(0.8766, device='cuda:1') tensor(0.1000, device='cuda:1') tensor(0.0234, device='cuda:1')
tensor(0.8609, device='cuda:1') tensor(0.1000, device='cuda:1') tensor(0.0391, device='cuda:1')
tensor(0.8219, device='cuda:1') tensor(0.1000, device='cuda:1') tensor(0.0781, device='cuda:1')
tensor(0.8063, device='cuda:1') tensor(0.1000, device='cuda:1') tensor(0.0938, device='cuda:1')
tensor(0.8375, device='cuda:1') tensor(0.1000, device='cuda:1') tensor(0.0625, device='cuda:1')
tensor(0.8609, device='cuda:1') tensor(0.1000, device='cuda:1') tensor(0.0391, device='cuda:1')
tensor(0.8531, device='cuda:1') tensor(0.1000, device='cuda:1') tensor(0.0469, device='cuda:1')
tensor(0.8688, device='cuda:1') tensor(0.1000, device='cuda:1') tensor(0.0312, device='cuda:1')
tensor(0.7906, device='cuda:1') tensor(0.1000, device='cuda:1') tensor(0.1094, device='cuda:1')
tensor(0.8609, device='cuda:1') tensor(0.1000, device='cuda:1') tensor(0.0391, device='cuda:1')
tensor(0.7984, device='cuda:1') tensor(0.1000, device='cuda:1') tensor(0.1016, device='cuda:1')
tensor(0.8219, device='cuda:1') tensor(0.1000, device='cuda:1') tensor(0.0781, device='cuda:1')
tensor(0.8453, device='cuda:1') tensor(0.1000, device='cuda:1') tensor(0.0547, device='cuda:1')
tensor(0.8375, device='cuda:1') tensor(0.1000, device='cuda:1') tensor(0.0625, device='cuda:1')
tensor(0.7984, device='cuda:1') tensor(0.1000, device='cuda:1') tensor(0.1016, device='cuda:1')
tensor(0.8609, device='cuda:1') tensor(0.1000, device='cuda:1') tensor(0.0391, device='cuda:1')
tensor(0.8063, device='cuda:1') tensor(0.1000, device='cuda:1') tensor(0.0938, device='cuda:1')
tensor(0.7750, device='cuda:1') tensor(0.1000, device='cuda:1') tensor(0.1250, device='cuda:1')
tensor(0.8609, device='cuda:1') tensor(0.1000, device='cuda:1') tensor(0.0391, device='cuda:1')
tensor(0.8141, device='cuda:1') tensor(0.1000, device='cuda:1') tensor(0.0859, device='cuda:1')
tensor(0.7750, device='cuda:1') tensor(0.1000, device='cuda:1') tensor(0.1250, device='cuda:1')
tensor(0.8609, device='cuda:1') tensor(0.1000, device='cuda:1') tensor(0.0391, device='cuda:1')
tensor(0.8609, device='cuda:1') tensor(0.1000, device='cuda:1') tensor(0.0391, device='cuda:1')
tensor(0.7906, device='cuda:1') tensor(0.1000, device='cuda:1') tensor(0.1094, device='cuda:1')
tensor(0.8609, device='cuda:1') tensor(0.1000, device='cuda:1') tensor(0.0391, device='cuda:1')
tensor(0.8688, device='cuda:1') tensor(0.1000, device='cuda:1') tensor(0.0312, device='cuda:1')
tensor(0.7516, device='cuda:1') tensor(0.1000, device='cuda:1') tensor(0.1484, device='cuda:1')
tensor(0.8297, device='cuda:1') tensor(0.1000, device='cuda:1') tensor(0.0703, device='cuda:1')
tensor(0.8688, device='cuda:1') tensor(0.1000, device='cuda:1') tensor(0.0312, device='cuda:1')
tensor(0.7047, device='cuda:1') tensor(0.1000, device='cuda:1') tensor(0.1953, device='cuda:1')
tensor(0.8609, device='cuda:1') tensor(0.1000, device='cuda:1') tensor(0.0391, device='cuda:1')
tensor(0.8688, device='cuda:1') tensor(0.1000, device='cuda:1') tensor(0.0312, device='cuda:1')
tensor(0.8063, device='cuda:1') tensor(0.1000, device='cuda:1') tensor(0.0938, device='cuda:1')
tensor(0.8688, device='cuda:1') tensor(0.1000, device='cuda:1') tensor(0.0312, device='cuda:1')
tensor(0.8609, device='cuda:1') tensor(0.1000, device='cuda:1') tensor(0.0391, device='cuda:1')
tensor(0.7750, device='cuda:1') tensor(0.1000, device='cuda:1') tensor(0.1250, device='cuda:1')
tensor(0.8453, device='cuda:1') tensor(0.1000, device='cuda:1') tensor(0.0547, device='cuda:1')
tensor(0.8531, device='cuda:1') tensor(0.1000, device='cuda:1') tensor(0.0469, device='cuda:1')
tensor(0.8688, device='cuda:1') tensor(0.1000, device='cuda:1') tensor(0.0312, device='cuda:1')
tensor(0.8375, device='cuda:1') tensor(0.1000, device='cuda:1') tensor(0.0625, device='cuda:1')
tensor(0.7516, device='cuda:1') tensor(0.1000, device='cuda:1') tensor(0.1484, device='cuda:1')
tensor(0.8531, device='cuda:1') tensor(0.1000, device='cuda:1') tensor(0.0469, device='cuda:1')
tensor(0.8688, device='cuda:1') tensor(0.1000, device='cuda:1') tensor(0.0312, device='cuda:1')
tensor(0.8453, device='cuda:1') tensor(0.1000, device='cuda:1') tensor(0.0547, device='cuda:1')
tensor(0.8531, device='cuda:1') tensor(0.1000, device='cuda:1') tensor(0.0469, device='cuda:1')
tensor(0.8375, device='cuda:1') tensor(0.1000, device='cuda:1') tensor(0.0625, device='cuda:1')
tensor(0.8688, device='cuda:1') tensor(0.1000, device='cuda:1') tensor(0.0312, device='cuda:1')
tensor(0.7594, device='cuda:1') tensor(0.1000, device='cuda:1') tensor(0.1406, device='cuda:1')
tensor(0.8297, device='cuda:1') tensor(0.1000, device='cuda:1') tensor(0.0703, device='cuda:1')
tensor(0.8766, device='cuda:1') tensor(0.1000, device='cuda:1') tensor(0.0234, device='cuda:1')
tensor(0.8688, device='cuda:1') tensor(0.1000, device='cuda:1') tensor(0.0312, device='cuda:1')
tensor(0.8453, device='cuda:1') tensor(0.1000, device='cuda:1') tensor(0.0547, device='cuda:1')
tensor(0.8453, device='cuda:1') tensor(0.1000, device='cuda:1') tensor(0.0547, device='cuda:1')
tensor(0.8375, device='cuda:1') tensor(0.1000, device='cuda:1') tensor(0.0625, device='cuda:1')
tensor(0.8688, device='cuda:1') tensor(0.1000, device='cuda:1') tensor(0.0312, device='cuda:1')
tensor(0.8141, device='cuda:1') tensor(0.1000, device='cuda:1') tensor(0.0859, device='cuda:1')
tensor(0.8141, device='cuda:1') tensor(0.1000, device='cuda:1') tensor(0.0859, device='cuda:1')
tensor(0.8609, device='cuda:1') tensor(0.1000, device='cuda:1') tensor(0.0391, device='cuda:1')
time 7.17
error 764540.6875
33 self_attn.q_proj
Quantizing ...
tensor(0.6969, device='cuda:1') tensor(0.1000, device='cuda:1') tensor(0.2031, device='cuda:1')
tensor(0.8297, device='cuda:1') tensor(0.1000, device='cuda:1') tensor(0.0703, device='cuda:1')
tensor(0.8687, device='cuda:1') tensor(0.1000, device='cuda:1') tensor(0.0312, device='cuda:1')
tensor(0.8531, device='cuda:1') tensor(0.1000, device='cuda:1') tensor(0.0469, device='cuda:1')
tensor(0.7984, device='cuda:1') tensor(0.1000, device='cuda:1') tensor(0.1016, device='cuda:1')
tensor(0.8453, device='cuda:1') tensor(0.1000, device='cuda:1') tensor(0.0547, device='cuda:1')
tensor(0.8609, device='cuda:1') tensor(0.1000, device='cuda:1') tensor(0.0391, device='cuda:1')
tensor(0.7281, device='cuda:1') tensor(0.1000, device='cuda:1') tensor(0.1719, device='cuda:1')
tensor(0.7516, device='cuda:1') tensor(0.1000, device='cuda:1') tensor(0.1484, device='cuda:1')
tensor(0.8453, device='cuda:1') tensor(0.1000, device='cuda:1') tensor(0.0547, device='cuda:1')
tensor(0.6500, device='cuda:1') tensor(0.1000, device='cuda:1') tensor(0.2500, device='cuda:1')
tensor(0.7281, device='cuda:1') tensor(0.1000, device='cuda:1') tensor(0.1719, device='cuda:1')
tensor(0.8219, device='cuda:1') tensor(0.1000, device='cuda:1') tensor(0.0781, device='cuda:1')
tensor(0.6500, device='cuda:1') tensor(0.1000, device='cuda:1') tensor(0.2500, device='cuda:1')
tensor(0.5484, device='cuda:1') tensor(0.1000, device='cuda:1') tensor(0.3516, device='cuda:1')
tensor(0.7047, device='cuda:1') tensor(0.1000, device='cuda:1') tensor(0.1953, device='cuda:1')
tensor(0.7906, device='cuda:1') tensor(0.1000, device='cuda:1') tensor(0.1094, device='cuda:1')
tensor(0.8375, device='cuda:1') tensor(0.1000, device='cuda:1') tensor(0.0625, device='cuda:1')
tensor(0.7359, device='cuda:1') tensor(0.1000, device='cuda:1') tensor(0.1641, device='cuda:1')
tensor(0.8687, device='cuda:1') tensor(0.1000, device='cuda:1') tensor(0.0312, device='cuda:1')
time 2.18
error 8148956.0
33 self_attn.k_proj
Quantizing ...
tensor(0.6422, device='cuda:1') tensor(0.1000, device='cuda:1') tensor(0.2578, device='cuda:1')
tensor(0.8453, device='cuda:1') tensor(0.1000, device='cuda:1') tensor(0.0547, device='cuda:1')
tensor(0.8219, device='cuda:1') tensor(0.1000, device='cuda:1') tensor(0.0781, device='cuda:1')
tensor(0.7359, device='cuda:1') tensor(0.1000, device='cuda:1') tensor(0.1641, device='cuda:1')
tensor(0.7359, device='cuda:1') tensor(0.1000, device='cuda:1') tensor(0.1641, device='cuda:1')
tensor(0.8297, device='cuda:1') tensor(0.1000, device='cuda:1') tensor(0.0703, device='cuda:1')
tensor(0.8375, device='cuda:1') tensor(0.1000, device='cuda:1') tensor(0.0625, device='cuda:1')
tensor(0.7828, device='cuda:1') tensor(0.1000, device='cuda:1') tensor(0.1172, device='cuda:1')
tensor(0.8141, device='cuda:1') tensor(0.1000, device='cuda:1') tensor(0.0859, device='cuda:1')
tensor(0.8609, device='cuda:1') tensor(0.1000, device='cuda:1') tensor(0.0391, device='cuda:1')
tensor(0.5719, device='cuda:1') tensor(0.1000, device='cuda:1') tensor(0.3281, device='cuda:1')
tensor(0.8062, device='cuda:1') tensor(0.1000, device='cuda:1') tensor(0.0938, device='cuda:1')
tensor(0.7828, device='cuda:1') tensor(0.1000, device='cuda:1') tensor(0.1172, device='cuda:1')
tensor(0.5719, device='cuda:1') tensor(0.1000, device='cuda:1') tensor(0.3281, device='cuda:1')
tensor(0.6500, device='cuda:1') tensor(0.1000, device='cuda:1') tensor(0.2500, device='cuda:1')
tensor(0.6500, device='cuda:1') tensor(0.1000, device='cuda:1') tensor(0.2500, device='cuda:1')
tensor(0.8219, device='cuda:1') tensor(0.1000, device='cuda:1') tensor(0.0781, device='cuda:1')
tensor(0.6578, device='cuda:1') tensor(0.1000, device='cuda:1') tensor(0.2422, device='cuda:1')
tensor(0.7828, device='cuda:1') tensor(0.1000, device='cuda:1') tensor(0.1172, device='cuda:1')
tensor(0.8609, device='cuda:1') tensor(0.1000, device='cuda:1') tensor(0.0391, device='cuda:1')
time 1.65
error 1708334.0
33 self_attn.v_proj
Quantizing ...
tensor(0.6891, device='cuda:1') tensor(0.1000, device='cuda:1') tensor(0.2109, device='cuda:1')
tensor(0.5250, device='cuda:1') tensor(0.1000, device='cuda:1') tensor(0.3750, device='cuda:1')
tensor(0.7203, device='cuda:1') tensor(0.1000, device='cuda:1') tensor(0.1797, device='cuda:1')
tensor(0.7828, device='cuda:1') tensor(0.1000, device='cuda:1') tensor(0.1172, device='cuda:1')
tensor(0.8219, device='cuda:1') tensor(0.1000, device='cuda:1') tensor(0.0781, device='cuda:1')
tensor(0.5172, device='cuda:1') tensor(0.1000, device='cuda:1') tensor(0.3828, device='cuda:1')
tensor(0.8453, device='cuda:1') tensor(0.1000, device='cuda:1') tensor(0.0547, device='cuda:1')
tensor(0.5172, device='cuda:1') tensor(0.1000, device='cuda:1') tensor(0.3828, device='cuda:1')
tensor(0.6734, device='cuda:1') tensor(0.1000, device='cuda:1') tensor(0.2266, device='cuda:1')
tensor(0.8687, device='cuda:1') tensor(0.1000, device='cuda:1') tensor(0.0312, device='cuda:1')
tensor(0.6500, device='cuda:1') tensor(0.1000, device='cuda:1') tensor(0.2500, device='cuda:1')
tensor(0.7828, device='cuda:1') tensor(0.1000, device='cuda:1') tensor(0.1172, device='cuda:1')
tensor(0.8141, device='cuda:1') tensor(0.1000, device='cuda:1') tensor(0.0859, device='cuda:1')
tensor(0.6812, device='cuda:1') tensor(0.1000, device='cuda:1') tensor(0.2188, device='cuda:1')
tensor(0.8219, device='cuda:1') tensor(0.1000, device='cuda:1') tensor(0.0781, device='cuda:1')
tensor(0.7750, device='cuda:1') tensor(0.1000, device='cuda:1') tensor(0.1250, device='cuda:1')
tensor(0.7594, device='cuda:1') tensor(0.1000, device='cuda:1') tensor(0.1406, device='cuda:1')
tensor(0.5797, device='cuda:1') tensor(0.1000, device='cuda:1') tensor(0.3203, device='cuda:1')
tensor(0.7047, device='cuda:1') tensor(0.1000, device='cuda:1') tensor(0.1953, device='cuda:1')
tensor(0.8609, device='cuda:1') tensor(0.1000, device='cuda:1') tensor(0.0391, device='cuda:1')
time 1.66
error 3273743.0
33 self_attn.o_proj
Quantizing ...
tensor(0.8609, device='cuda:1') tensor(0.1000, device='cuda:1') tensor(0.0391, device='cuda:1')
tensor(0.8453, device='cuda:1') tensor(0.1000, device='cuda:1') tensor(0.0547, device='cuda:1')
tensor(0.8275, device='cuda:1') tensor(0.1100, device='cuda:1') tensor(0.0625, device='cuda:1')
tensor(0.7438, device='cuda:1') tensor(0.1000, device='cuda:1') tensor(0.1562, device='cuda:1')
tensor(0.8609, device='cuda:1') tensor(0.1000, device='cuda:1') tensor(0.0391, device='cuda:1')
tensor(0.8375, device='cuda:1') tensor(0.1000, device='cuda:1') tensor(0.0625, device='cuda:1')
tensor(0.8531, device='cuda:1') tensor(0.1000, device='cuda:1') tensor(0.0469, device='cuda:1')
tensor(0.8531, device='cuda:1') tensor(0.1000, device='cuda:1') tensor(0.0469, device='cuda:1')
tensor(0.7672, device='cuda:1') tensor(0.1000, device='cuda:1') tensor(0.1328, device='cuda:1')
tensor(0.8141, device='cuda:1') tensor(0.1000, device='cuda:1') tensor(0.0859, device='cuda:1')
tensor(0.8609, device='cuda:1') tensor(0.1000, device='cuda:1') tensor(0.0391, device='cuda:1')
tensor(0.6344, device='cuda:1') tensor(0.1000, device='cuda:1') tensor(0.2656, device='cuda:1')
tensor(0.8453, device='cuda:1') tensor(0.1000, device='cuda:1') tensor(0.0547, device='cuda:1')
tensor(0.8453, device='cuda:1') tensor(0.1000, device='cuda:1') tensor(0.0547, device='cuda:1')
tensor(0.8531, device='cuda:1') tensor(0.1000, device='cuda:1') tensor(0.0469, device='cuda:1')
tensor(0.8531, device='cuda:1') tensor(0.1000, device='cuda:1') tensor(0.0469, device='cuda:1')
tensor(0.7672, device='cuda:1') tensor(0.1000, device='cuda:1') tensor(0.1328, device='cuda:1')
tensor(0.8453, device='cuda:1') tensor(0.1000, device='cuda:1') tensor(0.0547, device='cuda:1')
tensor(0.8453, device='cuda:1') tensor(0.1000, device='cuda:1') tensor(0.0547, device='cuda:1')
tensor(0.7047, device='cuda:1') tensor(0.1000, device='cuda:1') tensor(0.1953, device='cuda:1')
tensor(0.8297, device='cuda:1') tensor(0.1000, device='cuda:1') tensor(0.0703, device='cuda:1')
tensor(0.8453, device='cuda:1') tensor(0.1000, device='cuda:1') tensor(0.0547, device='cuda:1')
tensor(0.8688, device='cuda:1') tensor(0.1000, device='cuda:1') tensor(0.0312, device='cuda:1')
tensor(0.8688, device='cuda:1') tensor(0.1000, device='cuda:1') tensor(0.0312, device='cuda:1')
tensor(0.8531, device='cuda:1') tensor(0.1000, device='cuda:1') tensor(0.0469, device='cuda:1')
tensor(0.8531, device='cuda:1') tensor(0.1000, device='cuda:1') tensor(0.0469, device='cuda:1')
tensor(0.7047, device='cuda:1') tensor(0.1000, device='cuda:1') tensor(0.1953, device='cuda:1')
tensor(0.8609, device='cuda:1') tensor(0.1000, device='cuda:1') tensor(0.0391, device='cuda:1')
tensor(0.8531, device='cuda:1') tensor(0.1000, device='cuda:1') tensor(0.0469, device='cuda:1')
tensor(0.7047, device='cuda:1') tensor(0.1000, device='cuda:1') tensor(0.1953, device='cuda:1')
tensor(0.8375, device='cuda:1') tensor(0.1000, device='cuda:1') tensor(0.0625, device='cuda:1')
tensor(0.7984, device='cuda:1') tensor(0.1000, device='cuda:1') tensor(0.1016, device='cuda:1')
time 3.09
error 785142.0625
33 mlp.gate_proj
Quantizing ...
tensor(0.8687, device='cuda:1') tensor(0.1000, device='cuda:1') tensor(0.0312, device='cuda:1')
tensor(0.8687, device='cuda:1') tensor(0.1000, device='cuda:1') tensor(0.0312, device='cuda:1')
tensor(0.8375, device='cuda:1') tensor(0.1000, device='cuda:1') tensor(0.0625, device='cuda:1')
tensor(0.8375, device='cuda:1') tensor(0.1000, device='cuda:1') tensor(0.0625, device='cuda:1')
tensor(0.8453, device='cuda:1') tensor(0.1000, device='cuda:1') tensor(0.0547, device='cuda:1')
tensor(0.8375, device='cuda:1') tensor(0.1000, device='cuda:1') tensor(0.0625, device='cuda:1')
tensor(0.8609, device='cuda:1') tensor(0.1000, device='cuda:1') tensor(0.0391, device='cuda:1')
tensor(0.8531, device='cuda:1') tensor(0.1000, device='cuda:1') tensor(0.0469, device='cuda:1')
tensor(0.8687, device='cuda:1') tensor(0.1000, device='cuda:1') tensor(0.0312, device='cuda:1')
tensor(0.8687, device='cuda:1') tensor(0.1000, device='cuda:1') tensor(0.0312, device='cuda:1')
tensor(0.8219, device='cuda:1') tensor(0.1000, device='cuda:1') tensor(0.0781, device='cuda:1')
tensor(0.8609, device='cuda:1') tensor(0.1000, device='cuda:1') tensor(0.0391, device='cuda:1')
tensor(0.8531, device='cuda:1') tensor(0.1000, device='cuda:1') tensor(0.0469, device='cuda:1')
tensor(0.8531, device='cuda:1') tensor(0.1000, device='cuda:1') tensor(0.0469, device='cuda:1')
tensor(0.7906, device='cuda:1') tensor(0.1000, device='cuda:1') tensor(0.1094, device='cuda:1')
tensor(0.8375, device='cuda:1') tensor(0.1000, device='cuda:1') tensor(0.0625, device='cuda:1')
tensor(0.7594, device='cuda:1') tensor(0.1000, device='cuda:1') tensor(0.1406, device='cuda:1')
tensor(0.7984, device='cuda:1') tensor(0.1000, device='cuda:1') tensor(0.1016, device='cuda:1')
tensor(0.8531, device='cuda:1') tensor(0.1000, device='cuda:1') tensor(0.0469, device='cuda:1')
tensor(0.8687, device='cuda:1') tensor(0.1000, device='cuda:1') tensor(0.0312, device='cuda:1')
time 2.61
error 1353359.625
33 mlp.up_proj
Quantizing ...
tensor(0.8766, device='cuda:1') tensor(0.1000, device='cuda:1') tensor(0.0234, device='cuda:1')
tensor(0.8687, device='cuda:1') tensor(0.1000, device='cuda:1') tensor(0.0312, device='cuda:1')
tensor(0.8609, device='cuda:1') tensor(0.1000, device='cuda:1') tensor(0.0391, device='cuda:1')
tensor(0.8766, device='cuda:1') tensor(0.1000, device='cuda:1') tensor(0.0234, device='cuda:1')
tensor(0.7828, device='cuda:1') tensor(0.1000, device='cuda:1') tensor(0.1172, device='cuda:1')
tensor(0.8609, device='cuda:1') tensor(0.1000, device='cuda:1') tensor(0.0391, device='cuda:1')
tensor(0.8531, device='cuda:1') tensor(0.1000, device='cuda:1') tensor(0.0469, device='cuda:1')
tensor(0.8219, device='cuda:1') tensor(0.1000, device='cuda:1') tensor(0.0781, device='cuda:1')
tensor(0.8431, device='cuda:1') tensor(0.1100, device='cuda:1') tensor(0.0469, device='cuda:1')
tensor(0.8297, device='cuda:1') tensor(0.1000, device='cuda:1') tensor(0.0703, device='cuda:1')
tensor(0.6656, device='cuda:1') tensor(0.1000, device='cuda:1') tensor(0.2344, device='cuda:1')
tensor(0.8453, device='cuda:1') tensor(0.1000, device='cuda:1') tensor(0.0547, device='cuda:1')
tensor(0.7125, device='cuda:1') tensor(0.1000, device='cuda:1') tensor(0.1875, device='cuda:1')
tensor(0.7516, device='cuda:1') tensor(0.1000, device='cuda:1') tensor(0.1484, device='cuda:1')
tensor(0.6031, device='cuda:1') tensor(0.1000, device='cuda:1') tensor(0.2969, device='cuda:1')
tensor(0.7906, device='cuda:1') tensor(0.1000, device='cuda:1') tensor(0.1094, device='cuda:1')
tensor(0.7203, device='cuda:1') tensor(0.1000, device='cuda:1') tensor(0.1797, device='cuda:1')
tensor(0.7672, device='cuda:1') tensor(0.1000, device='cuda:1') tensor(0.1328, device='cuda:1')
tensor(0.8141, device='cuda:1') tensor(0.1000, device='cuda:1') tensor(0.0859, device='cuda:1')
tensor(0.8587, device='cuda:1') tensor(0.1100, device='cuda:1') tensor(0.0312, device='cuda:1')
time 2.50
error 1571163.75
33 mlp.down_proj
Quantizing ...
tensor(0.8766, device='cuda:1') tensor(0.1000, device='cuda:1') tensor(0.0234, device='cuda:1')
tensor(0.7438, device='cuda:1') tensor(0.1000, device='cuda:1') tensor(0.1562, device='cuda:1')
tensor(0.8219, device='cuda:1') tensor(0.1000, device='cuda:1') tensor(0.0781, device='cuda:1')
tensor(0.8688, device='cuda:1') tensor(0.1000, device='cuda:1') tensor(0.0312, device='cuda:1')
tensor(0.7516, device='cuda:1') tensor(0.1000, device='cuda:1') tensor(0.1484, device='cuda:1')
tensor(0.8688, device='cuda:1') tensor(0.1000, device='cuda:1') tensor(0.0312, device='cuda:1')
tensor(0.8609, device='cuda:1') tensor(0.1000, device='cuda:1') tensor(0.0391, device='cuda:1')
tensor(0.8141, device='cuda:1') tensor(0.1000, device='cuda:1') tensor(0.0859, device='cuda:1')
tensor(0.8688, device='cuda:1') tensor(0.1000, device='cuda:1') tensor(0.0312, device='cuda:1')
tensor(0.8688, device='cuda:1') tensor(0.1000, device='cuda:1') tensor(0.0312, device='cuda:1')
tensor(0.8531, device='cuda:1') tensor(0.1000, device='cuda:1') tensor(0.0469, device='cuda:1')
tensor(0.8844, device='cuda:1') tensor(0.1000, device='cuda:1') tensor(0.0156, device='cuda:1')
tensor(0.8375, device='cuda:1') tensor(0.1000, device='cuda:1') tensor(0.0625, device='cuda:1')
tensor(0.8609, device='cuda:1') tensor(0.1000, device='cuda:1') tensor(0.0391, device='cuda:1')
tensor(0.8375, device='cuda:1') tensor(0.1000, device='cuda:1') tensor(0.0625, device='cuda:1')
tensor(0.8063, device='cuda:1') tensor(0.1000, device='cuda:1') tensor(0.0938, device='cuda:1')
tensor(0.8219, device='cuda:1') tensor(0.1000, device='cuda:1') tensor(0.0781, device='cuda:1')
tensor(0.8375, device='cuda:1') tensor(0.1000, device='cuda:1') tensor(0.0625, device='cuda:1')
tensor(0.7750, device='cuda:1') tensor(0.1000, device='cuda:1') tensor(0.1250, device='cuda:1')
tensor(0.8141, device='cuda:1') tensor(0.1000, device='cuda:1') tensor(0.0859, device='cuda:1')
tensor(0.8219, device='cuda:1') tensor(0.1000, device='cuda:1') tensor(0.0781, device='cuda:1')
tensor(0.8375, device='cuda:1') tensor(0.1000, device='cuda:1') tensor(0.0625, device='cuda:1')
tensor(0.8453, device='cuda:1') tensor(0.1000, device='cuda:1') tensor(0.0547, device='cuda:1')
tensor(0.8141, device='cuda:1') tensor(0.1000, device='cuda:1') tensor(0.0859, device='cuda:1')
tensor(0.8063, device='cuda:1') tensor(0.1000, device='cuda:1') tensor(0.0938, device='cuda:1')
tensor(0.8297, device='cuda:1') tensor(0.1000, device='cuda:1') tensor(0.0703, device='cuda:1')
tensor(0.8453, device='cuda:1') tensor(0.1000, device='cuda:1') tensor(0.0547, device='cuda:1')
tensor(0.7984, device='cuda:1') tensor(0.1000, device='cuda:1') tensor(0.1016, device='cuda:1')
tensor(0.8609, device='cuda:1') tensor(0.1000, device='cuda:1') tensor(0.0391, device='cuda:1')
tensor(0.8688, device='cuda:1') tensor(0.1000, device='cuda:1') tensor(0.0312, device='cuda:1')
tensor(0.8219, device='cuda:1') tensor(0.1000, device='cuda:1') tensor(0.0781, device='cuda:1')
tensor(0.8609, device='cuda:1') tensor(0.1000, device='cuda:1') tensor(0.0391, device='cuda:1')
tensor(0.8688, device='cuda:1') tensor(0.1000, device='cuda:1') tensor(0.0312, device='cuda:1')
tensor(0.8219, device='cuda:1') tensor(0.1000, device='cuda:1') tensor(0.0781, device='cuda:1')
tensor(0.8609, device='cuda:1') tensor(0.1000, device='cuda:1') tensor(0.0391, device='cuda:1')
tensor(0.8063, device='cuda:1') tensor(0.1000, device='cuda:1') tensor(0.0938, device='cuda:1')
tensor(0.8844, device='cuda:1') tensor(0.1000, device='cuda:1') tensor(0.0156, device='cuda:1')
tensor(0.8609, device='cuda:1') tensor(0.1000, device='cuda:1') tensor(0.0391, device='cuda:1')
tensor(0.8063, device='cuda:1') tensor(0.1000, device='cuda:1') tensor(0.0938, device='cuda:1')
tensor(0.8688, device='cuda:1') tensor(0.1000, device='cuda:1') tensor(0.0312, device='cuda:1')
tensor(0.8531, device='cuda:1') tensor(0.1000, device='cuda:1') tensor(0.0469, device='cuda:1')
tensor(0.8609, device='cuda:1') tensor(0.1000, device='cuda:1') tensor(0.0391, device='cuda:1')
tensor(0.8609, device='cuda:1') tensor(0.1000, device='cuda:1') tensor(0.0391, device='cuda:1')
tensor(0.7906, device='cuda:1') tensor(0.1000, device='cuda:1') tensor(0.1094, device='cuda:1')
tensor(0.8609, device='cuda:1') tensor(0.1000, device='cuda:1') tensor(0.0391, device='cuda:1')
tensor(0.8141, device='cuda:1') tensor(0.1000, device='cuda:1') tensor(0.0859, device='cuda:1')
tensor(0.8453, device='cuda:1') tensor(0.1000, device='cuda:1') tensor(0.0547, device='cuda:1')
tensor(0.8531, device='cuda:1') tensor(0.1000, device='cuda:1') tensor(0.0469, device='cuda:1')
tensor(0.8531, device='cuda:1') tensor(0.1000, device='cuda:1') tensor(0.0469, device='cuda:1')
tensor(0.7359, device='cuda:1') tensor(0.1000, device='cuda:1') tensor(0.1641, device='cuda:1')
tensor(0.7984, device='cuda:1') tensor(0.1000, device='cuda:1') tensor(0.1016, device='cuda:1')
tensor(0.8688, device='cuda:1') tensor(0.1000, device='cuda:1') tensor(0.0312, device='cuda:1')
tensor(0.8609, device='cuda:1') tensor(0.1000, device='cuda:1') tensor(0.0391, device='cuda:1')
tensor(0.8766, device='cuda:1') tensor(0.1000, device='cuda:1') tensor(0.0234, device='cuda:1')
tensor(0.8141, device='cuda:1') tensor(0.1000, device='cuda:1') tensor(0.0859, device='cuda:1')
tensor(0.7750, device='cuda:1') tensor(0.1000, device='cuda:1') tensor(0.1250, device='cuda:1')
tensor(0.8609, device='cuda:1') tensor(0.1000, device='cuda:1') tensor(0.0391, device='cuda:1')
tensor(0.8531, device='cuda:1') tensor(0.1000, device='cuda:1') tensor(0.0469, device='cuda:1')
tensor(0.8375, device='cuda:1') tensor(0.1000, device='cuda:1') tensor(0.0625, device='cuda:1')
tensor(0.8453, device='cuda:1') tensor(0.1000, device='cuda:1') tensor(0.0547, device='cuda:1')
tensor(0.8375, device='cuda:1') tensor(0.1000, device='cuda:1') tensor(0.0625, device='cuda:1')
tensor(0.7594, device='cuda:1') tensor(0.1000, device='cuda:1') tensor(0.1406, device='cuda:1')
tensor(0.8531, device='cuda:1') tensor(0.1000, device='cuda:1') tensor(0.0469, device='cuda:1')
tensor(0.8844, device='cuda:1') tensor(0.1000, device='cuda:1') tensor(0.0156, device='cuda:1')
tensor(0.8609, device='cuda:1') tensor(0.1000, device='cuda:1') tensor(0.0391, device='cuda:1')
tensor(0.7672, device='cuda:1') tensor(0.1000, device='cuda:1') tensor(0.1328, device='cuda:1')
tensor(0.8609, device='cuda:1') tensor(0.1000, device='cuda:1') tensor(0.0391, device='cuda:1')
tensor(0.8453, device='cuda:1') tensor(0.1000, device='cuda:1') tensor(0.0547, device='cuda:1')
tensor(0.8766, device='cuda:1') tensor(0.1000, device='cuda:1') tensor(0.0234, device='cuda:1')
tensor(0.8609, device='cuda:1') tensor(0.1000, device='cuda:1') tensor(0.0391, device='cuda:1')
tensor(0.8609, device='cuda:1') tensor(0.1000, device='cuda:1') tensor(0.0391, device='cuda:1')
tensor(0.8141, device='cuda:1') tensor(0.1000, device='cuda:1') tensor(0.0859, device='cuda:1')
tensor(0.8609, device='cuda:1') tensor(0.1000, device='cuda:1') tensor(0.0391, device='cuda:1')
tensor(0.8688, device='cuda:1') tensor(0.1000, device='cuda:1') tensor(0.0312, device='cuda:1')
tensor(0.8453, device='cuda:1') tensor(0.1000, device='cuda:1') tensor(0.0547, device='cuda:1')
tensor(0.8531, device='cuda:1') tensor(0.1000, device='cuda:1') tensor(0.0469, device='cuda:1')
time 7.25
error 1154603.0
34 self_attn.q_proj
Quantizing ...
tensor(0.6578, device='cuda:1') tensor(0.1000, device='cuda:1') tensor(0.2422, device='cuda:1')
tensor(0.8375, device='cuda:1') tensor(0.1000, device='cuda:1') tensor(0.0625, device='cuda:1')
tensor(0.8687, device='cuda:1') tensor(0.1000, device='cuda:1') tensor(0.0312, device='cuda:1')
tensor(0.8141, device='cuda:1') tensor(0.1000, device='cuda:1') tensor(0.0859, device='cuda:1')
tensor(0.8375, device='cuda:1') tensor(0.1000, device='cuda:1') tensor(0.0625, device='cuda:1')
tensor(0.8141, device='cuda:1') tensor(0.1000, device='cuda:1') tensor(0.0859, device='cuda:1')
tensor(0.8531, device='cuda:1') tensor(0.1000, device='cuda:1') tensor(0.0469, device='cuda:1')
tensor(0.5328, device='cuda:1') tensor(0.1000, device='cuda:1') tensor(0.3672, device='cuda:1')
tensor(0.8297, device='cuda:1') tensor(0.1000, device='cuda:1') tensor(0.0703, device='cuda:1')
tensor(0.8609, device='cuda:1') tensor(0.1000, device='cuda:1') tensor(0.0391, device='cuda:1')
tensor(0.8219, device='cuda:1') tensor(0.1000, device='cuda:1') tensor(0.0781, device='cuda:1')
tensor(0.7906, device='cuda:1') tensor(0.1000, device='cuda:1') tensor(0.1094, device='cuda:1')
tensor(0.8062, device='cuda:1') tensor(0.1000, device='cuda:1') tensor(0.0938, device='cuda:1')
tensor(0.8062, device='cuda:1') tensor(0.1000, device='cuda:1') tensor(0.0938, device='cuda:1')
tensor(0.8141, device='cuda:1') tensor(0.1000, device='cuda:1') tensor(0.0859, device='cuda:1')
tensor(0.6656, device='cuda:1') tensor(0.1000, device='cuda:1') tensor(0.2344, device='cuda:1')
tensor(0.8062, device='cuda:1') tensor(0.1000, device='cuda:1') tensor(0.0938, device='cuda:1')
tensor(0.6812, device='cuda:1') tensor(0.1000, device='cuda:1') tensor(0.2188, device='cuda:1')
tensor(0.7437, device='cuda:1') tensor(0.1000, device='cuda:1') tensor(0.1562, device='cuda:1')
tensor(0.8219, device='cuda:1') tensor(0.1000, device='cuda:1') tensor(0.0781, device='cuda:1')
time 2.08
error 7391702.5
34 self_attn.k_proj
Quantizing ...
tensor(0.7203, device='cuda:1') tensor(0.1000, device='cuda:1') tensor(0.1797, device='cuda:1')
tensor(0.8687, device='cuda:1') tensor(0.1000, device='cuda:1') tensor(0.0312, device='cuda:1')
tensor(0.7203, device='cuda:1') tensor(0.1000, device='cuda:1') tensor(0.1797, device='cuda:1')
tensor(0.8062, device='cuda:1') tensor(0.1000, device='cuda:1') tensor(0.0938, device='cuda:1')
tensor(0.8453, device='cuda:1') tensor(0.1000, device='cuda:1') tensor(0.0547, device='cuda:1')
tensor(0.8609, device='cuda:1') tensor(0.1000, device='cuda:1') tensor(0.0391, device='cuda:1')
tensor(0.8453, device='cuda:1') tensor(0.1000, device='cuda:1') tensor(0.0547, device='cuda:1')
tensor(0.7125, device='cuda:1') tensor(0.1000, device='cuda:1') tensor(0.1875, device='cuda:1')
tensor(0.8219, device='cuda:1') tensor(0.1000, device='cuda:1') tensor(0.0781, device='cuda:1')
tensor(0.8219, device='cuda:1') tensor(0.1000, device='cuda:1') tensor(0.0781, device='cuda:1')
tensor(0.7047, device='cuda:1') tensor(0.1000, device='cuda:1') tensor(0.1953, device='cuda:1')
tensor(0.7594, device='cuda:1') tensor(0.1000, device='cuda:1') tensor(0.1406, device='cuda:1')
tensor(0.8219, device='cuda:1') tensor(0.1000, device='cuda:1') tensor(0.0781, device='cuda:1')
tensor(0.6969, device='cuda:1') tensor(0.1000, device='cuda:1') tensor(0.2031, device='cuda:1')
tensor(0.6344, device='cuda:1') tensor(0.1000, device='cuda:1') tensor(0.2656, device='cuda:1')
tensor(0.7281, device='cuda:1') tensor(0.1000, device='cuda:1') tensor(0.1719, device='cuda:1')
tensor(0.6734, device='cuda:1') tensor(0.1000, device='cuda:1') tensor(0.2266, device='cuda:1')
tensor(0.7828, device='cuda:1') tensor(0.1000, device='cuda:1') tensor(0.1172, device='cuda:1')
tensor(0.7516, device='cuda:1') tensor(0.1000, device='cuda:1') tensor(0.1484, device='cuda:1')
tensor(0.8531, device='cuda:1') tensor(0.1000, device='cuda:1') tensor(0.0469, device='cuda:1')
time 1.77
error 1624650.0
34 self_attn.v_proj
Quantizing ...
tensor(0.6812, device='cuda:1') tensor(0.1000, device='cuda:1') tensor(0.2188, device='cuda:1')
tensor(0.5172, device='cuda:1') tensor(0.1000, device='cuda:1') tensor(0.3828, device='cuda:1')
tensor(0.7203, device='cuda:1') tensor(0.1000, device='cuda:1') tensor(0.1797, device='cuda:1')
tensor(0.7750, device='cuda:1') tensor(0.1000, device='cuda:1') tensor(0.1250, device='cuda:1')
tensor(0.5484, device='cuda:1') tensor(0.1000, device='cuda:1') tensor(0.3516, device='cuda:1')
tensor(0.5953, device='cuda:1') tensor(0.1000, device='cuda:1') tensor(0.3047, device='cuda:1')
tensor(0.8431, device='cuda:1') tensor(0.1100, device='cuda:1') tensor(0.0469, device='cuda:1')
tensor(0.6422, device='cuda:1') tensor(0.1000, device='cuda:1') tensor(0.2578, device='cuda:1')
tensor(0.7750, device='cuda:1') tensor(0.1000, device='cuda:1') tensor(0.1250, device='cuda:1')
tensor(0.8687, device='cuda:1') tensor(0.1000, device='cuda:1') tensor(0.0312, device='cuda:1')
tensor(0.7828, device='cuda:1') tensor(0.1000, device='cuda:1') tensor(0.1172, device='cuda:1')
tensor(0.8531, device='cuda:1') tensor(0.1000, device='cuda:1') tensor(0.0469, device='cuda:1')
tensor(0.7984, device='cuda:1') tensor(0.1000, device='cuda:1') tensor(0.1016, device='cuda:1')
tensor(0.7516, device='cuda:1') tensor(0.1000, device='cuda:1') tensor(0.1484, device='cuda:1')
tensor(0.7047, device='cuda:1') tensor(0.1000, device='cuda:1') tensor(0.1953, device='cuda:1')
tensor(0.8375, device='cuda:1') tensor(0.1000, device='cuda:1') tensor(0.0625, device='cuda:1')
tensor(0.8219, device='cuda:1') tensor(0.1000, device='cuda:1') tensor(0.0781, device='cuda:1')
tensor(0.7828, device='cuda:1') tensor(0.1000, device='cuda:1') tensor(0.1172, device='cuda:1')
tensor(0.6500, device='cuda:1') tensor(0.1000, device='cuda:1') tensor(0.2500, device='cuda:1')
tensor(0.8453, device='cuda:1') tensor(0.1000, device='cuda:1') tensor(0.0547, device='cuda:1')
time 1.78
error 2706223.75
34 self_attn.o_proj
Quantizing ...
tensor(0.8140, device='cuda:1') tensor(0.1000, device='cuda:1') tensor(0.0859, device='cuda:1')
tensor(0.7672, device='cuda:1') tensor(0.1000, device='cuda:1') tensor(0.1328, device='cuda:1')
tensor(0.7516, device='cuda:1') tensor(0.1000, device='cuda:1') tensor(0.1484, device='cuda:1')
tensor(0.8063, device='cuda:1') tensor(0.1000, device='cuda:1') tensor(0.0938, device='cuda:1')
tensor(0.7828, device='cuda:1') tensor(0.1000, device='cuda:1') tensor(0.1172, device='cuda:1')
tensor(0.7438, device='cuda:1') tensor(0.1000, device='cuda:1') tensor(0.1562, device='cuda:1')
tensor(0.8141, device='cuda:1') tensor(0.1000, device='cuda:1') tensor(0.0859, device='cuda:1')
tensor(0.5406, device='cuda:1') tensor(0.1000, device='cuda:1') tensor(0.3594, device='cuda:1')
tensor(0.8453, device='cuda:1') tensor(0.1000, device='cuda:1') tensor(0.0547, device='cuda:1')
tensor(0.8688, device='cuda:1') tensor(0.1000, device='cuda:1') tensor(0.0312, device='cuda:1')
tensor(0.8219, device='cuda:1') tensor(0.1000, device='cuda:1') tensor(0.0781, device='cuda:1')
tensor(0.7906, device='cuda:1') tensor(0.1000, device='cuda:1') tensor(0.1094, device='cuda:1')
tensor(0.8766, device='cuda:1') tensor(0.1000, device='cuda:1') tensor(0.0234, device='cuda:1')
tensor(0.8688, device='cuda:1') tensor(0.1000, device='cuda:1') tensor(0.0312, device='cuda:1')
tensor(0.8766, device='cuda:1') tensor(0.1000, device='cuda:1') tensor(0.0234, device='cuda:1')
tensor(0.8063, device='cuda:1') tensor(0.1000, device='cuda:1') tensor(0.0938, device='cuda:1')
tensor(0.8587, device='cuda:1') tensor(0.1100, device='cuda:1') tensor(0.0312, device='cuda:1')
tensor(0.8766, device='cuda:1') tensor(0.1000, device='cuda:1') tensor(0.0234, device='cuda:1')
tensor(0.8509, device='cuda:1') tensor(0.1100, device='cuda:1') tensor(0.0391, device='cuda:1')
tensor(0.6734, device='cuda:1') tensor(0.1000, device='cuda:1') tensor(0.2266, device='cuda:1')
tensor(0.8844, device='cuda:1') tensor(0.1000, device='cuda:1') tensor(0.0156, device='cuda:1')
tensor(0.5172, device='cuda:1') tensor(0.1000, device='cuda:1') tensor(0.3828, device='cuda:1')
tensor(0.8766, device='cuda:1') tensor(0.1000, device='cuda:1') tensor(0.0234, device='cuda:1')
tensor(0.8453, device='cuda:1') tensor(0.1000, device='cuda:1') tensor(0.0547, device='cuda:1')
tensor(0.8063, device='cuda:1') tensor(0.1000, device='cuda:1') tensor(0.0938, device='cuda:1')
tensor(0.5484, device='cuda:1') tensor(0.1000, device='cuda:1') tensor(0.3516, device='cuda:1')
tensor(0.8509, device='cuda:1') tensor(0.1100, device='cuda:1') tensor(0.0391, device='cuda:1')
tensor(0.7750, device='cuda:1') tensor(0.1000, device='cuda:1') tensor(0.1250, device='cuda:1')
tensor(0.7828, device='cuda:1') tensor(0.1000, device='cuda:1') tensor(0.1172, device='cuda:1')
tensor(0.8609, device='cuda:1') tensor(0.1000, device='cuda:1') tensor(0.0391, device='cuda:1')
tensor(0.7047, device='cuda:1') tensor(0.1000, device='cuda:1') tensor(0.1953, device='cuda:1')
tensor(0.8297, device='cuda:1') tensor(0.1000, device='cuda:1') tensor(0.0703, device='cuda:1')
time 3.00
error 730084.4375
34 mlp.gate_proj
Quantizing ...
tensor(0.8766, device='cuda:1') tensor(0.1000, device='cuda:1') tensor(0.0234, device='cuda:1')
tensor(0.8219, device='cuda:1') tensor(0.1000, device='cuda:1') tensor(0.0781, device='cuda:1')
tensor(0.8531, device='cuda:1') tensor(0.1000, device='cuda:1') tensor(0.0469, device='cuda:1')
tensor(0.8687, device='cuda:1') tensor(0.1000, device='cuda:1') tensor(0.0312, device='cuda:1')
tensor(0.8453, device='cuda:1') tensor(0.1000, device='cuda:1') tensor(0.0547, device='cuda:1')
tensor(0.8375, device='cuda:1') tensor(0.1000, device='cuda:1') tensor(0.0625, device='cuda:1')
tensor(0.8453, device='cuda:1') tensor(0.1000, device='cuda:1') tensor(0.0547, device='cuda:1')
tensor(0.8453, device='cuda:1') tensor(0.1000, device='cuda:1') tensor(0.0547, device='cuda:1')
tensor(0.8687, device='cuda:1') tensor(0.1000, device='cuda:1') tensor(0.0312, device='cuda:1')
tensor(0.8687, device='cuda:1') tensor(0.1000, device='cuda:1') tensor(0.0312, device='cuda:1')
tensor(0.8141, device='cuda:1') tensor(0.1000, device='cuda:1') tensor(0.0859, device='cuda:1')
tensor(0.8609, device='cuda:1') tensor(0.1000, device='cuda:1') tensor(0.0391, device='cuda:1')
tensor(0.8297, device='cuda:1') tensor(0.1000, device='cuda:1') tensor(0.0703, device='cuda:1')
tensor(0.8609, device='cuda:1') tensor(0.1000, device='cuda:1') tensor(0.0391, device='cuda:1')
tensor(0.8297, device='cuda:1') tensor(0.1000, device='cuda:1') tensor(0.0703, device='cuda:1')
tensor(0.8531, device='cuda:1') tensor(0.1000, device='cuda:1') tensor(0.0469, device='cuda:1')
tensor(0.8141, device='cuda:1') tensor(0.1000, device='cuda:1') tensor(0.0859, device='cuda:1')
tensor(0.7906, device='cuda:1') tensor(0.1000, device='cuda:1') tensor(0.1094, device='cuda:1')
tensor(0.8531, device='cuda:1') tensor(0.1000, device='cuda:1') tensor(0.0469, device='cuda:1')
tensor(0.8375, device='cuda:1') tensor(0.1000, device='cuda:1') tensor(0.0625, device='cuda:1')
time 2.50
error 1667409.75
34 mlp.up_proj
Quantizing ...
tensor(0.8687, device='cuda:1') tensor(0.1000, device='cuda:1') tensor(0.0312, device='cuda:1')
tensor(0.8687, device='cuda:1') tensor(0.1000, device='cuda:1') tensor(0.0312, device='cuda:1')
tensor(0.8531, device='cuda:1') tensor(0.1000, device='cuda:1') tensor(0.0469, device='cuda:1')
tensor(0.8766, device='cuda:1') tensor(0.1000, device='cuda:1') tensor(0.0234, device='cuda:1')
tensor(0.8219, device='cuda:1') tensor(0.1000, device='cuda:1') tensor(0.0781, device='cuda:1')
tensor(0.8687, device='cuda:1') tensor(0.1000, device='cuda:1') tensor(0.0312, device='cuda:1')
tensor(0.8531, device='cuda:1') tensor(0.1000, device='cuda:1') tensor(0.0469, device='cuda:1')
tensor(0.8453, device='cuda:1') tensor(0.1000, device='cuda:1') tensor(0.0547, device='cuda:1')
tensor(0.8509, device='cuda:1') tensor(0.1100, device='cuda:1') tensor(0.0391, device='cuda:1')
tensor(0.8609, device='cuda:1') tensor(0.1000, device='cuda:1') tensor(0.0391, device='cuda:1')
tensor(0.7828, device='cuda:1') tensor(0.1000, device='cuda:1') tensor(0.1172, device='cuda:1')
tensor(0.7594, device='cuda:1') tensor(0.1000, device='cuda:1') tensor(0.1406, device='cuda:1')
tensor(0.7594, device='cuda:1') tensor(0.1000, device='cuda:1') tensor(0.1406, device='cuda:1')
tensor(0.8297, device='cuda:1') tensor(0.1000, device='cuda:1') tensor(0.0703, device='cuda:1')
tensor(0.7828, device='cuda:1') tensor(0.1000, device='cuda:1') tensor(0.1172, device='cuda:1')
tensor(0.7984, device='cuda:1') tensor(0.1000, device='cuda:1') tensor(0.1016, device='cuda:1')
tensor(0.7750, device='cuda:1') tensor(0.1000, device='cuda:1') tensor(0.1250, device='cuda:1')
tensor(0.8219, device='cuda:1') tensor(0.1000, device='cuda:1') tensor(0.0781, device='cuda:1')
tensor(0.8219, device='cuda:1') tensor(0.1000, device='cuda:1') tensor(0.0781, device='cuda:1')
tensor(0.8219, device='cuda:1') tensor(0.1000, device='cuda:1') tensor(0.0781, device='cuda:1')
time 2.56
error 1841737.25
34 mlp.down_proj
Quantizing ...
tensor(0.7984, device='cuda:1') tensor(0.1000, device='cuda:1') tensor(0.1016, device='cuda:1')
tensor(0.8766, device='cuda:1') tensor(0.1000, device='cuda:1') tensor(0.0234, device='cuda:1')
tensor(0.8609, device='cuda:1') tensor(0.1000, device='cuda:1') tensor(0.0391, device='cuda:1')
tensor(0.8297, device='cuda:1') tensor(0.1000, device='cuda:1') tensor(0.0703, device='cuda:1')
tensor(0.8766, device='cuda:1') tensor(0.1000, device='cuda:1') tensor(0.0234, device='cuda:1')
tensor(0.8531, device='cuda:1') tensor(0.1000, device='cuda:1') tensor(0.0469, device='cuda:1')
tensor(0.7906, device='cuda:1') tensor(0.1000, device='cuda:1') tensor(0.1094, device='cuda:1')
tensor(0.8609, device='cuda:1') tensor(0.1000, device='cuda:1') tensor(0.0391, device='cuda:1')
tensor(0.8375, device='cuda:1') tensor(0.1000, device='cuda:1') tensor(0.0625, device='cuda:1')
tensor(0.7984, device='cuda:1') tensor(0.1000, device='cuda:1') tensor(0.1016, device='cuda:1')
tensor(0.8531, device='cuda:1') tensor(0.1000, device='cuda:1') tensor(0.0469, device='cuda:1')
tensor(0.8609, device='cuda:1') tensor(0.1000, device='cuda:1') tensor(0.0391, device='cuda:1')
tensor(0.8844, device='cuda:1') tensor(0.1000, device='cuda:1') tensor(0.0156, device='cuda:1')
tensor(0.8375, device='cuda:1') tensor(0.1000, device='cuda:1') tensor(0.0625, device='cuda:1')
tensor(0.8609, device='cuda:1') tensor(0.1000, device='cuda:1') tensor(0.0391, device='cuda:1')
tensor(0.7828, device='cuda:1') tensor(0.1000, device='cuda:1') tensor(0.1172, device='cuda:1')
tensor(0.8688, device='cuda:1') tensor(0.1000, device='cuda:1') tensor(0.0312, device='cuda:1')
tensor(0.8688, device='cuda:1') tensor(0.1000, device='cuda:1') tensor(0.0312, device='cuda:1')
tensor(0.8688, device='cuda:1') tensor(0.1000, device='cuda:1') tensor(0.0312, device='cuda:1')
tensor(0.8297, device='cuda:1') tensor(0.1000, device='cuda:1') tensor(0.0703, device='cuda:1')
tensor(0.6734, device='cuda:1') tensor(0.1000, device='cuda:1') tensor(0.2266, device='cuda:1')
tensor(0.7203, device='cuda:1') tensor(0.1000, device='cuda:1') tensor(0.1797, device='cuda:1')
tensor(0.8531, device='cuda:1') tensor(0.1000, device='cuda:1') tensor(0.0469, device='cuda:1')
tensor(0.7984, device='cuda:1') tensor(0.1000, device='cuda:1') tensor(0.1016, device='cuda:1')
tensor(0.8219, device='cuda:1') tensor(0.1000, device='cuda:1') tensor(0.0781, device='cuda:1')
tensor(0.8844, device='cuda:1') tensor(0.1000, device='cuda:1') tensor(0.0156, device='cuda:1')
tensor(0.8531, device='cuda:1') tensor(0.1000, device='cuda:1') tensor(0.0469, device='cuda:1')
tensor(0.8609, device='cuda:1') tensor(0.1000, device='cuda:1') tensor(0.0391, device='cuda:1')
tensor(0.8766, device='cuda:1') tensor(0.1000, device='cuda:1') tensor(0.0234, device='cuda:1')
tensor(0.7438, device='cuda:1') tensor(0.1000, device='cuda:1') tensor(0.1562, device='cuda:1')
tensor(0.7984, device='cuda:1') tensor(0.1000, device='cuda:1') tensor(0.1016, device='cuda:1')
tensor(0.8531, device='cuda:1') tensor(0.1000, device='cuda:1') tensor(0.0469, device='cuda:1')
tensor(0.6188, device='cuda:1') tensor(0.1000, device='cuda:1') tensor(0.2812, device='cuda:1')
tensor(0.6656, device='cuda:1') tensor(0.1000, device='cuda:1') tensor(0.2344, device='cuda:1')
tensor(0.8141, device='cuda:1') tensor(0.1000, device='cuda:1') tensor(0.0859, device='cuda:1')
tensor(0.8453, device='cuda:1') tensor(0.1000, device='cuda:1') tensor(0.0547, device='cuda:1')
tensor(0.8219, device='cuda:1') tensor(0.1000, device='cuda:1') tensor(0.0781, device='cuda:1')
tensor(0.8688, device='cuda:1') tensor(0.1000, device='cuda:1') tensor(0.0312, device='cuda:1')
tensor(0.7047, device='cuda:1') tensor(0.1000, device='cuda:1') tensor(0.1953, device='cuda:1')
tensor(0.8453, device='cuda:1') tensor(0.1000, device='cuda:1') tensor(0.0547, device='cuda:1')
tensor(0.8688, device='cuda:1') tensor(0.1000, device='cuda:1') tensor(0.0312, device='cuda:1')
tensor(0.8766, device='cuda:1') tensor(0.1000, device='cuda:1') tensor(0.0234, device='cuda:1')
tensor(0.8688, device='cuda:1') tensor(0.1000, device='cuda:1') tensor(0.0312, device='cuda:1')
tensor(0.8766, device='cuda:1') tensor(0.1000, device='cuda:1') tensor(0.0234, device='cuda:1')
tensor(0.7359, device='cuda:1') tensor(0.1000, device='cuda:1') tensor(0.1641, device='cuda:1')
tensor(0.8141, device='cuda:1') tensor(0.1000, device='cuda:1') tensor(0.0859, device='cuda:1')
tensor(0.8609, device='cuda:1') tensor(0.1000, device='cuda:1') tensor(0.0391, device='cuda:1')
tensor(0.8844, device='cuda:1') tensor(0.1000, device='cuda:1') tensor(0.0156, device='cuda:1')
tensor(0.8766, device='cuda:1') tensor(0.1000, device='cuda:1') tensor(0.0234, device='cuda:1')
tensor(0.8531, device='cuda:1') tensor(0.1000, device='cuda:1') tensor(0.0469, device='cuda:1')
tensor(0.8766, device='cuda:1') tensor(0.1000, device='cuda:1') tensor(0.0234, device='cuda:1')
tensor(0.8375, device='cuda:1') tensor(0.1000, device='cuda:1') tensor(0.0625, device='cuda:1')
tensor(0.8844, device='cuda:1') tensor(0.1000, device='cuda:1') tensor(0.0156, device='cuda:1')
tensor(0.8141, device='cuda:1') tensor(0.1000, device='cuda:1') tensor(0.0859, device='cuda:1')
tensor(0.8453, device='cuda:1') tensor(0.1000, device='cuda:1') tensor(0.0547, device='cuda:1')
tensor(0.8687, device='cuda:1') tensor(0.1000, device='cuda:1') tensor(0.0312, device='cuda:1')
tensor(0.8453, device='cuda:1') tensor(0.1000, device='cuda:1') tensor(0.0547, device='cuda:1')
tensor(0.8297, device='cuda:1') tensor(0.1000, device='cuda:1') tensor(0.0703, device='cuda:1')
tensor(0.8844, device='cuda:1') tensor(0.1000, device='cuda:1') tensor(0.0156, device='cuda:1')
tensor(0.8297, device='cuda:1') tensor(0.1000, device='cuda:1') tensor(0.0703, device='cuda:1')
tensor(0.8375, device='cuda:1') tensor(0.1000, device='cuda:1') tensor(0.0625, device='cuda:1')
tensor(0.8844, device='cuda:1') tensor(0.1000, device='cuda:1') tensor(0.0156, device='cuda:1')
tensor(0.8766, device='cuda:1') tensor(0.1000, device='cuda:1') tensor(0.0234, device='cuda:1')
tensor(0.8453, device='cuda:1') tensor(0.1000, device='cuda:1') tensor(0.0547, device='cuda:1')
tensor(0.8688, device='cuda:1') tensor(0.1000, device='cuda:1') tensor(0.0312, device='cuda:1')
tensor(0.8844, device='cuda:1') tensor(0.1000, device='cuda:1') tensor(0.0156, device='cuda:1')
tensor(0.8688, device='cuda:1') tensor(0.1000, device='cuda:1') tensor(0.0312, device='cuda:1')
tensor(0.8766, device='cuda:1') tensor(0.1000, device='cuda:1') tensor(0.0234, device='cuda:1')
tensor(0.7984, device='cuda:1') tensor(0.1000, device='cuda:1') tensor(0.1016, device='cuda:1')
tensor(0.8766, device='cuda:1') tensor(0.1000, device='cuda:1') tensor(0.0234, device='cuda:1')
tensor(0.8766, device='cuda:1') tensor(0.1000, device='cuda:1') tensor(0.0234, device='cuda:1')
tensor(0.8766, device='cuda:1') tensor(0.1000, device='cuda:1') tensor(0.0234, device='cuda:1')
tensor(0.8844, device='cuda:1') tensor(0.1000, device='cuda:1') tensor(0.0156, device='cuda:1')
tensor(0.8766, device='cuda:1') tensor(0.1000, device='cuda:1') tensor(0.0234, device='cuda:1')
tensor(0.8766, device='cuda:1') tensor(0.1000, device='cuda:1') tensor(0.0234, device='cuda:1')
tensor(0.8844, device='cuda:1') tensor(0.1000, device='cuda:1') tensor(0.0156, device='cuda:1')
time 7.14
error 2044232.0
35 self_attn.q_proj
Quantizing ...
tensor(0.8219, device='cuda:1') tensor(0.1000, device='cuda:1') tensor(0.0781, device='cuda:1')
tensor(0.8531, device='cuda:1') tensor(0.1000, device='cuda:1') tensor(0.0469, device='cuda:1')
tensor(0.7828, device='cuda:1') tensor(0.1000, device='cuda:1') tensor(0.1172, device='cuda:1')
tensor(0.8766, device='cuda:1') tensor(0.1000, device='cuda:1') tensor(0.0234, device='cuda:1')
tensor(0.8297, device='cuda:1') tensor(0.1000, device='cuda:1') tensor(0.0703, device='cuda:1')
tensor(0.8062, device='cuda:1') tensor(0.1000, device='cuda:1') tensor(0.0938, device='cuda:1')
tensor(0.8609, device='cuda:1') tensor(0.1000, device='cuda:1') tensor(0.0391, device='cuda:1')
tensor(0.8062, device='cuda:1') tensor(0.1000, device='cuda:1') tensor(0.0938, device='cuda:1')
tensor(0.8687, device='cuda:1') tensor(0.1000, device='cuda:1') tensor(0.0312, device='cuda:1')
tensor(0.8453, device='cuda:1') tensor(0.1000, device='cuda:1') tensor(0.0547, device='cuda:1')
tensor(0.7672, device='cuda:1') tensor(0.1000, device='cuda:1') tensor(0.1328, device='cuda:1')
tensor(0.7984, device='cuda:1') tensor(0.1000, device='cuda:1') tensor(0.1016, device='cuda:1')
tensor(0.7359, device='cuda:1') tensor(0.1000, device='cuda:1') tensor(0.1641, device='cuda:1')
tensor(0.7906, device='cuda:1') tensor(0.1000, device='cuda:1') tensor(0.1094, device='cuda:1')
tensor(0.6812, device='cuda:1') tensor(0.1000, device='cuda:1') tensor(0.2188, device='cuda:1')
tensor(0.7281, device='cuda:1') tensor(0.1000, device='cuda:1') tensor(0.1719, device='cuda:1')
tensor(0.6578, device='cuda:1') tensor(0.1000, device='cuda:1') tensor(0.2422, device='cuda:1')
tensor(0.6266, device='cuda:1') tensor(0.1000, device='cuda:1') tensor(0.2734, device='cuda:1')
tensor(0.7125, device='cuda:1') tensor(0.1000, device='cuda:1') tensor(0.1875, device='cuda:1')
tensor(0.8453, device='cuda:1') tensor(0.1000, device='cuda:1') tensor(0.0547, device='cuda:1')
time 2.33
error 4283262.0
35 self_attn.k_proj
Quantizing ...
tensor(0.8609, device='cuda:1') tensor(0.1000, device='cuda:1') tensor(0.0391, device='cuda:1')
tensor(0.8453, device='cuda:1') tensor(0.1000, device='cuda:1') tensor(0.0547, device='cuda:1')
tensor(0.5953, device='cuda:1') tensor(0.1000, device='cuda:1') tensor(0.3047, device='cuda:1')
tensor(0.8844, device='cuda:1') tensor(0.1000, device='cuda:1') tensor(0.0156, device='cuda:1')
tensor(0.8687, device='cuda:1') tensor(0.1000, device='cuda:1') tensor(0.0312, device='cuda:1')
tensor(0.8609, device='cuda:1') tensor(0.1000, device='cuda:1') tensor(0.0391, device='cuda:1')
tensor(0.8609, device='cuda:1') tensor(0.1000, device='cuda:1') tensor(0.0391, device='cuda:1')
tensor(0.7594, device='cuda:1') tensor(0.1000, device='cuda:1') tensor(0.1406, device='cuda:1')
tensor(0.8453, device='cuda:1') tensor(0.1000, device='cuda:1') tensor(0.0547, device='cuda:1')
tensor(0.8297, device='cuda:1') tensor(0.1000, device='cuda:1') tensor(0.0703, device='cuda:1')
tensor(0.7828, device='cuda:1') tensor(0.1000, device='cuda:1') tensor(0.1172, device='cuda:1')
tensor(0.7828, device='cuda:1') tensor(0.1000, device='cuda:1') tensor(0.1172, device='cuda:1')
tensor(0.7906, device='cuda:1') tensor(0.1000, device='cuda:1') tensor(0.1094, device='cuda:1')
tensor(0.8453, device='cuda:1') tensor(0.1000, device='cuda:1') tensor(0.0547, device='cuda:1')
tensor(0.7281, device='cuda:1') tensor(0.1000, device='cuda:1') tensor(0.1719, device='cuda:1')
tensor(0.7828, device='cuda:1') tensor(0.1000, device='cuda:1') tensor(0.1172, device='cuda:1')
tensor(0.7125, device='cuda:1') tensor(0.1000, device='cuda:1') tensor(0.1875, device='cuda:1')
tensor(0.5484, device='cuda:1') tensor(0.1000, device='cuda:1') tensor(0.3516, device='cuda:1')
tensor(0.6891, device='cuda:1') tensor(0.1000, device='cuda:1') tensor(0.2109, device='cuda:1')
tensor(0.8375, device='cuda:1') tensor(0.1000, device='cuda:1') tensor(0.0625, device='cuda:1')
time 1.79
error 1065790.0
35 self_attn.v_proj
Quantizing ...
tensor(0.6734, device='cuda:1') tensor(0.1000, device='cuda:1') tensor(0.2266, device='cuda:1')
tensor(0.5172, device='cuda:1') tensor(0.1000, device='cuda:1') tensor(0.3828, device='cuda:1')
tensor(0.7125, device='cuda:1') tensor(0.1000, device='cuda:1') tensor(0.1875, device='cuda:1')
tensor(0.7359, device='cuda:1') tensor(0.1000, device='cuda:1') tensor(0.1641, device='cuda:1')
tensor(0.5484, device='cuda:1') tensor(0.1000, device='cuda:1') tensor(0.3516, device='cuda:1')
tensor(0.6266, device='cuda:1') tensor(0.1000, device='cuda:1') tensor(0.2734, device='cuda:1')
tensor(0.7906, device='cuda:1') tensor(0.1000, device='cuda:1') tensor(0.1094, device='cuda:1')
tensor(0.6187, device='cuda:1') tensor(0.1000, device='cuda:1') tensor(0.2812, device='cuda:1')
tensor(0.7125, device='cuda:1') tensor(0.1000, device='cuda:1') tensor(0.1875, device='cuda:1')
tensor(0.8297, device='cuda:1') tensor(0.1000, device='cuda:1') tensor(0.0703, device='cuda:1')
tensor(0.7047, device='cuda:1') tensor(0.1000, device='cuda:1') tensor(0.1953, device='cuda:1')
tensor(0.7594, device='cuda:1') tensor(0.1000, device='cuda:1') tensor(0.1406, device='cuda:1')
tensor(0.7047, device='cuda:1') tensor(0.1000, device='cuda:1') tensor(0.1953, device='cuda:1')
tensor(0.7047, device='cuda:1') tensor(0.1000, device='cuda:1') tensor(0.1953, device='cuda:1')
tensor(0.6656, device='cuda:1') tensor(0.1000, device='cuda:1') tensor(0.2344, device='cuda:1')
tensor(0.7828, device='cuda:1') tensor(0.1000, device='cuda:1') tensor(0.1172, device='cuda:1')
tensor(0.5797, device='cuda:1') tensor(0.1000, device='cuda:1') tensor(0.3203, device='cuda:1')
tensor(0.7359, device='cuda:1') tensor(0.1000, device='cuda:1') tensor(0.1641, device='cuda:1')
tensor(0.7516, device='cuda:1') tensor(0.1000, device='cuda:1') tensor(0.1484, device='cuda:1')
tensor(0.8453, device='cuda:1') tensor(0.1000, device='cuda:1') tensor(0.0547, device='cuda:1')
time 1.74
error 1319023.5
35 self_attn.o_proj
Quantizing ...
tensor(0.7125, device='cuda:1') tensor(0.1000, device='cuda:1') tensor(0.1875, device='cuda:1')
tensor(0.5328, device='cuda:1') tensor(0.1000, device='cuda:1') tensor(0.3672, device='cuda:1')
tensor(0.7672, device='cuda:1') tensor(0.1000, device='cuda:1') tensor(0.1328, device='cuda:1')
tensor(0.7984, device='cuda:1') tensor(0.1000, device='cuda:1') tensor(0.1016, device='cuda:1')
tensor(0.8375, device='cuda:1') tensor(0.1000, device='cuda:1') tensor(0.0625, device='cuda:1')
tensor(0.6031, device='cuda:1') tensor(0.1000, device='cuda:1') tensor(0.2969, device='cuda:1')
tensor(0.8063, device='cuda:1') tensor(0.1000, device='cuda:1') tensor(0.0938, device='cuda:1')
tensor(0.8766, device='cuda:1') tensor(0.1000, device='cuda:1') tensor(0.0234, device='cuda:1')
tensor(0.8141, device='cuda:1') tensor(0.1000, device='cuda:1') tensor(0.0859, device='cuda:1')
tensor(0.5953, device='cuda:1') tensor(0.1000, device='cuda:1') tensor(0.3047, device='cuda:1')
tensor(0.8609, device='cuda:1') tensor(0.1000, device='cuda:1') tensor(0.0391, device='cuda:1')
tensor(0.8297, device='cuda:1') tensor(0.1000, device='cuda:1') tensor(0.0703, device='cuda:1')
tensor(0.7438, device='cuda:1') tensor(0.1000, device='cuda:1') tensor(0.1562, device='cuda:1')
tensor(0.8063, device='cuda:1') tensor(0.1000, device='cuda:1') tensor(0.0938, device='cuda:1')
tensor(0.6500, device='cuda:1') tensor(0.1000, device='cuda:1') tensor(0.2500, device='cuda:1')
tensor(0.7828, device='cuda:1') tensor(0.1000, device='cuda:1') tensor(0.1172, device='cuda:1')
tensor(0.7828, device='cuda:1') tensor(0.1000, device='cuda:1') tensor(0.1172, device='cuda:1')
tensor(0.5172, device='cuda:1') tensor(0.1000, device='cuda:1') tensor(0.3828, device='cuda:1')
tensor(0.6344, device='cuda:1') tensor(0.1000, device='cuda:1') tensor(0.2656, device='cuda:1')
tensor(0.5563, device='cuda:1') tensor(0.1000, device='cuda:1') tensor(0.3438, device='cuda:1')
tensor(0.8275, device='cuda:1') tensor(0.1100, device='cuda:1') tensor(0.0625, device='cuda:1')
tensor(0.8375, device='cuda:1') tensor(0.1000, device='cuda:1') tensor(0.0625, device='cuda:1')
tensor(0.8219, device='cuda:1') tensor(0.1000, device='cuda:1') tensor(0.0781, device='cuda:1')
tensor(0.7203, device='cuda:1') tensor(0.1000, device='cuda:1') tensor(0.1797, device='cuda:1')
tensor(0.8453, device='cuda:1') tensor(0.1000, device='cuda:1') tensor(0.0547, device='cuda:1')
tensor(0.7516, device='cuda:1') tensor(0.1000, device='cuda:1') tensor(0.1484, device='cuda:1')
tensor(0.8141, device='cuda:1') tensor(0.1000, device='cuda:1') tensor(0.0859, device='cuda:1')
tensor(0.8688, device='cuda:1') tensor(0.1000, device='cuda:1') tensor(0.0312, device='cuda:1')
tensor(0.5406, device='cuda:1') tensor(0.1000, device='cuda:1') tensor(0.3594, device='cuda:1')
tensor(0.8375, device='cuda:1') tensor(0.1000, device='cuda:1') tensor(0.0625, device='cuda:1')
tensor(0.7984, device='cuda:1') tensor(0.1000, device='cuda:1') tensor(0.1016, device='cuda:1')
tensor(0.8453, device='cuda:1') tensor(0.1000, device='cuda:1') tensor(0.0547, device='cuda:1')
time 2.86
error 992466.9375
35 mlp.gate_proj
Quantizing ...
tensor(0.8531, device='cuda:1') tensor(0.1000, device='cuda:1') tensor(0.0469, device='cuda:1')
tensor(0.8609, device='cuda:1') tensor(0.1000, device='cuda:1') tensor(0.0391, device='cuda:1')
tensor(0.8531, device='cuda:1') tensor(0.1000, device='cuda:1') tensor(0.0469, device='cuda:1')
tensor(0.8844, device='cuda:1') tensor(0.1000, device='cuda:1') tensor(0.0156, device='cuda:1')
tensor(0.8375, device='cuda:1') tensor(0.1000, device='cuda:1') tensor(0.0625, device='cuda:1')
tensor(0.8531, device='cuda:1') tensor(0.1000, device='cuda:1') tensor(0.0469, device='cuda:1')
tensor(0.8531, device='cuda:1') tensor(0.1000, device='cuda:1') tensor(0.0469, device='cuda:1')
tensor(0.8531, device='cuda:1') tensor(0.1000, device='cuda:1') tensor(0.0469, device='cuda:1')
tensor(0.8609, device='cuda:1') tensor(0.1000, device='cuda:1') tensor(0.0391, device='cuda:1')
tensor(0.8687, device='cuda:1') tensor(0.1000, device='cuda:1') tensor(0.0312, device='cuda:1')
tensor(0.7516, device='cuda:1') tensor(0.1000, device='cuda:1') tensor(0.1484, device='cuda:1')
tensor(0.8531, device='cuda:1') tensor(0.1000, device='cuda:1') tensor(0.0469, device='cuda:1')
tensor(0.7047, device='cuda:1') tensor(0.1000, device='cuda:1') tensor(0.1953, device='cuda:1')
tensor(0.8609, device='cuda:1') tensor(0.1000, device='cuda:1') tensor(0.0391, device='cuda:1')
tensor(0.6969, device='cuda:1') tensor(0.1000, device='cuda:1') tensor(0.2031, device='cuda:1')
tensor(0.8531, device='cuda:1') tensor(0.1000, device='cuda:1') tensor(0.0469, device='cuda:1')
tensor(0.7125, device='cuda:1') tensor(0.1000, device='cuda:1') tensor(0.1875, device='cuda:1')
tensor(0.7750, device='cuda:1') tensor(0.1000, device='cuda:1') tensor(0.1250, device='cuda:1')
tensor(0.8141, device='cuda:1') tensor(0.1000, device='cuda:1') tensor(0.0859, device='cuda:1')
tensor(0.7984, device='cuda:1') tensor(0.1000, device='cuda:1') tensor(0.1016, device='cuda:1')
time 2.50
error 2171758.0
35 mlp.up_proj
Quantizing ...
tensor(0.8609, device='cuda:1') tensor(0.1000, device='cuda:1') tensor(0.0391, device='cuda:1')
tensor(0.8687, device='cuda:1') tensor(0.1000, device='cuda:1') tensor(0.0312, device='cuda:1')
tensor(0.8609, device='cuda:1') tensor(0.1000, device='cuda:1') tensor(0.0391, device='cuda:1')
tensor(0.8844, device='cuda:1') tensor(0.1000, device='cuda:1') tensor(0.0156, device='cuda:1')
tensor(0.8531, device='cuda:1') tensor(0.1000, device='cuda:1') tensor(0.0469, device='cuda:1')
tensor(0.8687, device='cuda:1') tensor(0.1000, device='cuda:1') tensor(0.0312, device='cuda:1')
tensor(0.8453, device='cuda:1') tensor(0.1000, device='cuda:1') tensor(0.0547, device='cuda:1')
tensor(0.8453, device='cuda:1') tensor(0.1000, device='cuda:1') tensor(0.0547, device='cuda:1')
tensor(0.8687, device='cuda:1') tensor(0.1000, device='cuda:1') tensor(0.0312, device='cuda:1')
tensor(0.8531, device='cuda:1') tensor(0.1000, device='cuda:1') tensor(0.0469, device='cuda:1')
tensor(0.7906, device='cuda:1') tensor(0.1000, device='cuda:1') tensor(0.1094, device='cuda:1')
tensor(0.8062, device='cuda:1') tensor(0.1000, device='cuda:1') tensor(0.0938, device='cuda:1')
tensor(0.7672, device='cuda:1') tensor(0.1000, device='cuda:1') tensor(0.1328, device='cuda:1')
tensor(0.8453, device='cuda:1') tensor(0.1000, device='cuda:1') tensor(0.0547, device='cuda:1')
tensor(0.8297, device='cuda:1') tensor(0.1000, device='cuda:1') tensor(0.0703, device='cuda:1')
tensor(0.8219, device='cuda:1') tensor(0.1000, device='cuda:1') tensor(0.0781, device='cuda:1')
tensor(0.7516, device='cuda:1') tensor(0.1000, device='cuda:1') tensor(0.1484, device='cuda:1')
tensor(0.6422, device='cuda:1') tensor(0.1000, device='cuda:1') tensor(0.2578, device='cuda:1')
tensor(0.7906, device='cuda:1') tensor(0.1000, device='cuda:1') tensor(0.1094, device='cuda:1')
tensor(0.7828, device='cuda:1') tensor(0.1000, device='cuda:1') tensor(0.1172, device='cuda:1')
time 2.62
error 2230354.0
35 mlp.down_proj
Quantizing ...
tensor(0.8609, device='cuda:1') tensor(0.1000, device='cuda:1') tensor(0.0391, device='cuda:1')
tensor(0.7984, device='cuda:1') tensor(0.1000, device='cuda:1') tensor(0.1016, device='cuda:1')
tensor(0.8844, device='cuda:1') tensor(0.1000, device='cuda:1') tensor(0.0156, device='cuda:1')
tensor(0.8219, device='cuda:1') tensor(0.1000, device='cuda:1') tensor(0.0781, device='cuda:1')
tensor(0.8609, device='cuda:1') tensor(0.1000, device='cuda:1') tensor(0.0391, device='cuda:1')
tensor(0.8766, device='cuda:1') tensor(0.1000, device='cuda:1') tensor(0.0234, device='cuda:1')
tensor(0.7594, device='cuda:1') tensor(0.1000, device='cuda:1') tensor(0.1406, device='cuda:1')
tensor(0.8766, device='cuda:1') tensor(0.1000, device='cuda:1') tensor(0.0234, device='cuda:1')
tensor(0.8688, device='cuda:1') tensor(0.1000, device='cuda:1') tensor(0.0312, device='cuda:1')
tensor(0.8297, device='cuda:1') tensor(0.1000, device='cuda:1') tensor(0.0703, device='cuda:1')
tensor(0.8688, device='cuda:1') tensor(0.1000, device='cuda:1') tensor(0.0312, device='cuda:1')
tensor(0.7828, device='cuda:1') tensor(0.1000, device='cuda:1') tensor(0.1172, device='cuda:1')
tensor(0.8766, device='cuda:1') tensor(0.1000, device='cuda:1') tensor(0.0234, device='cuda:1')
tensor(0.8688, device='cuda:1') tensor(0.1000, device='cuda:1') tensor(0.0312, device='cuda:1')
tensor(0.8766, device='cuda:1') tensor(0.1000, device='cuda:1') tensor(0.0234, device='cuda:1')
tensor(0.8531, device='cuda:1') tensor(0.1000, device='cuda:1') tensor(0.0469, device='cuda:1')
tensor(0.7906, device='cuda:1') tensor(0.1000, device='cuda:1') tensor(0.1094, device='cuda:1')
tensor(0.8844, device='cuda:1') tensor(0.1000, device='cuda:1') tensor(0.0156, device='cuda:1')
tensor(0.8375, device='cuda:1') tensor(0.1000, device='cuda:1') tensor(0.0625, device='cuda:1')
tensor(0.8609, device='cuda:1') tensor(0.1000, device='cuda:1') tensor(0.0391, device='cuda:1')
tensor(0.7438, device='cuda:1') tensor(0.1000, device='cuda:1') tensor(0.1562, device='cuda:1')Token indices sequence length is longer than the specified maximum sequence length for this model (2541000 > 131072). Running this sequence through the model will result in indexing errors
Token indices sequence length is longer than the specified maximum sequence length for this model (1062233 > 131072). Running this sequence through the model will result in indexing errors
Token indices sequence length is longer than the specified maximum sequence length for this model (528225 > 131072). Running this sequence through the model will result in indexing errors

tensor(0.8766, device='cuda:1') tensor(0.1000, device='cuda:1') tensor(0.0234, device='cuda:1')
tensor(0.8688, device='cuda:1') tensor(0.1000, device='cuda:1') tensor(0.0312, device='cuda:1')
tensor(0.8688, device='cuda:1') tensor(0.1000, device='cuda:1') tensor(0.0312, device='cuda:1')
tensor(0.8453, device='cuda:1') tensor(0.1000, device='cuda:1') tensor(0.0547, device='cuda:1')
tensor(0.8688, device='cuda:1') tensor(0.1000, device='cuda:1') tensor(0.0312, device='cuda:1')
tensor(0.8844, device='cuda:1') tensor(0.1000, device='cuda:1') tensor(0.0156, device='cuda:1')
tensor(0.8688, device='cuda:1') tensor(0.1000, device='cuda:1') tensor(0.0312, device='cuda:1')
tensor(0.8609, device='cuda:1') tensor(0.1000, device='cuda:1') tensor(0.0391, device='cuda:1')
tensor(0.8688, device='cuda:1') tensor(0.1000, device='cuda:1') tensor(0.0312, device='cuda:1')
tensor(0.8609, device='cuda:1') tensor(0.1000, device='cuda:1') tensor(0.0391, device='cuda:1')
tensor(0.7516, device='cuda:1') tensor(0.1000, device='cuda:1') tensor(0.1484, device='cuda:1')
tensor(0.8688, device='cuda:1') tensor(0.1000, device='cuda:1') tensor(0.0312, device='cuda:1')
tensor(0.8375, device='cuda:1') tensor(0.1000, device='cuda:1') tensor(0.0625, device='cuda:1')
tensor(0.8688, device='cuda:1') tensor(0.1000, device='cuda:1') tensor(0.0312, device='cuda:1')
tensor(0.8531, device='cuda:1') tensor(0.1000, device='cuda:1') tensor(0.0469, device='cuda:1')
tensor(0.7828, device='cuda:1') tensor(0.1000, device='cuda:1') tensor(0.1172, device='cuda:1')
tensor(0.7516, device='cuda:1') tensor(0.1000, device='cuda:1') tensor(0.1484, device='cuda:1')
tensor(0.8766, device='cuda:1') tensor(0.1000, device='cuda:1') tensor(0.0234, device='cuda:1')
tensor(0.8297, device='cuda:1') tensor(0.1000, device='cuda:1') tensor(0.0703, device='cuda:1')
tensor(0.8609, device='cuda:1') tensor(0.1000, device='cuda:1') tensor(0.0391, device='cuda:1')
tensor(0.8766, device='cuda:1') tensor(0.1000, device='cuda:1') tensor(0.0234, device='cuda:1')
tensor(0.7828, device='cuda:1') tensor(0.1000, device='cuda:1') tensor(0.1172, device='cuda:1')
tensor(0.8609, device='cuda:1') tensor(0.1000, device='cuda:1') tensor(0.0391, device='cuda:1')
tensor(0.8844, device='cuda:1') tensor(0.1000, device='cuda:1') tensor(0.0156, device='cuda:1')
tensor(0.8688, device='cuda:1') tensor(0.1000, device='cuda:1') tensor(0.0312, device='cuda:1')
tensor(0.8063, device='cuda:1') tensor(0.1000, device='cuda:1') tensor(0.0938, device='cuda:1')
tensor(0.8688, device='cuda:1') tensor(0.1000, device='cuda:1') tensor(0.0312, device='cuda:1')
tensor(0.8766, device='cuda:1') tensor(0.1000, device='cuda:1') tensor(0.0234, device='cuda:1')
tensor(0.8453, device='cuda:1') tensor(0.1000, device='cuda:1') tensor(0.0547, device='cuda:1')
tensor(0.8531, device='cuda:1') tensor(0.1000, device='cuda:1') tensor(0.0469, device='cuda:1')
tensor(0.8688, device='cuda:1') tensor(0.1000, device='cuda:1') tensor(0.0312, device='cuda:1')
tensor(0.8766, device='cuda:1') tensor(0.1000, device='cuda:1') tensor(0.0234, device='cuda:1')
tensor(0.8688, device='cuda:1') tensor(0.1000, device='cuda:1') tensor(0.0312, device='cuda:1')
tensor(0.8688, device='cuda:1') tensor(0.1000, device='cuda:1') tensor(0.0312, device='cuda:1')
tensor(0.8766, device='cuda:1') tensor(0.1000, device='cuda:1') tensor(0.0234, device='cuda:1')
tensor(0.8766, device='cuda:1') tensor(0.1000, device='cuda:1') tensor(0.0234, device='cuda:1')
tensor(0.8531, device='cuda:1') tensor(0.1000, device='cuda:1') tensor(0.0469, device='cuda:1')
tensor(0.8766, device='cuda:1') tensor(0.1000, device='cuda:1') tensor(0.0234, device='cuda:1')
tensor(0.8766, device='cuda:1') tensor(0.1000, device='cuda:1') tensor(0.0234, device='cuda:1')
tensor(0.8453, device='cuda:1') tensor(0.1000, device='cuda:1') tensor(0.0547, device='cuda:1')
tensor(0.8531, device='cuda:1') tensor(0.1000, device='cuda:1') tensor(0.0469, device='cuda:1')
tensor(0.8766, device='cuda:1') tensor(0.1000, device='cuda:1') tensor(0.0234, device='cuda:1')
tensor(0.8297, device='cuda:1') tensor(0.1000, device='cuda:1') tensor(0.0703, device='cuda:1')
tensor(0.8609, device='cuda:1') tensor(0.1000, device='cuda:1') tensor(0.0391, device='cuda:1')
tensor(0.8766, device='cuda:1') tensor(0.1000, device='cuda:1') tensor(0.0234, device='cuda:1')
tensor(0.8531, device='cuda:1') tensor(0.1000, device='cuda:1') tensor(0.0469, device='cuda:1')
tensor(0.8766, device='cuda:1') tensor(0.1000, device='cuda:1') tensor(0.0234, device='cuda:1')
tensor(0.8766, device='cuda:1') tensor(0.1000, device='cuda:1') tensor(0.0234, device='cuda:1')
tensor(0.8766, device='cuda:1') tensor(0.1000, device='cuda:1') tensor(0.0234, device='cuda:1')
tensor(0.8766, device='cuda:1') tensor(0.1000, device='cuda:1') tensor(0.0234, device='cuda:1')
tensor(0.8688, device='cuda:1') tensor(0.1000, device='cuda:1') tensor(0.0312, device='cuda:1')
tensor(0.8766, device='cuda:1') tensor(0.1000, device='cuda:1') tensor(0.0234, device='cuda:1')
tensor(0.8766, device='cuda:1') tensor(0.1000, device='cuda:1') tensor(0.0234, device='cuda:1')
tensor(0.8844, device='cuda:1') tensor(0.1000, device='cuda:1') tensor(0.0156, device='cuda:1')
tensor(0.8766, device='cuda:1') tensor(0.1000, device='cuda:1') tensor(0.0234, device='cuda:1')
time 7.10
error 4834486.5
quantization time: 850.3727142810822 s
xjh_edit,load from local file:/data/xjh/dataset/wikitext-2-raw-v1,get wikitext2
wikitext2
Evaluating ...
0
1
2
3
4
5
6
7
8
9
10
11
12
13
14
15
16
17
18
19
20
21
22
23
24
25
26
27
28
29
30
31
32
33
34
35
Perplexity: 177.570297
xjh_edit,load from local file:/data/xjh/dataset/ptb_text_only,get ptb
ptb
Evaluating ...
0
1
2
3
4
5
6
7
8
9
10
11
12
13
14
15
16
17
18
19
20
21
22
23
24
25
26
27
28
29
30
31
32
33
34
35
Perplexity: 224.618301
xjh_edit,load from local file:/data/xjh/dataset/c4_part,get c4
c4
Evaluating ...
0
1
2
3
4
5
6
7
8
9
10
11
12
13
14
15
16
17
18
19
20
21
22
23
24
25
26
27
28
29
30
31
32
33
34
35
Perplexity: 137.712875
